#1363762 16.07.2026 14:23:12 : EVT PMIC : check chgCntl1:0x74
#1363763 16.07.2026 14:23:12 : EVT PMIC : Turn charge ON since VBUS->ON
#1363764 16.07.2026 14:23:12 : EVT OHR : VBUS on
#1363765 16.07.2026 14:23:12 : EVT OHR : S:stop 23
#1363766 16.07.2026 14:23:12 : EVT <Unknown> : 1784204592431:On Skin Set.
#1363767 16.07.2026 14:23:12 : EVT <Unknown> : 1784204592438:Meas stop 0x2123
#1363768 16.07.2026 14:23:12 : EVT PMIC : VBUS state is ON
#1363769 16.07.2026 14:23:12 : WRN <Unknown> : 1784204592438:FSM EVT STOP.
#1363770 16.07.2026 14:23:12 : EVT OHR : S:OFF 1->0
#1363771 16.07.2026 14:23:13 : EVT WBCOMM : P-9 connection made to ECSD00000000
#1363772 16.07.2026 14:23:13 : EVT WBCOMM : New Route: ECSD00000000
#1363773 16.07.2026 14:23:14 : TRC FUEL_GAUGE : Chg->1,B:5,C:12.4,V:4425,U:1,bF:100%,bC:100%
#1363774 16.07.2026 14:23:14 : EVT ANALYTICS : Battery-> 2 soc:100
#1363775 16.07.2026 14:23:19 : WRN WBCOMM : Route ECSD00000000 error 504: Dropping existing connecti
#1363776 16.07.2026 14:23:19 : EVT WBCOMM : Route lost: ECSD00000000
#1363777 16.07.2026 14:23:19 : EVT WBCOMM : P-9 connection made to ECSD00000000
#1363778 16.07.2026 14:23:19 : EVT WBCOMM : New Route: ECSD00000000
#1363779 16.07.2026 14:23:22 : EVT PMIC : PMIC Precharge
#1363780 16.07.2026 14:23:22 : EVT PMIC : PMIC Precharge
#1363781 16.07.2026 14:23:22 : ERR WBMAIN : *0: app 847 Event 36 80005311
#1363782 16.07.2026 14:23:22 : ERR WBMAIN : 1: mea 1 Wait 0 00000000
#1363783 16.07.2026 14:23:22 : ERR WBMAIN : 2: ui 16 Wait 0 00000000
#1363784 16.07.2026 14:23:22 : EVT PMIC : PMIC Precharge
#1363785 16.07.2026 14:23:23 : EVT PMIC : PMIC Precharge
#1363786 16.07.2026 14:23:23 : EVT PMIC : PMIC Precharge
#1363787 16.07.2026 14:23:23 : EVT PMIC : PMIC Precharge
#1363788 16.07.2026 14:23:23 : EVT ANALYTICS : Sync start
#1363789 16.07.2026 14:23:23 : EVT PMIC : PMIC Precharge
#1363790 16.07.2026 14:23:23 : EVT PMIC : PMIC Precharge
#1363791 16.07.2026 14:23:23 : EVT PMIC : PMIC Precharge
#1363792 16.07.2026 14:23:23 : EVT PMIC : PMIC Precharge
#1363793 16.07.2026 14:23:27 : EVT WBSTORAGE : CACHE_DEFRAG (912->936, 24->24, 25)
#1363794 16.07.2026 14:23:27 : EVT WBSTORAGE : CACHE_DEFRAG (904->920, 24->24, 25)
#1363795 16.07.2026 14:23:27 : EVT WBSTORAGE : CACHE_DEFRAG (872->880, 24->24, 25)
#1363796 16.07.2026 14:23:27 : EVT <Unknown> : DL Region List
#1363797 16.07.2026 14:23:27 : EVT WIFI : Pwr up
#1363798 16.07.2026 14:23:33 : EVT WIFI : pwr up
#1363799 16.07.2026 14:23:33 : EVT WIFI : SDK Ver(3.2.8.1)
#1363800 16.07.2026 14:23:34 : EVT WIFI : Scann APs (1/3)
#1363801 16.07.2026 14:23:34 : EVT WIFI : APs scanned:12
#1363802 16.07.2026 14:23:34 : EVT WBSTORAGE : CACHE_DEFRAG (864->872, 24->24, 25)
#1363803 16.07.2026 14:23:34 : WRN WIFI : No APs matched to connect
#1363804 16.07.2026 14:23:34 : EVT WIFI : Scann APs (2/3)
#1363805 16.07.2026 14:23:35 : EVT WIFI : APs scanned:13
#1363806 16.07.2026 14:23:35 : WRN WIFI : No APs matched to connect
#1363807 16.07.2026 14:23:35 : EVT WIFI : Scann APs (3/3)
#1363808 16.07.2026 14:23:36 : EVT WIFI : APs scanned:13
#1363809 16.07.2026 14:23:36 : WRN WIFI : No APs matched to connect
#1363810 16.07.2026 14:23:36 : EVT WIFI : Internal connect ret:103
#1363811 16.07.2026 14:23:36 : ERR <Unknown> : DL GET resultCode=500
#1363812 16.07.2026 14:23:36 : EVT <Unknown> : DL try retry after 900000 ms
#1363813 16.07.2026 14:23:49 : EVT WIFI : Pwr down idle wifi (TO:13se)
#1363814 16.07.2026 14:23:49 : EVT WIFI : pwr down OK
#1363815 16.07.2026 14:28:12 : EVT APPLICATION : Zapp zwc05901:Disable
#1363816 16.07.2026 14:28:12 : EVT PMIC : PMIC Precharge
#1363817 16.07.2026 14:28:12 : EVT PMIC : PMIC Precharge
#1363818 16.07.2026 14:28:12 : EVT ANALYTICS : Zapp disabled i:3 h:ddb248f2 n:Vector classic
#1363819 16.07.2026 14:28:12 : TRC APPLICATION : The zapp watch face was closed due to TO
#1363820 16.07.2026 14:38:36 : EVT <Unknown> : DL Region List
#1363821 16.07.2026 14:38:36 : EVT PMIC : PMIC Precharge
#1363822 16.07.2026 14:38:36 : EVT WIFI : Pwr up
#1363823 16.07.2026 14:38:42 : EVT WIFI : pwr up
#1363824 16.07.2026 14:38:42 : EVT WIFI : SDK Ver(3.2.8.1)
#1363825 16.07.2026 14:38:43 : EVT WIFI : Scann APs (1/3)
#1363826 16.07.2026 14:38:43 : EVT WIFI : APs scanned:15
#1363827 16.07.2026 14:38:43 : WRN WIFI : No APs matched to connect
#1363828 16.07.2026 14:38:43 : EVT WIFI : Scann APs (2/3)
#1363829 16.07.2026 14:38:44 : EVT WIFI : APs scanned:14
#1363830 16.07.2026 14:38:44 : WRN WIFI : No APs matched to connect
#1363831 16.07.2026 14:38:44 : EVT WIFI : Scann APs (3/3)
#1363832 16.07.2026 14:38:45 : EVT WIFI : APs scanned:14
#1363833 16.07.2026 14:38:45 : WRN WIFI : No APs matched to connect
#1363834 16.07.2026 14:38:45 : EVT WIFI : Internal connect ret:103
#1363835 16.07.2026 14:38:45 : ERR <Unknown> : DL GET resultCode=500
#1363836 16.07.2026 14:38:45 : EVT <Unknown> : DL try retry after 900000 ms
#1363837 16.07.2026 14:38:58 : EVT WIFI : Pwr down idle wifi (TO:13se)
#1363838 16.07.2026 14:38:58 : EVT WIFI : pwr down OK
#1363839 16.07.2026 14:47:53 : EVT PMIC : PMIC temp zone:0x7
#1363840 16.07.2026 14:47:53 : EVT PMIC : VBUS state is OFF
#1363841 16.07.2026 14:47:53 : EVT PMIC : Turn charge OFF since VBUS->OFF
#1363842 16.07.2026 14:47:54 : EVT WBCOMM : Route lost: ECSD00000000
#1363843 16.07.2026 14:47:54 : TRC FUEL_GAUGE : Chg->0,B:5,C:9.4,V:4444,U:0,bF:100%,bC:100%
#1363844 16.07.2026 14:47:54 : EVT OHR : VBUS off
#1363845 16.07.2026 14:47:54 : EVT OHR : S:ON 0->1
#1363846 16.07.2026 14:47:54 : EVT ANALYTICS : Battery-> 1 soc:100
#1363847 16.07.2026 14:47:54 : EVT OHR : APPINIT:caps 0x1f4, befd5e61
#1363848 16.07.2026 14:47:54 : EVT <Unknown> : 1784206074364:AI@1784206074340, tz120
#1363849 16.07.2026 14:47:54 : EVT OHR : S:start 0x2123
#1363850 16.07.2026 14:47:54 : EVT <Unknown> : 1784206074370:Meas start 0x2123
#1363851 16.07.2026 14:47:54 : EVT <Unknown> : 1784206074384:PD1464, 0
#1363852 16.07.2026 14:47:54 : EVT <Unknown> : 1784206074443:GMV 20251126/1/4/0/395/46
#1363853 16.07.2026 14:47:54 : EVT <Unknown> : 1784206074697:Mi1.6.10, auth 0, hr_mode 0
#1363854 16.07.2026 14:47:55 : EVT <Unknown> : 1784206075123:On Skin Set.
#1363855 16.07.2026 14:47:55 : EVT <Unknown> : 1784206075394:Off Skin Set.
#1363856 16.07.2026 14:47:57 : EVT <Unknown> : 1784206076896:On Skin Set.
#1363857 16.07.2026 14:48:01 : ERR <Unknown> : 1784206080930:Mi invalid call:100,code:0.
#1363858 16.07.2026 14:48:12 : EVT OHR : new HR update
#1363859 16.07.2026 14:48:23 : EVT OHR : No HR update, invalidate by timer
#1363860 16.07.2026 14:48:28 : ERR <Unknown> : 1784206108428:Hr_out conf_low:68/10.
#1363861 16.07.2026 14:48:42 : EVT OHR : new HR update
#1363862 16.07.2026 14:48:47 : EVT OHR : No HR update, invalidate by timer
#1363863 16.07.2026 14:48:52 : ERR <Unknown> : 1784206132451:Hr_out conf_low:62/10.
#1363864 16.07.2026 14:48:56 : EVT OHR : new HR update
#1363865 16.07.2026 14:49:14 : EVT OHR : No HR update, invalidate by timer
#1363866 16.07.2026 14:49:19 : ERR <Unknown> : 1784206159260:Hr_out conf_low:62/10.
#1363867 16.07.2026 14:49:20 : EVT OHR : new HR update
#1363868 16.07.2026 14:49:27 : EVT OHR : No HR update, invalidate by timer
#1363869 16.07.2026 14:49:31 : EVT OHR : new HR update
#1363870 16.07.2026 14:49:38 : EVT OHR : No HR update, invalidate by timer
#1363871 16.07.2026 14:49:39 : EVT OHR : new HR update
#1363872 16.07.2026 14:49:41 : EVT APPLICATION : Zapp zwc05901:Load script
#1363873 16.07.2026 14:49:41 : EVT APPLICATION : Zapp zwc05901:Enable
#1363874 16.07.2026 14:49:41 : EVT ANALYTICS : Zapp enabled i:3 h:ddb248f2 n:zwc05901 v:124f
#1363875 16.07.2026 14:49:41 : EVT APPLICATION : Zapp zwc05901:templ load:b:/zapp/zwc05901.wfa/wf-lowp-q.
#1363876 16.07.2026 14:49:46 : EVT OHR : No HR update, invalidate by timer
#1363877 16.07.2026 14:49:51 : ERR <Unknown> : 1784206191291:Hr_out conf_low:66/10.
#1363878 16.07.2026 14:49:57 : WRN <Unknown> : 1784206196924:Device stationary, stopping optical meas
#1363879 16.07.2026 14:49:57 : EVT <Unknown> : 1784206196924:SCD DET STATE OFF cnt:0/0.
#1363880 16.07.2026 14:50:00 : EVT SEDENTARY : stop monitoring
#1363881 16.07.2026 14:52:31 : EVT <Unknown> : 1784206351468:xiaomi reset t:277128234/122585754.
#1363882 16.07.2026 14:52:31 : EVT <Unknown> : 1784206351468:On Skin Set.
#1363883 16.07.2026 14:52:35 : ERR <Unknown> : 1784206355077:Mi invalid call:100,code:0.
#1363884 16.07.2026 14:52:47 : EVT OHR : new HR update
#1363885 16.07.2026 14:54:31 : WRN <Unknown> : 1784206471497:Device stationary, stopping optical meas
#1363886 16.07.2026 14:54:31 : EVT <Unknown> : 1784206471497:SCD DET STATE OFF cnt:0/0.
#1363887 16.07.2026 14:54:36 : EVT OHR : No HR update, invalidate by timer
#1363888 16.07.2026 14:55:00 : EVT SEDENTARY : stop monitoring
#1363889 16.07.2026 15:00:00 : EVT <Unknown> : pwr daily,ontime:15
#1363890 16.07.2026 15:00:00 : EVT WBSTORAGE : CACHE_DEFRAG (832->864, 24->24, 25)
#1363891 16.07.2026 15:00:00 : EVT WEATHER : t:495608, d:5
#1363892 16.07.2026 15:07:03 : EVT <Unknown> : 1784207223061:xiaomi reset t:1148721710/397158172.
#1363893 16.07.2026 15:07:03 : EVT <Unknown> : 1784207223062:On Skin Set.
#1363894 16.07.2026 15:07:06 : ERR <Unknown> : 1784207226671:Mi invalid call:100,code:0.
#1363895 16.07.2026 15:07:18 : EVT OHR : new HR update
#1363896 16.07.2026 15:07:32 : EVT <Unknown> : 1784207252574:SCD DET STATE ON.
#1363897 16.07.2026 15:08:03 : EVT APPLICATION : Zapp zwc05901:templ load:b:/zapp/zwc05901.wfa/wf-lowp-q.
#1363898 16.07.2026 15:09:05 : EVT APPLICATION : Zapp zwc05901:templ load:b:/zapp/zwc05901.wfa/wf-lowp-q.
#1363899 16.07.2026 15:10:00 : ERR WBMAIN : *0: app 859 Event 24 808b2700
#1363900 16.07.2026 15:10:00 : ERR WBMAIN : 1: mea 0 Event 3 808b1701
#1363901 16.07.2026 15:10:00 : ERR WBMAIN : 2: ui 77 Wait 0 00000000
#1363902 16.07.2026 15:11:54 : TRC FUEL_GAUGE : Batt: 4436 mV (raw: 4437) soc: 100 %, T: 29.4 C,H:104
#1363903 16.07.2026 15:14:13 : EVT APPLICATION : Zapp zwc05901:templ load:b:/zapp/zwc05901.wfa/wf-lowp-q.
#1363904 16.07.2026 15:19:30 : EVT ANALYTICS : Weather sync TO
#1363905 16.07.2026 15:20:55 : EVT APPLICATION : Zapp zwc05901:templ load:b:/zapp/zwc05901.wfa/wf-lowp-q.
#1363906 16.07.2026 15:25:28 : EVT APPLICATION : Zapp zwc05901:templ load:b:/zapp/zwc05901.wfa/wf-lowp-q.
#1363907 16.07.2026 15:28:02 : EVT APPLICATION : Zapp zwc05901:templ load:b:/zapp/zwc05901.wfa/wf-lowp-q.
#1363908 16.07.2026 15:29:41 : EVT APPLICATION : Zapp zwc05901:templ load:b:/zapp/zwc05901.wfa/wf-lowp-q.
#1363909 16.07.2026 15:30:00 : ERR WBMAIN : *0: app 632 Event 24 808b2700
#1363910 16.07.2026 15:30:00 : ERR WBMAIN : 1: mea 0 Event 3 808b1701
#1363911 16.07.2026 15:30:00 : ERR WBMAIN : 2: ui 63 Wait 0 00000000
#1363912 16.07.2026 15:43:59 : EVT APPLICATION : Zapp zwc05901:templ load:b:/zapp/zwc05901.wfa/wf-lowp-q.
#1363913 16.07.2026 15:45:09 : EVT APPLICATION : Zapp zwc05901:templ load:b:/zapp/zwc05901.wfa/wf-lowp-q.
#1363914 16.07.2026 15:46:21 : EVT APPLICATION : Zapp zwc05901:templ load:b:/zapp/zwc05901.wfa/wf-lowp-q.
#1363915 16.07.2026 15:47:52 : EVT APPLICATION : Zapp zwc05901:templ load:b:/zapp/zwc05901.wfa/wf-lowp-q.
#1363916 16.07.2026 15:49:32 : EVT ACCELEROMETER : Gyro bias:-0.246400 -0.110600 -0.120400
#1363917 16.07.2026 15:50:00 : ERR WBMAIN : *0: app 948 Event 24 808b2700
#1363918 16.07.2026 15:50:00 : ERR WBMAIN : 1: mea 1 Event 3 808b1701
#1363919 16.07.2026 15:50:00 : ERR WBMAIN : 2: ui 36 Wait 0 00000000
#1363920 16.07.2026 15:56:07 : EVT BLE : DEV M connected
#1363921 16.07.2026 15:56:07 : TRC BLE : SVC M/F000 enabled
#1363922 16.07.2026 15:56:07 : EVT WBCOMM : P-9 connection made to ECSD00000000
#1363923 16.07.2026 15:56:07 : EVT WBCOMM : New Route: ECSD00000000
#1363924 16.07.2026 15:56:12 : TRC BLE : SVC M/F000 disabled
#1363925 16.07.2026 15:56:12 : EVT WBCOMM : Route lost: ECSD00000000
#1363926 16.07.2026 15:56:14 : EVT BLE : DEV M disconnected
#1363927 16.07.2026 15:56:14 : EVT WBSTORAGE : CACHE_DEFRAG (752->808, 24->24, 25)
#1363928 16.07.2026 15:56:14 : EVT WBSTORAGE : CACHE_DEFRAG (736->776, 24->24, 25)
#1363929 16.07.2026 15:57:56 : EVT BLE : DEV M connected
#1363930 16.07.2026 15:57:56 : TRC BLE : SVC M/F000 enabled
#1363931 16.07.2026 15:57:56 : EVT WBCOMM : P-9 connection made to ECSD00000000
#1363932 16.07.2026 15:57:56 : EVT WBCOMM : New Route: ECSD00000000
#1363933 16.07.2026 15:58:03 : TRC BLE : SVC M/F000 disabled
#1363934 16.07.2026 15:58:03 : EVT WBCOMM : Route lost: ECSD00000000
#1363935 16.07.2026 15:58:05 : EVT BLE : DEV M disconnected
#1363936 16.07.2026 15:58:08 : EVT BLE : DEV M connected
#1363937 16.07.2026 15:58:08 : TRC BLE : SVC M/F000 enabled
#1363938 16.07.2026 15:58:08 : EVT WBCOMM : P-9 connection made to ECSD00000000
#1363939 16.07.2026 15:58:08 : EVT WBCOMM : New Route: ECSD00000000
#1363940 16.07.2026 15:58:13 : TRC BLE : SVC M/F000 disabled
#1363941 16.07.2026 15:58:13 : EVT WBCOMM : Route lost: ECSD00000000
#1363942 16.07.2026 15:58:16 : EVT BLE : DEV M disconnected
#1363943 16.07.2026 15:59:05 : EVT WBSTORAGE : CACHE_DEFRAG (704->1040, 24->24, 25)
#1363944 16.07.2026 15:59:05 : EVT WBSTORAGE : CACHE_DEFRAG (1024->1032, 24->24, 25)
#1363945 16.07.2026 15:59:05 : EVT WBSTORAGE : CACHE_DEFRAG (1016->1024, 24->24, 25)
#1363946 16.07.2026 15:59:05 : EVT ALTIFUSION : AltiBaroMode:0
#1363947 16.07.2026 15:59:05 : EVT WBSTORAGE : CACHE_DEFRAG (944->1048, 24->24, 25)
#1363948 16.07.2026 15:59:05 : EVT WBSTORAGE : CACHE_DEFRAG (1016->1024, 24->24, 25)
#1363949 16.07.2026 15:59:05 : EVT WBSTORAGE : CACHE_DEFRAG (992->1000, 24->24, 25)
#1363950 16.07.2026 15:59:05 : EVT WBSTORAGE : CACHE_DEFRAG (968->976, 24->24, 25)
#1363951 16.07.2026 15:59:05 : ERR WBMAIN : *0: app 688 Event 37 809c331f
#1363952 16.07.2026 15:59:05 : ERR WBMAIN : 1: mea 11 Wait 0 00000000
#1363953 16.07.2026 15:59:05 : ERR WBMAIN : 2: ui 1 Event 12 331f809c
#1363954 16.07.2026 15:59:05 : EVT APPLICATION : Zapp zwc05901:Disable
#1363955 16.07.2026 15:59:05 : EVT ANALYTICS : Zapp disabled i:3 h:ddb248f2 n:Vector classic
#1363956 16.07.2026 15:59:05 : EVT ANALYTICS : SleepQ:Tracking:On
#1363957 16.07.2026 15:59:05 : EVT ALTIFUSION : AltiBaroMode:0
#1363958 16.07.2026 15:59:05 : EVT WBSTORAGE : CACHE_DEFRAG (944->976, 24->24, 25)
#1363959 16.07.2026 15:59:05 : EVT WBSTORAGE : CACHE_DEFRAG (944->952, 24->24, 25)
#1363960 16.07.2026 15:59:05 : EVT UI_FRAMEWORK : JS nsto enable zapp: zzmoveen
#1363961 16.07.2026 15:59:05 : EVT UI_FRAMEWORK : JS nsto enable zapp: zzwethen
#1363962 16.07.2026 15:59:05 : EVT UI_FRAMEWORK : JS nsto enable zapp: climbl02
#1363963 16.07.2026 15:59:05 : EVT APPLICATION : Zapp zzmoveen:Load script
#1363964 16.07.2026 15:59:05 : EVT APPLICATION : Zapp zzmoveen:Enable
#1363965 16.07.2026 15:59:05 : EVT ANALYTICS : Zapp enabled i:6 h:7aac0887 n:zzmoveen v:8e0
#1363966 16.07.2026 15:59:05 : EVT UI_FRAMEWORK : evalFile: b:/zapp/zzmoveen.fea/ext1.js from ui
#1363967 16.07.2026 15:59:06 : EVT APPLICATION : Zapp clid:32878
#1363968 16.07.2026 15:59:06 : EVT APPLICATION : Zapp zzwethen:Load script
#1363969 16.07.2026 15:59:06 : EVT APPLICATION : Zapp zzwethen:Enable
#1363970 16.07.2026 15:59:06 : EVT ANALYTICS : Zapp enabled i:8 h:3f77f8ec n:zzwethen v:ade
#1363971 16.07.2026 15:59:06 : EVT APPLICATION : Zapp clid:32879
#1363972 16.07.2026 15:59:06 : EVT APPLICATION : Zapp climbl02:Load script
#1363973 16.07.2026 15:59:06 : EVT APPLICATION : Zapp climbl02:Enable
#1363974 16.07.2026 15:59:06 : EVT ANALYTICS : Zapp enabled i:5 h:a5e7afa6 n:climbl02 v:2.0
#1363975 16.07.2026 15:59:06 : EVT APPLICATION : Zapp clid:32880
#1363976 16.07.2026 15:59:06 : ERR WBMAIN : *0: app 673 Event 37 809c5319
#1363977 16.07.2026 15:59:06 : ERR WBMAIN : 1: mea 20 Wait 0 00000000
#1363978 16.07.2026 15:59:06 : ERR WBMAIN : 2: ui 20 Wait 0 00000000
#1363979 16.07.2026 15:59:06 : EVT UI_FRAMEWORK : JS nsto all zapps enabled.
#1363980 16.07.2026 15:59:06 : EVT UI_FRAMEWORK : JS Prestart Activity Id: 16.000
#1363981 16.07.2026 15:59:06 : WRN WBAPI : eID-662ac4(277): /Dive/Alarms/Acknowledge 404
#1363982 16.07.2026 15:59:06 : EVT WBSTORAGE : CACHE_DEFRAG (904->976, 24->24, 25)
#1363983 16.07.2026 15:59:06 : EVT WBSTORAGE : CACHE_DEFRAG (896->928, 24->24, 25)
#1363984 16.07.2026 15:59:07 : EVT WBSTORAGE : CACHE_DEFRAG (856->888, 24->24, 25)
#1363985 16.07.2026 15:59:07 : EVT WBSTORAGE : CACHE_DEFRAG (816->864, 24->24, 25)
#1363986 16.07.2026 15:59:07 : EVT WBSTORAGE : CACHE_DEFRAG (784->792, 24->24, 25)
#1363987 16.07.2026 15:59:07 : EVT BLE : BLE Sensor Link 4800180D Conn (--E-:00:1)
#1363988 16.07.2026 15:59:07 : WRN WBAPI : eID-662ac4(277): /Dive/TankPressure/Alarm/Count 404
#1363989 16.07.2026 15:59:07 : EVT SPEEDFUSION : INFO # start speed fusion
#1363990 16.07.2026 15:59:07 : EVT SPEEDFUSION : Act:16,Acc:0,BPod:0,FPod:0,PPod:0,BeltPod:1
#1363991 16.07.2026 15:59:07 : EVT SPEEDFUSION : INFO # Start algo without wrist acc
#1363992 16.07.2026 15:59:07 : EVT <Unknown> : Update pres sampl intrvl:1
#1363993 16.07.2026 15:59:07 : EVT OHR : S:start 0x21a3
#1363994 16.07.2026 15:59:08 : EVT <Unknown> : 1784210347664:Meas start 0x21a3
#1363995 16.07.2026 15:59:10 : EVT UI_FRAMEWORK : evalFile: b:/zapp/climbl02.fea/ext18.js from ui
#1363996 16.07.2026 15:59:13 : EVT UI_FRAMEWORK : evalFile: b:/zapp/climbl02.fea/ext16.js from ui
#1363997 16.07.2026 15:59:17 : EVT WBSTORAGE : CACHE_DEFRAG (768->984, 24->24, 25)
#1363998 16.07.2026 15:59:17 : EVT BLE : lt,scan 1
#1363999 16.07.2026 15:59:17 : WRN BLE : sendDisconnect 6157
#1364000 16.07.2026 15:59:17 : ERR BLE : [AURA]No filters left, stopping scan
#1364001 16.07.2026 15:59:17 : ERR BLE : [AURA]Filter with handle 72 not found
#1364002 16.07.2026 15:59:17 : EVT WBSTORAGE : CACHE_DEFRAG (912->920, 24->24, 25)
#1364003 16.07.2026 15:59:17 : EVT BLE : packet 0 sensor found count 1
#1364004 16.07.2026 15:59:17 : EVT BLE : packet 0 sensor found count 2
#1364005 16.07.2026 15:59:17 : EVT ANALYTICS : #FusHr src:2 time:10225
#1364006 16.07.2026 15:59:18 : EVT <Unknown> : 1784210357686:Off Skin Set.
#1364007 16.07.2026 15:59:23 : EVT OHR : No HR update, invalidate by timer
#1364008 16.07.2026 15:59:23 : EVT <Unknown> : 1784210362564:On Skin Set.
#1364009 16.07.2026 15:59:24 : EVT OHR : new HR update
#1364010 16.07.2026 16:00:00 : EVT SEDENTARY : stop monitoring
#1364011 16.07.2026 16:00:00 : EVT <Unknown> : pwr daily,ontime:16
#1364012 16.07.2026 16:00:00 : EVT WBSTORAGE : CACHE_DEFRAG (840->848, 24->24, 25)
#1364013 16.07.2026 16:00:00 : EVT WEATHER : t:495608, d:6
#1364014 16.07.2026 16:00:51 : EVT BRIGHTNESS : Custom state pwr:[-1,-1] bri:[-1.00,-1.00]
#1364015 16.07.2026 16:00:51 : EVT LOGGER : HrIbiLogger stop, off (0 ms)
#1364016 16.07.2026 16:00:51 : EVT WBSTORAGE : CACHE_DEFRAG (736->1040, 24->24, 25)
#1364017 16.07.2026 16:00:51 : EVT WBSTORAGE : CACHE_DEFRAG (1024->1056, 24->24, 25)
#1364018 16.07.2026 16:00:51 : EVT SPEEDFUSION : INFO # IDLE mode(-1) set
#1364019 16.07.2026 16:00:51 : EVT ALTIFUSION : AltiBaroMode:2
#1364020 16.07.2026 16:00:51 : EVT APPLICATION : Zapp climbl02:Disable
#1364021 16.07.2026 16:00:51 : EVT ANALYTICS : Zapp disabled i:5 h:a5e7afa6 n:Climb Log
#1364022 16.07.2026 16:00:51 : EVT APPLICATION : Zapp zzmoveen:Disable
#1364023 16.07.2026 16:00:51 : EVT ANALYTICS : Zapp disabled i:6 h:7aac0887 n:Movement
#1364024 16.07.2026 16:00:51 : EVT UI_FRAMEWORK : evalFile: b:/zapp/zzmoveen.fea/ext2.js from ui
#1364025 16.07.2026 16:00:51 : EVT APPLICATION : Zapp zzwethen:Disable
#1364026 16.07.2026 16:00:51 : EVT ANALYTICS : Zapp disabled i:8 h:3f77f8ec n:Weather
#1364027 16.07.2026 16:00:51 : EVT SPEEDFUSION : INFO # stop speed fusion
#1364028 16.07.2026 16:00:51 : EVT <Unknown> : Update pres sampl intrvl:5
#1364029 16.07.2026 16:00:51 : EVT ANALYTICS : SleepQ:Tracking:On
#1364030 16.07.2026 16:00:51 : EVT OHR : S:start 0x2123
#1364031 16.07.2026 16:00:51 : EVT WBSTORAGE : CACHE_DEFRAG (1032->1040, 24->24, 25)
#1364032 16.07.2026 16:00:52 : EVT <Unknown> : 1784210451759:Meas start 0x2123
#1364033 16.07.2026 16:00:52 : EVT WBSTORAGE : CACHE_DEFRAG (912->920, 24->24, 25)
#1364034 16.07.2026 16:00:52 : EVT BLE : Disconn sensor:1
#1364035 16.07.2026 16:00:52 : EVT BLE : BLE Sensor Link 4800180D Disc (L-E-:00:0)
#1364036 16.07.2026 16:00:52 : WRN BLE : sendDisconnect 6157
#1364037 16.07.2026 16:00:52 : ERR BLE : [AURA]No filters left, stopping scan
#1364038 16.07.2026 16:01:00 : TRC APPLICATION : Removing: b:/syslogs/systemevent_1350030.log
#1364039 16.07.2026 16:01:21 : EVT APPLICATION : Zapp zwc05901:Load script
#1364040 16.07.2026 16:01:21 : EVT APPLICATION : Zapp zwc05901:Enable
#1364041 16.07.2026 16:01:21 : EVT ANALYTICS : Zapp enabled i:3 h:ddb248f2 n:zwc05901 v:124f
#1364042 16.07.2026 16:01:21 : EVT APPLICATION : Zapp zwc05901:templ load:b:/zapp/zwc05901.wfa/wf.xml
#1364043 16.07.2026 16:01:21 : WRN WBAPI : eID-662ac4(277): /Weather/Current/ValidWeatherData.temp 
#1364044 16.07.2026 16:01:51 : EVT APPLICATION : Zapp zwc05901:templ load:b:/zapp/zwc05901.wfa/wf-lowp-q.
#1364045 16.07.2026 16:02:09 : EVT BLE : DEV M connected
#1364046 16.07.2026 16:02:09 : TRC BLE : SVC M/F000 enabled
#1364047 16.07.2026 16:02:09 : EVT WBCOMM : P-9 connection made to ECSD00000000
#1364048 16.07.2026 16:02:09 : EVT WBCOMM : New Route: ECSD00000000
#1364049 16.07.2026 16:02:14 : TRC BLE : SVC M/F000 disabled
#1364050 16.07.2026 16:02:14 : EVT WBCOMM : Route lost: ECSD00000000
#1364051 16.07.2026 16:02:17 : EVT BLE : DEV M disconnected
#1364052 16.07.2026 16:02:17 : EVT WBSTORAGE : CACHE_DEFRAG (904->936, 24->24, 25)
#1364053 16.07.2026 16:02:52 : WRN <Unknown> : 1784210571788:Device stationary, stopping optical meas
#1364054 16.07.2026 16:02:52 : EVT <Unknown> : 1784210571789:SCD DET STATE OFF cnt:0/0.
#1364055 16.07.2026 16:02:57 : EVT OHR : No HR update, invalidate by timer
#1364056 16.07.2026 16:03:00 : EVT SEDENTARY : stop monitoring
#1364057 16.07.2026 16:03:15 : EVT BLE : DEV M connected
#1364058 16.07.2026 16:03:15 : TRC BLE : SVC M/F000 enabled
#1364059 16.07.2026 16:03:15 : EVT WBCOMM : P-9 connection made to ECSD00000000
#1364060 16.07.2026 16:03:15 : EVT WBCOMM : New Route: ECSD00000000
#1364061 16.07.2026 16:03:20 : TRC BLE : SVC M/F000 disabled
#1364062 16.07.2026 16:03:20 : EVT WBCOMM : Route lost: ECSD00000000
#1364063 16.07.2026 16:03:23 : EVT BLE : DEV M disconnected
#1364064 16.07.2026 16:03:50 : EVT BLE : DEV M connected
#1364065 16.07.2026 16:03:50 : TRC BLE : SVC M/F000 enabled
#1364066 16.07.2026 16:03:50 : EVT WBCOMM : P-9 connection made to ECSD00000000
#1364067 16.07.2026 16:03:50 : EVT WBCOMM : New Route: ECSD00000000
#1364068 16.07.2026 16:03:54 : TRC BLE : SVC M/F000 disabled
#1364069 16.07.2026 16:03:54 : EVT WBCOMM : Route lost: ECSD00000000
#1364070 16.07.2026 16:03:57 : EVT BLE : DEV M disconnected
#1364071 16.07.2026 16:04:18 : EVT BLE : DEV M connected
#1364072 16.07.2026 16:04:18 : TRC BLE : SVC M/F000 enabled
#1364073 16.07.2026 16:04:18 : EVT WBCOMM : P-9 connection made to ECSD00000000
#1364074 16.07.2026 16:04:18 : EVT WBCOMM : New Route: ECSD00000000
#1364075 16.07.2026 16:04:33 : TRC BLE : SVC M/F000 disabled
#1364076 16.07.2026 16:04:33 : EVT WBCOMM : Route lost: ECSD00000000
#1364077 16.07.2026 16:04:36 : EVT BLE : DEV M disconnected
#1364078 16.07.2026 16:10:00 : ERR WBMAIN : *0: app 601 Event 24 808b2700
#1364079 16.07.2026 16:10:00 : ERR WBMAIN : 1: mea 0 Event 3 808b1701
#1364080 16.07.2026 16:10:00 : ERR WBMAIN : 2: ui 596 Wait 0 00000000
#1364081 16.07.2026 16:11:26 : EVT WBSTORAGE : CACHE_DEFRAG (864->936, 24->24, 25)
#1364082 16.07.2026 16:11:27 : EVT <Unknown> : 1784211086920:xiaomi reset t:5012580444/4497705169.
#1364083 16.07.2026 16:11:27 : EVT <Unknown> : 1784211086921:On Skin Set.
#1364084 16.07.2026 16:11:29 : EVT WBSTORAGE : CACHE_DEFRAG (808->816, 24->24, 25)
#1364085 16.07.2026 16:11:29 : EVT WBSTORAGE : CACHE_DEFRAG (768->1024, 24->24, 25)
#1364086 16.07.2026 16:11:29 : EVT WBSTORAGE : CACHE_DEFRAG (1000->1008, 24->24, 25)
#1364087 16.07.2026 16:11:29 : EVT WBSTORAGE : CACHE_DEFRAG (992->1000, 24->24, 25)
#1364088 16.07.2026 16:11:29 : EVT WBSTORAGE : CACHE_DEFRAG (984->992, 24->24, 25)
#1364089 16.07.2026 16:11:29 : EVT WBSTORAGE : CACHE_DEFRAG (976->1024, 24->24, 25)
#1364090 16.07.2026 16:11:29 : EVT ALTIFUSION : AltiBaroMode:0
#1364091 16.07.2026 16:11:29 : EVT WBSTORAGE : CACHE_DEFRAG (944->976, 24->24, 25)
#1364092 16.07.2026 16:11:29 : EVT WBSTORAGE : CACHE_DEFRAG (944->952, 24->24, 25)
#1364093 16.07.2026 16:11:29 : EVT WBSTORAGE : CACHE_DEFRAG (920->976, 24->24, 25)
#1364094 16.07.2026 16:11:29 : ERR WBMAIN : *0: app 667 Event 37 809c331f
#1364095 16.07.2026 16:11:29 : ERR WBMAIN : 1: mea 9 Wait 0 00000000
#1364096 16.07.2026 16:11:29 : ERR WBMAIN : 2: ui 70 Wait 0 00000000
#1364097 16.07.2026 16:11:29 : EVT APPLICATION : Zapp zwc05901:Disable
#1364098 16.07.2026 16:11:29 : EVT ANALYTICS : Zapp disabled i:3 h:ddb248f2 n:Vector classic
#1364099 16.07.2026 16:11:30 : EVT ANALYTICS : SleepQ:Tracking:On
#1364100 16.07.2026 16:11:30 : EVT ALTIFUSION : AltiBaroMode:0
#1364101 16.07.2026 16:11:30 : EVT WBSTORAGE : CACHE_DEFRAG (944->976, 24->24, 25)
#1364102 16.07.2026 16:11:30 : EVT WBSTORAGE : CACHE_DEFRAG (944->952, 24->24, 25)
#1364103 16.07.2026 16:11:30 : EVT UI_FRAMEWORK : JS nsto enable zapp: zzmoveen
#1364104 16.07.2026 16:11:30 : EVT UI_FRAMEWORK : JS nsto enable zapp: zzwethen
#1364105 16.07.2026 16:11:30 : EVT UI_FRAMEWORK : JS nsto enable zapp: climbl02
#1364106 16.07.2026 16:11:30 : EVT APPLICATION : Zapp zzmoveen:Load script
#1364107 16.07.2026 16:11:30 : EVT APPLICATION : Zapp zzmoveen:Enable
#1364108 16.07.2026 16:11:30 : EVT ANALYTICS : Zapp enabled i:6 h:7aac0887 n:zzmoveen v:8e0
#1364109 16.07.2026 16:11:30 : EVT UI_FRAMEWORK : evalFile: b:/zapp/zzmoveen.fea/ext1.js from ui
#1364110 16.07.2026 16:11:30 : EVT APPLICATION : Zapp clid:32878
#1364111 16.07.2026 16:11:30 : EVT APPLICATION : Zapp zzwethen:Load script
#1364112 16.07.2026 16:11:30 : EVT APPLICATION : Zapp zzwethen:Enable
#1364113 16.07.2026 16:11:30 : EVT ANALYTICS : Zapp enabled i:8 h:3f77f8ec n:zzwethen v:ade
#1364114 16.07.2026 16:11:30 : EVT APPLICATION : Zapp clid:32879
#1364115 16.07.2026 16:11:30 : EVT APPLICATION : Zapp climbl02:Load script
#1364116 16.07.2026 16:11:30 : EVT APPLICATION : Zapp climbl02:Enable
#1364117 16.07.2026 16:11:30 : EVT ANALYTICS : Zapp enabled i:5 h:a5e7afa6 n:climbl02 v:2.0
#1364118 16.07.2026 16:11:30 : EVT APPLICATION : Zapp clid:32880
#1364119 16.07.2026 16:11:30 : EVT UI_FRAMEWORK : JS nsto all zapps enabled.
#1364120 16.07.2026 16:11:30 : EVT UI_FRAMEWORK : JS Prestart Activity Id: 16.000
#1364121 16.07.2026 16:11:30 : WRN WBAPI : eID-662ac4(277): /Dive/Alarms/Acknowledge 404
#1364122 16.07.2026 16:11:30 : EVT WBSTORAGE : CACHE_DEFRAG (904->976, 24->24, 25)
#1364123 16.07.2026 16:11:30 : EVT WBSTORAGE : CACHE_DEFRAG (896->928, 24->24, 25)
#1364124 16.07.2026 16:11:30 : EVT WBSTORAGE : CACHE_DEFRAG (856->888, 24->24, 25)
#1364125 16.07.2026 16:11:30 : EVT WBSTORAGE : CACHE_DEFRAG (816->864, 24->24, 25)
#1364126 16.07.2026 16:11:31 : EVT WBSTORAGE : CACHE_DEFRAG (784->792, 24->24, 25)
#1364127 16.07.2026 16:11:31 : EVT BLE : BLE Sensor Link 4800180D Conn (--E-:00:1)
#1364128 16.07.2026 16:11:31 : ERR <Unknown> : 1784211090933:Mi invalid call:100,code:0.
#1364129 16.07.2026 16:11:31 : WRN WBAPI : eID-662ac4(277): /Dive/TankPressure/Alarm/Count 404
#1364130 16.07.2026 16:11:31 : EVT SPEEDFUSION : INFO # start speed fusion
#1364131 16.07.2026 16:11:31 : EVT SPEEDFUSION : Act:16,Acc:0,BPod:0,FPod:0,PPod:0,BeltPod:1
#1364132 16.07.2026 16:11:31 : EVT SPEEDFUSION : INFO # Start algo without wrist acc
#1364133 16.07.2026 16:11:31 : EVT <Unknown> : Update pres sampl intrvl:1
#1364134 16.07.2026 16:11:31 : EVT OHR : S:start 0x21a3
#1364135 16.07.2026 16:11:31 : EVT WBSTORAGE : CACHE_DEFRAG (768->1000, 24->24, 25)
#1364136 16.07.2026 16:11:31 : EVT TRAININGLAB : TLab:~Mode T 13746 + 1491 A 2400 + 10
#1364137 16.07.2026 16:11:31 : EVT TRAININGLAB : TLab:Change mode 2->3
#1364138 16.07.2026 16:11:31 : EVT TRAININGLAB : TLab:Mode::userInfo 50, 200, 1, 37, 182, 950, 1990
#1364139 16.07.2026 16:11:31 : EVT LOGGER : Log space:33210615 bytes free
#1364140 16.07.2026 16:11:31 : EVT TRAININGLAB : ModeUnsub:2800
#1364141 16.07.2026 16:11:31 : EVT TRAININGLAB : ModeSub:9004
#1364142 16.07.2026 16:11:31 : EVT TRAININGLAB : TLab:Select input 0
#1364143 16.07.2026 16:11:31 : EVT TRAININGLAB : TLab:Active input 0
#1364144 16.07.2026 16:11:31 : EVT WBSTORAGE : CACHE_DEFRAG (968->976, 24->24, 25)
#1364145 16.07.2026 16:11:31 : EVT LOGGER : Exercise started
#1364146 16.07.2026 16:11:31 : EVT BLE : HR RR on (98653131)
#1364147 16.07.2026 16:11:31 : TRC GPS : Full GNSS data subd l:0 c:802b0000
#1364148 16.07.2026 16:11:31 : EVT UI_FRAMEWORK : evalFile: b:/zapp/climbl02.fea/ext22.js from ui
#1364149 16.07.2026 16:11:32 : EVT <Unknown> : 1784211091588:Meas start 0x21a3
#1364150 16.07.2026 16:11:32 : EVT APPLICATION : Zapp zzmoveen:templ load:b:/zapp/zzmoveen.fea/t.xml
#1364151 16.07.2026 16:11:32 : EVT APPLICATION : Zapp zzwethen:templ load:b:/zapp/zzwethen.fea/t.xml
#1364152 16.07.2026 16:11:33 : EVT APPLICATION : Zapp climbl02:templ load:b:/zapp/climbl02.fea/setup.xml
#1364153 16.07.2026 16:11:33 : EVT ANALYTICS : Battery-> 3 soc:100
#1364154 16.07.2026 16:11:33 : EVT ANALYTICS : #FusHr src:0 time:0
#1364155 16.07.2026 16:11:33 : EVT ANALYTICS : #Act id:16
#1364156 16.07.2026 16:11:33 : EVT ANALYTICS : #powersave mode:p temp:28.2
#1364157 16.07.2026 16:11:33 : EVT ANALYTICS : GPSMODE:NOTUSED
#1364158 16.07.2026 16:11:33 : EVT ANALYTICS : #gnss d:2026-07-16T00:00:00Z
#1364159 16.07.2026 16:11:33 : EVT ANALYTICS : #zapp n:Weather e:1
#1364160 16.07.2026 16:11:33 : EVT ANALYTICS : #zapp n:Movement e:1
#1364161 16.07.2026 16:11:33 : EVT ANALYTICS : #zapp n:Climb Log e:1
#1364162 16.07.2026 16:11:36 : EVT OHR : No HR update, invalidate by timer
#1364163 16.07.2026 16:11:39 : EVT ANALYTICS : #ws AID:16 BM:1 NS:0 SP:3 ZN:0 TG:0 GPS:0
#1364164 16.07.2026 16:11:39 : EVT ANALYTICS : #2ws AID:16 WHR:1 INT:0 AL:0 AP:0 FE:1 MC:1 TH:0
#1364165 16.07.2026 16:11:41 : EVT WBSTORAGE : CACHE_DEFRAG (944->1000, 24->24, 25)
#1364166 16.07.2026 16:11:41 : EVT WBSTORAGE : CACHE_DEFRAG (928->960, 24->24, 25)
#1364167 16.07.2026 16:11:41 : EVT BLE : lt,scan 1
#1364168 16.07.2026 16:11:41 : WRN BLE : sendDisconnect 6157
#1364169 16.07.2026 16:11:41 : ERR BLE : [AURA]No filters left, stopping scan
#1364170 16.07.2026 16:11:41 : ERR BLE : [AURA]Filter with handle 72 not found
#1364171 16.07.2026 16:11:41 : EVT WBSTORAGE : CACHE_DEFRAG (888->920, 24->24, 25)
#1364172 16.07.2026 16:11:41 : EVT BLE : packet 0 sensor found count 1
#1364173 16.07.2026 16:11:41 : EVT BLE : packet 0 sensor found count 2
#1364174 16.07.2026 16:11:41 : WRN WBAPI : eID-662ac4(277): /Dive/Alarms/Acknowledge 404
#1364175 16.07.2026 16:11:41 : EVT APPLICATION : Zapp climbl02:templ load:b:/zapp/climbl02.fea/ready.xml
#1364176 16.07.2026 16:11:41 : ERR APPLICATION : Zapp:relMemCb (exec:ui)
#1364177 16.07.2026 16:11:41 : EVT APPLICATION : Zapp zzmoveen:Disable
#1364178 16.07.2026 16:11:41 : EVT ANALYTICS : Zapp disabled i:6 h:7aac0887 n:Movement
#1364179 16.07.2026 16:11:41 : ERR APPLICATION : Zapp 3:RelMem->unload
#1364180 16.07.2026 16:11:41 : EVT TRAININGLAB : TLab:Input src 0 TO
#1364181 16.07.2026 16:11:41 : EVT TRAININGLAB : TLab:Active input 3
#1364182 16.07.2026 16:11:43 : EVT OHR : new HR update
#1364183 16.07.2026 16:11:43 : EVT ANALYTICS : #FusHr src:2 time:11527
#1364184 16.07.2026 16:11:43 : EVT TRAININGLAB : Tlab:HR src is 2
#1364185 16.07.2026 16:11:43 : EVT ANALYTICS : #FusHr src:2 time:0
#1364186 16.07.2026 16:11:43 : EVT TRAININGLAB : TLab:Active input 1
#1364187 16.07.2026 16:11:44 : EVT LOGGER : LGR 934, 80
#1364188 16.07.2026 16:11:44 : WRN WBAPI : eID-662ac4(277): /Dive/Alarms/Acknowledge 404
#1364189 16.07.2026 16:11:46 : EVT APPLICATION : Zapp climbl02:templ load:b:/zapp/climbl02.fea/active.xml
#1364190 16.07.2026 16:11:46 : EVT LOGGER : LGR 934, 80
#1364191 16.07.2026 16:11:47 : EVT UI_FRAMEWORK : evalFile: b:/zapp/climbl02.fea/ext10.js from ui
#1364192 16.07.2026 16:11:47 : EVT UI_FRAMEWORK : evalFile: b:/zapp/climbl02.fea/ext35.js from ui
#1364193 16.07.2026 16:11:47 : WRN WBAPI : eID-662ac4(277): /Dive/Alarms/Acknowledge 404
#1364194 16.07.2026 16:11:48 : EVT APPLICATION : Zapp climbl02:templ load:b:/zapp/climbl02.fea/ready.xml
#1364195 16.07.2026 16:11:48 : EVT LOGGER : LGR 934, 80
#1364196 16.07.2026 16:11:48 : WRN WBAPI : eID-662ac4(277): /Dive/Alarms/Acknowledge 404
#1364197 16.07.2026 16:11:48 : EVT APPLICATION : Zapp climbl02:templ load:b:/zapp/climbl02.fea/active.xml
#1364198 16.07.2026 16:11:49 : WRN WBAPI : eID-662ac4(277): /Dive/Alarms/Acknowledge 404
#1364199 16.07.2026 16:11:50 : EVT APPLICATION : Zapp climbl02:templ load:b:/zapp/climbl02.fea/ready.xml
#1364200 16.07.2026 16:11:50 : EVT LOGGER : LGR 934, 80
#1364201 16.07.2026 16:11:50 : WRN WBAPI : eID-662ac4(277): /Dive/Alarms/Acknowledge 404
#1364202 16.07.2026 16:11:50 : EVT APPLICATION : Zapp climbl02:templ load:b:/zapp/climbl02.fea/active.xml
#1364203 16.07.2026 16:11:51 : EVT APPLICATION : Zapp zzwethen:templ load:b:/zapp/zzwethen.fea/t.xml
#1364204 16.07.2026 16:11:54 : EVT UI_FRAMEWORK : evalFile: b:/zapp/climbl02.fea/ext25.js from ui
#1364205 16.07.2026 16:11:54 : EVT LOGGER : Exercise paused
#1364206 16.07.2026 16:11:54 : WRN WBAPI : eID-662ac4(277): /Dive/Alarms/Acknowledge 404
#1364207 16.07.2026 16:11:54 : TRC FUEL_GAUGE : Batt: 4431 mV (raw: 4428) soc: 100 %, T: 28.3 C,H:104
#1364208 16.07.2026 16:11:55 : WRN WBAPI : eID-662ac4(277): /Settings/General/BacklightForced 404
#1364209 16.07.2026 16:11:56 : EVT APPLICATION : Zapp climbl02:Disable
#1364210 16.07.2026 16:11:56 : EVT UI_FRAMEWORK : evalFile: b:/zapp/climbl02.fea/ext11.js from ui
#1364211 16.07.2026 16:11:56 : EVT ANALYTICS : Zapp disabled i:5 h:a5e7afa6 n:Climb Log
#1364212 16.07.2026 16:11:57 : EVT APPLICATION : Zapp zzwethen:Disable
#1364213 16.07.2026 16:11:57 : EVT ANALYTICS : Zapp disabled i:8 h:3f77f8ec n:Weather
#1364214 16.07.2026 16:11:57 : EVT UI_FRAMEWORK : JS discard disable zapps
#1364215 16.07.2026 16:11:57 : EVT UI_FRAMEWORK : JS will discard
#1364216 16.07.2026 16:11:57 : EVT BRIGHTNESS : Custom state pwr:[-1,-1] bri:[-1.00,-1.00]
#1364217 16.07.2026 16:11:57 : EVT SPEEDFUSION : INFO # stop speed fusion
#1364218 16.07.2026 16:11:57 : EVT <Unknown> : Update pres sampl intrvl:5
#1364219 16.07.2026 16:11:57 : WRN APPLICATION : discard hrr meas l:3 d:0 sh:65 mh:65 v:0
#1364220 16.07.2026 16:11:57 : WRN WBAPI : eID-66abdc(583/65535): 404
#1364221 16.07.2026 16:11:57 : EVT TRAININGZONE : User Define Mode:5
#1364222 16.07.2026 16:11:57 : EVT TRAININGZONE : Tss HR:0.20
#1364223 16.07.2026 16:11:57 : EVT TRAININGZONE : A:16,Tss:[-200.00,-200.00,-200.00,0.20]
#1364224 16.07.2026 16:11:57 : EVT TRAININGLAB : AppFeature Vo2Max 0.000000
#1364225 16.07.2026 16:11:57 : EVT TRAININGLAB : TLab:~Mode T 15237 + 5 A 2410 + 0
#1364226 16.07.2026 16:11:57 : EVT TRAININGLAB : TLab:Change mode 3->2
#1364227 16.07.2026 16:11:57 : EVT TRAININGLAB : TLab:Mode::userInfo 50, 200, 1, 37, 182, 950, 1990
#1364228 16.07.2026 16:11:57 : EVT LOGGER : LGR 934, 80
#1364229 16.07.2026 16:11:57 : EVT TRAININGLAB : ModeUnsub:9145
#1364230 16.07.2026 16:11:57 : EVT OHR : S:start 0x2123
#1364231 16.07.2026 16:11:57 : EVT TRAININGLAB : ModeSub:0400
#1364232 16.07.2026 16:11:57 : EVT ANALYTICS : WAOae:Activity WAOae:16
#1364233 16.07.2026 16:11:57 : EVT ANALYTICS : WAOae:TotalAcc WAOae:0,0,0
#1364234 16.07.2026 16:11:57 : EVT ANALYTICS : WAOae:AccCount WAOae:0,0,0
#1364235 16.07.2026 16:11:57 : EVT ANALYTICS : WAOae:Distance WAOae:0,0,0
#1364236 16.07.2026 16:11:57 : EVT ANALYTICS : WAOae:Duration WAOae:0,0,0
#1364237 16.07.2026 16:11:57 : EVT ANALYTICS : WAOae:Coeff WAOae:0,40,316,466,773,7524,7624
#1364238 16.07.2026 16:11:57 : EVT LOGGER : Exercise stopped
#1364239 16.07.2026 16:11:57 : EVT BLE : HR RR off (98678355, 25224 ms missing)
#1364240 16.07.2026 16:11:57 : EVT BLE : HR RR done
#1364241 16.07.2026 16:11:57 : EVT LOGGER : HrIbiLogger stop, off (0 ms)
#1364242 16.07.2026 16:11:57 : EVT LOGGER : HrIbiLogger stopped (0 ms)
#1364243 16.07.2026 16:11:57 : TRC GPS : Unsubd c:802b0000
#1364244 16.07.2026 16:11:57 : EVT LOGGER : LGR 934, 80
#1364245 16.07.2026 16:11:57 : EVT LOGGER : LGR 934, 80
#1364246 16.07.2026 16:11:57 : EVT ANALYTICS : SleepQ:Tracking:On
#1364247 16.07.2026 16:11:57 : EVT <Unknown> : 1784211117179:Meas start 0x2123
#1364248 16.07.2026 16:11:57 : WRN LOGGER : feeling: not save sum,f:119,got:1
#1364249 16.07.2026 16:11:57 : EVT LOGGER : Wr dpc on
#1364250 16.07.2026 16:11:57 : EVT LOGGER : LGR 20993, 56
#1364251 16.07.2026 16:11:57 : EVT WBSTORAGE : CACHE_DEFRAG (840->1064, 24->24, 25)
#1364252 16.07.2026 16:11:57 : EVT WBSTORAGE : CACHE_DEFRAG (1048->1056, 24->24, 25)
#1364253 16.07.2026 16:11:57 : EVT WBSTORAGE : CACHE_DEFRAG (1040->1048, 24->24, 25)
#1364254 16.07.2026 16:11:57 : EVT WBSTORAGE : CACHE_DEFRAG (1032->1040, 24->24, 25)
#1364255 16.07.2026 16:11:57 : EVT WBSTORAGE : CACHE_DEFRAG (1024->1064, 24->24, 25)
#1364256 16.07.2026 16:11:57 : EVT SPEEDFUSION : INFO # IDLE mode(-1) set
#1364257 16.07.2026 16:11:57 : EVT ALTIFUSION : AltiBaroMode:2
#1364258 16.07.2026 16:11:58 : EVT WBSTORAGE : CACHE_DEFRAG (1040->1048, 24->24, 25)
#1364259 16.07.2026 16:11:58 : EVT BLE : Disconn sensor:1
#1364260 16.07.2026 16:11:58 : EVT BLE : BLE Sensor Link 4800180D Disc (L-E-:00:0)
#1364261 16.07.2026 16:11:58 : WRN BLE : sendDisconnect 6157
#1364262 16.07.2026 16:11:58 : ERR BLE : [AURA]No filters left, stopping scan
#1364263 16.07.2026 16:11:59 : EVT ANALYTICS : #powersave mode:p temp:28.3
#1364264 16.07.2026 16:11:59 : EVT ANALYTICS : Battery-> 4 soc:100
#1364265 16.07.2026 16:12:00 : EVT UI_FRAMEWORK : JS discard
#1364266 16.07.2026 16:12:00 : WRN LOGGER : Delete b:logs/6A58E693
#1364267 16.07.2026 16:12:03 : EVT WBSTORAGE : CACHE_DEFRAG (1032->1040, 24->24, 25)
#1364268 16.07.2026 16:12:03 : EVT APPLICATION : Zapp zwc05901:Load script
#1364269 16.07.2026 16:12:03 : EVT APPLICATION : Zapp zwc05901:Enable
#1364270 16.07.2026 16:12:03 : EVT ANALYTICS : Zapp enabled i:3 h:ddb248f2 n:zwc05901 v:124f
#1364271 16.07.2026 16:12:03 : EVT APPLICATION : Zapp zwc05901:templ load:b:/zapp/zwc05901.wfa/wf.xml
#1364272 16.07.2026 16:12:03 : WRN WBAPI : eID-662ac4(277): /Weather/Current/ValidWeatherData.temp 
#1364273 16.07.2026 16:12:06 : EVT OHR : No HR update, invalidate by timer
#1364274 16.07.2026 16:12:07 : EVT OHR : new HR update
#1364275 16.07.2026 16:12:16 : EVT OHR : No HR update, invalidate by timer
#1364276 16.07.2026 16:12:21 : ERR <Unknown> : 1784211141888:Hr_out conf_low:66/10.
#1364277 16.07.2026 16:12:25 : EVT OHR : new HR update
#1364278 16.07.2026 16:12:30 : EVT OHR : No HR update, invalidate by timer
#1364279 16.07.2026 16:12:32 : EVT BLE : DEV M connected
#1364280 16.07.2026 16:12:32 : TRC BLE : SVC M/F000 enabled
#1364281 16.07.2026 16:12:32 : EVT WBCOMM : P-9 connection made to ECSD00000000
#1364282 16.07.2026 16:12:32 : EVT WBCOMM : New Route: ECSD00000000
#1364283 16.07.2026 16:12:35 : ERR <Unknown> : 1784211155934:Hr_out conf_low:71/10.
#1364284 16.07.2026 16:12:37 : TRC BLE : SVC M/F000 disabled
#1364285 16.07.2026 16:12:37 : EVT WBCOMM : Route lost: ECSD00000000
#1364286 16.07.2026 16:12:39 : EVT BLE : DEV M disconnected
#1364287 16.07.2026 16:12:39 : EVT WBSTORAGE : CACHE_DEFRAG (912->936, 24->24, 25)
#1364288 16.07.2026 16:12:39 : EVT WBSTORAGE : CACHE_DEFRAG (864->880, 24->24, 25)
#1364289 16.07.2026 16:12:53 : EVT OHR : new HR update
#1364290 16.07.2026 16:13:03 : EVT APPLICATION : Zapp zwc05901:templ load:b:/zapp/zwc05901.wfa/wf-lowp-q.
#1364291 16.07.2026 16:13:04 : EVT OHR : No HR update, invalidate by timer
#1364292 16.07.2026 16:13:05 : EVT OHR : new HR update
#1364293 16.07.2026 16:13:11 : EVT OHR : No HR update, invalidate by timer
#1364294 16.07.2026 16:13:12 : EVT OHR : new HR update
#1364295 16.07.2026 16:13:18 : EVT OHR : No HR update, invalidate by timer
#1364296 16.07.2026 16:13:23 : ERR <Unknown> : 1784211203124:Hr_out conf_low:75/10.
#1364297 16.07.2026 16:13:39 : EVT OHR : new HR update
#1364298 16.07.2026 16:13:57 : WRN <Unknown> : 1784211237208:Device stationary, stopping optical meas
#1364299 16.07.2026 16:13:57 : EVT <Unknown> : 1784211237209:SCD DET STATE OFF cnt:0/0.
#1364300 16.07.2026 16:14:02 : EVT OHR : No HR update, invalidate by timer
#1364301 16.07.2026 16:15:00 : EVT SEDENTARY : stop monitoring
#1364302 16.07.2026 16:19:30 : EVT ANALYTICS : Weather sync TO
#1364303 16.07.2026 17:00:00 : EVT <Unknown> : pwr daily,ontime:17
#1364304 16.07.2026 17:00:00 : EVT WBSTORAGE : CACHE_DEFRAG (808->816, 24->24, 25)
#1364305 16.07.2026 17:00:00 : EVT WEATHER : t:495608, d:7
#1364306 16.07.2026 17:07:56 : WRN BLE : BLE Link 4D00F000 Disc (L-E-:00:0)
#1364307 16.07.2026 17:07:56 : WRN BLE : sendDisconnect 61440
#1364308 16.07.2026 17:07:56 : EVT BLE : State ON->TIMER
#1364309 16.07.2026 17:08:01 : EVT BLE : State TIMER->OFF
#1364310 16.07.2026 17:11:57 : TRC FUEL_GAUGE : Batt: 4432 mV (raw: 4431) soc: 100 %, T: 24.6 C,H:104
#1364311 16.07.2026 17:19:30 : EVT ANALYTICS : Weather sync TO
#1364312 16.07.2026 17:21:18 : EVT BLE : State OFF->START
#1364313 16.07.2026 17:21:18 : EVT BLE : APP 3.0.54/01F7/1.2.10
#1364314 16.07.2026 17:21:18 : EVT BLE : State START->ON
#1364315 16.07.2026 17:21:18 : TRC BLE : BLE Link Restore 4D00F000 (L-Ep:00:0)
#1364316 16.07.2026 17:29:05 : TRC BLE : SVC M/F000 enabled
#1364317 16.07.2026 17:29:05 : EVT WBCOMM : P-9 connection made to ECSD00000000
#1364318 16.07.2026 17:29:05 : EVT WBCOMM : New Route: ECSD00000000
#1364319 16.07.2026 17:29:05 : EVT BLE : DEV M connected
#1364320 16.07.2026 17:29:16 : TRC BLE : SVC M/F000 disabled
#1364321 16.07.2026 17:29:16 : EVT WBCOMM : Route lost: ECSD00000000
#1364322 16.07.2026 17:29:18 : EVT BLE : DEV M disconnected
#1364323 16.07.2026 17:31:15 : EVT <Unknown> : 1784215875347:xiaomi reset t:9801007080/5162869903.
#1364324 16.07.2026 17:31:15 : EVT <Unknown> : 1784215875347:On Skin Set.
#1364325 16.07.2026 17:31:17 : EVT WBSTORAGE : CACHE_DEFRAG (704->712, 24->24, 25)
#1364326 16.07.2026 17:31:18 : EVT ALTIFUSION : AltiBaroMode:0
#1364327 16.07.2026 17:31:18 : EVT WBSTORAGE : CACHE_DEFRAG (664->960, 24->24, 25)
#1364328 16.07.2026 17:31:18 : EVT WBSTORAGE : CACHE_DEFRAG (928->936, 24->24, 25)
#1364329 16.07.2026 17:31:18 : ERR WBMAIN : *0: app 680 Event 37 809c331f
#1364330 16.07.2026 17:31:18 : ERR WBMAIN : 1: mea 9 Wait 0 00000000
#1364331 16.07.2026 17:31:18 : ERR WBMAIN : 2: ui 16 Wait 0 00000000
#1364332 16.07.2026 17:31:18 : EVT APPLICATION : Zapp zwc05901:Disable
#1364333 16.07.2026 17:31:18 : EVT ANALYTICS : Zapp disabled i:3 h:ddb248f2 n:Vector classic
#1364334 16.07.2026 17:31:18 : EVT ANALYTICS : SleepQ:Tracking:On
#1364335 16.07.2026 17:31:18 : EVT ALTIFUSION : AltiBaroMode:0
#1364336 16.07.2026 17:31:18 : EVT WBSTORAGE : CACHE_DEFRAG (904->976, 24->24, 25)
#1364337 16.07.2026 17:31:18 : EVT WBSTORAGE : CACHE_DEFRAG (944->952, 24->24, 25)
#1364338 16.07.2026 17:31:18 : EVT UI_FRAMEWORK : JS nsto enable zapp: zzmoveen
#1364339 16.07.2026 17:31:18 : EVT UI_FRAMEWORK : JS nsto enable zapp: zzwethen
#1364340 16.07.2026 17:31:18 : EVT UI_FRAMEWORK : JS nsto enable zapp: climbl02
#1364341 16.07.2026 17:31:18 : EVT APPLICATION : Zapp zzmoveen:Load script
#1364342 16.07.2026 17:31:19 : EVT APPLICATION : Zapp zzmoveen:Enable
#1364343 16.07.2026 17:31:19 : EVT ANALYTICS : Zapp enabled i:6 h:7aac0887 n:zzmoveen v:8e0
#1364344 16.07.2026 17:31:19 : EVT UI_FRAMEWORK : evalFile: b:/zapp/zzmoveen.fea/ext1.js from ui
#1364345 16.07.2026 17:31:19 : EVT APPLICATION : Zapp clid:32878
#1364346 16.07.2026 17:31:19 : EVT APPLICATION : Zapp zzwethen:Load script
#1364347 16.07.2026 17:31:19 : EVT APPLICATION : Zapp zzwethen:Enable
#1364348 16.07.2026 17:31:19 : EVT ANALYTICS : Zapp enabled i:8 h:3f77f8ec n:zzwethen v:ade
#1364349 16.07.2026 17:31:19 : EVT APPLICATION : Zapp clid:32879
#1364350 16.07.2026 17:31:19 : EVT APPLICATION : Zapp climbl02:Load script
#1364351 16.07.2026 17:31:19 : EVT APPLICATION : Zapp climbl02:Enable
#1364352 16.07.2026 17:31:19 : ERR <Unknown> : 1784215879357:Mi invalid call:100,code:0.
#1364353 16.07.2026 17:31:19 : EVT ANALYTICS : Zapp enabled i:5 h:a5e7afa6 n:climbl02 v:2.0
#1364354 16.07.2026 17:31:19 : EVT APPLICATION : Zapp clid:32880
#1364355 16.07.2026 17:31:20 : ERR WBMAIN : *0: app 686 Event 37 809c5319
#1364356 16.07.2026 17:31:20 : EVT UI_FRAMEWORK : JS nsto all zapps enabled.
#1364357 16.07.2026 17:31:20 : ERR WBMAIN : 1: mea 5 DPC 0 0057ae5b
#1364358 16.07.2026 17:31:20 : ERR WBMAIN : 2: ui 48 Wait 0 00000000
#1364359 16.07.2026 17:31:20 : EVT UI_FRAMEWORK : JS Prestart Activity Id: 16.000
#1364360 16.07.2026 17:31:20 : WRN WBAPI : eID-662ac4(277): /Dive/Alarms/Acknowledge 404
#1364361 16.07.2026 17:31:20 : EVT WBSTORAGE : CACHE_DEFRAG (904->976, 24->24, 25)
#1364362 16.07.2026 17:31:20 : EVT WBSTORAGE : CACHE_DEFRAG (896->928, 24->24, 25)
#1364363 16.07.2026 17:31:20 : EVT WBSTORAGE : CACHE_DEFRAG (856->888, 24->24, 25)
#1364364 16.07.2026 17:31:20 : EVT WBSTORAGE : CACHE_DEFRAG (816->864, 24->24, 25)
#1364365 16.07.2026 17:31:20 : EVT WBSTORAGE : CACHE_DEFRAG (784->792, 24->24, 25)
#1364366 16.07.2026 17:31:20 : EVT BLE : BLE Sensor Link 4800180D Conn (--E-:00:1)
#1364367 16.07.2026 17:31:20 : WRN WBAPI : eID-662ac4(277): /Dive/TankPressure/Alarm/Count 404
#1364368 16.07.2026 17:31:20 : EVT SPEEDFUSION : INFO # start speed fusion
#1364369 16.07.2026 17:31:21 : EVT SPEEDFUSION : Act:16,Acc:0,BPod:0,FPod:0,PPod:0,BeltPod:1
#1364370 16.07.2026 17:31:21 : EVT SPEEDFUSION : INFO # Start algo without wrist acc
#1364371 16.07.2026 17:31:21 : EVT <Unknown> : Update pres sampl intrvl:1
#1364372 16.07.2026 17:31:21 : EVT OHR : S:start 0x21a3
#1364373 16.07.2026 17:31:21 : EVT <Unknown> : 1784215881207:Meas start 0x21a3
#1364374 16.07.2026 17:31:23 : EVT UI_FRAMEWORK : evalFile: b:/zapp/climbl02.fea/ext18.js from ui
#1364375 16.07.2026 17:31:25 : EVT OHR : No HR update, invalidate by timer
#1364376 16.07.2026 17:31:26 : EVT UI_FRAMEWORK : evalFile: b:/zapp/climbl02.fea/ext16.js from ui
#1364377 16.07.2026 17:31:30 : EVT BLE : lt,scan 1
#1364378 16.07.2026 17:31:30 : WRN BLE : sendDisconnect 6157
#1364379 16.07.2026 17:31:30 : ERR BLE : [AURA]No filters left, stopping scan
#1364380 16.07.2026 17:31:30 : ERR BLE : [AURA]Filter with handle 72 not found
#1364381 16.07.2026 17:31:30 : EVT WBSTORAGE : CACHE_DEFRAG (768->920, 24->24, 25)
#1364382 16.07.2026 17:31:30 : EVT BLE : packet 0 sensor found count 1
#1364383 16.07.2026 17:31:30 : EVT BLE : packet 0 sensor found count 2
#1364384 16.07.2026 17:31:31 : EVT OHR : new HR update
#1364385 16.07.2026 17:31:31 : EVT ANALYTICS : #FusHr src:2 time:10032
#1364386 16.07.2026 17:32:41 : EVT <Unknown> : 1784215960417:Off Skin Set.
#1364387 16.07.2026 17:32:41 : EVT <Unknown> : 1784215960919:On Skin Set.
#1364388 16.07.2026 17:32:43 : EVT ANALYTICS : #FusHr src:2 time:0
#1364389 16.07.2026 17:32:43 : ERR BLE : [AURA]No filters left, stopping scan
#1364390 16.07.2026 17:32:43 : WRN WBAPI : eID-662ac4(277): /Dive/Alarms/Acknowledge 404
#1364391 16.07.2026 17:32:43 : EVT WBSTORAGE : CACHE_DEFRAG (840->848, 24->24, 25)
#1364392 16.07.2026 17:32:44 : EVT TRAININGLAB : TLab:~Mode T 15242 + 1072 A 2410 + 0
#1364393 16.07.2026 17:32:44 : EVT TRAININGLAB : TLab:Change mode 2->3
#1364394 16.07.2026 17:32:44 : EVT TRAININGLAB : TLab:Mode::userInfo 50, 200, 1, 37, 182, 950, 1990
#1364395 16.07.2026 17:32:44 : EVT LOGGER : Log space:33210615 bytes free
#1364396 16.07.2026 17:32:44 : EVT TRAININGLAB : ModeUnsub:2800
#1364397 16.07.2026 17:32:44 : EVT TRAININGLAB : ModeSub:9004
#1364398 16.07.2026 17:32:44 : EVT TRAININGLAB : TLab:Select input 0
#1364399 16.07.2026 17:32:44 : EVT TRAININGLAB : Tlab:HR src is 2
#1364400 16.07.2026 17:32:44 : EVT TRAININGLAB : TLab:Active input 0
#1364401 16.07.2026 17:32:44 : EVT WBSTORAGE : CACHE_DEFRAG (816->992, 24->24, 25)
#1364402 16.07.2026 17:32:44 : EVT LOGGER : Exercise started
#1364403 16.07.2026 17:32:44 : TRC GPS : Full GNSS data subd l:0 c:802b0000
#1364404 16.07.2026 17:32:44 : ERR WBMAIN : *0: app 741 Event 37 809c031a
#1364405 16.07.2026 17:32:44 : ERR WBMAIN : 1: mea 0 Wait 0 00000000
#1364406 16.07.2026 17:32:44 : ERR WBMAIN : 2: ui 42 Wait 0 00000000
#1364407 16.07.2026 17:32:44 : EVT TRAININGLAB : TLab:Active input 1
#1364408 16.07.2026 17:32:44 : EVT APPLICATION : Zapp zzmoveen:templ load:b:/zapp/zzmoveen.fea/t.xml
#1364409 16.07.2026 17:32:45 : WRN WBAPI : eID-662ac4(277): /Dive/Alarms/Acknowledge 404
#1364410 16.07.2026 17:32:45 : EVT APPLICATION : Zapp zzmoveen:templ load:b:/zapp/zzmoveen.fea/t.xml
#1364411 16.07.2026 17:32:45 : EVT APPLICATION : Zapp zzwethen:templ load:b:/zapp/zzwethen.fea/t.xml
#1364412 16.07.2026 17:32:45 : EVT ANALYTICS : Battery-> 3 soc:100
#1364413 16.07.2026 17:32:45 : EVT ANALYTICS : #FusHr src:2 time:0
#1364414 16.07.2026 17:32:45 : EVT ANALYTICS : #Act id:16
#1364415 16.07.2026 17:32:45 : EVT ANALYTICS : #powersave mode:p temp:24.9
#1364416 16.07.2026 17:32:45 : EVT ANALYTICS : GPSMODE:NOTUSED
#1364417 16.07.2026 17:32:45 : EVT ANALYTICS : #gnss d:2026-07-16T00:00:00Z
#1364418 16.07.2026 17:32:45 : EVT ANALYTICS : #zapp n:Weather e:1
#1364419 16.07.2026 17:32:45 : EVT ANALYTICS : #zapp n:Movement e:1
#1364420 16.07.2026 17:32:45 : EVT ANALYTICS : #zapp n:Climb Log e:1
#1364421 16.07.2026 17:32:46 : EVT APPLICATION : Zapp climbl02:templ load:b:/zapp/climbl02.fea/setup.xml
#1364422 16.07.2026 17:32:48 : EVT UI_FRAMEWORK : evalFile: b:/zapp/climbl02.fea/ext22.js from ui
#1364423 16.07.2026 17:32:51 : EVT ANALYTICS : #ws AID:16 BM:1 NS:0 SP:3 ZN:0 TG:0 GPS:0
#1364424 16.07.2026 17:32:51 : EVT ANALYTICS : #2ws AID:16 WHR:1 INT:0 AL:0 AP:0 FE:1 MC:1 TH:0
#1364425 16.07.2026 17:32:52 : EVT <Unknown> : 1784215971312:Off Skin Set.
#1364426 16.07.2026 17:32:54 : EVT PMIC : VBUS state is ON
#1364427 16.07.2026 17:32:54 : EVT PMIC : chgCntl1:0x70
#1364428 16.07.2026 17:32:54 : EVT PMIC : check chgCntl1:0x74
#1364429 16.07.2026 17:32:54 : EVT PMIC : Turn charge ON since VBUS->ON
#1364430 16.07.2026 17:32:54 : EVT PMIC : PMIC temp zone:0x2
#1364431 16.07.2026 17:32:54 : EVT OHR : VBUS on
#1364432 16.07.2026 17:32:54 : EVT OHR : S:stop a3
#1364433 16.07.2026 17:32:54 : EVT <Unknown> : 1784215974565:On Skin Set.
#1364434 16.07.2026 17:32:54 : EVT <Unknown> : 1784215974897:Meas stop 0x21a3
#1364435 16.07.2026 17:32:54 : WRN <Unknown> : 1784215974897:FSM EVT STOP.
#1364436 16.07.2026 17:32:54 : EVT OHR : S:OFF 1->0
#1364437 16.07.2026 17:32:54 : EVT PMIC : VBUS state is ON
#1364438 16.07.2026 17:32:55 : EVT PMIC : PMIC temp zone:0x7
#1364439 16.07.2026 17:32:55 : EVT PMIC : VBUS state is OFF
#1364440 16.07.2026 17:32:55 : EVT PMIC : Turn charge OFF since VBUS->OFF
#1364441 16.07.2026 17:32:55 : EVT OHR : VBUS off
#1364442 16.07.2026 17:32:55 : EVT OHR : S:ON 0->1
#1364443 16.07.2026 17:32:55 : WRN WBAPI : eID-662ac4(277): /Dive/Alarms/Acknowledge 404
#1364444 16.07.2026 17:32:55 : EVT OHR : APPINIT:caps 0x1f4, befd5e61
#1364445 16.07.2026 17:32:55 : EVT <Unknown> : 1784215975865:AI@1784215975840, tz120
#1364446 16.07.2026 17:32:55 : EVT OHR : S:start 0x21a3
#1364447 16.07.2026 17:32:55 : EVT <Unknown> : 1784215975871:Meas start 0x21a3
#1364448 16.07.2026 17:32:56 : EVT APPLICATION : Zapp climbl02:templ load:b:/zapp/climbl02.fea/setup.xml
#1364449 16.07.2026 17:32:56 : EVT OHR : No HR update, invalidate by timer
#1364450 16.07.2026 17:32:56 : EVT <Unknown> : 1784215975885:PD1464, 0
#1364451 16.07.2026 17:32:56 : EVT <Unknown> : 1784215975943:GMV 20251126/1/4/0/395/46
#1364452 16.07.2026 17:32:56 : EVT <Unknown> : 1784215976196:Mi1.6.10, auth 0, hr_mode 0
#1364453 16.07.2026 17:32:56 : EVT <Unknown> : 1784215976447:On Skin Set.
#1364454 16.07.2026 17:33:00 : ERR <Unknown> : 1784215980461:Mi invalid call:100,code:0.
#1364455 16.07.2026 17:33:02 : EVT UI_FRAMEWORK : evalFile: b:/zapp/climbl02.fea/ext13.js from ui
#1364456 16.07.2026 17:33:03 : WRN WBAPI : eID-662ac4(277): /Dive/Alarms/Acknowledge 404
#1364457 16.07.2026 17:33:03 : EVT APPLICATION : Zapp climbl02:templ load:b:/zapp/climbl02.fea/ready.xml
#1364458 16.07.2026 17:33:05 : EVT APPLICATION : Zapp zzwethen:templ load:b:/zapp/zzwethen.fea/t.xml
#1364459 16.07.2026 17:33:05 : EVT APPLICATION : Zapp zzmoveen:templ load:b:/zapp/zzmoveen.fea/t.xml
#1364460 16.07.2026 17:33:07 : EVT LOGGER : Exercise paused
#1364461 16.07.2026 17:33:07 : WRN WBAPI : eID-662ac4(277): /Dive/Alarms/Acknowledge 404
#1364462 16.07.2026 17:33:08 : EVT APPLICATION : Zapp zzmoveen:templ load:b:/zapp/zzmoveen.fea/t.xml
#1364463 16.07.2026 17:33:08 : WRN WBAPI : eID-662ac4(277): /Settings/General/BacklightForced 404
#1364464 16.07.2026 17:33:09 : EVT APPLICATION : Zapp climbl02:Disable
#1364465 16.07.2026 17:33:09 : EVT UI_FRAMEWORK : evalFile: b:/zapp/climbl02.fea/ext11.js from ui
#1364466 16.07.2026 17:33:10 : EVT ANALYTICS : Zapp disabled i:5 h:a5e7afa6 n:Climb Log
#1364467 16.07.2026 17:33:10 : EVT APPLICATION : Zapp zzmoveen:Disable
#1364468 16.07.2026 17:33:10 : EVT ANALYTICS : Zapp disabled i:6 h:7aac0887 n:Movement
#1364469 16.07.2026 17:33:10 : EVT UI_FRAMEWORK : evalFile: b:/zapp/zzmoveen.fea/ext2.js from ui
#1364470 16.07.2026 17:33:10 : EVT APPLICATION : Zapp zzwethen:Disable
#1364471 16.07.2026 17:33:10 : EVT ANALYTICS : Zapp disabled i:8 h:3f77f8ec n:Weather
#1364472 16.07.2026 17:33:10 : EVT UI_FRAMEWORK : JS discard disable zapps
#1364473 16.07.2026 17:33:10 : EVT UI_FRAMEWORK : JS will discard
#1364474 16.07.2026 17:33:10 : EVT BRIGHTNESS : Custom state pwr:[-1,-1] bri:[-1.00,-1.00]
#1364475 16.07.2026 17:33:10 : EVT SPEEDFUSION : INFO # stop speed fusion
#1364476 16.07.2026 17:33:10 : EVT <Unknown> : Update pres sampl intrvl:5
#1364477 16.07.2026 17:33:10 : WRN APPLICATION : discard hrr meas l:3 d:0 sh:0 mh:0 v:0
#1364478 16.07.2026 17:33:10 : WRN WBAPI : eID-66abdc(583/65535): 404
#1364479 16.07.2026 17:33:10 : EVT TRAININGZONE : User Define Mode:5
#1364480 16.07.2026 17:33:10 : EVT TRAININGZONE : Tss HR:0.14
#1364481 16.07.2026 17:33:10 : EVT TRAININGZONE : A:16,Tss:[-200.00,-200.00,-200.00,0.14]
#1364482 16.07.2026 17:33:10 : EVT TRAININGLAB : AppFeature Vo2Max 0.000000
#1364483 16.07.2026 17:33:10 : EVT TRAININGLAB : TLab:~Mode T 16314 + 1 A 2410 + 0
#1364484 16.07.2026 17:33:10 : EVT TRAININGLAB : TLab:Change mode 3->2
#1364485 16.07.2026 17:33:10 : EVT TRAININGLAB : TLab:Mode::userInfo 50, 200, 1, 37, 182, 950, 1990
#1364486 16.07.2026 17:33:10 : EVT LOGGER : LGR 934, 80
#1364487 16.07.2026 17:33:10 : EVT TRAININGLAB : ModeUnsub:9145
#1364488 16.07.2026 17:33:10 : EVT OHR : S:start 0x2123
#1364489 16.07.2026 17:33:10 : EVT TRAININGLAB : ModeSub:0400
#1364490 16.07.2026 17:33:10 : EVT ANALYTICS : WAOae:Activity WAOae:16
#1364491 16.07.2026 17:33:10 : EVT ANALYTICS : WAOae:TotalAcc WAOae:0,0,0
#1364492 16.07.2026 17:33:10 : EVT ANALYTICS : WAOae:AccCount WAOae:0,0,0
#1364493 16.07.2026 17:33:10 : EVT ANALYTICS : WAOae:Distance WAOae:0,0,0
#1364494 16.07.2026 17:33:10 : EVT ANALYTICS : WAOae:Duration WAOae:0,0,0
#1364495 16.07.2026 17:33:10 : EVT ANALYTICS : WAOae:Coeff WAOae:0,40,316,466,773,7524,7624
#1364496 16.07.2026 17:33:10 : EVT LOGGER : Exercise stopped
#1364497 16.07.2026 17:33:10 : EVT LOGGER : HrIbiLogger stop, off (0 ms)
#1364498 16.07.2026 17:33:10 : EVT LOGGER : HrIbiLogger stopped (0 ms)
#1364499 16.07.2026 17:33:10 : TRC GPS : Unsubd c:802b0000
#1364500 16.07.2026 17:33:10 : EVT LOGGER : LGR 934, 80
#1364501 16.07.2026 17:33:10 : EVT WBSTORAGE : CACHE_DEFRAG (960->1064, 24->24, 25)
#1364502 16.07.2026 17:33:10 : EVT ANALYTICS : SleepQ:Tracking:On
#1364503 16.07.2026 17:33:10 : EVT LOGGER : Wr dpc on
#1364504 16.07.2026 17:33:10 : WRN LOGGER : feeling: not save sum,f:100,got:0
#1364505 16.07.2026 17:33:10 : EVT LOGGER : LGR 20993, 56
#1364506 16.07.2026 17:33:10 : EVT <Unknown> : 1784215990299:Meas start 0x2123
#1364507 16.07.2026 17:33:11 : EVT WBSTORAGE : CACHE_DEFRAG (1040->1064, 24->24, 25)
#1364508 16.07.2026 17:33:11 : EVT WBSTORAGE : CACHE_DEFRAG (1048->1056, 24->24, 25)
#1364509 16.07.2026 17:33:11 : EVT WBSTORAGE : CACHE_DEFRAG (1040->1048, 24->24, 25)
#1364510 16.07.2026 17:33:11 : EVT WBSTORAGE : CACHE_DEFRAG (1032->1040, 24->24, 25)
#1364511 16.07.2026 17:33:11 : EVT WBSTORAGE : CACHE_DEFRAG (1024->1064, 24->24, 25)
#1364512 16.07.2026 17:33:11 : EVT SPEEDFUSION : INFO # IDLE mode(-1) set
#1364513 16.07.2026 17:33:11 : EVT ALTIFUSION : AltiBaroMode:2
#1364514 16.07.2026 17:33:11 : ERR WBMAIN : *0: app 755 Event 28 802c400e
#1364515 16.07.2026 17:33:11 : ERR WBMAIN : 1: mea 0 Wait 0 00000000
#1364516 16.07.2026 17:33:11 : ERR WBMAIN : 2: ui 5 Wait 0 00000000
#1364517 16.07.2026 17:33:11 : EVT WBSTORAGE : CACHE_DEFRAG (1040->1048, 24->24, 25)
#1364518 16.07.2026 17:33:11 : EVT BLE : Disconn sensor:1
#1364519 16.07.2026 17:33:11 : EVT BLE : BLE Sensor Link 4800180D Disc (L-E-:00:0)
#1364520 16.07.2026 17:33:11 : WRN BLE : sendDisconnect 6157
#1364521 16.07.2026 17:33:11 : ERR BLE : [AURA]Filter with handle 72 not found
#1364522 16.07.2026 17:33:12 : EVT ANALYTICS : #powersave mode:p temp:25.0
#1364523 16.07.2026 17:33:12 : EVT ANALYTICS : Battery-> 4 soc:100
#1364524 16.07.2026 17:33:14 : EVT UI_FRAMEWORK : JS discard
#1364525 16.07.2026 17:33:14 : WRN LOGGER : Delete b:logs/6A58F99C
#1364526 16.07.2026 17:33:16 : EVT WBSTORAGE : CACHE_DEFRAG (1032->1040, 24->24, 25)
#1364527 16.07.2026 17:33:16 : EVT APPLICATION : Zapp zwc05901:Load script
#1364528 16.07.2026 17:33:16 : EVT APPLICATION : Zapp zwc05901:Enable
#1364529 16.07.2026 17:33:16 : EVT ANALYTICS : Zapp enabled i:3 h:ddb248f2 n:zwc05901 v:124f
#1364530 16.07.2026 17:33:16 : EVT APPLICATION : Zapp zwc05901:templ load:b:/zapp/zwc05901.wfa/wf.xml
#1364531 16.07.2026 17:33:16 : WRN WBAPI : eID-662ac4(277): /Weather/Current/ValidWeatherData.temp 
#1364532 16.07.2026 17:34:16 : EVT APPLICATION : Zapp zwc05901:templ load:b:/zapp/zwc05901.wfa/wf-lowp-q.
#1364533 16.07.2026 17:34:32 : EVT BLE : DEV M connected
#1364534 16.07.2026 17:34:32 : TRC BLE : SVC M/F000 enabled
#1364535 16.07.2026 17:34:32 : EVT WBCOMM : P-9 connection made to ECSD00000000
#1364536 16.07.2026 17:34:32 : EVT WBCOMM : New Route: ECSD00000000
#1364537 16.07.2026 17:34:39 : TRC BLE : SVC M/F000 disabled
#1364538 16.07.2026 17:34:39 : EVT WBCOMM : Route lost: ECSD00000000
#1364539 16.07.2026 17:34:42 : EVT BLE : DEV M disconnected
#1364540 16.07.2026 17:34:42 : EVT WBSTORAGE : CACHE_DEFRAG (912->936, 24->24, 25)
#1364541 16.07.2026 17:34:42 : EVT WBSTORAGE : CACHE_DEFRAG (864->880, 24->24, 25)
#1364542 16.07.2026 17:34:54 : EVT BLE : DEV M connected
#1364543 16.07.2026 17:34:54 : TRC BLE : SVC M/F000 enabled
#1364544 16.07.2026 17:34:54 : EVT WBCOMM : P-9 connection made to ECSD00000000
#1364545 16.07.2026 17:34:54 : EVT WBCOMM : New Route: ECSD00000000
#1364546 16.07.2026 17:35:01 : TRC BLE : SVC M/F000 disabled
#1364547 16.07.2026 17:35:01 : EVT WBCOMM : Route lost: ECSD00000000
#1364548 16.07.2026 17:35:04 : EVT BLE : DEV M disconnected
#1364549 16.07.2026 17:35:06 : EVT BLE : DEV M connected
#1364550 16.07.2026 17:35:07 : TRC BLE : SVC M/F000 enabled
#1364551 16.07.2026 17:35:07 : EVT WBCOMM : P-9 connection made to ECSD00000000
#1364552 16.07.2026 17:35:07 : EVT WBCOMM : New Route: ECSD00000000
#1364553 16.07.2026 17:35:11 : WRN <Unknown> : 1784216110329:Device stationary, stopping optical meas
#1364554 16.07.2026 17:35:11 : EVT <Unknown> : 1784216110329:SCD DET STATE OFF cnt:0/0.
#1364555 16.07.2026 17:35:14 : TRC BLE : SVC M/F000 disabled
#1364556 16.07.2026 17:35:14 : EVT WBCOMM : Route lost: ECSD00000000
#1364557 16.07.2026 17:35:15 : EVT OHR : No HR update, invalidate by timer
#1364558 16.07.2026 17:35:17 : EVT BLE : DEV M disconnected
#1364559 16.07.2026 17:36:00 : EVT SEDENTARY : stop monitoring
#1364560 16.07.2026 17:38:24 : EVT <Unknown> : 1784216303632:xiaomi reset t:327792541/134490264.
#1364561 16.07.2026 17:38:24 : EVT <Unknown> : 1784216303633:On Skin Set.
#1364562 16.07.2026 17:38:28 : ERR <Unknown> : 1784216307642:Mi invalid call:100,code:0.
#1364563 16.07.2026 17:38:39 : EVT OHR : new HR update
#1364564 16.07.2026 17:38:50 : EVT OHR : No HR update, invalidate by timer
#1364565 16.07.2026 17:38:54 : EVT OHR : new HR update
#1364566 16.07.2026 17:39:23 : EVT APPLICATION : Zapp zwc05901:templ load:b:/zapp/zwc05901.wfa/wf-lowp-q.
#1364567 16.07.2026 17:40:00 : ERR WBMAIN : *0: app 631 Event 24 808b2700
#1364568 16.07.2026 17:40:00 : ERR WBMAIN : 1: mea 0 Event 3 808b1701
#1364569 16.07.2026 17:40:00 : ERR WBMAIN : 2: ui 7 Wait 0 00000000
#1364570 16.07.2026 17:40:24 : WRN <Unknown> : 1784216423661:Device stationary, stopping optical meas
#1364571 16.07.2026 17:40:24 : EVT <Unknown> : 1784216423661:SCD DET STATE OFF cnt:0/0.
#1364572 16.07.2026 17:40:28 : EVT OHR : No HR update, invalidate by timer
#1364573 16.07.2026 17:41:00 : EVT SEDENTARY : stop monitoring
#1364574 16.07.2026 17:47:48 : EVT <Unknown> : 1784216867776:xiaomi reset t:891935882/447822418.
#1364575 16.07.2026 17:47:48 : EVT <Unknown> : 1784216867776:On Skin Set.
#1364576 16.07.2026 17:47:52 : ERR <Unknown> : 1784216871385:Mi invalid call:100,code:0.
#1364577 16.07.2026 17:47:59 : EVT OHR : new HR update
#1364578 16.07.2026 17:48:10 : EVT OHR : No HR update, invalidate by timer
#1364579 16.07.2026 17:48:15 : ERR <Unknown> : 1784216895283:Hr_out conf_low:66/10.
#1364580 16.07.2026 17:48:31 : EVT OHR : new HR update
#1364581 16.07.2026 17:48:45 : EVT OHR : No HR update, invalidate by timer
#1364582 16.07.2026 17:48:48 : EVT OHR : new HR update
#1364583 16.07.2026 17:49:48 : WRN <Unknown> : 1784216987804:Device stationary, stopping optical meas
#1364584 16.07.2026 17:49:48 : EVT <Unknown> : 1784216987805:SCD DET STATE OFF cnt:0/0.
#1364585 16.07.2026 17:49:52 : EVT OHR : No HR update, invalidate by timer
#1364586 16.07.2026 17:50:00 : EVT SEDENTARY : stop monitoring
#1364587 16.07.2026 17:50:14 : EVT <Unknown> : 1784217013317:On Skin Set.
#1364588 16.07.2026 17:50:14 : EVT OHR : new HR update
#1364589 16.07.2026 17:50:16 : EVT PMIC : VBUS state is OFF
#1364590 16.07.2026 17:50:16 : EVT PMIC : PMIC temp zone:0x7
#1364591 16.07.2026 17:50:16 : EVT PMIC : VBUS state is OFF
#1364592 16.07.2026 17:50:17 : EVT PMIC : VBUS state is ON
#1364593 16.07.2026 17:50:17 : EVT PMIC : chgCntl1:0x70
#1364594 16.07.2026 17:50:17 : EVT PMIC : check chgCntl1:0x74
#1364595 16.07.2026 17:50:17 : EVT PMIC : Turn charge ON since VBUS->ON
#1364596 16.07.2026 17:50:17 : EVT PMIC : PMIC temp zone:0x2
#1364597 16.07.2026 17:50:17 : EVT OHR : VBUS on
#1364598 16.07.2026 17:50:17 : EVT OHR : S:stop 23
#1364599 16.07.2026 17:50:17 : EVT <Unknown> : 1784217017565:Meas stop 0x2123
#1364600 16.07.2026 17:50:17 : WRN <Unknown> : 1784217017565:FSM EVT STOP.
#1364601 16.07.2026 17:50:17 : EVT OHR : S:OFF 1->0
#1364602 16.07.2026 17:50:17 : EVT PMIC : VBUS state is ON
#1364603 16.07.2026 17:50:21 : TRC FUEL_GAUGE : Chg->1,B:5,C:11.6,V:4430,U:1,bF:100%,bC:100%
#1364604 16.07.2026 17:50:21 : EVT ANALYTICS : Battery-> 2 soc:100
#1364605 16.07.2026 17:50:22 : EVT OHR : No HR update, invalidate by timer
#1364606 16.07.2026 17:50:29 : EVT WBCOMM : P-9 connection made to ECSD00000000
#1364607 16.07.2026 17:50:29 : EVT WBCOMM : New Route: ECSD00000000
#1364608 16.07.2026 17:50:31 : EVT PMIC : PMIC Precharge
#1364609 16.07.2026 17:50:31 : EVT PMIC : PMIC Precharge
#1364610 16.07.2026 17:50:32 : EVT PMIC : PMIC Precharge
#1364611 16.07.2026 17:50:32 : EVT PMIC : PMIC Precharge
#1364612 16.07.2026 17:50:32 : EVT PMIC : PMIC Precharge
#1364613 16.07.2026 17:50:32 : EVT PMIC : PMIC Precharge
#1364614 16.07.2026 17:50:32 : EVT PMIC : PMIC Precharge
#1364615 16.07.2026 17:50:32 : ERR WBMAIN : *0: app 852 Event 36 80005311
#1364616 16.07.2026 17:50:32 : ERR WBMAIN : 1: mea 10 Wait 0 00000000
#1364617 16.07.2026 17:50:32 : ERR WBMAIN : 2: ui 71 Wait 0 00000000
#1364618 16.07.2026 17:50:32 : EVT PMIC : PMIC Precharge
#1364619 16.07.2026 17:50:32 : EVT PMIC : PMIC Precharge
#1364620 16.07.2026 17:50:32 : EVT WBSTORAGE : CACHE_DEFRAG (808->816, 24->24, 25)
#1364621 16.07.2026 17:50:32 : EVT WBSTORAGE : CACHE_DEFRAG (784->792, 24->24, 25)
#1364622 16.07.2026 17:50:32 : EVT <Unknown> : DL Region List
#1364623 16.07.2026 17:50:32 : EVT WIFI : Pwr up
#1364624 16.07.2026 17:50:32 : EVT PMIC : PMIC Precharge
#1364625 16.07.2026 17:50:32 : EVT PMIC : PMIC Precharge
#1364626 16.07.2026 17:50:32 : EVT PMIC : PMIC Precharge
#1364627 16.07.2026 17:50:33 : EVT PMIC : PMIC Precharge
#1364628 16.07.2026 17:50:33 : EVT PMIC : PMIC Precharge
#1364629 16.07.2026 17:50:33 : EVT PMIC : PMIC Precharge
#1364630 16.07.2026 17:50:33 : EVT PMIC : PMIC Precharge
#1364631 16.07.2026 17:50:33 : EVT ANALYTICS : Sync start
#1364632 16.07.2026 17:50:33 : EVT PMIC : PMIC Precharge
#1364633 16.07.2026 17:50:33 : EVT PMIC : PMIC Precharge
#1364634 16.07.2026 17:50:33 : EVT PMIC : PMIC Precharge
#1364635 16.07.2026 17:50:39 : EVT WIFI : pwr up
#1364636 16.07.2026 17:50:39 : EVT WIFI : SDK Ver(3.2.8.1)
#1364637 16.07.2026 17:50:39 : EVT WIFI : Scann APs (1/3)
#1364638 16.07.2026 17:50:40 : EVT WIFI : APs scanned:11
#1364639 16.07.2026 17:50:40 : WRN WIFI : No APs matched to connect
#1364640 16.07.2026 17:50:40 : EVT WIFI : Scann APs (2/3)
#1364641 16.07.2026 17:50:40 : EVT PMIC : PMIC Precharge
#1364642 16.07.2026 17:50:40 : EVT WIFI : APs scanned:14
#1364643 16.07.2026 17:50:40 : WRN WIFI : No APs matched to connect
#1364644 16.07.2026 17:50:40 : EVT WIFI : Scann APs (3/3)
#1364645 16.07.2026 17:50:41 : EVT WIFI : APs scanned:15
#1364646 16.07.2026 17:50:41 : WRN WIFI : No APs matched to connect
#1364647 16.07.2026 17:50:41 : EVT WIFI : Internal connect ret:103
#1364648 16.07.2026 17:50:41 : ERR <Unknown> : DL GET resultCode=500
#1364649 16.07.2026 17:50:41 : EVT <Unknown> : DL try retry after 900000 ms
#1364650 16.07.2026 17:50:54 : EVT WIFI : Pwr down idle wifi (TO:13se)
#1364651 16.07.2026 17:50:54 : EVT WIFI : pwr down OK
#1364652 16.07.2026 17:51:00 : EVT SEDENTARY : stop monitoring
#1364653 16.07.2026 17:54:16 : EVT BLE : DEV M connected
#1364654 16.07.2026 17:54:16 : TRC BLE : SVC M/F000 enabled
#1364655 16.07.2026 17:54:16 : EVT WBCOMM : P-9 connection made to ECSD00000000
#1364656 16.07.2026 17:54:16 : EVT WBCOMM : New Route: ECSD00000000
#1364657 16.07.2026 17:54:23 : TRC BLE : SVC M/F000 disabled
#1364658 16.07.2026 17:54:23 : EVT WBCOMM : Route lost: ECSD00000000
#1364659 16.07.2026 17:54:26 : EVT BLE : DEV M disconnected
#1364660 16.07.2026 17:54:26 : EVT WBSTORAGE : CACHE_DEFRAG (744->920, 24->24, 25)
#1364661 16.07.2026 17:55:10 : EVT PMIC : PMIC temp zone:0x7
#1364662 16.07.2026 17:55:10 : EVT PMIC : VBUS state is OFF
#1364663 16.07.2026 17:55:10 : EVT PMIC : Turn charge OFF since VBUS->OFF
#1364664 16.07.2026 17:55:10 : EVT WBCOMM : Route lost: ECSD00000000
#1364665 16.07.2026 17:55:10 : TRC FUEL_GAUGE : Chg->0,B:5,C:15.3,V:4442,U:0,bF:100%,bC:100%
#1364666 16.07.2026 17:55:10 : EVT OHR : VBUS off
#1364667 16.07.2026 17:55:10 : EVT OHR : S:ON 0->1
#1364668 16.07.2026 17:55:10 : EVT WBSTORAGE : CACHE_DEFRAG (848->896, 24->24, 25)
#1364669 16.07.2026 17:55:10 : EVT ANALYTICS : Battery-> 1 soc:100
#1364670 16.07.2026 17:55:10 : EVT OHR : APPINIT:caps 0x1f4, befd5e61
#1364671 16.07.2026 17:55:10 : EVT <Unknown> : 1784217310866:AI@1784217310840, tz120
#1364672 16.07.2026 17:55:10 : EVT OHR : S:start 0x2123
#1364673 16.07.2026 17:55:10 : EVT <Unknown> : 1784217310871:Meas start 0x2123
#1364674 16.07.2026 17:55:11 : EVT <Unknown> : 1784217310885:PD1464, 0
#1364675 16.07.2026 17:55:11 : EVT <Unknown> : 1784217310944:GMV 20251126/1/4/0/395/46
#1364676 16.07.2026 17:55:11 : EVT <Unknown> : 1784217311200:Mi1.6.10, auth 0, hr_mode 0
#1364677 16.07.2026 17:55:11 : EVT <Unknown> : 1784217311451:On Skin Set.
#1364678 16.07.2026 17:55:15 : ERR <Unknown> : 1784217315465:Mi invalid call:100,code:0.
#1364679 16.07.2026 17:55:17 : EVT WBSTORAGE : CACHE_DEFRAG (768->784, 24->24, 25)
#1364680 16.07.2026 17:55:17 : EVT WBSTORAGE : CACHE_DEFRAG (736->1000, 24->24, 25)
#1364681 16.07.2026 17:55:17 : EVT WBSTORAGE : CACHE_DEFRAG (920->992, 24->24, 25)
#1364682 16.07.2026 17:55:17 : EVT ALTIFUSION : AltiBaroMode:0
#1364683 16.07.2026 17:55:17 : EVT WBSTORAGE : CACHE_DEFRAG (968->976, 24->24, 25)
#1364684 16.07.2026 17:55:18 : EVT WBSTORAGE : CACHE_DEFRAG (944->952, 24->24, 25)
#1364685 16.07.2026 17:55:18 : EVT WBSTORAGE : CACHE_DEFRAG (920->928, 24->24, 25)
#1364686 16.07.2026 17:55:18 : EVT WBSTORAGE : CACHE_DEFRAG (896->904, 24->24, 25)
#1364687 16.07.2026 17:55:18 : ERR WBMAIN : *0: app 688 Event 37 809c331f
#1364688 16.07.2026 17:55:18 : ERR WBMAIN : 1: mea 9 Wait 0 00000000
#1364689 16.07.2026 17:55:18 : ERR WBMAIN : 2: ui 13 Wait 0 00000000
#1364690 16.07.2026 17:55:18 : EVT APPLICATION : Zapp zwc05901:Disable
#1364691 16.07.2026 17:55:18 : EVT ANALYTICS : Zapp disabled i:3 h:ddb248f2 n:Vector classic
#1364692 16.07.2026 17:55:18 : EVT ANALYTICS : SleepQ:Tracking:On
#1364693 16.07.2026 17:55:18 : EVT ALTIFUSION : AltiBaroMode:0
#1364694 16.07.2026 17:55:18 : EVT WBSTORAGE : CACHE_DEFRAG (872->952, 24->24, 25)
#1364695 16.07.2026 17:55:18 : EVT UI_FRAMEWORK : JS nsto enable zapp: zzmoveen
#1364696 16.07.2026 17:55:18 : EVT UI_FRAMEWORK : JS nsto enable zapp: zzwethen
#1364697 16.07.2026 17:55:18 : EVT UI_FRAMEWORK : JS nsto enable zapp: climbl02
#1364698 16.07.2026 17:55:18 : EVT APPLICATION : Zapp zzmoveen:Load script
#1364699 16.07.2026 17:55:18 : EVT APPLICATION : Zapp zzmoveen:Enable
#1364700 16.07.2026 17:55:18 : EVT ANALYTICS : Zapp enabled i:6 h:7aac0887 n:zzmoveen v:8e0
#1364701 16.07.2026 17:55:18 : EVT UI_FRAMEWORK : evalFile: b:/zapp/zzmoveen.fea/ext1.js from ui
#1364702 16.07.2026 17:55:18 : EVT APPLICATION : Zapp clid:32878
#1364703 16.07.2026 17:55:18 : EVT APPLICATION : Zapp zzwethen:Load script
#1364704 16.07.2026 17:55:18 : EVT APPLICATION : Zapp zzwethen:Enable
#1364705 16.07.2026 17:55:18 : EVT ANALYTICS : Zapp enabled i:8 h:3f77f8ec n:zzwethen v:ade
#1364706 16.07.2026 17:55:18 : EVT APPLICATION : Zapp clid:32879
#1364707 16.07.2026 17:55:18 : EVT APPLICATION : Zapp climbl02:Load script
#1364708 16.07.2026 17:55:19 : EVT APPLICATION : Zapp climbl02:Enable
#1364709 16.07.2026 17:55:19 : EVT ANALYTICS : Zapp enabled i:5 h:a5e7afa6 n:climbl02 v:2.0
#1364710 16.07.2026 17:55:19 : EVT APPLICATION : Zapp clid:32880
#1364711 16.07.2026 17:55:19 : ERR WBMAIN : *0: app 703 Event 37 809c5319
#1364712 16.07.2026 17:55:19 : ERR WBMAIN : 1: mea 17 Wait 0 00000000
#1364713 16.07.2026 17:55:19 : ERR WBMAIN : 2: ui 16 Wait 0 00000000
#1364714 16.07.2026 17:55:19 : EVT UI_FRAMEWORK : JS nsto all zapps enabled.
#1364715 16.07.2026 17:55:19 : EVT UI_FRAMEWORK : JS Prestart Activity Id: 16.000
#1364716 16.07.2026 17:55:19 : WRN WBAPI : eID-662ac4(277): /Dive/Alarms/Acknowledge 404
#1364717 16.07.2026 17:55:19 : EVT WBSTORAGE : CACHE_DEFRAG (904->976, 24->24, 25)
#1364718 16.07.2026 17:55:19 : EVT WBSTORAGE : CACHE_DEFRAG (896->928, 24->24, 25)
#1364719 16.07.2026 17:55:19 : EVT WBSTORAGE : CACHE_DEFRAG (856->888, 24->24, 25)
#1364720 16.07.2026 17:55:19 : EVT WBSTORAGE : CACHE_DEFRAG (816->824, 24->24, 25)
#1364721 16.07.2026 17:55:19 : EVT WBSTORAGE : CACHE_DEFRAG (744->752, 24->24, 25)
#1364722 16.07.2026 17:55:19 : EVT BLE : BLE Sensor Link 4800180D Conn (--E-:00:1)
#1364723 16.07.2026 17:55:20 : WRN WBAPI : eID-662ac4(277): /Dive/TankPressure/Alarm/Count 404
#1364724 16.07.2026 17:55:20 : EVT SPEEDFUSION : INFO # start speed fusion
#1364725 16.07.2026 17:55:20 : EVT SPEEDFUSION : Act:16,Acc:0,BPod:0,FPod:0,PPod:0,BeltPod:1
#1364726 16.07.2026 17:55:20 : EVT SPEEDFUSION : INFO # Start algo without wrist acc
#1364727 16.07.2026 17:55:20 : EVT <Unknown> : Update pres sampl intrvl:1
#1364728 16.07.2026 17:55:20 : EVT OHR : S:start 0x21a3
#1364729 16.07.2026 17:55:20 : EVT <Unknown> : 1784217320424:Meas start 0x21a3
#1364730 16.07.2026 17:55:23 : EVT UI_FRAMEWORK : evalFile: b:/zapp/climbl02.fea/ext18.js from ui
#1364731 16.07.2026 17:55:24 : EVT OHR : No HR update, invalidate by timer
#1364732 16.07.2026 17:55:26 : EVT UI_FRAMEWORK : evalFile: b:/zapp/climbl02.fea/ext16.js from ui
#1364733 16.07.2026 17:55:27 : EVT OHR : new HR update
#1364734 16.07.2026 17:55:29 : EVT BLE : lt,scan 1
#1364735 16.07.2026 17:55:29 : WRN BLE : sendDisconnect 6157
#1364736 16.07.2026 17:55:29 : ERR BLE : [AURA]No filters left, stopping scan
#1364737 16.07.2026 17:55:29 : ERR BLE : [AURA]Filter with handle 72 not found
#1364738 16.07.2026 17:55:29 : EVT WBSTORAGE : CACHE_DEFRAG (728->920, 24->24, 25)
#1364739 16.07.2026 17:55:30 : EVT BLE : packet 0 sensor found count 1
#1364740 16.07.2026 17:55:30 : EVT BLE : packet 0 sensor found count 2
#1364741 16.07.2026 17:55:31 : EVT ANALYTICS : #FusHr src:2 time:10697
#1364742 16.07.2026 17:56:02 : EVT <Unknown> : 1784217362506:Off Skin Set.
#1364743 16.07.2026 17:56:03 : EVT <Unknown> : 1784217363132:On Skin Set.
#1364744 16.07.2026 17:58:03 : WRN <Unknown> : 1784217483161:Device stationary, stopping optical meas
#1364745 16.07.2026 17:58:03 : EVT <Unknown> : 1784217483162:SCD DET STATE OFF cnt:0/0.
#1364746 16.07.2026 17:58:07 : EVT OHR : No HR update, invalidate by timer
#1364747 16.07.2026 17:58:44 : EVT <Unknown> : 1784217524803:On Skin Set.
#1364748 16.07.2026 17:58:45 : EVT OHR : new HR update
#1364749 16.07.2026 17:58:52 : EVT <Unknown> : 1784217532036:Off Skin Set.
#1364750 16.07.2026 17:58:52 : EVT <Unknown> : 1784217532538:On Skin Set.
#1364751 16.07.2026 17:58:54 : EVT ANALYTICS : #FusHr src:2 time:0
#1364752 16.07.2026 17:58:54 : ERR BLE : [AURA]No filters left, stopping scan
#1364753 16.07.2026 17:58:54 : EVT WBSTORAGE : CACHE_DEFRAG (840->848, 24->24, 25)
#1364754 16.07.2026 17:58:54 : WRN WBAPI : eID-662ac4(277): /Dive/Alarms/Acknowledge 404
#1364755 16.07.2026 17:58:54 : EVT WBSTORAGE : CACHE_DEFRAG (816->840, 24->24, 25)
#1364756 16.07.2026 17:58:54 : EVT TRAININGLAB : TLab:~Mode T 16315 + 341 A 2410 + 0
#1364757 16.07.2026 17:58:54 : EVT TRAININGLAB : TLab:Change mode 2->3
#1364758 16.07.2026 17:58:54 : EVT TRAININGLAB : TLab:Mode::userInfo 50, 200, 1, 37, 182, 950, 1990
#1364759 16.07.2026 17:58:54 : EVT LOGGER : Log space:33210615 bytes free
#1364760 16.07.2026 17:58:54 : EVT TRAININGLAB : ModeUnsub:2800
#1364761 16.07.2026 17:58:54 : EVT TRAININGLAB : ModeSub:9004
#1364762 16.07.2026 17:58:54 : EVT TRAININGLAB : TLab:Select input 0
#1364763 16.07.2026 17:58:54 : EVT TRAININGLAB : Tlab:HR src is 2
#1364764 16.07.2026 17:58:54 : EVT TRAININGLAB : TLab:Active input 0
#1364765 16.07.2026 17:58:54 : EVT WBSTORAGE : CACHE_DEFRAG (808->992, 24->24, 25)
#1364766 16.07.2026 17:58:54 : EVT LOGGER : Exercise started
#1364767 16.07.2026 17:58:54 : TRC GPS : Full GNSS data subd l:0 c:802b0000
#1364768 16.07.2026 17:58:55 : ERR WBMAIN : *0: app 676 Event 37 809c031a
#1364769 16.07.2026 17:58:55 : ERR WBMAIN : 1: mea 7 Wait 0 00000000
#1364770 16.07.2026 17:58:55 : ERR WBMAIN : 2: ui 668 Proc 0 00000000
#1364771 16.07.2026 17:58:55 : EVT TRAININGLAB : TLab:Active input 1
#1364772 16.07.2026 17:58:56 : EVT ANALYTICS : Battery-> 3 soc:100
#1364773 16.07.2026 17:58:56 : EVT ANALYTICS : #FusHr src:2 time:0
#1364774 16.07.2026 17:58:56 : EVT ANALYTICS : #Act id:16
#1364775 16.07.2026 17:58:56 : EVT ANALYTICS : #powersave mode:p temp:26.5
#1364776 16.07.2026 17:58:56 : EVT ANALYTICS : GPSMODE:NOTUSED
#1364777 16.07.2026 17:58:56 : EVT ANALYTICS : #gnss d:2026-07-16T00:00:00Z
#1364778 16.07.2026 17:58:56 : EVT ANALYTICS : #zapp n:Weather e:1
#1364779 16.07.2026 17:58:56 : EVT ANALYTICS : #zapp n:Movement e:1
#1364780 16.07.2026 17:58:56 : EVT ANALYTICS : #zapp n:Climb Log e:1
#1364781 16.07.2026 17:58:56 : WRN WBAPI : eID-662ac4(277): /Dive/Alarms/Acknowledge 404
#1364782 16.07.2026 17:58:59 : WRN WBAPI : eID-662ac4(277): /Dive/Alarms/Acknowledge 404
#1364783 16.07.2026 17:59:02 : EVT ANALYTICS : #ws AID:16 BM:1 NS:0 SP:3 ZN:0 TG:0 GPS:0
#1364784 16.07.2026 17:59:02 : EVT ANALYTICS : #2ws AID:16 WHR:1 INT:0 AL:0 AP:0 FE:1 MC:1 TH:0
#1364785 16.07.2026 17:59:02 : WRN WBAPI : eID-662ac4(277): /Dive/Alarms/Acknowledge 404
#1364786 16.07.2026 17:59:05 : WRN WBAPI : eID-662ac4(277): /Dive/Alarms/Acknowledge 404
#1364787 16.07.2026 17:59:08 : WRN WBAPI : eID-662ac4(277): /Dive/Alarms/Acknowledge 404
#1364788 16.07.2026 17:59:11 : WRN WBAPI : eID-662ac4(277): /Dive/Alarms/Acknowledge 404
#1364789 16.07.2026 17:59:14 : WRN WBAPI : eID-662ac4(277): /Dive/Alarms/Acknowledge 404
#1364790 16.07.2026 17:59:17 : WRN WBAPI : eID-662ac4(277): /Dive/Alarms/Acknowledge 404
#1364791 16.07.2026 17:59:20 : WRN WBAPI : eID-662ac4(277): /Dive/Alarms/Acknowledge 404
#1364792 16.07.2026 17:59:23 : WRN WBAPI : eID-662ac4(277): /Dive/Alarms/Acknowledge 404
#1364793 16.07.2026 17:59:26 : WRN WBAPI : eID-662ac4(277): /Dive/Alarms/Acknowledge 404
#1364794 16.07.2026 17:59:29 : WRN WBAPI : eID-662ac4(277): /Dive/Alarms/Acknowledge 404
#1364795 16.07.2026 17:59:32 : WRN WBAPI : eID-662ac4(277): /Dive/Alarms/Acknowledge 404
#1364796 16.07.2026 17:59:35 : WRN WBAPI : eID-662ac4(277): /Dive/Alarms/Acknowledge 404
#1364797 16.07.2026 17:59:38 : WRN WBAPI : eID-662ac4(277): /Dive/Alarms/Acknowledge 404
#1364798 16.07.2026 17:59:41 : WRN WBAPI : eID-662ac4(277): /Dive/Alarms/Acknowledge 404
#1364799 16.07.2026 17:59:44 : WRN WBAPI : eID-662ac4(277): /Dive/Alarms/Acknowledge 404
#1364800 16.07.2026 17:59:47 : WRN WBAPI : eID-662ac4(277): /Dive/Alarms/Acknowledge 404
#1364801 16.07.2026 17:59:50 : WRN WBAPI : eID-662ac4(277): /Dive/Alarms/Acknowledge 404
#1364802 16.07.2026 17:59:53 : WRN WBAPI : eID-662ac4(277): /Dive/Alarms/Acknowledge 404
#1364803 16.07.2026 17:59:56 : WRN WBAPI : eID-662ac4(277): /Dive/Alarms/Acknowledge 404
#1364804 16.07.2026 17:59:59 : WRN WBAPI : eID-662ac4(277): /Dive/Alarms/Acknowledge 404
#1364805 16.07.2026 18:00:00 : EVT FILESYSTEM : maxfh:5 43a24 2 b:/syslogs/seq.txt
#1364806 16.07.2026 18:00:00 : ERR WBMAIN : *0: app 587 Event 24 808b2700
#1364807 16.07.2026 18:00:00 : ERR WBMAIN : 1: mea 0 Event 3 808b1701
#1364808 16.07.2026 18:00:00 : ERR WBMAIN : 2: ui 49 Wait 0 00000000
#1364809 16.07.2026 18:00:00 : EVT <Unknown> : pwr daily,ontime:18
#1364810 16.07.2026 18:00:00 : EVT WBSTORAGE : CACHE_DEFRAG (960->1064, 24->24, 25)
#1364811 16.07.2026 18:00:00 : EVT WEATHER : t:495608, d:8
#1364812 16.07.2026 18:00:02 : WRN WBAPI : eID-662ac4(277): /Dive/Alarms/Acknowledge 404
#1364813 16.07.2026 18:00:05 : WRN WBAPI : eID-662ac4(277): /Dive/Alarms/Acknowledge 404
#1364814 16.07.2026 18:00:08 : WRN WBAPI : eID-662ac4(277): /Dive/Alarms/Acknowledge 404
#1364815 16.07.2026 18:00:08 : EVT BRIGHTNESS : pwr bright:7 250
#1364816 16.07.2026 18:00:11 : WRN WBAPI : eID-662ac4(277): /Dive/Alarms/Acknowledge 404
#1364817 16.07.2026 18:00:14 : WRN WBAPI : eID-662ac4(277): /Dive/Alarms/Acknowledge 404
#1364818 16.07.2026 18:00:17 : WRN WBAPI : eID-662ac4(277): /Dive/Alarms/Acknowledge 404
#1364819 16.07.2026 18:00:20 : WRN WBAPI : eID-662ac4(277): /Dive/Alarms/Acknowledge 404
#1364820 16.07.2026 18:00:23 : WRN WBAPI : eID-662ac4(277): /Dive/Alarms/Acknowledge 404
#1364821 16.07.2026 18:00:26 : WRN WBAPI : eID-662ac4(277): /Dive/Alarms/Acknowledge 404
#1364822 16.07.2026 18:00:28 : EVT APPLICATION : Zapp zzmoveen:templ load:b:/zapp/zzmoveen.fea/t.xml
#1364823 16.07.2026 18:00:29 : WRN WBAPI : eID-662ac4(277): /Dive/Alarms/Acknowledge 404
#1364824 16.07.2026 18:00:29 : EVT APPLICATION : Zapp zzmoveen:templ load:b:/zapp/zzmoveen.fea/t.xml
#1364825 16.07.2026 18:00:30 : EVT APPLICATION : Zapp zzwethen:templ load:b:/zapp/zzwethen.fea/t.xml
#1364826 16.07.2026 18:00:32 : WRN WBAPI : eID-662ac4(277): /Dive/Alarms/Acknowledge 404
#1364827 16.07.2026 18:00:32 : EVT APPLICATION : Zapp zzwethen:templ load:b:/zapp/zzwethen.fea/t.xml
#1364828 16.07.2026 18:00:35 : WRN WBAPI : eID-662ac4(277): /Dive/Alarms/Acknowledge 404
#1364829 16.07.2026 18:00:35 : EVT APPLICATION : Zapp zzwethen:templ load:b:/zapp/zzwethen.fea/t.xml
#1364830 16.07.2026 18:00:38 : WRN WBAPI : eID-662ac4(277): /Dive/Alarms/Acknowledge 404
#1364831 16.07.2026 18:00:38 : EVT APPLICATION : Zapp zzwethen:templ load:b:/zapp/zzwethen.fea/t.xml
#1364832 16.07.2026 18:00:41 : WRN WBAPI : eID-662ac4(277): /Dive/Alarms/Acknowledge 404
#1364833 16.07.2026 18:00:41 : EVT APPLICATION : Zapp zzwethen:templ load:b:/zapp/zzwethen.fea/t.xml
#1364834 16.07.2026 18:00:44 : WRN WBAPI : eID-662ac4(277): /Dive/Alarms/Acknowledge 404
#1364835 16.07.2026 18:00:44 : EVT APPLICATION : Zapp zzwethen:templ load:b:/zapp/zzwethen.fea/t.xml
#1364836 16.07.2026 18:00:47 : WRN WBAPI : eID-662ac4(277): /Dive/Alarms/Acknowledge 404
#1364837 16.07.2026 18:00:47 : EVT APPLICATION : Zapp zzwethen:templ load:b:/zapp/zzwethen.fea/t.xml
#1364838 16.07.2026 18:00:50 : WRN WBAPI : eID-662ac4(277): /Dive/Alarms/Acknowledge 404
#1364839 16.07.2026 18:00:50 : EVT APPLICATION : Zapp zzwethen:templ load:b:/zapp/zzwethen.fea/t.xml
#1364840 16.07.2026 18:00:51 : EVT APPLICATION : Zapp climbl02:templ load:b:/zapp/climbl02.fea/setup.xml
#1364841 16.07.2026 18:00:52 : WRN <Unknown> : 1784217652566:Device stationary, stopping optical meas
#1364842 16.07.2026 18:00:52 : EVT <Unknown> : 1784217652567:SCD DET STATE OFF cnt:0/0.
#1364843 16.07.2026 18:00:54 : EVT UI_FRAMEWORK : evalFile: b:/zapp/climbl02.fea/ext22.js from ui
#1364844 16.07.2026 18:00:57 : EVT OHR : No HR update, invalidate by timer
#1364845 16.07.2026 18:00:57 : EVT <Unknown> : 1784217657824:On Skin Set.
#1364846 16.07.2026 18:00:58 : EVT OHR : new HR update
#1364847 16.07.2026 18:00:59 : WRN WBAPI : eID-662ac4(277): /Dive/Alarms/Acknowledge 404
#1364848 16.07.2026 18:00:59 : EVT APPLICATION : Zapp climbl02:templ load:b:/zapp/climbl02.fea/ready.xml
#1364849 16.07.2026 18:00:59 : ERR APPLICATION : Zapp:relMemCb (exec:ui)
#1364850 16.07.2026 18:00:59 : EVT APPLICATION : Zapp zzmoveen:Disable
#1364851 16.07.2026 18:00:59 : EVT ANALYTICS : Zapp disabled i:6 h:7aac0887 n:Movement
#1364852 16.07.2026 18:00:59 : ERR APPLICATION : Zapp 3:RelMem->unload
#1364853 16.07.2026 18:01:00 : EVT <Unknown> : 1784217660256:Off Skin Set.
#1364854 16.07.2026 18:01:00 : EVT <Unknown> : 1784217660633:On Skin Set.
#1364855 16.07.2026 18:01:00 : EVT APPLICATION : Zapp zzwethen:templ load:b:/zapp/zzwethen.fea/t.xml
#1364856 16.07.2026 18:01:42 : EVT LOGGER : LGR 934, 80
#1364857 16.07.2026 18:01:42 : WRN WBAPI : eID-662ac4(277): /Dive/Alarms/Acknowledge 404
#1364858 16.07.2026 18:01:44 : EVT APPLICATION : Zapp climbl02:templ load:b:/zapp/climbl02.fea/active.xml
#1364859 16.07.2026 18:01:46 : EVT LOGGER : LGR 934, 80
#1364860 16.07.2026 18:01:46 : EVT UI_FRAMEWORK : evalFile: b:/zapp/climbl02.fea/ext10.js from ui
#1364861 16.07.2026 18:01:46 : EVT UI_FRAMEWORK : evalFile: b:/zapp/climbl02.fea/ext35.js from ui
#1364862 16.07.2026 18:01:47 : WRN WBAPI : eID-662ac4(277): /Dive/Alarms/Acknowledge 404
#1364863 16.07.2026 18:01:47 : EVT APPLICATION : Zapp climbl02:templ load:b:/zapp/climbl02.fea/ready.xml
#1364864 16.07.2026 18:01:48 : EVT APPLICATION : Zapp zzwethen:templ load:b:/zapp/zzwethen.fea/t.xml
#1364865 16.07.2026 18:01:58 : EVT UI_FRAMEWORK : evalFile: b:/zapp/climbl02.fea/ext25.js from ui
#1364866 16.07.2026 18:01:58 : EVT LOGGER : Exercise paused
#1364867 16.07.2026 18:01:58 : WRN WBAPI : eID-662ac4(277): /Dive/Alarms/Acknowledge 404
#1364868 16.07.2026 18:01:59 : WRN WBAPI : eID-662ac4(277): /Settings/General/BacklightForced 404
#1364869 16.07.2026 18:02:00 : EVT APPLICATION : Zapp climbl02:Disable
#1364870 16.07.2026 18:02:00 : EVT UI_FRAMEWORK : evalFile: b:/zapp/climbl02.fea/ext11.js from ui
#1364871 16.07.2026 18:02:01 : EVT ANALYTICS : Zapp disabled i:5 h:a5e7afa6 n:Climb Log
#1364872 16.07.2026 18:02:01 : EVT APPLICATION : Zapp zzwethen:Disable
#1364873 16.07.2026 18:02:01 : EVT ANALYTICS : Zapp disabled i:8 h:3f77f8ec n:Weather
#1364874 16.07.2026 18:02:01 : EVT UI_FRAMEWORK : JS discard disable zapps
#1364875 16.07.2026 18:02:01 : EVT UI_FRAMEWORK : JS will discard
#1364876 16.07.2026 18:02:01 : EVT SPEEDFUSION : INFO # stop speed fusion
#1364877 16.07.2026 18:02:01 : EVT BRIGHTNESS : Custom state pwr:[-1,-1] bri:[-1.00,-1.00]
#1364878 16.07.2026 18:02:01 : EVT <Unknown> : Update pres sampl intrvl:5
#1364879 16.07.2026 18:02:01 : WRN APPLICATION : discard hrr meas l:3 d:0 sh:75 mh:75 v:0
#1364880 16.07.2026 18:02:01 : WRN WBAPI : eID-66abdc(583/65535): 404
#1364881 16.07.2026 18:02:01 : EVT TRAININGZONE : User Define Mode:5
#1364882 16.07.2026 18:02:01 : EVT TRAININGZONE : Tss HR:1.54
#1364883 16.07.2026 18:02:01 : EVT TRAININGZONE : A:16,Tss:[-200.00,-200.00,-200.00,1.54]
#1364884 16.07.2026 18:02:01 : EVT TRAININGLAB : AppFeature Vo2Max 0.000000
#1364885 16.07.2026 18:02:01 : EVT TRAININGLAB : TLab:~Mode T 16656 + 99 A 2410 + 60
#1364886 16.07.2026 18:02:01 : EVT TRAININGLAB : TLab:Change mode 3->2
#1364887 16.07.2026 18:02:01 : EVT TRAININGLAB : TLab:Mode::userInfo 50, 200, 1, 37, 182, 950, 1990
#1364888 16.07.2026 18:02:01 : EVT LOGGER : LGR 934, 80
#1364889 16.07.2026 18:02:01 : EVT TRAININGLAB : ModeUnsub:9145
#1364890 16.07.2026 18:02:01 : EVT OHR : S:start 0x2123
#1364891 16.07.2026 18:02:01 : EVT TRAININGLAB : ModeSub:0400
#1364892 16.07.2026 18:02:01 : EVT ANALYTICS : WAOae:Activity WAOae:16
#1364893 16.07.2026 18:02:01 : EVT ANALYTICS : WAOae:TotalAcc WAOae:0,0,0
#1364894 16.07.2026 18:02:01 : EVT ANALYTICS : WAOae:AccCount WAOae:0,0,0
#1364895 16.07.2026 18:02:01 : EVT ANALYTICS : WAOae:Distance WAOae:0,0,0
#1364896 16.07.2026 18:02:01 : EVT ANALYTICS : WAOae:Duration WAOae:0,0,0
#1364897 16.07.2026 18:02:01 : EVT ANALYTICS : WAOae:Coeff WAOae:0,40,316,466,773,7524,7624
#1364898 16.07.2026 18:02:01 : EVT LOGGER : Exercise stopped
#1364899 16.07.2026 18:02:01 : EVT LOGGER : HrIbiLogger stop, off (0 ms)
#1364900 16.07.2026 18:02:01 : EVT LOGGER : HrIbiLogger stopped (0 ms)
#1364901 16.07.2026 18:02:01 : TRC GPS : Unsubd c:802b0000
#1364902 16.07.2026 18:02:01 : EVT LOGGER : LGR 934, 80
#1364903 16.07.2026 18:02:01 : EVT LOGGER : LGR 934, 80
#1364904 16.07.2026 18:02:01 : EVT ANALYTICS : SleepQ:Tracking:On
#1364905 16.07.2026 18:02:01 : EVT LOGGER : Wr dpc on
#1364906 16.07.2026 18:02:01 : EVT LOGGER : LGR 20993, 56
#1364907 16.07.2026 18:02:01 : EVT <Unknown> : 1784217721356:Meas start 0x2123
#1364908 16.07.2026 18:02:02 : EVT WBSTORAGE : CACHE_DEFRAG (952->1048, 24->24, 25)
#1364909 16.07.2026 18:02:02 : EVT BLE : Disconn sensor:1
#1364910 16.07.2026 18:02:02 : EVT BLE : BLE Sensor Link 4800180D Disc (L-E-:00:0)
#1364911 16.07.2026 18:02:02 : WRN BLE : sendDisconnect 6157
#1364912 16.07.2026 18:02:02 : ERR BLE : [AURA]Filter with handle 72 not found
#1364913 16.07.2026 18:02:03 : EVT ANALYTICS : #powersave mode:p temp:26.8
#1364914 16.07.2026 18:02:03 : EVT ANALYTICS : Battery-> 4 soc:100
#1364915 16.07.2026 18:02:06 : EVT OHR : No HR update, invalidate by timer
#1364916 16.07.2026 18:02:08 : EVT OHR : new HR update
#1364917 16.07.2026 18:02:10 : EVT UI_FRAMEWORK : JS feeling vs idle 1
#1364918 16.07.2026 18:02:10 : EVT WBSTORAGE : CACHE_DEFRAG (1024->1032, 25->24, 25)
#1364919 16.07.2026 18:02:10 : EVT WBSTORAGE : CACHE_DEFRAG (1016->1024, 24->24, 25)
#1364920 16.07.2026 18:02:10 : EVT UI_FRAMEWORK : JS feeling open ex-saving
#1364921 16.07.2026 18:02:10 : WRN WBAPI : eID-662ac4(277): /Activity/Log/-1/Move/-1/DynamicApneaDi
#1364922 16.07.2026 18:02:11 : EVT WBSTORAGE : CACHE_DEFRAG (784->1064, 24->24, 25)
#1364923 16.07.2026 18:02:11 : EVT WBSTORAGE : CACHE_DEFRAG (1048->1056, 24->24, 25)
#1364924 16.07.2026 18:02:11 : EVT WBSTORAGE : CACHE_DEFRAG (1040->1048, 24->24, 25)
#1364925 16.07.2026 18:02:11 : EVT WBSTORAGE : CACHE_DEFRAG (1032->1040, 24->24, 25)
#1364926 16.07.2026 18:02:11 : EVT WBSTORAGE : CACHE_DEFRAG (1024->1056, 24->24, 25)
#1364927 16.07.2026 18:02:11 : EVT SPEEDFUSION : INFO # IDLE mode(-1) set
#1364928 16.07.2026 18:02:11 : EVT ALTIFUSION : AltiBaroMode:2
#1364929 16.07.2026 18:02:11 : ERR WBMAIN : *0: app 705 Event 37 809c031c
#1364930 16.07.2026 18:02:11 : ERR WBMAIN : 1: mea 0 Wait 0 00000000
#1364931 16.07.2026 18:02:11 : ERR WBMAIN : 2: ui 2 Wait 0 00000000
#1364932 16.07.2026 18:02:14 : EVT ANALYTICS : Duration ExSaving:3636
#1364933 16.07.2026 18:02:15 : EVT ANALYTICS : Duration ExSumBroker:390
#1364934 16.07.2026 18:02:33 : EVT UI_FRAMEWORK : JS delete log
#1364935 16.07.2026 18:02:33 : WRN LOGGER : Delete b:logs/6A58FFBE
#1364936 16.07.2026 18:02:34 : EVT <Unknown> : 1784217754636:Off Skin Set.
#1364937 16.07.2026 18:02:35 : EVT WBSTORAGE : CACHE_DEFRAG (1032->1048, 24->24, 25)
#1364938 16.07.2026 18:02:35 : EVT APPLICATION : Zapp zwc05901:Load script
#1364939 16.07.2026 18:02:35 : EVT APPLICATION : Zapp zwc05901:Enable
#1364940 16.07.2026 18:02:36 : EVT ANALYTICS : Zapp enabled i:3 h:ddb248f2 n:zwc05901 v:124f
#1364941 16.07.2026 18:02:36 : EVT APPLICATION : Zapp zwc05901:templ load:b:/zapp/zwc05901.wfa/wf.xml
#1364942 16.07.2026 18:02:36 : WRN WBAPI : eID-662ac4(277): /Weather/Current/ValidWeatherData.temp 
#1364943 16.07.2026 18:02:36 : EVT PMIC : VBUS state is ON
#1364944 16.07.2026 18:02:36 : EVT PMIC : chgCntl1:0x70
#1364945 16.07.2026 18:02:36 : EVT PMIC : check chgCntl1:0x74
#1364946 16.07.2026 18:02:36 : EVT PMIC : Turn charge ON since VBUS->ON
#1364947 16.07.2026 18:02:36 : EVT PMIC : PMIC temp zone:0x2
#1364948 16.07.2026 18:02:36 : EVT OHR : VBUS on
#1364949 16.07.2026 18:02:36 : EVT OHR : S:stop 23
#1364950 16.07.2026 18:02:36 : EVT <Unknown> : 1784217756263:On Skin Set.
#1364951 16.07.2026 18:02:36 : EVT <Unknown> : 1784217756723:Meas stop 0x2123
#1364952 16.07.2026 18:02:36 : EVT PMIC : VBUS state is ON
#1364953 16.07.2026 18:02:36 : WRN <Unknown> : 1784217756723:FSM EVT STOP.
#1364954 16.07.2026 18:02:36 : EVT OHR : S:OFF 1->0
#1364955 16.07.2026 18:02:37 : EVT PMIC : PMIC temp zone:0x7
#1364956 16.07.2026 18:02:37 : EVT PMIC : VBUS state is OFF
#1364957 16.07.2026 18:02:37 : EVT PMIC : Turn charge OFF since VBUS->OFF
#1364958 16.07.2026 18:02:37 : EVT OHR : VBUS off
#1364959 16.07.2026 18:02:37 : EVT OHR : S:ON 0->1
#1364960 16.07.2026 18:02:37 : EVT OHR : APPINIT:caps 0x1f4, befd5e61
#1364961 16.07.2026 18:02:37 : EVT <Unknown> : 1784217757834:AI@1784217757810, tz120
#1364962 16.07.2026 18:02:37 : EVT OHR : S:start 0x2123
#1364963 16.07.2026 18:02:37 : EVT <Unknown> : 1784217757840:Meas start 0x2123
#1364964 16.07.2026 18:02:38 : EVT <Unknown> : 1784217757854:PD1464, 0
#1364965 16.07.2026 18:02:38 : EVT <Unknown> : 1784217757917:GMV 20251126/1/4/0/395/46
#1364966 16.07.2026 18:02:38 : EVT <Unknown> : 1784217758171:Mi1.6.10, auth 0, hr_mode 0
#1364967 16.07.2026 18:02:38 : EVT PMIC : VBUS state is ON
#1364968 16.07.2026 18:02:38 : EVT PMIC : chgCntl1:0x70
#1364969 16.07.2026 18:02:38 : EVT PMIC : check chgCntl1:0x74
#1364970 16.07.2026 18:02:38 : EVT PMIC : Turn charge ON since VBUS->ON
#1364971 16.07.2026 18:02:38 : EVT PMIC : PMIC temp zone:0x2
#1364972 16.07.2026 18:02:38 : EVT <Unknown> : 1784217758423:On Skin Set.
#1364973 16.07.2026 18:02:38 : EVT OHR : VBUS on
#1364974 16.07.2026 18:02:38 : EVT OHR : S:stop 23
#1364975 16.07.2026 18:02:38 : EVT <Unknown> : 1784217758901:Meas stop 0x2123
#1364976 16.07.2026 18:02:38 : WRN <Unknown> : 1784217758901:FSM EVT STOP.
#1364977 16.07.2026 18:02:38 : EVT OHR : S:OFF 1->0
#1364978 16.07.2026 18:02:39 : EVT PMIC : VBUS state is ON
#1364979 16.07.2026 18:02:39 : EVT OHR : No HR update, invalidate by timer
#1364980 16.07.2026 18:02:40 : TRC FUEL_GAUGE : Chg->1,B:5,C:5.0,V:4427,U:1,bF:100%,bC:100%
#1364981 16.07.2026 18:02:40 : EVT ANALYTICS : Battery-> 2 soc:100
#1364982 16.07.2026 18:02:45 : EVT WBCOMM : P-9 connection made to ECSD00000000
#1364983 16.07.2026 18:02:45 : EVT WBCOMM : New Route: ECSD00000000
#1364984 16.07.2026 18:02:47 : EVT PMIC : PMIC Precharge
#1364985 16.07.2026 18:02:48 : EVT PMIC : PMIC Precharge
#1364986 16.07.2026 18:02:48 : EVT PMIC : PMIC Precharge
#1364987 16.07.2026 18:02:48 : EVT PMIC : PMIC Precharge
#1364988 16.07.2026 18:02:48 : EVT PMIC : PMIC Precharge
#1364989 16.07.2026 18:02:48 : EVT PMIC : PMIC Precharge
#1364990 16.07.2026 18:02:48 : ERR WBMAIN : *0: app 860 Event 36 80005311
#1364991 16.07.2026 18:02:48 : ERR WBMAIN : 1: mea 1 Wait 0 00000000
#1364992 16.07.2026 18:02:48 : ERR WBMAIN : 2: ui 33 Wait 0 00000000
#1364993 16.07.2026 18:02:49 : EVT PMIC : PMIC Precharge
#1364994 16.07.2026 18:02:49 : EVT PMIC : PMIC Precharge
#1364995 16.07.2026 18:02:49 : EVT PMIC : PMIC Precharge
#1364996 16.07.2026 18:02:49 : EVT PMIC : PMIC Precharge
#1364997 16.07.2026 18:02:49 : EVT ANALYTICS : Sync start
#1364998 16.07.2026 18:02:49 : EVT PMIC : PMIC Precharge
#1364999 16.07.2026 18:02:49 : EVT PMIC : PMIC Precharge
#1365000 16.07.2026 18:02:49 : EVT PMIC : PMIC Precharge
#1365001 16.07.2026 18:02:53 : EVT WBSTORAGE : CACHE_DEFRAG (920->928, 24->24, 25)
#1365002 16.07.2026 18:02:53 : EVT WBSTORAGE : CACHE_DEFRAG (896->904, 24->24, 25)
#1365003 16.07.2026 18:02:53 : EVT <Unknown> : DL Region List
#1365004 16.07.2026 18:02:53 : EVT WIFI : Pwr up
#1365005 16.07.2026 18:03:00 : EVT SEDENTARY : stop monitoring
#1365006 16.07.2026 18:03:00 : EVT WIFI : pwr up
#1365007 16.07.2026 18:03:00 : EVT WIFI : SDK Ver(3.2.8.1)
#1365008 16.07.2026 18:03:00 : EVT WIFI : Scann APs (1/3)
#1365009 16.07.2026 18:03:01 : EVT WIFI : APs scanned:15
#1365010 16.07.2026 18:03:01 : EVT WBSTORAGE : CACHE_DEFRAG (856->872, 24->24, 25)
#1365011 16.07.2026 18:03:01 : WRN WIFI : No APs matched to connect
#1365012 16.07.2026 18:03:01 : EVT WIFI : Scann APs (2/3)
#1365013 16.07.2026 18:03:01 : EVT PMIC : PMIC Precharge
#1365014 16.07.2026 18:03:02 : EVT WIFI : APs scanned:17
#1365015 16.07.2026 18:03:02 : WRN WIFI : No APs matched to connect
#1365016 16.07.2026 18:03:02 : EVT WIFI : Scann APs (3/3)
#1365017 16.07.2026 18:03:02 : EVT WIFI : APs scanned:17
#1365018 16.07.2026 18:03:02 : WRN WIFI : No APs matched to connect
#1365019 16.07.2026 18:03:02 : EVT WIFI : Internal connect ret:103
#1365020 16.07.2026 18:03:02 : ERR <Unknown> : DL GET resultCode=500
#1365021 16.07.2026 18:03:02 : EVT <Unknown> : DL try retry after 900000 ms
#1365022 16.07.2026 18:03:15 : EVT WIFI : Pwr down idle wifi (TO:13se)
#1365023 16.07.2026 18:03:15 : EVT WIFI : pwr down OK
#1365024 16.07.2026 18:03:35 : EVT BLE : DEV M connected
#1365025 16.07.2026 18:03:35 : TRC BLE : SVC M/F000 enabled
#1365026 16.07.2026 18:03:35 : EVT WBCOMM : P-9 connection made to ECSD00000000
#1365027 16.07.2026 18:03:35 : EVT WBCOMM : New Route: ECSD00000000
#1365028 16.07.2026 18:03:38 : EVT PMIC : PMIC Precharge
#1365029 16.07.2026 18:03:39 : EVT PMIC : PMIC Precharge
#1365030 16.07.2026 18:03:39 : TRC BLE : SVC M/F000 disabled
#1365031 16.07.2026 18:03:39 : EVT WBCOMM : Route lost: ECSD00000000
#1365032 16.07.2026 18:03:42 : EVT BLE : DEV M disconnected
#1365033 16.07.2026 18:03:42 : EVT WBSTORAGE : CACHE_DEFRAG (832->920, 24->24, 25)
#1365034 16.07.2026 18:05:01 : EVT PMIC : PMIC Precharge
#1365035 16.07.2026 18:05:01 : EVT PMIC : PMIC Precharge
#1365036 16.07.2026 18:05:01 : EVT PMIC : PMIC Precharge
#1365037 16.07.2026 18:05:01 : EVT PMIC : PMIC Precharge
#1365038 16.07.2026 18:05:01 : EVT PMIC : PMIC Precharge
#1365039 16.07.2026 18:05:01 : EVT PMIC : PMIC Precharge
#1365040 16.07.2026 18:05:01 : EVT PMIC : PMIC Precharge
#1365041 16.07.2026 18:05:01 : EVT PMIC : PMIC Precharge
#1365042 16.07.2026 18:05:02 : EVT PMIC : PMIC Precharge
#1365043 16.07.2026 18:05:02 : EVT PMIC : PMIC Precharge
#1365044 16.07.2026 18:05:02 : EVT PMIC : PMIC Precharge
#1365045 16.07.2026 18:05:02 : EVT PMIC : PMIC Precharge
#1365046 16.07.2026 18:05:02 : EVT PMIC : PMIC Precharge
#1365047 16.07.2026 18:05:02 : EVT PMIC : PMIC Precharge
#1365048 16.07.2026 18:05:02 : EVT PMIC : PMIC Precharge
#1365049 16.07.2026 18:05:02 : EVT PMIC : PMIC Precharge
#1365050 16.07.2026 18:05:02 : EVT PMIC : PMIC Precharge
#1365051 16.07.2026 18:05:03 : EVT PMIC : PMIC Precharge
#1365052 16.07.2026 18:05:03 : EVT PMIC : PMIC Precharge
#1365053 16.07.2026 18:05:03 : EVT PMIC : PMIC Precharge
#1365054 16.07.2026 18:05:03 : EVT PMIC : PMIC Precharge
#1365055 16.07.2026 18:05:03 : EVT PMIC : PMIC Precharge
#1365056 16.07.2026 18:05:03 : EVT PMIC : PMIC Precharge
#1365057 16.07.2026 18:05:03 : EVT PMIC : PMIC Precharge
#1365058 16.07.2026 18:05:03 : EVT PMIC : PMIC Precharge
#1365059 16.07.2026 18:05:03 : EVT PMIC : PMIC Precharge
#1365060 16.07.2026 18:05:03 : EVT PMIC : PMIC Precharge
#1365061 16.07.2026 18:05:03 : EVT PMIC : PMIC Precharge
#1365062 16.07.2026 18:05:03 : EVT PMIC : PMIC Precharge
#1365063 16.07.2026 18:05:03 : EVT PMIC : PMIC Precharge
#1365064 16.07.2026 18:05:03 : EVT PMIC : PMIC Precharge
#1365065 16.07.2026 18:05:03 : EVT PMIC : PMIC Precharge
#1365066 16.07.2026 18:05:04 : EVT PMIC : PMIC Precharge
#1365067 16.07.2026 18:05:04 : EVT PMIC : PMIC Precharge
#1365068 16.07.2026 18:05:04 : EVT PMIC : PMIC Precharge
#1365069 16.07.2026 18:05:04 : EVT PMIC : PMIC Precharge
#1365070 16.07.2026 18:07:38 : EVT APPLICATION : Zapp zwc05901:Disable
#1365071 16.07.2026 18:07:39 : EVT ANALYTICS : Zapp disabled i:3 h:ddb248f2 n:Vector classic
#1365072 16.07.2026 18:07:39 : TRC APPLICATION : The zapp watch face was closed due to TO
#1365073 16.07.2026 18:10:00 : ERR WBMAIN : *0: app 700 Event 24 808b2700
#1365074 16.07.2026 18:10:00 : ERR WBMAIN : 1: mea 0 Event 3 808b1701
#1365075 16.07.2026 18:10:00 : ERR WBMAIN : 2: ui 90 Wait 0 00000000
#1365076 16.07.2026 18:10:12 : EVT BLE : DEV M connected
#1365077 16.07.2026 18:10:12 : TRC BLE : SVC M/F000 enabled
#1365078 16.07.2026 18:10:12 : EVT WBCOMM : P-9 connection made to ECSD00000000
#1365079 16.07.2026 18:10:12 : EVT WBCOMM : New Route: ECSD00000000
#1365080 16.07.2026 18:10:16 : EVT PMIC : PMIC Precharge
#1365081 16.07.2026 18:10:16 : EVT PMIC : PMIC Precharge
#1365082 16.07.2026 18:10:19 : EVT PMIC : PMIC Precharge
#1365083 16.07.2026 18:10:19 : EVT PMIC : PMIC Precharge
#1365084 16.07.2026 18:10:19 : EVT PMIC : PMIC Precharge
#1365085 16.07.2026 18:10:20 : EVT PMIC : PMIC Precharge
#1365086 16.07.2026 18:10:21 : EVT PMIC : PMIC Precharge
#1365087 16.07.2026 18:10:21 : EVT PMIC : PMIC Precharge
#1365088 16.07.2026 18:10:22 : EVT PMIC : PMIC Precharge
#1365089 16.07.2026 18:10:22 : EVT PMIC : PMIC Precharge
#1365090 16.07.2026 18:10:22 : EVT PMIC : PMIC Precharge
#1365091 16.07.2026 18:10:22 : EVT PMIC : PMIC Precharge
#1365092 16.07.2026 18:10:22 : EVT PMIC : PMIC Precharge
#1365093 16.07.2026 18:10:23 : EVT PMIC : PMIC Precharge
#1365094 16.07.2026 18:10:23 : EVT PMIC : PMIC Precharge
#1365095 16.07.2026 18:10:23 : EVT PMIC : PMIC Precharge
#1365096 16.07.2026 18:10:23 : EVT PMIC : PMIC Precharge
#1365097 16.07.2026 18:10:24 : EVT PMIC : PMIC Precharge
#1365098 16.07.2026 18:10:24 : EVT PMIC : PMIC Precharge
#1365099 16.07.2026 18:10:25 : EVT PMIC : PMIC Precharge
#1365100 16.07.2026 18:10:25 : EVT PMIC : PMIC Precharge
#1365101 16.07.2026 18:10:25 : EVT PMIC : PMIC Precharge
#1365102 16.07.2026 18:10:25 : EVT PMIC : PMIC Precharge
#1365103 16.07.2026 18:10:26 : EVT PMIC : PMIC Precharge
#1365104 16.07.2026 18:10:27 : EVT PMIC : PMIC Precharge
#1365105 16.07.2026 18:10:27 : EVT APPLICATION : Plugin climbl01.zip as type:[2]
#1365106 16.07.2026 18:10:28 : TRC BLE : SVC M/F000 disabled
#1365107 16.07.2026 18:10:28 : EVT WBCOMM : Route lost: ECSD00000000
#1365108 16.07.2026 18:10:30 : EVT PMIC : PMIC Precharge
#1365109 16.07.2026 18:10:30 : EVT PMIC : PMIC Precharge
#1365110 16.07.2026 18:10:30 : EVT PMIC : PMIC Precharge
#1365111 16.07.2026 18:10:30 : EVT PMIC : PMIC Precharge
#1365112 16.07.2026 18:10:30 : EVT PMIC : PMIC Precharge
#1365113 16.07.2026 18:10:30 : EVT PMIC : PMIC Precharge
#1365114 16.07.2026 18:10:31 : EVT BLE : DEV M disconnected
#1365115 16.07.2026 18:11:23 : EVT BLE : DEV M connected
#1365116 16.07.2026 18:11:23 : TRC BLE : SVC M/F000 enabled
#1365117 16.07.2026 18:11:23 : EVT WBCOMM : P-9 connection made to ECSD00000000
#1365118 16.07.2026 18:11:23 : EVT WBCOMM : New Route: ECSD00000000
#1365119 16.07.2026 18:11:27 : TRC BLE : SVC M/F000 disabled
#1365120 16.07.2026 18:11:27 : EVT WBCOMM : Route lost: ECSD00000000
#1365121 16.07.2026 18:11:30 : EVT BLE : DEV M disconnected
#1365122 16.07.2026 18:11:36 : EVT BLE : DEV M connected
#1365123 16.07.2026 18:11:36 : TRC BLE : SVC M/F000 enabled
#1365124 16.07.2026 18:11:36 : EVT WBCOMM : P-9 connection made to ECSD00000000
#1365125 16.07.2026 18:11:36 : EVT WBCOMM : New Route: ECSD00000000
#1365126 16.07.2026 18:11:41 : TRC BLE : SVC M/F000 disabled
#1365127 16.07.2026 18:11:41 : EVT WBCOMM : Route lost: ECSD00000000
#1365128 16.07.2026 18:11:44 : EVT BLE : DEV M disconnected
#1365129 16.07.2026 18:11:58 : TRC FUEL_GAUGE : Batt: 4443 mV (raw: 4443) soc: 100 %, T: 27.4 C,H:103
#1365130 16.07.2026 18:12:33 : EVT BLE : DEV M connected
#1365131 16.07.2026 18:12:33 : TRC BLE : SVC M/F000 enabled
#1365132 16.07.2026 18:12:33 : EVT WBCOMM : P-9 connection made to ECSD00000000
#1365133 16.07.2026 18:12:33 : EVT WBCOMM : New Route: ECSD00000000
#1365134 16.07.2026 18:12:36 : EVT PMIC : PMIC Precharge
#1365135 16.07.2026 18:12:38 : TRC BLE : SVC M/F000 disabled
#1365136 16.07.2026 18:12:38 : EVT WBCOMM : Route lost: ECSD00000000
#1365137 16.07.2026 18:12:40 : EVT BLE : DEV M disconnected
#1365138 16.07.2026 18:13:22 : EVT BLE : DEV M connected
#1365139 16.07.2026 18:13:22 : TRC BLE : SVC M/F000 enabled
#1365140 16.07.2026 18:13:22 : EVT WBCOMM : P-9 connection made to ECSD00000000
#1365141 16.07.2026 18:13:22 : EVT WBCOMM : New Route: ECSD00000000
#1365142 16.07.2026 18:13:25 : EVT PMIC : PMIC Precharge
#1365143 16.07.2026 18:13:28 : EVT PMIC : PMIC Precharge
#1365144 16.07.2026 18:13:28 : EVT PMIC : PMIC Precharge
#1365145 16.07.2026 18:13:28 : EVT PMIC : PMIC Precharge
#1365146 16.07.2026 18:13:29 : EVT PMIC : PMIC Precharge
#1365147 16.07.2026 18:13:29 : EVT PMIC : PMIC Precharge
#1365148 16.07.2026 18:13:30 : EVT PMIC : PMIC Precharge
#1365149 16.07.2026 18:13:31 : EVT PMIC : PMIC Precharge
#1365150 16.07.2026 18:13:31 : EVT PMIC : PMIC Precharge
#1365151 16.07.2026 18:13:32 : EVT PMIC : PMIC Precharge
#1365152 16.07.2026 18:13:32 : EVT PMIC : PMIC Precharge
#1365153 16.07.2026 18:13:32 : EVT PMIC : PMIC Precharge
#1365154 16.07.2026 18:13:33 : EVT PMIC : PMIC Precharge
#1365155 16.07.2026 18:13:33 : EVT PMIC : PMIC Precharge
#1365156 16.07.2026 18:13:34 : EVT PMIC : PMIC Precharge
#1365157 16.07.2026 18:13:35 : EVT PMIC : PMIC Precharge
#1365158 16.07.2026 18:13:35 : EVT PMIC : PMIC Precharge
#1365159 16.07.2026 18:13:36 : EVT PMIC : PMIC Precharge
#1365160 16.07.2026 18:13:36 : EVT PMIC : PMIC Precharge
#1365161 16.07.2026 18:13:37 : EVT APPLICATION : Plugin climbl02.zip as type:[2]
#1365162 16.07.2026 18:13:37 : EVT PMIC : PMIC Precharge
#1365163 16.07.2026 18:13:37 : TRC BLE : SVC M/F000 disabled
#1365164 16.07.2026 18:13:37 : EVT WBCOMM : Route lost: ECSD00000000
#1365165 16.07.2026 18:13:39 : EVT PMIC : PMIC Precharge
#1365166 16.07.2026 18:13:39 : EVT PMIC : PMIC Precharge
#1365167 16.07.2026 18:13:39 : EVT PMIC : PMIC Precharge
#1365168 16.07.2026 18:13:39 : EVT PMIC : PMIC Precharge
#1365169 16.07.2026 18:13:40 : EVT BLE : DEV M disconnected
#1365170 16.07.2026 18:13:47 : EVT BLE : DEV M connected
#1365171 16.07.2026 18:13:47 : TRC BLE : SVC M/F000 enabled
#1365172 16.07.2026 18:13:47 : EVT WBCOMM : P-9 connection made to ECSD00000000
#1365173 16.07.2026 18:13:47 : EVT WBCOMM : New Route: ECSD00000000
#1365174 16.07.2026 18:13:53 : EVT PMIC : PMIC Precharge
#1365175 16.07.2026 18:13:54 : TRC BLE : SVC M/F000 disabled
#1365176 16.07.2026 18:13:54 : EVT WBCOMM : Route lost: ECSD00000000
#1365177 16.07.2026 18:13:57 : EVT BLE : DEV M disconnected
#1365178 16.07.2026 18:18:02 : EVT WBSTORAGE : CACHE_DEFRAG (848->880, 24->24, 25)
#1365179 16.07.2026 18:18:02 : EVT <Unknown> : DL Region List
#1365180 16.07.2026 18:18:02 : EVT PMIC : PMIC Precharge
#1365181 16.07.2026 18:18:03 : EVT PMIC : PMIC Precharge
#1365182 16.07.2026 18:18:03 : EVT WIFI : Pwr up
#1365183 16.07.2026 18:18:09 : EVT WIFI : pwr up
#1365184 16.07.2026 18:18:09 : EVT WIFI : SDK Ver(3.2.8.1)
#1365185 16.07.2026 18:18:09 : EVT WIFI : Scann APs (1/3)
#1365186 16.07.2026 18:18:10 : EVT PMIC : PMIC Precharge
#1365187 16.07.2026 18:18:10 : EVT PMIC : PMIC Precharge
#1365188 16.07.2026 18:18:10 : EVT WIFI : APs scanned:15
#1365189 16.07.2026 18:18:10 : WRN WIFI : No APs matched to connect
#1365190 16.07.2026 18:18:10 : EVT WIFI : Scann APs (2/3)
#1365191 16.07.2026 18:18:11 : EVT WIFI : APs scanned:12
#1365192 16.07.2026 18:18:11 : WRN WIFI : No APs matched to connect
#1365193 16.07.2026 18:18:11 : EVT WIFI : Scann APs (3/3)
#1365194 16.07.2026 18:18:11 : EVT PMIC : PMIC Precharge
#1365195 16.07.2026 18:18:12 : EVT PMIC : PMIC Precharge
#1365196 16.07.2026 18:18:12 : EVT WIFI : APs scanned:16
#1365197 16.07.2026 18:18:12 : WRN WIFI : No APs matched to connect
#1365198 16.07.2026 18:18:12 : EVT WIFI : Internal connect ret:103
#1365199 16.07.2026 18:18:12 : ERR <Unknown> : DL GET resultCode=500
#1365200 16.07.2026 18:18:12 : EVT <Unknown> : DL try retry after 900000 ms
#1365201 16.07.2026 18:18:25 : EVT WIFI : Pwr down idle wifi (TO:13se)
#1365202 16.07.2026 18:18:25 : EVT WIFI : pwr down OK
#1365203 16.07.2026 18:19:30 : EVT ANALYTICS : Weather sync TO
#1365204 16.07.2026 18:20:00 : ERR WBMAIN : *0: app 738 Event 24 808b2700
#1365205 16.07.2026 18:20:00 : ERR WBMAIN : 1: mea 0 Event 3 808b1701
#1365206 16.07.2026 18:20:00 : ERR WBMAIN : 2: ui 736 Wait 0 00000000
#1365207 16.07.2026 18:21:28 : EVT PMIC : PMIC temp zone:0x7
#1365208 16.07.2026 18:21:28 : EVT PMIC : VBUS state is OFF
#1365209 16.07.2026 18:21:28 : EVT PMIC : Turn charge OFF since VBUS->OFF
#1365210 16.07.2026 18:21:28 : EVT WBCOMM : Route lost: ECSD00000000
#1365211 16.07.2026 18:21:28 : TRC FUEL_GAUGE : Chg->0,B:5,C:8.9,V:4444,U:0,bF:100%,bC:100%
#1365212 16.07.2026 18:21:28 : EVT OHR : VBUS off
#1365213 16.07.2026 18:21:28 : EVT OHR : S:ON 0->1
#1365214 16.07.2026 18:21:29 : EVT WBSTORAGE : CACHE_DEFRAG (832->960, 24->24, 25)
#1365215 16.07.2026 18:21:29 : EVT ANALYTICS : Battery-> 1 soc:100
#1365216 16.07.2026 18:21:29 : EVT OHR : APPINIT:caps 0x1f4, befd5e61
#1365217 16.07.2026 18:21:29 : EVT <Unknown> : 1784218889213:AI@1784218889190, tz120
#1365218 16.07.2026 18:21:29 : EVT OHR : S:start 0x2123
#1365219 16.07.2026 18:21:29 : EVT <Unknown> : 1784218889219:Meas start 0x2123
#1365220 16.07.2026 18:21:29 : EVT <Unknown> : 1784218889234:PD1464, 0
#1365221 16.07.2026 18:21:29 : EVT <Unknown> : 1784218889298:GMV 20251126/1/4/0/395/46
#1365222 16.07.2026 18:21:29 : EVT <Unknown> : 1784218889551:Mi1.6.10, auth 0, hr_mode 0
#1365223 16.07.2026 18:21:30 : EVT <Unknown> : 1784218889803:On Skin Set.
#1365224 16.07.2026 18:21:31 : EVT <Unknown> : 1784218890434:Off Skin Set.
#1365225 16.07.2026 18:21:31 : EVT <Unknown> : 1784218890810:On Skin Set.
#1365226 16.07.2026 18:21:34 : EVT WBSTORAGE : CACHE_DEFRAG (832->864, 24->24, 25)
#1365227 16.07.2026 18:21:35 : EVT WBSTORAGE : CACHE_DEFRAG (816->1000, 24->24, 25)
#1365228 16.07.2026 18:21:35 : ERR <Unknown> : 1784218894424:Mi invalid call:100,code:0.
#1365229 16.07.2026 18:21:35 : EVT WBSTORAGE : CACHE_DEFRAG (920->992, 24->24, 25)
#1365230 16.07.2026 18:21:35 : EVT ALTIFUSION : AltiBaroMode:0
#1365231 16.07.2026 18:21:35 : EVT WBSTORAGE : CACHE_DEFRAG (968->976, 24->24, 25)
#1365232 16.07.2026 18:21:35 : EVT WBSTORAGE : CACHE_DEFRAG (944->952, 24->24, 25)
#1365233 16.07.2026 18:21:35 : EVT WBSTORAGE : CACHE_DEFRAG (920->928, 24->24, 25)
#1365234 16.07.2026 18:21:35 : EVT WBSTORAGE : CACHE_DEFRAG (896->904, 24->24, 25)
#1365235 16.07.2026 18:21:35 : ERR WBMAIN : *0: app 689 Event 37 809c331f
#1365236 16.07.2026 18:21:35 : ERR WBMAIN : 1: mea 11 Wait 0 00000000
#1365237 16.07.2026 18:21:35 : ERR WBMAIN : 2: ui 1 Event 12 331f809c
#1365238 16.07.2026 18:21:35 : EVT ANALYTICS : SleepQ:Tracking:On
#1365239 16.07.2026 18:21:35 : EVT ALTIFUSION : AltiBaroMode:0
#1365240 16.07.2026 18:21:35 : EVT WBSTORAGE : CACHE_DEFRAG (872->952, 24->24, 25)
#1365241 16.07.2026 18:21:35 : EVT UI_FRAMEWORK : JS nsto enable zapp: zzmoveen
#1365242 16.07.2026 18:21:35 : EVT UI_FRAMEWORK : JS nsto enable zapp: zzwethen
#1365243 16.07.2026 18:21:35 : EVT UI_FRAMEWORK : JS nsto enable zapp: climbl02
#1365244 16.07.2026 18:21:35 : EVT APPLICATION : Zapp zzmoveen:Load script
#1365245 16.07.2026 18:21:35 : EVT APPLICATION : Zapp zzmoveen:Enable
#1365246 16.07.2026 18:21:35 : EVT ANALYTICS : Zapp enabled i:6 h:7aac0887 n:zzmoveen v:8e0
#1365247 16.07.2026 18:21:35 : EVT UI_FRAMEWORK : evalFile: b:/zapp/zzmoveen.fea/ext1.js from ui
#1365248 16.07.2026 18:21:35 : EVT APPLICATION : Zapp clid:32878
#1365249 16.07.2026 18:21:35 : EVT APPLICATION : Zapp zzwethen:Load script
#1365250 16.07.2026 18:21:36 : EVT APPLICATION : Zapp zzwethen:Enable
#1365251 16.07.2026 18:21:36 : EVT ANALYTICS : Zapp enabled i:8 h:3f77f8ec n:zzwethen v:ade
#1365252 16.07.2026 18:21:36 : EVT APPLICATION : Zapp clid:32879
#1365253 16.07.2026 18:21:36 : EVT APPLICATION : Zapp climbl02:Load script
#1365254 16.07.2026 18:21:36 : EVT APPLICATION : Zapp climbl02:Enable
#1365255 16.07.2026 18:21:36 : EVT ANALYTICS : Zapp enabled i:5 h:a5e7afa6 n:climbl02 v:2.0
#1365256 16.07.2026 18:21:36 : EVT APPLICATION : Zapp clid:32880
#1365257 16.07.2026 18:21:36 : ERR WBMAIN : *0: app 680 Event 37 809c5319
#1365258 16.07.2026 18:21:36 : EVT UI_FRAMEWORK : JS nsto all zapps enabled.
#1365259 16.07.2026 18:21:36 : ERR WBMAIN : 1: mea 32 Wait 0 00000000
#1365260 16.07.2026 18:21:36 : ERR WBMAIN : 2: ui 35 Wait 0 00000000
#1365261 16.07.2026 18:21:36 : EVT UI_FRAMEWORK : JS Prestart Activity Id: 16.000
#1365262 16.07.2026 18:21:36 : WRN WBAPI : eID-662ac4(277): /Dive/Alarms/Acknowledge 404
#1365263 16.07.2026 18:21:36 : EVT WBSTORAGE : CACHE_DEFRAG (904->976, 24->24, 25)
#1365264 16.07.2026 18:21:36 : EVT WBSTORAGE : CACHE_DEFRAG (896->928, 24->24, 25)
#1365265 16.07.2026 18:21:36 : EVT WBSTORAGE : CACHE_DEFRAG (856->888, 24->24, 25)
#1365266 16.07.2026 18:21:37 : EVT WBSTORAGE : CACHE_DEFRAG (816->824, 24->24, 25)
#1365267 16.07.2026 18:21:37 : EVT WBSTORAGE : CACHE_DEFRAG (744->752, 24->24, 25)
#1365268 16.07.2026 18:21:37 : EVT BLE : BLE Sensor Link 4800180D Conn (--E-:00:1)
#1365269 16.07.2026 18:21:37 : WRN WBAPI : eID-662ac4(277): /Dive/TankPressure/Alarm/Count 404
#1365270 16.07.2026 18:21:37 : EVT SPEEDFUSION : INFO # start speed fusion
#1365271 16.07.2026 18:21:37 : EVT SPEEDFUSION : Act:16,Acc:0,BPod:0,FPod:0,PPod:0,BeltPod:1
#1365272 16.07.2026 18:21:37 : EVT SPEEDFUSION : INFO # Start algo without wrist acc
#1365273 16.07.2026 18:21:37 : EVT <Unknown> : Update pres sampl intrvl:1
#1365274 16.07.2026 18:21:37 : EVT OHR : S:start 0x21a3
#1365275 16.07.2026 18:21:38 : EVT <Unknown> : 1784218897666:Meas start 0x21a3
#1365276 16.07.2026 18:21:40 : EVT UI_FRAMEWORK : evalFile: b:/zapp/climbl02.fea/ext18.js from ui
#1365277 16.07.2026 18:21:42 : EVT OHR : No HR update, invalidate by timer
#1365278 16.07.2026 18:21:43 : EVT UI_FRAMEWORK : evalFile: b:/zapp/climbl02.fea/ext16.js from ui
#1365279 16.07.2026 18:21:44 : EVT OHR : new HR update
#1365280 16.07.2026 18:21:47 : EVT WBSTORAGE : CACHE_DEFRAG (728->984, 24->24, 25)
#1365281 16.07.2026 18:21:47 : EVT BLE : lt,scan 1
#1365282 16.07.2026 18:21:47 : WRN BLE : sendDisconnect 6157
#1365283 16.07.2026 18:21:47 : ERR BLE : [AURA]No filters left, stopping scan
#1365284 16.07.2026 18:21:47 : ERR BLE : [AURA]Filter with handle 72 not found
#1365285 16.07.2026 18:21:47 : EVT WBSTORAGE : CACHE_DEFRAG (912->920, 24->24, 25)
#1365286 16.07.2026 18:21:47 : EVT BLE : packet 0 sensor found count 1
#1365287 16.07.2026 18:21:47 : EVT BLE : packet 0 sensor found count 2
#1365288 16.07.2026 18:21:48 : EVT ANALYTICS : #FusHr src:2 time:10610
#1365289 16.07.2026 18:21:59 : EVT UI_FRAMEWORK : evalFile: b:/zapp/climbl02.fea/ext22.js from ui
#1365290 16.07.2026 18:22:46 : EVT <Unknown> : 1784218965314:Off Skin Set.
#1365291 16.07.2026 18:22:46 : EVT <Unknown> : 1784218965815:On Skin Set.
#1365292 16.07.2026 18:22:46 : EVT ANALYTICS : #FusHr src:2 time:0
#1365293 16.07.2026 18:22:46 : ERR BLE : [AURA]No filters left, stopping scan
#1365294 16.07.2026 18:22:46 : EVT WBSTORAGE : CACHE_DEFRAG (840->848, 24->24, 25)
#1365295 16.07.2026 18:22:46 : WRN WBAPI : eID-662ac4(277): /Dive/Alarms/Acknowledge 404
#1365296 16.07.2026 18:22:46 : EVT WBSTORAGE : CACHE_DEFRAG (816->840, 24->24, 25)
#1365297 16.07.2026 18:22:46 : EVT TRAININGLAB : TLab:~Mode T 16755 + 275 A 2470 + 0
#1365298 16.07.2026 18:22:46 : EVT TRAININGLAB : TLab:Change mode 2->3
#1365299 16.07.2026 18:22:46 : EVT TRAININGLAB : TLab:Mode::userInfo 50, 200, 1, 37, 182, 950, 1990
#1365300 16.07.2026 18:22:46 : EVT LOGGER : Log space:33210615 bytes free
#1365301 16.07.2026 18:22:46 : EVT TRAININGLAB : ModeUnsub:2800
#1365302 16.07.2026 18:22:46 : EVT TRAININGLAB : ModeSub:9004
#1365303 16.07.2026 18:22:46 : EVT TRAININGLAB : TLab:Select input 0
#1365304 16.07.2026 18:22:46 : EVT TRAININGLAB : Tlab:HR src is 2
#1365305 16.07.2026 18:22:46 : EVT TRAININGLAB : TLab:Active input 0
#1365306 16.07.2026 18:22:47 : EVT LOGGER : Exercise started
#1365307 16.07.2026 18:22:47 : TRC GPS : Full GNSS data subd l:0 c:802b0000
#1365308 16.07.2026 18:22:47 : ERR WBMAIN : *0: app 678 Event 37 809c031a
#1365309 16.07.2026 18:22:47 : ERR WBMAIN : 1: mea 0 Wait 0 00000000
#1365310 16.07.2026 18:22:47 : ERR WBMAIN : 2: ui 13 Wait 0 00000000
#1365311 16.07.2026 18:22:47 : EVT TRAININGLAB : TLab:Active input 1
#1365312 16.07.2026 18:22:48 : EVT ANALYTICS : Battery-> 3 soc:100
#1365313 16.07.2026 18:22:48 : EVT ANALYTICS : #FusHr src:2 time:0
#1365314 16.07.2026 18:22:48 : EVT ANALYTICS : #Act id:16
#1365315 16.07.2026 18:22:48 : EVT ANALYTICS : #powersave mode:p temp:27.9
#1365316 16.07.2026 18:22:48 : EVT ANALYTICS : GPSMODE:NOTUSED
#1365317 16.07.2026 18:22:48 : EVT ANALYTICS : #gnss d:2026-07-16T00:00:00Z
#1365318 16.07.2026 18:22:48 : EVT ANALYTICS : #zapp n:Weather e:1
#1365319 16.07.2026 18:22:48 : EVT ANALYTICS : #zapp n:Movement e:1
#1365320 16.07.2026 18:22:48 : EVT ANALYTICS : #zapp n:Climb Log e:1
#1365321 16.07.2026 18:22:54 : EVT ANALYTICS : #ws AID:16 BM:1 NS:0 SP:3 ZN:0 TG:0 GPS:0
#1365322 16.07.2026 18:22:54 : EVT ANALYTICS : #2ws AID:16 WHR:1 INT:0 AL:0 AP:0 FE:1 MC:1 TH:0
#1365323 16.07.2026 18:23:11 : EVT <Unknown> : 1784218990492:Off Skin Set.
#1365324 16.07.2026 18:23:11 : EVT <Unknown> : 1784218991118:On Skin Set.
#1365325 16.07.2026 18:23:38 : EVT <Unknown> : 1784219018076:Off Skin Set.
#1365326 16.07.2026 18:23:39 : EVT <Unknown> : 1784219018702:On Skin Set.
#1365327 16.07.2026 18:23:45 : EVT APPLICATION : Zapp zzmoveen:templ load:b:/zapp/zzmoveen.fea/t.xml
#1365328 16.07.2026 18:23:48 : EVT APPLICATION : Zapp zzwethen:templ load:b:/zapp/zzwethen.fea/t.xml
#1365329 16.07.2026 18:23:52 : EVT APPLICATION : Zapp climbl02:templ load:b:/zapp/climbl02.fea/setup.xml
#1365330 16.07.2026 18:23:54 : EVT APPLICATION : Zapp zzmoveen:templ load:b:/zapp/zzmoveen.fea/t.xml
#1365331 16.07.2026 18:23:57 : WRN WBAPI : eID-662ac4(277): /Dive/Alarms/Acknowledge 404
#1365332 16.07.2026 18:23:57 : EVT APPLICATION : Zapp climbl02:templ load:b:/zapp/climbl02.fea/ready.xml
#1365333 16.07.2026 18:23:59 : EVT APPLICATION : Zapp zzwethen:templ load:b:/zapp/zzwethen.fea/t.xml
#1365334 16.07.2026 18:23:59 : EVT APPLICATION : Zapp zzmoveen:templ load:b:/zapp/zzmoveen.fea/t.xml
#1365335 16.07.2026 18:24:01 : EVT APPLICATION : Zapp climbl02:templ load:b:/zapp/climbl02.fea/ready.xml
#1365336 16.07.2026 18:24:01 : EVT APPLICATION : Zapp zzwethen:templ load:b:/zapp/zzwethen.fea/t.xml
#1365337 16.07.2026 18:24:02 : EVT APPLICATION : Zapp zzmoveen:templ load:b:/zapp/zzmoveen.fea/t.xml
#1365338 16.07.2026 18:24:03 : EVT APPLICATION : Zapp climbl02:templ load:b:/zapp/climbl02.fea/ready.xml
#1365339 16.07.2026 18:24:03 : EVT APPLICATION : Zapp zzwethen:templ load:b:/zapp/zzwethen.fea/t.xml
#1365340 16.07.2026 18:24:05 : EVT LOGGER : LGR 934, 80
#1365341 16.07.2026 18:24:05 : WRN WBAPI : eID-662ac4(277): /Dive/Alarms/Acknowledge 404
#1365342 16.07.2026 18:24:05 : EVT APPLICATION : Zapp climbl02:templ load:b:/zapp/climbl02.fea/active.xml
#1365343 16.07.2026 18:24:06 : EVT LOGGER : LGR 934, 80
#1365344 16.07.2026 18:24:06 : EVT UI_FRAMEWORK : evalFile: b:/zapp/climbl02.fea/ext10.js from ui
#1365345 16.07.2026 18:24:06 : EVT UI_FRAMEWORK : evalFile: b:/zapp/climbl02.fea/ext35.js from ui
#1365346 16.07.2026 18:24:07 : WRN WBAPI : eID-662ac4(277): /Dive/Alarms/Acknowledge 404
#1365347 16.07.2026 18:24:07 : EVT APPLICATION : Zapp climbl02:templ load:b:/zapp/climbl02.fea/ready.xml
#1365348 16.07.2026 18:24:07 : ERR APPLICATION : Zapp:relMemCb (exec:ui)
#1365349 16.07.2026 18:24:07 : EVT APPLICATION : Zapp zzmoveen:Disable
#1365350 16.07.2026 18:24:07 : EVT ANALYTICS : Zapp disabled i:6 h:7aac0887 n:Movement
#1365351 16.07.2026 18:24:07 : ERR APPLICATION : Zapp 3:RelMem->unload
#1365352 16.07.2026 18:24:08 : EVT LOGGER : LGR 934, 80
#1365353 16.07.2026 18:24:08 : WRN WBAPI : eID-662ac4(277): /Dive/Alarms/Acknowledge 404
#1365354 16.07.2026 18:24:09 : EVT APPLICATION : Zapp climbl02:templ load:b:/zapp/climbl02.fea/active.xml
#1365355 16.07.2026 18:24:10 : EVT APPLICATION : Zapp zzwethen:templ load:b:/zapp/zzwethen.fea/t.xml
#1365356 16.07.2026 18:24:16 : EVT LOGGER : LGR 934, 80
#1365357 16.07.2026 18:24:18 : EVT UI_FRAMEWORK : evalFile: b:/zapp/climbl02.fea/ext25.js from ui
#1365358 16.07.2026 18:24:18 : EVT LOGGER : Exercise paused
#1365359 16.07.2026 18:24:18 : WRN WBAPI : eID-662ac4(277): /Dive/Alarms/Acknowledge 404
#1365360 16.07.2026 18:24:20 : WRN WBAPI : eID-662ac4(277): /Settings/General/BacklightForced 404
#1365361 16.07.2026 18:24:22 : EVT APPLICATION : Zapp climbl02:Disable
#1365362 16.07.2026 18:24:22 : EVT UI_FRAMEWORK : evalFile: b:/zapp/climbl02.fea/ext11.js from ui
#1365363 16.07.2026 18:24:22 : EVT ANALYTICS : Zapp disabled i:5 h:a5e7afa6 n:Climb Log
#1365364 16.07.2026 18:24:22 : EVT APPLICATION : Zapp zzwethen:Disable
#1365365 16.07.2026 18:24:22 : EVT ANALYTICS : Zapp disabled i:8 h:3f77f8ec n:Weather
#1365366 16.07.2026 18:24:22 : EVT UI_FRAMEWORK : JS discard disable zapps
#1365367 16.07.2026 18:24:22 : EVT UI_FRAMEWORK : JS will discard
#1365368 16.07.2026 18:24:22 : EVT BRIGHTNESS : Custom state pwr:[-1,-1] bri:[-1.00,-1.00]
#1365369 16.07.2026 18:24:22 : EVT SPEEDFUSION : INFO # stop speed fusion
#1365370 16.07.2026 18:24:22 : EVT <Unknown> : Update pres sampl intrvl:5
#1365371 16.07.2026 18:24:22 : WRN APPLICATION : discard hrr meas l:3 d:0 sh:77 mh:77 v:0
#1365372 16.07.2026 18:24:22 : WRN WBAPI : eID-66abdc(583/65535): 404
#1365373 16.07.2026 18:24:22 : EVT TRAININGZONE : User Define Mode:5
#1365374 16.07.2026 18:24:22 : EVT TRAININGZONE : Tss HR:0.77
#1365375 16.07.2026 18:24:22 : EVT TRAININGZONE : A:16,Tss:[-200.00,-200.00,-200.00,0.77]
#1365376 16.07.2026 18:24:22 : EVT TRAININGLAB : AppFeature Vo2Max 0.000000
#1365377 16.07.2026 18:24:22 : EVT TRAININGLAB : TLab:~Mode T 17030 + 51 A 2470 + 30
#1365378 16.07.2026 18:24:22 : EVT TRAININGLAB : TLab:Change mode 3->2
#1365379 16.07.2026 18:24:22 : EVT TRAININGLAB : TLab:Mode::userInfo 50, 200, 1, 37, 182, 950, 1990
#1365380 16.07.2026 18:24:22 : EVT LOGGER : LGR 934, 80
#1365381 16.07.2026 18:24:22 : EVT TRAININGLAB : ModeUnsub:9145
#1365382 16.07.2026 18:24:22 : EVT OHR : S:start 0x2123
#1365383 16.07.2026 18:24:22 : EVT TRAININGLAB : ModeSub:0400
#1365384 16.07.2026 18:24:22 : EVT ANALYTICS : WAOae:Activity WAOae:16
#1365385 16.07.2026 18:24:22 : EVT ANALYTICS : WAOae:TotalAcc WAOae:0,0,0
#1365386 16.07.2026 18:24:22 : EVT ANALYTICS : WAOae:AccCount WAOae:0,0,0
#1365387 16.07.2026 18:24:22 : EVT ANALYTICS : WAOae:Distance WAOae:0,0,0
#1365388 16.07.2026 18:24:22 : EVT ANALYTICS : WAOae:Duration WAOae:0,0,0
#1365389 16.07.2026 18:24:22 : EVT ANALYTICS : WAOae:Coeff WAOae:0,40,316,466,773,7524,7624
#1365390 16.07.2026 18:24:22 : EVT LOGGER : Exercise stopped
#1365391 16.07.2026 18:24:22 : EVT LOGGER : HrIbiLogger stop, off (0 ms)
#1365392 16.07.2026 18:24:22 : EVT LOGGER : HrIbiLogger stopped (0 ms)
#1365393 16.07.2026 18:24:22 : TRC GPS : Unsubd c:802b0000
#1365394 16.07.2026 18:24:22 : EVT LOGGER : LGR 934, 80
#1365395 16.07.2026 18:24:22 : EVT LOGGER : LGR 934, 80
#1365396 16.07.2026 18:24:22 : EVT WBSTORAGE : CACHE_DEFRAG (808->1064, 24->24, 25)
#1365397 16.07.2026 18:24:22 : EVT ANALYTICS : SleepQ:Tracking:On
#1365398 16.07.2026 18:24:23 : WRN LOGGER : feeling: not save sum,f:119,got:1
#1365399 16.07.2026 18:24:23 : EVT LOGGER : Wr dpc on
#1365400 16.07.2026 18:24:23 : EVT LOGGER : LGR 20993, 56
#1365401 16.07.2026 18:24:23 : EVT <Unknown> : 1784219062826:Meas start 0x2123
#1365402 16.07.2026 18:24:23 : EVT WBSTORAGE : CACHE_DEFRAG (1040->1064, 24->24, 25)
#1365403 16.07.2026 18:24:23 : EVT WBSTORAGE : CACHE_DEFRAG (1048->1056, 24->24, 25)
#1365404 16.07.2026 18:24:23 : EVT WBSTORAGE : CACHE_DEFRAG (1040->1048, 24->24, 25)
#1365405 16.07.2026 18:24:23 : EVT WBSTORAGE : CACHE_DEFRAG (1032->1040, 24->24, 25)
#1365406 16.07.2026 18:24:23 : EVT WBSTORAGE : CACHE_DEFRAG (1024->1056, 24->24, 25)
#1365407 16.07.2026 18:24:23 : EVT SPEEDFUSION : INFO # IDLE mode(-1) set
#1365408 16.07.2026 18:24:23 : EVT ALTIFUSION : AltiBaroMode:2
#1365409 16.07.2026 18:24:24 : EVT BLE : Disconn sensor:1
#1365410 16.07.2026 18:24:24 : EVT BLE : BLE Sensor Link 4800180D Disc (L-E-:00:0)
#1365411 16.07.2026 18:24:24 : WRN BLE : sendDisconnect 6157
#1365412 16.07.2026 18:24:24 : ERR BLE : [AURA]Filter with handle 72 not found
#1365413 16.07.2026 18:24:24 : EVT ANALYTICS : #powersave mode:p temp:28.0
#1365414 16.07.2026 18:24:24 : EVT ANALYTICS : Battery-> 4 soc:100
#1365415 16.07.2026 18:24:26 : EVT UI_FRAMEWORK : JS discard
#1365416 16.07.2026 18:24:26 : WRN LOGGER : Delete b:logs/6A590556
#1365417 16.07.2026 18:24:28 : EVT WBSTORAGE : CACHE_DEFRAG (1032->1040, 24->24, 25)
#1365418 16.07.2026 18:24:28 : EVT APPLICATION : Zapp zwc05901:Load script
#1365419 16.07.2026 18:24:28 : EVT APPLICATION : Zapp zwc05901:Enable
#1365420 16.07.2026 18:24:28 : EVT ANALYTICS : Zapp enabled i:3 h:ddb248f2 n:zwc05901 v:124f
#1365421 16.07.2026 18:24:28 : EVT APPLICATION : Zapp zwc05901:templ load:b:/zapp/zwc05901.wfa/wf.xml
#1365422 16.07.2026 18:24:28 : WRN WBAPI : eID-662ac4(277): /Weather/Current/ValidWeatherData.temp 
#1365423 16.07.2026 18:24:39 : EVT <Unknown> : 1784219078706:Off Skin Set.
#1365424 16.07.2026 18:24:39 : EVT <Unknown> : 1784219079083:On Skin Set.
#1365425 16.07.2026 18:24:48 : EVT <Unknown> : 1784219088356:Off Skin Set.
#1365426 16.07.2026 18:24:49 : EVT <Unknown> : 1784219088857:On Skin Set.
#1365427 16.07.2026 18:24:50 : EVT WBSTORAGE : CACHE_DEFRAG (912->920, 24->24, 25)
#1365428 16.07.2026 18:24:50 : EVT WBSTORAGE : CACHE_DEFRAG (872->1024, 24->24, 25)
#1365429 16.07.2026 18:24:50 : EVT WBSTORAGE : CACHE_DEFRAG (1000->1008, 24->24, 25)
#1365430 16.07.2026 18:24:50 : EVT WBSTORAGE : CACHE_DEFRAG (992->1000, 24->24, 25)
#1365431 16.07.2026 18:24:50 : EVT WBSTORAGE : CACHE_DEFRAG (984->992, 24->24, 25)
#1365432 16.07.2026 18:24:50 : EVT WBSTORAGE : CACHE_DEFRAG (976->1024, 24->24, 25)
#1365433 16.07.2026 18:24:50 : EVT ALTIFUSION : AltiBaroMode:0
#1365434 16.07.2026 18:24:50 : EVT WBSTORAGE : CACHE_DEFRAG (944->976, 24->24, 25)
#1365435 16.07.2026 18:24:50 : EVT WBSTORAGE : CACHE_DEFRAG (944->1000, 24->24, 25)
#1365436 16.07.2026 18:24:50 : EVT WBSTORAGE : CACHE_DEFRAG (968->976, 24->24, 25)
#1365437 16.07.2026 18:24:50 : ERR WBMAIN : *0: app 694 Event 37 809c331f
#1365438 16.07.2026 18:24:50 : ERR WBMAIN : 1: mea 10 Wait 0 00000000
#1365439 16.07.2026 18:24:50 : ERR WBMAIN : 2: ui 15 Wait 0 00000000
#1365440 16.07.2026 18:24:50 : EVT APPLICATION : Zapp zwc05901:Disable
#1365441 16.07.2026 18:24:51 : EVT ANALYTICS : Zapp disabled i:3 h:ddb248f2 n:Vector classic
#1365442 16.07.2026 18:24:51 : EVT ANALYTICS : SleepQ:Tracking:On
#1365443 16.07.2026 18:24:51 : EVT ALTIFUSION : AltiBaroMode:0
#1365444 16.07.2026 18:24:51 : EVT WBSTORAGE : CACHE_DEFRAG (944->976, 24->24, 25)
#1365445 16.07.2026 18:24:51 : EVT WBSTORAGE : CACHE_DEFRAG (944->952, 24->24, 25)
#1365446 16.07.2026 18:24:51 : EVT UI_FRAMEWORK : JS nsto enable zapp: zzmoveen
#1365447 16.07.2026 18:24:51 : EVT UI_FRAMEWORK : JS nsto enable zapp: zzwethen
#1365448 16.07.2026 18:24:51 : EVT UI_FRAMEWORK : JS nsto enable zapp: climbl02
#1365449 16.07.2026 18:24:51 : EVT APPLICATION : Zapp zzmoveen:Load script
#1365450 16.07.2026 18:24:51 : EVT APPLICATION : Zapp zzmoveen:Enable
#1365451 16.07.2026 18:24:51 : EVT ANALYTICS : Zapp enabled i:6 h:7aac0887 n:zzmoveen v:8e0
#1365452 16.07.2026 18:24:51 : EVT UI_FRAMEWORK : evalFile: b:/zapp/zzmoveen.fea/ext1.js from ui
#1365453 16.07.2026 18:24:51 : EVT APPLICATION : Zapp clid:32878
#1365454 16.07.2026 18:24:51 : EVT APPLICATION : Zapp zzwethen:Load script
#1365455 16.07.2026 18:24:51 : EVT APPLICATION : Zapp zzwethen:Enable
#1365456 16.07.2026 18:24:51 : EVT ANALYTICS : Zapp enabled i:8 h:3f77f8ec n:zzwethen v:ade
#1365457 16.07.2026 18:24:51 : EVT APPLICATION : Zapp clid:32879
#1365458 16.07.2026 18:24:51 : EVT APPLICATION : Zapp climbl02:Load script
#1365459 16.07.2026 18:24:52 : EVT APPLICATION : Zapp climbl02:Enable
#1365460 16.07.2026 18:24:52 : EVT ANALYTICS : Zapp enabled i:5 h:a5e7afa6 n:climbl02 v:2.0
#1365461 16.07.2026 18:24:52 : EVT APPLICATION : Zapp clid:32880
#1365462 16.07.2026 18:24:52 : ERR WBMAIN : *0: app 637 Event 37 809c5319
#1365463 16.07.2026 18:24:52 : EVT UI_FRAMEWORK : JS nsto all zapps enabled.
#1365464 16.07.2026 18:24:52 : ERR WBMAIN : 1: mea 31 Wait 0 00000000
#1365465 16.07.2026 18:24:52 : ERR WBMAIN : 2: ui 46 Wait 0 00000000
#1365466 16.07.2026 18:24:52 : EVT UI_FRAMEWORK : JS Prestart Activity Id: 16.000
#1365467 16.07.2026 18:24:52 : WRN WBAPI : eID-662ac4(277): /Dive/Alarms/Acknowledge 404
#1365468 16.07.2026 18:24:52 : EVT WBSTORAGE : CACHE_DEFRAG (904->976, 24->24, 25)
#1365469 16.07.2026 18:24:52 : EVT WBSTORAGE : CACHE_DEFRAG (896->928, 24->24, 25)
#1365470 16.07.2026 18:24:52 : EVT WBSTORAGE : CACHE_DEFRAG (856->888, 24->24, 25)
#1365471 16.07.2026 18:24:52 : EVT WBSTORAGE : CACHE_DEFRAG (816->864, 24->24, 25)
#1365472 16.07.2026 18:24:52 : EVT WBSTORAGE : CACHE_DEFRAG (784->792, 24->24, 25)
#1365473 16.07.2026 18:24:52 : EVT BLE : BLE Sensor Link 4800180D Conn (--E-:00:1)
#1365474 16.07.2026 18:24:53 : WRN WBAPI : eID-662ac4(277): /Dive/TankPressure/Alarm/Count 404
#1365475 16.07.2026 18:24:53 : EVT SPEEDFUSION : INFO # start speed fusion
#1365476 16.07.2026 18:24:53 : EVT SPEEDFUSION : Act:16,Acc:0,BPod:0,FPod:0,PPod:0,BeltPod:1
#1365477 16.07.2026 18:24:53 : EVT SPEEDFUSION : INFO # Start algo without wrist acc
#1365478 16.07.2026 18:24:53 : EVT <Unknown> : Update pres sampl intrvl:1
#1365479 16.07.2026 18:24:53 : EVT OHR : S:start 0x21a3
#1365480 16.07.2026 18:24:53 : EVT <Unknown> : 1784219093203:Meas start 0x21a3
#1365481 16.07.2026 18:24:53 : EVT UI_FRAMEWORK : evalFile: b:/zapp/climbl02.fea/ext22.js from ui
#1365482 16.07.2026 18:24:53 : EVT WBSTORAGE : CACHE_DEFRAG (768->1000, 24->24, 25)
#1365483 16.07.2026 18:24:53 : EVT TRAININGLAB : TLab:~Mode T 17081 + 6 A 2500 + 0
#1365484 16.07.2026 18:24:53 : EVT TRAININGLAB : TLab:Change mode 2->3
#1365485 16.07.2026 18:24:53 : EVT TRAININGLAB : TLab:Mode::userInfo 50, 200, 1, 37, 182, 950, 1990
#1365486 16.07.2026 18:24:53 : EVT LOGGER : Log space:33210615 bytes free
#1365487 16.07.2026 18:24:53 : EVT TRAININGLAB : ModeUnsub:2800
#1365488 16.07.2026 18:24:53 : EVT TRAININGLAB : ModeSub:9004
#1365489 16.07.2026 18:24:53 : EVT TRAININGLAB : TLab:Select input 0
#1365490 16.07.2026 18:24:53 : EVT TRAININGLAB : TLab:Active input 0
#1365491 16.07.2026 18:24:53 : EVT WBSTORAGE : CACHE_DEFRAG (968->976, 24->24, 25)
#1365492 16.07.2026 18:24:53 : EVT LOGGER : Exercise started
#1365493 16.07.2026 18:24:53 : EVT BLE : HR RR on (106655240)
#1365494 16.07.2026 18:24:54 : TRC GPS : Full GNSS data subd l:0 c:802b0000
#1365495 16.07.2026 18:24:54 : EVT APPLICATION : Zapp zzmoveen:templ load:b:/zapp/zzmoveen.fea/t.xml
#1365496 16.07.2026 18:24:54 : EVT APPLICATION : Zapp zzwethen:templ load:b:/zapp/zzwethen.fea/t.xml
#1365497 16.07.2026 18:24:55 : EVT APPLICATION : Zapp climbl02:templ load:b:/zapp/climbl02.fea/setup.xml
#1365498 16.07.2026 18:24:55 : EVT APPLICATION : Zapp zzwethen:templ load:b:/zapp/zzwethen.fea/t.xml
#1365499 16.07.2026 18:24:55 : EVT APPLICATION : Zapp climbl02:templ load:b:/zapp/climbl02.fea/setup.xml
#1365500 16.07.2026 18:24:55 : EVT ANALYTICS : Battery-> 3 soc:100
#1365501 16.07.2026 18:24:55 : EVT ANALYTICS : #FusHr src:0 time:0
#1365502 16.07.2026 18:24:55 : EVT ANALYTICS : #Act id:16
#1365503 16.07.2026 18:24:55 : EVT ANALYTICS : #powersave mode:p temp:28.4
#1365504 16.07.2026 18:24:55 : EVT ANALYTICS : GPSMODE:NOTUSED
#1365505 16.07.2026 18:24:55 : EVT ANALYTICS : #gnss d:2026-07-16T00:00:00Z
#1365506 16.07.2026 18:24:55 : EVT ANALYTICS : #zapp n:Weather e:1
#1365507 16.07.2026 18:24:55 : EVT ANALYTICS : #zapp n:Movement e:1
#1365508 16.07.2026 18:24:56 : EVT ANALYTICS : #zapp n:Climb Log e:1
#1365509 16.07.2026 18:24:57 : WRN WBAPI : eID-662ac4(277): /Dive/Alarms/Acknowledge 404
#1365510 16.07.2026 18:24:57 : EVT APPLICATION : Zapp climbl02:templ load:b:/zapp/climbl02.fea/ready.xml
#1365511 16.07.2026 18:24:57 : ERR APPLICATION : Zapp:relMemCb (exec:ui)
#1365512 16.07.2026 18:24:57 : EVT APPLICATION : Zapp zzmoveen:Disable
#1365513 16.07.2026 18:24:57 : EVT ANALYTICS : Zapp disabled i:6 h:7aac0887 n:Movement
#1365514 16.07.2026 18:24:57 : ERR APPLICATION : Zapp 3:RelMem->unload
#1365515 16.07.2026 18:24:58 : EVT LOGGER : LGR 934, 80
#1365516 16.07.2026 18:24:58 : WRN WBAPI : eID-662ac4(277): /Dive/Alarms/Acknowledge 404
#1365517 16.07.2026 18:24:59 : EVT UI_FRAMEWORK : evalFile: b:/zapp/climbl02.fea/ext10.js from ui
#1365518 16.07.2026 18:24:59 : EVT UI_FRAMEWORK : evalFile: b:/zapp/climbl02.fea/ext35.js from ui
#1365519 16.07.2026 18:24:59 : EVT APPLICATION : Zapp climbl02:templ load:b:/zapp/climbl02.fea/active.xml
#1365520 16.07.2026 18:25:00 : EVT SEDENTARY : stop monitoring
#1365521 16.07.2026 18:25:00 : EVT APPLICATION : Zapp zzwethen:templ load:b:/zapp/zzwethen.fea/t.xml
#1365522 16.07.2026 18:25:01 : EVT ANALYTICS : #ws AID:16 BM:1 NS:0 SP:2 ZN:0 TG:0 GPS:0
#1365523 16.07.2026 18:25:01 : EVT ANALYTICS : #2ws AID:16 WHR:1 INT:0 AL:0 AP:0 FE:1 MC:1 TH:0
#1365524 16.07.2026 18:25:02 : EVT WBSTORAGE : CACHE_DEFRAG (944->1064, 24->24, 25)
#1365525 16.07.2026 18:25:02 : EVT WBSTORAGE : CACHE_DEFRAG (992->1000, 24->24, 25)
#1365526 16.07.2026 18:25:02 : EVT BLE : lt,scan 1
#1365527 16.07.2026 18:25:02 : WRN BLE : sendDisconnect 6157
#1365528 16.07.2026 18:25:02 : ERR BLE : [AURA]No filters left, stopping scan
#1365529 16.07.2026 18:25:02 : ERR BLE : [AURA]Filter with handle 72 not found
#1365530 16.07.2026 18:25:03 : EVT WBSTORAGE : CACHE_DEFRAG (928->936, 24->24, 25)
#1365531 16.07.2026 18:25:03 : EVT BLE : packet 0 sensor found count 1
#1365532 16.07.2026 18:25:03 : EVT BLE : packet 0 sensor found count 2
#1365533 16.07.2026 18:25:03 : EVT ANALYTICS : #FusHr src:2 time:10159
#1365534 16.07.2026 18:25:03 : EVT TRAININGLAB : Tlab:HR src is 2
#1365535 16.07.2026 18:25:03 : EVT ANALYTICS : #FusHr src:2 time:0
#1365536 16.07.2026 18:25:03 : EVT TRAININGLAB : TLab:Active input 1
#1365537 16.07.2026 18:25:04 : EVT UI_FRAMEWORK : evalFile: b:/zapp/climbl02.fea/ext25.js from ui
#1365538 16.07.2026 18:25:04 : EVT LOGGER : Exercise paused
#1365539 16.07.2026 18:25:04 : WRN WBAPI : eID-662ac4(277): /Dive/Alarms/Acknowledge 404
#1365540 16.07.2026 18:25:04 : EVT APPLICATION : Zapp zzwethen:templ load:b:/zapp/zzwethen.fea/t.xml
#1365541 16.07.2026 18:25:04 : WRN WBAPI : eID-662ac4(277): /Settings/General/BacklightForced 404
#1365542 16.07.2026 18:25:06 : EVT APPLICATION : Zapp climbl02:Disable
#1365543 16.07.2026 18:25:06 : EVT UI_FRAMEWORK : evalFile: b:/zapp/climbl02.fea/ext11.js from ui
#1365544 16.07.2026 18:25:06 : EVT ANALYTICS : Zapp disabled i:5 h:a5e7afa6 n:Climb Log
#1365545 16.07.2026 18:25:06 : EVT APPLICATION : Zapp zzwethen:Disable
#1365546 16.07.2026 18:25:06 : EVT ANALYTICS : Zapp disabled i:8 h:3f77f8ec n:Weather
#1365547 16.07.2026 18:25:06 : EVT UI_FRAMEWORK : JS discard disable zapps
#1365548 16.07.2026 18:25:06 : EVT UI_FRAMEWORK : JS will discard
#1365549 16.07.2026 18:25:06 : EVT SPEEDFUSION : INFO # stop speed fusion
#1365550 16.07.2026 18:25:06 : EVT BRIGHTNESS : Custom state pwr:[-1,-1] bri:[-1.00,-1.00]
#1365551 16.07.2026 18:25:06 : EVT <Unknown> : Update pres sampl intrvl:5
#1365552 16.07.2026 18:25:06 : WRN APPLICATION : discard hrr meas l:3 d:0 sh:77 mh:77 v:0
#1365553 16.07.2026 18:25:06 : WRN WBAPI : eID-66abdc(583/65535): 404
#1365554 16.07.2026 18:25:06 : EVT TRAININGZONE : User Define Mode:5
#1365555 16.07.2026 18:25:06 : EVT TRAININGZONE : Tss HR:0.10
#1365556 16.07.2026 18:25:06 : EVT TRAININGZONE : A:16,Tss:[-200.00,-200.00,-200.00,0.10]
#1365557 16.07.2026 18:25:06 : EVT TRAININGLAB : AppFeature Vo2Max 0.000000
#1365558 16.07.2026 18:25:06 : EVT TRAININGLAB : TLab:~Mode T 17087 + 2 A 2500 + 0
#1365559 16.07.2026 18:25:06 : EVT TRAININGLAB : TLab:Change mode 3->2
#1365560 16.07.2026 18:25:06 : EVT TRAININGLAB : TLab:Mode::userInfo 50, 200, 1, 37, 182, 950, 1990
#1365561 16.07.2026 18:25:06 : EVT LOGGER : LGR 934, 80
#1365562 16.07.2026 18:25:06 : EVT TRAININGLAB : ModeUnsub:9145
#1365563 16.07.2026 18:25:06 : EVT OHR : S:start 0x2123
#1365564 16.07.2026 18:25:06 : EVT TRAININGLAB : ModeSub:0400
#1365565 16.07.2026 18:25:06 : EVT ANALYTICS : WAOae:Activity WAOae:16
#1365566 16.07.2026 18:25:06 : EVT ANALYTICS : WAOae:TotalAcc WAOae:0,0,0
#1365567 16.07.2026 18:25:06 : EVT ANALYTICS : WAOae:AccCount WAOae:0,0,0
#1365568 16.07.2026 18:25:06 : EVT ANALYTICS : WAOae:Distance WAOae:0,0,0
#1365569 16.07.2026 18:25:06 : EVT ANALYTICS : WAOae:Duration WAOae:0,0,0
#1365570 16.07.2026 18:25:06 : EVT ANALYTICS : WAOae:Coeff WAOae:0,40,316,466,773,7524,7624
#1365571 16.07.2026 18:25:06 : EVT LOGGER : Exercise stopped
#1365572 16.07.2026 18:25:06 : EVT BLE : HR RR off (106667651, 12411 ms missing)
#1365573 16.07.2026 18:25:06 : EVT BLE : HR RR done
#1365574 16.07.2026 18:25:06 : EVT LOGGER : HrIbiLogger stop, off (0 ms)
#1365575 16.07.2026 18:25:06 : EVT LOGGER : HrIbiLogger stopped (0 ms)
#1365576 16.07.2026 18:25:06 : TRC GPS : Unsubd c:802b0000
#1365577 16.07.2026 18:25:06 : EVT LOGGER : LGR 934, 80
#1365578 16.07.2026 18:25:06 : EVT LOGGER : LGR 934, 80
#1365579 16.07.2026 18:25:06 : EVT ANALYTICS : SleepQ:Tracking:On
#1365580 16.07.2026 18:25:06 : WRN LOGGER : feeling: not save sum,f:119,got:1
#1365581 16.07.2026 18:25:06 : EVT LOGGER : Wr dpc on
#1365582 16.07.2026 18:25:06 : EVT LOGGER : LGR 20993, 56
#1365583 16.07.2026 18:25:07 : EVT WBSTORAGE : CACHE_DEFRAG (856->1064, 24->24, 25)
#1365584 16.07.2026 18:25:07 : EVT WBSTORAGE : CACHE_DEFRAG (1048->1056, 24->24, 25)
#1365585 16.07.2026 18:25:07 : EVT WBSTORAGE : CACHE_DEFRAG (1040->1048, 24->24, 25)
#1365586 16.07.2026 18:25:07 : EVT WBSTORAGE : CACHE_DEFRAG (1032->1040, 24->24, 25)
#1365587 16.07.2026 18:25:07 : EVT WBSTORAGE : CACHE_DEFRAG (1024->1056, 24->24, 25)
#1365588 16.07.2026 18:25:07 : EVT SPEEDFUSION : INFO # IDLE mode(-1) set
#1365589 16.07.2026 18:25:07 : EVT ALTIFUSION : AltiBaroMode:2
#1365590 16.07.2026 18:25:07 : ERR WBMAIN : *0: app 585 Event 28 802c400e
#1365591 16.07.2026 18:25:07 : ERR WBMAIN : 1: mea 1 Event 24 8042037d
#1365592 16.07.2026 18:25:07 : ERR WBMAIN : 2: ui 3 Wait 0 00000000
#1365593 16.07.2026 18:25:07 : EVT <Unknown> : 1784219106417:Meas start 0x2123
#1365594 16.07.2026 18:25:07 : EVT WBSTORAGE : CACHE_DEFRAG (1032->1048, 24->24, 25)
#1365595 16.07.2026 18:25:07 : EVT BLE : Disconn sensor:1
#1365596 16.07.2026 18:25:07 : EVT BLE : BLE Sensor Link 4800180D Disc (L-E-:00:0)
#1365597 16.07.2026 18:25:07 : WRN BLE : sendDisconnect 6157
#1365598 16.07.2026 18:25:07 : ERR BLE : [AURA]No filters left, stopping scan
#1365599 16.07.2026 18:25:08 : EVT ANALYTICS : #powersave mode:p temp:28.4
#1365600 16.07.2026 18:25:08 : EVT ANALYTICS : Battery-> 4 soc:100
#1365601 16.07.2026 18:25:10 : EVT UI_FRAMEWORK : JS discard
#1365602 16.07.2026 18:25:10 : WRN LOGGER : Delete b:logs/6A5905D5
#1365603 16.07.2026 18:25:12 : EVT WBSTORAGE : CACHE_DEFRAG (1032->1040, 24->24, 25)
#1365604 16.07.2026 18:25:12 : EVT APPLICATION : Zapp zwc05901:Load script
#1365605 16.07.2026 18:25:12 : EVT APPLICATION : Zapp zwc05901:Enable
#1365606 16.07.2026 18:25:12 : EVT ANALYTICS : Zapp enabled i:3 h:ddb248f2 n:zwc05901 v:124f
#1365607 16.07.2026 18:25:12 : EVT APPLICATION : Zapp zwc05901:templ load:b:/zapp/zwc05901.wfa/wf.xml
#1365608 16.07.2026 18:25:12 : WRN WBAPI : eID-662ac4(277): /Weather/Current/ValidWeatherData.temp 
#1365609 16.07.2026 18:25:23 : EVT <Unknown> : 1784219122901:Off Skin Set.
#1365610 16.07.2026 18:25:23 : EVT WBSTORAGE : CACHE_DEFRAG (912->936, 24->24, 25)
#1365611 16.07.2026 18:25:23 : EVT WBSTORAGE : CACHE_DEFRAG (848->864, 24->24, 25)
#1365612 16.07.2026 18:25:25 : EVT PMIC : VBUS state is ON
#1365613 16.07.2026 18:25:25 : EVT PMIC : chgCntl1:0x70
#1365614 16.07.2026 18:25:25 : EVT PMIC : check chgCntl1:0x74
#1365615 16.07.2026 18:25:25 : EVT PMIC : Turn charge ON since VBUS->ON
#1365616 16.07.2026 18:25:25 : EVT PMIC : PMIC temp zone:0x2
#1365617 16.07.2026 18:25:25 : EVT OHR : VBUS on
#1365618 16.07.2026 18:25:25 : EVT OHR : S:stop 23
#1365619 16.07.2026 18:25:25 : EVT <Unknown> : 1784219124903:On Skin Set.
#1365620 16.07.2026 18:25:25 : EVT <Unknown> : 1784219125114:Meas stop 0x2123
#1365621 16.07.2026 18:25:25 : WRN <Unknown> : 1784219125114:FSM EVT STOP.
#1365622 16.07.2026 18:25:25 : EVT OHR : S:OFF 1->0
#1365623 16.07.2026 18:25:25 : EVT PMIC : VBUS state is ON
#1365624 16.07.2026 18:25:25 : EVT PMIC : PMIC temp zone:0x7
#1365625 16.07.2026 18:25:25 : EVT PMIC : VBUS state is OFF
#1365626 16.07.2026 18:25:25 : EVT PMIC : Turn charge OFF since VBUS->OFF
#1365627 16.07.2026 18:25:25 : EVT OHR : VBUS off
#1365628 16.07.2026 18:25:25 : EVT OHR : S:ON 0->1
#1365629 16.07.2026 18:25:26 : EVT OHR : APPINIT:caps 0x1f4, befd5e61
#1365630 16.07.2026 18:25:26 : EVT <Unknown> : 1784219126084:AI@1784219126060, tz120
#1365631 16.07.2026 18:25:26 : EVT OHR : S:start 0x2123
#1365632 16.07.2026 18:25:26 : EVT <Unknown> : 1784219126090:Meas start 0x2123
#1365633 16.07.2026 18:25:26 : EVT <Unknown> : 1784219126101:PD1464, 0
#1365634 16.07.2026 18:25:26 : EVT <Unknown> : 1784219126165:GMV 20251126/1/4/0/395/46
#1365635 16.07.2026 18:25:26 : EVT <Unknown> : 1784219126419:Mi1.6.10, auth 0, hr_mode 0
#1365636 16.07.2026 18:25:27 : EVT APPLICATION : Zapp zwc05901:templ load:b:/zapp/zwc05901.wfa/wf.xml
#1365637 16.07.2026 18:25:27 : WRN WBAPI : eID-662ac4(277): /Weather/Current/ValidWeatherData.temp 
#1365638 16.07.2026 18:25:27 : EVT <Unknown> : 1784219126670:On Skin Set.
#1365639 16.07.2026 18:25:28 : EVT OHR : No HR update, invalidate by timer
#1365640 16.07.2026 18:25:31 : ERR <Unknown> : 1784219130684:Mi invalid call:100,code:0.
#1365641 16.07.2026 18:25:31 : EVT PMIC : VBUS state is ON
#1365642 16.07.2026 18:25:31 : EVT PMIC : chgCntl1:0x70
#1365643 16.07.2026 18:25:31 : EVT PMIC : check chgCntl1:0x74
#1365644 16.07.2026 18:25:31 : EVT PMIC : Turn charge ON since VBUS->ON
#1365645 16.07.2026 18:25:31 : EVT PMIC : PMIC temp zone:0x2
#1365646 16.07.2026 18:25:31 : EVT OHR : VBUS on
#1365647 16.07.2026 18:25:31 : EVT OHR : S:stop 23
#1365648 16.07.2026 18:25:31 : EVT <Unknown> : 1784219131366:Meas stop 0x2123
#1365649 16.07.2026 18:25:31 : WRN <Unknown> : 1784219131366:FSM EVT STOP.
#1365650 16.07.2026 18:25:31 : EVT OHR : S:OFF 1->0
#1365651 16.07.2026 18:25:31 : EVT PMIC : VBUS state is ON
#1365652 16.07.2026 18:25:37 : TRC FUEL_GAUGE : Chg->1,B:5,C:4.0,V:4433,U:1,bF:100%,bC:100%
#1365653 16.07.2026 18:25:37 : EVT ANALYTICS : Battery-> 2 soc:100
#1365654 16.07.2026 18:25:46 : EVT WBSTORAGE : CACHE_DEFRAG (800->840, 24->24, 25)
#1365655 16.07.2026 18:25:46 : EVT WBSTORAGE : CACHE_DEFRAG (792->800, 24->24, 25)
#1365656 16.07.2026 18:25:46 : EVT <Unknown> : DL Region List
#1365657 16.07.2026 18:25:46 : EVT WIFI : Pwr up
#1365658 16.07.2026 18:25:50 : EVT PMIC : PMIC temp zone:0x7
#1365659 16.07.2026 18:25:50 : EVT PMIC : VBUS state is OFF
#1365660 16.07.2026 18:25:50 : EVT PMIC : Turn charge OFF since VBUS->OFF
#1365661 16.07.2026 18:25:50 : TRC FUEL_GAUGE : Chg->0,B:5,C:10.7,V:4435,U:0,bF:100%,bC:100%
#1365662 16.07.2026 18:25:50 : EVT OHR : VBUS off
#1365663 16.07.2026 18:25:50 : EVT OHR : S:ON 0->1
#1365664 16.07.2026 18:25:50 : EVT ANALYTICS : Battery-> 1 soc:100
#1365665 16.07.2026 18:25:50 : EVT OHR : APPINIT:caps 0x1f4, befd5e61
#1365666 16.07.2026 18:25:50 : EVT <Unknown> : 1784219150474:AI@1784219150450, tz120
#1365667 16.07.2026 18:25:50 : EVT OHR : S:start 0x2123
#1365668 16.07.2026 18:25:50 : EVT <Unknown> : 1784219150479:Meas start 0x2123
#1365669 16.07.2026 18:25:50 : EVT <Unknown> : 1784219150493:PD1464, 0
#1365670 16.07.2026 18:25:50 : EVT <Unknown> : 1784219150557:GMV 20251126/1/4/0/395/46
#1365671 16.07.2026 18:25:50 : EVT <Unknown> : 1784219150811:Mi1.6.10, auth 0, hr_mode 0
#1365672 16.07.2026 18:25:51 : EVT PMIC : VBUS state is ON
#1365673 16.07.2026 18:25:51 : EVT PMIC : chgCntl1:0x70
#1365674 16.07.2026 18:25:51 : EVT PMIC : check chgCntl1:0x74
#1365675 16.07.2026 18:25:51 : EVT PMIC : Turn charge ON since VBUS->ON
#1365676 16.07.2026 18:25:51 : TRC FUEL_GAUGE : Chg->1,B:5,C:7.2,V:4435,U:1,bF:100%,bC:100%
#1365677 16.07.2026 18:25:51 : EVT PMIC : PMIC temp zone:0x2
#1365678 16.07.2026 18:25:51 : EVT OHR : VBUS on
#1365679 16.07.2026 18:25:51 : EVT OHR : S:stop 23
#1365680 16.07.2026 18:25:51 : EVT ANALYTICS : Battery-> 2 soc:100
#1365681 16.07.2026 18:25:51 : EVT <Unknown> : 1784219151062:On Skin Set.
#1365682 16.07.2026 18:25:51 : EVT <Unknown> : 1784219151327:Meas stop 0x2123
#1365683 16.07.2026 18:25:51 : EVT PMIC : VBUS state is ON
#1365684 16.07.2026 18:25:51 : WRN <Unknown> : 1784219151328:FSM EVT STOP.
#1365685 16.07.2026 18:25:51 : EVT OHR : S:OFF 1->0
#1365686 16.07.2026 18:25:52 : EVT WIFI : pwr up
#1365687 16.07.2026 18:25:52 : EVT WIFI : SDK Ver(3.2.8.1)
#1365688 16.07.2026 18:25:52 : EVT WIFI : Scann APs (1/3)
#1365689 16.07.2026 18:25:53 : EVT PMIC : PMIC Precharge
#1365690 16.07.2026 18:25:53 : EVT WIFI : APs scanned:14
#1365691 16.07.2026 18:25:53 : WRN WIFI : No APs matched to connect
#1365692 16.07.2026 18:25:53 : EVT WIFI : Scann APs (2/3)
#1365693 16.07.2026 18:25:53 : EVT PMIC : PMIC Precharge
#1365694 16.07.2026 18:25:54 : EVT PMIC : PMIC Precharge
#1365695 16.07.2026 18:25:54 : EVT PMIC : PMIC Precharge
#1365696 16.07.2026 18:25:54 : EVT WIFI : APs scanned:12
#1365697 16.07.2026 18:25:54 : WRN WIFI : No APs matched to connect
#1365698 16.07.2026 18:25:54 : EVT WIFI : Scann APs (3/3)
#1365699 16.07.2026 18:25:54 : EVT WBCOMM : P-9 connection made to ECSD00000000
#1365700 16.07.2026 18:25:54 : EVT WBCOMM : New Route: ECSD00000000
#1365701 16.07.2026 18:25:54 : EVT PMIC : PMIC Precharge
#1365702 16.07.2026 18:25:55 : EVT PMIC : PMIC Precharge
#1365703 16.07.2026 18:25:55 : EVT PMIC : PMIC Precharge
#1365704 16.07.2026 18:25:55 : EVT WIFI : APs scanned:14
#1365705 16.07.2026 18:25:55 : WRN WIFI : No APs matched to connect
#1365706 16.07.2026 18:25:55 : EVT WIFI : Internal connect ret:103
#1365707 16.07.2026 18:25:55 : ERR <Unknown> : DL GET resultCode=500
#1365708 16.07.2026 18:25:55 : EVT <Unknown> : DL try retry after 900000 ms
#1365709 16.07.2026 18:25:57 : EVT PMIC : PMIC Precharge
#1365710 16.07.2026 18:25:57 : EVT PMIC : PMIC Precharge
#1365711 16.07.2026 18:25:57 : EVT PMIC : PMIC Precharge
#1365712 16.07.2026 18:25:57 : EVT PMIC : PMIC Precharge
#1365713 16.07.2026 18:25:57 : EVT PMIC : PMIC Precharge
#1365714 16.07.2026 18:25:57 : EVT PMIC : PMIC Precharge
#1365715 16.07.2026 18:25:57 : EVT PMIC : PMIC Precharge
#1365716 16.07.2026 18:25:57 : EVT PMIC : PMIC Precharge
#1365717 16.07.2026 18:25:58 : ERR WBMAIN : *0: app 867 Event 36 80005311
#1365718 16.07.2026 18:25:58 : ERR WBMAIN : 1: mea 0 Wait 0 00000000
#1365719 16.07.2026 18:25:58 : ERR WBMAIN : 2: ui 81 Wait 0 00000000
#1365720 16.07.2026 18:25:58 : EVT PMIC : PMIC Precharge
#1365721 16.07.2026 18:25:58 : EVT PMIC : PMIC Precharge
#1365722 16.07.2026 18:25:58 : EVT PMIC : PMIC Precharge
#1365723 16.07.2026 18:25:58 : EVT PMIC : PMIC Precharge
#1365724 16.07.2026 18:25:58 : EVT PMIC : PMIC Precharge
#1365725 16.07.2026 18:25:58 : EVT PMIC : PMIC Precharge
#1365726 16.07.2026 18:25:58 : EVT PMIC : PMIC Precharge
#1365727 16.07.2026 18:25:58 : EVT PMIC : PMIC Precharge
#1365728 16.07.2026 18:25:58 : EVT PMIC : PMIC Precharge
#1365729 16.07.2026 18:25:58 : EVT PMIC : PMIC Precharge
#1365730 16.07.2026 18:25:58 : EVT PMIC : PMIC Precharge
#1365731 16.07.2026 18:25:59 : EVT PMIC : PMIC Precharge
#1365732 16.07.2026 18:25:59 : EVT PMIC : PMIC Precharge
#1365733 16.07.2026 18:25:59 : EVT PMIC : PMIC Precharge
#1365734 16.07.2026 18:25:59 : EVT PMIC : PMIC Precharge
#1365735 16.07.2026 18:25:59 : EVT PMIC : PMIC Precharge
#1365736 16.07.2026 18:25:59 : EVT PMIC : PMIC Precharge
#1365737 16.07.2026 18:25:59 : EVT PMIC : PMIC Precharge
#1365738 16.07.2026 18:25:59 : EVT ANALYTICS : Sync start
#1365739 16.07.2026 18:25:59 : EVT PMIC : PMIC Precharge
#1365740 16.07.2026 18:25:59 : EVT PMIC : PMIC Precharge
#1365741 16.07.2026 18:26:00 : EVT SEDENTARY : stop monitoring

