#1240912 06.07.2026 18:09:36 : ERR DUKTAPE : JSalloc:2508
#1240913 06.07.2026 18:09:36 : ERR APPLICATION : Zapp:relMemCb (exec:zapp)
#1240914 06.07.2026 18:09:36 : ERR APPLICATION : Zapp:RelMem->None avail
#1240915 06.07.2026 18:09:36 : ERR DUKTAPE : JSalloc:2508
#1240916 06.07.2026 18:09:36 : ERR APPLICATION : Zapp:relMemCb (exec:zapp)
#1240917 06.07.2026 18:09:36 : ERR APPLICATION : Zapp:RelMem->None avail
#1240918 06.07.2026 18:09:36 : ERR DUKTAPE : JSalloc:2508
#1240919 06.07.2026 18:09:36 : ERR APPLICATION : Zapp:relMemCb (exec:zapp)
#1240920 06.07.2026 18:09:36 : ERR APPLICATION : Zapp:RelMem->None avail
#1240921 06.07.2026 18:09:36 : ERR DUKTAPE : JSalloc:2508
#1240922 06.07.2026 18:09:36 : ERR APPLICATION : Zapp:relMemCb (exec:zapp)
#1240923 06.07.2026 18:09:36 : ERR APPLICATION : Zapp:RelMem->None avail
#1240924 06.07.2026 18:09:36 : ERR DUKTAPE : JSalloc:2508
#1240925 06.07.2026 18:09:36 : ERR APPLICATION : evalFile: failed to eval b:/zapp/climbl01.fea/ext12.js
#1240926 06.07.2026 18:09:37 : EVT UI_FRAMEWORK : evalFile: b:/zapp/climbl01.fea/ext12.js from ui
#1240927 06.07.2026 18:09:37 : ERR APPLICATION : Zapp:relMemCb (exec:zapp)
#1240928 06.07.2026 18:09:37 : ERR APPLICATION : Zapp:RelMem->None avail
#1240929 06.07.2026 18:09:37 : ERR DUKTAPE : JSalloc:2508
#1240930 06.07.2026 18:09:37 : ERR APPLICATION : Zapp:relMemCb (exec:zapp)
#1240931 06.07.2026 18:09:37 : ERR APPLICATION : Zapp:RelMem->None avail
#1240932 06.07.2026 18:09:37 : ERR DUKTAPE : JSalloc:2508
#1240933 06.07.2026 18:09:37 : ERR APPLICATION : Zapp:relMemCb (exec:zapp)
#1240934 06.07.2026 18:09:37 : ERR APPLICATION : Zapp:RelMem->None avail
#1240935 06.07.2026 18:09:37 : ERR DUKTAPE : JSalloc:2508
#1240936 06.07.2026 18:09:37 : ERR APPLICATION : Zapp:relMemCb (exec:zapp)
#1240937 06.07.2026 18:09:37 : ERR APPLICATION : Zapp:RelMem->None avail
#1240938 06.07.2026 18:09:37 : ERR DUKTAPE : JSalloc:2508
#1240939 06.07.2026 18:09:37 : ERR APPLICATION : Zapp:relMemCb (exec:zapp)
#1240940 06.07.2026 18:09:37 : ERR APPLICATION : Zapp:RelMem->None avail
#1240941 06.07.2026 18:09:37 : ERR DUKTAPE : JSalloc:2508
#1240942 06.07.2026 18:09:37 : ERR APPLICATION : Zapp:relMemCb (exec:zapp)
#1240943 06.07.2026 18:09:37 : ERR APPLICATION : Zapp:RelMem->None avail
#1240944 06.07.2026 18:09:37 : ERR DUKTAPE : JSalloc:2508
#1240945 06.07.2026 18:09:37 : ERR APPLICATION : Zapp:relMemCb (exec:zapp)
#1240946 06.07.2026 18:09:37 : ERR APPLICATION : Zapp:RelMem->None avail
#1240947 06.07.2026 18:09:37 : ERR DUKTAPE : JSalloc:2508
#1240948 06.07.2026 18:09:37 : ERR APPLICATION : Zapp:relMemCb (exec:zapp)
#1240949 06.07.2026 18:09:37 : ERR APPLICATION : Zapp:RelMem->None avail
#1240950 06.07.2026 18:09:37 : ERR DUKTAPE : JSalloc:2508
#1240951 06.07.2026 18:09:37 : ERR APPLICATION : Zapp:relMemCb (exec:zapp)
#1240952 06.07.2026 18:09:37 : ERR APPLICATION : Zapp:RelMem->None avail
#1240953 06.07.2026 18:09:37 : ERR DUKTAPE : JSalloc:2508
#1240954 06.07.2026 18:09:37 : ERR APPLICATION : Zapp:relMemCb (exec:zapp)
#1240955 06.07.2026 18:09:37 : ERR APPLICATION : Zapp:RelMem->None avail
#1240956 06.07.2026 18:09:37 : ERR DUKTAPE : JSalloc:2508
#1240957 06.07.2026 18:09:37 : ERR APPLICATION : Zapp:relMemCb (exec:zapp)
#1240958 06.07.2026 18:09:37 : ERR APPLICATION : Zapp:RelMem->None avail
#1240959 06.07.2026 18:09:37 : ERR DUKTAPE : JSalloc:2508
#1240960 06.07.2026 18:09:37 : ERR APPLICATION : evalFile: failed to eval b:/zapp/climbl01.fea/ext12.js
#1240961 06.07.2026 18:09:38 : EVT UI_FRAMEWORK : evalFile: b:/zapp/climbl01.fea/ext12.js from ui
#1240962 06.07.2026 18:09:38 : ERR APPLICATION : Zapp:relMemCb (exec:zapp)
#1240963 06.07.2026 18:09:38 : ERR APPLICATION : Zapp:RelMem->None avail
#1240964 06.07.2026 18:09:38 : ERR DUKTAPE : JSalloc:2508
#1240965 06.07.2026 18:09:38 : ERR APPLICATION : Zapp:relMemCb (exec:zapp)
#1240966 06.07.2026 18:09:38 : ERR APPLICATION : Zapp:RelMem->None avail
#1240967 06.07.2026 18:09:38 : ERR DUKTAPE : JSalloc:2508
#1240968 06.07.2026 18:09:38 : ERR APPLICATION : Zapp:relMemCb (exec:zapp)
#1240969 06.07.2026 18:09:38 : ERR APPLICATION : Zapp:RelMem->None avail
#1240970 06.07.2026 18:09:38 : ERR DUKTAPE : JSalloc:2508
#1240971 06.07.2026 18:09:38 : ERR APPLICATION : Zapp:relMemCb (exec:zapp)
#1240972 06.07.2026 18:09:38 : ERR APPLICATION : Zapp:RelMem->None avail
#1240973 06.07.2026 18:09:38 : ERR DUKTAPE : JSalloc:2508
#1240974 06.07.2026 18:09:38 : ERR APPLICATION : Zapp:relMemCb (exec:zapp)
#1240975 06.07.2026 18:09:38 : ERR APPLICATION : Zapp:RelMem->None avail
#1240976 06.07.2026 18:09:38 : ERR DUKTAPE : JSalloc:2508
#1240977 06.07.2026 18:09:38 : ERR APPLICATION : Zapp:relMemCb (exec:zapp)
#1240978 06.07.2026 18:09:38 : ERR APPLICATION : Zapp:RelMem->None avail
#1240979 06.07.2026 18:09:38 : ERR DUKTAPE : JSalloc:2508
#1240980 06.07.2026 18:09:38 : ERR APPLICATION : Zapp:relMemCb (exec:zapp)
#1240981 06.07.2026 18:09:38 : ERR APPLICATION : Zapp:RelMem->None avail
#1240982 06.07.2026 18:09:38 : ERR DUKTAPE : JSalloc:2508
#1240983 06.07.2026 18:09:38 : ERR APPLICATION : Zapp:relMemCb (exec:zapp)
#1240984 06.07.2026 18:09:38 : ERR APPLICATION : Zapp:RelMem->None avail
#1240985 06.07.2026 18:09:38 : ERR DUKTAPE : JSalloc:2508
#1240986 06.07.2026 18:09:38 : ERR APPLICATION : Zapp:relMemCb (exec:zapp)
#1240987 06.07.2026 18:09:38 : ERR APPLICATION : Zapp:RelMem->None avail
#1240988 06.07.2026 18:09:38 : ERR DUKTAPE : JSalloc:2508
#1240989 06.07.2026 18:09:38 : ERR APPLICATION : Zapp:relMemCb (exec:zapp)
#1240990 06.07.2026 18:09:38 : ERR APPLICATION : Zapp:RelMem->None avail
#1240991 06.07.2026 18:09:38 : ERR DUKTAPE : JSalloc:2508
#1240992 06.07.2026 18:09:38 : ERR APPLICATION : Zapp:relMemCb (exec:zapp)
#1240993 06.07.2026 18:09:38 : ERR APPLICATION : Zapp:RelMem->None avail
#1240994 06.07.2026 18:09:38 : ERR DUKTAPE : JSalloc:2508
#1240995 06.07.2026 18:09:38 : ERR APPLICATION : evalFile: failed to eval b:/zapp/climbl01.fea/ext12.js
#1240996 06.07.2026 18:09:39 : EVT UI_FRAMEWORK : evalFile: b:/zapp/climbl01.fea/ext12.js from ui
#1240997 06.07.2026 18:09:39 : ERR APPLICATION : Zapp:relMemCb (exec:zapp)
#1240998 06.07.2026 18:09:39 : ERR APPLICATION : Zapp:RelMem->None avail
#1240999 06.07.2026 18:09:39 : ERR DUKTAPE : JSalloc:2508
#1241000 06.07.2026 18:09:39 : ERR APPLICATION : Zapp:relMemCb (exec:zapp)
#1241001 06.07.2026 18:09:39 : ERR APPLICATION : Zapp:RelMem->None avail
#1241002 06.07.2026 18:09:39 : ERR DUKTAPE : JSalloc:2508
#1241003 06.07.2026 18:09:39 : ERR APPLICATION : Zapp:relMemCb (exec:zapp)
#1241004 06.07.2026 18:09:39 : ERR APPLICATION : Zapp:RelMem->None avail
#1241005 06.07.2026 18:09:39 : ERR DUKTAPE : JSalloc:2508
#1241006 06.07.2026 18:09:39 : ERR APPLICATION : Zapp:relMemCb (exec:zapp)
#1241007 06.07.2026 18:09:39 : ERR APPLICATION : Zapp:RelMem->None avail
#1241008 06.07.2026 18:09:39 : ERR DUKTAPE : JSalloc:2508
#1241009 06.07.2026 18:09:39 : ERR APPLICATION : Zapp:relMemCb (exec:zapp)
#1241010 06.07.2026 18:09:39 : ERR APPLICATION : Zapp:RelMem->None avail
#1241011 06.07.2026 18:09:39 : ERR DUKTAPE : JSalloc:2508
#1241012 06.07.2026 18:09:39 : ERR APPLICATION : Zapp:relMemCb (exec:zapp)
#1241013 06.07.2026 18:09:39 : ERR APPLICATION : Zapp:RelMem->None avail
#1241014 06.07.2026 18:09:39 : ERR DUKTAPE : JSalloc:2508
#1241015 06.07.2026 18:09:39 : ERR APPLICATION : Zapp:relMemCb (exec:zapp)
#1241016 06.07.2026 18:09:39 : ERR APPLICATION : Zapp:RelMem->None avail
#1241017 06.07.2026 18:09:39 : ERR DUKTAPE : JSalloc:2508
#1241018 06.07.2026 18:09:39 : ERR APPLICATION : Zapp:relMemCb (exec:zapp)
#1241019 06.07.2026 18:09:39 : ERR APPLICATION : Zapp:RelMem->None avail
#1241020 06.07.2026 18:09:39 : ERR DUKTAPE : JSalloc:2508
#1241021 06.07.2026 18:09:39 : ERR APPLICATION : Zapp:relMemCb (exec:zapp)
#1241022 06.07.2026 18:09:39 : ERR APPLICATION : Zapp:RelMem->None avail
#1241023 06.07.2026 18:09:39 : ERR DUKTAPE : JSalloc:2508
#1241024 06.07.2026 18:09:39 : ERR APPLICATION : Zapp:relMemCb (exec:zapp)
#1241025 06.07.2026 18:09:39 : ERR APPLICATION : Zapp:RelMem->None avail
#1241026 06.07.2026 18:09:39 : ERR DUKTAPE : JSalloc:2508
#1241027 06.07.2026 18:09:39 : ERR APPLICATION : Zapp:relMemCb (exec:zapp)
#1241028 06.07.2026 18:09:39 : ERR APPLICATION : Zapp:RelMem->None avail
#1241029 06.07.2026 18:09:39 : ERR DUKTAPE : JSalloc:2508
#1241030 06.07.2026 18:09:39 : ERR APPLICATION : evalFile: failed to eval b:/zapp/climbl01.fea/ext12.js
#1241031 06.07.2026 18:09:43 : EVT EXT_FLASH : ExtFID 0xc2,0x25,0x39
#1241032 06.07.2026 18:09:43 : TRC APPLICATION : Start wuiapp 2.53.42 in mode 5 (asked 5 (5h))
#1241033 06.07.2026 18:09:43 : TRC APPLICATION : HwVersion: 1424B3
#1241034 06.07.2026 18:09:43 : TRC APPLICATION : BID: 8585924/09b8e246
#1241035 06.07.2026 18:09:43 : EVT ANALYTICS : #start bl:00000000 c:00002615 r:0001 s:00
#1241036 06.07.2026 18:09:43 : TRC FUEL_GAUGE : Initial batt voltage: 4432.890625 mV
#1241037 06.07.2026 18:09:43 : EVT FWUPDATE : onInputEvent 1
#1241038 06.07.2026 18:09:43 : EVT FILESYSTEM : Storage:init HccFat
#1241039 06.07.2026 18:09:43 : TRC FILESYSTEM : HCC Malloc:6304
#1241040 06.07.2026 18:09:43 : TRC FILESYSTEM : HCC init 7 cache
#1241041 06.07.2026 18:09:43 : TRC FILESYSTEM : HCC logblock daemon Init
#1241042 06.07.2026 18:09:43 : EVT FILESYSTEM : Ena eMMC vol (init)
#1241043 06.07.2026 18:09:44 : EVT FILESYSTEM : maxfh:1 30 1 c:volume0.inf
#1241044 06.07.2026 18:09:44 : EVT FILESYSTEM : maxfh:2 81 1 c:volume0.inf
#1241045 06.07.2026 18:09:44 : TRC FWUPDATE : FSS crc:4085972702[ok] sta:0 sec:65535 reb:0
#1241046 06.07.2026 18:09:44 : TRC FWUPDATE : FSS cu:8b67dbcf se:8b67dbcf in:4
#1241047 06.07.2026 18:09:48 : EVT POWER_STATE : HistoryStorage Construction
#1241048 06.07.2026 18:09:48 : TRC MAPS : Wait for req
#1241049 06.07.2026 18:09:48 : EVT <Unknown> : EXT_RTC correction 1783354188->1783354189
#1241050 06.07.2026 18:09:50 : EVT WBSTORAGE : PRELOAD_DONE Cache free:idx:20 mem:1336B
#1241051 06.07.2026 18:09:50 : EVT PRESSURE : ALPS HSPPAD143 pres sensor found
#1241052 06.07.2026 18:09:50 : EVT PRESSURE : PressCalib:Checksum not valid
#1241053 06.07.2026 18:09:50 : EVT PRESSURE : PressCalib read OK:-1.551000
#1241054 06.07.2026 18:09:50 : TRC PRESSURE : Sensor ALPS HSPPAD143 detected
#1241055 06.07.2026 18:09:50 : EVT WR_MAGN : TLI493D-W2BW HW-revision:0x9 (type 0x0)
#1241056 06.07.2026 18:09:51 : EVT PMIC : VBUS state is OFF
#1241057 06.07.2026 18:09:51 : EVT PMIC : chgCntl1:0x70
#1241058 06.07.2026 18:09:51 : EVT PMIC : check chgCntl1:0x74
#1241059 06.07.2026 18:09:51 : ERR WBMAIN : 0: app 699 Wait 0 00000000
#1241060 06.07.2026 18:09:51 : ERR WBMAIN : *1: mea 753 DPC 12 00457803
#1241061 06.07.2026 18:09:51 : ERR WBMAIN : 2: ui 7318 Wait 0 00000000
#1241062 06.07.2026 18:09:51 : EVT PMIC : PMIC temp zone:0x7
#1241063 06.07.2026 18:09:52 : EVT FUEL_GAUGE : init, force:0
#1241064 06.07.2026 18:09:52 : EVT FUEL_GAUGE : check:1 lrn_tempco reg:0x5d75, store:0x5d75 mode:0x5d75
#1241065 06.07.2026 18:09:52 : EVT OHR : SCD 1, SCDL 0, SPO2 0, HR 0, RR 0, GM 0, SRBT 0
#1241066 06.07.2026 18:09:52 : EVT OHR : S:ON 0->1
#1241067 06.07.2026 18:09:52 : TRC FUEL_GAUGE : Charging 3 Batt 1->5
#1241068 06.07.2026 18:09:53 : TRC FUEL_GAUGE : batFgLevel cur:100%, prev:75%
#1241069 06.07.2026 18:09:53 : EVT FUEL_GAUGE : Initial batt:4427 mV soc:100 %
#1241070 06.07.2026 18:09:53 : EVT FUEL_GAUGE : Charge 3 Batt 5
#1241071 06.07.2026 18:09:53 : TRC FUEL_GAUGE : Batt: 4426 mV (raw: 4430) soc: 100 %, T: 30.9 C,H:104
#1241072 06.07.2026 18:09:53 : TRC GPS : Power enabled
#1241073 06.07.2026 18:09:54 : TRC TOUCH : get ic info, chip id = 0x2390
#1241074 06.07.2026 18:09:54 : WRN OHR : Module test not passed (0x08)
#1241075 06.07.2026 18:09:54 : EVT OHR : APPINIT:caps 0x1f4, 6b738616
#1241076 06.07.2026 18:09:54 : EVT <Unknown> : 1783354194887:AI@1783354194610, tz120
#1241077 06.07.2026 18:09:54 : EVT OHR : APP:0.9.82 BSL:0.1.4
#1241078 06.07.2026 18:09:54 : EVT OHR : S:OFF 1->0
#1241079 06.07.2026 18:09:54 : TRC GPS : Stat report:1
#1241080 06.07.2026 18:09:54 : TRC GPS : @VER
#1241081 06.07.2026 18:09:54 : TRC GPS : Ver:v00.204
#1241082 06.07.2026 18:09:54 : TRC GPS : @CEPA
#1241083 06.07.2026 18:09:54 : TRC GPS : LLE GP:0607 QZ:0607 GL:0607 GA:0607 BE:0607
#1241084 06.07.2026 18:09:54 : TRC GPS : Power disabled
#1241085 06.07.2026 18:09:55 : EVT ALTIFUSION : Init AltiBaro
#1241086 06.07.2026 18:09:55 : EVT WBSTORAGE : CACHE_DEFRAG (144->544, 7->7, 25)
#1241087 06.07.2026 18:09:55 : EVT TRAININGLAB : TLab:Change mode 0->0
#1241088 06.07.2026 18:09:55 : TRC MAPS : UIResourceLoader::initModule()
#1241089 06.07.2026 18:09:55 : EVT GOMORE : GoMore Update User Info
#1241090 06.07.2026 18:09:55 : EVT GOMORE : AuthSdk Code:0
#1241091 06.07.2026 18:09:55 : EVT TRAININGZONE : Init done
#1241092 06.07.2026 18:09:55 : EVT GPS : LocationProviderImpl:sub Passive
#1241093 06.07.2026 18:09:55 : TRC GPS : Full GNSS data subd l:0 c:80160010
#1241094 06.07.2026 18:09:56 : WRN WBAPI : eID-69b7b8(99/19200): 403
#1241095 06.07.2026 18:09:56 : EVT WBSTORAGE : CACHE_DEFRAG (0->1224, 17->17, 25)
#1241096 06.07.2026 18:09:56 : TRC NAVIGATION : CG: no climb WP
#1241097 06.07.2026 18:09:56 : TRC NAVIGATION : CG:init ZoomType=0
#1241098 06.07.2026 18:09:56 : EVT NAVIGATION : initSeg Idx=0 D=1 T=0 3-0-4
#1241099 06.07.2026 18:09:56 : WRN WBAPI : eID-6952d0(99/773): 403
#1241100 06.07.2026 18:09:56 : EVT <Unknown> : init, c 0 0 0
#1241101 06.07.2026 18:09:56 : EVT OHR : Found CP file 204
#1241102 06.07.2026 18:09:56 : EVT GOMORE : PD-f OK, sz 1464, H 0x0
#1241103 06.07.2026 18:09:56 : EVT FILESYSTEM : maxfh:3 1082 1 storage/ac100d90/data.jsn
#1241104 06.07.2026 18:09:57 : EVT GPS : GpsTimeSynchronizer:sub Best
#1241105 06.07.2026 18:09:57 : TRC GPS : Basic GNSS data subd l:15 c:80460010
#1241106 06.07.2026 18:09:57 : EVT ANALYTICS : SleepQ:Tracking:On
#1241107 06.07.2026 18:09:57 : EVT SLEEP : Discard possible sleep
#1241108 06.07.2026 18:09:57 : EVT SLEEP : No sleep ongoing, ineffective discard call
#1241109 06.07.2026 18:09:57 : TRC GPS : Power enabled
#1241110 06.07.2026 18:09:58 : EVT FILESYSTEM : maxfh:4 10b3 1 sleepln/sstages.bin
#1241111 06.07.2026 18:09:58 : EVT SLEEP : GMSLEEP:Last stg 2 dur 1200 start at 1783314600000
#1241112 06.07.2026 18:09:58 : TRC GPS : Stat report:1
#1241113 06.07.2026 18:09:58 : TRC GPS : GNS setting 0x1fcb
#1241114 06.07.2026 18:09:58 : TRC GPS : @GSR
#1241115 06.07.2026 18:09:59 : EVT TRAININGLAB : TLab:Change mode 0->2
#1241116 06.07.2026 18:09:59 : EVT TRAININGLAB : TLab:Mode::userInfo 60, 200, 1, 37, 182, 950, 1990
#1241117 06.07.2026 18:09:59 : EVT TRAININGLAB : ModeUnsub:0000
#1241118 06.07.2026 18:09:59 : EVT TRAININGLAB : ModeSub:0400
#1241119 06.07.2026 18:09:59 : EVT OHR : S:ON 0->1
#1241120 06.07.2026 18:09:59 : EVT TRAININGLAB : Stress enabled
#1241121 06.07.2026 18:09:59 : TRC GPS : Done:GSR
#1241122 06.07.2026 18:09:59 : TRC APPLICATION : 247: Day 0 1783288800 1255
#1241123 06.07.2026 18:09:59 : TRC APPLICATION : 247: Day 1 1783202400 7348
#1241124 06.07.2026 18:09:59 : TRC APPLICATION : 247: Day 2 1783116000 800
#1241125 06.07.2026 18:09:59 : TRC APPLICATION : 247: Day 3 1783029600 2293
#1241126 06.07.2026 18:09:59 : TRC APPLICATION : 247: Day 4 1782943200 1279
#1241127 06.07.2026 18:09:59 : TRC APPLICATION : 247: Day 5 1782856800 0
#1241128 06.07.2026 18:09:59 : TRC APPLICATION : 247: Day 6 1782770400 0
#1241129 06.07.2026 18:09:59 : TRC APPLICATION : 247: Restore counters
#1241130 06.07.2026 18:09:59 : EVT WBSTORAGE : CACHE_DEFRAG (992->1000, 24->24, 25)
#1241131 06.07.2026 18:09:59 : EVT NFC : Init NFC card enabled: 0
#1241132 06.07.2026 18:09:59 : EVT APPLICATION : ExGui clid:805d
#1241133 06.07.2026 18:09:59 : EVT OHR : APPINIT:caps 0x1f4, 6b738616
#1241134 06.07.2026 18:09:59 : EVT <Unknown> : 1783354199485:AI@1783354199460, tz120
#1241135 06.07.2026 18:09:59 : EVT OHR : S:start 0x2123
#1241136 06.07.2026 18:09:59 : EVT <Unknown> : 1783354199537:Meas start 0x2123
#1241137 06.07.2026 18:09:59 : EVT <Unknown> : 1783354199570:PD1464, 0
#1241138 06.07.2026 18:09:59 : EVT <Unknown> : 1783354199907:Mi1.6.10, auth 0, hr_mode 0
#1241139 06.07.2026 18:09:59 : EVT <Unknown> : 1783354199915:On Skin Set.
#1241140 06.07.2026 18:10:00 : EVT APPLICATION : Int clid:8068
#1241141 06.07.2026 18:10:00 : EVT ANALYTICS : analytics enabled!
#1241142 06.07.2026 18:10:00 : TRC FUEL_GAUGE : Chg->0,B:5,C:-22.4,V:4426,U:0,bF:100%,bC:100%
#1241143 06.07.2026 18:10:00 : EVT ANALYTICS : Battery-> 0 soc:0
#1241144 06.07.2026 18:10:00 : WRN WBAPI : eID-691c70(396/15112): 429
#1241145 06.07.2026 18:10:00 : TRC BLE : PT settings cmd failed (429)
#1241146 06.07.2026 18:10:00 : WRN BLE : BLE Link 4D00F000 Disc (--E-:00:0)
#1241147 06.07.2026 18:10:00 : EVT WBSTORAGE : CACHE_DEFRAG (984->992, 24->24, 25)
#1241148 06.07.2026 18:10:00 : EVT APPLICATION : Zapp prv clid:32876
#1241149 06.07.2026 18:10:00 : EVT APPLICATION : Zapp Eng clid:32877
#1241150 06.07.2026 18:10:00 : EVT APPLICATION : Guide clid:32883
#1241151 06.07.2026 18:10:01 : TRC MAPS : UIResourceLoader::startModule()
#1241152 06.07.2026 18:10:01 : EVT WBSTORAGE : CACHE_DEFRAG (928->952, 24->24, 25)
#1241153 06.07.2026 18:10:01 : EVT WBSTORAGE : CACHE_DEFRAG (840->848, 24->24, 25)
#1241154 06.07.2026 18:10:01 : EVT WEATHER : t:495369, d:7
#1241155 06.07.2026 18:10:01 : EVT WBSTORAGE : CACHE_DEFRAG (736->744, 24->24, 25)
#1241156 06.07.2026 18:10:01 : EVT ANALYTICS : Weather sync ok d:0 f:0
#1241157 06.07.2026 18:10:01 : EVT WEATHER : t:495369, d:7
#1241158 06.07.2026 18:10:01 : EVT ANALYTICS : synced city:Zollikon
#1241159 06.07.2026 18:10:01 : WRN POWER_STATE : rewr:0 fbf:0 ii:14680 cmss:524292 cin:16384
#1241160 06.07.2026 18:10:01 : EVT OHR : S:start 0x2123
#1241161 06.07.2026 18:10:01 : EVT WBSTORAGE : CACHE_DEFRAG (680->688, 24->24, 25)
#1241162 06.07.2026 18:10:01 : EVT WBSTORAGE : CACHE_DEFRAG (640->648, 24->24, 25)
#1241163 06.07.2026 18:10:01 : EVT WBSTORAGE : CACHE_DEFRAG (584->592, 24->24, 25)
#1241164 06.07.2026 18:10:01 : EVT WBSTORAGE : CACHE_DEFRAG (536->544, 24->24, 25)
#1241165 06.07.2026 18:10:01 : EVT <Unknown> : 1783354201215:Meas start 0x2123
#1241166 06.07.2026 18:10:01 : EVT WBSTORAGE : CACHE_DEFRAG (304->312, 24->24, 25)
#1241167 06.07.2026 18:10:01 : EVT <Unknown> : Off-wrist det:on
#1241168 06.07.2026 18:10:01 : WRN WBAPI : eID-6935e8(99/42169): 403
#1241169 06.07.2026 18:10:01 : EVT WBSTORAGE : CACHE_DEFRAG (296->400, 24->24, 25)
#1241170 06.07.2026 18:10:01 : WRN WBAPI : eID-693fd4(99/48128): 403
#1241171 06.07.2026 18:10:01 : EVT <Unknown> : Update pres sampl intrvl:1
#1241172 06.07.2026 18:10:01 : EVT ANALYTICS : #heap h:10688 l:10640
#1241173 06.07.2026 18:10:02 : EVT ALTIFUSION : AltiBaroMode:2
#1241174 06.07.2026 18:10:03 : WRN WBAPI : eID-691468(277): /Dive/DesaturationTimes 404
#1241175 06.07.2026 18:10:03 : WRN WBAPI : eID-691468(277): /Dive/Statistics/ScubaSurfaceTime 404
#1241176 06.07.2026 18:10:03 : ERR WBMAIN : *0: app 1290 Event 7 8042037d
#1241177 06.07.2026 18:10:03 : ERR WBMAIN : 1: mea 227 Wait 0 00000000
#1241178 06.07.2026 18:10:03 : ERR WBMAIN : 2: ui 1294 DPC 1 004b17f1
#1241179 06.07.2026 18:10:03 : EVT ALTIFUSION : AltiBaroMode:2
#1241180 06.07.2026 18:10:03 : EVT SPEEDFUSION : INFO # IDLE mode(-1) set
#1241181 06.07.2026 18:10:03 : EVT UI_FRAMEWORK : UI cache reset
#1241182 06.07.2026 18:10:04 : EVT OHR : No HR update, invalidate by timer
#1241183 06.07.2026 18:10:04 : ERR WBMAIN : 0: app 1114 Wait 0 00000000
#1241184 06.07.2026 18:10:04 : ERR WBMAIN : 1: mea 82 Wait 0 00000000
#1241185 06.07.2026 18:10:04 : ERR WBMAIN : *2: ui 2432 DPC 1 004b17f1
#1241186 06.07.2026 18:10:04 : EVT OHR : MI CpData OK
#1241187 06.07.2026 18:10:04 : ERR <Unknown> : 1783354204025:Mi invalid call:100,code:0.
#1241188 06.07.2026 18:10:04 : EVT WIFI : Pwr up
#1241189 06.07.2026 18:10:04 : EVT ANALYTICS : Battery-> 1 soc:100
#1241190 06.07.2026 18:10:05 : EVT BLE : PT 2 items loaded
#1241191 06.07.2026 18:10:05 : EVT UI_FRAMEWORK : JS Widgets: kept=20 added=0
#1241192 06.07.2026 18:10:05 : EVT BRIGHTNESS : Custom state pwr:[3,-1] bri:[1.00,-1.00]
#1241193 06.07.2026 18:10:06 : EVT APPLICATION : Zapp zwc05901:Load script
#1241194 06.07.2026 18:10:06 : EVT APPLICATION : Zapp zwc05901:Enable
#1241195 06.07.2026 18:10:06 : EVT <Unknown> : 1783354205763:GMV 20251126/1/4/0/395/46
#1241196 06.07.2026 18:10:06 : EVT ANALYTICS : Zapp enabled i:3 h:ddb248f2 n:zwc05901 v:124f
#1241197 06.07.2026 18:10:06 : ERR WBMAIN : *0: app 795 Event 37 80995320
#1241198 06.07.2026 18:10:06 : ERR WBMAIN : 1: mea 28 Wait 0 00000000
#1241199 06.07.2026 18:10:06 : ERR WBMAIN : 2: ui 374 Wait 0 00000000
#1241200 06.07.2026 18:10:06 : EVT UI_FRAMEWORK : JS startup ready
#1241201 06.07.2026 18:10:06 : WRN BLE : BLE_CONTROL:1,0,0
#1241202 06.07.2026 18:10:06 : EVT BLE : State DISABLED->OFF
#1241203 06.07.2026 18:10:06 : EVT BLE : State OFF->START
#1241204 06.07.2026 18:10:07 : EVT BLE : APP 3.0.54/01F7/1.2.10
#1241205 06.07.2026 18:10:07 : EVT BLE : State START->ON
#1241206 06.07.2026 18:10:07 : TRC BLE : BLE Link Restore 4D00F000 (L-Ep:00:0)
#1241207 06.07.2026 18:10:07 : WRN BLE : sendConnect 61440
#1241208 06.07.2026 18:10:07 : EVT ANALYTICS : BLE-COMM SHWM 176 (01)
#1241209 06.07.2026 18:10:08 : EVT BRIGHTNESS : Custom state pwr:[-1,-1] bri:[-1.00,-1.00]
#1241210 06.07.2026 18:10:08 : EVT WBSTORAGE : CACHE_DEFRAG (376->640, 24->24, 25)
#1241211 06.07.2026 18:10:08 : WRN WBAPI : eID-691468(277): /Weather/Current/ValidWeatherData.temp 
#1241212 06.07.2026 18:10:11 : EVT WIFI : pwr up
#1241213 06.07.2026 18:10:11 : EVT WIFI : SDK Ver(3.2.8.1)
#1241214 06.07.2026 18:10:11 : EVT WIFI : Cur bootmode:0
#1241215 06.07.2026 18:10:11 : EVT WIFI : Cur MAC addr:0C:8C:DC:B1:E4:BA
#1241216 06.07.2026 18:10:11 : EVT WIFI : Cur cc:CH
#1241217 06.07.2026 18:10:11 : EVT WIFI : FW Ver(v001056)
#1241218 06.07.2026 18:10:15 : EVT OHR : new HR update
#1241219 06.07.2026 18:10:21 : EVT WBSTORAGE : CACHE_DEFRAG (512->904, 24->24, 25)
#1241220 06.07.2026 18:10:21 : EVT WBSTORAGE : CACHE_DEFRAG (880->888, 24->24, 25)
#1241221 06.07.2026 18:10:21 : EVT WBSTORAGE : CACHE_DEFRAG (872->880, 24->24, 25)
#1241222 06.07.2026 18:10:21 : EVT WBSTORAGE : CACHE_DEFRAG (864->880, 24->24, 25)
#1241223 06.07.2026 18:10:22 : TRC NAVIGATION : CG: no climb WP
#1241224 06.07.2026 18:10:22 : TRC NAVIGATION : CG:init ZoomType=0
#1241225 06.07.2026 18:10:22 : EVT NAVIGATION : initSeg Idx=0 D=1 T=0 3-0-4
#1241226 06.07.2026 18:10:22 : EVT WBSTORAGE : CACHE_DEFRAG (800->848, 24->24, 25)
#1241227 06.07.2026 18:10:22 : EVT GPS : LocationProviderImpl:sub Best
#1241228 06.07.2026 18:10:22 : TRC GPS : Full GNSS data subd l:15 c:80160010
#1241229 06.07.2026 18:10:22 : EVT ALTIFUSION : AltiBaroMode:0
#1241230 06.07.2026 18:10:22 : EVT ALTIFUSION : Init Search Kalman
#1241231 06.07.2026 18:10:22 : EVT GPS : AltitudeService:sub Best
#1241232 06.07.2026 18:10:22 : TRC GPS : Full GNSS data subd l:15 c:80420010
#1241233 06.07.2026 18:10:22 : EVT APPLICATION : Zapp zwc05901:Disable
#1241234 06.07.2026 18:10:22 : EVT ANALYTICS : Zapp disabled i:3 h:ddb248f2 n:Vector classic
#1241235 06.07.2026 18:10:22 : EVT ANALYTICS : SleepQ:Tracking:On
#1241236 06.07.2026 18:10:22 : EVT ALTIFUSION : AltiBaroMode:0
#1241237 06.07.2026 18:10:22 : EVT WBSTORAGE : CACHE_DEFRAG (824->832, 24->24, 25)
#1241238 06.07.2026 18:10:22 : EVT UI_FRAMEWORK : JS nsto enable zapp: zzwethen
#1241239 06.07.2026 18:10:22 : EVT UI_FRAMEWORK : JS nsto enable zapp: zzmoveen
#1241240 06.07.2026 18:10:22 : EVT UI_FRAMEWORK : JS nsto enable zapp: climbl01
#1241241 06.07.2026 18:10:22 : EVT APPLICATION : Zapp zzwethen:Load script
#1241242 06.07.2026 18:10:22 : EVT APPLICATION : Zapp zzwethen:Enable
#1241243 06.07.2026 18:10:22 : EVT ANALYTICS : Zapp enabled i:8 h:3f77f8ec n:zzwethen v:ade
#1241244 06.07.2026 18:10:22 : EVT APPLICATION : Zapp clid:32878
#1241245 06.07.2026 18:10:22 : EVT APPLICATION : Zapp zzmoveen:Load script
#1241246 06.07.2026 18:10:22 : EVT APPLICATION : Zapp zzmoveen:Enable
#1241247 06.07.2026 18:10:22 : EVT ANALYTICS : Zapp enabled i:6 h:7aac0887 n:zzmoveen v:8e0
#1241248 06.07.2026 18:10:22 : EVT UI_FRAMEWORK : evalFile: b:/zapp/zzmoveen.fea/ext1.js from ui
#1241249 06.07.2026 18:10:22 : EVT APPLICATION : Zapp clid:32879
#1241250 06.07.2026 18:10:22 : EVT APPLICATION : Zapp climbl01:Load script
#1241251 06.07.2026 18:10:23 : EVT APPLICATION : Zapp climbl01:Enable
#1241252 06.07.2026 18:10:23 : EVT ANALYTICS : Zapp enabled i:5 h:a5e7afa5 n:climbl01 v:3.0
#1241253 06.07.2026 18:10:23 : EVT APPLICATION : Zapp clid:32880
#1241254 06.07.2026 18:10:23 : EVT UI_FRAMEWORK : JS nsto all zapps enabled.
#1241255 06.07.2026 18:10:23 : ERR WBMAIN : *0: app 576 Event 37 80995318
#1241256 06.07.2026 18:10:23 : ERR WBMAIN : 1: mea 20 Wait 0 00000000
#1241257 06.07.2026 18:10:23 : ERR WBMAIN : 2: ui 0 Event 12 53188099
#1241258 06.07.2026 18:10:23 : EVT <Unknown> : Update pres sampl intrvl:5
#1241259 06.07.2026 18:10:23 : EVT UI_FRAMEWORK : JS Prestart Activity Id: 105.000
#1241260 06.07.2026 18:10:23 : EVT GOMORE : GoMore Update User Info
#1241261 06.07.2026 18:10:23 : WRN WBAPI : eID-691468(277): /Dive/Alarms/Acknowledge 404
#1241262 06.07.2026 18:10:23 : WRN WBAPI : eID-691468(277): /Dive/DiveGases 404
#1241263 06.07.2026 18:10:23 : WRN WBAPI : eID-691468(277): /Dive/Gauge/Next 404
#1241264 06.07.2026 18:10:23 : EVT WBSTORAGE : CACHE_DEFRAG (784->792, 24->24, 25)
#1241265 06.07.2026 18:10:23 : EVT WBSTORAGE : CACHE_DEFRAG (720->728, 24->24, 25)
#1241266 06.07.2026 18:10:23 : EVT WBSTORAGE : CACHE_DEFRAG (656->664, 24->24, 25)
#1241267 06.07.2026 18:10:23 : EVT BLE : BLE Sensor Link 4800180D Conn (--E-:00:1)
#1241268 06.07.2026 18:10:23 : WRN BLE : sendConnect 6157
#1241269 06.07.2026 18:10:23 : WRN WBAPI : eID-691468(277): /Dive/TankPressure/Alarm/Count 404
#1241270 06.07.2026 18:10:24 : EVT <Unknown> : Update pres sampl intrvl:1
#1241271 06.07.2026 18:10:24 : EVT SPEEDFUSION : INFO # start speed fusion
#1241272 06.07.2026 18:10:24 : EVT SPEEDFUSION : Act:105,Acc:0,BPod:1,FPod:0,PPod:0,BeltPod:1
#1241273 06.07.2026 18:10:24 : EVT SPEEDFUSION : INFO # GPS changed from:0, to:1
#1241274 06.07.2026 18:10:24 : TRC GPS : Full GNSS data subd l:15 c:803d0010
#1241275 06.07.2026 18:10:24 : EVT SPEEDFUSION : INFO # Start algo without wrist acc
#1241276 06.07.2026 18:10:24 : EVT BLE : No addr,connect to all paired sensor:3
#1241277 06.07.2026 18:10:24 : ERR BLE : no sensor found of type 3
#1241278 06.07.2026 18:10:24 : ERR BLE : sensorLinkRequest
#1241279 06.07.2026 18:10:24 : EVT BLE : DEV H connected
#1241280 06.07.2026 18:10:24 : EVT OHR : S:start 0x21a3
#1241281 06.07.2026 18:10:24 : EVT UI_FRAMEWORK : evalFile: b:/zapp/climbl01.fea/ext12.js from ui
#1241282 06.07.2026 18:10:24 : TRC BLE : SVC H/F200 enabled
#1241283 06.07.2026 18:10:24 : TRC BLE : SVC H/180D enabled
#1241284 06.07.2026 18:10:24 : TRC BLE : HR connected (0 ms missing)
#1241285 06.07.2026 18:10:24 : EVT BLE : HR BlueBelt 2550100113 (1.1.0/F2. )
#1241286 06.07.2026 18:10:24 : EVT <Unknown> : 1783354224376:Meas start 0x21a3
#1241287 06.07.2026 18:10:24 : EVT BLE : report state:9790160
#1241288 06.07.2026 18:10:24 : WRN UI_FRAMEWORK : JsTotMem 131440/133120
#1241289 06.07.2026 18:10:24 : EVT WIFI : Pwr down idle wifi (TO:13se)
#1241290 06.07.2026 18:10:25 : EVT WIFI : pwr down OK
#1241291 06.07.2026 18:10:25 : TRC BLE : HR time resync bt=884344 D=8906172
#1241292 06.07.2026 18:10:25 : EVT BLE : HR RR done
#1241293 06.07.2026 18:10:25 : TRC BLE : HR belt slow conn
#1241294 06.07.2026 18:10:25 : EVT ANALYTICS : #FusHr src:1 time:0
#1241295 06.07.2026 18:10:25 : EVT OHR : S:start 0x20
#1241296 06.07.2026 18:10:25 : EVT BLE : type 1 is conn, set
#1241297 06.07.2026 18:10:25 : EVT <Unknown> : 1783354225233:Meas start 0x20
#1241298 06.07.2026 18:10:26 : TRC BLE : SVC M/F000 enabled
#1241299 06.07.2026 18:10:26 : EVT BLE : DEV M connected
#1241300 06.07.2026 18:10:26 : EVT WBCOMM : P-9 connection made to ECSD00000003
#1241301 06.07.2026 18:10:26 : EVT WBCOMM : New Route: ECSD00000003
#1241302 06.07.2026 18:10:26 : EVT ANALYTICS : BLE-COMM SHWM 130 (01)
#1241303 06.07.2026 18:10:26 : EVT APPLICATION : MCP:remote resources mapped
#1241304 06.07.2026 18:10:29 : EVT ANALYTICS : #sf R:4 A:
#1241305 06.07.2026 18:10:29 : EVT WBSTORAGE : CACHE_DEFRAG (576->648, 24->24, 25)
#1241306 06.07.2026 18:10:30 : EVT WBSTORAGE : CACHE_DEFRAG (632->640, 24->24, 25)
#1241307 06.07.2026 18:10:31 : EVT GPS : GpsTimeSynchronizer:sub Passive
#1241308 06.07.2026 18:10:31 : TRC GPS : Basic GNSS data subd l:0 c:80460010
#1241309 06.07.2026 18:10:31 : EVT GPS : Timesync:error_ms 169
#1241310 06.07.2026 18:10:31 : EVT GPS : Timesync:sys 1783354231170ms gps 1783354231
#1241311 06.07.2026 18:10:31 : EVT GPS : Timesync:rel 9796612 relgps 9796611
#1241312 06.07.2026 18:10:31 : EVT GPS : Timesync:Dev time updated
#1241313 06.07.2026 18:10:31 : WRN WBAPI : eID-691468(277): /Dive/Alarms/Acknowledge 404
#1241314 06.07.2026 18:10:31 : WRN WBAPI : eID-691468(277): /Dive/DiveGases 404
#1241315 06.07.2026 18:10:31 : WRN WBAPI : eID-691468(277): /Dive/Gauge/Next 404
#1241316 06.07.2026 18:10:31 : EVT ANALYTICS : #FusHr src:1 time:0
#1241317 06.07.2026 18:10:31 : EVT GPS : LocationProviderImpl:sub Passive
#1241318 06.07.2026 18:10:31 : TRC GPS : Full GNSS data subd l:0 c:80160010
#1241319 06.07.2026 18:10:32 : EVT TRAININGLAB : TLab:~Mode T 16814 + 7 A 4070 + 0
#1241320 06.07.2026 18:10:32 : EVT TRAININGLAB : TLab:Change mode 2->3
#1241321 06.07.2026 18:10:32 : EVT TRAININGLAB : TLab:Mode::userInfo 60, 200, 1, 37, 182, 950, 1990
#1241322 06.07.2026 18:10:32 : EVT LOGGER : Log space:30792119 bytes free
#1241323 06.07.2026 18:10:32 : EVT TRAININGLAB : ModeUnsub:2800
#1241324 06.07.2026 18:10:32 : EVT TRAININGLAB : ModeSub:9004
#1241325 06.07.2026 18:10:32 : EVT TRAININGLAB : TLab:Select input 0
#1241326 06.07.2026 18:10:32 : EVT TRAININGLAB : Tlab:HR src is 1
#1241327 06.07.2026 18:10:32 : EVT TRAININGLAB : TLab:Active input 0
#1241328 06.07.2026 18:10:32 : EVT LOGGER : Exercise started
#1241329 06.07.2026 18:10:32 : EVT BLE : HR RR on (9797758)
#1241330 06.07.2026 18:10:32 : TRC GPS : Full GNSS data subd l:0 c:802b0000
#1241331 06.07.2026 18:10:33 : EVT BRIGHTNESS : Custom state pwr:[2,-1] bri:[-1.00,-1.00]
#1241332 06.07.2026 18:10:33 : EVT EXTRAM : Init extram 3
#1241333 06.07.2026 18:10:33 : ERR WBMAIN : *0: app 524 Event 24 80892700
#1241334 06.07.2026 18:10:33 : ERR WBMAIN : 1: mea 0 Event 3 80891701
#1241335 06.07.2026 18:10:33 : ERR WBMAIN : 2: ui 5 Wait 0 00000000
#1241336 06.07.2026 18:10:33 : EVT ANALYTICS : #feature g-gpsnotok
#1241337 06.07.2026 18:10:33 : TRC BLE : HR belt fast conn
#1241338 06.07.2026 18:10:34 : EVT ANALYTICS : Battery-> 3 soc:100
#1241339 06.07.2026 18:10:34 : EVT ANALYTICS : #feature g-gpsskipwait
#1241340 06.07.2026 18:10:34 : EVT ANALYTICS : #FusHr src:1 time:0
#1241341 06.07.2026 18:10:34 : EVT ANALYTICS : #Act id:105
#1241342 06.07.2026 18:10:34 : EVT BRIGHTNESS : Custom state pwr:[-1,-1] bri:[-1.00,-1.00]
#1241343 06.07.2026 18:10:34 : EVT ANALYTICS : #powersave mode:p temp:31.4
#1241344 06.07.2026 18:10:34 : EVT ANALYTICS : #GPS mode:BEST soc:-1
#1241345 06.07.2026 18:10:34 : EVT ANALYTICS : #gnss d:2026-07-06T00:00:00Z
#1241346 06.07.2026 18:10:34 : EVT ANALYTICS : #zapp n:Weather e:1
#1241347 06.07.2026 18:10:34 : EVT ANALYTICS : #zapp n:Movement e:1
#1241348 06.07.2026 18:10:34 : EVT ANALYTICS : #zapp n:Climb Log e:1
#1241349 06.07.2026 18:10:35 : TRC MAPS : Maps opened
#1241350 06.07.2026 18:10:35 : TRC MAPS : Tile[0]: FREE (x0, y0, z0)
#1241351 06.07.2026 18:10:35 : TRC MAPS : Tile[1]: FREE (x0, y0, z0)
#1241352 06.07.2026 18:10:35 : TRC MAPS : Tile[2]: FREE (x0, y0, z0)
#1241353 06.07.2026 18:10:35 : TRC MAPS : Tile[3]: FREE (x0, y0, z0)
#1241354 06.07.2026 18:10:35 : TRC MAPS : Tile[4]: FREE (x0, y0, z0)
#1241355 06.07.2026 18:10:35 : TRC MAPS : Tile[5]: FREE (x0, y0, z0)
#1241356 06.07.2026 18:10:35 : TRC MAPS : Tile[6]: FREE (x0, y0, z0)
#1241357 06.07.2026 18:10:35 : TRC MAPS : Tile[7]: FREE (x0, y0, z0)
#1241358 06.07.2026 18:10:35 : TRC MAPS : Tile[8]: FREE (x0, y0, z0)
#1241359 06.07.2026 18:10:35 : TRC MAPS : Tile[9]: FREE (x0, y0, z0)
#1241360 06.07.2026 18:10:35 : EVT MAPS : Load style:default-off
#1241361 06.07.2026 18:10:35 : EVT MAPS : Style size=12 layers=0 (default-off)
#1241362 06.07.2026 18:10:35 : EVT MAPS : Load style:maps/s_amoled_dark.json
#1241363 06.07.2026 18:10:35 : EVT MAPS : Style size=4736 layers=74 (maps/s_amoled_dark.json)
#1241364 06.07.2026 18:10:35 : EVT WBSTORAGE : CACHE_DEFRAG (584->736, 24->24, 25)
#1241365 06.07.2026 18:10:35 : EVT GPS : LocationProviderImpl:sub Best
#1241366 06.07.2026 18:10:35 : TRC GPS : Full GNSS data subd l:15 c:80160010
#1241367 06.07.2026 18:10:36 : TRC MAPS : requestMapTile: sending a req with id 0 to queue
#1241368 06.07.2026 18:10:36 : TRC MAPS : Read an UI load req with id 0 from the queue
#1241369 06.07.2026 18:10:36 : EVT GPS : LocationProviderImpl:sub Passive
#1241370 06.07.2026 18:10:36 : TRC MAPS : Tile x17165 y11478 z15 requested
#1241371 06.07.2026 18:10:36 : TRC GPS : Full GNSS data subd l:0 c:80160010
#1241372 06.07.2026 18:10:36 : TRC MAPS : Init stage
#1241373 06.07.2026 18:10:36 : TRC MAPS : DIR '0001'
#1241374 06.07.2026 18:10:36 : TRC MAPS : Read tile b:maps1/0001/f/4/6/2/p.smtf (@46919380 18268B)
#1241375 06.07.2026 18:10:37 : TRC MAPS : Triangulate size=32876
#1241376 06.07.2026 18:10:37 : EVT MAPS : Tile sz=29108, x17165, y11478, z15
#1241377 06.07.2026 18:10:37 : TRC MAPS : Req[0] result: Code=OK
#1241378 06.07.2026 18:10:37 : TRC MAPS : Req[0] handle: clientID=1, handle=2306591467933292520, r
#1241379 06.07.2026 18:10:37 : TRC MAPS : TilesChangedDpc fired
#1241380 06.07.2026 18:10:37 : TRC MAPS : requestMapTile: sending a req with id 0 to queue
#1241381 06.07.2026 18:10:37 : WRN UI_FRAMEWORK : JS
elem[460001]._onActivate()
#1241382 06.07.2026 18:10:37 : WRN UI_FRAMEWORK : Call Method F fail
#1241383 06.07.2026 18:10:37 : EVT ANALYTICS : Weather sync ok d:60 f:0
#1241384 06.07.2026 18:10:37 : EVT MAPS : Req[0]:1125ms dec:@974 conv:@1056 x:17165 y:11478 z:15
#1241385 06.07.2026 18:10:37 : EVT WBSTORAGE : CACHE_DEFRAG (704->760, 24->24, 25)
#1241386 06.07.2026 18:10:37 : EVT ANALYTICS : synced city:Zollikon
#1241387 06.07.2026 18:10:37 : TRC MAPS : Wait for req
#1241388 06.07.2026 18:10:37 : TRC MAPS : Read an UI load req with id 0 from the queue
#1241389 06.07.2026 18:10:37 : TRC MAPS : Tile x17165 y11479 z15 requested
#1241390 06.07.2026 18:10:37 : TRC MAPS : Init stage
#1241391 06.07.2026 18:10:37 : TRC MAPS : DIR '0001'
#1241392 06.07.2026 18:10:37 : TRC MAPS : Read tile b:maps1/0001/f/4/6/2/p.smtf (@48099803 14175B)
#1241393 06.07.2026 18:10:37 : EVT GPS : Last known coordinate:lat:473478310, lon:85879363
#1241394 06.07.2026 18:10:37 : EVT ANALYTICS : Weather sync ok d:0 f:0
#1241395 06.07.2026 18:10:37 : EVT ANALYTICS : synced city:Zollikon
#1241396 06.07.2026 18:10:37 : TRC MAPS : Triangulate size=22796
#1241397 06.07.2026 18:10:37 : EVT MAPS : Tile sz=20128, x17165, y11479, z15
#1241398 06.07.2026 18:10:37 : TRC MAPS : Req[0] result: Code=OK
#1241399 06.07.2026 18:10:37 : EVT GPS : Last known coordinate:lat:473478310, lon:85879363
#1241400 06.07.2026 18:10:37 : TRC MAPS : Req[0] handle: clientID=1, handle=2306591467933321640, r
#1241401 06.07.2026 18:10:37 : TRC MAPS : TilesChangedDpc fired
#1241402 06.07.2026 18:10:37 : TRC MAPS : requestMapTile: sending a req with id 0 to queue
#1241403 06.07.2026 18:10:37 : EVT MAPS : Req[0]:275ms dec:@68 conv:@180 x:17165 y:11479 z:15
#1241404 06.07.2026 18:10:37 : TRC MAPS : Wait for req
#1241405 06.07.2026 18:10:37 : TRC MAPS : Read an UI load req with id 0 from the queue
#1241406 06.07.2026 18:10:37 : TRC MAPS : Tile x17166 y11478 z15 requested
#1241407 06.07.2026 18:10:37 : TRC MAPS : Init stage
#1241408 06.07.2026 18:10:37 : TRC MAPS : DIR '0001'
#1241409 06.07.2026 18:10:37 : TRC MAPS : Read tile b:maps1/0001/f/4/6/2/p.smtf (@46937648 21808B)
#1241410 06.07.2026 18:10:37 : TRC MAPS : Triangulate size=38728
#1241411 06.07.2026 18:10:37 : EVT MAPS : Tile sz=34812, x17166, y11478, z15
#1241412 06.07.2026 18:10:37 : TRC MAPS : Req[0] result: Code=OK
#1241413 06.07.2026 18:10:37 : TRC MAPS : Req[0] handle: clientID=1, handle=2306591467933341780, r
#1241414 06.07.2026 18:10:37 : TRC MAPS : TilesChangedDpc fired
#1241415 06.07.2026 18:10:37 : TRC MAPS : requestMapTile: sending a req with id 0 to queue
#1241416 06.07.2026 18:10:37 : EVT MAPS : Req[0]:209ms dec:@34 conv:@135 x:17166 y:11478 z:15
#1241417 06.07.2026 18:10:37 : TRC MAPS : Wait for req
#1241418 06.07.2026 18:10:37 : TRC MAPS : Read an UI load req with id 0 from the queue
#1241419 06.07.2026 18:10:37 : TRC MAPS : Tile x17166 y11479 z15 requested
#1241420 06.07.2026 18:10:37 : TRC MAPS : Init stage
#1241421 06.07.2026 18:10:37 : TRC MAPS : DIR '0001'
#1241422 06.07.2026 18:10:37 : TRC MAPS : Read tile b:maps1/0001/f/4/6/2/p.smtf (@48113978 16964B)
#1241423 06.07.2026 18:10:37 : TRC MAPS : Triangulate size=32476
#1241424 06.07.2026 18:10:37 : TRC MAPS : Maps closed
#1241425 06.07.2026 18:10:37 : TRC MAPS : Tile[0]: CLEAR_PENDING (x17165, y11478, z15)
#1241426 06.07.2026 18:10:37 : TRC MAPS : Tile[1]: CLEAR_PENDING (x17165, y11479, z15)
#1241427 06.07.2026 18:10:37 : TRC MAPS : Tile[2]: CLEAR_PENDING (x17166, y11478, z15)
#1241428 06.07.2026 18:10:37 : TRC MAPS : Tile[3]: LOADING_CLEAR_PENDING (x17166, y11479, z15)
#1241429 06.07.2026 18:10:37 : TRC MAPS : Tile[4]: FREE (x0, y0, z0)
#1241430 06.07.2026 18:10:37 : TRC MAPS : Tile[5]: FREE (x0, y0, z0)
#1241431 06.07.2026 18:10:37 : TRC MAPS : Tile[6]: FREE (x0, y0, z0)
#1241432 06.07.2026 18:10:37 : TRC MAPS : Tile[7]: FREE (x0, y0, z0)
#1241433 06.07.2026 18:10:37 : TRC MAPS : Tile[8]: FREE (x0, y0, z0)
#1241434 06.07.2026 18:10:37 : TRC MAPS : Tile[9]: FREE (x0, y0, z0)
#1241435 06.07.2026 18:10:38 : EVT MAPS : Tile sz=27460, x17166, y11479, z15
#1241436 06.07.2026 18:10:38 : TRC MAPS : Req[0] result: Code=OK
#1241437 06.07.2026 18:10:38 : WRN MAPS : No req. handler:clientId=1, reqId=0, res=0
#1241438 06.07.2026 18:10:38 : WRN MAPS : onMapTileLoadResWithoutMapElement, st FREE
#1241439 06.07.2026 18:10:38 : WRN MAPS : onMapTileLoadResWithoutMapElement, st FREE
#1241440 06.07.2026 18:10:38 : WRN MAPS : onMapTileLoadResWithoutMapElement, st FREE
#1241441 06.07.2026 18:10:38 : WRN MAPS : onMapTileLoadResWithoutMapElement, st FREE
#1241442 06.07.2026 18:10:38 : WRN MAPS : onMapTileLoadResWithoutMapElement, st FREE
#1241443 06.07.2026 18:10:38 : WRN MAPS : onMapTileLoadResWithoutMapElement, st FREE
#1241444 06.07.2026 18:10:38 : EVT MAPS : Req[0]:287ms dec:@29 conv:@132 x:17166 y:11479 z:15
#1241445 06.07.2026 18:10:38 : TRC MAPS : Wait for req
#1241446 06.07.2026 18:10:39 : TRC MAPS : Maps opened
#1241447 06.07.2026 18:10:39 : TRC MAPS : Tile[0]: CLEAR_PENDING (x17165, y11478, z15)
#1241448 06.07.2026 18:10:39 : TRC MAPS : Tile[1]: CLEAR_PENDING (x17165, y11479, z15)
#1241449 06.07.2026 18:10:39 : TRC MAPS : Tile[2]: CLEAR_PENDING (x17166, y11478, z15)
#1241450 06.07.2026 18:10:39 : TRC MAPS : Tile[3]: FREE (x17166, y11479, z15)
#1241451 06.07.2026 18:10:39 : TRC MAPS : Tile[4]: FREE (x0, y0, z0)
#1241452 06.07.2026 18:10:39 : TRC MAPS : Tile[5]: FREE (x0, y0, z0)
#1241453 06.07.2026 18:10:39 : TRC MAPS : Tile[6]: FREE (x0, y0, z0)
#1241454 06.07.2026 18:10:39 : TRC MAPS : Tile[7]: FREE (x0, y0, z0)
#1241455 06.07.2026 18:10:39 : TRC MAPS : Tile[8]: FREE (x0, y0, z0)
#1241456 06.07.2026 18:10:39 : TRC MAPS : Tile[9]: FREE (x0, y0, z0)
#1241457 06.07.2026 18:10:39 : TRC GPS : Fix valid: 0 idx:33 sat:5 ehpe:100 -lim
#1241458 06.07.2026 18:10:39 : EVT MAPS : Load style:default-off
#1241459 06.07.2026 18:10:39 : EVT MAPS : Style size=12 layers=0 (default-off)
#1241460 06.07.2026 18:10:39 : EVT MAPS : Load style:maps/s_amoled_dark.json
#1241461 06.07.2026 18:10:39 : EVT MAPS : Style size=4736 layers=74 (maps/s_amoled_dark.json)
#1241462 06.07.2026 18:10:39 : EVT GPS : LocationProviderImpl:sub Best
#1241463 06.07.2026 18:10:39 : TRC GPS : Full GNSS data subd l:15 c:80160010
#1241464 06.07.2026 18:10:39 : TRC MAPS : requestMapTile: sending a req with id 0 to queue
#1241465 06.07.2026 18:10:39 : TRC MAPS : Read an UI load req with id 0 from the queue
#1241466 06.07.2026 18:10:39 : TRC MAPS : Tile x17166 y11479 z15 requested
#1241467 06.07.2026 18:10:39 : TRC MAPS : Already loaded (0, 2 @ 201da05c)
#1241468 06.07.2026 18:10:39 : TRC MAPS : Req[0] result: Code=OK
#1241469 06.07.2026 18:10:39 : TRC MAPS : Req[0] handle: clientID=2, handle=2306591467933376604, r
#1241470 06.07.2026 18:10:39 : EVT MAPS : Req[0]:45ms dec:@0 conv:@0 x:17166 y:11479 z:15
#1241471 06.07.2026 18:10:39 : TRC MAPS : Wait for req
#1241472 06.07.2026 18:10:39 : TRC MAPS : TilesChangedDpc fired
#1241473 06.07.2026 18:10:39 : EVT ANALYTICS : #ws AID:105 BM:1 NS:1 SP:3 ZN:0 TG:0 BL:0 GPS:1
#1241474 06.07.2026 18:10:39 : EVT ANALYTICS : #2ws AID:105 WHR:1 INT:0 AL:0 AP:1 FE:1 MC:1 TH:0
#1241475 06.07.2026 18:10:39 : EVT GPS : LocationProviderImpl:sub Passive
#1241476 06.07.2026 18:10:39 : TRC GPS : Full GNSS data subd l:0 c:80160010
#1241477 06.07.2026 18:10:40 : TRC MAPS : Maps closed
#1241478 06.07.2026 18:10:40 : TRC MAPS : Tile[0]: CLEAR_PENDING (x17165, y11478, z15)
#1241479 06.07.2026 18:10:40 : TRC MAPS : Tile[1]: CLEAR_PENDING (x17165, y11479, z15)
#1241480 06.07.2026 18:10:40 : TRC MAPS : Tile[2]: CLEAR_PENDING (x17166, y11478, z15)
#1241481 06.07.2026 18:10:40 : TRC MAPS : Tile[3]: CLEAR_PENDING (x17166, y11479, z15)
#1241482 06.07.2026 18:10:40 : TRC MAPS : Tile[4]: FREE (x0, y0, z0)
#1241483 06.07.2026 18:10:40 : TRC MAPS : Tile[5]: FREE (x0, y0, z0)
#1241484 06.07.2026 18:10:40 : TRC MAPS : Tile[6]: FREE (x0, y0, z0)
#1241485 06.07.2026 18:10:40 : TRC MAPS : Tile[7]: FREE (x0, y0, z0)
#1241486 06.07.2026 18:10:40 : TRC MAPS : Tile[8]: FREE (x0, y0, z0)
#1241487 06.07.2026 18:10:40 : TRC MAPS : Tile[9]: FREE (x0, y0, z0)
#1241488 06.07.2026 18:10:42 : TRC GPS : Fix valid: 1 idx:36 sat:5 ehpe:41
#1241489 06.07.2026 18:10:44 : TRC MAPS : Closed resource file handle on TO
#1241490 06.07.2026 18:10:47 : TRC MAPS : Maps opened
#1241491 06.07.2026 18:10:47 : TRC MAPS : Tile[0]: CLEAR_PENDING (x17165, y11478, z15)
#1241492 06.07.2026 18:10:47 : TRC MAPS : Tile[1]: CLEAR_PENDING (x17165, y11479, z15)
#1241493 06.07.2026 18:10:47 : TRC MAPS : Tile[2]: CLEAR_PENDING (x17166, y11478, z15)
#1241494 06.07.2026 18:10:47 : TRC MAPS : Tile[3]: CLEAR_PENDING (x17166, y11479, z15)
#1241495 06.07.2026 18:10:47 : TRC MAPS : Tile[4]: FREE (x0, y0, z0)
#1241496 06.07.2026 18:10:47 : TRC MAPS : Tile[5]: FREE (x0, y0, z0)
#1241497 06.07.2026 18:10:47 : TRC MAPS : Tile[6]: FREE (x0, y0, z0)
#1241498 06.07.2026 18:10:47 : TRC MAPS : Tile[7]: FREE (x0, y0, z0)
#1241499 06.07.2026 18:10:47 : TRC MAPS : Tile[8]: FREE (x0, y0, z0)
#1241500 06.07.2026 18:10:47 : TRC MAPS : Tile[9]: FREE (x0, y0, z0)
#1241501 06.07.2026 18:10:47 : EVT MAPS : Load style:default-off
#1241502 06.07.2026 18:10:47 : EVT MAPS : Style size=12 layers=0 (default-off)
#1241503 06.07.2026 18:10:47 : EVT MAPS : Load style:maps/s_amoled_dark.json
#1241504 06.07.2026 18:10:47 : EVT MAPS : Style size=4736 layers=74 (maps/s_amoled_dark.json)
#1241505 06.07.2026 18:10:47 : EVT GPS : LocationProviderImpl:sub Best
#1241506 06.07.2026 18:10:47 : TRC GPS : Full GNSS data subd l:15 c:80160010
#1241507 06.07.2026 18:10:47 : EVT GPS : LocationProviderImpl:sub Passive
#1241508 06.07.2026 18:10:47 : TRC GPS : Full GNSS data subd l:0 c:80160010
#1241509 06.07.2026 18:10:48 : TRC MAPS : Maps closed
#1241510 06.07.2026 18:10:48 : TRC MAPS : Tile[0]: CLEAR_PENDING (x17165, y11478, z15)
#1241511 06.07.2026 18:10:48 : TRC MAPS : Tile[1]: CLEAR_PENDING (x17165, y11479, z15)
#1241512 06.07.2026 18:10:48 : TRC MAPS : Tile[2]: CLEAR_PENDING (x17166, y11478, z15)
#1241513 06.07.2026 18:10:48 : TRC MAPS : Tile[3]: CLEAR_PENDING (x17166, y11479, z15)
#1241514 06.07.2026 18:10:48 : TRC MAPS : Tile[4]: FREE (x0, y0, z0)
#1241515 06.07.2026 18:10:48 : TRC MAPS : Tile[5]: FREE (x0, y0, z0)
#1241516 06.07.2026 18:10:48 : TRC MAPS : Tile[6]: FREE (x0, y0, z0)
#1241517 06.07.2026 18:10:48 : TRC MAPS : Tile[7]: FREE (x0, y0, z0)
#1241518 06.07.2026 18:10:48 : TRC MAPS : Tile[8]: FREE (x0, y0, z0)
#1241519 06.07.2026 18:10:48 : TRC MAPS : Tile[9]: FREE (x0, y0, z0)
#1241520 06.07.2026 18:10:50 : TRC BLE : HR belt slow conn
#1241521 06.07.2026 18:10:51 : EVT SPEEDFUSION : INFO # autopaused
#1241522 06.07.2026 18:10:51 : WRN WBAPI : eID-691468(277): /Dive/Alarms/Acknowledge 404
#1241523 06.07.2026 18:10:51 : WRN WBAPI : eID-691468(277): /Dive/DiveGases 404
#1241524 06.07.2026 18:10:51 : WRN WBAPI : eID-691468(277): /Dive/Gauge/Next 404
#1241525 06.07.2026 18:10:51 : EVT LOGGER : Exercise paused
#1241526 06.07.2026 18:10:51 : EVT LOGGER : Exercise continue
#1241527 06.07.2026 18:10:51 : WRN WBAPI : eID-691468(277): /Dive/Alarms/Acknowledge 404
#1241528 06.07.2026 18:10:51 : WRN WBAPI : eID-691468(277): /Dive/DiveGases 404
#1241529 06.07.2026 18:10:51 : WRN WBAPI : eID-691468(277): /Dive/Gauge/Next 404
#1241530 06.07.2026 18:11:00 : TRC MAPS : Maps opened
#1241531 06.07.2026 18:11:00 : TRC MAPS : Tile[0]: CLEAR_PENDING (x17165, y11478, z15)
#1241532 06.07.2026 18:11:00 : TRC MAPS : Tile[1]: CLEAR_PENDING (x17165, y11479, z15)
#1241533 06.07.2026 18:11:00 : TRC MAPS : Tile[2]: CLEAR_PENDING (x17166, y11478, z15)
#1241534 06.07.2026 18:11:00 : TRC MAPS : Tile[3]: CLEAR_PENDING (x17166, y11479, z15)
#1241535 06.07.2026 18:11:00 : TRC MAPS : Tile[4]: FREE (x0, y0, z0)
#1241536 06.07.2026 18:11:00 : TRC MAPS : Tile[5]: FREE (x0, y0, z0)
#1241537 06.07.2026 18:11:00 : TRC MAPS : Tile[6]: FREE (x0, y0, z0)
#1241538 06.07.2026 18:11:00 : TRC MAPS : Tile[7]: FREE (x0, y0, z0)
#1241539 06.07.2026 18:11:00 : TRC MAPS : Tile[8]: FREE (x0, y0, z0)
#1241540 06.07.2026 18:11:00 : TRC MAPS : Tile[9]: FREE (x0, y0, z0)
#1241541 06.07.2026 18:11:00 : EVT MAPS : Load style:default-off
#1241542 06.07.2026 18:11:00 : EVT MAPS : Style size=12 layers=0 (default-off)
#1241543 06.07.2026 18:11:00 : EVT MAPS : Load style:maps/s_amoled_dark.json
#1241544 06.07.2026 18:11:00 : EVT MAPS : Style size=4736 layers=74 (maps/s_amoled_dark.json)
#1241545 06.07.2026 18:11:00 : EVT GPS : LocationProviderImpl:sub Best
#1241546 06.07.2026 18:11:00 : TRC GPS : Full GNSS data subd l:15 c:80160010
#1241547 06.07.2026 18:11:01 : EVT GPS : LocationProviderImpl:sub Passive
#1241548 06.07.2026 18:11:01 : TRC GPS : Full GNSS data subd l:0 c:80160010
#1241549 06.07.2026 18:11:01 : TRC MAPS : Maps closed
#1241550 06.07.2026 18:11:01 : TRC MAPS : Tile[0]: CLEAR_PENDING (x17165, y11478, z15)
#1241551 06.07.2026 18:11:01 : TRC MAPS : Tile[1]: CLEAR_PENDING (x17165, y11479, z15)
#1241552 06.07.2026 18:11:01 : TRC MAPS : Tile[2]: CLEAR_PENDING (x17166, y11478, z15)
#1241553 06.07.2026 18:11:01 : TRC MAPS : Tile[3]: CLEAR_PENDING (x17166, y11479, z15)
#1241554 06.07.2026 18:11:01 : TRC MAPS : Tile[4]: FREE (x0, y0, z0)
#1241555 06.07.2026 18:11:01 : TRC MAPS : Tile[5]: FREE (x0, y0, z0)
#1241556 06.07.2026 18:11:01 : TRC MAPS : Tile[6]: FREE (x0, y0, z0)
#1241557 06.07.2026 18:11:01 : TRC MAPS : Tile[7]: FREE (x0, y0, z0)
#1241558 06.07.2026 18:11:01 : TRC MAPS : Tile[8]: FREE (x0, y0, z0)
#1241559 06.07.2026 18:11:01 : TRC MAPS : Tile[9]: FREE (x0, y0, z0)
#1241560 06.07.2026 18:11:04 : WRN WBAPI : eID-691468(277): /Dive/Alarms/Acknowledge 404
#1241561 06.07.2026 18:11:04 : WRN WBAPI : eID-691468(277): /Dive/DiveGases 404
#1241562 06.07.2026 18:11:04 : WRN WBAPI : eID-691468(277): /Dive/Gauge/Next 404
#1241563 06.07.2026 18:11:11 : TRC MAPS : Maps opened
#1241564 06.07.2026 18:11:11 : TRC MAPS : Tile[0]: CLEAR_PENDING (x17165, y11478, z15)
#1241565 06.07.2026 18:11:11 : TRC MAPS : Tile[1]: CLEAR_PENDING (x17165, y11479, z15)
#1241566 06.07.2026 18:11:11 : TRC MAPS : Tile[2]: CLEAR_PENDING (x17166, y11478, z15)
#1241567 06.07.2026 18:11:11 : TRC MAPS : Tile[3]: CLEAR_PENDING (x17166, y11479, z15)
#1241568 06.07.2026 18:11:11 : TRC MAPS : Tile[4]: FREE (x0, y0, z0)
#1241569 06.07.2026 18:11:11 : TRC MAPS : Tile[5]: FREE (x0, y0, z0)
#1241570 06.07.2026 18:11:11 : TRC MAPS : Tile[6]: FREE (x0, y0, z0)
#1241571 06.07.2026 18:11:11 : TRC MAPS : Tile[7]: FREE (x0, y0, z0)
#1241572 06.07.2026 18:11:11 : TRC MAPS : Tile[8]: FREE (x0, y0, z0)
#1241573 06.07.2026 18:11:11 : TRC MAPS : Tile[9]: FREE (x0, y0, z0)
#1241574 06.07.2026 18:11:11 : EVT MAPS : Load style:default-off
#1241575 06.07.2026 18:11:11 : EVT MAPS : Style size=12 layers=0 (default-off)
#1241576 06.07.2026 18:11:11 : EVT MAPS : Load style:maps/s_amoled_dark.json
#1241577 06.07.2026 18:11:11 : EVT MAPS : Style size=4736 layers=74 (maps/s_amoled_dark.json)
#1241578 06.07.2026 18:11:11 : EVT GPS : LocationProviderImpl:sub Best
#1241579 06.07.2026 18:11:11 : TRC GPS : Full GNSS data subd l:15 c:80160010
#1241580 06.07.2026 18:11:12 : EVT GPS : LocationProviderImpl:sub Passive
#1241581 06.07.2026 18:11:12 : TRC GPS : Full GNSS data subd l:0 c:80160010
#1241582 06.07.2026 18:11:13 : TRC MAPS : Maps closed
#1241583 06.07.2026 18:11:13 : TRC MAPS : Tile[0]: CLEAR_PENDING (x17165, y11478, z15)
#1241584 06.07.2026 18:11:13 : TRC MAPS : Tile[1]: CLEAR_PENDING (x17165, y11479, z15)
#1241585 06.07.2026 18:11:13 : TRC MAPS : Tile[2]: CLEAR_PENDING (x17166, y11478, z15)
#1241586 06.07.2026 18:11:13 : TRC MAPS : Tile[3]: CLEAR_PENDING (x17166, y11479, z15)
#1241587 06.07.2026 18:11:13 : TRC MAPS : Tile[4]: FREE (x0, y0, z0)
#1241588 06.07.2026 18:11:13 : TRC MAPS : Tile[5]: FREE (x0, y0, z0)
#1241589 06.07.2026 18:11:13 : TRC MAPS : Tile[6]: FREE (x0, y0, z0)
#1241590 06.07.2026 18:11:13 : TRC MAPS : Tile[7]: FREE (x0, y0, z0)
#1241591 06.07.2026 18:11:13 : TRC MAPS : Tile[8]: FREE (x0, y0, z0)
#1241592 06.07.2026 18:11:13 : TRC MAPS : Tile[9]: FREE (x0, y0, z0)
#1241593 06.07.2026 18:11:18 : EVT LOGGER : LGR 934, 80
#1241594 06.07.2026 18:11:19 : WRN WBAPI : eID-691468(277): /Dive/Alarms/Acknowledge 404
#1241595 06.07.2026 18:11:19 : WRN WBAPI : eID-691468(277): /Dive/DiveGases 404
#1241596 06.07.2026 18:11:19 : WRN WBAPI : eID-691468(277): /Dive/Gauge/Next 404
#1241597 06.07.2026 18:11:22 : EVT LOGGER : Exercise paused
#1241598 06.07.2026 18:11:22 : WRN WBAPI : eID-691468(277): /Dive/Alarms/Acknowledge 404
#1241599 06.07.2026 18:11:22 : WRN WBAPI : eID-691468(277): /Dive/DiveGases 404
#1241600 06.07.2026 18:11:22 : WRN WBAPI : eID-691468(277): /Dive/Gauge/Next 404
#1241601 06.07.2026 18:11:24 : EVT LOGGER : Exercise continue
#1241602 06.07.2026 18:11:24 : WRN WBAPI : eID-691468(277): /Dive/Alarms/Acknowledge 404
#1241603 06.07.2026 18:11:24 : WRN WBAPI : eID-691468(277): /Dive/DiveGases 404
#1241604 06.07.2026 18:11:24 : WRN WBAPI : eID-691468(277): /Dive/Gauge/Next 404
#1241605 06.07.2026 18:11:26 : TRC MAPS : Maps opened
#1241606 06.07.2026 18:11:26 : TRC MAPS : Tile[0]: CLEAR_PENDING (x17165, y11478, z15)
#1241607 06.07.2026 18:11:26 : TRC MAPS : Tile[1]: CLEAR_PENDING (x17165, y11479, z15)
#1241608 06.07.2026 18:11:26 : TRC MAPS : Tile[2]: CLEAR_PENDING (x17166, y11478, z15)
#1241609 06.07.2026 18:11:26 : TRC MAPS : Tile[3]: CLEAR_PENDING (x17166, y11479, z15)
#1241610 06.07.2026 18:11:26 : TRC MAPS : Tile[4]: FREE (x0, y0, z0)
#1241611 06.07.2026 18:11:26 : TRC MAPS : Tile[5]: FREE (x0, y0, z0)
#1241612 06.07.2026 18:11:26 : TRC MAPS : Tile[6]: FREE (x0, y0, z0)
#1241613 06.07.2026 18:11:26 : TRC MAPS : Tile[7]: FREE (x0, y0, z0)
#1241614 06.07.2026 18:11:26 : TRC MAPS : Tile[8]: FREE (x0, y0, z0)
#1241615 06.07.2026 18:11:26 : TRC MAPS : Tile[9]: FREE (x0, y0, z0)
#1241616 06.07.2026 18:11:26 : EVT MAPS : Load style:default-off
#1241617 06.07.2026 18:11:26 : EVT MAPS : Style size=12 layers=0 (default-off)
#1241618 06.07.2026 18:11:26 : EVT MAPS : Load style:maps/s_amoled_dark.json
#1241619 06.07.2026 18:11:26 : EVT MAPS : Style size=4736 layers=74 (maps/s_amoled_dark.json)
#1241620 06.07.2026 18:11:26 : EVT GPS : LocationProviderImpl:sub Best
#1241621 06.07.2026 18:11:26 : TRC GPS : Full GNSS data subd l:15 c:80160010
#1241622 06.07.2026 18:11:27 : EVT GPS : LocationProviderImpl:sub Passive
#1241623 06.07.2026 18:11:27 : TRC GPS : Full GNSS data subd l:0 c:80160010
#1241624 06.07.2026 18:11:28 : WRN UI_FRAMEWORK : JS
elem[460001]._onActivate()
#1241625 06.07.2026 18:11:28 : WRN UI_FRAMEWORK : Call Method F fail
#1241626 06.07.2026 18:11:29 : TRC MAPS : Maps closed
#1241627 06.07.2026 18:11:29 : TRC MAPS : Tile[0]: CLEAR_PENDING (x17165, y11478, z15)
#1241628 06.07.2026 18:11:29 : TRC MAPS : Tile[1]: CLEAR_PENDING (x17165, y11479, z15)
#1241629 06.07.2026 18:11:29 : TRC MAPS : Tile[2]: CLEAR_PENDING (x17166, y11478, z15)
#1241630 06.07.2026 18:11:29 : TRC MAPS : Tile[3]: CLEAR_PENDING (x17166, y11479, z15)
#1241631 06.07.2026 18:11:29 : TRC MAPS : Tile[4]: FREE (x0, y0, z0)
#1241632 06.07.2026 18:11:29 : TRC MAPS : Tile[5]: FREE (x0, y0, z0)
#1241633 06.07.2026 18:11:29 : TRC MAPS : Tile[6]: FREE (x0, y0, z0)
#1241634 06.07.2026 18:11:29 : TRC MAPS : Tile[7]: FREE (x0, y0, z0)
#1241635 06.07.2026 18:11:29 : TRC MAPS : Tile[8]: FREE (x0, y0, z0)
#1241636 06.07.2026 18:11:29 : TRC MAPS : Tile[9]: FREE (x0, y0, z0)
#1241637 06.07.2026 18:11:40 : TRC MAPS : Maps opened
#1241638 06.07.2026 18:11:40 : TRC MAPS : Tile[0]: CLEAR_PENDING (x17165, y11478, z15)
#1241639 06.07.2026 18:11:40 : TRC MAPS : Tile[1]: CLEAR_PENDING (x17165, y11479, z15)
#1241640 06.07.2026 18:11:40 : TRC MAPS : Tile[2]: CLEAR_PENDING (x17166, y11478, z15)
#1241641 06.07.2026 18:11:40 : TRC MAPS : Tile[3]: CLEAR_PENDING (x17166, y11479, z15)
#1241642 06.07.2026 18:11:40 : TRC MAPS : Tile[4]: FREE (x0, y0, z0)
#1241643 06.07.2026 18:11:40 : TRC MAPS : Tile[5]: FREE (x0, y0, z0)
#1241644 06.07.2026 18:11:40 : TRC MAPS : Tile[6]: FREE (x0, y0, z0)
#1241645 06.07.2026 18:11:40 : TRC MAPS : Tile[7]: FREE (x0, y0, z0)
#1241646 06.07.2026 18:11:40 : TRC MAPS : Tile[8]: FREE (x0, y0, z0)
#1241647 06.07.2026 18:11:40 : TRC MAPS : Tile[9]: FREE (x0, y0, z0)
#1241648 06.07.2026 18:11:40 : EVT MAPS : Load style:default-off
#1241649 06.07.2026 18:11:40 : EVT MAPS : Style size=12 layers=0 (default-off)
#1241650 06.07.2026 18:11:40 : EVT MAPS : Load style:maps/s_amoled_dark.json
#1241651 06.07.2026 18:11:40 : EVT MAPS : Style size=4736 layers=74 (maps/s_amoled_dark.json)
#1241652 06.07.2026 18:11:40 : EVT GPS : LocationProviderImpl:sub Best
#1241653 06.07.2026 18:11:40 : TRC GPS : Full GNSS data subd l:15 c:80160010
#1241654 06.07.2026 18:11:41 : EVT GPS : LocationProviderImpl:sub Passive
#1241655 06.07.2026 18:11:41 : TRC GPS : Full GNSS data subd l:0 c:80160010
#1241656 06.07.2026 18:11:41 : WRN UI_FRAMEWORK : JS
elem[460001]._onActivate()
#1241657 06.07.2026 18:11:41 : WRN UI_FRAMEWORK : Call Method F fail
#1241658 06.07.2026 18:11:42 : TRC MAPS : Maps closed
#1241659 06.07.2026 18:11:42 : TRC MAPS : Tile[0]: CLEAR_PENDING (x17165, y11478, z15)
#1241660 06.07.2026 18:11:42 : TRC MAPS : Tile[1]: CLEAR_PENDING (x17165, y11479, z15)
#1241661 06.07.2026 18:11:42 : TRC MAPS : Tile[2]: CLEAR_PENDING (x17166, y11478, z15)
#1241662 06.07.2026 18:11:42 : TRC MAPS : Tile[3]: CLEAR_PENDING (x17166, y11479, z15)
#1241663 06.07.2026 18:11:42 : TRC MAPS : Tile[4]: FREE (x0, y0, z0)
#1241664 06.07.2026 18:11:42 : TRC MAPS : Tile[5]: FREE (x0, y0, z0)
#1241665 06.07.2026 18:11:42 : TRC MAPS : Tile[6]: FREE (x0, y0, z0)
#1241666 06.07.2026 18:11:42 : TRC MAPS : Tile[7]: FREE (x0, y0, z0)
#1241667 06.07.2026 18:11:42 : TRC MAPS : Tile[8]: FREE (x0, y0, z0)
#1241668 06.07.2026 18:11:42 : TRC MAPS : Tile[9]: FREE (x0, y0, z0)
#1241669 06.07.2026 18:12:40 : TRC MAPS : Disabled map tile cache on TO
#1241670 06.07.2026 18:12:45 : TRC MAPS : Maps opened
#1241671 06.07.2026 18:12:45 : TRC MAPS : Tile[0]: CLEAR_PENDING (x17165, y11478, z15)
#1241672 06.07.2026 18:12:45 : TRC MAPS : Tile[1]: CLEAR_PENDING (x17165, y11479, z15)
#1241673 06.07.2026 18:12:45 : TRC MAPS : Tile[2]: CLEAR_PENDING (x17166, y11478, z15)
#1241674 06.07.2026 18:12:45 : TRC MAPS : Tile[3]: CLEAR_PENDING (x17166, y11479, z15)
#1241675 06.07.2026 18:12:45 : TRC MAPS : Tile[4]: FREE (x0, y0, z0)
#1241676 06.07.2026 18:12:45 : TRC MAPS : Tile[5]: FREE (x0, y0, z0)
#1241677 06.07.2026 18:12:45 : TRC MAPS : Tile[6]: FREE (x0, y0, z0)
#1241678 06.07.2026 18:12:45 : TRC MAPS : Tile[7]: FREE (x0, y0, z0)
#1241679 06.07.2026 18:12:45 : TRC MAPS : Tile[8]: FREE (x0, y0, z0)
#1241680 06.07.2026 18:12:45 : TRC MAPS : Tile[9]: FREE (x0, y0, z0)
#1241681 06.07.2026 18:12:45 : EVT MAPS : Load style:default-off
#1241682 06.07.2026 18:12:45 : EVT MAPS : Style size=12 layers=0 (default-off)
#1241683 06.07.2026 18:12:45 : EVT MAPS : Load style:maps/s_amoled_dark.json
#1241684 06.07.2026 18:12:45 : EVT MAPS : Style size=4736 layers=74 (maps/s_amoled_dark.json)
#1241685 06.07.2026 18:12:45 : EVT GPS : LocationProviderImpl:sub Best
#1241686 06.07.2026 18:12:45 : TRC GPS : Full GNSS data subd l:15 c:80160010
#1241687 06.07.2026 18:12:45 : EVT GPS : LocationProviderImpl:sub Passive
#1241688 06.07.2026 18:12:45 : TRC GPS : Full GNSS data subd l:0 c:80160010
#1241689 06.07.2026 18:12:46 : TRC GPS : Fix valid: 0 idx:160 sat:16 ehpe:100 -lim
#1241690 06.07.2026 18:12:47 : TRC GPS : Fix valid: 0 idx:161 sat:0 ehpe:nan
#1241691 06.07.2026 18:12:47 : TRC MAPS : Maps closed
#1241692 06.07.2026 18:12:47 : TRC MAPS : Tile[0]: CLEAR_PENDING (x17165, y11478, z15)
#1241693 06.07.2026 18:12:47 : TRC MAPS : Tile[1]: CLEAR_PENDING (x17165, y11479, z15)
#1241694 06.07.2026 18:12:47 : TRC MAPS : Tile[2]: CLEAR_PENDING (x17166, y11478, z15)
#1241695 06.07.2026 18:12:47 : TRC MAPS : Tile[3]: CLEAR_PENDING (x17166, y11479, z15)
#1241696 06.07.2026 18:12:48 : TRC MAPS : Tile[4]: FREE (x0, y0, z0)
#1241697 06.07.2026 18:12:48 : TRC MAPS : Tile[5]: FREE (x0, y0, z0)
#1241698 06.07.2026 18:12:48 : TRC MAPS : Tile[6]: FREE (x0, y0, z0)
#1241699 06.07.2026 18:12:48 : TRC MAPS : Tile[7]: FREE (x0, y0, z0)
#1241700 06.07.2026 18:12:48 : TRC MAPS : Tile[8]: FREE (x0, y0, z0)
#1241701 06.07.2026 18:12:48 : TRC MAPS : Tile[9]: FREE (x0, y0, z0)
#1241702 06.07.2026 18:13:07 : TRC GPS : Fix valid: 1 idx:181 sat:21 ehpe:16
#1241703 06.07.2026 18:13:21 : EVT LOGGER : LGR 934, 80
#1241704 06.07.2026 18:13:21 : EVT UI_FRAMEWORK : evalFile: b:/zapp/climbl01.fea/ext10.js from ui
#1241705 06.07.2026 18:13:23 : WRN WBAPI : eID-691468(277): /Dive/Alarms/Acknowledge 404
#1241706 06.07.2026 18:13:23 : WRN WBAPI : eID-691468(277): /Dive/DiveGases 404
#1241707 06.07.2026 18:13:23 : WRN WBAPI : eID-691468(277): /Dive/Gauge/Next 404
#1241708 06.07.2026 18:13:39 : EVT LOGGER : LGR 934, 80
#1241709 06.07.2026 18:13:39 : WRN WBAPI : eID-691468(277): /Dive/Alarms/Acknowledge 404
#1241710 06.07.2026 18:13:39 : WRN WBAPI : eID-691468(277): /Dive/DiveGases 404
#1241711 06.07.2026 18:13:39 : WRN WBAPI : eID-691468(277): /Dive/Gauge/Next 404
#1241712 06.07.2026 18:14:20 : EVT ALTIFUSION : Init Kalman
#1241713 06.07.2026 18:14:20 : EVT GPS : AltitudeService:unsub
#1241714 06.07.2026 18:14:20 : TRC GPS : Unsubd c:80420010
#1241715 06.07.2026 18:14:20 : EVT GPS : AltitudeService:sub Passive
#1241716 06.07.2026 18:14:20 : TRC GPS : Full GNSS data subd l:0 c:80420010
#1241717 06.07.2026 18:14:47 : TRC MAPS : Disabled map tile cache on TO
#1241718 06.07.2026 18:15:25 : EVT LOGGER : LGR 934, 80
#1241719 06.07.2026 18:15:27 : WRN WBAPI : eID-691468(277): /Dive/Alarms/Acknowledge 404
#1241720 06.07.2026 18:15:27 : WRN WBAPI : eID-691468(277): /Dive/DiveGases 404
#1241721 06.07.2026 18:15:27 : WRN WBAPI : eID-691468(277): /Dive/Gauge/Next 404
#1241722 06.07.2026 18:15:30 : EVT LOGGER : LGR 934, 80
#1241723 06.07.2026 18:15:31 : WRN WBAPI : eID-691468(277): /Dive/Alarms/Acknowledge 404
#1241724 06.07.2026 18:15:31 : WRN WBAPI : eID-691468(277): /Dive/DiveGases 404
#1241725 06.07.2026 18:15:31 : WRN WBAPI : eID-691468(277): /Dive/Gauge/Next 404
#1241726 06.07.2026 18:18:00 : TRC FWUPDATE : Uptime 10 min
#1241727 06.07.2026 18:18:00 : EVT FWUPDATE : onInputEvent 4
#1241728 06.07.2026 18:19:04 : EVT ANALYTICS : Weather sync ok d:540 f:0
#1241729 06.07.2026 18:19:04 : EVT ANALYTICS : synced city:Zürich
#1241730 06.07.2026 18:19:05 : EVT GPS : Last known coordinate:lat:473626600, lon:85637601
#1241731 06.07.2026 18:19:29 : EVT LOGGER : LGR 934, 80
#1241732 06.07.2026 18:19:31 : WRN WBAPI : eID-691468(277): /Dive/Alarms/Acknowledge 404
#1241733 06.07.2026 18:19:31 : WRN WBAPI : eID-691468(277): /Dive/DiveGases 404
#1241734 06.07.2026 18:19:31 : WRN WBAPI : eID-691468(277): /Dive/Gauge/Next 404
#1241735 06.07.2026 18:19:35 : EVT LOGGER : LGR 934, 80
#1241736 06.07.2026 18:19:35 : WRN WBAPI : eID-691468(277): /Dive/Alarms/Acknowledge 404
#1241737 06.07.2026 18:19:35 : WRN WBAPI : eID-691468(277): /Dive/DiveGases 404
#1241738 06.07.2026 18:19:35 : WRN WBAPI : eID-691468(277): /Dive/Gauge/Next 404
#1241739 06.07.2026 18:20:00 : ERR WBMAIN : *0: app 720 Event 24 80892700
#1241740 06.07.2026 18:20:00 : ERR WBMAIN : 1: mea 0 Event 3 80891701
#1241741 06.07.2026 18:20:00 : ERR WBMAIN : 2: ui 16 Wait 0 00000000
#1241742 06.07.2026 18:20:57 : EVT ANALYTICS : #sf R:5 A:Xiamen-fw_2.53.42.29545-V-8b67dbcf
#1241743 06.07.2026 18:20:58 : EVT WBSTORAGE : CACHE_DEFRAG (696->904, 24->24, 25)
#1241744 06.07.2026 18:20:58 : EVT WBSTORAGE : CACHE_DEFRAG (664->672, 24->24, 25)
#1241745 06.07.2026 18:20:58 : EVT WBSTORAGE : CACHE_DEFRAG (656->664, 24->24, 25)
#1241746 06.07.2026 18:20:59 : ERR WBMAIN : *0: app 912 Event 37 8000a4c7
#1241747 06.07.2026 18:20:59 : ERR WBMAIN : 1: mea 26 Wait 0 00000000
#1241748 06.07.2026 18:20:59 : ERR WBMAIN : 2: ui 65 Wait 0 00000000
#1241749 06.07.2026 18:22:30 : EVT LOGGER : LGR 934, 80
#1241750 06.07.2026 18:22:32 : WRN WBAPI : eID-691468(277): /Dive/Alarms/Acknowledge 404
#1241751 06.07.2026 18:22:32 : WRN WBAPI : eID-691468(277): /Dive/DiveGases 404
#1241752 06.07.2026 18:22:32 : WRN WBAPI : eID-691468(277): /Dive/Gauge/Next 404
#1241753 06.07.2026 18:22:36 : EVT LOGGER : LGR 934, 80
#1241754 06.07.2026 18:22:36 : WRN WBAPI : eID-691468(277): /Dive/Alarms/Acknowledge 404
#1241755 06.07.2026 18:22:36 : WRN WBAPI : eID-691468(277): /Dive/DiveGases 404
#1241756 06.07.2026 18:22:36 : WRN WBAPI : eID-691468(277): /Dive/Gauge/Next 404
#1241757 06.07.2026 18:24:53 : TRC FUEL_GAUGE : batFgLevel cur:99%, prev:100%
#1241758 06.07.2026 18:29:04 : EVT LOGGER : LGR 934, 80
#1241759 06.07.2026 18:29:07 : WRN WBAPI : eID-691468(277): /Dive/Alarms/Acknowledge 404
#1241760 06.07.2026 18:29:07 : WRN WBAPI : eID-691468(277): /Dive/DiveGases 404
#1241761 06.07.2026 18:29:07 : WRN WBAPI : eID-691468(277): /Dive/Gauge/Next 404
#1241762 06.07.2026 18:29:09 : EVT LOGGER : LGR 934, 80
#1241763 06.07.2026 18:29:09 : WRN WBAPI : eID-691468(277): /Dive/Alarms/Acknowledge 404
#1241764 06.07.2026 18:29:09 : WRN WBAPI : eID-691468(277): /Dive/DiveGases 404
#1241765 06.07.2026 18:29:09 : WRN WBAPI : eID-691468(277): /Dive/Gauge/Next 404
#1241766 06.07.2026 18:30:06 : TRC GPS : Overwrite warning 5 times in 20min
#1241767 06.07.2026 18:33:15 : TRC MAPS : Maps opened
#1241768 06.07.2026 18:33:15 : TRC MAPS : Tile[0]: CLEAR_PENDING (x17165, y11478, z15)
#1241769 06.07.2026 18:33:15 : TRC MAPS : Tile[1]: CLEAR_PENDING (x17165, y11479, z15)
#1241770 06.07.2026 18:33:15 : TRC MAPS : Tile[2]: CLEAR_PENDING (x17166, y11478, z15)
#1241771 06.07.2026 18:33:15 : TRC MAPS : Tile[3]: CLEAR_PENDING (x17166, y11479, z15)
#1241772 06.07.2026 18:33:15 : TRC MAPS : Tile[4]: FREE (x0, y0, z0)
#1241773 06.07.2026 18:33:15 : TRC MAPS : Tile[5]: FREE (x0, y0, z0)
#1241774 06.07.2026 18:33:15 : TRC MAPS : Tile[6]: FREE (x0, y0, z0)
#1241775 06.07.2026 18:33:15 : TRC MAPS : Tile[7]: FREE (x0, y0, z0)
#1241776 06.07.2026 18:33:15 : TRC MAPS : Tile[8]: FREE (x0, y0, z0)
#1241777 06.07.2026 18:33:15 : TRC MAPS : Tile[9]: FREE (x0, y0, z0)
#1241778 06.07.2026 18:33:15 : EVT MAPS : Load style:default-off
#1241779 06.07.2026 18:33:15 : EVT MAPS : Style size=12 layers=0 (default-off)
#1241780 06.07.2026 18:33:15 : EVT MAPS : Load style:maps/s_amoled_dark.json
#1241781 06.07.2026 18:33:15 : EVT MAPS : Style size=4736 layers=74 (maps/s_amoled_dark.json)
#1241782 06.07.2026 18:33:15 : EVT GPS : LocationProviderImpl:sub Best
#1241783 06.07.2026 18:33:15 : TRC GPS : Full GNSS data subd l:15 c:80160010
#1241784 06.07.2026 18:33:15 : TRC MAPS : requestMapTile: sending a req with id 0 to queue
#1241785 06.07.2026 18:33:15 : TRC MAPS : Read an UI load req with id 0 from the queue
#1241786 06.07.2026 18:33:15 : TRC MAPS : Tile x17160 y11471 z15 requested
#1241787 06.07.2026 18:33:15 : TRC MAPS : Init stage
#1241788 06.07.2026 18:33:15 : TRC MAPS : DIR '0001'
#1241789 06.07.2026 18:33:15 : TRC MAPS : Read tile b:maps1/0001/f/4/6/2/p.smtf (@36289662 32110B)
#1241790 06.07.2026 18:33:15 : TRC MAPS : Triangulate size=52904
#1241791 06.07.2026 18:33:15 : EVT MAPS : Tile sz=48856, x17160, y11471, z15
#1241792 06.07.2026 18:33:15 : TRC MAPS : Req[0] result: Code=OK
#1241793 06.07.2026 18:33:15 : TRC MAPS : Req[0] handle: clientID=9, handle=2306591467933404076, r
#1241794 06.07.2026 18:33:15 : TRC MAPS : TilesChangedDpc fired
#1241795 06.07.2026 18:33:15 : TRC MAPS : requestMapTile: sending a req with id 0 to queue
#1241796 06.07.2026 18:33:15 : EVT MAPS : Req[0]:429ms dec:@195 conv:@353 x:17160 y:11471 z:15
#1241797 06.07.2026 18:33:15 : TRC MAPS : Wait for req
#1241798 06.07.2026 18:33:15 : TRC MAPS : Read an UI load req with id 0 from the queue
#1241799 06.07.2026 18:33:15 : TRC MAPS : Tile x17161 y11471 z15 requested
#1241800 06.07.2026 18:33:15 : TRC MAPS : Init stage
#1241801 06.07.2026 18:33:15 : TRC MAPS : DIR '0001'
#1241802 06.07.2026 18:33:15 : TRC MAPS : Read tile b:maps1/0001/f/4/6/2/p.smtf (@36321772 45624B)
#1241803 06.07.2026 18:33:16 : EVT GPS : LocationProviderImpl:sub Passive
#1241804 06.07.2026 18:33:16 : TRC GPS : Full GNSS data subd l:0 c:80160010
#1241805 06.07.2026 18:33:16 : WRN MAPS : Polygon cut
#1241806 06.07.2026 18:33:16 : TRC MAPS : Triangulate size=83164
#1241807 06.07.2026 18:33:16 : TRC MAPS : Maps closed
#1241808 06.07.2026 18:33:16 : TRC MAPS : Tile[0]: CLEAR_PENDING (x17160, y11471, z15)
#1241809 06.07.2026 18:33:16 : TRC MAPS : Tile[1]: LOADING_CLEAR_PENDING (x17161, y11471, z15)
#1241810 06.07.2026 18:33:16 : TRC MAPS : Tile[2]: FREE (x17160, y11470, z15)
#1241811 06.07.2026 18:33:16 : TRC MAPS : Tile[3]: FREE (x17161, y11470, z15)
#1241812 06.07.2026 18:33:16 : TRC MAPS : Tile[4]: CLEAR_PENDING (x17165, y11478, z15)
#1241813 06.07.2026 18:33:16 : TRC MAPS : Tile[5]: CLEAR_PENDING (x17165, y11479, z15)
#1241814 06.07.2026 18:33:16 : TRC MAPS : Tile[6]: CLEAR_PENDING (x17166, y11478, z15)
#1241815 06.07.2026 18:33:16 : TRC MAPS : Tile[7]: CLEAR_PENDING (x17166, y11479, z15)
#1241816 06.07.2026 18:33:16 : TRC MAPS : Tile[8]: FREE (x0, y0, z0)
#1241817 06.07.2026 18:33:16 : TRC MAPS : Tile[9]: FREE (x0, y0, z0)
#1241818 06.07.2026 18:33:16 : EVT MAPS : Tile sz=74204, x17161, y11471, z15
#1241819 06.07.2026 18:33:16 : TRC MAPS : Req[0] result: Code=OK
#1241820 06.07.2026 18:33:16 : WRN MAPS : No req. handler:clientId=9, reqId=0, res=0
#1241821 06.07.2026 18:33:16 : WRN MAPS : onMapTileLoadResWithoutMapElement, st FREE
#1241822 06.07.2026 18:33:16 : WRN MAPS : onMapTileLoadResWithoutMapElement, st FREE
#1241823 06.07.2026 18:33:16 : EVT MAPS : Req[0]:1095ms dec:@124 conv:@877 x:17161 y:11471 z:15
#1241824 06.07.2026 18:33:16 : TRC MAPS : Wait for req
#1241825 06.07.2026 18:33:20 : EVT LOGGER : LGR 934, 80
#1241826 06.07.2026 18:33:21 : TRC MAPS : Closed resource file handle on TO
#1241827 06.07.2026 18:33:22 : WRN WBAPI : eID-691468(277): /Dive/Alarms/Acknowledge 404
#1241828 06.07.2026 18:33:22 : WRN WBAPI : eID-691468(277): /Dive/DiveGases 404
#1241829 06.07.2026 18:33:22 : WRN WBAPI : eID-691468(277): /Dive/Gauge/Next 404
#1241830 06.07.2026 18:33:24 : EVT LOGGER : LGR 934, 80
#1241831 06.07.2026 18:33:24 : WRN WBAPI : eID-691468(277): /Dive/Alarms/Acknowledge 404
#1241832 06.07.2026 18:33:24 : WRN WBAPI : eID-691468(277): /Dive/DiveGases 404
#1241833 06.07.2026 18:33:24 : WRN WBAPI : eID-691468(277): /Dive/Gauge/Next 404
#1241834 06.07.2026 18:35:16 : TRC MAPS : Disabled map tile cache on TO
#1241835 06.07.2026 18:36:04 : TRC APPLICATION : Notification n-act-e-tdy not allowed (5 < 150)
#1241836 06.07.2026 18:40:00 : ERR WBMAIN : *0: app 800 Event 24 80892700
#1241837 06.07.2026 18:40:00 : ERR WBMAIN : 1: mea 1 Event 3 80891701
#1241838 06.07.2026 18:40:00 : ERR WBMAIN : 2: ui 27 Wait 0 00000000
#1241839 06.07.2026 18:41:30 : EVT LOGGER : LGR 934, 80
#1241840 06.07.2026 18:41:35 : WRN WBAPI : eID-691468(277): /Dive/Alarms/Acknowledge 404
#1241841 06.07.2026 18:41:35 : WRN WBAPI : eID-691468(277): /Dive/DiveGases 404
#1241842 06.07.2026 18:41:35 : WRN WBAPI : eID-691468(277): /Dive/Gauge/Next 404
#1241843 06.07.2026 18:41:41 : EVT LOGGER : LGR 934, 80
#1241844 06.07.2026 18:41:41 : WRN WBAPI : eID-691468(277): /Dive/Alarms/Acknowledge 404
#1241845 06.07.2026 18:41:41 : WRN WBAPI : eID-691468(277): /Dive/DiveGases 404
#1241846 06.07.2026 18:41:41 : WRN WBAPI : eID-691468(277): /Dive/Gauge/Next 404
#1241847 06.07.2026 18:42:55 : TRC MAPS : Maps opened
#1241848 06.07.2026 18:42:55 : TRC MAPS : Tile[0]: CLEAR_PENDING (x17160, y11471, z15)
#1241849 06.07.2026 18:42:55 : TRC MAPS : Tile[1]: FREE (x17161, y11471, z15)
#1241850 06.07.2026 18:42:55 : TRC MAPS : Tile[2]: FREE (x17160, y11470, z15)
#1241851 06.07.2026 18:42:55 : TRC MAPS : Tile[3]: FREE (x17161, y11470, z15)
#1241852 06.07.2026 18:42:55 : TRC MAPS : Tile[4]: CLEAR_PENDING (x17165, y11478, z15)
#1241853 06.07.2026 18:42:55 : TRC MAPS : Tile[5]: CLEAR_PENDING (x17165, y11479, z15)
#1241854 06.07.2026 18:42:55 : TRC MAPS : Tile[6]: CLEAR_PENDING (x17166, y11478, z15)
#1241855 06.07.2026 18:42:55 : TRC MAPS : Tile[7]: CLEAR_PENDING (x17166, y11479, z15)
#1241856 06.07.2026 18:42:55 : TRC MAPS : Tile[8]: FREE (x0, y0, z0)
#1241857 06.07.2026 18:42:55 : TRC MAPS : Tile[9]: FREE (x0, y0, z0)
#1241858 06.07.2026 18:42:55 : EVT MAPS : Load style:default-off
#1241859 06.07.2026 18:42:55 : EVT MAPS : Style size=12 layers=0 (default-off)
#1241860 06.07.2026 18:42:55 : EVT MAPS : Load style:maps/s_amoled_dark.json
#1241861 06.07.2026 18:42:55 : EVT MAPS : Style size=4736 layers=74 (maps/s_amoled_dark.json)
#1241862 06.07.2026 18:42:55 : EVT GPS : LocationProviderImpl:sub Best
#1241863 06.07.2026 18:42:55 : TRC GPS : Full GNSS data subd l:15 c:80160010
#1241864 06.07.2026 18:42:55 : TRC MAPS : requestMapTile: sending a req with id 0 to queue
#1241865 06.07.2026 18:42:55 : TRC MAPS : Read an UI load req with id 0 from the queue
#1241866 06.07.2026 18:42:55 : TRC MAPS : Tile x17160 y11467 z15 requested
#1241867 06.07.2026 18:42:55 : TRC MAPS : Init stage
#1241868 06.07.2026 18:42:55 : TRC MAPS : DIR '0001'
#1241869 06.07.2026 18:42:55 : TRC MAPS : Read tile b:maps1/0001/f/4/6/2/p.smtf (@29877610 8926B)
#1241870 06.07.2026 18:42:55 : TRC MAPS : Triangulate size=12744
#1241871 06.07.2026 18:42:55 : EVT MAPS : Tile sz=11532, x17160, y11467, z15
#1241872 06.07.2026 18:42:55 : TRC MAPS : Req[0] result: Code=OK
#1241873 06.07.2026 18:42:55 : TRC MAPS : Req[0] handle: clientID=10, handle=2306591467933527160, 
#1241874 06.07.2026 18:42:55 : TRC MAPS : TilesChangedDpc fired
#1241875 06.07.2026 18:42:55 : TRC MAPS : requestMapTile: sending a req with id 0 to queue
#1241876 06.07.2026 18:42:55 : EVT MAPS : Req[0]:199ms dec:@156 conv:@178 x:17160 y:11467 z:15
#1241877 06.07.2026 18:42:55 : TRC MAPS : Wait for req
#1241878 06.07.2026 18:42:55 : TRC MAPS : Read an UI load req with id 0 from the queue
#1241879 06.07.2026 18:42:55 : TRC MAPS : Tile x17160 y11466 z15 requested
#1241880 06.07.2026 18:42:55 : TRC MAPS : Init stage
#1241881 06.07.2026 18:42:55 : TRC MAPS : DIR '0001'
#1241882 06.07.2026 18:42:55 : TRC MAPS : Read tile b:maps1/0001/f/4/6/2/p.smtf (@28477721 7678B)
#1241883 06.07.2026 18:42:56 : TRC MAPS : Triangulate size=12096
#1241884 06.07.2026 18:42:56 : EVT MAPS : Tile sz=10264, x17160, y11466, z15
#1241885 06.07.2026 18:42:56 : TRC MAPS : Req[0] result: Code=OK
#1241886 06.07.2026 18:42:56 : TRC MAPS : Req[0] handle: clientID=10, handle=2306591467933538704, 
#1241887 06.07.2026 18:42:56 : TRC MAPS : TilesChangedDpc fired
#1241888 06.07.2026 18:42:56 : TRC MAPS : requestMapTile: sending a req with id 0 to queue
#1241889 06.07.2026 18:42:56 : EVT MAPS : Req[0]:94ms dec:@31 conv:@71 x:17160 y:11466 z:15
#1241890 06.07.2026 18:42:56 : TRC MAPS : Wait for req
#1241891 06.07.2026 18:42:56 : TRC MAPS : Read an UI load req with id 0 from the queue
#1241892 06.07.2026 18:42:56 : TRC MAPS : Tile x17161 y11467 z15 requested
#1241893 06.07.2026 18:42:56 : TRC MAPS : Init stage
#1241894 06.07.2026 18:42:56 : TRC MAPS : DIR '0001'
#1241895 06.07.2026 18:42:56 : TRC MAPS : Read tile b:maps1/0001/f/4/6/2/p.smtf (@29886536 18795B)
#1241896 06.07.2026 18:42:56 : TRC MAPS : Triangulate size=32700
#1241897 06.07.2026 18:42:56 : EVT MAPS : Tile sz=28660, x17161, y11467, z15
#1241898 06.07.2026 18:42:56 : TRC MAPS : Req[0] result: Code=OK
#1241899 06.07.2026 18:42:56 : TRC MAPS : Req[0] handle: clientID=10, handle=2306591467933548980, 
#1241900 06.07.2026 18:42:56 : EVT MAPS : Req[0]:236ms dec:@41 conv:@179 x:17161 y:11467 z:15
#1241901 06.07.2026 18:42:56 : TRC MAPS : Wait for req
#1241902 06.07.2026 18:42:56 : TRC MAPS : TilesChangedDpc fired
#1241903 06.07.2026 18:42:56 : TRC MAPS : requestMapTile: sending a req with id 0 to queue
#1241904 06.07.2026 18:42:56 : TRC MAPS : Read an UI load req with id 0 from the queue
#1241905 06.07.2026 18:42:56 : TRC MAPS : Tile x17161 y11466 z15 requested
#1241906 06.07.2026 18:42:56 : TRC MAPS : Init stage
#1241907 06.07.2026 18:42:56 : TRC MAPS : DIR '0001'
#1241908 06.07.2026 18:42:56 : TRC MAPS : Read tile b:maps1/0001/f/4/6/2/p.smtf (@28485399 7548B)
#1241909 06.07.2026 18:42:56 : TRC MAPS : Triangulate size=10600
#1241910 06.07.2026 18:42:56 : EVT MAPS : Tile sz=9460, x17161, y11466, z15
#1241911 06.07.2026 18:42:56 : TRC MAPS : Req[0] result: Code=OK
#1241912 06.07.2026 18:42:56 : TRC MAPS : Req[0] handle: clientID=10, handle=2306591467933577652, 
#1241913 06.07.2026 18:42:56 : EVT MAPS : Req[0]:139ms dec:@74 conv:@107 x:17161 y:11466 z:15
#1241914 06.07.2026 18:42:56 : TRC MAPS : Wait for req
#1241915 06.07.2026 18:42:56 : TRC MAPS : TilesChangedDpc fired
#1241916 06.07.2026 18:42:57 : EVT GPS : LocationProviderImpl:sub Passive
#1241917 06.07.2026 18:42:57 : TRC GPS : Full GNSS data subd l:0 c:80160010
#1241918 06.07.2026 18:43:01 : TRC MAPS : Closed resource file handle on TO
#1241919 06.07.2026 18:43:03 : TRC MAPS : Maps closed
#1241920 06.07.2026 18:43:03 : TRC MAPS : Tile[0]: CLEAR_PENDING (x17160, y11467, z15)
#1241921 06.07.2026 18:43:03 : TRC MAPS : Tile[1]: CLEAR_PENDING (x17160, y11466, z15)
#1241922 06.07.2026 18:43:03 : TRC MAPS : Tile[2]: CLEAR_PENDING (x17161, y11467, z15)
#1241923 06.07.2026 18:43:03 : TRC MAPS : Tile[3]: CLEAR_PENDING (x17161, y11466, z15)
#1241924 06.07.2026 18:43:03 : TRC MAPS : Tile[4]: LEFTOVER (x17160, y11471, z15)
#1241925 06.07.2026 18:43:03 : TRC MAPS : Tile[5]: LEFTOVER (x17165, y11478, z15)
#1241926 06.07.2026 18:43:03 : TRC MAPS : Tile[6]: LEFTOVER (x17165, y11479, z15)
#1241927 06.07.2026 18:43:03 : TRC MAPS : Tile[7]: LEFTOVER (x17166, y11478, z15)
#1241928 06.07.2026 18:43:03 : TRC MAPS : Tile[8]: LEFTOVER (x17166, y11479, z15)
#1241929 06.07.2026 18:43:03 : TRC MAPS : Tile[9]: FREE (x0, y0, z0)
#1241930 06.07.2026 18:45:03 : TRC MAPS : Disabled map tile cache on TO
#1241931 06.07.2026 18:49:14 : EVT LOGGER : LGR 934, 80
#1241932 06.07.2026 18:49:17 : WRN WBAPI : eID-691468(277): /Dive/Alarms/Acknowledge 404
#1241933 06.07.2026 18:49:17 : WRN WBAPI : eID-691468(277): /Dive/DiveGases 404
#1241934 06.07.2026 18:49:17 : WRN WBAPI : eID-691468(277): /Dive/Gauge/Next 404
#1241935 06.07.2026 18:49:20 : EVT LOGGER : LGR 934, 80
#1241936 06.07.2026 18:49:20 : WRN WBAPI : eID-691468(277): /Dive/Alarms/Acknowledge 404
#1241937 06.07.2026 18:49:20 : WRN WBAPI : eID-691468(277): /Dive/DiveGases 404
#1241938 06.07.2026 18:49:20 : WRN WBAPI : eID-691468(277): /Dive/Gauge/Next 404
#1241939 06.07.2026 18:50:00 : ERR WBMAIN : *0: app 625 Event 24 80892700
#1241940 06.07.2026 18:50:00 : ERR WBMAIN : 1: mea 0 Event 3 80891701
#1241941 06.07.2026 18:50:00 : ERR WBMAIN : 2: ui 53 Wait 0 00000000
#1241942 06.07.2026 18:52:04 : TRC APPLICATION : Notification n-act-e-tdy not allowed (5 < 150)
#1241943 06.07.2026 18:55:01 : TRC FUEL_GAUGE : batFgLevel cur:98%, prev:99%
#1241944 06.07.2026 18:56:09 : EVT LOGGER : LGR 934, 80
#1241945 06.07.2026 18:56:10 : WRN WBAPI : eID-691468(277): /Dive/Alarms/Acknowledge 404
#1241946 06.07.2026 18:56:10 : WRN WBAPI : eID-691468(277): /Dive/DiveGases 404
#1241947 06.07.2026 18:56:10 : WRN WBAPI : eID-691468(277): /Dive/Gauge/Next 404
#1241948 06.07.2026 18:56:13 : EVT LOGGER : LGR 934, 80
#1241949 06.07.2026 18:56:13 : WRN WBAPI : eID-691468(277): /Dive/Alarms/Acknowledge 404
#1241950 06.07.2026 18:56:13 : WRN WBAPI : eID-691468(277): /Dive/DiveGases 404
#1241951 06.07.2026 18:56:13 : WRN WBAPI : eID-691468(277): /Dive/Gauge/Next 404
#1241952 06.07.2026 19:00:01 : ERR WBMAIN : *0: app 1316 Event 24 80892700
#1241953 06.07.2026 19:00:01 : ERR WBMAIN : 1: mea 0 Event 3 80891701
#1241954 06.07.2026 19:00:01 : ERR WBMAIN : 2: ui 40 Wait 0 00000000
#1241955 06.07.2026 19:00:01 : EVT <Unknown> : pwr daily,ontime:19
#1241956 06.07.2026 19:00:01 : EVT WEATHER : t:495376, d:1
#1241957 06.07.2026 19:03:33 : EVT LOGGER : LGR 934, 80
#1241958 06.07.2026 19:03:35 : WRN WBAPI : eID-691468(277): /Dive/Alarms/Acknowledge 404
#1241959 06.07.2026 19:03:35 : WRN WBAPI : eID-691468(277): /Dive/DiveGases 404
#1241960 06.07.2026 19:03:35 : WRN WBAPI : eID-691468(277): /Dive/Gauge/Next 404
#1241961 06.07.2026 19:04:06 : EVT LOGGER : LGR 934, 80
#1241962 06.07.2026 19:04:06 : WRN WBAPI : eID-691468(277): /Dive/Alarms/Acknowledge 404
#1241963 06.07.2026 19:04:06 : WRN WBAPI : eID-691468(277): /Dive/DiveGases 404
#1241964 06.07.2026 19:04:06 : WRN WBAPI : eID-691468(277): /Dive/Gauge/Next 404
#1241965 06.07.2026 19:06:06 : EVT LOGGER : LGR 934, 80
#1241966 06.07.2026 19:06:08 : WRN WBAPI : eID-691468(277): /Dive/Alarms/Acknowledge 404
#1241967 06.07.2026 19:06:08 : WRN WBAPI : eID-691468(277): /Dive/DiveGases 404
#1241968 06.07.2026 19:06:08 : WRN WBAPI : eID-691468(277): /Dive/Gauge/Next 404
#1241969 06.07.2026 19:06:09 : EVT LOGGER : LGR 934, 80
#1241970 06.07.2026 19:06:10 : WRN WBAPI : eID-691468(277): /Dive/Alarms/Acknowledge 404
#1241971 06.07.2026 19:06:10 : WRN WBAPI : eID-691468(277): /Dive/DiveGases 404
#1241972 06.07.2026 19:06:10 : WRN WBAPI : eID-691468(277): /Dive/Gauge/Next 404
#1241973 06.07.2026 19:07:14 : TRC APPLICATION : Notification n-act-e-tdy not allowed (5 < 150)
#1241974 06.07.2026 19:08:01 : EVT FILESYSTEM : maxfh:5 5df4 2 b:/syslogs/seq.txt
#1241975 06.07.2026 19:09:53 : TRC FUEL_GAUGE : Batt: 4409 mV (raw: 4410) soc: 98 %, T: 31.4 C,H:104
#1241976 06.07.2026 19:10:01 : ERR WBMAIN : *0: app 996 Event 24 80892700
#1241977 06.07.2026 19:10:01 : ERR WBMAIN : 1: mea 25 DPC 0 00574f4f
#1241978 06.07.2026 19:10:01 : ERR WBMAIN : 2: ui 19 Wait 0 00000000
#1241979 06.07.2026 19:11:44 : EVT LOGGER : LGR 934, 80
#1241980 06.07.2026 19:11:46 : WRN WBAPI : eID-691468(277): /Dive/Alarms/Acknowledge 404
#1241981 06.07.2026 19:11:46 : WRN WBAPI : eID-691468(277): /Dive/DiveGases 404
#1241982 06.07.2026 19:11:46 : WRN WBAPI : eID-691468(277): /Dive/Gauge/Next 404
#1241983 06.07.2026 19:11:50 : EVT LOGGER : LGR 934, 80
#1241984 06.07.2026 19:11:50 : WRN WBAPI : eID-691468(277): /Dive/Alarms/Acknowledge 404
#1241985 06.07.2026 19:11:50 : WRN WBAPI : eID-691468(277): /Dive/DiveGases 404
#1241986 06.07.2026 19:11:50 : WRN WBAPI : eID-691468(277): /Dive/Gauge/Next 404
#1241987 06.07.2026 19:12:41 : EVT BLE : ANCS #1639609458 S02 C6 f02 t1783365162 s35
#1241988 06.07.2026 19:14:29 : EVT LOGGER : LGR 934, 80
#1241989 06.07.2026 19:14:30 : WRN WBAPI : eID-691468(277): /Dive/Alarms/Acknowledge 404
#1241990 06.07.2026 19:14:30 : WRN WBAPI : eID-691468(277): /Dive/DiveGases 404
#1241991 06.07.2026 19:14:30 : WRN WBAPI : eID-691468(277): /Dive/Gauge/Next 404
#1241992 06.07.2026 19:14:35 : EVT LOGGER : LGR 934, 80
#1241993 06.07.2026 19:14:35 : WRN WBAPI : eID-691468(277): /Dive/Alarms/Acknowledge 404
#1241994 06.07.2026 19:14:35 : WRN WBAPI : eID-691468(277): /Dive/DiveGases 404
#1241995 06.07.2026 19:14:35 : WRN WBAPI : eID-691468(277): /Dive/Gauge/Next 404
#1241996 06.07.2026 19:18:02 : TRC APPLICATION : Removing: b:/syslogs/systemevent_1204408.log
#1241997 06.07.2026 19:18:25 : EVT LOGGER : LGR 934, 80
#1241998 06.07.2026 19:18:27 : WRN WBAPI : eID-691468(277): /Dive/Alarms/Acknowledge 404
#1241999 06.07.2026 19:18:27 : WRN WBAPI : eID-691468(277): /Dive/DiveGases 404
#1242000 06.07.2026 19:18:27 : WRN WBAPI : eID-691468(277): /Dive/Gauge/Next 404
#1242001 06.07.2026 19:18:32 : WRN WBAPI : eID-691468(277): /Dive/Alarms/Acknowledge 404
#1242002 06.07.2026 19:18:32 : WRN WBAPI : eID-691468(277): /Dive/DiveGases 404
#1242003 06.07.2026 19:18:32 : WRN WBAPI : eID-691468(277): /Dive/Gauge/Next 404
#1242004 06.07.2026 19:18:32 : EVT LOGGER : Exercise paused
#1242005 06.07.2026 19:18:54 : EVT APPLICATION : Zapp climbl01:Disable
#1242006 06.07.2026 19:18:54 : EVT UI_FRAMEWORK : evalFile: b:/zapp/climbl01.fea/ext11.js from ui
#1242007 06.07.2026 19:18:55 : EVT ANALYTICS : Zapp disabled i:5 h:a5e7afa5 n:Climb Log
#1242008 06.07.2026 19:18:55 : EVT APPLICATION : Zapp zzmoveen:Disable
#1242009 06.07.2026 19:18:55 : EVT ANALYTICS : Zapp disabled i:6 h:7aac0887 n:Movement
#1242010 06.07.2026 19:18:55 : EVT UI_FRAMEWORK : evalFile: b:/zapp/zzmoveen.fea/ext2.js from ui
#1242011 06.07.2026 19:18:55 : EVT APPLICATION : Zapp zzwethen:Disable
#1242012 06.07.2026 19:18:55 : EVT ANALYTICS : Zapp disabled i:8 h:3f77f8ec n:Weather
#1242013 06.07.2026 19:18:55 : EVT UI_FRAMEWORK : JS discard disable zapps
#1242014 06.07.2026 19:18:55 : EVT UI_FRAMEWORK : JS will discard
#1242015 06.07.2026 19:18:55 : EVT SPEEDFUSION : INFO # stop speed fusion
#1242016 06.07.2026 19:18:55 : EVT SPEEDFUSION : INFO # GPS changed from:1, to:0
#1242017 06.07.2026 19:18:55 : TRC GPS : Unsubd c:803d0010
#1242018 06.07.2026 19:18:55 : EVT <Unknown> : Update pres sampl intrvl:5
#1242019 06.07.2026 19:18:55 : WRN APPLICATION : discard hrr meas l:3 d:0 sh:104 mh:104 v:0
#1242020 06.07.2026 19:18:55 : EVT EXTRAM : Deinit extram 3
#1242021 06.07.2026 19:18:55 : WRN WBAPI : eID-698eec(583/65535): 404
#1242022 06.07.2026 19:18:55 : EVT GPS : LocationProviderImpl:sub Best
#1242023 06.07.2026 19:18:55 : TRC GPS : Full GNSS data subd l:15 c:80160010
#1242024 06.07.2026 19:18:55 : EVT TRAININGZONE : User Define Mode:5
#1242025 06.07.2026 19:18:55 : EVT TRAININGZONE : Tss HR:42.69
#1242026 06.07.2026 19:18:55 : EVT TRAININGZONE : A:105,Tss:[0.00,-200.00,-200.00,42.69]
#1242027 06.07.2026 19:18:55 : EVT ANALYTICS : WAOae:Activity WAOae:105
#1242028 06.07.2026 19:18:55 : EVT ANALYTICS : WAOae:TotalAcc WAOae:0,0,0
#1242029 06.07.2026 19:18:55 : EVT ANALYTICS : WAOae:AccCount WAOae:0,0,0
#1242030 06.07.2026 19:18:55 : EVT ANALYTICS : WAOae:Distance WAOae:0,0,0
#1242031 06.07.2026 19:18:55 : EVT ANALYTICS : WAOae:Duration WAOae:0,0,0
#1242032 06.07.2026 19:18:55 : EVT ANALYTICS : WAOae:Coeff WAOae:0,40,122,272,773,7524,7624
#1242033 06.07.2026 19:18:55 : EVT LOGGER : Exercise stopped
#1242034 06.07.2026 19:18:55 : EVT BLE : HR RR off (13900791, 5288 ms missing)
#1242035 06.07.2026 19:18:55 : EVT LOGGER : HrIbiLogger stop, wait (4097745 ms)
#1242036 06.07.2026 19:18:55 : TRC GPS : Unsubd c:802b0000
#1242037 06.07.2026 19:18:55 : TRC GPS : GnssServiceLevel Change: Should not be here 4
#1242038 06.07.2026 19:18:55 : EVT ANALYTICS : SleepQ:Tracking:On
#1242039 06.07.2026 19:18:56 : EVT BLE : HR RR done
#1242040 06.07.2026 19:18:56 : EVT TRAININGLAB : AppFeature Vo2Max 0.000000
#1242041 06.07.2026 19:18:56 : EVT TRAININGLAB : TLab:~Mode T 16821 + 3798 A 4070 + 2890
#1242042 06.07.2026 19:18:56 : EVT TRAININGLAB : TLab:Change mode 3->2
#1242043 06.07.2026 19:18:56 : EVT TRAININGLAB : TLab:Mode::userInfo 60, 200, 1, 37, 182, 950, 1990
#1242044 06.07.2026 19:18:56 : EVT LOGGER : LGR 934, 80
#1242045 06.07.2026 19:18:56 : EVT TRAININGLAB : ModeUnsub:91C5
#1242046 06.07.2026 19:18:56 : EVT TRAININGLAB : ModeSub:0400
#1242047 06.07.2026 19:18:56 : TRC BLE : HR belt fast conn
#1242048 06.07.2026 19:18:56 : EVT LOGGER : HrIbiLogger stopped (4103033 ms)
#1242049 06.07.2026 19:18:56 : EVT LOGGER : LGR 934, 80
#1242050 06.07.2026 19:18:56 : EVT LOGGER : LGR 934, 80
#1242051 06.07.2026 19:18:56 : EVT LOGGER : Wr dpc on
#1242052 06.07.2026 19:18:56 : EVT LOGGER : LGR 20993, 56
#1242053 06.07.2026 19:18:56 : EVT BLE : Disconn sensor:3
#1242054 06.07.2026 19:18:56 : EVT BLE : BLE Sensor Link 42001816 Disc (--E-:00:0)
#1242055 06.07.2026 19:18:56 : ERR BLE : [AURA]Filter with handle 66 not found
#1242056 06.07.2026 19:18:57 : EVT BLE : Disconn sensor:1
#1242057 06.07.2026 19:18:57 : EVT BLE : BLE Sensor Link 4800180D Disc (L-E-:25:0)
#1242058 06.07.2026 19:18:57 : WRN BLE : sendDisconnect 6157
#1242059 06.07.2026 19:18:57 : EVT ANALYTICS : #powersave mode:p temp:31.2
#1242060 06.07.2026 19:18:57 : EVT ANALYTICS : Battery-> 4 soc:98
#1242061 06.07.2026 19:18:57 : ERR BLE : [AURA]Filter with handle 72 not found
#1242062 06.07.2026 19:18:57 : TRC BLE : SVC H/180D disabled
#1242063 06.07.2026 19:18:57 : TRC BLE : SVC H/F200 disabled
#1242064 06.07.2026 19:18:57 : EVT BLE : DEV H disconnected
#1242065 06.07.2026 19:18:57 : EVT WBSTORAGE : CACHE_DEFRAG (552->816, 24->24, 25)
#1242066 06.07.2026 19:18:57 : EVT BLE : report state:13903205
#1242067 06.07.2026 19:18:59 : EVT UI_FRAMEWORK : JS feeling vs idle 1
#1242068 06.07.2026 19:19:00 : EVT WBSTORAGE : CACHE_DEFRAG (744->752, 24->24, 25)
#1242069 06.07.2026 19:19:00 : EVT UI_FRAMEWORK : JS feeling open ex-saving
#1242070 06.07.2026 19:19:01 : TRC NAVIGATION : CG: no climb WP
#1242071 06.07.2026 19:19:01 : TRC NAVIGATION : CG:init ZoomType=0
#1242072 06.07.2026 19:19:01 : EVT NAVIGATION : initSeg Idx=0 D=1 T=0 3-0-4
#1242073 06.07.2026 19:19:01 : EVT WBSTORAGE : CACHE_DEFRAG (512->1024, 24->24, 25)
#1242074 06.07.2026 19:19:01 : EVT SPEEDFUSION : INFO # IDLE mode(-1) set
#1242075 06.07.2026 19:19:01 : EVT ALTIFUSION : AltiBaroMode:2
#1242076 06.07.2026 19:19:01 : EVT ALTIFUSION : Init AltiBaro
#1242077 06.07.2026 19:19:01 : EVT GPS : AltitudeService:unsub
#1242078 06.07.2026 19:19:01 : TRC GPS : Unsubd c:80420010
#1242079 06.07.2026 19:19:01 : ERR WBMAIN : *0: app 1361 Event 37 8099031c
#1242080 06.07.2026 19:19:01 : ERR WBMAIN : 1: mea 0 Wait 0 00000000
#1242081 06.07.2026 19:19:01 : ERR WBMAIN : 2: ui 5 Wait 0 00000000
#1242082 06.07.2026 19:19:01 : EVT GPS : LocationProviderImpl:sub Passive
#1242083 06.07.2026 19:19:01 : TRC GPS : Full GNSS data subd l:0 c:80160010
#1242084 06.07.2026 19:19:01 : TRC GPS : GnssServiceLevel::PASSIVE
#1242085 06.07.2026 19:19:01 : TRC GPS : @GSTP
#1242086 06.07.2026 19:19:01 : EVT OHR : S:start 0x2123
#1242087 06.07.2026 19:19:02 : EVT <Unknown> : 1783358341555:Meas start 0x2123
#1242088 06.07.2026 19:19:02 : EVT <Unknown> : 1783358341556:xiaomi reset t:4142096527/25725128.
#1242089 06.07.2026 19:19:02 : TRC GPS : @BUP
#1242090 06.07.2026 19:19:04 : TRC GPS : Done:BUP
#1242091 06.07.2026 19:19:04 : TRC GPS : Power disabled
#1242092 06.07.2026 19:19:04 : EVT ANALYTICS : Duration ExSaving:4147
#1242093 06.07.2026 19:19:05 : EVT ANALYTICS : Duration ExSumBroker:738
#1242094 06.07.2026 19:19:05 : ERR <Unknown> : 1783358344775:Mi invalid call:100,code:0.
#1242095 06.07.2026 19:19:06 : EVT OHR : No HR update, invalidate by timer
#1242096 06.07.2026 19:19:07 : EVT WBSTORAGE : CACHE_DEFRAG (1000->1008, 24->24, 25)
#1242097 06.07.2026 19:19:09 : EVT ANALYTICS : Weather sync ok d:3600 f:0
#1242098 06.07.2026 19:19:09 : EVT WBSTORAGE : CACHE_DEFRAG (952->960, 24->24, 25)
#1242099 06.07.2026 19:19:09 : EVT ANALYTICS : synced city:Eglisau
#1242100 06.07.2026 19:19:09 : EVT GPS : Last known coordinate:lat:475783102, lon:85227522
#1242101 06.07.2026 19:19:19 : EVT OHR : new HR update
#1242102 06.07.2026 19:19:25 : EVT APPLICATION : Zapp zwc05901:Load script
#1242103 06.07.2026 19:19:25 : EVT APPLICATION : Zapp zwc05901:Enable
#1242104 06.07.2026 19:19:25 : EVT ANALYTICS : Zapp enabled i:3 h:ddb248f2 n:zwc05901 v:124f
#1242105 06.07.2026 19:19:25 : WRN WBAPI : eID-691468(277): /Weather/Current/ValidWeatherData.temp 
#1242106 06.07.2026 19:19:26 : EVT TRAININGZONE : Update TSS:42.69
#1242107 06.07.2026 19:19:26 : EVT WBSTORAGE : CACHE_DEFRAG (896->904, 24->24, 25)
#1242108 06.07.2026 19:19:26 : WRN WBAPI : eID-691468(277): /Weather/Current/ValidWeatherData.temp 
#1242109 06.07.2026 19:19:26 : EVT ANALYTICS : Sync start
#1242110 06.07.2026 19:19:27 : EVT ANALYTICS : Sync start
#1242111 06.07.2026 19:19:27 : EVT ANALYTICS : #sf R:5 A:Xiamen-fw_2.53.42.29545-V-8b67dbcf
#1242112 06.07.2026 19:19:29 : ERR WBMAIN : 0: app 541 Wait 0 00000000
#1242113 06.07.2026 19:19:29 : ERR WBMAIN : 1: mea 92 Wait 0 00000000
#1242114 06.07.2026 19:19:29 : ERR WBMAIN : 2: ui 78 Wait 0 00000000
#1242115 06.07.2026 19:19:40 : EVT <Unknown> : 1783358380002:SCD DET STATE ON.
#1242116 06.07.2026 19:19:45 : EVT ANALYTICS : #sf R:5 A:Xiamen-fw_2.53.42.29545-V-8b67dbcf
#1242117 06.07.2026 19:19:46 : EVT WBSTORAGE : CACHE_DEFRAG (776->784, 24->24, 25)
#1242118 06.07.2026 19:19:46 : EVT WBSTORAGE : CACHE_DEFRAG (544->552, 24->24, 25)
#1242119 06.07.2026 19:19:46 : EVT WBSTORAGE : CACHE_DEFRAG (536->552, 24->24, 25)
#1242120 06.07.2026 19:19:47 : EVT ANALYTICS : #sf R:5 A:Xiamen-fw_2.53.42.29545-V-8b67dbcf
#1242121 06.07.2026 19:19:51 : EVT ANALYTICS : #sf R:5 A:Xiamen-fw_2.53.42.29545-V-8b67dbcf
#1242122 06.07.2026 19:20:01 : ERR WBMAIN : *0: app 1276 Event 24 80892700
#1242123 06.07.2026 19:20:01 : ERR WBMAIN : 1: mea 1 Event 3 80891701
#1242124 06.07.2026 19:20:01 : ERR WBMAIN : 2: ui 73 Wait 0 00000000
#1242125 06.07.2026 19:20:01 : ERR WBMAIN : *0: app 540 Event 3 80653203
#1242126 06.07.2026 19:20:01 : ERR WBMAIN : 1: mea 26 Wait 0 00000000
#1242127 06.07.2026 19:20:01 : ERR WBMAIN : 2: ui 21 Wait 0 00000000
#1242128 06.07.2026 19:23:00 : EVT TRAININGLAB : Notify sent:Daily energy target reached
#1242129 06.07.2026 19:24:36 : EVT <Unknown> : 1783358676144:Off Skin Set.
#1242130 06.07.2026 19:24:36 : EVT <Unknown> : 1783358676520:On Skin Set.
#1242131 06.07.2026 19:24:37 : EVT <Unknown> : 1783358676965:Off Skin Set.
#1242132 06.07.2026 19:24:39 : EVT PMIC : VBUS state is ON
#1242133 06.07.2026 19:24:39 : EVT PMIC : chgCntl1:0x70
#1242134 06.07.2026 19:24:39 : EVT PMIC : check chgCntl1:0x74
#1242135 06.07.2026 19:24:39 : EVT PMIC : Turn charge ON since VBUS->ON
#1242136 06.07.2026 19:24:39 : EVT PMIC : PMIC temp zone:0x2
#1242137 06.07.2026 19:24:39 : EVT PMIC : PMIC Fast-charge constant cur
#1242138 06.07.2026 19:24:39 : EVT OHR : VBUS on
#1242139 06.07.2026 19:24:39 : EVT OHR : S:stop 23
#1242140 06.07.2026 19:24:39 : EVT <Unknown> : 1783358679502:Meas stop 0x2123
#1242141 06.07.2026 19:24:39 : EVT PMIC : PMIC Fast-charge constant voltage
#1242142 06.07.2026 19:24:39 : WRN <Unknown> : 1783358679502:FSM EVT STOP.
#1242143 06.07.2026 19:24:39 : EVT OHR : S:OFF 1->0
#1242144 06.07.2026 19:24:39 : EVT PMIC : VBUS state is ON
#1242145 06.07.2026 19:24:39 : EVT PMIC : PMIC temp zone:0x7
#1242146 06.07.2026 19:24:40 : EVT PMIC : VBUS state is OFF
#1242147 06.07.2026 19:24:40 : EVT PMIC : Turn charge OFF since VBUS->OFF
#1242148 06.07.2026 19:24:40 : EVT OHR : VBUS off
#1242149 06.07.2026 19:24:40 : EVT OHR : S:ON 0->1
#1242150 06.07.2026 19:24:40 : ERR TOUCH : touch i2c don't init
#1242151 06.07.2026 19:24:40 : EVT OHR : APPINIT:caps 0x1f4, 6b738616
#1242152 06.07.2026 19:24:40 : EVT <Unknown> : 1783358680394:AI@1783358680370, tz120
#1242153 06.07.2026 19:24:40 : EVT OHR : S:start 0x2123
#1242154 06.07.2026 19:24:40 : EVT <Unknown> : 1783358680400:Meas start 0x2123
#1242155 06.07.2026 19:24:40 : EVT <Unknown> : 1783358680410:PD1464, 0
#1242156 06.07.2026 19:24:40 : EVT <Unknown> : 1783358680474:GMV 20251126/1/4/0/395/46
#1242157 06.07.2026 19:24:40 : EVT <Unknown> : 1783358680728:Mi1.6.10, auth 0, hr_mode 0
#1242158 06.07.2026 19:24:41 : EVT OHR : No HR update, invalidate by timer
#1242159 06.07.2026 19:24:43 : EVT <Unknown> : 1783358682653:On Skin Set.
#1242160 06.07.2026 19:24:43 : EVT <Unknown> : 1783358683045:Off Skin Set.
#1242161 06.07.2026 19:24:45 : EVT <Unknown> : 1783358685297:On Skin Set.
#1242162 06.07.2026 19:24:49 : ERR <Unknown> : 1783358689331:Mi invalid call:100,code:0.
#1242163 06.07.2026 19:24:49 : TRC NAVIGATION : CG: no climb WP
#1242164 06.07.2026 19:24:49 : TRC NAVIGATION : CG:init ZoomType=0
#1242165 06.07.2026 19:24:49 : EVT NAVIGATION : initSeg Idx=0 D=1 T=0 3-0-4
#1242166 06.07.2026 19:24:49 : EVT WBSTORAGE : CACHE_DEFRAG (504->944, 24->24, 25)
#1242167 06.07.2026 19:24:49 : EVT ALTIFUSION : AltiBaroMode:0
#1242168 06.07.2026 19:24:49 : EVT ALTIFUSION : Init AltiBaro
#1242169 06.07.2026 19:24:49 : EVT APPLICATION : Zapp zwc05901:Disable
#1242170 06.07.2026 19:24:49 : EVT ANALYTICS : Zapp disabled i:3 h:ddb248f2 n:Vector classic
#1242171 06.07.2026 19:24:49 : EVT ANALYTICS : SleepQ:Tracking:On
#1242172 06.07.2026 19:24:49 : EVT ALTIFUSION : AltiBaroMode:0
#1242173 06.07.2026 19:24:49 : EVT ALTIFUSION : Init AltiBaro
#1242174 06.07.2026 19:24:49 : EVT WBSTORAGE : CACHE_DEFRAG (920->928, 24->24, 25)
#1242175 06.07.2026 19:24:49 : EVT UI_FRAMEWORK : JS nsto enable zapp: zzwethen
#1242176 06.07.2026 19:24:49 : EVT UI_FRAMEWORK : JS nsto enable zapp: zzmoveen
#1242177 06.07.2026 19:24:49 : EVT UI_FRAMEWORK : JS nsto enable zapp: climbl01
#1242178 06.07.2026 19:24:49 : EVT APPLICATION : Zapp zzwethen:Load script
#1242179 06.07.2026 19:24:50 : EVT APPLICATION : Zapp zzwethen:Enable
#1242180 06.07.2026 19:24:50 : EVT ANALYTICS : Zapp enabled i:8 h:3f77f8ec n:zzwethen v:ade
#1242181 06.07.2026 19:24:50 : EVT APPLICATION : Zapp clid:32878
#1242182 06.07.2026 19:24:50 : EVT APPLICATION : Zapp zzmoveen:Load script
#1242183 06.07.2026 19:24:50 : EVT APPLICATION : Zapp zzmoveen:Enable
#1242184 06.07.2026 19:24:50 : EVT ANALYTICS : Zapp enabled i:6 h:7aac0887 n:zzmoveen v:8e0
#1242185 06.07.2026 19:24:50 : EVT UI_FRAMEWORK : evalFile: b:/zapp/zzmoveen.fea/ext1.js from ui
#1242186 06.07.2026 19:24:50 : EVT APPLICATION : Zapp clid:32879
#1242187 06.07.2026 19:24:50 : EVT APPLICATION : Zapp climbl01:Load script
#1242188 06.07.2026 19:24:50 : EVT APPLICATION : Zapp climbl01:Enable
#1242189 06.07.2026 19:24:50 : EVT ANALYTICS : Zapp enabled i:5 h:a5e7afa5 n:climbl01 v:3.0
#1242190 06.07.2026 19:24:50 : EVT APPLICATION : Zapp clid:32880
#1242191 06.07.2026 19:24:50 : EVT UI_FRAMEWORK : JS nsto all zapps enabled.
#1242192 06.07.2026 19:24:50 : ERR WBMAIN : *0: app 587 Event 37 80995318
#1242193 06.07.2026 19:24:50 : ERR WBMAIN : 1: mea 20 Wait 0 00000000
#1242194 06.07.2026 19:24:50 : ERR WBMAIN : 2: ui 25 Wait 0 00000000
#1242195 06.07.2026 19:24:50 : EVT UI_FRAMEWORK : JS Prestart Activity Id: 16.000
#1242196 06.07.2026 19:24:50 : WRN WBAPI : eID-691468(277): /Dive/Alarms/Acknowledge 404
#1242197 06.07.2026 19:24:50 : WRN WBAPI : eID-691468(277): /Dive/DiveGases 404
#1242198 06.07.2026 19:24:50 : WRN WBAPI : eID-691468(277): /Dive/Gauge/Next 404
#1242199 06.07.2026 19:24:50 : EVT WBSTORAGE : CACHE_DEFRAG (880->888, 24->24, 25)
#1242200 06.07.2026 19:24:51 : EVT WBSTORAGE : CACHE_DEFRAG (816->824, 24->24, 25)
#1242201 06.07.2026 19:24:51 : EVT WBSTORAGE : CACHE_DEFRAG (752->760, 24->24, 25)
#1242202 06.07.2026 19:24:51 : EVT BLE : BLE Sensor Link 4800180D Conn (--E-:00:1)
#1242203 06.07.2026 19:24:51 : WRN BLE : sendConnect 6157
#1242204 06.07.2026 19:24:51 : EVT GPS : LocationProviderImpl:sub Best
#1242205 06.07.2026 19:24:51 : TRC GPS : Full GNSS data subd l:15 c:80160010
#1242206 06.07.2026 19:24:51 : WRN WBAPI : eID-691468(277): /Dive/TankPressure/Alarm/Count 404
#1242207 06.07.2026 19:24:51 : EVT SPEEDFUSION : INFO # start speed fusion
#1242208 06.07.2026 19:24:51 : EVT SPEEDFUSION : Act:16,Acc:0,BPod:0,FPod:0,PPod:0,BeltPod:1
#1242209 06.07.2026 19:24:51 : EVT SPEEDFUSION : INFO # Start algo without wrist acc
#1242210 06.07.2026 19:24:51 : EVT <Unknown> : Update pres sampl intrvl:1
#1242211 06.07.2026 19:24:51 : TRC GPS : Power enabled
#1242212 06.07.2026 19:24:51 : EVT OHR : S:start 0x21a3
#1242213 06.07.2026 19:24:51 : EVT UI_FRAMEWORK : evalFile: b:/zapp/climbl01.fea/ext12.js from ui
#1242214 06.07.2026 19:24:52 : EVT <Unknown> : 1783358691738:Meas start 0x21a3
#1242215 06.07.2026 19:24:52 : EVT BLE : DEV H connected
#1242216 06.07.2026 19:24:52 : EVT WBSTORAGE : CACHE_DEFRAG (672->704, 24->24, 25)
#1242217 06.07.2026 19:24:52 : TRC BLE : SVC H/F200 enabled
#1242218 06.07.2026 19:24:52 : EVT WBSTORAGE : CACHE_DEFRAG (632->640, 24->24, 25)
#1242219 06.07.2026 19:24:52 : TRC BLE : SVC H/180D enabled
#1242220 06.07.2026 19:24:52 : TRC BLE : HR connected (0 ms missing)
#1242221 06.07.2026 19:24:52 : EVT BLE : HR BlueBelt 2550100113 (1.1.0/F2. )
#1242222 06.07.2026 19:24:53 : EVT BLE : report state:14258508
#1242223 06.07.2026 19:24:53 : TRC GPS : Stat report:1
#1242224 06.07.2026 19:24:53 : TRC GPS : @GTIM 2026 7 6 17 24 53
#1242225 06.07.2026 19:24:53 : EVT ANALYTICS : #FusHr src:1 time:0
#1242226 06.07.2026 19:24:53 : EVT BLE : HR RR done
#1242227 06.07.2026 19:24:53 : EVT OHR : S:start 0x20
#1242228 06.07.2026 19:24:53 : TRC BLE : HR belt slow conn
#1242229 06.07.2026 19:24:53 : TRC GPS : Done:GTI
#1242230 06.07.2026 19:24:53 : TRC GPS : GNS setting 0x1fcb
#1242231 06.07.2026 19:24:53 : TRC GPS : @GSR
#1242232 06.07.2026 19:24:53 : EVT BLE : type 1 is conn, set
#1242233 06.07.2026 19:24:53 : EVT ANALYTICS : #FusHr src:1 time:0
#1242234 06.07.2026 19:24:53 : WRN WBAPI : eID-691468(277): /Dive/Alarms/Acknowledge 404
#1242235 06.07.2026 19:24:53 : WRN WBAPI : eID-691468(277): /Dive/DiveGases 404
#1242236 06.07.2026 19:24:53 : EVT GPS : LocationProviderImpl:sub Passive
#1242237 06.07.2026 19:24:53 : TRC GPS : Full GNSS data subd l:0 c:80160010
#1242238 06.07.2026 19:24:53 : WRN WBAPI : eID-691468(277): /Dive/Gauge/Next 404
#1242239 06.07.2026 19:24:54 : EVT TRAININGLAB : TLab:~Mode T 20619 + 99 A 6960 + 20
#1242240 06.07.2026 19:24:54 : EVT TRAININGLAB : TLab:Change mode 2->3
#1242241 06.07.2026 19:24:54 : EVT TRAININGLAB : TLab:Mode::userInfo 60, 200, 1, 37, 182, 950, 1990
#1242242 06.07.2026 19:24:54 : EVT LOGGER : Log space:30644552 bytes free
#1242243 06.07.2026 19:24:54 : TRC GPS : Done:GSR
#1242244 06.07.2026 19:24:54 : TRC GPS : GnssServiceLevel::PASSIVE
#1242245 06.07.2026 19:24:54 : TRC GPS : @GSTP
#1242246 06.07.2026 19:24:54 : EVT <Unknown> : 1783358693580:Meas start 0x20
#1242247 06.07.2026 19:24:54 : EVT TRAININGLAB : ModeUnsub:2800
#1242248 06.07.2026 19:24:54 : EVT TRAININGLAB : ModeSub:9004
#1242249 06.07.2026 19:24:54 : EVT TRAININGLAB : TLab:Select input 0
#1242250 06.07.2026 19:24:54 : EVT TRAININGLAB : Tlab:HR src is 1
#1242251 06.07.2026 19:24:54 : EVT TRAININGLAB : TLab:Active input 0
#1242252 06.07.2026 19:24:54 : EVT LOGGER : Exercise started
#1242253 06.07.2026 19:24:54 : EVT BLE : HR RR on (14260091)
#1242254 06.07.2026 19:24:54 : TRC GPS : Full GNSS data subd l:0 c:802b0000
#1242255 06.07.2026 19:24:54 : ERR WBMAIN : *0: app 727 Event 37 8099031a
#1242256 06.07.2026 19:24:54 : ERR WBMAIN : 1: mea 0 Wait 0 00000000
#1242257 06.07.2026 19:24:54 : ERR WBMAIN : 2: ui 4 Event 24 80546f03
#1242258 06.07.2026 19:24:55 : TRC BLE : HR belt fast conn
#1242259 06.07.2026 19:24:56 : TRC GPS : @BUP
#1242260 06.07.2026 19:24:56 : EVT ANALYTICS : Battery-> 3 soc:98
#1242261 06.07.2026 19:24:56 : EVT ANALYTICS : #FusHr src:1 time:0
#1242262 06.07.2026 19:24:56 : EVT ANALYTICS : #Act id:16
#1242263 06.07.2026 19:24:56 : EVT ANALYTICS : #powersave mode:p temp:31.9
#1242264 06.07.2026 19:24:56 : EVT ANALYTICS : GPSMODE:NOTUSED
#1242265 06.07.2026 19:24:56 : EVT ANALYTICS : #gnss d:2026-07-06T00:00:00Z
#1242266 06.07.2026 19:24:56 : EVT ANALYTICS : #zapp n:Weather e:1
#1242267 06.07.2026 19:24:56 : EVT ANALYTICS : #zapp n:Movement e:1
#1242268 06.07.2026 19:24:56 : EVT ANALYTICS : #zapp n:Climb Log e:1
#1242269 06.07.2026 19:24:57 : TRC GPS : Done:BUP
#1242270 06.07.2026 19:24:57 : TRC GPS : Power disabled
#1242271 06.07.2026 19:24:58 : WRN WBAPI : eID-691468(277): /Dive/Alarms/Acknowledge 404
#1242272 06.07.2026 19:24:58 : WRN WBAPI : eID-691468(277): /Dive/DiveGases 404
#1242273 06.07.2026 19:24:58 : WRN WBAPI : eID-691468(277): /Dive/Gauge/Next 404
#1242274 06.07.2026 19:25:00 : EVT LOGGER : LGR 934, 80
#1242275 06.07.2026 19:25:00 : WRN WBAPI : eID-691468(277): /Dive/Alarms/Acknowledge 404
#1242276 06.07.2026 19:25:00 : WRN WBAPI : eID-691468(277): /Dive/DiveGases 404
#1242277 06.07.2026 19:25:00 : WRN WBAPI : eID-691468(277): /Dive/Gauge/Next 404
#1242278 06.07.2026 19:25:01 : EVT LOGGER : LGR 934, 80
#1242279 06.07.2026 19:25:01 : EVT UI_FRAMEWORK : evalFile: b:/zapp/climbl01.fea/ext10.js from ui
#1242280 06.07.2026 19:25:01 : EVT ANALYTICS : #ws AID:16 BM:1 NS:1 SP:3 ZN:0 TG:0 BL:0 GPS:0
#1242281 06.07.2026 19:25:01 : EVT ANALYTICS : #2ws AID:16 WHR:1 INT:0 AL:0 AP:0 FE:1 MC:1 TH:0
#1242282 06.07.2026 19:25:02 : WRN WBAPI : eID-691468(277): /Dive/Alarms/Acknowledge 404
#1242283 06.07.2026 19:25:02 : WRN WBAPI : eID-691468(277): /Dive/DiveGases 404
#1242284 06.07.2026 19:25:02 : WRN WBAPI : eID-691468(277): /Dive/Gauge/Next 404
#1242285 06.07.2026 19:25:05 : EVT LOGGER : Exercise paused
#1242286 06.07.2026 19:25:05 : WRN WBAPI : eID-691468(277): /Dive/Alarms/Acknowledge 404
#1242287 06.07.2026 19:25:05 : WRN WBAPI : eID-691468(277): /Dive/DiveGases 404
#1242288 06.07.2026 19:25:05 : WRN WBAPI : eID-691468(277): /Dive/Gauge/Next 404
#1242289 06.07.2026 19:25:08 : EVT APPLICATION : Zapp climbl01:Disable
#1242290 06.07.2026 19:25:08 : EVT UI_FRAMEWORK : evalFile: b:/zapp/climbl01.fea/ext11.js from ui
#1242291 06.07.2026 19:25:08 : EVT ANALYTICS : Zapp disabled i:5 h:a5e7afa5 n:Climb Log
#1242292 06.07.2026 19:25:08 : EVT APPLICATION : Zapp zzmoveen:Disable
#1242293 06.07.2026 19:25:08 : EVT ANALYTICS : Zapp disabled i:6 h:7aac0887 n:Movement
#1242294 06.07.2026 19:25:08 : EVT UI_FRAMEWORK : evalFile: b:/zapp/zzmoveen.fea/ext2.js from ui
#1242295 06.07.2026 19:25:08 : EVT APPLICATION : Zapp zzwethen:Disable
#1242296 06.07.2026 19:25:08 : EVT ANALYTICS : Zapp disabled i:8 h:3f77f8ec n:Weather
#1242297 06.07.2026 19:25:08 : EVT UI_FRAMEWORK : JS discard disable zapps
#1242298 06.07.2026 19:25:08 : EVT UI_FRAMEWORK : JS will discard
#1242299 06.07.2026 19:25:08 : EVT SPEEDFUSION : INFO # stop speed fusion
#1242300 06.07.2026 19:25:08 : EVT <Unknown> : Update pres sampl intrvl:5
#1242301 06.07.2026 19:25:08 : WRN APPLICATION : discard hrr meas l:3 d:0 sh:89 mh:89 v:0
#1242302 06.07.2026 19:25:08 : WRN WBAPI : eID-698eec(583/65535): 404
#1242303 06.07.2026 19:25:08 : EVT GPS : LocationProviderImpl:sub Best
#1242304 06.07.2026 19:25:08 : TRC GPS : Full GNSS data subd l:15 c:80160010
#1242305 06.07.2026 19:25:08 : EVT TRAININGZONE : User Define Mode:5
#1242306 06.07.2026 19:25:08 : EVT TRAININGZONE : Tss HR:0.11
#1242307 06.07.2026 19:25:08 : EVT TRAININGZONE : A:16,Tss:[-200.00,-200.00,-200.00,0.11]
#1242308 06.07.2026 19:25:08 : EVT ANALYTICS : WAOae:Activity WAOae:16
#1242309 06.07.2026 19:25:08 : EVT ANALYTICS : WAOae:TotalAcc WAOae:0,0,0
#1242310 06.07.2026 19:25:08 : EVT ANALYTICS : WAOae:AccCount WAOae:0,0,0
#1242311 06.07.2026 19:25:08 : EVT ANALYTICS : WAOae:Distance WAOae:0,0,0
#1242312 06.07.2026 19:25:08 : EVT ANALYTICS : WAOae:Duration WAOae:0,0,0
#1242313 06.07.2026 19:25:08 : EVT ANALYTICS : WAOae:Coeff WAOae:0,40,122,272,773,7524,7624
#1242314 06.07.2026 19:25:08 : EVT LOGGER : Exercise stopped
#1242315 06.07.2026 19:25:08 : EVT BLE : HR RR off (14274075, 3565 ms missing)
#1242316 06.07.2026 19:25:08 : EVT LOGGER : HrIbiLogger stop, wait (10419 ms)
#1242317 06.07.2026 19:25:08 : TRC GPS : Unsubd c:802b0000
#1242318 06.07.2026 19:25:08 : EVT ANALYTICS : SleepQ:Tracking:On
#1242319 06.07.2026 19:25:08 : TRC GPS : Power enabled
#1242320 06.07.2026 19:25:10 : EVT BLE : HR RR done
#1242321 06.07.2026 19:25:10 : TRC BLE : HR belt slow conn
#1242322 06.07.2026 19:25:10 : EVT TRAININGLAB : AppFeature Vo2Max 0.000000
#1242323 06.07.2026 19:25:10 : EVT TRAININGLAB : TLab:~Mode T 20718 + 2 A 6980 + 0
#1242324 06.07.2026 19:25:10 : EVT TRAININGLAB : TLab:Change mode 3->2
#1242325 06.07.2026 19:25:10 : EVT TRAININGLAB : TLab:Mode::userInfo 60, 200, 1, 37, 182, 950, 1990
#1242326 06.07.2026 19:25:10 : EVT LOGGER : LGR 934, 80
#1242327 06.07.2026 19:25:10 : EVT TRAININGLAB : ModeUnsub:91C5
#1242328 06.07.2026 19:25:10 : EVT TRAININGLAB : ModeSub:0400
#1242329 06.07.2026 19:25:10 : EVT LOGGER : HrIbiLogger stopped (13984 ms)
#1242330 06.07.2026 19:25:10 : EVT LOGGER : LGR 934, 80
#1242331 06.07.2026 19:25:10 : EVT LOGGER : LGR 934, 80
#1242332 06.07.2026 19:25:10 : EVT LOGGER : Wr dpc on
#1242333 06.07.2026 19:25:10 : EVT LOGGER : LGR 20993, 56
#1242334 06.07.2026 19:25:10 : TRC GPS : Stat report:1
#1242335 06.07.2026 19:25:10 : TRC GPS : @GTIM 2026 7 6 17 25 10
#1242336 06.07.2026 19:25:10 : TRC GPS : Done:GTI
#1242337 06.07.2026 19:25:10 : TRC GPS : GNS setting 0x1fcb
#1242338 06.07.2026 19:25:10 : TRC GPS : @GSR
#1242339 06.07.2026 19:25:10 : EVT ANALYTICS : #powersave mode:p temp:31.9
#1242340 06.07.2026 19:25:10 : EVT ANALYTICS : Battery-> 4 soc:98
#1242341 06.07.2026 19:25:11 : EVT UI_FRAMEWORK : JS feeling vs idle 1
#1242342 06.07.2026 19:25:11 : EVT UI_FRAMEWORK : JS feeling open ex-saving
#1242343 06.07.2026 19:25:11 : TRC GPS : Done:GSR
#1242344 06.07.2026 19:25:11 : EVT WBSTORAGE : CACHE_DEFRAG (624->1016, 24->24, 25)
#1242345 06.07.2026 19:25:11 : TRC NAVIGATION : CG: no climb WP
#1242346 06.07.2026 19:25:11 : TRC NAVIGATION : CG:init ZoomType=0
#1242347 06.07.2026 19:25:11 : EVT NAVIGATION : initSeg Idx=0 D=1 T=0 3-0-4
#1242348 06.07.2026 19:25:11 : EVT WBSTORAGE : CACHE_DEFRAG (1000->1024, 24->24, 25)
#1242349 06.07.2026 19:25:11 : EVT SPEEDFUSION : INFO # IDLE mode(-1) set
#1242350 06.07.2026 19:25:11 : EVT ALTIFUSION : AltiBaroMode:2
#1242351 06.07.2026 19:25:11 : EVT GPS : LocationProviderImpl:sub Passive
#1242352 06.07.2026 19:25:11 : TRC GPS : Full GNSS data subd l:0 c:80160010
#1242353 06.07.2026 19:25:11 : TRC GPS : GnssServiceLevel::PASSIVE
#1242354 06.07.2026 19:25:11 : TRC GPS : @GSTP
#1242355 06.07.2026 19:25:11 : EVT OHR : S:start 0x2123
#1242356 06.07.2026 19:25:11 : EVT BLE : Disconn sensor:1
#1242357 06.07.2026 19:25:11 : EVT BLE : BLE Sensor Link 4800180D Disc (L-E-:25:0)
#1242358 06.07.2026 19:25:11 : WRN BLE : sendDisconnect 6157
#1242359 06.07.2026 19:25:11 : ERR BLE : [AURA]Filter with handle 72 not found
#1242360 06.07.2026 19:25:11 : EVT <Unknown> : 1783358711702:Meas start 0x2123
#1242361 06.07.2026 19:25:12 : TRC BLE : SVC H/180D disabled
#1242362 06.07.2026 19:25:12 : TRC BLE : SVC H/F200 disabled
#1242363 06.07.2026 19:25:12 : EVT BLE : DEV H disconnected
#1242364 06.07.2026 19:25:12 : EVT WBSTORAGE : CACHE_DEFRAG (1000->1008, 24->24, 25)
#1242365 06.07.2026 19:25:12 : EVT WBSTORAGE : CACHE_DEFRAG (936->944, 24->24, 25)
#1242366 06.07.2026 19:25:12 : EVT BLE : report state:14277990
#1242367 06.07.2026 19:25:13 : TRC GPS : @BUP
#1242368 06.07.2026 19:25:14 : TRC GPS : Done:BUP
#1242369 06.07.2026 19:25:14 : TRC GPS : Power disabled
#1242370 06.07.2026 19:25:14 : EVT ANALYTICS : Duration ExSaving:3730
#1242371 06.07.2026 19:25:15 : EVT ANALYTICS : Duration ExSumBroker:356
#1242372 06.07.2026 19:25:16 : EVT OHR : No HR update, invalidate by timer
#1242373 06.07.2026 19:25:20 : EVT OHR : new HR update
#1242374 06.07.2026 19:25:20 : EVT UI_FRAMEWORK : JS delete log
#1242375 06.07.2026 19:25:20 : WRN LOGGER : Delete b:logs/6A4BE4E6
#1242376 06.07.2026 19:25:22 : EVT WBSTORAGE : CACHE_DEFRAG (872->880, 24->24, 25)
#1242377 06.07.2026 19:25:22 : EVT APPLICATION : Zapp zwc05901:Load script
#1242378 06.07.2026 19:25:22 : EVT APPLICATION : Zapp zwc05901:Enable
#1242379 06.07.2026 19:25:22 : EVT ANALYTICS : Zapp enabled i:3 h:ddb248f2 n:zwc05901 v:124f
#1242380 06.07.2026 19:25:22 : WRN WBAPI : eID-691468(277): /Weather/Current/ValidWeatherData.temp 
#1242381 06.07.2026 19:25:22 : EVT ANALYTICS : Sync start
#1242382 06.07.2026 19:25:22 : EVT ANALYTICS : Sync start
#1242383 06.07.2026 19:25:23 : EVT <Unknown> : 1783358723406:Off Skin Set.
#1242384 06.07.2026 19:25:23 : EVT ANALYTICS : #sf R:5 A:Xiamen-fw_2.53.42.29545-V-8b67dbcf
#1242385 06.07.2026 19:25:24 : EVT ANALYTICS : #sf R:5 A:Xiamen-fw_2.53.42.29545-V-8b67dbcf
#1242386 06.07.2026 19:25:28 : EVT PMIC : VBUS state is ON
#1242387 06.07.2026 19:25:28 : EVT PMIC : chgCntl1:0x70
#1242388 06.07.2026 19:25:28 : EVT PMIC : check chgCntl1:0x74
#1242389 06.07.2026 19:25:28 : EVT PMIC : Turn charge ON since VBUS->ON
#1242390 06.07.2026 19:25:28 : EVT PMIC : PMIC temp zone:0x2
#1242391 06.07.2026 19:25:28 : EVT PMIC : PMIC Fast-charge constant cur
#1242392 06.07.2026 19:25:28 : EVT OHR : VBUS on
#1242393 06.07.2026 19:25:28 : EVT OHR : S:stop 23
#1242394 06.07.2026 19:25:28 : EVT <Unknown> : 1783358728649:Meas stop 0x2123
#1242395 06.07.2026 19:25:28 : EVT PMIC : PMIC Fast-charge constant voltage
#1242396 06.07.2026 19:25:28 : WRN <Unknown> : 1783358728650:FSM EVT STOP.
#1242397 06.07.2026 19:25:28 : EVT OHR : S:OFF 1->0
#1242398 06.07.2026 19:25:28 : EVT OHR : No HR update, invalidate by timer
#1242399 06.07.2026 19:25:28 : EVT PMIC : VBUS state is ON
#1242400 06.07.2026 19:25:32 : TRC FUEL_GAUGE : Chg->1,B:5,C:36.1,V:4407,U:1,bF:98%,bC:98%
#1242401 06.07.2026 19:25:32 : EVT ANALYTICS : Battery-> 2 soc:98
#1242402 06.07.2026 19:25:43 : EVT WBSTORAGE : CACHE_DEFRAG (752->760, 24->24, 25)
#1242403 06.07.2026 19:25:43 : EVT WBSTORAGE : CACHE_DEFRAG (728->736, 24->24, 25)
#1242404 06.07.2026 19:25:43 : EVT <Unknown> : DL Region List
#1242405 06.07.2026 19:25:43 : EVT WIFI : Pwr up
#1242406 06.07.2026 19:25:50 : EVT WIFI : pwr up
#1242407 06.07.2026 19:25:50 : EVT WIFI : SDK Ver(3.2.8.1)
#1242408 06.07.2026 19:25:50 : EVT WIFI : Scann APs (1/3)
#1242409 06.07.2026 19:25:51 : EVT WIFI : APs scanned:4
#1242410 06.07.2026 19:25:51 : EVT WBSTORAGE : CACHE_DEFRAG (688->704, 24->24, 25)
#1242411 06.07.2026 19:25:51 : WRN WIFI : No APs matched to connect
#1242412 06.07.2026 19:25:51 : EVT WIFI : Scann APs (2/3)
#1242413 06.07.2026 19:25:51 : EVT WIFI : APs scanned:5
#1242414 06.07.2026 19:25:51 : WRN WIFI : No APs matched to connect
#1242415 06.07.2026 19:25:51 : EVT WIFI : Scann APs (3/3)
#1242416 06.07.2026 19:25:52 : EVT WIFI : APs scanned:3
#1242417 06.07.2026 19:25:52 : WRN WIFI : No APs matched to connect
#1242418 06.07.2026 19:25:52 : EVT WIFI : Internal connect ret:103
#1242419 06.07.2026 19:25:52 : ERR <Unknown> : DL GET resultCode=500
#1242420 06.07.2026 19:25:52 : EVT <Unknown> : DL try retry after 5000 ms
#1242421 06.07.2026 19:25:57 : EVT <Unknown> : DL Region List
#1242422 06.07.2026 19:25:57 : WRN WIFI : No APs matched to connect
#1242423 06.07.2026 19:25:57 : EVT WIFI : Scann APs (1/3)
#1242424 06.07.2026 19:25:58 : EVT WIFI : APs scanned:3
#1242425 06.07.2026 19:25:58 : WRN WIFI : No APs matched to connect
#1242426 06.07.2026 19:25:58 : EVT WIFI : Scann APs (2/3)
#1242427 06.07.2026 19:25:59 : EVT WIFI : APs scanned:3
#1242428 06.07.2026 19:25:59 : WRN WIFI : No APs matched to connect
#1242429 06.07.2026 19:25:59 : EVT WIFI : Scann APs (3/3)
#1242430 06.07.2026 19:26:00 : EVT WIFI : APs scanned:3
#1242431 06.07.2026 19:26:00 : WRN WIFI : No APs matched to connect
#1242432 06.07.2026 19:26:00 : EVT WIFI : Internal connect ret:103
#1242433 06.07.2026 19:26:00 : ERR <Unknown> : DL GET resultCode=500
#1242434 06.07.2026 19:26:00 : EVT <Unknown> : DL try retry after 10000 ms
#1242435 06.07.2026 19:26:10 : EVT <Unknown> : DL Region List
#1242436 06.07.2026 19:26:10 : WRN WIFI : No APs matched to connect
#1242437 06.07.2026 19:26:10 : EVT WIFI : Scann APs (1/3)
#1242438 06.07.2026 19:26:11 : EVT WIFI : APs scanned:3
#1242439 06.07.2026 19:26:11 : WRN WIFI : No APs matched to connect
#1242440 06.07.2026 19:26:11 : EVT WIFI : Scann APs (2/3)
#1242441 06.07.2026 19:26:11 : EVT WIFI : APs scanned:3
#1242442 06.07.2026 19:26:11 : WRN WIFI : No APs matched to connect
#1242443 06.07.2026 19:26:11 : EVT WIFI : Scann APs (3/3)
#1242444 06.07.2026 19:26:12 : EVT WIFI : APs scanned:3
#1242445 06.07.2026 19:26:12 : WRN WIFI : No APs matched to connect
#1242446 06.07.2026 19:26:12 : EVT WIFI : Internal connect ret:103
#1242447 06.07.2026 19:26:12 : ERR <Unknown> : DL GET resultCode=500
#1242448 06.07.2026 19:26:12 : EVT <Unknown> : DL try retry after 20000 ms
#1242449 06.07.2026 19:26:25 : EVT WIFI : Pwr down idle wifi (TO:13se)
#1242450 06.07.2026 19:26:25 : EVT WIFI : pwr down OK
#1242451 06.07.2026 19:26:26 : EVT ACCELEROMETER : Gyro bias:-0.248500 -0.059500 -0.056000
#1242452 06.07.2026 19:26:26 : EVT WBCOMM : P-9 connection made to ECSD00000000
#1242453 06.07.2026 19:26:26 : EVT WBCOMM : New Route: ECSD00000000
#1242454 06.07.2026 19:26:30 : EVT PMIC : PMIC temp zone:0x7
#1242455 06.07.2026 19:26:31 : EVT PMIC : VBUS state is OFF
#1242456 06.07.2026 19:26:31 : EVT PMIC : Turn charge OFF since VBUS->OFF
#1242457 06.07.2026 19:26:31 : EVT WBCOMM : Route lost: ECSD00000000
#1242458 06.07.2026 19:26:31 : TRC FUEL_GAUGE : Chg->0,B:5,C:66.8,V:4431,U:0,bF:98%,bC:98%
#1242459 06.07.2026 19:26:31 : EVT OHR : VBUS off
#1242460 06.07.2026 19:26:31 : EVT OHR : S:ON 0->1
#1242461 06.07.2026 19:26:31 : EVT ANALYTICS : Battery-> 1 soc:98
#1242462 06.07.2026 19:26:31 : EVT OHR : APPINIT:caps 0x1f4, 6b738616
#1242463 06.07.2026 19:26:31 : EVT <Unknown> : 1783358791504:AI@1783358791480, tz120
#1242464 06.07.2026 19:26:31 : EVT OHR : S:start 0x2123
#1242465 06.07.2026 19:26:31 : EVT <Unknown> : 1783358791510:Meas start 0x2123
#1242466 06.07.2026 19:26:31 : EVT <Unknown> : 1783358791524:PD1464, 0
#1242467 06.07.2026 19:26:31 : EVT <Unknown> : 1783358791585:GMV 20251126/1/4/0/395/46
#1242468 06.07.2026 19:26:31 : EVT <Unknown> : 1783358791839:Mi1.6.10, auth 0, hr_mode 0
#1242469 06.07.2026 19:26:34 : EVT ANALYTICS : #sf R:5 A:Xiamen-fw_2.53.42.29545-V-8b67dbcf
#1242470 06.07.2026 19:26:36 : EVT WBSTORAGE : CACHE_DEFRAG (664->672, 24->24, 25)
#1242471 06.07.2026 19:26:36 : TRC NAVIGATION : CG: no climb WP
#1242472 06.07.2026 19:26:36 : TRC NAVIGATION : CG:init ZoomType=0
#1242473 06.07.2026 19:26:36 : EVT NAVIGATION : initSeg Idx=0 D=1 T=0 3-0-4
#1242474 06.07.2026 19:26:36 : EVT WBSTORAGE : CACHE_DEFRAG (624->904, 24->24, 25)
#1242475 06.07.2026 19:26:36 : EVT GPS : LocationProviderImpl:sub Best
#1242476 06.07.2026 19:26:36 : TRC GPS : Full GNSS data subd l:15 c:80160010
#1242477 06.07.2026 19:26:36 : EVT ALTIFUSION : AltiBaroMode:0
#1242478 06.07.2026 19:26:36 : EVT ALTIFUSION : Init AltiBaro
#1242479 06.07.2026 19:26:37 : EVT APPLICATION : Zapp zwc05901:Disable
#1242480 06.07.2026 19:26:37 : EVT ANALYTICS : Zapp disabled i:3 h:ddb248f2 n:Vector classic
#1242481 06.07.2026 19:26:37 : TRC GPS : Power enabled
#1242482 06.07.2026 19:26:37 : EVT ANALYTICS : SleepQ:Tracking:On
#1242483 06.07.2026 19:26:37 : EVT UI_FRAMEWORK : JS nsto enable zapp: zzwethen
#1242484 06.07.2026 19:26:37 : EVT UI_FRAMEWORK : JS nsto enable zapp: zzmoveen
#1242485 06.07.2026 19:26:37 : EVT UI_FRAMEWORK : JS nsto enable zapp: climbl01
#1242486 06.07.2026 19:26:37 : EVT APPLICATION : Zapp zzwethen:Load script
#1242487 06.07.2026 19:26:37 : EVT APPLICATION : Zapp zzwethen:Enable
#1242488 06.07.2026 19:26:37 : EVT GPS : LocationProviderImpl:sub Passive
#1242489 06.07.2026 19:26:37 : TRC GPS : Full GNSS data subd l:0 c:80160010
#1242490 06.07.2026 19:26:37 : EVT ALTIFUSION : AltiBaroMode:0
#1242491 06.07.2026 19:26:37 : EVT ALTIFUSION : Init AltiBaro
#1242492 06.07.2026 19:26:37 : EVT ANALYTICS : Zapp enabled i:8 h:3f77f8ec n:zzwethen v:ade
#1242493 06.07.2026 19:26:37 : EVT APPLICATION : Zapp clid:32878
#1242494 06.07.2026 19:26:37 : EVT APPLICATION : Zapp zzmoveen:Load script
#1242495 06.07.2026 19:26:37 : EVT APPLICATION : Zapp zzmoveen:Enable
#1242496 06.07.2026 19:26:37 : EVT ANALYTICS : Zapp enabled i:6 h:7aac0887 n:zzmoveen v:8e0
#1242497 06.07.2026 19:26:37 : EVT UI_FRAMEWORK : evalFile: b:/zapp/zzmoveen.fea/ext1.js from ui
#1242498 06.07.2026 19:26:37 : EVT APPLICATION : Zapp clid:32879
#1242499 06.07.2026 19:26:37 : EVT APPLICATION : Zapp climbl01:Load script
#1242500 06.07.2026 19:26:37 : EVT APPLICATION : Zapp climbl01:Enable
#1242501 06.07.2026 19:26:38 : EVT ANALYTICS : Zapp enabled i:5 h:a5e7afa5 n:climbl01 v:3.0
#1242502 06.07.2026 19:26:38 : EVT APPLICATION : Zapp clid:32880
#1242503 06.07.2026 19:26:38 : ERR WBMAIN : *0: app 566 Event 37 80995318
#1242504 06.07.2026 19:26:38 : ERR WBMAIN : 1: mea 22 DPC 0 00574f4f
#1242505 06.07.2026 19:26:38 : EVT UI_FRAMEWORK : JS nsto all zapps enabled.
#1242506 06.07.2026 19:26:38 : ERR WBMAIN : 2: ui 24 Wait 0 00000000
#1242507 06.07.2026 19:26:38 : EVT UI_FRAMEWORK : JS Prestart Activity Id: 16.000
#1242508 06.07.2026 19:26:38 : WRN WBAPI : eID-691468(277): /Dive/Alarms/Acknowledge 404
#1242509 06.07.2026 19:26:38 : WRN WBAPI : eID-691468(277): /Dive/DiveGases 404
#1242510 06.07.2026 19:26:38 : WRN WBAPI : eID-691468(277): /Dive/Gauge/Next 404
#1242511 06.07.2026 19:26:38 : EVT WBSTORAGE : CACHE_DEFRAG (880->888, 24->24, 25)
#1242512 06.07.2026 19:26:38 : EVT WBSTORAGE : CACHE_DEFRAG (816->824, 24->24, 25)
#1242513 06.07.2026 19:26:38 : EVT WBSTORAGE : CACHE_DEFRAG (752->760, 24->24, 25)
#1242514 06.07.2026 19:26:38 : EVT BLE : BLE Sensor Link 4800180D Conn (--E-:00:1)
#1242515 06.07.2026 19:26:38 : WRN BLE : sendConnect 6157
#1242516 06.07.2026 19:26:38 : WRN WBAPI : eID-691468(277): /Dive/TankPressure/Alarm/Count 404
#1242517 06.07.2026 19:26:38 : EVT SPEEDFUSION : INFO # start speed fusion
#1242518 06.07.2026 19:26:38 : EVT SPEEDFUSION : Act:16,Acc:0,BPod:0,FPod:0,PPod:0,BeltPod:1
#1242519 06.07.2026 19:26:38 : EVT SPEEDFUSION : INFO # Start algo without wrist acc
#1242520 06.07.2026 19:26:38 : EVT <Unknown> : Update pres sampl intrvl:1
#1242521 06.07.2026 19:26:38 : EVT OHR : S:start 0x21a3
#1242522 06.07.2026 19:26:38 : EVT <Unknown> : 1783358798140:On Skin Set.
#1242523 06.07.2026 19:26:38 : EVT <Unknown> : 1783358798713:Meas start 0x21a3
#1242524 06.07.2026 19:26:38 : TRC GPS : Stat report:1
#1242525 06.07.2026 19:26:38 : TRC GPS : @GTIM 2026 7 6 17 26 38
#1242526 06.07.2026 19:26:38 : TRC GPS : Done:GTI
#1242527 06.07.2026 19:26:38 : TRC GPS : GNS setting 0x1fcb
#1242528 06.07.2026 19:26:38 : TRC GPS : @GSR
#1242529 06.07.2026 19:26:39 : EVT UI_FRAMEWORK : evalFile: b:/zapp/climbl01.fea/ext12.js from ui
#1242530 06.07.2026 19:26:39 : TRC GPS : Done:GSR
#1242531 06.07.2026 19:26:39 : TRC GPS : GnssServiceLevel::PASSIVE
#1242532 06.07.2026 19:26:39 : TRC GPS : @GSTP
#1242533 06.07.2026 19:26:39 : EVT BLE : DEV H connected
#1242534 06.07.2026 19:26:39 : EVT WBSTORAGE : CACHE_DEFRAG (672->704, 24->24, 25)
#1242535 06.07.2026 19:26:40 : EVT WBSTORAGE : CACHE_DEFRAG (632->640, 24->24, 25)
#1242536 06.07.2026 19:26:40 : EVT BLE : report state:14365529
#1242537 06.07.2026 19:26:40 : TRC BLE : SVC H/F200 enabled
#1242538 06.07.2026 19:26:40 : TRC BLE : SVC H/180D enabled
#1242539 06.07.2026 19:26:40 : TRC BLE : HR connected (0 ms missing)
#1242540 06.07.2026 19:26:40 : EVT BLE : HR BlueBelt 2550100113 (1.1.0/F2. )
#1242541 06.07.2026 19:26:41 : EVT ANALYTICS : #FusHr src:1 time:870
#1242542 06.07.2026 19:26:41 : EVT OHR : S:start 0x20
#1242543 06.07.2026 19:26:41 : EVT BLE : HR RR done
#1242544 06.07.2026 19:26:41 : TRC BLE : HR belt slow conn
#1242545 06.07.2026 19:26:41 : EVT BLE : type 1 is conn, set
#1242546 06.07.2026 19:26:41 : TRC GPS : @BUP
#1242547 06.07.2026 19:26:41 : EVT <Unknown> : 1783358801356:Meas start 0x20
#1242548 06.07.2026 19:26:42 : TRC GPS : Done:BUP
#1242549 06.07.2026 19:26:42 : TRC GPS : Power disabled
#1242550 06.07.2026 19:26:44 : EVT APPLICATION : Zapp climbl01:Disable
#1242551 06.07.2026 19:26:44 : EVT ANALYTICS : Zapp disabled i:5 h:a5e7afa5 n:Climb Log
#1242552 06.07.2026 19:26:44 : EVT WBSTORAGE : CACHE_DEFRAG (624->632, 24->24, 25)
#1242553 06.07.2026 19:26:48 : EVT APPLICATION : Zapp climbl01:Load script
#1242554 06.07.2026 19:26:48 : EVT APPLICATION : Zapp climbl01:Enable
#1242555 06.07.2026 19:26:48 : EVT ANALYTICS : Zapp enabled i:5 h:a5e7afa5 n:climbl01 v:3.0
#1242556 06.07.2026 19:26:48 : EVT APPLICATION : Zapp clid:32880
#1242557 06.07.2026 19:26:49 : EVT UI_FRAMEWORK : evalFile: b:/zapp/climbl01.fea/ext12.js from ui
#1242558 06.07.2026 19:26:49 : ERR APPLICATION : Zapp:relMemCb (exec:zapp)
#1242559 06.07.2026 19:26:49 : EVT APPLICATION : Zapp zzwethen:Disable
#1242560 06.07.2026 19:26:49 : EVT ANALYTICS : Zapp disabled i:8 h:3f77f8ec n:Weather
#1242561 06.07.2026 19:26:49 : ERR APPLICATION : Zapp 3:RelMem->unload
#1242562 06.07.2026 19:26:49 : ERR APPLICATION : Zapp:relMemCb (exec:zapp)
#1242563 06.07.2026 19:26:49 : EVT APPLICATION : Zapp zzmoveen:Disable
#1242564 06.07.2026 19:26:49 : EVT ANALYTICS : Zapp disabled i:6 h:7aac0887 n:Movement
#1242565 06.07.2026 19:26:49 : ERR APPLICATION : Zapp 3:RelMem->unload
#1242566 06.07.2026 19:26:49 : ERR APPLICATION : Zapp:relMemCb (exec:zapp)
#1242567 06.07.2026 19:26:49 : ERR APPLICATION : Zapp:RelMem->None avail
#1242568 06.07.2026 19:26:49 : ERR DUKTAPE : JSalloc:2508
#1242569 06.07.2026 19:26:49 : ERR APPLICATION : Zapp:relMemCb (exec:zapp)
#1242570 06.07.2026 19:26:49 : ERR APPLICATION : Zapp:RelMem->None avail
#1242571 06.07.2026 19:26:49 : ERR DUKTAPE : JSalloc:2508
#1242572 06.07.2026 19:26:49 : ERR APPLICATION : Zapp:relMemCb (exec:zapp)
#1242573 06.07.2026 19:26:49 : ERR APPLICATION : Zapp:RelMem->None avail
#1242574 06.07.2026 19:26:49 : ERR DUKTAPE : JSalloc:2508
#1242575 06.07.2026 19:26:52 : EVT <Unknown> : 1783358812760:Off Skin Set.
#1242576 06.07.2026 19:26:53 : EVT PMIC : VBUS state is ON
#1242577 06.07.2026 19:26:53 : EVT PMIC : chgCntl1:0x70
#1242578 06.07.2026 19:26:53 : EVT PMIC : check chgCntl1:0x74
#1242579 06.07.2026 19:26:53 : EVT PMIC : Turn charge ON since VBUS->ON
#1242580 06.07.2026 19:26:53 : EVT PMIC : PMIC temp zone:0x2
#1242581 06.07.2026 19:26:53 : EVT PMIC : PMIC Fast-charge constant cur
#1242582 06.07.2026 19:26:53 : EVT OHR : VBUS on
#1242583 06.07.2026 19:26:53 : EVT OHR : S:stop 20
#1242584 06.07.2026 19:26:53 : EVT <Unknown> : 1783358813743:Meas stop 0x20
#1242585 06.07.2026 19:26:53 : WRN <Unknown> : 1783358813744:FSM EVT STOP.
#1242586 06.07.2026 19:26:53 : EVT OHR : S:OFF 1->0
#1242587 06.07.2026 19:26:53 : EVT PMIC : PMIC Fast-charge constant voltage
#1242588 06.07.2026 19:26:53 : EVT PMIC : VBUS state is ON
#1242589 06.07.2026 19:26:54 : EVT PMIC : PMIC temp zone:0x7
#1242590 06.07.2026 19:26:54 : EVT PMIC : VBUS state is OFF
#1242591 06.07.2026 19:26:54 : EVT PMIC : Turn charge OFF since VBUS->OFF
#1242592 06.07.2026 19:26:54 : EVT OHR : VBUS off
#1242593 06.07.2026 19:26:54 : EVT OHR : S:ON 0->1
#1242594 06.07.2026 19:26:55 : EVT OHR : APPINIT:caps 0x1f4, 6b738616
#1242595 06.07.2026 19:26:55 : EVT <Unknown> : 1783358815103:AI@1783358815080, tz120
#1242596 06.07.2026 19:26:55 : EVT OHR : S:start 0x20
#1242597 06.07.2026 19:26:55 : EVT <Unknown> : 1783358815109:Meas start 0x20
#1242598 06.07.2026 19:26:55 : EVT <Unknown> : 1783358815125:PD1464, 0
#1242599 06.07.2026 19:26:55 : EVT <Unknown> : 1783358815185:GMV 20251126/1/4/0/395/46
#1242600 06.07.2026 19:26:55 : EVT <Unknown> : 1783358815439:Mi1.6.10, auth 0, hr_mode 0
#1242601 06.07.2026 19:26:56 : EVT <Unknown> : 1783358815987:On Skin Set.
#1242602 06.07.2026 19:26:59 : EVT APPLICATION : Zapp zzwethen:Load script
#1242603 06.07.2026 19:26:59 : EVT APPLICATION : Zapp zzwethen:Enable
#1242604 06.07.2026 19:26:59 : EVT ANALYTICS : Zapp enabled i:8 h:3f77f8ec n:zzwethen v:ade
#1242605 06.07.2026 19:26:59 : EVT APPLICATION : Zapp clid:32878
#1242606 06.07.2026 19:27:01 : EVT APPLICATION : Zapp zzmoveen:Load script
#1242607 06.07.2026 19:27:01 : EVT APPLICATION : Zapp zzmoveen:Enable
#1242608 06.07.2026 19:27:01 : EVT ANALYTICS : Zapp enabled i:6 h:7aac0887 n:zzmoveen v:8e0
#1242609 06.07.2026 19:27:01 : EVT UI_FRAMEWORK : evalFile: b:/zapp/zzmoveen.fea/ext1.js from ui
#1242610 06.07.2026 19:27:01 : EVT APPLICATION : Zapp clid:32879
#1242611 06.07.2026 19:27:02 : WRN WBAPI : eID-691468(277): /Dive/TankPressure/Alarm/Count 404
#1242612 06.07.2026 19:27:04 : EVT ANALYTICS : #FusHr src:1 time:0
#1242613 06.07.2026 19:27:04 : WRN WBAPI : eID-691468(277): /Dive/Alarms/Acknowledge 404
#1242614 06.07.2026 19:27:04 : WRN WBAPI : eID-691468(277): /Dive/DiveGases 404
#1242615 06.07.2026 19:27:04 : WRN WBAPI : eID-691468(277): /Dive/Gauge/Next 404
#1242616 06.07.2026 19:27:04 : EVT TRAININGLAB : TLab:~Mode T 20720 + 25 A 6980 + 0
#1242617 06.07.2026 19:27:04 : EVT TRAININGLAB : TLab:Change mode 2->3
#1242618 06.07.2026 19:27:04 : EVT TRAININGLAB : TLab:Mode::userInfo 60, 200, 1, 37, 182, 950, 1990
#1242619 06.07.2026 19:27:04 : EVT LOGGER : Log space:30644552 bytes free
#1242620 06.07.2026 19:27:05 : EVT TRAININGLAB : ModeUnsub:2800
#1242621 06.07.2026 19:27:05 : EVT TRAININGLAB : ModeSub:9004
#1242622 06.07.2026 19:27:05 : EVT TRAININGLAB : TLab:Select input 0
#1242623 06.07.2026 19:27:05 : EVT TRAININGLAB : Tlab:HR src is 1
#1242624 06.07.2026 19:27:05 : EVT TRAININGLAB : TLab:Active input 0
#1242625 06.07.2026 19:27:05 : EVT LOGGER : Exercise started
#1242626 06.07.2026 19:27:05 : EVT BLE : HR RR on (14390586)
#1242627 06.07.2026 19:27:05 : TRC GPS : Full GNSS data subd l:0 c:802b0000
#1242628 06.07.2026 19:27:06 : TRC BLE : HR belt fast conn
#1242629 06.07.2026 19:27:07 : EVT ANALYTICS : Battery-> 3 soc:98
#1242630 06.07.2026 19:27:07 : EVT ANALYTICS : #FusHr src:1 time:0
#1242631 06.07.2026 19:27:07 : EVT ANALYTICS : #Act id:16
#1242632 06.07.2026 19:27:07 : EVT ANALYTICS : #powersave mode:p temp:32.7
#1242633 06.07.2026 19:27:07 : EVT ANALYTICS : GPSMODE:NOTUSED
#1242634 06.07.2026 19:27:07 : EVT ANALYTICS : #gnss d:2026-07-06T00:00:00Z
#1242635 06.07.2026 19:27:07 : EVT ANALYTICS : #zapp n:Weather e:1
#1242636 06.07.2026 19:27:07 : EVT ANALYTICS : #zapp n:Movement e:1
#1242637 06.07.2026 19:27:07 : EVT ANALYTICS : #zapp n:Climb Log e:1
#1242638 06.07.2026 19:27:11 : EVT LOGGER : Exercise paused
#1242639 06.07.2026 19:27:11 : WRN WBAPI : eID-691468(277): /Dive/Alarms/Acknowledge 404
#1242640 06.07.2026 19:27:11 : WRN WBAPI : eID-691468(277): /Dive/DiveGases 404
#1242641 06.07.2026 19:27:11 : WRN WBAPI : eID-691468(277): /Dive/Gauge/Next 404
#1242642 06.07.2026 19:27:12 : EVT ANALYTICS : #ws AID:16 BM:1 NS:0 SP:3 ZN:0 TG:0 BL:0 GPS:0
#1242643 06.07.2026 19:27:12 : EVT ANALYTICS : #2ws AID:16 WHR:1 INT:0 AL:0 AP:0 FE:1 MC:1 TH:0
#1242644 06.07.2026 19:27:13 : EVT APPLICATION : Zapp climbl01:Disable
#1242645 06.07.2026 19:27:13 : EVT ANALYTICS : Zapp disabled i:5 h:a5e7afa5 n:Climb Log
#1242646 06.07.2026 19:27:13 : EVT APPLICATION : Zapp zzmoveen:Disable
#1242647 06.07.2026 19:27:13 : EVT ANALYTICS : Zapp disabled i:6 h:7aac0887 n:Movement
#1242648 06.07.2026 19:27:13 : EVT UI_FRAMEWORK : evalFile: b:/zapp/zzmoveen.fea/ext2.js from ui
#1242649 06.07.2026 19:27:13 : EVT APPLICATION : Zapp zzwethen:Disable
#1242650 06.07.2026 19:27:13 : EVT ANALYTICS : Zapp disabled i:8 h:3f77f8ec n:Weather
#1242651 06.07.2026 19:27:13 : EVT UI_FRAMEWORK : JS discard disable zapps
#1242652 06.07.2026 19:27:13 : EVT UI_FRAMEWORK : JS will discard
#1242653 06.07.2026 19:27:13 : EVT SPEEDFUSION : INFO # stop speed fusion
#1242654 06.07.2026 19:27:13 : EVT <Unknown> : Update pres sampl intrvl:5
#1242655 06.07.2026 19:27:13 : WRN APPLICATION : discard hrr meas l:3 d:0 sh:83 mh:83 v:0
#1242656 06.07.2026 19:27:13 : WRN WBAPI : eID-698eec(583/65535): 404
#1242657 06.07.2026 19:27:13 : EVT TRAININGZONE : User Define Mode:5
#1242658 06.07.2026 19:27:13 : EVT TRAININGZONE : Tss HR:0.07
#1242659 06.07.2026 19:27:13 : EVT TRAININGZONE : A:16,Tss:[-200.00,-200.00,-200.00,0.07]
#1242660 06.07.2026 19:27:13 : EVT ANALYTICS : WAOae:Activity WAOae:16
#1242661 06.07.2026 19:27:13 : EVT ANALYTICS : WAOae:TotalAcc WAOae:0,0,0
#1242662 06.07.2026 19:27:13 : EVT ANALYTICS : WAOae:AccCount WAOae:0,0,0
#1242663 06.07.2026 19:27:13 : EVT ANALYTICS : WAOae:Distance WAOae:0,0,0
#1242664 06.07.2026 19:27:13 : EVT ANALYTICS : WAOae:Duration WAOae:0,0,0
#1242665 06.07.2026 19:27:13 : EVT ANALYTICS : WAOae:Coeff WAOae:0,40,122,272,773,7524,7624
#1242666 06.07.2026 19:27:13 : EVT LOGGER : Exercise stopped
#1242667 06.07.2026 19:27:13 : EVT BLE : HR RR off (14399156, 3964 ms missing)
#1242668 06.07.2026 19:27:13 : EVT LOGGER : HrIbiLogger stop, wait (4606 ms)
#1242669 06.07.2026 19:27:13 : TRC GPS : Unsubd c:802b0000
#1242670 06.07.2026 19:27:13 : EVT ANALYTICS : SleepQ:Tracking:On
#1242671 06.07.2026 19:27:14 : EVT <Unknown> : 1783358834142:Off Skin Set.
#1242672 06.07.2026 19:27:14 : EVT <Unknown> : 1783358834518:On Skin Set.
#1242673 06.07.2026 19:27:15 : EVT BLE : HR RR done
#1242674 06.07.2026 19:27:15 : TRC BLE : HR belt slow conn
#1242675 06.07.2026 19:27:15 : EVT TRAININGLAB : AppFeature Vo2Max 0.000000
#1242676 06.07.2026 19:27:15 : EVT TRAININGLAB : TLab:~Mode T 20745 + 1 A 6980 + 0
#1242677 06.07.2026 19:27:15 : EVT TRAININGLAB : TLab:Change mode 3->2
#1242678 06.07.2026 19:27:15 : EVT TRAININGLAB : TLab:Mode::userInfo 60, 200, 1, 37, 182, 950, 1990
#1242679 06.07.2026 19:27:15 : EVT LOGGER : LGR 934, 80
#1242680 06.07.2026 19:27:15 : EVT TRAININGLAB : ModeUnsub:91C5
#1242681 06.07.2026 19:27:15 : EVT TRAININGLAB : ModeSub:0400
#1242682 06.07.2026 19:27:15 : EVT LOGGER : HrIbiLogger stopped (8570 ms)
#1242683 06.07.2026 19:27:15 : EVT LOGGER : LGR 934, 80
#1242684 06.07.2026 19:27:15 : EVT LOGGER : Wr dpc on
#1242685 06.07.2026 19:27:15 : EVT LOGGER : LGR 20993, 56
#1242686 06.07.2026 19:27:16 : EVT WBSTORAGE : CACHE_DEFRAG (568->1024, 24->24, 25)
#1242687 06.07.2026 19:27:16 : EVT WBSTORAGE : CACHE_DEFRAG (1008->1016, 24->24, 25)
#1242688 06.07.2026 19:27:16 : TRC NAVIGATION : CG: no climb WP
#1242689 06.07.2026 19:27:16 : TRC NAVIGATION : CG:init ZoomType=0
#1242690 06.07.2026 19:27:16 : EVT NAVIGATION : initSeg Idx=0 D=1 T=0 3-0-4
#1242691 06.07.2026 19:27:16 : EVT WBSTORAGE : CACHE_DEFRAG (1000->1024, 24->24, 25)
#1242692 06.07.2026 19:27:16 : EVT SPEEDFUSION : INFO # IDLE mode(-1) set
#1242693 06.07.2026 19:27:16 : EVT ALTIFUSION : AltiBaroMode:2
#1242694 06.07.2026 19:27:16 : ERR WBMAIN : *0: app 799 Event 28 802c400e
#1242695 06.07.2026 19:27:16 : ERR WBMAIN : 1: mea 1 Wait 0 00000000
#1242696 06.07.2026 19:27:16 : ERR WBMAIN : 2: ui 3 Wait 0 00000000
#1242697 06.07.2026 19:27:16 : EVT OHR : S:start 0x2123
#1242698 06.07.2026 19:27:16 : EVT ANALYTICS : #powersave mode:p temp:32.7
#1242699 06.07.2026 19:27:16 : EVT ANALYTICS : Battery-> 4 soc:98
#1242700 06.07.2026 19:27:16 : EVT BLE : Disconn sensor:1
#1242701 06.07.2026 19:27:16 : EVT BLE : BLE Sensor Link 4800180D Disc (L-E-:25:0)
#1242702 06.07.2026 19:27:16 : WRN BLE : sendDisconnect 6157
#1242703 06.07.2026 19:27:16 : ERR BLE : [AURA]Filter with handle 72 not found
#1242704 06.07.2026 19:27:16 : EVT <Unknown> : 1783358836653:Meas start 0x2123
#1242705 06.07.2026 19:27:17 : TRC BLE : SVC H/180D disabled
#1242706 06.07.2026 19:27:17 : TRC BLE : SVC H/F200 disabled
#1242707 06.07.2026 19:27:17 : EVT BLE : DEV H disconnected
#1242708 06.07.2026 19:27:17 : EVT WBSTORAGE : CACHE_DEFRAG (1000->1008, 24->24, 25)
#1242709 06.07.2026 19:27:17 : EVT WBSTORAGE : CACHE_DEFRAG (936->944, 24->24, 25)
#1242710 06.07.2026 19:27:17 : EVT BLE : report state:14402885
#1242711 06.07.2026 19:27:19 : EVT UI_FRAMEWORK : JS discard
#1242712 06.07.2026 19:27:19 : WRN LOGGER : Delete b:logs/6A4BE568
#1242713 06.07.2026 19:27:20 : ERR <Unknown> : 1783358840668:Mi invalid call:100,code:0.
#1242714 06.07.2026 19:27:21 : EVT OHR : No HR update, invalidate by timer
#1242715 06.07.2026 19:27:21 : EVT WBSTORAGE : CACHE_DEFRAG (872->880, 24->24, 25)
#1242716 06.07.2026 19:27:21 : EVT APPLICATION : Zapp zwc05901:Load script
#1242717 06.07.2026 19:27:22 : EVT APPLICATION : Zapp zwc05901:Enable
#1242718 06.07.2026 19:27:22 : EVT ANALYTICS : Zapp enabled i:3 h:ddb248f2 n:zwc05901 v:124f
#1242719 06.07.2026 19:27:22 : WRN WBAPI : eID-691468(277): /Weather/Current/ValidWeatherData.temp 
#1242720 06.07.2026 19:27:22 : EVT ANALYTICS : Sync start
#1242721 06.07.2026 19:27:22 : EVT ANALYTICS : Sync start
#1242722 06.07.2026 19:27:23 : EVT ANALYTICS : #sf R:5 A:Xiamen-fw_2.53.42.29545-V-8b67dbcf
#1242723 06.07.2026 19:27:23 : EVT ANALYTICS : #sf R:5 A:Xiamen-fw_2.53.42.29545-V-8b67dbcf
#1242724 06.07.2026 19:27:26 : EVT OHR : new HR update
#1242725 06.07.2026 19:27:41 : EVT OHR : No HR update, invalidate by timer
#1242726 06.07.2026 19:27:46 : ERR <Unknown> : 1783358866164:Hr_out conf_low:69/10.
#1242727 06.07.2026 19:28:06 : ERR <Unknown> : 1783358886177:Hr_out conf_low:67/30.
#1242728 06.07.2026 19:28:37 : ERR <Unknown> : 1783358916192:Hr_out conf_low:73/60.
#1242729 06.07.2026 19:29:04 : EVT OHR : new HR update
#1242730 06.07.2026 19:29:16 : WRN <Unknown> : 1783358956682:Device stationary, stopping optical meas
#1242731 06.07.2026 19:29:16 : EVT <Unknown> : 1783358956683:SCD DET STATE OFF cnt:0/0.
#1242732 06.07.2026 19:29:17 : EVT OHR : No HR update, invalidate by timer
#1242733 06.07.2026 19:29:48 : EVT <Unknown> : 1783358988197:On Skin Set.
#1242734 06.07.2026 19:29:49 : EVT <Unknown> : 1783358989228:Off Skin Set.
#1242735 06.07.2026 19:29:51 : EVT <Unknown> : 1783358991230:On Skin Set.
#1242736 06.07.2026 19:29:53 : EVT OHR : new HR update
#1242737 06.07.2026 19:30:01 : ERR WBMAIN : *0: app 1315 Event 24 80892700
#1242738 06.07.2026 19:30:01 : ERR WBMAIN : 1: mea 0 Event 3 80891701
#1242739 06.07.2026 19:30:01 : ERR WBMAIN : 2: ui 72 Wait 0 00000000
#1242740 06.07.2026 19:30:04 : EVT OHR : No HR update, invalidate by timer
#1242741 06.07.2026 19:30:09 : ERR <Unknown> : 1783359009124:Hr_out conf_low:84/10.
#1242742 06.07.2026 19:30:13 : EVT OHR : new HR update
#1242743 06.07.2026 19:30:31 : EVT OHR : No HR update, invalidate by timer
#1242744 06.07.2026 19:30:36 : ERR <Unknown> : 1783359036348:Hr_out conf_low:81/10.
#1242745 06.07.2026 19:30:45 : EVT OHR : new HR update
#1242746 06.07.2026 19:30:51 : EVT OHR : No HR update, invalidate by timer
#1242747 06.07.2026 19:30:55 : EVT OHR : new HR update
#1242748 06.07.2026 19:31:05 : EVT OHR : No HR update, invalidate by timer
#1242749 06.07.2026 19:31:10 : ERR <Unknown> : 1783359070387:Hr_out conf_low:87/10.
#1242750 06.07.2026 19:31:30 : ERR <Unknown> : 1783359090400:Hr_out conf_low:91/30.
#1242751 06.07.2026 19:31:31 : EVT ANALYTICS : #sf R:5 A:Xiamen-fw_2.53.42.29545-V-8b67dbcf
#1242752 06.07.2026 19:31:31 : EVT WBSTORAGE : CACHE_DEFRAG (752->760, 24->24, 25)
#1242753 06.07.2026 19:31:32 : ERR WBMAIN : *0: app 1012 Event 36 80005310
#1242754 06.07.2026 19:31:32 : ERR WBMAIN : 1: mea 42 Wait 0 00000000
#1242755 06.07.2026 19:31:32 : ERR WBMAIN : 2: ui 41 Wait 0 00000000
#1242756 06.07.2026 19:31:33 : ERR WBMAIN : *0: app 726 Event 36 80005310
#1242757 06.07.2026 19:31:33 : ERR WBMAIN : 1: mea 37 Wait 0 00000000
#1242758 06.07.2026 19:31:33 : ERR WBMAIN : 2: ui 36 Wait 0 00000000
#1242759 06.07.2026 19:31:33 : TRC APPLICATION : Zapp climbl01 uninstalled
#1242760 06.07.2026 19:31:36 : EVT OHR : new HR update
#1242761 06.07.2026 19:31:39 : EVT APPLICATION : Plugin zzclimen.zip as type:[2]
#1242762 06.07.2026 19:31:41 : ERR WBMAIN : *0: app 1702 Event 36 80005310
#1242763 06.07.2026 19:31:41 : ERR WBMAIN : 1: mea 72 Wait 0 00000000
#1242764 06.07.2026 19:31:41 : ERR WBMAIN : 2: ui 71 Wait 0 00000000
#1242765 06.07.2026 19:31:41 : EVT OHR : No HR update, invalidate by timer
#1242766 06.07.2026 19:31:42 : ERR WBMAIN : *0: app 726 Event 36 80005310
#1242767 06.07.2026 19:31:42 : ERR WBMAIN : 1: mea 66 Wait 0 00000000
#1242768 06.07.2026 19:31:42 : ERR WBMAIN : 2: ui 65 Wait 0 00000000
#1242769 06.07.2026 19:31:42 : EVT ANALYTICS : Sync start
#1242770 06.07.2026 19:31:42 : EVT ANALYTICS : Sync start
#1242771 06.07.2026 19:31:42 : TRC SETTINGS : UTC:1783359104|60 DST:1|120|1774746000|1792890000
#1242772 06.07.2026 19:31:42 : TRC SETTINGS : TMZ:|Europe/Zurich|
#1242773 06.07.2026 19:31:46 : EVT ANALYTICS : Weather sync ok d:720 f:0
#1242774 06.07.2026 19:31:46 : EVT WBSTORAGE : CACHE_DEFRAG (744->752, 24->24, 25)
#1242775 06.07.2026 19:31:46 : EVT ANALYTICS : synced city:Eglisau
#1242776 06.07.2026 19:31:46 : EVT GPS : Last known coordinate:lat:475781493, lon:85227308
#1242777 06.07.2026 19:31:46 : ERR <Unknown> : 1783359106422:Hr_out conf_low:94/10.
#1242778 06.07.2026 19:31:47 : EVT ANALYTICS : #sf R:5 A:Xiamen-fw_2.53.42.29545-V-8b67dbcf
#1242779 06.07.2026 19:31:47 : EVT ANALYTICS : #sf R:5 A:Xiamen-fw_2.53.42.29545-V-8b67dbcf
#1242780 06.07.2026 19:31:47 : EVT ANALYTICS : #sf R:5 A:Xiamen-fw_2.53.42.29545-V-8b67dbcf
#1242781 06.07.2026 19:31:48 : EVT OHR : new HR update
#1242782 06.07.2026 19:31:51 : WRN <Unknown> : 1783359111272:Device stationary, stopping optical meas
#1242783 06.07.2026 19:31:51 : EVT <Unknown> : 1783359111273:SCD DET STATE OFF cnt:0/0.
#1242784 06.07.2026 19:31:52 : EVT ANALYTICS : #sf R:5 A:Xiamen-fw_2.53.42.29545-V-8b67dbcf
#1242785 06.07.2026 19:31:56 : EVT OHR : No HR update, invalidate by timer
#1242786 06.07.2026 19:32:40 : EVT ANALYTICS : #sf R:5 A:Xiamen-fw_2.53.42.29545-V-8b67dbcf
#1242787 06.07.2026 19:33:18 : ERR WBMAIN : *0: app 1137 Event 36 80005310
#1242788 06.07.2026 19:33:18 : ERR WBMAIN : 1: mea 15 Wait 0 00000000
#1242789 06.07.2026 19:33:18 : ERR WBMAIN : 2: ui 15 Wait 0 00000000
#1242790 06.07.2026 19:33:19 : ERR WBMAIN : *0: app 726 Event 36 80005310
#1242791 06.07.2026 19:33:19 : ERR WBMAIN : 1: mea 18 Wait 0 00000000
#1242792 06.07.2026 19:33:19 : ERR WBMAIN : 2: ui 16 Wait 0 00000000
#1242793 06.07.2026 19:33:24 : EVT APPLICATION : Plugin zzclimen.zip as type:[2]
#1242794 06.07.2026 19:33:26 : ERR WBMAIN : *0: app 1711 Event 36 80005310
#1242795 06.07.2026 19:33:26 : ERR WBMAIN : 1: mea 13 Wait 0 00000000
#1242796 06.07.2026 19:33:26 : ERR WBMAIN : 2: ui 13 Wait 0 00000000
#1242797 06.07.2026 19:33:27 : ERR WBMAIN : *0: app 734 Event 36 80005310
#1242798 06.07.2026 19:33:27 : ERR WBMAIN : 1: mea 7 Wait 0 00000000
#1242799 06.07.2026 19:33:27 : ERR WBMAIN : 2: ui 6 Wait 0 00000000
#1242800 06.07.2026 19:33:27 : EVT ANALYTICS : Sync start
#1242801 06.07.2026 19:33:27 : EVT ANALYTICS : Sync start
#1242802 06.07.2026 19:33:28 : TRC SETTINGS : UTC:1783359209|60 DST:1|120|1774746000|1792890000
#1242803 06.07.2026 19:33:28 : TRC SETTINGS : TMZ:|Europe/Zurich|
#1242804 06.07.2026 19:33:29 : EVT ANALYTICS : Weather sync ok d:120 f:0
#1242805 06.07.2026 19:33:29 : EVT ANALYTICS : synced city:Eglisau
#1242806 06.07.2026 19:33:29 : EVT GPS : Last known coordinate:lat:475781564, lon:85227308
#1242807 06.07.2026 19:33:30 : EVT ANALYTICS : #sf R:5 A:Xiamen-fw_2.53.42.29545-V-8b67dbcf
#1242808 06.07.2026 19:34:38 : ERR WBMAIN : *0: app 1113 Event 36 80005310
#1242809 06.07.2026 19:34:38 : ERR WBMAIN : 1: mea 254 Wait 0 00000000
#1242810 06.07.2026 19:34:38 : ERR WBMAIN : 2: ui 254 Wait 0 00000000
#1242811 06.07.2026 19:34:39 : ERR WBMAIN : *0: app 697 Event 36 80005310
#1242812 06.07.2026 19:34:39 : ERR WBMAIN : 1: mea 5 Wait 0 00000000
#1242813 06.07.2026 19:34:39 : ERR WBMAIN : 2: ui 6 Wait 0 00000000
#1242814 06.07.2026 19:34:44 : EVT APPLICATION : Plugin zzclimen.zip as type:[2]
#1242815 06.07.2026 19:34:47 : EVT APPLICATION : Plugin vgq34s4r.zip as type:[3]
#1242816 06.07.2026 19:34:48 : ERR WBMAIN : *0: app 1646 Event 36 80005310
#1242817 06.07.2026 19:34:48 : ERR WBMAIN : 1: mea 775 Wait 0 00000000
#1242818 06.07.2026 19:34:48 : ERR WBMAIN : 2: ui 775 Wait 0 00000000
#1242819 06.07.2026 19:34:49 : ERR WBMAIN : *0: app 780 Event 36 80005310
#1242820 06.07.2026 19:34:49 : ERR WBMAIN : 1: mea 603 Wait 0 00000000
#1242821 06.07.2026 19:34:49 : ERR WBMAIN : 2: ui 604 Wait 0 00000000
#1242822 06.07.2026 19:34:49 : EVT ANALYTICS : #sf R:5 A:Xiamen-fw_2.53.42.29545-V-8b67dbcf
#1242823 06.07.2026 19:37:08 : EVT <Unknown> : 1783359427856:xiaomi reset t:612775970/296193695.
#1242824 06.07.2026 19:37:08 : EVT <Unknown> : 1783359427856:On Skin Set.
#1242825 06.07.2026 19:37:12 : ERR <Unknown> : 1783359431877:Mi invalid call:100,code:0.
#1242826 06.07.2026 19:37:23 : EVT OHR : new HR update
#1242827 06.07.2026 19:37:33 : EVT OHR : No HR update, invalidate by timer
#1242828 06.07.2026 19:37:38 : ERR <Unknown> : 1783359458170:Hr_out conf_low:72/10.
#1242829 06.07.2026 19:37:41 : EVT OHR : new HR update
#1242830 06.07.2026 19:37:51 : EVT OHR : No HR update, invalidate by timer
#1242831 06.07.2026 19:37:56 : ERR <Unknown> : 1783359476220:Hr_out conf_low:88/10.
#1242832 06.07.2026 19:37:57 : EVT OHR : new HR update
#1242833 06.07.2026 19:38:14 : EVT OHR : No HR update, invalidate by timer
#1242834 06.07.2026 19:38:19 : ERR <Unknown> : 1783359499406:Hr_out conf_low:86/10.
#1242835 06.07.2026 19:38:34 : EVT OHR : new HR update
#1242836 06.07.2026 19:38:41 : EVT OHR : No HR update, invalidate by timer
#1242837 06.07.2026 19:38:42 : EVT <Unknown> : 1783359521748:Off Skin Set.
#1242838 06.07.2026 19:38:45 : EVT PMIC : VBUS state is ON
#1242839 06.07.2026 19:38:45 : EVT PMIC : chgCntl1:0x70
#1242840 06.07.2026 19:38:45 : EVT PMIC : check chgCntl1:0x74
#1242841 06.07.2026 19:38:45 : EVT PMIC : Turn charge ON since VBUS->ON
#1242842 06.07.2026 19:38:45 : EVT PMIC : PMIC temp zone:0x2
#1242843 06.07.2026 19:38:45 : EVT PMIC : PMIC Fast-charge constant cur
#1242844 06.07.2026 19:38:45 : EVT OHR : VBUS on
#1242845 06.07.2026 19:38:45 : EVT OHR : S:stop 23
#1242846 06.07.2026 19:38:45 : EVT <Unknown> : 1783359525296:Meas stop 0x2123
#1242847 06.07.2026 19:38:45 : EVT PMIC : PMIC Fast-charge constant voltage
#1242848 06.07.2026 19:38:45 : WRN <Unknown> : 1783359525297:FSM EVT STOP.
#1242849 06.07.2026 19:38:45 : EVT OHR : S:OFF 1->0
#1242850 06.07.2026 19:38:45 : EVT PMIC : VBUS state is ON
#1242851 06.07.2026 19:38:49 : TRC FUEL_GAUGE : Chg->1,B:5,C:36.0,V:4411,U:1,bF:98%,bC:98%
#1242852 06.07.2026 19:38:49 : EVT ANALYTICS : Battery-> 2 soc:98
#1242853 06.07.2026 19:38:57 : EVT WBCOMM : P-9 connection made to ECSD00000000
#1242854 06.07.2026 19:38:57 : EVT WBCOMM : New Route: ECSD00000000
#1242855 06.07.2026 19:38:58 : ERR WBMAIN : *0: app 1022 Event 36 80005310
#1242856 06.07.2026 19:38:58 : ERR WBMAIN : 1: mea 3 Wait 0 00000000
#1242857 06.07.2026 19:38:58 : ERR WBMAIN : 2: ui 3 Wait 0 00000000
#1242858 06.07.2026 19:38:59 : ERR WBMAIN : *0: app 815 Event 36 80005310
#1242859 06.07.2026 19:38:59 : ERR WBMAIN : 1: mea 67 Wait 0 00000000
#1242860 06.07.2026 19:38:59 : ERR WBMAIN : 2: ui 66 Wait 0 00000000
#1242861 06.07.2026 19:39:00 : EVT WBSTORAGE : CACHE_DEFRAG (688->704, 24->24, 25)
#1242862 06.07.2026 19:39:00 : EVT WBSTORAGE : CACHE_DEFRAG (672->688, 24->24, 25)
#1242863 06.07.2026 19:39:00 : EVT <Unknown> : DL Region List
#1242864 06.07.2026 19:39:00 : EVT WIFI : Pwr up
#1242865 06.07.2026 19:39:01 : EVT ANALYTICS : Sync start
#1242866 06.07.2026 19:39:01 : EVT ANALYTICS : Sync start

