#1281106 07.07.2026 23:23:19 : EVT UI_FRAMEWORK : evalFile: b:/zapp/zzmoveen.fea/ext2.js from ui
#1281107 07.07.2026 23:23:19 : EVT APPLICATION : Zapp zzwethen:Disable
#1281108 07.07.2026 23:23:19 : EVT ANALYTICS : Zapp disabled i:8 h:3f77f8ec n:Weather
#1281109 07.07.2026 23:23:19 : EVT SPEEDFUSION : INFO # stop speed fusion
#1281110 07.07.2026 23:23:19 : EVT <Unknown> : Update pres sampl intrvl:5
#1281111 07.07.2026 23:23:19 : EVT ANALYTICS : SleepQ:Tracking:On
#1281112 07.07.2026 23:23:19 : EVT OHR : S:start 0x2123
#1281113 07.07.2026 23:23:19 : EVT WBSTORAGE : CACHE_DEFRAG (1000->1008, 24->24, 25)
#1281114 07.07.2026 23:23:20 : EVT <Unknown> : 1783459399723:Meas start 0x2123
#1281115 07.07.2026 23:23:20 : EVT APPLICATION : Zapp zwc05901:Load script
#1281116 07.07.2026 23:23:20 : EVT APPLICATION : Zapp zwc05901:Enable
#1281117 07.07.2026 23:23:20 : EVT ANALYTICS : Zapp enabled i:3 h:ddb248f2 n:zwc05901 v:124f
#1281118 07.07.2026 23:23:20 : WRN WBAPI : eID-691468(277): /Weather/Current/ValidWeatherData.temp 
#1281119 07.07.2026 23:23:20 : EVT BLE : Disconn sensor:1
#1281120 07.07.2026 23:23:20 : EVT BLE : BLE Sensor Link 4800180D Disc (L-E-:00:0)
#1281121 07.07.2026 23:23:20 : WRN BLE : sendDisconnect 6157
#1281122 07.07.2026 23:23:20 : ERR BLE : [AURA]No filters left, stopping scan
#1281123 07.07.2026 23:23:22 : EVT <Unknown> : 1783459401476:Off Skin Set.
#1281124 07.07.2026 23:23:23 : EVT PMIC : VBUS state is ON
#1281125 07.07.2026 23:23:23 : EVT PMIC : chgCntl1:0x70
#1281126 07.07.2026 23:23:23 : EVT PMIC : check chgCntl1:0x74
#1281127 07.07.2026 23:23:23 : EVT PMIC : Turn charge ON since VBUS->ON
#1281128 07.07.2026 23:23:23 : EVT PMIC : PMIC temp zone:0x2
#1281129 07.07.2026 23:23:23 : EVT PMIC : PMIC Fast-charge constant cur
#1281130 07.07.2026 23:23:23 : EVT OHR : VBUS on
#1281131 07.07.2026 23:23:23 : EVT OHR : S:stop 23
#1281132 07.07.2026 23:23:23 : EVT <Unknown> : 1783459403791:Meas stop 0x2123
#1281133 07.07.2026 23:23:23 : EVT PMIC : PMIC Fast-charge constant voltage
#1281134 07.07.2026 23:23:23 : WRN <Unknown> : 1783459403791:FSM EVT STOP.
#1281135 07.07.2026 23:23:23 : EVT OHR : S:OFF 1->0
#1281136 07.07.2026 23:23:23 : EVT PMIC : VBUS state is ON
#1281137 07.07.2026 23:23:24 : EVT OHR : No HR update, invalidate by timer
#1281138 07.07.2026 23:23:24 : EVT PMIC : PMIC temp zone:0x7
#1281139 07.07.2026 23:23:24 : EVT PMIC : VBUS state is OFF
#1281140 07.07.2026 23:23:24 : EVT PMIC : Turn charge OFF since VBUS->OFF
#1281141 07.07.2026 23:23:24 : EVT OHR : VBUS off
#1281142 07.07.2026 23:23:24 : EVT OHR : S:ON 0->1
#1281143 07.07.2026 23:23:24 : EVT OHR : APPINIT:caps 0x1f4, 6b738616
#1281144 07.07.2026 23:23:24 : EVT <Unknown> : 1783459404804:AI@1783459404780, tz120
#1281145 07.07.2026 23:23:24 : EVT OHR : S:start 0x2123
#1281146 07.07.2026 23:23:24 : EVT <Unknown> : 1783459404809:Meas start 0x2123
#1281147 07.07.2026 23:23:24 : EVT <Unknown> : 1783459404820:PD1464, 0
#1281148 07.07.2026 23:23:24 : EVT <Unknown> : 1783459404885:GMV 20251126/1/4/0/395/46
#1281149 07.07.2026 23:23:25 : EVT <Unknown> : 1783459405147:Mi1.6.10, auth 0, hr_mode 0
#1281150 07.07.2026 23:23:25 : EVT PMIC : VBUS state is ON
#1281151 07.07.2026 23:23:25 : EVT PMIC : chgCntl1:0x70
#1281152 07.07.2026 23:23:25 : EVT PMIC : check chgCntl1:0x74
#1281153 07.07.2026 23:23:25 : EVT PMIC : Turn charge ON since VBUS->ON
#1281154 07.07.2026 23:23:25 : EVT PMIC : PMIC temp zone:0x2
#1281155 07.07.2026 23:23:25 : EVT PMIC : PMIC Fast-charge constant cur
#1281156 07.07.2026 23:23:25 : EVT OHR : VBUS on
#1281157 07.07.2026 23:23:25 : EVT OHR : S:stop 23
#1281158 07.07.2026 23:23:25 : EVT <Unknown> : 1783459405331:Meas stop 0x2123
#1281159 07.07.2026 23:23:25 : EVT PMIC : PMIC Fast-charge constant voltage
#1281160 07.07.2026 23:23:25 : EVT PMIC : VBUS state is ON
#1281161 07.07.2026 23:23:25 : WRN <Unknown> : 1783459405331:FSM EVT STOP.
#1281162 07.07.2026 23:23:25 : EVT OHR : S:OFF 1->0
#1281163 07.07.2026 23:23:27 : EVT WBSTORAGE : CACHE_DEFRAG (880->888, 24->24, 25)
#1281164 07.07.2026 23:23:27 : EVT WBSTORAGE : CACHE_DEFRAG (816->824, 24->24, 25)
#1281165 07.07.2026 23:23:27 : EVT BLE : lt,scan 1
#1281166 07.07.2026 23:23:27 : WRN BLE : sendDisconnect 6157
#1281167 07.07.2026 23:23:27 : ERR BLE : [AURA]Filter with handle 72 not found
#1281168 07.07.2026 23:23:27 : EVT BLE : packet 0 sensor found count 1
#1281169 07.07.2026 23:23:27 : EVT BLE : packet 0 sensor found count 2
#1281170 07.07.2026 23:23:27 : TRC FUEL_GAUGE : Chg->1,B:5,C:6.5,V:4422,U:1,bF:100%,bC:100%
#1281171 07.07.2026 23:23:27 : EVT ANALYTICS : Battery-> 2 soc:100
#1281172 07.07.2026 23:23:40 : EVT WBSTORAGE : CACHE_DEFRAG (752->760, 24->24, 25)
#1281173 07.07.2026 23:23:40 : EVT WBSTORAGE : CACHE_DEFRAG (728->736, 24->24, 25)
#1281174 07.07.2026 23:23:40 : EVT <Unknown> : DL Region List
#1281175 07.07.2026 23:23:40 : EVT WIFI : Pwr up
#1281176 07.07.2026 23:23:41 : EVT WBCOMM : P-9 connection made to ECSD00000000
#1281177 07.07.2026 23:23:41 : EVT WBCOMM : New Route: ECSD00000000
#1281178 07.07.2026 23:23:44 : ERR WBMAIN : *0: app 727 Event 36 80005310
#1281179 07.07.2026 23:23:44 : ERR WBMAIN : 1: mea 33 Wait 0 00000000
#1281180 07.07.2026 23:23:44 : ERR WBMAIN : 2: ui 32 Wait 0 00000000
#1281181 07.07.2026 23:23:45 : EVT ANALYTICS : Sync start
#1281182 07.07.2026 23:23:45 : EVT ANALYTICS : Sync start
#1281183 07.07.2026 23:23:46 : EVT WIFI : pwr up
#1281184 07.07.2026 23:23:46 : EVT WIFI : SDK Ver(3.2.8.1)
#1281185 07.07.2026 23:23:47 : EVT WIFI : Scann APs (1/3)
#1281186 07.07.2026 23:23:47 : EVT WIFI : APs scanned:1
#1281187 07.07.2026 23:23:47 : EVT WBSTORAGE : CACHE_DEFRAG (688->704, 24->24, 25)
#1281188 07.07.2026 23:23:47 : WRN WIFI : No APs matched to connect
#1281189 07.07.2026 23:23:47 : EVT WIFI : Scann APs (2/3)
#1281190 07.07.2026 23:23:48 : EVT WIFI : APs scanned:1
#1281191 07.07.2026 23:23:48 : WRN WIFI : No APs matched to connect
#1281192 07.07.2026 23:23:48 : EVT WIFI : Scann APs (3/3)
#1281193 07.07.2026 23:23:49 : EVT WIFI : APs scanned:1
#1281194 07.07.2026 23:23:49 : WRN WIFI : No APs matched to connect
#1281195 07.07.2026 23:23:49 : EVT WIFI : Internal connect ret:103
#1281196 07.07.2026 23:23:49 : ERR <Unknown> : DL GET resultCode=500
#1281197 07.07.2026 23:23:49 : EVT <Unknown> : DL try retry after 900000 ms
#1281198 07.07.2026 23:24:02 : EVT WIFI : Pwr down idle wifi (TO:13se)
#1281199 07.07.2026 23:24:02 : EVT WIFI : pwr down OK
#1281200 07.07.2026 23:25:48 : EVT PMIC : PMIC temp zone:0x7
#1281201 07.07.2026 23:25:48 : EVT PMIC : VBUS state is OFF
#1281202 07.07.2026 23:25:48 : EVT PMIC : Turn charge OFF since VBUS->OFF
#1281203 07.07.2026 23:25:48 : EVT WBCOMM : Route lost: ECSD00000000
#1281204 07.07.2026 23:25:48 : TRC FUEL_GAUGE : Chg->0,B:5,C:29.3,V:4442,U:0,bF:100%,bC:100%
#1281205 07.07.2026 23:25:48 : EVT OHR : VBUS off
#1281206 07.07.2026 23:25:48 : EVT OHR : S:ON 0->1
#1281207 07.07.2026 23:25:48 : EVT ANALYTICS : Battery-> 1 soc:100
#1281208 07.07.2026 23:25:48 : EVT OHR : APPINIT:caps 0x1f4, 6b738616
#1281209 07.07.2026 23:25:48 : EVT <Unknown> : 1783459548784:AI@1783459548760, tz120
#1281210 07.07.2026 23:25:48 : EVT OHR : S:start 0x2123
#1281211 07.07.2026 23:25:48 : EVT <Unknown> : 1783459548790:Meas start 0x2123
#1281212 07.07.2026 23:25:49 : EVT <Unknown> : 1783459548805:PD1464, 0
#1281213 07.07.2026 23:25:49 : EVT <Unknown> : 1783459548870:GMV 20251126/1/4/0/395/46
#1281214 07.07.2026 23:25:49 : EVT <Unknown> : 1783459549124:Mi1.6.10, auth 0, hr_mode 0
#1281215 07.07.2026 23:34:44 : EVT <Unknown> : 1783460084799:On Skin Set.
#1281216 07.07.2026 23:34:48 : ERR <Unknown> : 1783460088813:Mi invalid call:100,code:0.
#1281217 07.07.2026 23:34:49 : EVT <Unknown> : 1783460089111:Off Skin Set.
#1281218 07.07.2026 23:34:50 : EVT <Unknown> : 1783460090238:On Skin Set.
#1281219 07.07.2026 23:34:54 : EVT WBSTORAGE : CACHE_DEFRAG (664->680, 24->24, 25)
#1281220 07.07.2026 23:34:54 : TRC NAVIGATION : CG: no climb WP
#1281221 07.07.2026 23:34:54 : TRC NAVIGATION : CG:init ZoomType=0
#1281222 07.07.2026 23:34:54 : EVT NAVIGATION : initSeg Idx=0 D=1 T=0 3-0-4
#1281223 07.07.2026 23:34:54 : EVT WBSTORAGE : CACHE_DEFRAG (632->904, 24->24, 25)
#1281224 07.07.2026 23:34:54 : EVT ALTIFUSION : AltiBaroMode:0
#1281225 07.07.2026 23:34:54 : EVT ALTIFUSION : Init AltiBaro
#1281226 07.07.2026 23:34:54 : EVT APPLICATION : Zapp zwc05901:Disable
#1281227 07.07.2026 23:34:54 : EVT ANALYTICS : Zapp disabled i:3 h:ddb248f2 n:Vector classic
#1281228 07.07.2026 23:34:54 : EVT ANALYTICS : SleepQ:Tracking:On
#1281229 07.07.2026 23:34:54 : EVT ALTIFUSION : AltiBaroMode:0
#1281230 07.07.2026 23:34:54 : EVT ALTIFUSION : Init AltiBaro
#1281231 07.07.2026 23:34:54 : EVT UI_FRAMEWORK : JS nsto enable zapp: zzwethen
#1281232 07.07.2026 23:34:54 : EVT UI_FRAMEWORK : JS nsto enable zapp: zzmoveen
#1281233 07.07.2026 23:34:54 : EVT APPLICATION : Zapp zzwethen:Load script
#1281234 07.07.2026 23:34:54 : EVT UI_FRAMEWORK : JS nsto enable zapp: climbl01
#1281235 07.07.2026 23:34:54 : EVT APPLICATION : Zapp zzwethen:Enable
#1281236 07.07.2026 23:34:54 : EVT ANALYTICS : Zapp enabled i:8 h:3f77f8ec n:zzwethen v:ade
#1281237 07.07.2026 23:34:54 : EVT APPLICATION : Zapp clid:32878
#1281238 07.07.2026 23:34:54 : EVT APPLICATION : Zapp zzmoveen:Load script
#1281239 07.07.2026 23:34:55 : EVT APPLICATION : Zapp zzmoveen:Enable
#1281240 07.07.2026 23:34:55 : EVT ANALYTICS : Zapp enabled i:6 h:7aac0887 n:zzmoveen v:8e0
#1281241 07.07.2026 23:34:55 : EVT UI_FRAMEWORK : evalFile: b:/zapp/zzmoveen.fea/ext1.js from ui
#1281242 07.07.2026 23:34:55 : EVT APPLICATION : Zapp clid:32879
#1281243 07.07.2026 23:34:55 : EVT APPLICATION : Zapp climbl01:Load script
#1281244 07.07.2026 23:34:55 : EVT APPLICATION : Zapp climbl01:Enable
#1281245 07.07.2026 23:34:55 : EVT ANALYTICS : Zapp enabled i:5 h:a5e7afa5 n:climbl01 v:3.0
#1281246 07.07.2026 23:34:55 : EVT APPLICATION : Zapp clid:32880
#1281247 07.07.2026 23:34:55 : EVT UI_FRAMEWORK : JS nsto all zapps enabled.
#1281248 07.07.2026 23:34:55 : EVT UI_FRAMEWORK : JS Prestart Activity Id: 16.000
#1281249 07.07.2026 23:34:55 : WRN WBAPI : eID-691468(277): /Dive/Alarms/Acknowledge 404
#1281250 07.07.2026 23:34:55 : WRN WBAPI : eID-691468(277): /Dive/DiveGases 404
#1281251 07.07.2026 23:34:55 : WRN WBAPI : eID-691468(277): /Dive/Gauge/Next 404
#1281252 07.07.2026 23:34:55 : EVT WBSTORAGE : CACHE_DEFRAG (880->888, 24->24, 25)
#1281253 07.07.2026 23:34:55 : EVT WBSTORAGE : CACHE_DEFRAG (816->824, 24->24, 25)
#1281254 07.07.2026 23:34:55 : EVT WBSTORAGE : CACHE_DEFRAG (752->760, 24->24, 25)
#1281255 07.07.2026 23:34:55 : EVT BLE : BLE Sensor Link 4800180D Conn (--E-:00:1)
#1281256 07.07.2026 23:34:55 : WRN BLE : sendConnect 6157
#1281257 07.07.2026 23:34:56 : WRN WBAPI : eID-691468(277): /Dive/TankPressure/Alarm/Count 404
#1281258 07.07.2026 23:34:56 : EVT SPEEDFUSION : INFO # start speed fusion
#1281259 07.07.2026 23:34:56 : EVT SPEEDFUSION : Act:16,Acc:0,BPod:0,FPod:0,PPod:0,BeltPod:1
#1281260 07.07.2026 23:34:56 : EVT SPEEDFUSION : INFO # Start algo without wrist acc
#1281261 07.07.2026 23:34:56 : EVT <Unknown> : Update pres sampl intrvl:1
#1281262 07.07.2026 23:34:56 : EVT OHR : S:start 0x21a3
#1281263 07.07.2026 23:34:56 : ERR BLE : [AURA]No filters left, stopping scan
#1281264 07.07.2026 23:34:56 : EVT TRAININGLAB : TLab:~Mode T 25654 + 174 A 7480 + 0
#1281265 07.07.2026 23:34:56 : EVT TRAININGLAB : TLab:Change mode 2->3
#1281266 07.07.2026 23:34:56 : EVT TRAININGLAB : TLab:Mode::userInfo 60, 200, 1, 37, 182, 950, 1990
#1281267 07.07.2026 23:34:56 : EVT LOGGER : Log space:30330755 bytes free
#1281268 07.07.2026 23:34:56 : EVT TRAININGLAB : ModeUnsub:2800
#1281269 07.07.2026 23:34:56 : EVT TRAININGLAB : ModeSub:9004
#1281270 07.07.2026 23:34:56 : EVT TRAININGLAB : TLab:Select input 0
#1281271 07.07.2026 23:34:56 : EVT TRAININGLAB : TLab:Active input 0
#1281272 07.07.2026 23:34:56 : EVT LOGGER : Exercise started
#1281273 07.07.2026 23:34:56 : EVT BLE : HR RR on (96021534)
#1281274 07.07.2026 23:34:56 : TRC GPS : Full GNSS data subd l:0 c:802b0000
#1281275 07.07.2026 23:34:56 : EVT <Unknown> : 1783460096234:Meas start 0x21a3
#1281276 07.07.2026 23:34:58 : EVT ANALYTICS : Battery-> 3 soc:100
#1281277 07.07.2026 23:34:58 : EVT ANALYTICS : #FusHr src:0 time:0
#1281278 07.07.2026 23:34:58 : EVT ANALYTICS : #Act id:16
#1281279 07.07.2026 23:34:58 : EVT ANALYTICS : #powersave mode:p temp:29.4
#1281280 07.07.2026 23:34:58 : EVT ANALYTICS : GPSMODE:NOTUSED
#1281281 07.07.2026 23:34:58 : EVT ANALYTICS : #gnss d:2026-07-07T00:00:00Z
#1281282 07.07.2026 23:34:58 : EVT ANALYTICS : #zapp n:Weather e:1
#1281283 07.07.2026 23:34:58 : EVT ANALYTICS : #zapp n:Movement e:1
#1281284 07.07.2026 23:34:58 : EVT ANALYTICS : #zapp n:Climb Log e:1
#1281285 07.07.2026 23:35:00 : EVT LOGGER : Exercise paused
#1281286 07.07.2026 23:35:00 : WRN WBAPI : eID-691468(277): /Dive/Alarms/Acknowledge 404
#1281287 07.07.2026 23:35:00 : WRN WBAPI : eID-691468(277): /Dive/DiveGases 404
#1281288 07.07.2026 23:35:00 : WRN WBAPI : eID-691468(277): /Dive/Gauge/Next 404
#1281289 07.07.2026 23:35:00 : EVT OHR : No HR update, invalidate by timer
#1281290 07.07.2026 23:35:02 : EVT OHR : new HR update
#1281291 07.07.2026 23:35:03 : EVT APPLICATION : Zapp climbl01:Disable
#1281292 07.07.2026 23:35:03 : EVT ANALYTICS : Zapp disabled i:5 h:a5e7afa5 n:Climb Log
#1281293 07.07.2026 23:35:03 : EVT APPLICATION : Zapp zzmoveen:Disable
#1281294 07.07.2026 23:35:03 : EVT ANALYTICS : Zapp disabled i:6 h:7aac0887 n:Movement
#1281295 07.07.2026 23:35:03 : EVT UI_FRAMEWORK : evalFile: b:/zapp/zzmoveen.fea/ext2.js from ui
#1281296 07.07.2026 23:35:03 : EVT APPLICATION : Zapp zzwethen:Disable
#1281297 07.07.2026 23:35:03 : EVT ANALYTICS : Zapp disabled i:8 h:3f77f8ec n:Weather
#1281298 07.07.2026 23:35:03 : EVT UI_FRAMEWORK : JS discard disable zapps
#1281299 07.07.2026 23:35:03 : EVT UI_FRAMEWORK : JS will discard
#1281300 07.07.2026 23:35:03 : EVT SPEEDFUSION : INFO # stop speed fusion
#1281301 07.07.2026 23:35:03 : EVT <Unknown> : Update pres sampl intrvl:5
#1281302 07.07.2026 23:35:03 : WRN APPLICATION : discard hrr meas l:3 d:0 sh:0 mh:0 v:0
#1281303 07.07.2026 23:35:03 : EVT TRAININGZONE : User Define Mode:5
#1281304 07.07.2026 23:35:03 : EVT TRAININGZONE : Tss HR:0.04
#1281305 07.07.2026 23:35:03 : EVT TRAININGZONE : A:16,Tss:[-200.00,-200.00,-200.00,0.04]
#1281306 07.07.2026 23:35:03 : EVT TRAININGLAB : AppFeature Vo2Max 0.000000
#1281307 07.07.2026 23:35:03 : EVT TRAININGLAB : TLab:~Mode T 25828 + 1 A 7480 + 0
#1281308 07.07.2026 23:35:03 : EVT TRAININGLAB : TLab:Change mode 3->2
#1281309 07.07.2026 23:35:03 : EVT TRAININGLAB : TLab:Mode::userInfo 60, 200, 1, 37, 182, 950, 1990
#1281310 07.07.2026 23:35:03 : EVT LOGGER : LGR 934, 80
#1281311 07.07.2026 23:35:03 : EVT TRAININGLAB : ModeUnsub:91C5
#1281312 07.07.2026 23:35:03 : EVT OHR : S:start 0x2123
#1281313 07.07.2026 23:35:03 : EVT TRAININGLAB : ModeSub:0400
#1281314 07.07.2026 23:35:03 : EVT ANALYTICS : WAOae:Activity WAOae:16
#1281315 07.07.2026 23:35:03 : EVT ANALYTICS : WAOae:TotalAcc WAOae:0,0,0
#1281316 07.07.2026 23:35:03 : EVT ANALYTICS : WAOae:AccCount WAOae:0,0,0
#1281317 07.07.2026 23:35:03 : EVT ANALYTICS : WAOae:Distance WAOae:0,0,0
#1281318 07.07.2026 23:35:03 : EVT ANALYTICS : WAOae:Duration WAOae:0,0,0
#1281319 07.07.2026 23:35:03 : EVT ANALYTICS : WAOae:Coeff WAOae:0,40,240,390,773,7524,7624
#1281320 07.07.2026 23:35:03 : EVT LOGGER : Exercise stopped
#1281321 07.07.2026 23:35:03 : EVT BLE : HR RR off (96028380, 6846 ms missing)
#1281322 07.07.2026 23:35:03 : EVT BLE : HR RR done
#1281323 07.07.2026 23:35:03 : EVT LOGGER : HrIbiLogger stop, off (0 ms)
#1281324 07.07.2026 23:35:03 : EVT LOGGER : HrIbiLogger stopped (0 ms)
#1281325 07.07.2026 23:35:03 : TRC GPS : Unsubd c:802b0000
#1281326 07.07.2026 23:35:03 : EVT LOGGER : LGR 934, 80
#1281327 07.07.2026 23:35:03 : EVT ANALYTICS : SleepQ:Tracking:On
#1281328 07.07.2026 23:35:03 : EVT LOGGER : Wr dpc on
#1281329 07.07.2026 23:35:03 : EVT LOGGER : LGR 20993, 56
#1281330 07.07.2026 23:35:03 : EVT WBSTORAGE : CACHE_DEFRAG (680->1016, 24->24, 25)
#1281331 07.07.2026 23:35:03 : TRC NAVIGATION : CG: no climb WP
#1281332 07.07.2026 23:35:03 : TRC NAVIGATION : CG:init ZoomType=0
#1281333 07.07.2026 23:35:03 : EVT NAVIGATION : initSeg Idx=0 D=1 T=0 3-0-4
#1281334 07.07.2026 23:35:03 : EVT <Unknown> : 1783460103355:Meas start 0x2123
#1281335 07.07.2026 23:35:03 : EVT WBSTORAGE : CACHE_DEFRAG (1000->1024, 24->24, 25)
#1281336 07.07.2026 23:35:03 : EVT SPEEDFUSION : INFO # IDLE mode(-1) set
#1281337 07.07.2026 23:35:03 : EVT ALTIFUSION : AltiBaroMode:2
#1281338 07.07.2026 23:35:04 : EVT BLE : Disconn sensor:1
#1281339 07.07.2026 23:35:04 : EVT BLE : BLE Sensor Link 4800180D Disc (L-E-:00:0)
#1281340 07.07.2026 23:35:04 : WRN BLE : sendDisconnect 6157
#1281341 07.07.2026 23:35:04 : ERR BLE : [AURA]No filters left, stopping scan
#1281342 07.07.2026 23:35:04 : ERR BLE : [AURA]Filter with handle 72 not found
#1281343 07.07.2026 23:35:05 : EVT ANALYTICS : #powersave mode:p temp:29.4
#1281344 07.07.2026 23:35:05 : EVT ANALYTICS : Battery-> 4 soc:100
#1281345 07.07.2026 23:35:05 : EVT WBSTORAGE : CACHE_DEFRAG (1000->1008, 24->24, 25)
#1281346 07.07.2026 23:35:06 : EVT WBSTORAGE : CACHE_DEFRAG (936->944, 24->24, 25)
#1281347 07.07.2026 23:35:06 : EVT BLE : lt,scan 1
#1281348 07.07.2026 23:35:06 : WRN BLE : sendDisconnect 6157
#1281349 07.07.2026 23:35:06 : ERR BLE : [AURA]Filter with handle 72 not found
#1281350 07.07.2026 23:35:06 : EVT BLE : packet 0 sensor found count 1
#1281351 07.07.2026 23:35:06 : EVT BLE : packet 0 sensor found count 2
#1281352 07.07.2026 23:35:06 : EVT UI_FRAMEWORK : JS discard
#1281353 07.07.2026 23:35:07 : WRN LOGGER : Delete b:logs/6A4D7100
#1281354 07.07.2026 23:35:09 : EVT WBSTORAGE : CACHE_DEFRAG (872->880, 24->24, 25)
#1281355 07.07.2026 23:35:09 : EVT APPLICATION : Zapp zwc05901:Load script
#1281356 07.07.2026 23:35:09 : EVT APPLICATION : Zapp zwc05901:Enable
#1281357 07.07.2026 23:35:09 : EVT ANALYTICS : Zapp enabled i:3 h:ddb248f2 n:zwc05901 v:124f
#1281358 07.07.2026 23:35:09 : WRN WBAPI : eID-691468(277): /Weather/Current/ValidWeatherData.temp 
#1281359 07.07.2026 23:35:10 : EVT OHR : No HR update, invalidate by timer
#1281360 07.07.2026 23:35:14 : EVT WBSTORAGE : CACHE_DEFRAG (752->760, 24->24, 25)
#1281361 07.07.2026 23:35:15 : EVT WBSTORAGE : CACHE_DEFRAG (712->744, 24->24, 25)
#1281362 07.07.2026 23:35:15 : TRC NAVIGATION : CG: no climb WP
#1281363 07.07.2026 23:35:15 : TRC NAVIGATION : CG:init ZoomType=0
#1281364 07.07.2026 23:35:15 : EVT NAVIGATION : initSeg Idx=0 D=1 T=0 3-0-4
#1281365 07.07.2026 23:35:15 : ERR <Unknown> : 1783460115251:Hr_out conf_low:65/10.
#1281366 07.07.2026 23:35:15 : EVT WBSTORAGE : CACHE_DEFRAG (720->944, 24->24, 25)
#1281367 07.07.2026 23:35:15 : EVT ALTIFUSION : AltiBaroMode:0
#1281368 07.07.2026 23:35:15 : EVT ALTIFUSION : Init AltiBaro
#1281369 07.07.2026 23:35:15 : EVT APPLICATION : Zapp zwc05901:Disable
#1281370 07.07.2026 23:35:15 : EVT ANALYTICS : Zapp disabled i:3 h:ddb248f2 n:Vector classic
#1281371 07.07.2026 23:35:15 : EVT ANALYTICS : SleepQ:Tracking:On
#1281372 07.07.2026 23:35:15 : EVT ALTIFUSION : AltiBaroMode:0
#1281373 07.07.2026 23:35:15 : EVT ALTIFUSION : Init AltiBaro
#1281374 07.07.2026 23:35:15 : EVT WBSTORAGE : CACHE_DEFRAG (920->928, 24->24, 25)
#1281375 07.07.2026 23:35:15 : EVT UI_FRAMEWORK : JS nsto enable zapp: zzwethen
#1281376 07.07.2026 23:35:15 : EVT UI_FRAMEWORK : JS nsto enable zapp: zzmoveen
#1281377 07.07.2026 23:35:15 : EVT UI_FRAMEWORK : JS nsto enable zapp: climbl01
#1281378 07.07.2026 23:35:15 : EVT APPLICATION : Zapp zzwethen:Load script
#1281379 07.07.2026 23:35:15 : EVT APPLICATION : Zapp zzwethen:Enable
#1281380 07.07.2026 23:35:15 : EVT ANALYTICS : Zapp enabled i:8 h:3f77f8ec n:zzwethen v:ade
#1281381 07.07.2026 23:35:15 : EVT APPLICATION : Zapp clid:32878
#1281382 07.07.2026 23:35:15 : EVT APPLICATION : Zapp zzmoveen:Load script
#1281383 07.07.2026 23:35:15 : EVT APPLICATION : Zapp zzmoveen:Enable
#1281384 07.07.2026 23:35:16 : EVT ANALYTICS : Zapp enabled i:6 h:7aac0887 n:zzmoveen v:8e0
#1281385 07.07.2026 23:35:16 : EVT UI_FRAMEWORK : evalFile: b:/zapp/zzmoveen.fea/ext1.js from ui
#1281386 07.07.2026 23:35:16 : EVT APPLICATION : Zapp clid:32879
#1281387 07.07.2026 23:35:16 : EVT APPLICATION : Zapp climbl01:Load script
#1281388 07.07.2026 23:35:16 : EVT APPLICATION : Zapp climbl01:Enable
#1281389 07.07.2026 23:35:16 : EVT ANALYTICS : Zapp enabled i:5 h:a5e7afa5 n:climbl01 v:3.0
#1281390 07.07.2026 23:35:16 : EVT APPLICATION : Zapp clid:32880
#1281391 07.07.2026 23:35:16 : EVT UI_FRAMEWORK : JS nsto all zapps enabled.
#1281392 07.07.2026 23:35:16 : EVT UI_FRAMEWORK : JS Prestart Activity Id: 16.000
#1281393 07.07.2026 23:35:16 : WRN WBAPI : eID-691468(277): /Dive/Alarms/Acknowledge 404
#1281394 07.07.2026 23:35:16 : WRN WBAPI : eID-691468(277): /Dive/DiveGases 404
#1281395 07.07.2026 23:35:16 : WRN WBAPI : eID-691468(277): /Dive/Gauge/Next 404
#1281396 07.07.2026 23:35:16 : EVT WBSTORAGE : CACHE_DEFRAG (880->888, 24->24, 25)
#1281397 07.07.2026 23:35:16 : EVT WBSTORAGE : CACHE_DEFRAG (816->824, 24->24, 25)
#1281398 07.07.2026 23:35:16 : EVT WBSTORAGE : CACHE_DEFRAG (752->760, 24->24, 25)
#1281399 07.07.2026 23:35:16 : EVT BLE : BLE Sensor Link 4800180D Conn (--E-:00:1)
#1281400 07.07.2026 23:35:16 : WRN BLE : sendConnect 6157
#1281401 07.07.2026 23:35:17 : ERR TOUCH : touch i2c don't init
#1281402 07.07.2026 23:35:17 : WRN WBAPI : eID-691468(277): /Dive/TankPressure/Alarm/Count 404
#1281403 07.07.2026 23:35:17 : EVT SPEEDFUSION : INFO # start speed fusion
#1281404 07.07.2026 23:35:17 : EVT SPEEDFUSION : Act:16,Acc:0,BPod:0,FPod:0,PPod:0,BeltPod:1
#1281405 07.07.2026 23:35:17 : EVT SPEEDFUSION : INFO # Start algo without wrist acc
#1281406 07.07.2026 23:35:17 : EVT <Unknown> : Update pres sampl intrvl:1
#1281407 07.07.2026 23:35:17 : EVT OHR : S:start 0x21a3
#1281408 07.07.2026 23:35:18 : EVT <Unknown> : 1783460117501:Meas start 0x21a3
#1281409 07.07.2026 23:35:23 : EVT APPLICATION : Zapp climbl01:Disable
#1281410 07.07.2026 23:35:24 : EVT ANALYTICS : Zapp disabled i:5 h:a5e7afa5 n:Climb Log
#1281411 07.07.2026 23:35:24 : EVT WBSTORAGE : CACHE_DEFRAG (680->712, 24->24, 25)
#1281412 07.07.2026 23:35:26 : EVT BLE : lt,scan 1
#1281413 07.07.2026 23:35:27 : WRN BLE : sendDisconnect 6157
#1281414 07.07.2026 23:35:27 : ERR BLE : [AURA]No filters left, stopping scan
#1281415 07.07.2026 23:35:27 : EVT BLE : packet 0 sensor found count 1
#1281416 07.07.2026 23:35:27 : EVT BLE : packet 0 sensor found count 2
#1281417 07.07.2026 23:35:28 : EVT ANALYTICS : #FusHr src:2 time:10590
#1281418 07.07.2026 23:35:28 : EVT APPLICATION : Zapp climbl01:Load script
#1281419 07.07.2026 23:35:28 : EVT APPLICATION : Zapp climbl01:Enable
#1281420 07.07.2026 23:35:28 : EVT ANALYTICS : Zapp enabled i:5 h:a5e7afa5 n:climbl01 v:3.0
#1281421 07.07.2026 23:35:28 : EVT APPLICATION : Zapp clid:32880
#1281422 07.07.2026 23:35:29 : EVT APPLICATION : Zapp climbl01:Disable
#1281423 07.07.2026 23:35:29 : EVT ANALYTICS : Zapp disabled i:5 h:a5e7afa5 n:Climb Log
#1281424 07.07.2026 23:35:31 : EVT APPLICATION : Zapp climbl01:Load script
#1281425 07.07.2026 23:35:31 : EVT APPLICATION : Zapp climbl01:Enable
#1281426 07.07.2026 23:35:31 : EVT ANALYTICS : Zapp enabled i:5 h:a5e7afa5 n:climbl01 v:3.0
#1281427 07.07.2026 23:35:31 : EVT APPLICATION : Zapp clid:32880
#1281428 07.07.2026 23:35:31 : EVT OHR : S:start 0x2123
#1281429 07.07.2026 23:35:32 : EVT <Unknown> : 1783460131611:Meas start 0x2123
#1281430 07.07.2026 23:35:39 : EVT APPLICATION : Zapp climbl01:Disable
#1281431 07.07.2026 23:35:39 : EVT ANALYTICS : Zapp disabled i:5 h:a5e7afa5 n:Climb Log
#1281432 07.07.2026 23:35:41 : EVT APPLICATION : Zapp climbl01:Load script
#1281433 07.07.2026 23:35:41 : EVT APPLICATION : Zapp climbl01:Enable
#1281434 07.07.2026 23:35:41 : EVT ANALYTICS : Zapp enabled i:5 h:a5e7afa5 n:climbl01 v:3.0
#1281435 07.07.2026 23:35:41 : EVT APPLICATION : Zapp clid:32880
#1281436 07.07.2026 23:35:43 : EVT APPLICATION : Zapp climbl01:Disable
#1281437 07.07.2026 23:35:43 : EVT ANALYTICS : Zapp disabled i:5 h:a5e7afa5 n:Climb Log
#1281438 07.07.2026 23:35:44 : EVT APPLICATION : Zapp climbl01:Load script
#1281439 07.07.2026 23:35:44 : EVT APPLICATION : Zapp climbl01:Enable
#1281440 07.07.2026 23:35:44 : EVT ANALYTICS : Zapp enabled i:5 h:a5e7afa5 n:climbl01 v:3.0
#1281441 07.07.2026 23:35:44 : EVT APPLICATION : Zapp clid:32880
#1281442 07.07.2026 23:35:50 : EVT <Unknown> : 1783460149848:Off Skin Set.
#1281443 07.07.2026 23:35:51 : EVT <Unknown> : 1783460150975:On Skin Set.
#1281444 07.07.2026 23:35:52 : EVT <Unknown> : 1783460151246:Off Skin Set.
#1281445 07.07.2026 23:35:55 : EVT OHR : No HR update, invalidate by timer
#1281446 07.07.2026 23:35:58 : EVT <Unknown> : 1783460157749:On Skin Set.
#1281447 07.07.2026 23:35:59 : EVT OHR : new HR update
#1281448 07.07.2026 23:35:59 : EVT <Unknown> : 1783460158852:Off Skin Set.
#1281449 07.07.2026 23:35:59 : EVT PMIC : VBUS state is ON
#1281450 07.07.2026 23:35:59 : EVT PMIC : chgCntl1:0x70
#1281451 07.07.2026 23:35:59 : EVT PMIC : check chgCntl1:0x74
#1281452 07.07.2026 23:35:59 : EVT PMIC : Turn charge ON since VBUS->ON
#1281453 07.07.2026 23:35:59 : EVT PMIC : PMIC temp zone:0x2
#1281454 07.07.2026 23:35:59 : EVT PMIC : PMIC Fast-charge constant cur
#1281455 07.07.2026 23:35:59 : EVT OHR : VBUS on
#1281456 07.07.2026 23:35:59 : EVT OHR : S:stop 23
#1281457 07.07.2026 23:35:59 : EVT <Unknown> : 1783460159521:Meas stop 0x2123
#1281458 07.07.2026 23:35:59 : EVT PMIC : PMIC Fast-charge constant voltage
#1281459 07.07.2026 23:35:59 : EVT PMIC : VBUS state is ON
#1281460 07.07.2026 23:35:59 : WRN <Unknown> : 1783460159522:FSM EVT STOP.
#1281461 07.07.2026 23:35:59 : EVT OHR : S:OFF 1->0
#1281462 07.07.2026 23:36:00 : EVT PMIC : PMIC temp zone:0x7
#1281463 07.07.2026 23:36:00 : EVT PMIC : VBUS state is OFF
#1281464 07.07.2026 23:36:00 : EVT PMIC : Turn charge OFF since VBUS->OFF
#1281465 07.07.2026 23:36:00 : EVT OHR : VBUS off
#1281466 07.07.2026 23:36:00 : EVT OHR : S:ON 0->1
#1281467 07.07.2026 23:36:01 : EVT OHR : APPINIT:caps 0x1f4, 6b738616
#1281468 07.07.2026 23:36:01 : EVT <Unknown> : 1783460161184:AI@1783460161160, tz120
#1281469 07.07.2026 23:36:01 : EVT OHR : S:start 0x2123
#1281470 07.07.2026 23:36:01 : EVT <Unknown> : 1783460161189:Meas start 0x2123
#1281471 07.07.2026 23:36:01 : EVT <Unknown> : 1783460161204:PD1464, 0
#1281472 07.07.2026 23:36:01 : EVT <Unknown> : 1783460161263:GMV 20251126/1/4/0/395/46
#1281473 07.07.2026 23:36:01 : EVT <Unknown> : 1783460161516:Mi1.6.10, auth 0, hr_mode 0
#1281474 07.07.2026 23:36:02 : EVT <Unknown> : 1783460161767:On Skin Set.
#1281475 07.07.2026 23:36:04 : EVT OHR : No HR update, invalidate by timer
#1281476 07.07.2026 23:36:04 : WRN WBAPI : eID-691468(277): /Dive/TankPressure/Alarm/Count 404
#1281477 07.07.2026 23:36:04 : EVT OHR : S:start 0x21a3
#1281478 07.07.2026 23:36:04 : EVT <Unknown> : 1783460164239:Meas start 0x21a3
#1281479 07.07.2026 23:36:06 : ERR <Unknown> : 1783460165849:Mi invalid call:100,code:0.
#1281480 07.07.2026 23:36:08 : EVT <Unknown> : 1783460168033:Off Skin Set.
#1281481 07.07.2026 23:36:08 : EVT <Unknown> : 1783460168410:On Skin Set.
#1281482 07.07.2026 23:36:09 : EVT OHR : No HR update, invalidate by timer
#1281483 07.07.2026 23:36:11 : EVT APPLICATION : Zapp climbl01:Disable
#1281484 07.07.2026 23:36:11 : EVT ANALYTICS : Zapp disabled i:5 h:a5e7afa5 n:Climb Log
#1281485 07.07.2026 23:36:13 : EVT APPLICATION : Zapp zzwethen:Disable
#1281486 07.07.2026 23:36:13 : EVT ANALYTICS : Zapp disabled i:8 h:3f77f8ec n:Weather
#1281487 07.07.2026 23:36:13 : EVT APPLICATION : Zapp zzwethen:Load script
#1281488 07.07.2026 23:36:13 : EVT APPLICATION : Zapp zzwethen:Enable
#1281489 07.07.2026 23:36:13 : EVT ANALYTICS : Zapp enabled i:8 h:3f77f8ec n:zzwethen v:ade
#1281490 07.07.2026 23:36:13 : EVT APPLICATION : Zapp clid:32878
#1281491 07.07.2026 23:36:14 : EVT APPLICATION : Zapp zzwethen:Disable
#1281492 07.07.2026 23:36:14 : EVT ANALYTICS : Zapp disabled i:8 h:3f77f8ec n:Weather
#1281493 07.07.2026 23:36:14 : EVT APPLICATION : Zapp zzwethen:Load script
#1281494 07.07.2026 23:36:14 : EVT APPLICATION : Zapp zzwethen:Enable
#1281495 07.07.2026 23:36:14 : EVT ANALYTICS : Zapp enabled i:8 h:3f77f8ec n:zzwethen v:ade
#1281496 07.07.2026 23:36:14 : EVT APPLICATION : Zapp clid:32878
#1281497 07.07.2026 23:36:15 : EVT APPLICATION : Zapp zzwethen:Disable
#1281498 07.07.2026 23:36:15 : EVT ANALYTICS : Zapp disabled i:8 h:3f77f8ec n:Weather
#1281499 07.07.2026 23:36:15 : EVT APPLICATION : Zapp zzwethen:Load script
#1281500 07.07.2026 23:36:15 : EVT APPLICATION : Zapp zzwethen:Enable
#1281501 07.07.2026 23:36:15 : EVT ANALYTICS : Zapp enabled i:8 h:3f77f8ec n:zzwethen v:ade
#1281502 07.07.2026 23:36:15 : EVT APPLICATION : Zapp clid:32878
#1281503 07.07.2026 23:36:16 : EVT APPLICATION : Zapp zzwethen:Disable
#1281504 07.07.2026 23:36:16 : EVT ANALYTICS : Zapp disabled i:8 h:3f77f8ec n:Weather
#1281505 07.07.2026 23:36:16 : EVT APPLICATION : Zapp zzwethen:Load script
#1281506 07.07.2026 23:36:16 : EVT APPLICATION : Zapp zzwethen:Enable
#1281507 07.07.2026 23:36:16 : EVT ANALYTICS : Zapp enabled i:8 h:3f77f8ec n:zzwethen v:ade
#1281508 07.07.2026 23:36:16 : EVT APPLICATION : Zapp clid:32878
#1281509 07.07.2026 23:36:16 : EVT APPLICATION : Zapp zzwethen:Disable
#1281510 07.07.2026 23:36:16 : EVT ANALYTICS : Zapp disabled i:8 h:3f77f8ec n:Weather
#1281511 07.07.2026 23:36:17 : EVT APPLICATION : Zapp zzwethen:Load script
#1281512 07.07.2026 23:36:17 : EVT APPLICATION : Zapp zzwethen:Enable
#1281513 07.07.2026 23:36:17 : EVT ANALYTICS : Zapp enabled i:8 h:3f77f8ec n:zzwethen v:ade
#1281514 07.07.2026 23:36:17 : EVT APPLICATION : Zapp clid:32878
#1281515 07.07.2026 23:36:17 : EVT APPLICATION : Zapp zzwethen:Disable
#1281516 07.07.2026 23:36:17 : EVT ANALYTICS : Zapp disabled i:8 h:3f77f8ec n:Weather
#1281517 07.07.2026 23:36:18 : EVT APPLICATION : Zapp zzwethen:Load script
#1281518 07.07.2026 23:36:18 : EVT APPLICATION : Zapp zzwethen:Enable
#1281519 07.07.2026 23:36:18 : EVT ANALYTICS : Zapp enabled i:8 h:3f77f8ec n:zzwethen v:ade
#1281520 07.07.2026 23:36:18 : EVT APPLICATION : Zapp clid:32878
#1281521 07.07.2026 23:36:18 : EVT OHR : new HR update
#1281522 07.07.2026 23:36:18 : EVT APPLICATION : Zapp zzwethen:Disable
#1281523 07.07.2026 23:36:18 : EVT ANALYTICS : Zapp disabled i:8 h:3f77f8ec n:Weather
#1281524 07.07.2026 23:36:19 : EVT APPLICATION : Zapp zzwethen:Load script
#1281525 07.07.2026 23:36:19 : EVT APPLICATION : Zapp zzwethen:Enable
#1281526 07.07.2026 23:36:19 : EVT ANALYTICS : Zapp enabled i:8 h:3f77f8ec n:zzwethen v:ade
#1281527 07.07.2026 23:36:19 : EVT APPLICATION : Zapp clid:32878
#1281528 07.07.2026 23:36:19 : EVT APPLICATION : Zapp zzwethen:Disable
#1281529 07.07.2026 23:36:19 : EVT ANALYTICS : Zapp disabled i:8 h:3f77f8ec n:Weather
#1281530 07.07.2026 23:36:20 : EVT APPLICATION : Zapp zzwethen:Load script
#1281531 07.07.2026 23:36:20 : EVT APPLICATION : Zapp zzwethen:Enable
#1281532 07.07.2026 23:36:20 : EVT ANALYTICS : Zapp enabled i:8 h:3f77f8ec n:zzwethen v:ade
#1281533 07.07.2026 23:36:20 : EVT APPLICATION : Zapp clid:32878
#1281534 07.07.2026 23:36:20 : EVT APPLICATION : Zapp zzwethen:Disable
#1281535 07.07.2026 23:36:21 : EVT ANALYTICS : Zapp disabled i:8 h:3f77f8ec n:Weather
#1281536 07.07.2026 23:36:21 : EVT APPLICATION : Zapp zzwethen:Load script
#1281537 07.07.2026 23:36:21 : EVT APPLICATION : Zapp zzwethen:Enable
#1281538 07.07.2026 23:36:21 : EVT ANALYTICS : Zapp enabled i:8 h:3f77f8ec n:zzwethen v:ade
#1281539 07.07.2026 23:36:21 : EVT APPLICATION : Zapp clid:32878
#1281540 07.07.2026 23:36:21 : EVT APPLICATION : Zapp zzwethen:Disable
#1281541 07.07.2026 23:36:21 : EVT ANALYTICS : Zapp disabled i:8 h:3f77f8ec n:Weather
#1281542 07.07.2026 23:36:22 : EVT APPLICATION : Zapp zzwethen:Load script
#1281543 07.07.2026 23:36:22 : EVT APPLICATION : Zapp zzwethen:Enable
#1281544 07.07.2026 23:36:22 : EVT ANALYTICS : Zapp enabled i:8 h:3f77f8ec n:zzwethen v:ade
#1281545 07.07.2026 23:36:22 : EVT APPLICATION : Zapp clid:32878
#1281546 07.07.2026 23:36:23 : EVT APPLICATION : Zapp zzwethen:Disable
#1281547 07.07.2026 23:36:23 : EVT ANALYTICS : Zapp disabled i:8 h:3f77f8ec n:Weather
#1281548 07.07.2026 23:36:23 : EVT APPLICATION : Zapp zzwethen:Load script
#1281549 07.07.2026 23:36:23 : EVT APPLICATION : Zapp zzwethen:Enable
#1281550 07.07.2026 23:36:23 : EVT ANALYTICS : Zapp enabled i:8 h:3f77f8ec n:zzwethen v:ade
#1281551 07.07.2026 23:36:23 : EVT APPLICATION : Zapp clid:32878
#1281552 07.07.2026 23:36:24 : EVT APPLICATION : Zapp zzwethen:Disable
#1281553 07.07.2026 23:36:24 : EVT ANALYTICS : Zapp disabled i:8 h:3f77f8ec n:Weather
#1281554 07.07.2026 23:36:24 : EVT APPLICATION : Zapp zzwethen:Load script
#1281555 07.07.2026 23:36:24 : EVT APPLICATION : Zapp zzwethen:Enable
#1281556 07.07.2026 23:36:24 : EVT ANALYTICS : Zapp enabled i:8 h:3f77f8ec n:zzwethen v:ade
#1281557 07.07.2026 23:36:24 : EVT APPLICATION : Zapp clid:32878
#1281558 07.07.2026 23:36:24 : EVT APPLICATION : Zapp zzwethen:Disable
#1281559 07.07.2026 23:36:24 : EVT ANALYTICS : Zapp disabled i:8 h:3f77f8ec n:Weather
#1281560 07.07.2026 23:36:25 : EVT APPLICATION : Zapp zzwethen:Load script
#1281561 07.07.2026 23:36:25 : EVT APPLICATION : Zapp zzwethen:Enable
#1281562 07.07.2026 23:36:25 : EVT ANALYTICS : Zapp enabled i:8 h:3f77f8ec n:zzwethen v:ade
#1281563 07.07.2026 23:36:25 : EVT APPLICATION : Zapp clid:32878
#1281564 07.07.2026 23:36:25 : EVT APPLICATION : Zapp zzwethen:Disable
#1281565 07.07.2026 23:36:25 : EVT ANALYTICS : Zapp disabled i:8 h:3f77f8ec n:Weather
#1281566 07.07.2026 23:36:26 : EVT APPLICATION : Zapp zzwethen:Load script
#1281567 07.07.2026 23:36:26 : EVT APPLICATION : Zapp zzwethen:Enable
#1281568 07.07.2026 23:36:26 : EVT ANALYTICS : Zapp enabled i:8 h:3f77f8ec n:zzwethen v:ade
#1281569 07.07.2026 23:36:26 : EVT APPLICATION : Zapp clid:32878
#1281570 07.07.2026 23:36:26 : EVT APPLICATION : Zapp zzwethen:Disable
#1281571 07.07.2026 23:36:26 : EVT ANALYTICS : Zapp disabled i:8 h:3f77f8ec n:Weather
#1281572 07.07.2026 23:36:26 : EVT APPLICATION : Zapp zzwethen:Load script
#1281573 07.07.2026 23:36:26 : EVT APPLICATION : Zapp zzwethen:Enable
#1281574 07.07.2026 23:36:27 : EVT ANALYTICS : Zapp enabled i:8 h:3f77f8ec n:zzwethen v:ade
#1281575 07.07.2026 23:36:27 : EVT APPLICATION : Zapp clid:32878
#1281576 07.07.2026 23:36:27 : EVT APPLICATION : Zapp zzwethen:Disable
#1281577 07.07.2026 23:36:27 : EVT ANALYTICS : Zapp disabled i:8 h:3f77f8ec n:Weather
#1281578 07.07.2026 23:36:27 : EVT APPLICATION : Zapp zzwethen:Load script
#1281579 07.07.2026 23:36:27 : EVT APPLICATION : Zapp zzwethen:Enable
#1281580 07.07.2026 23:36:27 : EVT ANALYTICS : Zapp enabled i:8 h:3f77f8ec n:zzwethen v:ade
#1281581 07.07.2026 23:36:27 : EVT APPLICATION : Zapp clid:32878
#1281582 07.07.2026 23:36:27 : EVT APPLICATION : Zapp zzwethen:Disable
#1281583 07.07.2026 23:36:27 : EVT ANALYTICS : Zapp disabled i:8 h:3f77f8ec n:Weather
#1281584 07.07.2026 23:36:27 : EVT APPLICATION : Zapp zzwethen:Load script
#1281585 07.07.2026 23:36:27 : EVT APPLICATION : Zapp zzwethen:Enable
#1281586 07.07.2026 23:36:28 : EVT ANALYTICS : Zapp enabled i:8 h:3f77f8ec n:zzwethen v:ade
#1281587 07.07.2026 23:36:28 : EVT APPLICATION : Zapp clid:32878
#1281588 07.07.2026 23:36:28 : EVT APPLICATION : Zapp zzwethen:Disable
#1281589 07.07.2026 23:36:28 : EVT ANALYTICS : Zapp disabled i:8 h:3f77f8ec n:Weather
#1281590 07.07.2026 23:36:28 : EVT APPLICATION : Zapp zzwethen:Load script
#1281591 07.07.2026 23:36:28 : EVT APPLICATION : Zapp zzwethen:Enable
#1281592 07.07.2026 23:36:28 : EVT ANALYTICS : Zapp enabled i:8 h:3f77f8ec n:zzwethen v:ade
#1281593 07.07.2026 23:36:28 : EVT APPLICATION : Zapp clid:32878
#1281594 07.07.2026 23:36:28 : EVT APPLICATION : Zapp zzwethen:Disable
#1281595 07.07.2026 23:36:28 : EVT ANALYTICS : Zapp disabled i:8 h:3f77f8ec n:Weather
#1281596 07.07.2026 23:36:28 : EVT APPLICATION : Zapp zzwethen:Load script
#1281597 07.07.2026 23:36:28 : EVT APPLICATION : Zapp zzwethen:Enable
#1281598 07.07.2026 23:36:28 : EVT ANALYTICS : Zapp enabled i:8 h:3f77f8ec n:zzwethen v:ade
#1281599 07.07.2026 23:36:28 : EVT APPLICATION : Zapp clid:32878
#1281600 07.07.2026 23:36:28 : EVT APPLICATION : Zapp zzwethen:Disable
#1281601 07.07.2026 23:36:28 : EVT ANALYTICS : Zapp disabled i:8 h:3f77f8ec n:Weather
#1281602 07.07.2026 23:36:29 : EVT APPLICATION : Zapp zzwethen:Load script
#1281603 07.07.2026 23:36:29 : EVT APPLICATION : Zapp zzwethen:Enable
#1281604 07.07.2026 23:36:29 : EVT ANALYTICS : Zapp enabled i:8 h:3f77f8ec n:zzwethen v:ade
#1281605 07.07.2026 23:36:29 : EVT APPLICATION : Zapp clid:32878
#1281606 07.07.2026 23:36:29 : EVT APPLICATION : Zapp zzwethen:Disable
#1281607 07.07.2026 23:36:29 : EVT ANALYTICS : Zapp disabled i:8 h:3f77f8ec n:Weather
#1281608 07.07.2026 23:36:29 : EVT APPLICATION : Zapp zzwethen:Load script
#1281609 07.07.2026 23:36:29 : EVT APPLICATION : Zapp zzwethen:Enable
#1281610 07.07.2026 23:36:29 : EVT ANALYTICS : Zapp enabled i:8 h:3f77f8ec n:zzwethen v:ade
#1281611 07.07.2026 23:36:29 : EVT APPLICATION : Zapp clid:32878
#1281612 07.07.2026 23:36:29 : EVT APPLICATION : Zapp zzwethen:Disable
#1281613 07.07.2026 23:36:29 : EVT ANALYTICS : Zapp disabled i:8 h:3f77f8ec n:Weather
#1281614 07.07.2026 23:36:29 : EVT APPLICATION : Zapp zzwethen:Load script
#1281615 07.07.2026 23:36:29 : EVT APPLICATION : Zapp zzwethen:Enable
#1281616 07.07.2026 23:36:29 : EVT ANALYTICS : Zapp enabled i:8 h:3f77f8ec n:zzwethen v:ade
#1281617 07.07.2026 23:36:29 : EVT APPLICATION : Zapp clid:32878
#1281618 07.07.2026 23:36:29 : EVT APPLICATION : Zapp zzwethen:Disable
#1281619 07.07.2026 23:36:29 : EVT ANALYTICS : Zapp disabled i:8 h:3f77f8ec n:Weather
#1281620 07.07.2026 23:36:30 : EVT APPLICATION : Zapp zzwethen:Load script
#1281621 07.07.2026 23:36:30 : EVT APPLICATION : Zapp zzwethen:Enable
#1281622 07.07.2026 23:36:30 : EVT ANALYTICS : Zapp enabled i:8 h:3f77f8ec n:zzwethen v:ade
#1281623 07.07.2026 23:36:30 : EVT APPLICATION : Zapp clid:32878
#1281624 07.07.2026 23:36:30 : EVT APPLICATION : Zapp zzwethen:Disable
#1281625 07.07.2026 23:36:30 : EVT ANALYTICS : Zapp disabled i:8 h:3f77f8ec n:Weather
#1281626 07.07.2026 23:36:30 : EVT APPLICATION : Zapp zzwethen:Load script
#1281627 07.07.2026 23:36:30 : EVT APPLICATION : Zapp zzwethen:Enable
#1281628 07.07.2026 23:36:30 : EVT ANALYTICS : Zapp enabled i:8 h:3f77f8ec n:zzwethen v:ade
#1281629 07.07.2026 23:36:30 : EVT APPLICATION : Zapp clid:32878
#1281630 07.07.2026 23:36:30 : EVT APPLICATION : Zapp zzwethen:Disable
#1281631 07.07.2026 23:36:30 : EVT ANALYTICS : Zapp disabled i:8 h:3f77f8ec n:Weather
#1281632 07.07.2026 23:36:30 : EVT APPLICATION : Zapp zzwethen:Load script
#1281633 07.07.2026 23:36:30 : EVT APPLICATION : Zapp zzwethen:Enable
#1281634 07.07.2026 23:36:30 : EVT ANALYTICS : Zapp enabled i:8 h:3f77f8ec n:zzwethen v:ade
#1281635 07.07.2026 23:36:30 : EVT APPLICATION : Zapp clid:32878
#1281636 07.07.2026 23:36:31 : EVT APPLICATION : Zapp zzwethen:Disable
#1281637 07.07.2026 23:36:31 : EVT ANALYTICS : Zapp disabled i:8 h:3f77f8ec n:Weather
#1281638 07.07.2026 23:36:31 : EVT APPLICATION : Zapp zzwethen:Load script
#1281639 07.07.2026 23:36:31 : EVT APPLICATION : Zapp zzwethen:Enable
#1281640 07.07.2026 23:36:31 : EVT ANALYTICS : Zapp enabled i:8 h:3f77f8ec n:zzwethen v:ade
#1281641 07.07.2026 23:36:31 : EVT APPLICATION : Zapp clid:32878
#1281642 07.07.2026 23:36:31 : EVT APPLICATION : Zapp zzwethen:Enable
#1281643 07.07.2026 23:36:31 : EVT ANALYTICS : Zapp enabled i:8 h:3f77f8ec n:zzwethen v:ade
#1281644 07.07.2026 23:36:31 : EVT APPLICATION : Zapp clid:32878
#1281645 07.07.2026 23:36:32 : EVT APPLICATION : Zapp zzwethen:Disable
#1281646 07.07.2026 23:36:32 : EVT ANALYTICS : Zapp disabled i:8 h:3f77f8ec n:Weather
#1281647 07.07.2026 23:36:32 : EVT APPLICATION : Zapp zzwethen:Load script
#1281648 07.07.2026 23:36:32 : EVT APPLICATION : Zapp zzwethen:Enable
#1281649 07.07.2026 23:36:32 : EVT ANALYTICS : Zapp enabled i:8 h:3f77f8ec n:zzwethen v:ade
#1281650 07.07.2026 23:36:32 : EVT APPLICATION : Zapp clid:32878
#1281651 07.07.2026 23:36:33 : EVT APPLICATION : Zapp zzwethen:Disable
#1281652 07.07.2026 23:36:33 : EVT ANALYTICS : Zapp disabled i:8 h:3f77f8ec n:Weather
#1281653 07.07.2026 23:36:33 : EVT APPLICATION : Zapp zzwethen:Load script
#1281654 07.07.2026 23:36:33 : EVT APPLICATION : Zapp zzwethen:Enable
#1281655 07.07.2026 23:36:33 : EVT ANALYTICS : Zapp enabled i:8 h:3f77f8ec n:zzwethen v:ade
#1281656 07.07.2026 23:36:33 : EVT APPLICATION : Zapp clid:32878
#1281657 07.07.2026 23:36:34 : EVT APPLICATION : Zapp zzwethen:Disable
#1281658 07.07.2026 23:36:34 : EVT ANALYTICS : Zapp disabled i:8 h:3f77f8ec n:Weather
#1281659 07.07.2026 23:36:34 : EVT APPLICATION : Zapp zzwethen:Load script
#1281660 07.07.2026 23:36:34 : EVT APPLICATION : Zapp zzwethen:Enable
#1281661 07.07.2026 23:36:34 : EVT ANALYTICS : Zapp enabled i:8 h:3f77f8ec n:zzwethen v:ade
#1281662 07.07.2026 23:36:34 : EVT APPLICATION : Zapp clid:32878
#1281663 07.07.2026 23:36:35 : EVT APPLICATION : Zapp zzwethen:Disable
#1281664 07.07.2026 23:36:35 : EVT ANALYTICS : Zapp disabled i:8 h:3f77f8ec n:Weather
#1281665 07.07.2026 23:36:35 : EVT APPLICATION : Zapp zzwethen:Load script
#1281666 07.07.2026 23:36:35 : EVT APPLICATION : Zapp zzwethen:Enable
#1281667 07.07.2026 23:36:35 : EVT ANALYTICS : Zapp enabled i:8 h:3f77f8ec n:zzwethen v:ade
#1281668 07.07.2026 23:36:35 : EVT APPLICATION : Zapp clid:32878
#1281669 07.07.2026 23:36:36 : EVT APPLICATION : Zapp zzwethen:Disable
#1281670 07.07.2026 23:36:36 : EVT ANALYTICS : Zapp disabled i:8 h:3f77f8ec n:Weather
#1281671 07.07.2026 23:36:36 : EVT APPLICATION : Zapp zzwethen:Load script
#1281672 07.07.2026 23:36:36 : EVT APPLICATION : Zapp zzwethen:Enable
#1281673 07.07.2026 23:36:36 : EVT ANALYTICS : Zapp enabled i:8 h:3f77f8ec n:zzwethen v:ade
#1281674 07.07.2026 23:36:36 : EVT APPLICATION : Zapp clid:32878
#1281675 07.07.2026 23:36:36 : EVT APPLICATION : Zapp zzwethen:Disable
#1281676 07.07.2026 23:36:36 : EVT ANALYTICS : Zapp disabled i:8 h:3f77f8ec n:Weather
#1281677 07.07.2026 23:36:37 : EVT APPLICATION : Zapp zzwethen:Load script
#1281678 07.07.2026 23:36:37 : EVT APPLICATION : Zapp zzwethen:Enable
#1281679 07.07.2026 23:36:37 : EVT ANALYTICS : Zapp enabled i:8 h:3f77f8ec n:zzwethen v:ade
#1281680 07.07.2026 23:36:37 : EVT APPLICATION : Zapp clid:32878
#1281681 07.07.2026 23:36:37 : EVT APPLICATION : Zapp zzwethen:Disable
#1281682 07.07.2026 23:36:37 : EVT ANALYTICS : Zapp disabled i:8 h:3f77f8ec n:Weather
#1281683 07.07.2026 23:36:38 : EVT APPLICATION : Zapp zzwethen:Load script
#1281684 07.07.2026 23:36:38 : EVT APPLICATION : Zapp zzwethen:Enable
#1281685 07.07.2026 23:36:38 : EVT ANALYTICS : Zapp enabled i:8 h:3f77f8ec n:zzwethen v:ade
#1281686 07.07.2026 23:36:38 : EVT APPLICATION : Zapp clid:32878
#1281687 07.07.2026 23:36:38 : EVT APPLICATION : Zapp zzwethen:Disable
#1281688 07.07.2026 23:36:38 : EVT ANALYTICS : Zapp disabled i:8 h:3f77f8ec n:Weather
#1281689 07.07.2026 23:36:38 : EVT <Unknown> : 1783460198043:SCD DET STATE ON.
#1281690 07.07.2026 23:36:39 : EVT APPLICATION : Zapp zzwethen:Load script
#1281691 07.07.2026 23:36:39 : EVT APPLICATION : Zapp zzwethen:Enable
#1281692 07.07.2026 23:36:39 : EVT ANALYTICS : Zapp enabled i:8 h:3f77f8ec n:zzwethen v:ade
#1281693 07.07.2026 23:36:39 : EVT APPLICATION : Zapp clid:32878
#1281694 07.07.2026 23:36:39 : EVT APPLICATION : Zapp zzwethen:Disable
#1281695 07.07.2026 23:36:39 : EVT ANALYTICS : Zapp disabled i:8 h:3f77f8ec n:Weather
#1281696 07.07.2026 23:36:39 : EVT APPLICATION : Zapp zzwethen:Load script
#1281697 07.07.2026 23:36:39 : EVT APPLICATION : Zapp zzwethen:Enable
#1281698 07.07.2026 23:36:39 : EVT ANALYTICS : Zapp enabled i:8 h:3f77f8ec n:zzwethen v:ade
#1281699 07.07.2026 23:36:39 : EVT APPLICATION : Zapp clid:32878
#1281700 07.07.2026 23:36:40 : EVT APPLICATION : Zapp zzwethen:Disable
#1281701 07.07.2026 23:36:40 : EVT ANALYTICS : Zapp disabled i:8 h:3f77f8ec n:Weather
#1281702 07.07.2026 23:36:40 : EVT APPLICATION : Zapp zzwethen:Load script
#1281703 07.07.2026 23:36:40 : EVT APPLICATION : Zapp zzwethen:Enable
#1281704 07.07.2026 23:36:40 : EVT ANALYTICS : Zapp enabled i:8 h:3f77f8ec n:zzwethen v:ade
#1281705 07.07.2026 23:36:40 : EVT APPLICATION : Zapp clid:32878
#1281706 07.07.2026 23:36:41 : EVT APPLICATION : Zapp zzwethen:Disable
#1281707 07.07.2026 23:36:41 : EVT ANALYTICS : Zapp disabled i:8 h:3f77f8ec n:Weather
#1281708 07.07.2026 23:36:41 : EVT APPLICATION : Zapp zzwethen:Load script
#1281709 07.07.2026 23:36:41 : EVT APPLICATION : Zapp zzwethen:Enable
#1281710 07.07.2026 23:36:41 : EVT ANALYTICS : Zapp enabled i:8 h:3f77f8ec n:zzwethen v:ade
#1281711 07.07.2026 23:36:41 : EVT APPLICATION : Zapp clid:32878
#1281712 07.07.2026 23:36:41 : EVT APPLICATION : Zapp zzwethen:Disable
#1281713 07.07.2026 23:36:41 : EVT ANALYTICS : Zapp disabled i:8 h:3f77f8ec n:Weather
#1281714 07.07.2026 23:36:44 : EVT LOGGER : HrIbiLogger stop, off (0 ms)
#1281715 07.07.2026 23:36:44 : EVT WBSTORAGE : CACHE_DEFRAG (648->784, 24->24, 25)
#1281716 07.07.2026 23:36:44 : TRC NAVIGATION : CG: no climb WP
#1281717 07.07.2026 23:36:44 : TRC NAVIGATION : CG:init ZoomType=0
#1281718 07.07.2026 23:36:44 : EVT NAVIGATION : initSeg Idx=0 D=1 T=0 3-0-4
#1281719 07.07.2026 23:36:45 : EVT WBSTORAGE : CACHE_DEFRAG (768->1024, 24->24, 25)
#1281720 07.07.2026 23:36:45 : EVT SPEEDFUSION : INFO # IDLE mode(-1) set
#1281721 07.07.2026 23:36:45 : EVT ALTIFUSION : AltiBaroMode:2
#1281722 07.07.2026 23:36:45 : EVT APPLICATION : Zapp zzmoveen:Disable
#1281723 07.07.2026 23:36:45 : EVT ANALYTICS : Zapp disabled i:6 h:7aac0887 n:Movement
#1281724 07.07.2026 23:36:45 : EVT UI_FRAMEWORK : evalFile: b:/zapp/zzmoveen.fea/ext2.js from ui
#1281725 07.07.2026 23:36:45 : EVT SPEEDFUSION : INFO # stop speed fusion
#1281726 07.07.2026 23:36:45 : EVT <Unknown> : Update pres sampl intrvl:5
#1281727 07.07.2026 23:36:45 : EVT ANALYTICS : SleepQ:Tracking:On
#1281728 07.07.2026 23:36:45 : EVT OHR : S:start 0x2123
#1281729 07.07.2026 23:36:45 : EVT WBSTORAGE : CACHE_DEFRAG (1000->1008, 24->24, 25)
#1281730 07.07.2026 23:36:45 : EVT <Unknown> : 1783460205151:Meas start 0x2123
#1281731 07.07.2026 23:36:45 : EVT WBSTORAGE : CACHE_DEFRAG (880->888, 24->24, 25)
#1281732 07.07.2026 23:36:45 : EVT WBSTORAGE : CACHE_DEFRAG (864->896, 24->24, 25)
#1281733 07.07.2026 23:36:45 : EVT WBSTORAGE : CACHE_DEFRAG (872->880, 24->24, 25)
#1281734 07.07.2026 23:36:45 : EVT WBSTORAGE : CACHE_DEFRAG (864->872, 24->24, 25)
#1281735 07.07.2026 23:36:46 : TRC NAVIGATION : CG: no climb WP
#1281736 07.07.2026 23:36:46 : TRC NAVIGATION : CG:init ZoomType=0
#1281737 07.07.2026 23:36:46 : EVT NAVIGATION : initSeg Idx=0 D=1 T=0 3-0-4
#1281738 07.07.2026 23:36:46 : EVT WBSTORAGE : CACHE_DEFRAG (856->944, 24->24, 25)
#1281739 07.07.2026 23:36:46 : EVT ALTIFUSION : AltiBaroMode:0
#1281740 07.07.2026 23:36:46 : EVT ALTIFUSION : Init AltiBaro
#1281741 07.07.2026 23:36:46 : EVT BLE : Disconn sensor:1
#1281742 07.07.2026 23:36:46 : EVT BLE : BLE Sensor Link 4800180D Disc (L-E-:00:0)
#1281743 07.07.2026 23:36:46 : WRN BLE : sendDisconnect 6157
#1281744 07.07.2026 23:36:46 : ERR BLE : [AURA]No filters left, stopping scan
#1281745 07.07.2026 23:36:46 : EVT ANALYTICS : SleepQ:Tracking:On
#1281746 07.07.2026 23:36:46 : EVT ALTIFUSION : AltiBaroMode:0
#1281747 07.07.2026 23:36:46 : EVT ALTIFUSION : Init AltiBaro
#1281748 07.07.2026 23:36:46 : EVT WBSTORAGE : CACHE_DEFRAG (920->928, 24->24, 25)
#1281749 07.07.2026 23:36:46 : EVT UI_FRAMEWORK : JS nsto enable zapp: zzmoveen
#1281750 07.07.2026 23:36:46 : EVT APPLICATION : Zapp zzmoveen:Load script
#1281751 07.07.2026 23:36:46 : EVT APPLICATION : Zapp zzmoveen:Enable
#1281752 07.07.2026 23:36:46 : EVT ANALYTICS : Zapp enabled i:6 h:7aac0887 n:zzmoveen v:8e0
#1281753 07.07.2026 23:36:46 : EVT UI_FRAMEWORK : evalFile: b:/zapp/zzmoveen.fea/ext1.js from ui
#1281754 07.07.2026 23:36:46 : EVT APPLICATION : Zapp clid:32878
#1281755 07.07.2026 23:36:46 : EVT UI_FRAMEWORK : JS nsto all zapps enabled.
#1281756 07.07.2026 23:36:46 : EVT UI_FRAMEWORK : JS Prestart Activity Id: 16.000
#1281757 07.07.2026 23:36:46 : WRN WBAPI : eID-691468(277): /Dive/Alarms/Acknowledge 404
#1281758 07.07.2026 23:36:46 : WRN WBAPI : eID-691468(277): /Dive/DiveGases 404
#1281759 07.07.2026 23:36:46 : WRN WBAPI : eID-691468(277): /Dive/Gauge/Next 404
#1281760 07.07.2026 23:36:46 : EVT WBSTORAGE : CACHE_DEFRAG (904->912, 24->24, 25)
#1281761 07.07.2026 23:36:46 : EVT WBSTORAGE : CACHE_DEFRAG (840->848, 24->24, 25)
#1281762 07.07.2026 23:36:46 : EVT WBSTORAGE : CACHE_DEFRAG (776->784, 24->24, 25)
#1281763 07.07.2026 23:36:46 : EVT BLE : BLE Sensor Link 4800180D Conn (--E-:00:1)
#1281764 07.07.2026 23:36:46 : WRN BLE : sendConnect 6157
#1281765 07.07.2026 23:36:47 : WRN WBAPI : eID-691468(277): /Dive/TankPressure/Alarm/Count 404
#1281766 07.07.2026 23:36:47 : EVT SPEEDFUSION : INFO # start speed fusion
#1281767 07.07.2026 23:36:47 : EVT SPEEDFUSION : Act:16,Acc:0,BPod:0,FPod:0,PPod:0,BeltPod:1
#1281768 07.07.2026 23:36:47 : EVT SPEEDFUSION : INFO # Start algo without wrist acc
#1281769 07.07.2026 23:36:47 : EVT <Unknown> : Update pres sampl intrvl:1
#1281770 07.07.2026 23:36:47 : EVT OHR : S:start 0x21a3
#1281771 07.07.2026 23:36:47 : EVT <Unknown> : 1783460207485:Meas start 0x21a3
#1281772 07.07.2026 23:36:54 : EVT APPLICATION : Zapp zzwethen:Load script
#1281773 07.07.2026 23:36:54 : EVT APPLICATION : Zapp zzwethen:Enable
#1281774 07.07.2026 23:36:54 : EVT ANALYTICS : Zapp enabled i:8 h:3f77f8ec n:zzwethen v:ade
#1281775 07.07.2026 23:36:54 : EVT APPLICATION : Zapp clid:32879
#1281776 07.07.2026 23:36:54 : EVT WBSTORAGE : CACHE_DEFRAG (704->736, 24->24, 25)
#1281777 07.07.2026 23:36:54 : EVT WBSTORAGE : CACHE_DEFRAG (672->696, 25->24, 25)
#1281778 07.07.2026 23:36:56 : EVT APPLICATION : Zapp climbl01:Load script
#1281779 07.07.2026 23:36:56 : EVT APPLICATION : Zapp climbl01:Enable
#1281780 07.07.2026 23:36:56 : EVT ANALYTICS : Zapp enabled i:5 h:a5e7afa5 n:climbl01 v:3.0
#1281781 07.07.2026 23:36:56 : EVT APPLICATION : Zapp clid:32880
#1281782 07.07.2026 23:36:56 : EVT BLE : lt,scan 1
#1281783 07.07.2026 23:36:56 : WRN BLE : sendDisconnect 6157
#1281784 07.07.2026 23:36:57 : ERR BLE : [AURA]No filters left, stopping scan
#1281785 07.07.2026 23:36:57 : ERR BLE : [AURA]Filter with handle 72 not found
#1281786 07.07.2026 23:36:57 : EVT BLE : packet 0 sensor found count 1
#1281787 07.07.2026 23:36:57 : EVT BLE : packet 0 sensor found count 2
#1281788 07.07.2026 23:36:57 : EVT ANALYTICS : #FusHr src:2 time:10140
#1281789 07.07.2026 23:36:57 : EVT APPLICATION : Zapp climbl01:Disable
#1281790 07.07.2026 23:36:57 : EVT ANALYTICS : Zapp disabled i:5 h:a5e7afa5 n:Climb Log
#1281791 07.07.2026 23:37:00 : EVT APPLICATION : Zapp climbl01:Load script
#1281792 07.07.2026 23:37:00 : EVT APPLICATION : Zapp climbl01:Enable
#1281793 07.07.2026 23:37:00 : EVT ANALYTICS : Zapp enabled i:5 h:a5e7afa5 n:climbl01 v:3.0
#1281794 07.07.2026 23:37:00 : EVT APPLICATION : Zapp clid:32880
#1281795 07.07.2026 23:37:06 : EVT APPLICATION : Zapp climbl01:Disable
#1281796 07.07.2026 23:37:06 : EVT ANALYTICS : Zapp disabled i:5 h:a5e7afa5 n:Climb Log
#1281797 07.07.2026 23:37:08 : EVT APPLICATION : Zapp climbl01:Load script
#1281798 07.07.2026 23:37:08 : EVT APPLICATION : Zapp climbl01:Enable
#1281799 07.07.2026 23:37:08 : EVT ANALYTICS : Zapp enabled i:5 h:a5e7afa5 n:climbl01 v:3.0
#1281800 07.07.2026 23:37:08 : EVT APPLICATION : Zapp clid:32880
#1281801 07.07.2026 23:37:13 : EVT APPLICATION : Zapp climbl01:Disable
#1281802 07.07.2026 23:37:13 : EVT ANALYTICS : Zapp disabled i:5 h:a5e7afa5 n:Climb Log
#1281803 07.07.2026 23:37:15 : EVT APPLICATION : Zapp climbl01:Load script
#1281804 07.07.2026 23:37:15 : EVT APPLICATION : Zapp climbl01:Enable
#1281805 07.07.2026 23:37:15 : EVT ANALYTICS : Zapp enabled i:5 h:a5e7afa5 n:climbl01 v:3.0
#1281806 07.07.2026 23:37:15 : EVT APPLICATION : Zapp clid:32880
#1281807 07.07.2026 23:37:15 : EVT OHR : S:start 0x2123
#1281808 07.07.2026 23:37:15 : EVT <Unknown> : 1783460235538:Meas start 0x2123
#1281809 07.07.2026 23:37:18 : EVT APPLICATION : Zapp climbl01:Disable
#1281810 07.07.2026 23:37:18 : EVT ANALYTICS : Zapp disabled i:5 h:a5e7afa5 n:Climb Log
#1281811 07.07.2026 23:37:21 : EVT APPLICATION : Zapp climbl01:Load script
#1281812 07.07.2026 23:37:21 : EVT APPLICATION : Zapp climbl01:Enable
#1281813 07.07.2026 23:37:22 : EVT ANALYTICS : Zapp enabled i:5 h:a5e7afa5 n:climbl01 v:3.0
#1281814 07.07.2026 23:37:22 : EVT APPLICATION : Zapp clid:32880
#1281815 07.07.2026 23:37:24 : EVT APPLICATION : Zapp climbl01:Disable
#1281816 07.07.2026 23:37:24 : EVT ANALYTICS : Zapp disabled i:5 h:a5e7afa5 n:Climb Log
#1281817 07.07.2026 23:37:26 : EVT APPLICATION : Zapp climbl01:Load script
#1281818 07.07.2026 23:37:26 : EVT APPLICATION : Zapp climbl01:Enable
#1281819 07.07.2026 23:37:26 : EVT ANALYTICS : Zapp enabled i:5 h:a5e7afa5 n:climbl01 v:3.0
#1281820 07.07.2026 23:37:26 : EVT APPLICATION : Zapp clid:32880
#1281821 07.07.2026 23:37:29 : EVT <Unknown> : 1783460249602:Off Skin Set.
#1281822 07.07.2026 23:37:30 : EVT PMIC : VBUS state is ON
#1281823 07.07.2026 23:37:30 : EVT PMIC : chgCntl1:0x70
#1281824 07.07.2026 23:37:30 : EVT PMIC : check chgCntl1:0x74
#1281825 07.07.2026 23:37:30 : EVT PMIC : Turn charge ON since VBUS->ON
#1281826 07.07.2026 23:37:30 : EVT PMIC : PMIC temp zone:0x2
#1281827 07.07.2026 23:37:30 : EVT PMIC : PMIC Fast-charge constant cur
#1281828 07.07.2026 23:37:30 : EVT OHR : VBUS on
#1281829 07.07.2026 23:37:30 : EVT OHR : S:stop 23
#1281830 07.07.2026 23:37:30 : EVT <Unknown> : 1783460250580:Meas stop 0x2123
#1281831 07.07.2026 23:37:30 : EVT PMIC : PMIC Fast-charge constant voltage
#1281832 07.07.2026 23:37:30 : EVT PMIC : VBUS state is ON
#1281833 07.07.2026 23:37:30 : WRN <Unknown> : 1783460250581:FSM EVT STOP.
#1281834 07.07.2026 23:37:30 : EVT OHR : S:OFF 1->0
#1281835 07.07.2026 23:37:34 : EVT PMIC : PMIC temp zone:0x7
#1281836 07.07.2026 23:37:34 : EVT PMIC : VBUS state is OFF
#1281837 07.07.2026 23:37:34 : EVT PMIC : Turn charge OFF since VBUS->OFF
#1281838 07.07.2026 23:37:34 : EVT OHR : VBUS off
#1281839 07.07.2026 23:37:34 : EVT OHR : S:ON 0->1
#1281840 07.07.2026 23:37:34 : EVT OHR : APPINIT:caps 0x1f4, 6b738616
#1281841 07.07.2026 23:37:34 : EVT <Unknown> : 1783460254604:AI@1783460254580, tz120
#1281842 07.07.2026 23:37:34 : EVT OHR : S:start 0x2123
#1281843 07.07.2026 23:37:34 : EVT <Unknown> : 1783460254611:Meas start 0x2123
#1281844 07.07.2026 23:37:34 : EVT OHR : No HR update, invalidate by timer
#1281845 07.07.2026 23:37:34 : EVT <Unknown> : 1783460254625:PD1464, 0
#1281846 07.07.2026 23:37:34 : EVT <Unknown> : 1783460254686:GMV 20251126/1/4/0/395/46
#1281847 07.07.2026 23:37:34 : EVT <Unknown> : 1783460254940:Mi1.6.10, auth 0, hr_mode 0
#1281848 07.07.2026 23:37:35 : EVT <Unknown> : 1783460255191:On Skin Set.
#1281849 07.07.2026 23:37:37 : WRN WBAPI : eID-691468(277): /Dive/TankPressure/Alarm/Count 404
#1281850 07.07.2026 23:37:38 : EVT OHR : S:start 0x21a3
#1281851 07.07.2026 23:37:38 : EVT <Unknown> : 1783460258077:Meas start 0x21a3
#1281852 07.07.2026 23:37:39 : ERR <Unknown> : 1783460259306:Mi invalid call:100,code:0.
#1281853 07.07.2026 23:37:43 : EVT OHR : No HR update, invalidate by timer
#1281854 07.07.2026 23:37:43 : EVT APPLICATION : Zapp zzwethen:Disable
#1281855 07.07.2026 23:37:43 : EVT ANALYTICS : Zapp disabled i:8 h:3f77f8ec n:Weather
#1281856 07.07.2026 23:37:44 : EVT APPLICATION : Zapp zzwethen:Load script
#1281857 07.07.2026 23:37:44 : EVT APPLICATION : Zapp zzwethen:Enable
#1281858 07.07.2026 23:37:44 : EVT ANALYTICS : Zapp enabled i:8 h:3f77f8ec n:zzwethen v:ade
#1281859 07.07.2026 23:37:44 : EVT APPLICATION : Zapp clid:32879
#1281860 07.07.2026 23:37:44 : EVT APPLICATION : Zapp zzwethen:Disable
#1281861 07.07.2026 23:37:44 : EVT ANALYTICS : Zapp disabled i:8 h:3f77f8ec n:Weather
#1281862 07.07.2026 23:37:46 : EVT APPLICATION : Zapp zzwethen:Load script
#1281863 07.07.2026 23:37:46 : EVT APPLICATION : Zapp zzwethen:Enable
#1281864 07.07.2026 23:37:46 : EVT ANALYTICS : Zapp enabled i:8 h:3f77f8ec n:zzwethen v:ade
#1281865 07.07.2026 23:37:46 : EVT APPLICATION : Zapp clid:32879
#1281866 07.07.2026 23:37:46 : EVT APPLICATION : Zapp zzwethen:Disable
#1281867 07.07.2026 23:37:46 : EVT ANALYTICS : Zapp disabled i:8 h:3f77f8ec n:Weather
#1281868 07.07.2026 23:37:47 : EVT APPLICATION : Zapp zzwethen:Load script
#1281869 07.07.2026 23:37:47 : EVT APPLICATION : Zapp zzwethen:Enable
#1281870 07.07.2026 23:37:47 : EVT ANALYTICS : Zapp enabled i:8 h:3f77f8ec n:zzwethen v:ade
#1281871 07.07.2026 23:37:47 : EVT APPLICATION : Zapp clid:32879
#1281872 07.07.2026 23:37:47 : EVT APPLICATION : Zapp zzwethen:Disable
#1281873 07.07.2026 23:37:47 : EVT ANALYTICS : Zapp disabled i:8 h:3f77f8ec n:Weather
#1281874 07.07.2026 23:37:48 : EVT APPLICATION : Zapp zzwethen:Load script
#1281875 07.07.2026 23:37:48 : EVT APPLICATION : Zapp zzwethen:Enable
#1281876 07.07.2026 23:37:48 : EVT ANALYTICS : Zapp enabled i:8 h:3f77f8ec n:zzwethen v:ade
#1281877 07.07.2026 23:37:48 : EVT APPLICATION : Zapp clid:32879
#1281878 07.07.2026 23:37:48 : EVT APPLICATION : Zapp zzwethen:Disable
#1281879 07.07.2026 23:37:48 : EVT ANALYTICS : Zapp disabled i:8 h:3f77f8ec n:Weather
#1281880 07.07.2026 23:37:49 : EVT APPLICATION : Zapp zzwethen:Load script
#1281881 07.07.2026 23:37:49 : EVT APPLICATION : Zapp zzwethen:Enable
#1281882 07.07.2026 23:37:49 : EVT ANALYTICS : Zapp enabled i:8 h:3f77f8ec n:zzwethen v:ade
#1281883 07.07.2026 23:37:49 : EVT APPLICATION : Zapp clid:32879
#1281884 07.07.2026 23:37:49 : EVT APPLICATION : Zapp zzwethen:Disable
#1281885 07.07.2026 23:37:49 : EVT ANALYTICS : Zapp disabled i:8 h:3f77f8ec n:Weather
#1281886 07.07.2026 23:37:49 : EVT APPLICATION : Zapp zzwethen:Load script
#1281887 07.07.2026 23:37:49 : EVT APPLICATION : Zapp zzwethen:Enable
#1281888 07.07.2026 23:37:49 : EVT ANALYTICS : Zapp enabled i:8 h:3f77f8ec n:zzwethen v:ade
#1281889 07.07.2026 23:37:49 : EVT APPLICATION : Zapp clid:32879
#1281890 07.07.2026 23:37:50 : EVT APPLICATION : Zapp zzwethen:Disable
#1281891 07.07.2026 23:37:50 : EVT ANALYTICS : Zapp disabled i:8 h:3f77f8ec n:Weather
#1281892 07.07.2026 23:37:50 : EVT OHR : new HR update
#1281893 07.07.2026 23:37:50 : EVT APPLICATION : Zapp zzwethen:Load script
#1281894 07.07.2026 23:37:50 : EVT APPLICATION : Zapp zzwethen:Enable
#1281895 07.07.2026 23:37:50 : EVT ANALYTICS : Zapp enabled i:8 h:3f77f8ec n:zzwethen v:ade
#1281896 07.07.2026 23:37:50 : EVT APPLICATION : Zapp clid:32879
#1281897 07.07.2026 23:37:51 : EVT APPLICATION : Zapp zzwethen:Disable
#1281898 07.07.2026 23:37:51 : EVT ANALYTICS : Zapp disabled i:8 h:3f77f8ec n:Weather
#1281899 07.07.2026 23:37:51 : EVT APPLICATION : Zapp zzwethen:Load script
#1281900 07.07.2026 23:37:51 : EVT APPLICATION : Zapp zzwethen:Enable
#1281901 07.07.2026 23:37:51 : EVT ANALYTICS : Zapp enabled i:8 h:3f77f8ec n:zzwethen v:ade
#1281902 07.07.2026 23:37:51 : EVT APPLICATION : Zapp clid:32879
#1281903 07.07.2026 23:37:51 : EVT APPLICATION : Zapp zzwethen:Disable
#1281904 07.07.2026 23:37:51 : EVT ANALYTICS : Zapp disabled i:8 h:3f77f8ec n:Weather
#1281905 07.07.2026 23:37:52 : EVT APPLICATION : Zapp zzwethen:Load script
#1281906 07.07.2026 23:37:52 : EVT APPLICATION : Zapp zzwethen:Enable
#1281907 07.07.2026 23:37:52 : EVT ANALYTICS : Zapp enabled i:8 h:3f77f8ec n:zzwethen v:ade
#1281908 07.07.2026 23:37:52 : EVT APPLICATION : Zapp clid:32879
#1281909 07.07.2026 23:37:52 : EVT APPLICATION : Zapp zzwethen:Disable
#1281910 07.07.2026 23:37:52 : EVT ANALYTICS : Zapp disabled i:8 h:3f77f8ec n:Weather
#1281911 07.07.2026 23:37:52 : EVT APPLICATION : Zapp zzwethen:Load script
#1281912 07.07.2026 23:37:52 : EVT APPLICATION : Zapp zzwethen:Enable
#1281913 07.07.2026 23:37:52 : EVT ANALYTICS : Zapp enabled i:8 h:3f77f8ec n:zzwethen v:ade
#1281914 07.07.2026 23:37:52 : EVT APPLICATION : Zapp clid:32879
#1281915 07.07.2026 23:37:52 : EVT APPLICATION : Zapp zzwethen:Disable
#1281916 07.07.2026 23:37:52 : EVT ANALYTICS : Zapp disabled i:8 h:3f77f8ec n:Weather
#1281917 07.07.2026 23:37:52 : EVT APPLICATION : Zapp zzwethen:Load script
#1281918 07.07.2026 23:37:52 : EVT APPLICATION : Zapp zzwethen:Enable
#1281919 07.07.2026 23:37:52 : EVT ANALYTICS : Zapp enabled i:8 h:3f77f8ec n:zzwethen v:ade
#1281920 07.07.2026 23:37:52 : EVT APPLICATION : Zapp clid:32879
#1281921 07.07.2026 23:37:53 : EVT APPLICATION : Zapp zzwethen:Disable
#1281922 07.07.2026 23:37:53 : EVT ANALYTICS : Zapp disabled i:8 h:3f77f8ec n:Weather
#1281923 07.07.2026 23:37:53 : EVT APPLICATION : Zapp zzwethen:Load script
#1281924 07.07.2026 23:37:53 : EVT APPLICATION : Zapp zzwethen:Enable
#1281925 07.07.2026 23:37:53 : EVT ANALYTICS : Zapp enabled i:8 h:3f77f8ec n:zzwethen v:ade
#1281926 07.07.2026 23:37:53 : EVT APPLICATION : Zapp clid:32879
#1281927 07.07.2026 23:37:53 : EVT APPLICATION : Zapp zzwethen:Disable
#1281928 07.07.2026 23:37:53 : EVT ANALYTICS : Zapp disabled i:8 h:3f77f8ec n:Weather
#1281929 07.07.2026 23:37:53 : EVT APPLICATION : Zapp zzwethen:Load script
#1281930 07.07.2026 23:37:53 : EVT APPLICATION : Zapp zzwethen:Enable
#1281931 07.07.2026 23:37:53 : EVT ANALYTICS : Zapp enabled i:8 h:3f77f8ec n:zzwethen v:ade
#1281932 07.07.2026 23:37:53 : EVT APPLICATION : Zapp clid:32879
#1281933 07.07.2026 23:37:53 : EVT APPLICATION : Zapp zzwethen:Disable
#1281934 07.07.2026 23:37:53 : EVT ANALYTICS : Zapp disabled i:8 h:3f77f8ec n:Weather
#1281935 07.07.2026 23:37:53 : EVT APPLICATION : Zapp zzwethen:Load script
#1281936 07.07.2026 23:37:54 : EVT APPLICATION : Zapp zzwethen:Enable
#1281937 07.07.2026 23:37:54 : EVT ANALYTICS : Zapp enabled i:8 h:3f77f8ec n:zzwethen v:ade
#1281938 07.07.2026 23:37:54 : EVT APPLICATION : Zapp clid:32879
#1281939 07.07.2026 23:37:54 : EVT APPLICATION : Zapp zzwethen:Disable
#1281940 07.07.2026 23:37:54 : EVT ANALYTICS : Zapp disabled i:8 h:3f77f8ec n:Weather
#1281941 07.07.2026 23:37:54 : EVT APPLICATION : Zapp zzwethen:Load script
#1281942 07.07.2026 23:37:54 : EVT APPLICATION : Zapp zzwethen:Enable
#1281943 07.07.2026 23:37:54 : EVT ANALYTICS : Zapp enabled i:8 h:3f77f8ec n:zzwethen v:ade
#1281944 07.07.2026 23:37:54 : EVT APPLICATION : Zapp clid:32879
#1281945 07.07.2026 23:37:54 : EVT APPLICATION : Zapp zzwethen:Disable
#1281946 07.07.2026 23:37:54 : EVT ANALYTICS : Zapp disabled i:8 h:3f77f8ec n:Weather
#1281947 07.07.2026 23:37:55 : EVT APPLICATION : Zapp zzwethen:Load script
#1281948 07.07.2026 23:37:55 : EVT APPLICATION : Zapp zzwethen:Enable
#1281949 07.07.2026 23:37:55 : EVT ANALYTICS : Zapp enabled i:8 h:3f77f8ec n:zzwethen v:ade
#1281950 07.07.2026 23:37:55 : EVT APPLICATION : Zapp clid:32879
#1281951 07.07.2026 23:37:55 : EVT APPLICATION : Zapp zzwethen:Disable
#1281952 07.07.2026 23:37:55 : EVT ANALYTICS : Zapp disabled i:8 h:3f77f8ec n:Weather
#1281953 07.07.2026 23:37:55 : EVT APPLICATION : Zapp zzwethen:Load script
#1281954 07.07.2026 23:37:55 : EVT APPLICATION : Zapp zzwethen:Enable
#1281955 07.07.2026 23:37:55 : EVT ANALYTICS : Zapp enabled i:8 h:3f77f8ec n:zzwethen v:ade
#1281956 07.07.2026 23:37:55 : EVT APPLICATION : Zapp clid:32879
#1281957 07.07.2026 23:37:55 : EVT APPLICATION : Zapp zzwethen:Disable
#1281958 07.07.2026 23:37:55 : EVT ANALYTICS : Zapp disabled i:8 h:3f77f8ec n:Weather
#1281959 07.07.2026 23:37:55 : EVT APPLICATION : Zapp zzwethen:Load script
#1281960 07.07.2026 23:37:55 : EVT APPLICATION : Zapp zzwethen:Enable
#1281961 07.07.2026 23:37:55 : EVT ANALYTICS : Zapp enabled i:8 h:3f77f8ec n:zzwethen v:ade
#1281962 07.07.2026 23:37:55 : EVT APPLICATION : Zapp clid:32879
#1281963 07.07.2026 23:37:55 : EVT APPLICATION : Zapp zzwethen:Disable
#1281964 07.07.2026 23:37:55 : EVT ANALYTICS : Zapp disabled i:8 h:3f77f8ec n:Weather
#1281965 07.07.2026 23:37:56 : EVT APPLICATION : Zapp zzwethen:Load script
#1281966 07.07.2026 23:37:56 : EVT APPLICATION : Zapp zzwethen:Enable
#1281967 07.07.2026 23:37:56 : EVT ANALYTICS : Zapp enabled i:8 h:3f77f8ec n:zzwethen v:ade
#1281968 07.07.2026 23:37:56 : EVT APPLICATION : Zapp clid:32879
#1281969 07.07.2026 23:37:56 : EVT APPLICATION : Zapp zzwethen:Disable
#1281970 07.07.2026 23:37:56 : EVT ANALYTICS : Zapp disabled i:8 h:3f77f8ec n:Weather
#1281971 07.07.2026 23:37:56 : EVT APPLICATION : Zapp zzwethen:Load script
#1281972 07.07.2026 23:37:56 : EVT APPLICATION : Zapp zzwethen:Enable
#1281973 07.07.2026 23:37:56 : EVT ANALYTICS : Zapp enabled i:8 h:3f77f8ec n:zzwethen v:ade
#1281974 07.07.2026 23:37:56 : EVT APPLICATION : Zapp clid:32879
#1281975 07.07.2026 23:37:56 : EVT APPLICATION : Zapp zzwethen:Disable
#1281976 07.07.2026 23:37:56 : EVT ANALYTICS : Zapp disabled i:8 h:3f77f8ec n:Weather
#1281977 07.07.2026 23:37:57 : EVT APPLICATION : Zapp zzwethen:Load script
#1281978 07.07.2026 23:37:57 : EVT APPLICATION : Zapp zzwethen:Enable
#1281979 07.07.2026 23:37:57 : EVT ANALYTICS : Zapp enabled i:8 h:3f77f8ec n:zzwethen v:ade
#1281980 07.07.2026 23:37:57 : EVT APPLICATION : Zapp clid:32879
#1281981 07.07.2026 23:37:57 : EVT APPLICATION : Zapp zzwethen:Disable
#1281982 07.07.2026 23:37:57 : EVT ANALYTICS : Zapp disabled i:8 h:3f77f8ec n:Weather
#1281983 07.07.2026 23:37:57 : EVT APPLICATION : Zapp zzwethen:Load script
#1281984 07.07.2026 23:37:57 : EVT APPLICATION : Zapp zzwethen:Enable
#1281985 07.07.2026 23:37:57 : EVT ANALYTICS : Zapp enabled i:8 h:3f77f8ec n:zzwethen v:ade
#1281986 07.07.2026 23:37:57 : EVT APPLICATION : Zapp clid:32879
#1281987 07.07.2026 23:37:57 : EVT APPLICATION : Zapp zzwethen:Disable
#1281988 07.07.2026 23:37:57 : EVT ANALYTICS : Zapp disabled i:8 h:3f77f8ec n:Weather
#1281989 07.07.2026 23:37:58 : EVT APPLICATION : Zapp zzwethen:Load script
#1281990 07.07.2026 23:37:58 : EVT APPLICATION : Zapp zzwethen:Enable
#1281991 07.07.2026 23:37:58 : EVT ANALYTICS : Zapp enabled i:8 h:3f77f8ec n:zzwethen v:ade
#1281992 07.07.2026 23:37:58 : EVT APPLICATION : Zapp clid:32879
#1281993 07.07.2026 23:37:58 : EVT APPLICATION : Zapp zzwethen:Disable
#1281994 07.07.2026 23:37:58 : EVT ANALYTICS : Zapp disabled i:8 h:3f77f8ec n:Weather
#1281995 07.07.2026 23:37:58 : EVT APPLICATION : Zapp zzwethen:Load script
#1281996 07.07.2026 23:37:58 : EVT APPLICATION : Zapp zzwethen:Enable
#1281997 07.07.2026 23:37:58 : EVT ANALYTICS : Zapp enabled i:8 h:3f77f8ec n:zzwethen v:ade
#1281998 07.07.2026 23:37:58 : EVT APPLICATION : Zapp clid:32879
#1281999 07.07.2026 23:37:59 : EVT APPLICATION : Zapp zzwethen:Disable
#1282000 07.07.2026 23:37:59 : EVT ANALYTICS : Zapp disabled i:8 h:3f77f8ec n:Weather
#1282001 07.07.2026 23:38:07 : EVT <Unknown> : 1783460287333:SCD DET STATE ON.
#1282002 07.07.2026 23:38:18 : EVT APPLICATION : Zapp zzwethen:Load script
#1282003 07.07.2026 23:38:18 : EVT APPLICATION : Zapp zzwethen:Enable
#1282004 07.07.2026 23:38:19 : EVT ANALYTICS : Zapp enabled i:8 h:3f77f8ec n:zzwethen v:ade
#1282005 07.07.2026 23:38:19 : EVT APPLICATION : Zapp clid:32879
#1282006 07.07.2026 23:38:19 : EVT APPLICATION : Zapp zzwethen:Disable
#1282007 07.07.2026 23:38:19 : EVT ANALYTICS : Zapp disabled i:8 h:3f77f8ec n:Weather
#1282008 07.07.2026 23:38:19 : EVT APPLICATION : Zapp zzwethen:Load script
#1282009 07.07.2026 23:38:19 : EVT APPLICATION : Zapp zzwethen:Enable
#1282010 07.07.2026 23:38:19 : EVT ANALYTICS : Zapp enabled i:8 h:3f77f8ec n:zzwethen v:ade
#1282011 07.07.2026 23:38:19 : EVT APPLICATION : Zapp clid:32879
#1282012 07.07.2026 23:38:20 : EVT APPLICATION : Zapp zzwethen:Disable
#1282013 07.07.2026 23:38:20 : EVT ANALYTICS : Zapp disabled i:8 h:3f77f8ec n:Weather
#1282014 07.07.2026 23:38:20 : EVT APPLICATION : Zapp zzwethen:Load script
#1282015 07.07.2026 23:38:20 : EVT APPLICATION : Zapp zzwethen:Enable
#1282016 07.07.2026 23:38:20 : EVT ANALYTICS : Zapp enabled i:8 h:3f77f8ec n:zzwethen v:ade
#1282017 07.07.2026 23:38:20 : EVT APPLICATION : Zapp clid:32879
#1282018 07.07.2026 23:38:21 : EVT APPLICATION : Zapp zzwethen:Disable
#1282019 07.07.2026 23:38:21 : EVT ANALYTICS : Zapp disabled i:8 h:3f77f8ec n:Weather
#1282020 07.07.2026 23:38:21 : EVT APPLICATION : Zapp zzwethen:Load script
#1282021 07.07.2026 23:38:21 : EVT APPLICATION : Zapp zzwethen:Enable
#1282022 07.07.2026 23:38:21 : EVT ANALYTICS : Zapp enabled i:8 h:3f77f8ec n:zzwethen v:ade
#1282023 07.07.2026 23:38:21 : EVT APPLICATION : Zapp clid:32879
#1282024 07.07.2026 23:38:21 : EVT APPLICATION : Zapp zzwethen:Disable
#1282025 07.07.2026 23:38:22 : EVT ANALYTICS : Zapp disabled i:8 h:3f77f8ec n:Weather
#1282026 07.07.2026 23:38:22 : EVT APPLICATION : Zapp zzwethen:Load script
#1282027 07.07.2026 23:38:22 : EVT APPLICATION : Zapp zzwethen:Enable
#1282028 07.07.2026 23:38:22 : EVT ANALYTICS : Zapp enabled i:8 h:3f77f8ec n:zzwethen v:ade
#1282029 07.07.2026 23:38:22 : EVT APPLICATION : Zapp clid:32879
#1282030 07.07.2026 23:38:22 : EVT APPLICATION : Zapp zzwethen:Disable
#1282031 07.07.2026 23:38:22 : EVT ANALYTICS : Zapp disabled i:8 h:3f77f8ec n:Weather
#1282032 07.07.2026 23:38:22 : EVT APPLICATION : Zapp zzwethen:Load script
#1282033 07.07.2026 23:38:22 : EVT APPLICATION : Zapp zzwethen:Enable
#1282034 07.07.2026 23:38:23 : EVT ANALYTICS : Zapp enabled i:8 h:3f77f8ec n:zzwethen v:ade
#1282035 07.07.2026 23:38:23 : EVT APPLICATION : Zapp clid:32879
#1282036 07.07.2026 23:38:23 : EVT APPLICATION : Zapp zzwethen:Disable
#1282037 07.07.2026 23:38:23 : EVT ANALYTICS : Zapp disabled i:8 h:3f77f8ec n:Weather
#1282038 07.07.2026 23:38:23 : EVT APPLICATION : Zapp zzwethen:Load script
#1282039 07.07.2026 23:38:23 : EVT APPLICATION : Zapp zzwethen:Enable
#1282040 07.07.2026 23:38:23 : EVT ANALYTICS : Zapp enabled i:8 h:3f77f8ec n:zzwethen v:ade
#1282041 07.07.2026 23:38:23 : EVT APPLICATION : Zapp clid:32879
#1282042 07.07.2026 23:38:23 : EVT APPLICATION : Zapp zzwethen:Disable
#1282043 07.07.2026 23:38:23 : EVT ANALYTICS : Zapp disabled i:8 h:3f77f8ec n:Weather
#1282044 07.07.2026 23:38:23 : EVT APPLICATION : Zapp zzwethen:Load script
#1282045 07.07.2026 23:38:23 : EVT APPLICATION : Zapp zzwethen:Enable
#1282046 07.07.2026 23:38:24 : EVT ANALYTICS : Zapp enabled i:8 h:3f77f8ec n:zzwethen v:ade
#1282047 07.07.2026 23:38:24 : EVT APPLICATION : Zapp clid:32879
#1282048 07.07.2026 23:38:24 : EVT APPLICATION : Zapp zzwethen:Disable
#1282049 07.07.2026 23:38:24 : EVT ANALYTICS : Zapp disabled i:8 h:3f77f8ec n:Weather
#1282050 07.07.2026 23:38:24 : EVT APPLICATION : Zapp zzwethen:Load script
#1282051 07.07.2026 23:38:24 : EVT APPLICATION : Zapp zzwethen:Enable
#1282052 07.07.2026 23:38:24 : EVT ANALYTICS : Zapp enabled i:8 h:3f77f8ec n:zzwethen v:ade
#1282053 07.07.2026 23:38:24 : EVT APPLICATION : Zapp clid:32879
#1282054 07.07.2026 23:38:25 : EVT APPLICATION : Zapp zzwethen:Disable
#1282055 07.07.2026 23:38:25 : EVT ANALYTICS : Zapp disabled i:8 h:3f77f8ec n:Weather
#1282056 07.07.2026 23:38:25 : EVT APPLICATION : Zapp zzwethen:Load script
#1282057 07.07.2026 23:38:25 : EVT APPLICATION : Zapp zzwethen:Enable
#1282058 07.07.2026 23:38:25 : EVT ANALYTICS : Zapp enabled i:8 h:3f77f8ec n:zzwethen v:ade
#1282059 07.07.2026 23:38:25 : EVT APPLICATION : Zapp clid:32879
#1282060 07.07.2026 23:38:25 : EVT APPLICATION : Zapp zzwethen:Disable
#1282061 07.07.2026 23:38:25 : EVT ANALYTICS : Zapp disabled i:8 h:3f77f8ec n:Weather
#1282062 07.07.2026 23:38:26 : EVT APPLICATION : Zapp zzwethen:Load script
#1282063 07.07.2026 23:38:26 : EVT APPLICATION : Zapp zzwethen:Enable
#1282064 07.07.2026 23:38:26 : EVT ANALYTICS : Zapp enabled i:8 h:3f77f8ec n:zzwethen v:ade
#1282065 07.07.2026 23:38:26 : EVT APPLICATION : Zapp clid:32879
#1282066 07.07.2026 23:38:26 : EVT APPLICATION : Zapp zzwethen:Disable
#1282067 07.07.2026 23:38:26 : EVT ANALYTICS : Zapp disabled i:8 h:3f77f8ec n:Weather
#1282068 07.07.2026 23:38:27 : EVT APPLICATION : Zapp zzwethen:Load script
#1282069 07.07.2026 23:38:27 : EVT APPLICATION : Zapp zzwethen:Enable
#1282070 07.07.2026 23:38:27 : EVT ANALYTICS : Zapp enabled i:8 h:3f77f8ec n:zzwethen v:ade
#1282071 07.07.2026 23:38:27 : EVT APPLICATION : Zapp clid:32879
#1282072 07.07.2026 23:38:27 : EVT APPLICATION : Zapp zzwethen:Disable
#1282073 07.07.2026 23:38:27 : EVT ANALYTICS : Zapp disabled i:8 h:3f77f8ec n:Weather
#1282074 07.07.2026 23:38:28 : EVT APPLICATION : Zapp zzwethen:Load script
#1282075 07.07.2026 23:38:28 : EVT APPLICATION : Zapp zzwethen:Enable
#1282076 07.07.2026 23:38:28 : EVT ANALYTICS : Zapp enabled i:8 h:3f77f8ec n:zzwethen v:ade
#1282077 07.07.2026 23:38:28 : EVT APPLICATION : Zapp clid:32879
#1282078 07.07.2026 23:38:28 : EVT APPLICATION : Zapp zzwethen:Disable
#1282079 07.07.2026 23:38:28 : EVT ANALYTICS : Zapp disabled i:8 h:3f77f8ec n:Weather
#1282080 07.07.2026 23:38:28 : EVT APPLICATION : Zapp zzwethen:Load script
#1282081 07.07.2026 23:38:28 : EVT APPLICATION : Zapp zzwethen:Enable
#1282082 07.07.2026 23:38:28 : EVT ANALYTICS : Zapp enabled i:8 h:3f77f8ec n:zzwethen v:ade
#1282083 07.07.2026 23:38:28 : EVT APPLICATION : Zapp clid:32879
#1282084 07.07.2026 23:38:29 : EVT APPLICATION : Zapp zzwethen:Disable
#1282085 07.07.2026 23:38:29 : EVT ANALYTICS : Zapp disabled i:8 h:3f77f8ec n:Weather
#1282086 07.07.2026 23:38:29 : EVT APPLICATION : Zapp zzwethen:Load script
#1282087 07.07.2026 23:38:30 : EVT APPLICATION : Zapp zzwethen:Enable
#1282088 07.07.2026 23:38:30 : EVT ANALYTICS : Zapp enabled i:8 h:3f77f8ec n:zzwethen v:ade
#1282089 07.07.2026 23:38:30 : EVT APPLICATION : Zapp clid:32879
#1282090 07.07.2026 23:38:30 : EVT APPLICATION : Zapp zzwethen:Disable
#1282091 07.07.2026 23:38:30 : EVT ANALYTICS : Zapp disabled i:8 h:3f77f8ec n:Weather
#1282092 07.07.2026 23:38:30 : EVT APPLICATION : Zapp zzwethen:Load script
#1282093 07.07.2026 23:38:30 : EVT APPLICATION : Zapp zzwethen:Enable
#1282094 07.07.2026 23:38:30 : EVT ANALYTICS : Zapp enabled i:8 h:3f77f8ec n:zzwethen v:ade
#1282095 07.07.2026 23:38:30 : EVT APPLICATION : Zapp clid:32879
#1282096 07.07.2026 23:38:31 : EVT APPLICATION : Zapp zzwethen:Disable
#1282097 07.07.2026 23:38:31 : EVT ANALYTICS : Zapp disabled i:8 h:3f77f8ec n:Weather
#1282098 07.07.2026 23:38:31 : EVT APPLICATION : Zapp zzwethen:Load script
#1282099 07.07.2026 23:38:31 : EVT APPLICATION : Zapp zzwethen:Enable
#1282100 07.07.2026 23:38:31 : EVT ANALYTICS : Zapp enabled i:8 h:3f77f8ec n:zzwethen v:ade
#1282101 07.07.2026 23:38:31 : EVT APPLICATION : Zapp clid:32879
#1282102 07.07.2026 23:38:31 : EVT APPLICATION : Zapp zzwethen:Disable
#1282103 07.07.2026 23:38:31 : EVT ANALYTICS : Zapp disabled i:8 h:3f77f8ec n:Weather
#1282104 07.07.2026 23:38:32 : EVT APPLICATION : Zapp zzwethen:Load script
#1282105 07.07.2026 23:38:32 : EVT APPLICATION : Zapp zzwethen:Enable
#1282106 07.07.2026 23:38:32 : EVT ANALYTICS : Zapp enabled i:8 h:3f77f8ec n:zzwethen v:ade
#1282107 07.07.2026 23:38:32 : EVT APPLICATION : Zapp clid:32879
#1282108 07.07.2026 23:38:32 : EVT APPLICATION : Zapp zzwethen:Disable
#1282109 07.07.2026 23:38:32 : EVT ANALYTICS : Zapp disabled i:8 h:3f77f8ec n:Weather
#1282110 07.07.2026 23:38:33 : EVT APPLICATION : Zapp zzwethen:Load script
#1282111 07.07.2026 23:38:33 : EVT APPLICATION : Zapp zzwethen:Enable
#1282112 07.07.2026 23:38:33 : EVT ANALYTICS : Zapp enabled i:8 h:3f77f8ec n:zzwethen v:ade
#1282113 07.07.2026 23:38:33 : EVT APPLICATION : Zapp clid:32879
#1282114 07.07.2026 23:38:33 : EVT APPLICATION : Zapp zzwethen:Disable
#1282115 07.07.2026 23:38:33 : EVT ANALYTICS : Zapp disabled i:8 h:3f77f8ec n:Weather
#1282116 07.07.2026 23:38:36 : EVT APPLICATION : Zapp zzwethen:Load script
#1282117 07.07.2026 23:38:36 : EVT APPLICATION : Zapp zzwethen:Enable
#1282118 07.07.2026 23:38:36 : EVT ANALYTICS : Zapp enabled i:8 h:3f77f8ec n:zzwethen v:ade
#1282119 07.07.2026 23:38:36 : EVT APPLICATION : Zapp clid:32879
#1282120 07.07.2026 23:38:38 : EVT APPLICATION : Zapp zzwethen:Disable
#1282121 07.07.2026 23:38:38 : EVT ANALYTICS : Zapp disabled i:8 h:3f77f8ec n:Weather
#1282122 07.07.2026 23:38:39 : EVT APPLICATION : Zapp zzwethen:Load script
#1282123 07.07.2026 23:38:39 : EVT APPLICATION : Zapp zzwethen:Enable
#1282124 07.07.2026 23:38:39 : EVT ANALYTICS : Zapp enabled i:8 h:3f77f8ec n:zzwethen v:ade
#1282125 07.07.2026 23:38:39 : EVT APPLICATION : Zapp clid:32879
#1282126 07.07.2026 23:38:39 : EVT APPLICATION : Zapp zzwethen:Disable
#1282127 07.07.2026 23:38:39 : EVT ANALYTICS : Zapp disabled i:8 h:3f77f8ec n:Weather
#1282128 07.07.2026 23:38:40 : EVT APPLICATION : Zapp zzwethen:Load script
#1282129 07.07.2026 23:38:40 : EVT APPLICATION : Zapp zzwethen:Enable
#1282130 07.07.2026 23:38:40 : EVT ANALYTICS : Zapp enabled i:8 h:3f77f8ec n:zzwethen v:ade
#1282131 07.07.2026 23:38:40 : EVT APPLICATION : Zapp clid:32879
#1282132 07.07.2026 23:38:40 : EVT APPLICATION : Zapp zzwethen:Disable
#1282133 07.07.2026 23:38:40 : EVT ANALYTICS : Zapp disabled i:8 h:3f77f8ec n:Weather
#1282134 07.07.2026 23:38:41 : EVT APPLICATION : Zapp zzwethen:Load script
#1282135 07.07.2026 23:38:41 : EVT APPLICATION : Zapp zzwethen:Enable
#1282136 07.07.2026 23:38:41 : EVT ANALYTICS : Zapp enabled i:8 h:3f77f8ec n:zzwethen v:ade
#1282137 07.07.2026 23:38:41 : EVT APPLICATION : Zapp clid:32879
#1282138 07.07.2026 23:38:41 : EVT APPLICATION : Zapp zzwethen:Disable
#1282139 07.07.2026 23:38:41 : EVT ANALYTICS : Zapp disabled i:8 h:3f77f8ec n:Weather
#1282140 07.07.2026 23:38:42 : EVT APPLICATION : Zapp zzwethen:Load script
#1282141 07.07.2026 23:38:42 : EVT APPLICATION : Zapp zzwethen:Enable
#1282142 07.07.2026 23:38:42 : EVT ANALYTICS : Zapp enabled i:8 h:3f77f8ec n:zzwethen v:ade
#1282143 07.07.2026 23:38:42 : EVT APPLICATION : Zapp clid:32879
#1282144 07.07.2026 23:38:42 : EVT APPLICATION : Zapp zzwethen:Disable
#1282145 07.07.2026 23:38:42 : EVT ANALYTICS : Zapp disabled i:8 h:3f77f8ec n:Weather
#1282146 07.07.2026 23:38:43 : EVT APPLICATION : Zapp zzwethen:Load script
#1282147 07.07.2026 23:38:43 : EVT APPLICATION : Zapp zzwethen:Enable
#1282148 07.07.2026 23:38:43 : EVT ANALYTICS : Zapp enabled i:8 h:3f77f8ec n:zzwethen v:ade
#1282149 07.07.2026 23:38:43 : EVT APPLICATION : Zapp clid:32879
#1282150 07.07.2026 23:38:43 : EVT APPLICATION : Zapp zzwethen:Disable
#1282151 07.07.2026 23:38:43 : EVT ANALYTICS : Zapp disabled i:8 h:3f77f8ec n:Weather
#1282152 07.07.2026 23:38:44 : EVT APPLICATION : Zapp zzwethen:Load script
#1282153 07.07.2026 23:38:44 : EVT APPLICATION : Zapp zzwethen:Enable
#1282154 07.07.2026 23:38:44 : EVT ANALYTICS : Zapp enabled i:8 h:3f77f8ec n:zzwethen v:ade
#1282155 07.07.2026 23:38:44 : EVT APPLICATION : Zapp clid:32879
#1282156 07.07.2026 23:38:44 : EVT APPLICATION : Zapp zzwethen:Disable
#1282157 07.07.2026 23:38:44 : EVT ANALYTICS : Zapp disabled i:8 h:3f77f8ec n:Weather
#1282158 07.07.2026 23:38:45 : EVT APPLICATION : Zapp zzwethen:Load script
#1282159 07.07.2026 23:38:45 : EVT APPLICATION : Zapp zzwethen:Enable
#1282160 07.07.2026 23:38:45 : EVT ANALYTICS : Zapp enabled i:8 h:3f77f8ec n:zzwethen v:ade
#1282161 07.07.2026 23:38:45 : EVT APPLICATION : Zapp clid:32879
#1282162 07.07.2026 23:38:46 : EVT APPLICATION : Zapp zzmoveen:Disable
#1282163 07.07.2026 23:38:46 : EVT ANALYTICS : Zapp disabled i:6 h:7aac0887 n:Movement
#1282164 07.07.2026 23:38:46 : EVT UI_FRAMEWORK : evalFile: b:/zapp/zzmoveen.fea/ext2.js from ui
#1282165 07.07.2026 23:38:47 : EVT APPLICATION : Zapp zzmoveen:Load script
#1282166 07.07.2026 23:38:47 : EVT APPLICATION : Zapp zzmoveen:Enable
#1282167 07.07.2026 23:38:47 : EVT ANALYTICS : Zapp enabled i:6 h:7aac0887 n:zzmoveen v:8e0
#1282168 07.07.2026 23:38:47 : EVT UI_FRAMEWORK : evalFile: b:/zapp/zzmoveen.fea/ext1.js from ui
#1282169 07.07.2026 23:38:47 : EVT APPLICATION : Zapp clid:32878
#1282170 07.07.2026 23:38:47 : EVT APPLICATION : Zapp zzmoveen:Disable
#1282171 07.07.2026 23:38:47 : EVT ANALYTICS : Zapp disabled i:6 h:7aac0887 n:Movement
#1282172 07.07.2026 23:38:47 : EVT UI_FRAMEWORK : evalFile: b:/zapp/zzmoveen.fea/ext2.js from ui
#1282173 07.07.2026 23:38:47 : EVT APPLICATION : Zapp zzmoveen:Load script
#1282174 07.07.2026 23:38:48 : EVT APPLICATION : Zapp zzmoveen:Enable
#1282175 07.07.2026 23:38:48 : EVT ANALYTICS : Zapp enabled i:6 h:7aac0887 n:zzmoveen v:8e0
#1282176 07.07.2026 23:38:48 : EVT UI_FRAMEWORK : evalFile: b:/zapp/zzmoveen.fea/ext1.js from ui
#1282177 07.07.2026 23:38:48 : EVT APPLICATION : Zapp clid:32878
#1282178 07.07.2026 23:38:48 : EVT APPLICATION : Zapp zzmoveen:Disable
#1282179 07.07.2026 23:38:48 : EVT ANALYTICS : Zapp disabled i:6 h:7aac0887 n:Movement
#1282180 07.07.2026 23:38:48 : EVT UI_FRAMEWORK : evalFile: b:/zapp/zzmoveen.fea/ext2.js from ui
#1282181 07.07.2026 23:38:48 : EVT APPLICATION : Zapp zzmoveen:Load script
#1282182 07.07.2026 23:38:48 : EVT APPLICATION : Zapp zzmoveen:Enable
#1282183 07.07.2026 23:38:49 : EVT ANALYTICS : Zapp enabled i:6 h:7aac0887 n:zzmoveen v:8e0
#1282184 07.07.2026 23:38:49 : EVT UI_FRAMEWORK : evalFile: b:/zapp/zzmoveen.fea/ext1.js from ui
#1282185 07.07.2026 23:38:49 : EVT APPLICATION : Zapp clid:32878
#1282186 07.07.2026 23:38:49 : EVT APPLICATION : Zapp zzmoveen:Disable
#1282187 07.07.2026 23:38:49 : EVT ANALYTICS : Zapp disabled i:6 h:7aac0887 n:Movement
#1282188 07.07.2026 23:38:49 : EVT UI_FRAMEWORK : evalFile: b:/zapp/zzmoveen.fea/ext2.js from ui
#1282189 07.07.2026 23:38:49 : EVT APPLICATION : Zapp zzmoveen:Load script
#1282190 07.07.2026 23:38:49 : EVT APPLICATION : Zapp zzmoveen:Enable
#1282191 07.07.2026 23:38:49 : EVT ANALYTICS : Zapp enabled i:6 h:7aac0887 n:zzmoveen v:8e0
#1282192 07.07.2026 23:38:49 : EVT UI_FRAMEWORK : evalFile: b:/zapp/zzmoveen.fea/ext1.js from ui
#1282193 07.07.2026 23:38:49 : EVT APPLICATION : Zapp clid:32878
#1282194 07.07.2026 23:38:50 : EVT APPLICATION : Zapp zzmoveen:Disable
#1282195 07.07.2026 23:38:50 : EVT ANALYTICS : Zapp disabled i:6 h:7aac0887 n:Movement
#1282196 07.07.2026 23:38:50 : EVT UI_FRAMEWORK : evalFile: b:/zapp/zzmoveen.fea/ext2.js from ui
#1282197 07.07.2026 23:38:50 : EVT APPLICATION : Zapp zzmoveen:Load script
#1282198 07.07.2026 23:38:50 : EVT APPLICATION : Zapp zzmoveen:Enable
#1282199 07.07.2026 23:38:50 : EVT ANALYTICS : Zapp enabled i:6 h:7aac0887 n:zzmoveen v:8e0
#1282200 07.07.2026 23:38:50 : EVT UI_FRAMEWORK : evalFile: b:/zapp/zzmoveen.fea/ext1.js from ui
#1282201 07.07.2026 23:38:50 : EVT APPLICATION : Zapp clid:32878
#1282202 07.07.2026 23:38:51 : EVT APPLICATION : Zapp zzmoveen:Disable
#1282203 07.07.2026 23:38:51 : EVT ANALYTICS : Zapp disabled i:6 h:7aac0887 n:Movement
#1282204 07.07.2026 23:38:51 : EVT UI_FRAMEWORK : evalFile: b:/zapp/zzmoveen.fea/ext2.js from ui
#1282205 07.07.2026 23:38:51 : EVT APPLICATION : Zapp zzmoveen:Load script
#1282206 07.07.2026 23:38:51 : EVT APPLICATION : Zapp zzmoveen:Enable
#1282207 07.07.2026 23:38:51 : EVT ANALYTICS : Zapp enabled i:6 h:7aac0887 n:zzmoveen v:8e0
#1282208 07.07.2026 23:38:51 : EVT UI_FRAMEWORK : evalFile: b:/zapp/zzmoveen.fea/ext1.js from ui
#1282209 07.07.2026 23:38:51 : EVT APPLICATION : Zapp clid:32878
#1282210 07.07.2026 23:38:51 : EVT APPLICATION : Zapp zzmoveen:Disable
#1282211 07.07.2026 23:38:51 : EVT ANALYTICS : Zapp disabled i:6 h:7aac0887 n:Movement
#1282212 07.07.2026 23:38:51 : EVT UI_FRAMEWORK : evalFile: b:/zapp/zzmoveen.fea/ext2.js from ui
#1282213 07.07.2026 23:38:51 : EVT APPLICATION : Zapp zzmoveen:Load script
#1282214 07.07.2026 23:38:51 : EVT APPLICATION : Zapp zzmoveen:Enable
#1282215 07.07.2026 23:38:51 : EVT ANALYTICS : Zapp enabled i:6 h:7aac0887 n:zzmoveen v:8e0
#1282216 07.07.2026 23:38:51 : EVT UI_FRAMEWORK : evalFile: b:/zapp/zzmoveen.fea/ext1.js from ui
#1282217 07.07.2026 23:38:51 : EVT APPLICATION : Zapp clid:32878
#1282218 07.07.2026 23:38:51 : EVT APPLICATION : Zapp zzmoveen:Disable
#1282219 07.07.2026 23:38:51 : EVT ANALYTICS : Zapp disabled i:6 h:7aac0887 n:Movement
#1282220 07.07.2026 23:38:51 : EVT UI_FRAMEWORK : evalFile: b:/zapp/zzmoveen.fea/ext2.js from ui
#1282221 07.07.2026 23:38:51 : EVT APPLICATION : Zapp zzmoveen:Load script
#1282222 07.07.2026 23:38:52 : EVT APPLICATION : Zapp zzmoveen:Enable
#1282223 07.07.2026 23:38:52 : EVT ANALYTICS : Zapp enabled i:6 h:7aac0887 n:zzmoveen v:8e0
#1282224 07.07.2026 23:38:52 : EVT UI_FRAMEWORK : evalFile: b:/zapp/zzmoveen.fea/ext1.js from ui
#1282225 07.07.2026 23:38:52 : EVT APPLICATION : Zapp clid:32878
#1282226 07.07.2026 23:38:52 : EVT OHR : S:start 0x2123
#1282227 07.07.2026 23:38:52 : EVT APPLICATION : Zapp zzmoveen:Disable
#1282228 07.07.2026 23:38:52 : EVT ANALYTICS : Zapp disabled i:6 h:7aac0887 n:Movement
#1282229 07.07.2026 23:38:52 : EVT UI_FRAMEWORK : evalFile: b:/zapp/zzmoveen.fea/ext2.js from ui
#1282230 07.07.2026 23:38:52 : EVT APPLICATION : Zapp zzmoveen:Load script
#1282231 07.07.2026 23:38:52 : EVT APPLICATION : Zapp zzmoveen:Enable
#1282232 07.07.2026 23:38:52 : EVT <Unknown> : 1783460332105:Meas start 0x2123
#1282233 07.07.2026 23:38:52 : EVT ANALYTICS : Zapp enabled i:6 h:7aac0887 n:zzmoveen v:8e0
#1282234 07.07.2026 23:38:52 : EVT UI_FRAMEWORK : evalFile: b:/zapp/zzmoveen.fea/ext1.js from ui
#1282235 07.07.2026 23:38:52 : EVT APPLICATION : Zapp clid:32878
#1282236 07.07.2026 23:38:53 : EVT APPLICATION : Zapp zzmoveen:Disable
#1282237 07.07.2026 23:38:53 : EVT ANALYTICS : Zapp disabled i:6 h:7aac0887 n:Movement
#1282238 07.07.2026 23:38:53 : EVT UI_FRAMEWORK : evalFile: b:/zapp/zzmoveen.fea/ext2.js from ui
#1282239 07.07.2026 23:38:53 : EVT APPLICATION : Zapp zzmoveen:Load script
#1282240 07.07.2026 23:38:53 : EVT APPLICATION : Zapp zzmoveen:Enable
#1282241 07.07.2026 23:38:53 : EVT ANALYTICS : Zapp enabled i:6 h:7aac0887 n:zzmoveen v:8e0
#1282242 07.07.2026 23:38:53 : EVT UI_FRAMEWORK : evalFile: b:/zapp/zzmoveen.fea/ext1.js from ui
#1282243 07.07.2026 23:38:53 : EVT APPLICATION : Zapp clid:32878
#1282244 07.07.2026 23:38:53 : EVT APPLICATION : Zapp zzmoveen:Enable
#1282245 07.07.2026 23:38:53 : EVT ANALYTICS : Zapp enabled i:6 h:7aac0887 n:zzmoveen v:8e0
#1282246 07.07.2026 23:38:53 : EVT UI_FRAMEWORK : evalFile: b:/zapp/zzmoveen.fea/ext1.js from ui
#1282247 07.07.2026 23:38:53 : EVT APPLICATION : Zapp clid:32878
#1282248 07.07.2026 23:38:53 : EVT APPLICATION : Zapp zzmoveen:Disable
#1282249 07.07.2026 23:38:53 : EVT ANALYTICS : Zapp disabled i:6 h:7aac0887 n:Movement
#1282250 07.07.2026 23:38:53 : EVT UI_FRAMEWORK : evalFile: b:/zapp/zzmoveen.fea/ext2.js from ui
#1282251 07.07.2026 23:38:53 : EVT APPLICATION : Zapp zzmoveen:Load script
#1282252 07.07.2026 23:38:53 : EVT APPLICATION : Zapp zzmoveen:Enable
#1282253 07.07.2026 23:38:53 : EVT ANALYTICS : Zapp enabled i:6 h:7aac0887 n:zzmoveen v:8e0
#1282254 07.07.2026 23:38:53 : EVT UI_FRAMEWORK : evalFile: b:/zapp/zzmoveen.fea/ext1.js from ui
#1282255 07.07.2026 23:38:53 : EVT APPLICATION : Zapp clid:32878
#1282256 07.07.2026 23:38:53 : EVT APPLICATION : Zapp zzmoveen:Disable
#1282257 07.07.2026 23:38:54 : EVT ANALYTICS : Zapp disabled i:6 h:7aac0887 n:Movement
#1282258 07.07.2026 23:38:54 : EVT UI_FRAMEWORK : evalFile: b:/zapp/zzmoveen.fea/ext2.js from ui
#1282259 07.07.2026 23:38:54 : EVT APPLICATION : Zapp zzmoveen:Load script
#1282260 07.07.2026 23:38:54 : EVT APPLICATION : Zapp zzmoveen:Enable
#1282261 07.07.2026 23:38:54 : EVT ANALYTICS : Zapp enabled i:6 h:7aac0887 n:zzmoveen v:8e0
#1282262 07.07.2026 23:38:54 : EVT UI_FRAMEWORK : evalFile: b:/zapp/zzmoveen.fea/ext1.js from ui
#1282263 07.07.2026 23:38:54 : EVT APPLICATION : Zapp clid:32878
#1282264 07.07.2026 23:38:56 : EVT <Unknown> : 1783460336538:Off Skin Set.
#1282265 07.07.2026 23:38:59 : EVT <Unknown> : 1783460339290:On Skin Set.
#1282266 07.07.2026 23:39:00 : EVT <Unknown> : 1783460340362:Off Skin Set.
#1282267 07.07.2026 23:39:01 : EVT PMIC : VBUS state is ON
#1282268 07.07.2026 23:39:01 : EVT PMIC : chgCntl1:0x70
#1282269 07.07.2026 23:39:01 : EVT PMIC : check chgCntl1:0x74
#1282270 07.07.2026 23:39:01 : EVT PMIC : Turn charge ON since VBUS->ON
#1282271 07.07.2026 23:39:01 : EVT PMIC : PMIC temp zone:0x2
#1282272 07.07.2026 23:39:01 : EVT PMIC : PMIC Fast-charge constant cur
#1282273 07.07.2026 23:39:01 : EVT OHR : VBUS on
#1282274 07.07.2026 23:39:01 : EVT OHR : S:stop 23
#1282275 07.07.2026 23:39:01 : EVT <Unknown> : 1783460341990:Meas stop 0x2123
#1282276 07.07.2026 23:39:02 : EVT PMIC : PMIC Fast-charge constant voltage
#1282277 07.07.2026 23:39:02 : EVT PMIC : VBUS state is ON
#1282278 07.07.2026 23:39:02 : WRN <Unknown> : 1783460341991:FSM EVT STOP.
#1282279 07.07.2026 23:39:02 : EVT OHR : S:OFF 1->0
#1282280 07.07.2026 23:39:05 : EVT OHR : No HR update, invalidate by timer
#1282281 07.07.2026 23:39:05 : TRC FUEL_GAUGE : Chg->1,B:5,C:15.0,V:4420,U:1,bF:100%,bC:100%
#1282282 07.07.2026 23:39:06 : EVT ANALYTICS : Battery-> 2 soc:100
#1282283 07.07.2026 23:39:19 : EVT WBCOMM : P-9 connection made to ECSD00000000
#1282284 07.07.2026 23:39:19 : EVT WBCOMM : New Route: ECSD00000000
#1282285 07.07.2026 23:39:22 : ERR WBMAIN : *0: app 717 Event 36 80005310
#1282286 07.07.2026 23:39:22 : ERR WBMAIN : 1: mea 0 Wait 0 00000000
#1282287 07.07.2026 23:39:22 : ERR WBMAIN : 2: ui 341 Wait 0 00000000
#1282288 07.07.2026 23:39:23 : EVT ANALYTICS : Sync start
#1282289 07.07.2026 23:39:23 : EVT ANALYTICS : Sync start
#1282290 07.07.2026 23:39:23 : WRN WBAPI : eID-691468(277): /Dive/TankPressure/Alarm/Count 404
#1282291 07.07.2026 23:39:28 : EVT OHR : No HR update, invalidate by timer
#1282292 07.07.2026 23:40:00 : ERR WBMAIN : *0: app 518 Event 24 80892700
#1282293 07.07.2026 23:40:00 : ERR WBMAIN : 1: mea 0 Event 3 80891701
#1282294 07.07.2026 23:40:00 : ERR WBMAIN : 2: ui 342 Wait 0 00000000
#1282295 07.07.2026 23:41:23 : EVT PMIC : PMIC temp zone:0x7
#1282296 07.07.2026 23:41:23 : EVT PMIC : VBUS state is OFF
#1282297 07.07.2026 23:41:23 : EVT PMIC : Turn charge OFF since VBUS->OFF
#1282298 07.07.2026 23:41:23 : EVT WBCOMM : Route lost: ECSD00000000
#1282299 07.07.2026 23:41:23 : TRC FUEL_GAUGE : Chg->0,B:5,C:31.7,V:4441,U:0,bF:100%,bC:100%
#1282300 07.07.2026 23:41:23 : EVT OHR : VBUS off
#1282301 07.07.2026 23:41:23 : EVT OHR : S:ON 0->1
#1282302 07.07.2026 23:41:23 : EVT PMIC : PMIC temp zone:0x2
#1282303 07.07.2026 23:41:23 : EVT ANALYTICS : Battery-> 1 soc:100
#1282304 07.07.2026 23:41:23 : EVT OHR : APPINIT:caps 0x1f4, 6b738616
#1282305 07.07.2026 23:41:23 : EVT <Unknown> : 1783460483984:AI@1783460483960, tz120
#1282306 07.07.2026 23:41:23 : EVT OHR : S:start 0x21a3
#1282307 07.07.2026 23:41:23 : EVT <Unknown> : 1783460483991:Meas start 0x21a3
#1282308 07.07.2026 23:41:24 : EVT PMIC : VBUS state is ON
#1282309 07.07.2026 23:41:24 : EVT PMIC : chgCntl1:0x70
#1282310 07.07.2026 23:41:24 : EVT PMIC : check chgCntl1:0x74
#1282311 07.07.2026 23:41:24 : EVT PMIC : Turn charge ON since VBUS->ON
#1282312 07.07.2026 23:41:24 : TRC FUEL_GAUGE : Chg->1,B:5,C:29.5,V:4441,U:1,bF:100%,bC:100%
#1282313 07.07.2026 23:41:24 : EVT PMIC : PMIC Fast-charge constant cur
#1282314 07.07.2026 23:41:24 : EVT PMIC : PMIC Fast-charge constant voltage
#1282315 07.07.2026 23:41:24 : EVT OHR : VBUS on
#1282316 07.07.2026 23:41:24 : EVT <Unknown> : 1783460484007:PD1464, 0
#1282317 07.07.2026 23:41:24 : EVT <Unknown> : 1783460484094:GMV 20251126/1/4/0/395/46
#1282318 07.07.2026 23:41:24 : EVT <Unknown> : 1783460484348:Mi1.6.10, auth 0, hr_mode 0
#1282319 07.07.2026 23:41:24 : EVT OHR : S:stop a3
#1282320 07.07.2026 23:41:24 : EVT ANALYTICS : Battery-> 2 soc:100
#1282321 07.07.2026 23:41:24 : EVT <Unknown> : 1783460484368:Meas stop 0x21a3
#1282322 07.07.2026 23:41:24 : WRN <Unknown> : 1783460484369:FSM EVT STOP.
#1282323 07.07.2026 23:41:24 : EVT OHR : S:OFF 1->0
#1282324 07.07.2026 23:41:24 : EVT BRIGHTNESS : pwr bright:7 248
#1282325 07.07.2026 23:41:24 : EVT PMIC : VBUS state is ON
#1282326 07.07.2026 23:41:27 : EVT PMIC : PMIC Precharge
#1282327 07.07.2026 23:41:27 : EVT PMIC : PMIC Fast-charge constant cur
#1282328 07.07.2026 23:41:27 : EVT PMIC : PMIC Fast-charge constant cur
#1282329 07.07.2026 23:41:27 : EVT PMIC : PMIC Fast-charge constant voltage
#1282330 07.07.2026 23:41:27 : EVT PMIC : PMIC Fast-charge constant cur
#1282331 07.07.2026 23:41:27 : EVT PMIC : PMIC Fast-charge constant voltage
#1282332 07.07.2026 23:41:27 : EVT PMIC : PMIC Fast-charge constant cur
#1282333 07.07.2026 23:41:27 : EVT PMIC : PMIC temp zone:0x7
#1282334 07.07.2026 23:41:27 : EVT PMIC : VBUS state is OFF
#1282335 07.07.2026 23:41:27 : EVT PMIC : Turn charge OFF since VBUS->OFF
#1282336 07.07.2026 23:41:27 : TRC FUEL_GAUGE : Chg->0,B:5,C:28.9,V:4441,U:0,bF:100%,bC:100%
#1282337 07.07.2026 23:41:27 : EVT OHR : VBUS off
#1282338 07.07.2026 23:41:27 : EVT OHR : S:ON 0->1
#1282339 07.07.2026 23:41:28 : EVT ANALYTICS : Battery-> 1 soc:100
#1282340 07.07.2026 23:41:28 : EVT OHR : APPINIT:caps 0x1f4, 6b738616
#1282341 07.07.2026 23:41:28 : EVT <Unknown> : 1783460488134:AI@1783460488110, tz120
#1282342 07.07.2026 23:41:28 : EVT OHR : S:start 0x21a3
#1282343 07.07.2026 23:41:28 : EVT <Unknown> : 1783460488139:Meas start 0x21a3
#1282344 07.07.2026 23:41:28 : EVT <Unknown> : 1783460488154:PD1464, 0
#1282345 07.07.2026 23:41:28 : EVT <Unknown> : 1783460488215:GMV 20251126/1/4/0/395/46
#1282346 07.07.2026 23:41:28 : EVT <Unknown> : 1783460488469:Mi1.6.10, auth 0, hr_mode 0
#1282347 07.07.2026 23:41:29 : EVT <Unknown> : 1783460488768:On Skin Set.
#1282348 07.07.2026 23:41:33 : ERR <Unknown> : 1783460492781:Mi invalid call:100,code:0.
#1282349 07.07.2026 23:41:44 : EVT OHR : new HR update
#1282350 07.07.2026 23:42:07 : EVT LOGGER : HrIbiLogger stop, off (0 ms)
#1282351 07.07.2026 23:42:07 : TRC NAVIGATION : CG: no climb WP
#1282352 07.07.2026 23:42:07 : TRC NAVIGATION : CG:init ZoomType=0
#1282353 07.07.2026 23:42:07 : EVT NAVIGATION : initSeg Idx=0 D=1 T=0 3-0-4
#1282354 07.07.2026 23:42:07 : EVT WBSTORAGE : CACHE_DEFRAG (648->1024, 24->24, 25)
#1282355 07.07.2026 23:42:07 : EVT SPEEDFUSION : INFO # IDLE mode(-1) set
#1282356 07.07.2026 23:42:07 : EVT ALTIFUSION : AltiBaroMode:2
#1282357 07.07.2026 23:42:07 : EVT APPLICATION : Zapp climbl01:Disable
#1282358 07.07.2026 23:42:07 : EVT ANALYTICS : Zapp disabled i:5 h:a5e7afa5 n:Climb Log
#1282359 07.07.2026 23:42:08 : EVT APPLICATION : Zapp zzmoveen:Disable
#1282360 07.07.2026 23:42:08 : EVT ANALYTICS : Zapp disabled i:6 h:7aac0887 n:Movement
#1282361 07.07.2026 23:42:08 : EVT UI_FRAMEWORK : evalFile: b:/zapp/zzmoveen.fea/ext2.js from ui
#1282362 07.07.2026 23:42:08 : EVT APPLICATION : Zapp zzwethen:Disable
#1282363 07.07.2026 23:42:08 : EVT ANALYTICS : Zapp disabled i:8 h:3f77f8ec n:Weather
#1282364 07.07.2026 23:42:08 : EVT SPEEDFUSION : INFO # stop speed fusion
#1282365 07.07.2026 23:42:08 : EVT <Unknown> : Update pres sampl intrvl:5
#1282366 07.07.2026 23:42:08 : EVT ANALYTICS : SleepQ:Tracking:On
#1282367 07.07.2026 23:42:08 : EVT OHR : S:start 0x2123
#1282368 07.07.2026 23:42:08 : EVT WBSTORAGE : CACHE_DEFRAG (1000->1008, 24->24, 25)
#1282369 07.07.2026 23:42:08 : EVT <Unknown> : 1783460528289:Meas start 0x2123
#1282370 07.07.2026 23:42:09 : EVT BLE : Disconn sensor:1
#1282371 07.07.2026 23:42:09 : EVT BLE : BLE Sensor Link 4800180D Disc (L-E-:00:0)
#1282372 07.07.2026 23:42:09 : WRN BLE : sendDisconnect 6157
#1282373 07.07.2026 23:42:09 : ERR BLE : [AURA]No filters left, stopping scan
#1282374 07.07.2026 23:42:13 : EVT OHR : No HR update, invalidate by timer
#1282375 07.07.2026 23:42:18 : ERR <Unknown> : 1783460538600:Hr_out conf_low:67/10.
#1282376 07.07.2026 23:42:34 : EVT OHR : new HR update
#1282377 07.07.2026 23:42:37 : EVT APPLICATION : Zapp zwc05901:Load script
#1282378 07.07.2026 23:42:37 : EVT APPLICATION : Zapp zwc05901:Enable
#1282379 07.07.2026 23:42:37 : EVT ANALYTICS : Zapp enabled i:3 h:ddb248f2 n:zwc05901 v:124f
#1282380 07.07.2026 23:42:37 : WRN WBAPI : eID-691468(277): /Weather/Current/ValidWeatherData.temp 
#1282381 07.07.2026 23:42:39 : EVT OHR : No HR update, invalidate by timer
#1282382 07.07.2026 23:42:40 : EVT OHR : new HR update
#1282383 07.07.2026 23:44:08 : WRN <Unknown> : 1783460648318:Device stationary, stopping optical meas
#1282384 07.07.2026 23:44:08 : EVT <Unknown> : 1783460648319:SCD DET STATE OFF cnt:0/0.
#1282385 07.07.2026 23:44:12 : EVT OHR : No HR update, invalidate by timer
#1282386 07.07.2026 23:46:22 : EVT <Unknown> : 1783460781482:xiaomi reset t:293372161/160209899.
#1282387 07.07.2026 23:46:22 : EVT <Unknown> : 1783460781482:On Skin Set.
#1282388 07.07.2026 23:46:25 : ERR <Unknown> : 1783460784692:Mi invalid call:100,code:0.
#1282389 07.07.2026 23:46:35 : EVT OHR : new HR update
#1282390 07.07.2026 23:48:22 : WRN <Unknown> : 1783460901510:Device stationary, stopping optical meas
#1282391 07.07.2026 23:48:22 : EVT <Unknown> : 1783460901511:SCD DET STATE OFF cnt:0/0.
#1282392 07.07.2026 23:48:26 : EVT OHR : No HR update, invalidate by timer
#1282393 07.07.2026 23:48:56 : EVT <Unknown> : 1783460935650:On Skin Set.
#1282394 07.07.2026 23:48:56 : EVT OHR : new HR update
#1282395 07.07.2026 23:50:56 : WRN <Unknown> : 1783461055678:Device stationary, stopping optical meas
#1282396 07.07.2026 23:50:56 : EVT <Unknown> : 1783461055679:SCD DET STATE OFF cnt:0/0.
#1282397 07.07.2026 23:51:00 : EVT OHR : No HR update, invalidate by timer
#1282398 07.07.2026 23:54:46 : EVT <Unknown> : 1783461286366:xiaomi reset t:798256347/567569976.
#1282399 07.07.2026 23:54:46 : EVT <Unknown> : 1783461286367:On Skin Set.
#1282400 07.07.2026 23:54:50 : ERR <Unknown> : 1783461290375:Mi invalid call:100,code:0.
#1282401 07.07.2026 23:54:52 : EVT <Unknown> : 1783461292159:Off Skin Set.
#1282402 07.07.2026 23:54:53 : EVT <Unknown> : 1783461292786:On Skin Set.
#1282403 07.07.2026 23:55:02 : EVT OHR : new HR update
#1282404 07.07.2026 23:55:11 : EVT OHR : No HR update, invalidate by timer
#1282405 07.07.2026 23:55:16 : ERR <Unknown> : 1783461316702:Hr_out conf_low:66/10.
#1282406 07.07.2026 23:55:36 : ERR <Unknown> : 1783461336724:Hr_out conf_low:69/30.
#1282407 07.07.2026 23:56:07 : ERR <Unknown> : 1783461366735:Hr_out conf_low:72/60.
#1282408 07.07.2026 23:56:33 : EVT OHR : new HR update
#1282409 07.07.2026 23:56:53 : WRN <Unknown> : 1783461412814:Device stationary, stopping optical meas
#1282410 07.07.2026 23:56:53 : EVT <Unknown> : 1783461412814:SCD DET STATE OFF cnt:0/0.
#1282411 07.07.2026 23:56:56 : EVT OHR : No HR update, invalidate by timer
#1282412 07.07.2026 23:59:15 : EVT <Unknown> : 1783461555230:xiaomi reset t:1067120239/924705688.
#1282413 07.07.2026 23:59:15 : EVT <Unknown> : 1783461555231:On Skin Set.
#1282414 07.07.2026 23:59:15 : EVT <Unknown> : 1783461555702:Off Skin Set.
#1282415 07.07.2026 23:59:19 : EVT PMIC : VBUS state is ON
#1282416 07.07.2026 23:59:19 : EVT PMIC : chgCntl1:0x70
#1282417 07.07.2026 23:59:19 : EVT PMIC : check chgCntl1:0x74
#1282418 07.07.2026 23:59:19 : EVT PMIC : Turn charge ON since VBUS->ON
#1282419 07.07.2026 23:59:19 : EVT PMIC : PMIC temp zone:0x2
#1282420 07.07.2026 23:59:19 : EVT PMIC : PMIC temp zone:0x7
#1282421 07.07.2026 23:59:19 : EVT OHR : VBUS on
#1282422 07.07.2026 23:59:19 : EVT OHR : S:stop 23
#1282423 07.07.2026 23:59:19 : EVT <Unknown> : 1783461559677:Meas stop 0x2123
#1282424 07.07.2026 23:59:19 : WRN <Unknown> : 1783461559678:FSM EVT STOP.
#1282425 07.07.2026 23:59:19 : EVT OHR : S:OFF 1->0
#1282426 07.07.2026 23:59:19 : EVT PMIC : VBUS state is OFF
#1282427 07.07.2026 23:59:19 : EVT PMIC : Turn charge OFF since VBUS->OFF
#1282428 07.07.2026 23:59:19 : EVT OHR : VBUS off
#1282429 07.07.2026 23:59:19 : EVT OHR : S:ON 0->1
#1282430 07.07.2026 23:59:20 : EVT PMIC : VBUS state is OFF
#1282431 07.07.2026 23:59:20 : EVT OHR : APPINIT:caps 0x1f4, 6b738616
#1282432 07.07.2026 23:59:20 : EVT <Unknown> : 1783461560324:AI@1783461560300, tz120
#1282433 07.07.2026 23:59:20 : EVT OHR : S:start 0x2123
#1282434 07.07.2026 23:59:20 : EVT <Unknown> : 1783461560498:Meas start 0x2123
#1282435 07.07.2026 23:59:20 : EVT <Unknown> : 1783461560509:PD1464, 0
#1282436 07.07.2026 23:59:20 : EVT <Unknown> : 1783461560573:GMV 20251126/1/4/0/395/46
#1282437 07.07.2026 23:59:20 : EVT <Unknown> : 1783461560826:Mi1.6.10, auth 0, hr_mode 0
#1282438 07.07.2026 23:59:22 : EVT PMIC : VBUS state is ON
#1282439 07.07.2026 23:59:22 : EVT PMIC : chgCntl1:0x70
#1282440 07.07.2026 23:59:22 : EVT PMIC : check chgCntl1:0x74
#1282441 07.07.2026 23:59:22 : EVT PMIC : Turn charge ON since VBUS->ON
#1282442 07.07.2026 23:59:22 : EVT PMIC : PMIC temp zone:0x7
#1282443 07.07.2026 23:59:22 : EVT OHR : VBUS on
#1282444 07.07.2026 23:59:22 : EVT OHR : S:stop 23
#1282445 07.07.2026 23:59:22 : EVT <Unknown> : 1783461562755:Meas stop 0x2123
#1282446 07.07.2026 23:59:22 : WRN <Unknown> : 1783461562755:FSM EVT STOP.
#1282447 07.07.2026 23:59:22 : EVT OHR : S:OFF 1->0
#1282448 07.07.2026 23:59:22 : EVT PMIC : VBUS state is OFF
#1282449 07.07.2026 23:59:22 : EVT PMIC : Turn charge OFF since VBUS->OFF
#1282450 07.07.2026 23:59:22 : EVT OHR : VBUS off
#1282451 07.07.2026 23:59:22 : EVT OHR : S:ON 0->1
#1282452 07.07.2026 23:59:22 : EVT PMIC : VBUS state is OFF
#1282453 07.07.2026 23:59:23 : EVT OHR : APPINIT:caps 0x1f4, 6b738616
#1282454 07.07.2026 23:59:23 : EVT <Unknown> : 1783461563134:AI@1783461563110, tz120
#1282455 07.07.2026 23:59:23 : EVT OHR : S:start 0x2123
#1282456 07.07.2026 23:59:23 : EVT <Unknown> : 1783461563140:Meas start 0x2123
#1282457 07.07.2026 23:59:23 : EVT <Unknown> : 1783461563151:PD1464, 0
#1282458 07.07.2026 23:59:23 : EVT <Unknown> : 1783461563214:GMV 20251126/1/4/0/395/46
#1282459 07.07.2026 23:59:23 : EVT <Unknown> : 1783461563468:Mi1.6.10, auth 0, hr_mode 0
#1282460 07.07.2026 23:59:25 : EVT PMIC : VBUS state is ON
#1282461 07.07.2026 23:59:25 : EVT PMIC : chgCntl1:0x70
#1282462 07.07.2026 23:59:25 : EVT PMIC : check chgCntl1:0x74
#1282463 07.07.2026 23:59:25 : EVT PMIC : Turn charge ON since VBUS->ON
#1282464 07.07.2026 23:59:25 : EVT PMIC : PMIC temp zone:0x2
#1282465 07.07.2026 23:59:25 : EVT PMIC : PMIC Fast-charge constant cur
#1282466 07.07.2026 23:59:25 : EVT OHR : VBUS on
#1282467 07.07.2026 23:59:25 : EVT OHR : S:stop 23
#1282468 07.07.2026 23:59:25 : EVT <Unknown> : 1783461565087:Meas stop 0x2123
#1282469 07.07.2026 23:59:25 : EVT PMIC : PMIC Fast-charge constant voltage
#1282470 07.07.2026 23:59:25 : WRN <Unknown> : 1783461565087:FSM EVT STOP.
#1282471 07.07.2026 23:59:25 : EVT OHR : S:OFF 1->0
#1282472 07.07.2026 23:59:25 : EVT PMIC : VBUS state is ON
#1282473 07.07.2026 23:59:27 : EVT WBCOMM : P-9 connection made to ECSD00000000
#1282474 07.07.2026 23:59:27 : EVT WBCOMM : New Route: ECSD00000000
#1282475 07.07.2026 23:59:31 : TRC FUEL_GAUGE : Chg->1,B:5,C:15.8,V:4428,U:1,bF:100%,bC:100%
#1282476 07.07.2026 23:59:31 : EVT ANALYTICS : Battery-> 2 soc:100
#1282477 07.07.2026 23:59:39 : WRN WBCOMM : Route ECSD00000000 error 504: Dropping existing connecti
#1282478 07.07.2026 23:59:39 : EVT WBCOMM : Route lost: ECSD00000000
#1282479 07.07.2026 23:59:39 : EVT WBCOMM : P-9 connection made to ECSD00000000
#1282480 07.07.2026 23:59:39 : EVT WBCOMM : New Route: ECSD00000000
#1282481 07.07.2026 23:59:40 : EVT WBSTORAGE : CACHE_DEFRAG (880->888, 24->24, 25)
#1282482 07.07.2026 23:59:40 : EVT WBSTORAGE : CACHE_DEFRAG (856->864, 24->24, 25)
#1282483 07.07.2026 23:59:40 : EVT WBSTORAGE : CACHE_DEFRAG (816->824, 24->24, 25)
#1282484 07.07.2026 23:59:40 : EVT <Unknown> : DL Region List
#1282485 07.07.2026 23:59:40 : EVT WIFI : Pwr up
#1282486 07.07.2026 23:59:42 : ERR WBMAIN : *0: app 724 Event 36 80005310
#1282487 07.07.2026 23:59:42 : ERR WBMAIN : 1: mea 89 Wait 0 00000000
#1282488 07.07.2026 23:59:42 : ERR WBMAIN : 2: ui 87 Wait 0 00000000
#1282489 07.07.2026 23:59:42 : EVT ANALYTICS : Sync start
#1282490 07.07.2026 23:59:43 : EVT ANALYTICS : Sync start
#1282491 07.07.2026 23:59:47 : EVT WIFI : pwr up
#1282492 07.07.2026 23:59:47 : EVT WIFI : SDK Ver(3.2.8.1)
#1282493 07.07.2026 23:59:47 : EVT WIFI : Scann APs (1/3)
#1282494 07.07.2026 23:59:48 : EVT WIFI : APs scanned:4
#1282495 07.07.2026 23:59:48 : EVT WBSTORAGE : CACHE_DEFRAG (808->816, 24->24, 25)
#1282496 07.07.2026 23:59:48 : WRN WIFI : No APs matched to connect
#1282497 07.07.2026 23:59:48 : EVT WIFI : Scann APs (2/3)
#1282498 07.07.2026 23:59:48 : TRC APPLICATION : Zapp climbl01 uninstalled
#1282499 07.07.2026 23:59:49 : ERR WBMAIN : *0: app 1058 Event 36 80005310
#1282500 07.07.2026 23:59:49 : ERR WBMAIN : 1: mea 80 Wait 0 00000000
#1282501 07.07.2026 23:59:49 : ERR WBMAIN : 2: ui 80 Wait 0 00000000
#1282502 07.07.2026 23:59:49 : EVT WIFI : APs scanned:3
#1282503 07.07.2026 23:59:49 : WRN WIFI : No APs matched to connect
#1282504 07.07.2026 23:59:49 : EVT WIFI : Scann APs (3/3)
#1282505 07.07.2026 23:59:49 : EVT ANALYTICS : Sync start
#1282506 07.07.2026 23:59:50 : EVT WIFI : APs scanned:3
#1282507 07.07.2026 23:59:50 : WRN WIFI : No APs matched to connect
#1282508 07.07.2026 23:59:50 : EVT WIFI : Internal connect ret:103
#1282509 07.07.2026 23:59:50 : ERR <Unknown> : DL GET resultCode=500
#1282510 07.07.2026 23:59:50 : EVT <Unknown> : DL try retry after 900000 ms
#1282511 07.07.2026 23:59:50 : EVT ANALYTICS : Sync start
#1282512 07.07.2026 23:59:54 : EVT APPLICATION : Plugin climbl01.zip as type:[2]
#1282513 07.07.2026 23:59:55 : ERR WBMAIN : *0: app 1174 Event 36 80005310
#1282514 07.07.2026 23:59:55 : ERR WBMAIN : 1: mea 3 Wait 0 00000000
#1282515 07.07.2026 23:59:55 : ERR WBMAIN : 2: ui 3 Wait 0 00000000
#1282516 07.07.2026 23:59:56 : EVT ANALYTICS : Sync start
#1282517 07.07.2026 23:59:56 : EVT ANALYTICS : Sync start
#1282518 08.07.2026 00:00:00 : EVT ANALYTICS : PanelModeQ 14884 2222 2144 1536
#1282519 08.07.2026 00:00:00 : EVT WBSTORAGE : CACHE_DEFRAG (776->792, 24->24, 25)
#1282520 08.07.2026 00:00:00 : EVT <Unknown> : No alarm clock today
#1282521 08.07.2026 00:00:00 : EVT <Unknown> : No alarm clock today
#1282522 08.07.2026 00:00:00 : EVT <Unknown> : pwr daily,ontime:0
#1282523 08.07.2026 00:00:00 : EVT WBSTORAGE : CACHE_DEFRAG (704->720, 24->24, 25)
#1282524 08.07.2026 00:00:00 : EVT WEATHER : t:495403, d:3
#1282525 08.07.2026 00:00:00 : EVT WBSTORAGE : CACHE_DEFRAG (608->616, 24->24, 25)
#1282526 08.07.2026 00:00:00 : WRN TRAININGZONE : get:2
#1282527 08.07.2026 00:00:00 : EVT WBSTORAGE : CACHE_DEFRAG (376->384, 24->24, 25)
#1282528 08.07.2026 00:00:00 : EVT WBSTORAGE : CACHE_DEFRAG (320->328, 24->24, 25)
#1282529 08.07.2026 00:00:00 : TRC APPLICATION : 247: midnight
#1282530 08.07.2026 00:00:00 : EVT ANALYTICS : SBTAPI:M:1,L:0
#1282531 08.07.2026 00:00:00 : TRC APPLICATION : 247: Day 0 1783461600 0
#1282532 08.07.2026 00:00:00 : TRC APPLICATION : 247: Day 1 1783375200 1338
#1282533 08.07.2026 00:00:00 : TRC APPLICATION : 247: Day 2 1783288800 102
#1282534 08.07.2026 00:00:00 : TRC APPLICATION : 247: Day 3 1783202400 0
#1282535 08.07.2026 00:00:00 : TRC APPLICATION : 247: Day 4 1783116000 0
#1282536 08.07.2026 00:00:00 : TRC APPLICATION : 247: Day 5 1783029600 0
#1282537 08.07.2026 00:00:00 : TRC APPLICATION : 247: Day 6 1782943200 0
#1282538 08.07.2026 00:00:00 : EVT TRAININGLAB : TLab:~Mode T 25829 + 331 A 7480 + 0
#1282539 08.07.2026 00:00:00 : EVT TRAININGLAB : TLab:Change mode 2->2
#1282540 08.07.2026 00:00:00 : EVT TRAININGLAB : TLab:Mode::userInfo 60, 200, 1, 37, 182, 950, 1990
#1282541 08.07.2026 00:00:00 : EVT TRAININGLAB : ModeUnsub:2800
#1282542 08.07.2026 00:00:00 : EVT TRAININGLAB : ModeSub:0400
#1282543 08.07.2026 00:00:01 : EVT PMIC : PMIC temp zone:0x7
#1282544 08.07.2026 00:00:02 : EVT PMIC : VBUS state is OFF
#1282545 08.07.2026 00:00:02 : EVT PMIC : Turn charge OFF since VBUS->OFF
#1282546 08.07.2026 00:00:02 : EVT WBCOMM : Route lost: ECSD00000000
#1282547 08.07.2026 00:00:02 : TRC FUEL_GAUGE : Chg->0,B:5,C:28.5,V:4435,U:0,bF:100%,bC:100%
#1282548 08.07.2026 00:00:02 : EVT OHR : VBUS off
#1282549 08.07.2026 00:00:02 : EVT OHR : S:ON 0->1
#1282550 08.07.2026 00:00:02 : EVT PMIC : PMIC temp zone:0x2
#1282551 08.07.2026 00:00:02 : EVT ANALYTICS : Battery-> 1 soc:100
#1282552 08.07.2026 00:00:02 : EVT OHR : APPINIT:caps 0x1f4, 6b738616
#1282553 08.07.2026 00:00:02 : EVT <Unknown> : 1783461602575:AI@1783461602550, tz120
#1282554 08.07.2026 00:00:02 : EVT OHR : S:start 0x2123
#1282555 08.07.2026 00:00:02 : EVT <Unknown> : 1783461602582:Meas start 0x2123
#1282556 08.07.2026 00:00:02 : EVT PMIC : VBUS state is ON
#1282557 08.07.2026 00:00:02 : EVT PMIC : chgCntl1:0x70
#1282558 08.07.2026 00:00:02 : EVT PMIC : check chgCntl1:0x74
#1282559 08.07.2026 00:00:02 : EVT PMIC : Turn charge ON since VBUS->ON
#1282560 08.07.2026 00:00:02 : TRC FUEL_GAUGE : Chg->1,B:5,C:25.7,V:4435,U:1,bF:100%,bC:100%
#1282561 08.07.2026 00:00:02 : EVT PMIC : PMIC Fast-charge constant cur
#1282562 08.07.2026 00:00:02 : EVT PMIC : PMIC Fast-charge constant voltage
#1282563 08.07.2026 00:00:02 : EVT <Unknown> : 1783461602625:PD1464, 0
#1282564 08.07.2026 00:00:02 : EVT <Unknown> : 1783461602689:GMV 20251126/1/4/0/395/46
#1282565 08.07.2026 00:00:02 : EVT <Unknown> : 1783461602942:Mi1.6.10, auth 0, hr_mode 0
#1282566 08.07.2026 00:00:02 : EVT PMIC : PMIC Fast-charge constant cur
#1282567 08.07.2026 00:00:02 : EVT PMIC : PMIC Fast-charge constant voltage
#1282568 08.07.2026 00:00:02 : EVT PMIC : PMIC Fast-charge constant cur
#1282569 08.07.2026 00:00:03 : EVT PMIC : PMIC Fast-charge constant voltage
#1282570 08.07.2026 00:00:03 : EVT PMIC : PMIC temp zone:0x7
#1282571 08.07.2026 00:00:03 : EVT PMIC : VBUS state is OFF
#1282572 08.07.2026 00:00:03 : EVT PMIC : Turn charge OFF since VBUS->OFF
#1282573 08.07.2026 00:00:03 : TRC FUEL_GAUGE : Chg->0,B:5,C:22.1,V:4435,U:0,bF:100%,bC:100%
#1282574 08.07.2026 00:00:03 : EVT OHR : VBUS off
#1282575 08.07.2026 00:00:03 : EVT ANALYTICS : Battery-> 1 soc:100
#1282576 08.07.2026 00:00:03 : EVT <Unknown> : 1783461603460:On Skin Set.
#1282577 08.07.2026 00:00:03 : EVT ANALYTICS : Battery-> 0 soc:100
#1282578 08.07.2026 00:00:03 : EVT WIFI : Pwr down idle wifi (TO:13se)
#1282579 08.07.2026 00:00:03 : EVT WIFI : pwr down OK
#1282580 08.07.2026 00:00:03 : EVT PMIC : VBUS state is OFF
#1282581 08.07.2026 00:00:04 : ERR TOUCH : touch i2c don't init
#1282582 08.07.2026 00:00:05 : ERR TOUCH : touch i2c don't init
#1282583 08.07.2026 00:00:05 : ERR TOUCH : touch i2c don't init
#1282584 08.07.2026 00:00:05 : ERR TOUCH : touch i2c don't init
#1282585 08.07.2026 00:00:05 : ERR TOUCH : touch i2c don't init
#1282586 08.07.2026 00:00:05 : ERR TOUCH : touch i2c don't init
#1282587 08.07.2026 00:00:05 : ERR TOUCH : touch i2c don't init
#1282588 08.07.2026 00:00:05 : ERR TOUCH : touch i2c don't init
#1282589 08.07.2026 00:00:05 : ERR TOUCH : touch i2c don't init
#1282590 08.07.2026 00:00:05 : ERR TOUCH : touch i2c don't init
#1282591 08.07.2026 00:00:05 : ERR TOUCH : touch i2c don't init
#1282592 08.07.2026 00:00:05 : ERR TOUCH : touch i2c don't init
#1282593 08.07.2026 00:00:05 : ERR TOUCH : touch i2c don't init
#1282594 08.07.2026 00:00:05 : ERR TOUCH : touch i2c don't init
#1282595 08.07.2026 00:00:05 : ERR TOUCH : touch i2c don't init
#1282596 08.07.2026 00:00:05 : ERR TOUCH : touch i2c don't init
#1282597 08.07.2026 00:00:05 : ERR TOUCH : touch i2c don't init
#1282598 08.07.2026 00:00:05 : ERR TOUCH : touch i2c don't init
#1282599 08.07.2026 00:00:05 : ERR TOUCH : touch i2c don't init
#1282600 08.07.2026 00:00:05 : EVT OHR : No HR update, invalidate by timer
#1282601 08.07.2026 00:00:07 : ERR <Unknown> : 1783461607474:Mi invalid call:100,code:0.
#1282602 08.07.2026 00:00:15 : EVT WBSTORAGE : CACHE_DEFRAG (272->280, 24->24, 25)
#1282603 08.07.2026 00:00:16 : EVT WBSTORAGE : CACHE_DEFRAG (232->456, 24->24, 25)
#1282604 08.07.2026 00:00:16 : TRC NAVIGATION : CG: no climb WP
#1282605 08.07.2026 00:00:16 : TRC NAVIGATION : CG:init ZoomType=0
#1282606 08.07.2026 00:00:16 : EVT NAVIGATION : initSeg Idx=0 D=1 T=0 3-0-4
#1282607 08.07.2026 00:00:16 : EVT WBSTORAGE : CACHE_DEFRAG (432->944, 24->24, 25)
#1282608 08.07.2026 00:00:16 : EVT ALTIFUSION : AltiBaroMode:0
#1282609 08.07.2026 00:00:16 : EVT ALTIFUSION : Init AltiBaro
#1282610 08.07.2026 00:00:16 : EVT APPLICATION : Zapp zwc05901:Disable
#1282611 08.07.2026 00:00:16 : EVT ANALYTICS : Zapp disabled i:3 h:ddb248f2 n:Vector classic
#1282612 08.07.2026 00:00:16 : EVT ANALYTICS : SleepQ:Tracking:On
#1282613 08.07.2026 00:00:16 : EVT ALTIFUSION : AltiBaroMode:0
#1282614 08.07.2026 00:00:16 : EVT ALTIFUSION : Init AltiBaro
#1282615 08.07.2026 00:00:16 : EVT WBSTORAGE : CACHE_DEFRAG (920->928, 24->24, 25)
#1282616 08.07.2026 00:00:16 : EVT UI_FRAMEWORK : JS nsto enable zapp: zzmoveen
#1282617 08.07.2026 00:00:16 : EVT UI_FRAMEWORK : JS nsto enable zapp: zzwethen
#1282618 08.07.2026 00:00:16 : EVT UI_FRAMEWORK : JS nsto enable zapp: climbl01
#1282619 08.07.2026 00:00:16 : EVT APPLICATION : Zapp zzmoveen:Load script
#1282620 08.07.2026 00:00:16 : EVT APPLICATION : Zapp zzmoveen:Enable
#1282621 08.07.2026 00:00:16 : EVT ANALYTICS : Zapp enabled i:6 h:7aac0887 n:zzmoveen v:8e0
#1282622 08.07.2026 00:00:16 : EVT UI_FRAMEWORK : evalFile: b:/zapp/zzmoveen.fea/ext1.js from ui
#1282623 08.07.2026 00:00:16 : EVT APPLICATION : Zapp clid:32878
#1282624 08.07.2026 00:00:16 : EVT APPLICATION : Zapp zzwethen:Load script
#1282625 08.07.2026 00:00:16 : EVT APPLICATION : Zapp zzwethen:Enable
#1282626 08.07.2026 00:00:16 : EVT ANALYTICS : Zapp enabled i:8 h:3f77f8ec n:zzwethen v:ade
#1282627 08.07.2026 00:00:16 : EVT APPLICATION : Zapp clid:32879
#1282628 08.07.2026 00:00:16 : EVT APPLICATION : Zapp climbl01:Load script
#1282629 08.07.2026 00:00:16 : EVT APPLICATION : Zapp climbl01:Enable
#1282630 08.07.2026 00:00:16 : EVT ANALYTICS : Zapp enabled i:5 h:a5e7afa5 n:climbl01 v:3.0
#1282631 08.07.2026 00:00:16 : EVT APPLICATION : Zapp clid:32880
#1282632 08.07.2026 00:00:17 : EVT UI_FRAMEWORK : JS nsto all zapps enabled.
#1282633 08.07.2026 00:00:17 : EVT UI_FRAMEWORK : JS Prestart Activity Id: 16.000
#1282634 08.07.2026 00:00:17 : WRN WBAPI : eID-691468(277): /Dive/Alarms/Acknowledge 404
#1282635 08.07.2026 00:00:17 : WRN WBAPI : eID-691468(277): /Dive/DiveGases 404
#1282636 08.07.2026 00:00:17 : WRN WBAPI : eID-691468(277): /Dive/Gauge/Next 404
#1282637 08.07.2026 00:00:17 : EVT WBSTORAGE : CACHE_DEFRAG (880->888, 24->24, 25)
#1282638 08.07.2026 00:00:17 : EVT WBSTORAGE : CACHE_DEFRAG (816->824, 24->24, 25)
#1282639 08.07.2026 00:00:17 : EVT WBSTORAGE : CACHE_DEFRAG (752->760, 24->24, 25)
#1282640 08.07.2026 00:00:17 : EVT BLE : BLE Sensor Link 4800180D Conn (--E-:00:1)
#1282641 08.07.2026 00:00:17 : WRN BLE : sendConnect 6157
#1282642 08.07.2026 00:00:17 : WRN WBAPI : eID-691468(277): /Dive/TankPressure/Alarm/Count 404
#1282643 08.07.2026 00:00:17 : EVT SPEEDFUSION : INFO # start speed fusion
#1282644 08.07.2026 00:00:17 : EVT SPEEDFUSION : Act:16,Acc:0,BPod:0,FPod:0,PPod:0,BeltPod:1
#1282645 08.07.2026 00:00:17 : EVT SPEEDFUSION : INFO # Start algo without wrist acc
#1282646 08.07.2026 00:00:17 : EVT <Unknown> : Update pres sampl intrvl:1
#1282647 08.07.2026 00:00:17 : EVT OHR : S:start 0x21a3
#1282648 08.07.2026 00:00:17 : EVT <Unknown> : 1783461617757:Meas start 0x21a3
#1282649 08.07.2026 00:00:25 : EVT APPLICATION : Zapp climbl01:Disable
#1282650 08.07.2026 00:00:25 : EVT ANALYTICS : Zapp disabled i:5 h:a5e7afa5 n:Climb Log
#1282651 08.07.2026 00:00:25 : EVT WBSTORAGE : CACHE_DEFRAG (680->712, 24->24, 25)
#1282652 08.07.2026 00:00:26 : EVT APPLICATION : Zapp climbl01:Load script
#1282653 08.07.2026 00:00:26 : EVT APPLICATION : Zapp climbl01:Enable
#1282654 08.07.2026 00:00:26 : EVT ANALYTICS : Zapp enabled i:5 h:a5e7afa5 n:climbl01 v:3.0
#1282655 08.07.2026 00:00:26 : EVT APPLICATION : Zapp clid:32880
#1282656 08.07.2026 00:00:27 : EVT APPLICATION : Zapp climbl01:Disable
#1282657 08.07.2026 00:00:27 : EVT ANALYTICS : Zapp disabled i:5 h:a5e7afa5 n:Climb Log
#1282658 08.07.2026 00:00:27 : EVT BLE : lt,scan 1
#1282659 08.07.2026 00:00:27 : WRN BLE : sendDisconnect 6157
#1282660 08.07.2026 00:00:27 : ERR BLE : [AURA]No filters left, stopping scan
#1282661 08.07.2026 00:00:27 : EVT BLE : packet 0 sensor found count 1
#1282662 08.07.2026 00:00:27 : ERR BLE : [AURA]Filter with handle 72 not found
#1282663 08.07.2026 00:00:27 : EVT BLE : packet 0 sensor found count 2
#1282664 08.07.2026 00:00:27 : EVT APPLICATION : Zapp climbl01:Load script
#1282665 08.07.2026 00:00:27 : EVT APPLICATION : Zapp climbl01:Enable
#1282666 08.07.2026 00:00:27 : EVT ANALYTICS : Zapp enabled i:5 h:a5e7afa5 n:climbl01 v:3.0
#1282667 08.07.2026 00:00:27 : EVT APPLICATION : Zapp clid:32880
#1282668 08.07.2026 00:00:27 : EVT ANALYTICS : #FusHr src:2 time:10236
#1282669 08.07.2026 00:00:28 : EVT APPLICATION : Zapp climbl01:Disable
#1282670 08.07.2026 00:00:28 : EVT ANALYTICS : Zapp disabled i:5 h:a5e7afa5 n:Climb Log
#1282671 08.07.2026 00:00:29 : EVT APPLICATION : Zapp climbl01:Load script
#1282672 08.07.2026 00:00:29 : EVT APPLICATION : Zapp climbl01:Enable
#1282673 08.07.2026 00:00:29 : EVT ANALYTICS : Zapp enabled i:5 h:a5e7afa5 n:climbl01 v:3.0
#1282674 08.07.2026 00:00:29 : EVT APPLICATION : Zapp clid:32880
#1282675 08.07.2026 00:00:30 : EVT APPLICATION : Zapp climbl01:Disable
#1282676 08.07.2026 00:00:30 : EVT ANALYTICS : Zapp disabled i:5 h:a5e7afa5 n:Climb Log
#1282677 08.07.2026 00:00:31 : EVT APPLICATION : Zapp climbl01:Load script
#1282678 08.07.2026 00:00:31 : EVT APPLICATION : Zapp climbl01:Enable
#1282679 08.07.2026 00:00:31 : EVT ANALYTICS : Zapp enabled i:5 h:a5e7afa5 n:climbl01 v:3.0
#1282680 08.07.2026 00:00:31 : EVT APPLICATION : Zapp clid:32880
#1282681 08.07.2026 00:00:32 : EVT APPLICATION : Zapp climbl01:Disable
#1282682 08.07.2026 00:00:32 : EVT ANALYTICS : Zapp disabled i:5 h:a5e7afa5 n:Climb Log
#1282683 08.07.2026 00:00:33 : EVT APPLICATION : Zapp climbl01:Load script
#1282684 08.07.2026 00:00:33 : EVT APPLICATION : Zapp climbl01:Enable
#1282685 08.07.2026 00:00:33 : EVT ANALYTICS : Zapp enabled i:5 h:a5e7afa5 n:climbl01 v:3.0
#1282686 08.07.2026 00:00:33 : EVT APPLICATION : Zapp clid:32880
#1282687 08.07.2026 00:00:33 : EVT APPLICATION : Zapp climbl01:Disable
#1282688 08.07.2026 00:00:33 : EVT ANALYTICS : Zapp disabled i:5 h:a5e7afa5 n:Climb Log
#1282689 08.07.2026 00:00:34 : EVT APPLICATION : Zapp climbl01:Load script
#1282690 08.07.2026 00:00:34 : EVT APPLICATION : Zapp climbl01:Enable
#1282691 08.07.2026 00:00:34 : EVT ANALYTICS : Zapp enabled i:5 h:a5e7afa5 n:climbl01 v:3.0
#1282692 08.07.2026 00:00:34 : EVT APPLICATION : Zapp clid:32880
#1282693 08.07.2026 00:00:35 : EVT APPLICATION : Zapp climbl01:Disable
#1282694 08.07.2026 00:00:35 : EVT ANALYTICS : Zapp disabled i:5 h:a5e7afa5 n:Climb Log
#1282695 08.07.2026 00:00:36 : EVT APPLICATION : Zapp climbl01:Load script
#1282696 08.07.2026 00:00:36 : EVT APPLICATION : Zapp climbl01:Enable
#1282697 08.07.2026 00:00:36 : EVT ANALYTICS : Zapp enabled i:5 h:a5e7afa5 n:climbl01 v:3.0
#1282698 08.07.2026 00:00:36 : EVT APPLICATION : Zapp clid:32880
#1282699 08.07.2026 00:00:36 : EVT APPLICATION : Zapp climbl01:Disable
#1282700 08.07.2026 00:00:36 : EVT ANALYTICS : Zapp disabled i:5 h:a5e7afa5 n:Climb Log
#1282701 08.07.2026 00:00:37 : EVT APPLICATION : Zapp climbl01:Load script
#1282702 08.07.2026 00:00:37 : EVT APPLICATION : Zapp climbl01:Enable
#1282703 08.07.2026 00:00:37 : EVT ANALYTICS : Zapp enabled i:5 h:a5e7afa5 n:climbl01 v:3.0
#1282704 08.07.2026 00:00:37 : EVT APPLICATION : Zapp clid:32880
#1282705 08.07.2026 00:00:38 : EVT APPLICATION : Zapp climbl01:Disable
#1282706 08.07.2026 00:00:38 : EVT ANALYTICS : Zapp disabled i:5 h:a5e7afa5 n:Climb Log
#1282707 08.07.2026 00:00:38 : EVT APPLICATION : Zapp climbl01:Load script
#1282708 08.07.2026 00:00:38 : EVT APPLICATION : Zapp climbl01:Enable
#1282709 08.07.2026 00:00:39 : EVT ANALYTICS : Zapp enabled i:5 h:a5e7afa5 n:climbl01 v:3.0
#1282710 08.07.2026 00:00:39 : EVT APPLICATION : Zapp clid:32880
#1282711 08.07.2026 00:00:39 : EVT APPLICATION : Zapp climbl01:Disable
#1282712 08.07.2026 00:00:39 : EVT ANALYTICS : Zapp disabled i:5 h:a5e7afa5 n:Climb Log
#1282713 08.07.2026 00:00:39 : EVT APPLICATION : Zapp climbl01:Load script
#1282714 08.07.2026 00:00:39 : EVT APPLICATION : Zapp climbl01:Enable
#1282715 08.07.2026 00:00:40 : EVT ANALYTICS : Zapp enabled i:5 h:a5e7afa5 n:climbl01 v:3.0
#1282716 08.07.2026 00:00:40 : EVT APPLICATION : Zapp clid:32880
#1282717 08.07.2026 00:00:40 : EVT APPLICATION : Zapp climbl01:Disable
#1282718 08.07.2026 00:00:40 : EVT ANALYTICS : Zapp disabled i:5 h:a5e7afa5 n:Climb Log
#1282719 08.07.2026 00:00:40 : EVT APPLICATION : Zapp climbl01:Load script
#1282720 08.07.2026 00:00:40 : EVT APPLICATION : Zapp climbl01:Enable
#1282721 08.07.2026 00:00:40 : EVT ANALYTICS : Zapp enabled i:5 h:a5e7afa5 n:climbl01 v:3.0
#1282722 08.07.2026 00:00:40 : EVT APPLICATION : Zapp clid:32880
#1282723 08.07.2026 00:00:41 : EVT APPLICATION : Zapp climbl01:Disable
#1282724 08.07.2026 00:00:41 : EVT ANALYTICS : Zapp disabled i:5 h:a5e7afa5 n:Climb Log
#1282725 08.07.2026 00:00:42 : EVT APPLICATION : Zapp climbl01:Load script
#1282726 08.07.2026 00:00:42 : EVT APPLICATION : Zapp climbl01:Enable
#1282727 08.07.2026 00:00:42 : EVT ANALYTICS : Zapp enabled i:5 h:a5e7afa5 n:climbl01 v:3.0
#1282728 08.07.2026 00:00:42 : EVT APPLICATION : Zapp clid:32880
#1282729 08.07.2026 00:00:44 : EVT APPLICATION : Zapp climbl01:Disable
#1282730 08.07.2026 00:00:44 : EVT ANALYTICS : Zapp disabled i:5 h:a5e7afa5 n:Climb Log
#1282731 08.07.2026 00:00:44 : EVT APPLICATION : Zapp climbl01:Load script
#1282732 08.07.2026 00:00:44 : EVT APPLICATION : Zapp climbl01:Enable
#1282733 08.07.2026 00:00:44 : EVT ANALYTICS : Zapp enabled i:5 h:a5e7afa5 n:climbl01 v:3.0
#1282734 08.07.2026 00:00:44 : EVT APPLICATION : Zapp clid:32880
#1282735 08.07.2026 00:00:45 : EVT APPLICATION : Zapp climbl01:Disable
#1282736 08.07.2026 00:00:45 : EVT ANALYTICS : Zapp disabled i:5 h:a5e7afa5 n:Climb Log
#1282737 08.07.2026 00:00:45 : EVT APPLICATION : Zapp climbl01:Load script
#1282738 08.07.2026 00:00:45 : EVT APPLICATION : Zapp climbl01:Enable
#1282739 08.07.2026 00:00:45 : EVT ANALYTICS : Zapp enabled i:5 h:a5e7afa5 n:climbl01 v:3.0
#1282740 08.07.2026 00:00:45 : EVT APPLICATION : Zapp clid:32880
#1282741 08.07.2026 00:00:46 : EVT <Unknown> : 1783461646611:SCD DET STATE ON.
#1282742 08.07.2026 00:00:46 : EVT APPLICATION : Zapp climbl01:Disable
#1282743 08.07.2026 00:00:46 : EVT ANALYTICS : Zapp disabled i:5 h:a5e7afa5 n:Climb Log
#1282744 08.07.2026 00:00:47 : EVT APPLICATION : Zapp climbl01:Load script
#1282745 08.07.2026 00:00:47 : EVT APPLICATION : Zapp climbl01:Enable
#1282746 08.07.2026 00:00:47 : EVT ANALYTICS : Zapp enabled i:5 h:a5e7afa5 n:climbl01 v:3.0
#1282747 08.07.2026 00:00:47 : EVT APPLICATION : Zapp clid:32880
#1282748 08.07.2026 00:00:48 : EVT APPLICATION : Zapp climbl01:Disable
#1282749 08.07.2026 00:00:48 : EVT ANALYTICS : Zapp disabled i:5 h:a5e7afa5 n:Climb Log
#1282750 08.07.2026 00:00:48 : EVT APPLICATION : Zapp climbl01:Load script
#1282751 08.07.2026 00:00:49 : EVT APPLICATION : Zapp climbl01:Enable
#1282752 08.07.2026 00:00:49 : EVT ANALYTICS : Zapp enabled i:5 h:a5e7afa5 n:climbl01 v:3.0
#1282753 08.07.2026 00:00:49 : EVT APPLICATION : Zapp clid:32880
#1282754 08.07.2026 00:00:49 : EVT APPLICATION : Zapp climbl01:Disable
#1282755 08.07.2026 00:00:49 : EVT ANALYTICS : Zapp disabled i:5 h:a5e7afa5 n:Climb Log
#1282756 08.07.2026 00:00:50 : EVT APPLICATION : Zapp climbl01:Load script
#1282757 08.07.2026 00:00:50 : EVT APPLICATION : Zapp climbl01:Enable
#1282758 08.07.2026 00:00:50 : EVT ANALYTICS : Zapp enabled i:5 h:a5e7afa5 n:climbl01 v:3.0
#1282759 08.07.2026 00:00:50 : EVT APPLICATION : Zapp clid:32880
#1282760 08.07.2026 00:00:50 : EVT APPLICATION : Zapp climbl01:Disable
#1282761 08.07.2026 00:00:50 : EVT ANALYTICS : Zapp disabled i:5 h:a5e7afa5 n:Climb Log
#1282762 08.07.2026 00:00:51 : EVT APPLICATION : Zapp climbl01:Load script
#1282763 08.07.2026 00:00:51 : EVT APPLICATION : Zapp climbl01:Enable
#1282764 08.07.2026 00:00:51 : EVT ANALYTICS : Zapp enabled i:5 h:a5e7afa5 n:climbl01 v:3.0
#1282765 08.07.2026 00:00:51 : EVT APPLICATION : Zapp clid:32880
#1282766 08.07.2026 00:00:51 : EVT APPLICATION : Zapp climbl01:Disable
#1282767 08.07.2026 00:00:51 : EVT ANALYTICS : Zapp disabled i:5 h:a5e7afa5 n:Climb Log
#1282768 08.07.2026 00:00:52 : EVT APPLICATION : Zapp climbl01:Load script
#1282769 08.07.2026 00:00:52 : EVT APPLICATION : Zapp climbl01:Enable
#1282770 08.07.2026 00:00:52 : EVT ANALYTICS : Zapp enabled i:5 h:a5e7afa5 n:climbl01 v:3.0
#1282771 08.07.2026 00:00:52 : EVT APPLICATION : Zapp clid:32880
#1282772 08.07.2026 00:00:53 : EVT APPLICATION : Zapp climbl01:Disable
#1282773 08.07.2026 00:00:53 : EVT ANALYTICS : Zapp disabled i:5 h:a5e7afa5 n:Climb Log
#1282774 08.07.2026 00:00:53 : EVT APPLICATION : Zapp climbl01:Load script
#1282775 08.07.2026 00:00:53 : EVT APPLICATION : Zapp climbl01:Enable
#1282776 08.07.2026 00:00:53 : EVT ANALYTICS : Zapp enabled i:5 h:a5e7afa5 n:climbl01 v:3.0
#1282777 08.07.2026 00:00:53 : EVT APPLICATION : Zapp clid:32880
#1282778 08.07.2026 00:00:54 : EVT APPLICATION : Zapp climbl01:Disable
#1282779 08.07.2026 00:00:54 : EVT ANALYTICS : Zapp disabled i:5 h:a5e7afa5 n:Climb Log
#1282780 08.07.2026 00:00:54 : EVT APPLICATION : Zapp climbl01:Load script
#1282781 08.07.2026 00:00:54 : EVT APPLICATION : Zapp climbl01:Enable
#1282782 08.07.2026 00:00:54 : EVT ANALYTICS : Zapp enabled i:5 h:a5e7afa5 n:climbl01 v:3.0
#1282783 08.07.2026 00:00:54 : EVT APPLICATION : Zapp clid:32880
#1282784 08.07.2026 00:00:55 : EVT APPLICATION : Zapp climbl01:Disable
#1282785 08.07.2026 00:00:55 : EVT ANALYTICS : Zapp disabled i:5 h:a5e7afa5 n:Climb Log
#1282786 08.07.2026 00:00:55 : EVT APPLICATION : Zapp climbl01:Load script
#1282787 08.07.2026 00:00:55 : EVT APPLICATION : Zapp climbl01:Enable
#1282788 08.07.2026 00:00:55 : EVT ANALYTICS : Zapp enabled i:5 h:a5e7afa5 n:climbl01 v:3.0
#1282789 08.07.2026 00:00:55 : EVT APPLICATION : Zapp clid:32880
#1282790 08.07.2026 00:00:56 : EVT APPLICATION : Zapp climbl01:Disable
#1282791 08.07.2026 00:00:56 : EVT ANALYTICS : Zapp disabled i:5 h:a5e7afa5 n:Climb Log
#1282792 08.07.2026 00:00:56 : EVT APPLICATION : Zapp climbl01:Load script
#1282793 08.07.2026 00:00:56 : EVT APPLICATION : Zapp climbl01:Enable
#1282794 08.07.2026 00:00:57 : EVT ANALYTICS : Zapp enabled i:5 h:a5e7afa5 n:climbl01 v:3.0
#1282795 08.07.2026 00:00:57 : EVT APPLICATION : Zapp clid:32880
#1282796 08.07.2026 00:00:57 : EVT APPLICATION : Zapp climbl01:Disable
#1282797 08.07.2026 00:00:57 : EVT ANALYTICS : Zapp disabled i:5 h:a5e7afa5 n:Climb Log
#1282798 08.07.2026 00:00:58 : EVT APPLICATION : Zapp climbl01:Load script
#1282799 08.07.2026 00:00:58 : EVT APPLICATION : Zapp climbl01:Enable
#1282800 08.07.2026 00:00:58 : EVT ANALYTICS : Zapp enabled i:5 h:a5e7afa5 n:climbl01 v:3.0
#1282801 08.07.2026 00:00:58 : EVT APPLICATION : Zapp clid:32880
#1282802 08.07.2026 00:00:58 : EVT APPLICATION : Zapp climbl01:Disable
#1282803 08.07.2026 00:00:58 : EVT ANALYTICS : Zapp disabled i:5 h:a5e7afa5 n:Climb Log
#1282804 08.07.2026 00:00:59 : EVT APPLICATION : Zapp climbl01:Load script
#1282805 08.07.2026 00:00:59 : EVT APPLICATION : Zapp climbl01:Enable
#1282806 08.07.2026 00:00:59 : EVT ANALYTICS : Zapp enabled i:5 h:a5e7afa5 n:climbl01 v:3.0
#1282807 08.07.2026 00:00:59 : EVT APPLICATION : Zapp clid:32880
#1282808 08.07.2026 00:00:59 : EVT APPLICATION : Zapp climbl01:Disable
#1282809 08.07.2026 00:00:59 : EVT ANALYTICS : Zapp disabled i:5 h:a5e7afa5 n:Climb Log
#1282810 08.07.2026 00:00:59 : EVT APPLICATION : Zapp climbl01:Load script
#1282811 08.07.2026 00:00:59 : EVT APPLICATION : Zapp climbl01:Enable
#1282812 08.07.2026 00:00:59 : EVT ANALYTICS : Zapp enabled i:5 h:a5e7afa5 n:climbl01 v:3.0
#1282813 08.07.2026 00:01:00 : EVT APPLICATION : Zapp clid:32880
#1282814 08.07.2026 00:01:00 : EVT APPLICATION : Zapp climbl01:Disable
#1282815 08.07.2026 00:01:00 : EVT ANALYTICS : Zapp disabled i:5 h:a5e7afa5 n:Climb Log
#1282816 08.07.2026 00:01:00 : EVT APPLICATION : Zapp climbl01:Load script
#1282817 08.07.2026 00:01:00 : EVT APPLICATION : Zapp climbl01:Enable
#1282818 08.07.2026 00:01:00 : EVT ANALYTICS : Zapp enabled i:5 h:a5e7afa5 n:climbl01 v:3.0
#1282819 08.07.2026 00:01:00 : EVT APPLICATION : Zapp clid:32880
#1282820 08.07.2026 00:01:01 : EVT APPLICATION : Zapp climbl01:Disable
#1282821 08.07.2026 00:01:01 : EVT ANALYTICS : Zapp disabled i:5 h:a5e7afa5 n:Climb Log
#1282822 08.07.2026 00:01:01 : EVT APPLICATION : Zapp climbl01:Load script
#1282823 08.07.2026 00:01:01 : EVT APPLICATION : Zapp climbl01:Enable
#1282824 08.07.2026 00:01:01 : EVT ANALYTICS : Zapp enabled i:5 h:a5e7afa5 n:climbl01 v:3.0
#1282825 08.07.2026 00:01:01 : EVT APPLICATION : Zapp clid:32880
#1282826 08.07.2026 00:01:02 : EVT APPLICATION : Zapp climbl01:Disable
#1282827 08.07.2026 00:01:02 : EVT ANALYTICS : Zapp disabled i:5 h:a5e7afa5 n:Climb Log
#1282828 08.07.2026 00:01:02 : EVT APPLICATION : Zapp climbl01:Load script
#1282829 08.07.2026 00:01:02 : EVT APPLICATION : Zapp climbl01:Enable
#1282830 08.07.2026 00:01:03 : EVT ANALYTICS : Zapp enabled i:5 h:a5e7afa5 n:climbl01 v:3.0
#1282831 08.07.2026 00:01:03 : EVT APPLICATION : Zapp clid:32880
#1282832 08.07.2026 00:01:03 : EVT APPLICATION : Zapp climbl01:Disable
#1282833 08.07.2026 00:01:03 : EVT ANALYTICS : Zapp disabled i:5 h:a5e7afa5 n:Climb Log
#1282834 08.07.2026 00:01:04 : EVT APPLICATION : Zapp climbl01:Load script
#1282835 08.07.2026 00:01:04 : EVT APPLICATION : Zapp climbl01:Enable
#1282836 08.07.2026 00:01:04 : EVT ANALYTICS : Zapp enabled i:5 h:a5e7afa5 n:climbl01 v:3.0
#1282837 08.07.2026 00:01:04 : EVT APPLICATION : Zapp clid:32880
#1282838 08.07.2026 00:01:04 : EVT APPLICATION : Zapp climbl01:Disable
#1282839 08.07.2026 00:01:04 : EVT ANALYTICS : Zapp disabled i:5 h:a5e7afa5 n:Climb Log
#1282840 08.07.2026 00:01:05 : EVT APPLICATION : Zapp climbl01:Load script
#1282841 08.07.2026 00:01:05 : EVT APPLICATION : Zapp climbl01:Enable
#1282842 08.07.2026 00:01:05 : EVT ANALYTICS : Zapp enabled i:5 h:a5e7afa5 n:climbl01 v:3.0
#1282843 08.07.2026 00:01:05 : EVT APPLICATION : Zapp clid:32880
#1282844 08.07.2026 00:01:05 : EVT APPLICATION : Zapp climbl01:Disable
#1282845 08.07.2026 00:01:05 : EVT ANALYTICS : Zapp disabled i:5 h:a5e7afa5 n:Climb Log
#1282846 08.07.2026 00:01:06 : EVT APPLICATION : Zapp climbl01:Load script
#1282847 08.07.2026 00:01:06 : EVT APPLICATION : Zapp climbl01:Enable
#1282848 08.07.2026 00:01:06 : EVT ANALYTICS : Zapp enabled i:5 h:a5e7afa5 n:climbl01 v:3.0
#1282849 08.07.2026 00:01:06 : EVT APPLICATION : Zapp clid:32880
#1282850 08.07.2026 00:01:07 : EVT APPLICATION : Zapp climbl01:Disable
#1282851 08.07.2026 00:01:07 : EVT ANALYTICS : Zapp disabled i:5 h:a5e7afa5 n:Climb Log
#1282852 08.07.2026 00:01:10 : EVT APPLICATION : Zapp climbl01:Load script
#1282853 08.07.2026 00:01:10 : EVT APPLICATION : Zapp climbl01:Enable
#1282854 08.07.2026 00:01:10 : EVT ANALYTICS : Zapp enabled i:5 h:a5e7afa5 n:climbl01 v:3.0
#1282855 08.07.2026 00:01:10 : EVT APPLICATION : Zapp clid:32880
#1282856 08.07.2026 00:01:10 : EVT APPLICATION : Zapp climbl01:Disable
#1282857 08.07.2026 00:01:10 : EVT ANALYTICS : Zapp disabled i:5 h:a5e7afa5 n:Climb Log
#1282858 08.07.2026 00:01:11 : EVT APPLICATION : Zapp climbl01:Load script
#1282859 08.07.2026 00:01:11 : EVT APPLICATION : Zapp climbl01:Enable
#1282860 08.07.2026 00:01:11 : EVT ANALYTICS : Zapp enabled i:5 h:a5e7afa5 n:climbl01 v:3.0
#1282861 08.07.2026 00:01:11 : EVT APPLICATION : Zapp clid:32880
#1282862 08.07.2026 00:01:12 : EVT APPLICATION : Zapp climbl01:Disable
#1282863 08.07.2026 00:01:12 : EVT ANALYTICS : Zapp disabled i:5 h:a5e7afa5 n:Climb Log
#1282864 08.07.2026 00:01:12 : EVT APPLICATION : Zapp climbl01:Load script
#1282865 08.07.2026 00:01:12 : EVT APPLICATION : Zapp climbl01:Enable
#1282866 08.07.2026 00:01:12 : EVT ANALYTICS : Zapp enabled i:5 h:a5e7afa5 n:climbl01 v:3.0
#1282867 08.07.2026 00:01:12 : EVT APPLICATION : Zapp clid:32880
#1282868 08.07.2026 00:01:13 : EVT APPLICATION : Zapp climbl01:Disable
#1282869 08.07.2026 00:01:13 : EVT ANALYTICS : Zapp disabled i:5 h:a5e7afa5 n:Climb Log
#1282870 08.07.2026 00:01:13 : EVT APPLICATION : Zapp climbl01:Load script
#1282871 08.07.2026 00:01:13 : EVT APPLICATION : Zapp climbl01:Enable
#1282872 08.07.2026 00:01:13 : EVT ANALYTICS : Zapp enabled i:5 h:a5e7afa5 n:climbl01 v:3.0
#1282873 08.07.2026 00:01:13 : EVT APPLICATION : Zapp clid:32880
#1282874 08.07.2026 00:01:14 : EVT APPLICATION : Zapp climbl01:Disable
#1282875 08.07.2026 00:01:14 : EVT ANALYTICS : Zapp disabled i:5 h:a5e7afa5 n:Climb Log
#1282876 08.07.2026 00:01:15 : EVT APPLICATION : Zapp climbl01:Load script
#1282877 08.07.2026 00:01:15 : EVT APPLICATION : Zapp climbl01:Enable
#1282878 08.07.2026 00:01:15 : EVT ANALYTICS : Zapp enabled i:5 h:a5e7afa5 n:climbl01 v:3.0
#1282879 08.07.2026 00:01:15 : EVT APPLICATION : Zapp clid:32880
#1282880 08.07.2026 00:01:15 : EVT APPLICATION : Zapp climbl01:Disable
#1282881 08.07.2026 00:01:15 : EVT ANALYTICS : Zapp disabled i:5 h:a5e7afa5 n:Climb Log
#1282882 08.07.2026 00:01:16 : EVT APPLICATION : Zapp climbl01:Load script
#1282883 08.07.2026 00:01:16 : EVT APPLICATION : Zapp climbl01:Enable
#1282884 08.07.2026 00:01:16 : EVT ANALYTICS : Zapp enabled i:5 h:a5e7afa5 n:climbl01 v:3.0
#1282885 08.07.2026 00:01:16 : EVT APPLICATION : Zapp clid:32880
#1282886 08.07.2026 00:01:16 : EVT APPLICATION : Zapp climbl01:Disable
#1282887 08.07.2026 00:01:16 : EVT ANALYTICS : Zapp disabled i:5 h:a5e7afa5 n:Climb Log
#1282888 08.07.2026 00:01:17 : EVT APPLICATION : Zapp climbl01:Load script
#1282889 08.07.2026 00:01:17 : EVT APPLICATION : Zapp climbl01:Enable
#1282890 08.07.2026 00:01:17 : EVT ANALYTICS : Zapp enabled i:5 h:a5e7afa5 n:climbl01 v:3.0
#1282891 08.07.2026 00:01:17 : EVT APPLICATION : Zapp clid:32880
#1282892 08.07.2026 00:01:18 : EVT APPLICATION : Zapp climbl01:Disable
#1282893 08.07.2026 00:01:18 : EVT ANALYTICS : Zapp disabled i:5 h:a5e7afa5 n:Climb Log
#1282894 08.07.2026 00:01:18 : EVT APPLICATION : Zapp climbl01:Load script
#1282895 08.07.2026 00:01:18 : EVT APPLICATION : Zapp climbl01:Enable
#1282896 08.07.2026 00:01:18 : EVT ANALYTICS : Zapp enabled i:5 h:a5e7afa5 n:climbl01 v:3.0
#1282897 08.07.2026 00:01:18 : EVT APPLICATION : Zapp clid:32880
#1282898 08.07.2026 00:01:19 : EVT APPLICATION : Zapp climbl01:Disable
#1282899 08.07.2026 00:01:19 : EVT ANALYTICS : Zapp disabled i:5 h:a5e7afa5 n:Climb Log
#1282900 08.07.2026 00:01:19 : EVT APPLICATION : Zapp climbl01:Load script
#1282901 08.07.2026 00:01:19 : EVT APPLICATION : Zapp climbl01:Enable
#1282902 08.07.2026 00:01:19 : EVT ANALYTICS : Zapp enabled i:5 h:a5e7afa5 n:climbl01 v:3.0
#1282903 08.07.2026 00:01:19 : EVT APPLICATION : Zapp clid:32880
#1282904 08.07.2026 00:01:20 : EVT APPLICATION : Zapp climbl01:Disable
#1282905 08.07.2026 00:01:20 : EVT ANALYTICS : Zapp disabled i:5 h:a5e7afa5 n:Climb Log
#1282906 08.07.2026 00:01:20 : EVT APPLICATION : Zapp climbl01:Load script
#1282907 08.07.2026 00:01:20 : EVT APPLICATION : Zapp climbl01:Enable
#1282908 08.07.2026 00:01:20 : EVT ANALYTICS : Zapp enabled i:5 h:a5e7afa5 n:climbl01 v:3.0
#1282909 08.07.2026 00:01:20 : EVT APPLICATION : Zapp clid:32880
#1282910 08.07.2026 00:01:21 : EVT APPLICATION : Zapp climbl01:Disable
#1282911 08.07.2026 00:01:21 : EVT ANALYTICS : Zapp disabled i:5 h:a5e7afa5 n:Climb Log
#1282912 08.07.2026 00:01:22 : EVT APPLICATION : Zapp climbl01:Load script
#1282913 08.07.2026 00:01:22 : EVT APPLICATION : Zapp climbl01:Enable
#1282914 08.07.2026 00:01:22 : EVT ANALYTICS : Zapp enabled i:5 h:a5e7afa5 n:climbl01 v:3.0
#1282915 08.07.2026 00:01:22 : EVT APPLICATION : Zapp clid:32880
#1282916 08.07.2026 00:01:22 : EVT APPLICATION : Zapp climbl01:Disable
#1282917 08.07.2026 00:01:22 : EVT ANALYTICS : Zapp disabled i:5 h:a5e7afa5 n:Climb Log
#1282918 08.07.2026 00:01:23 : EVT APPLICATION : Zapp climbl01:Load script
#1282919 08.07.2026 00:01:23 : EVT APPLICATION : Zapp climbl01:Enable
#1282920 08.07.2026 00:01:23 : EVT ANALYTICS : Zapp enabled i:5 h:a5e7afa5 n:climbl01 v:3.0
#1282921 08.07.2026 00:01:23 : EVT APPLICATION : Zapp clid:32880
#1282922 08.07.2026 00:01:23 : EVT APPLICATION : Zapp climbl01:Disable
#1282923 08.07.2026 00:01:23 : EVT ANALYTICS : Zapp disabled i:5 h:a5e7afa5 n:Climb Log
#1282924 08.07.2026 00:01:24 : EVT APPLICATION : Zapp climbl01:Load script
#1282925 08.07.2026 00:01:24 : EVT APPLICATION : Zapp climbl01:Enable
#1282926 08.07.2026 00:01:24 : EVT ANALYTICS : Zapp enabled i:5 h:a5e7afa5 n:climbl01 v:3.0
#1282927 08.07.2026 00:01:24 : EVT APPLICATION : Zapp clid:32880
#1282928 08.07.2026 00:01:25 : EVT APPLICATION : Zapp climbl01:Disable
#1282929 08.07.2026 00:01:25 : EVT ANALYTICS : Zapp disabled i:5 h:a5e7afa5 n:Climb Log
#1282930 08.07.2026 00:01:27 : EVT APPLICATION : Zapp climbl01:Load script
#1282931 08.07.2026 00:01:28 : EVT APPLICATION : Zapp climbl01:Enable
#1282932 08.07.2026 00:01:28 : EVT ANALYTICS : Zapp enabled i:5 h:a5e7afa5 n:climbl01 v:3.0
#1282933 08.07.2026 00:01:28 : EVT APPLICATION : Zapp clid:32880
#1282934 08.07.2026 00:01:28 : EVT APPLICATION : Zapp climbl01:Disable
#1282935 08.07.2026 00:01:28 : EVT ANALYTICS : Zapp disabled i:5 h:a5e7afa5 n:Climb Log
#1282936 08.07.2026 00:01:29 : EVT APPLICATION : Zapp climbl01:Load script
#1282937 08.07.2026 00:01:29 : EVT APPLICATION : Zapp climbl01:Enable
#1282938 08.07.2026 00:01:29 : EVT ANALYTICS : Zapp enabled i:5 h:a5e7afa5 n:climbl01 v:3.0
#1282939 08.07.2026 00:01:29 : EVT APPLICATION : Zapp clid:32880
#1282940 08.07.2026 00:01:29 : EVT APPLICATION : Zapp climbl01:Disable
#1282941 08.07.2026 00:01:29 : EVT ANALYTICS : Zapp disabled i:5 h:a5e7afa5 n:Climb Log
#1282942 08.07.2026 00:01:30 : EVT APPLICATION : Zapp climbl01:Load script
#1282943 08.07.2026 00:01:30 : EVT APPLICATION : Zapp climbl01:Enable
#1282944 08.07.2026 00:01:30 : EVT ANALYTICS : Zapp enabled i:5 h:a5e7afa5 n:climbl01 v:3.0
#1282945 08.07.2026 00:01:30 : EVT APPLICATION : Zapp clid:32880
#1282946 08.07.2026 00:01:30 : EVT APPLICATION : Zapp climbl01:Disable
#1282947 08.07.2026 00:01:30 : EVT ANALYTICS : Zapp disabled i:5 h:a5e7afa5 n:Climb Log
#1282948 08.07.2026 00:01:31 : EVT APPLICATION : Zapp climbl01:Load script
#1282949 08.07.2026 00:01:31 : EVT APPLICATION : Zapp climbl01:Enable
#1282950 08.07.2026 00:01:31 : EVT ANALYTICS : Zapp enabled i:5 h:a5e7afa5 n:climbl01 v:3.0
#1282951 08.07.2026 00:01:31 : EVT APPLICATION : Zapp clid:32880
#1282952 08.07.2026 00:01:34 : EVT APPLICATION : Zapp climbl01:Disable
#1282953 08.07.2026 00:01:34 : EVT ANALYTICS : Zapp disabled i:5 h:a5e7afa5 n:Climb Log
#1282954 08.07.2026 00:01:35 : EVT APPLICATION : Zapp climbl01:Load script
#1282955 08.07.2026 00:01:35 : EVT APPLICATION : Zapp climbl01:Enable
#1282956 08.07.2026 00:01:35 : EVT ANALYTICS : Zapp enabled i:5 h:a5e7afa5 n:climbl01 v:3.0
#1282957 08.07.2026 00:01:35 : EVT APPLICATION : Zapp clid:32880
#1282958 08.07.2026 00:01:36 : EVT APPLICATION : Zapp climbl01:Disable
#1282959 08.07.2026 00:01:36 : EVT ANALYTICS : Zapp disabled i:5 h:a5e7afa5 n:Climb Log
#1282960 08.07.2026 00:01:36 : EVT APPLICATION : Zapp climbl01:Load script
#1282961 08.07.2026 00:01:36 : EVT APPLICATION : Zapp climbl01:Enable
#1282962 08.07.2026 00:01:36 : EVT ANALYTICS : Zapp enabled i:5 h:a5e7afa5 n:climbl01 v:3.0
#1282963 08.07.2026 00:01:36 : EVT APPLICATION : Zapp clid:32880
#1282964 08.07.2026 00:01:37 : EVT APPLICATION : Zapp climbl01:Disable
#1282965 08.07.2026 00:01:37 : EVT ANALYTICS : Zapp disabled i:5 h:a5e7afa5 n:Climb Log
#1282966 08.07.2026 00:01:38 : EVT APPLICATION : Zapp climbl01:Load script
#1282967 08.07.2026 00:01:38 : EVT APPLICATION : Zapp climbl01:Enable
#1282968 08.07.2026 00:01:38 : EVT ANALYTICS : Zapp enabled i:5 h:a5e7afa5 n:climbl01 v:3.0
#1282969 08.07.2026 00:01:38 : EVT APPLICATION : Zapp clid:32880
#1282970 08.07.2026 00:01:38 : EVT APPLICATION : Zapp climbl01:Disable
#1282971 08.07.2026 00:01:38 : EVT ANALYTICS : Zapp disabled i:5 h:a5e7afa5 n:Climb Log
#1282972 08.07.2026 00:01:39 : EVT APPLICATION : Zapp climbl01:Load script
#1282973 08.07.2026 00:01:39 : EVT APPLICATION : Zapp climbl01:Enable
#1282974 08.07.2026 00:01:39 : EVT ANALYTICS : Zapp enabled i:5 h:a5e7afa5 n:climbl01 v:3.0
#1282975 08.07.2026 00:01:39 : EVT APPLICATION : Zapp clid:32880
#1282976 08.07.2026 00:01:39 : EVT APPLICATION : Zapp climbl01:Disable
#1282977 08.07.2026 00:01:39 : EVT ANALYTICS : Zapp disabled i:5 h:a5e7afa5 n:Climb Log
#1282978 08.07.2026 00:01:40 : EVT APPLICATION : Zapp climbl01:Load script
#1282979 08.07.2026 00:01:40 : EVT APPLICATION : Zapp climbl01:Enable
#1282980 08.07.2026 00:01:40 : EVT ANALYTICS : Zapp enabled i:5 h:a5e7afa5 n:climbl01 v:3.0
#1282981 08.07.2026 00:01:40 : EVT APPLICATION : Zapp clid:32880
#1282982 08.07.2026 00:01:41 : EVT APPLICATION : Zapp climbl01:Disable
#1282983 08.07.2026 00:01:41 : EVT ANALYTICS : Zapp disabled i:5 h:a5e7afa5 n:Climb Log
#1282984 08.07.2026 00:01:41 : EVT APPLICATION : Zapp climbl01:Load script
#1282985 08.07.2026 00:01:41 : EVT APPLICATION : Zapp climbl01:Enable
#1282986 08.07.2026 00:01:41 : EVT ANALYTICS : Zapp enabled i:5 h:a5e7afa5 n:climbl01 v:3.0
#1282987 08.07.2026 00:01:41 : EVT APPLICATION : Zapp clid:32880
#1282988 08.07.2026 00:01:42 : EVT APPLICATION : Zapp climbl01:Disable
#1282989 08.07.2026 00:01:42 : EVT ANALYTICS : Zapp disabled i:5 h:a5e7afa5 n:Climb Log
#1282990 08.07.2026 00:01:42 : EVT APPLICATION : Zapp climbl01:Load script
#1282991 08.07.2026 00:01:42 : EVT APPLICATION : Zapp climbl01:Enable
#1282992 08.07.2026 00:01:42 : EVT ANALYTICS : Zapp enabled i:5 h:a5e7afa5 n:climbl01 v:3.0
#1282993 08.07.2026 00:01:42 : EVT APPLICATION : Zapp clid:32880
#1282994 08.07.2026 00:01:43 : EVT APPLICATION : Zapp climbl01:Disable
#1282995 08.07.2026 00:01:43 : EVT ANALYTICS : Zapp disabled i:5 h:a5e7afa5 n:Climb Log
#1282996 08.07.2026 00:01:44 : EVT APPLICATION : Zapp climbl01:Load script
#1282997 08.07.2026 00:01:44 : EVT APPLICATION : Zapp climbl01:Enable
#1282998 08.07.2026 00:01:44 : EVT ANALYTICS : Zapp enabled i:5 h:a5e7afa5 n:climbl01 v:3.0
#1282999 08.07.2026 00:01:44 : EVT APPLICATION : Zapp clid:32880
#1283000 08.07.2026 00:01:44 : EVT APPLICATION : Zapp climbl01:Disable
#1283001 08.07.2026 00:01:44 : EVT ANALYTICS : Zapp disabled i:5 h:a5e7afa5 n:Climb Log
#1283002 08.07.2026 00:01:45 : EVT APPLICATION : Zapp climbl01:Load script
#1283003 08.07.2026 00:01:45 : EVT APPLICATION : Zapp climbl01:Enable
#1283004 08.07.2026 00:01:45 : EVT ANALYTICS : Zapp enabled i:5 h:a5e7afa5 n:climbl01 v:3.0
#1283005 08.07.2026 00:01:45 : EVT APPLICATION : Zapp clid:32880
#1283006 08.07.2026 00:01:45 : EVT APPLICATION : Zapp climbl01:Disable
#1283007 08.07.2026 00:01:45 : EVT ANALYTICS : Zapp disabled i:5 h:a5e7afa5 n:Climb Log
#1283008 08.07.2026 00:01:46 : EVT APPLICATION : Zapp climbl01:Load script
#1283009 08.07.2026 00:01:46 : EVT APPLICATION : Zapp climbl01:Enable
#1283010 08.07.2026 00:01:46 : EVT ANALYTICS : Zapp enabled i:5 h:a5e7afa5 n:climbl01 v:3.0
#1283011 08.07.2026 00:01:46 : EVT APPLICATION : Zapp clid:32880
#1283012 08.07.2026 00:01:47 : EVT APPLICATION : Zapp climbl01:Disable
#1283013 08.07.2026 00:01:47 : EVT ANALYTICS : Zapp disabled i:5 h:a5e7afa5 n:Climb Log
#1283014 08.07.2026 00:01:47 : EVT APPLICATION : Zapp climbl01:Load script
#1283015 08.07.2026 00:01:47 : EVT APPLICATION : Zapp climbl01:Enable
#1283016 08.07.2026 00:01:47 : EVT ANALYTICS : Zapp enabled i:5 h:a5e7afa5 n:climbl01 v:3.0
#1283017 08.07.2026 00:01:47 : EVT APPLICATION : Zapp clid:32880
#1283018 08.07.2026 00:01:51 : EVT LOGGER : HrIbiLogger stop, off (0 ms)
#1283019 08.07.2026 00:01:51 : EVT WBSTORAGE : CACHE_DEFRAG (648->784, 24->24, 25)
#1283020 08.07.2026 00:01:51 : TRC NAVIGATION : CG: no climb WP
#1283021 08.07.2026 00:01:51 : TRC NAVIGATION : CG:init ZoomType=0
#1283022 08.07.2026 00:01:51 : EVT NAVIGATION : initSeg Idx=0 D=1 T=0 3-0-4
#1283023 08.07.2026 00:01:51 : EVT WBSTORAGE : CACHE_DEFRAG (768->1024, 24->24, 25)
#1283024 08.07.2026 00:01:51 : EVT SPEEDFUSION : INFO # IDLE mode(-1) set
#1283025 08.07.2026 00:01:51 : EVT ALTIFUSION : AltiBaroMode:2
#1283026 08.07.2026 00:01:51 : EVT APPLICATION : Zapp climbl01:Disable
#1283027 08.07.2026 00:01:51 : EVT ANALYTICS : Zapp disabled i:5 h:a5e7afa5 n:Climb Log
#1283028 08.07.2026 00:01:51 : EVT APPLICATION : Zapp zzmoveen:Disable
#1283029 08.07.2026 00:01:51 : EVT ANALYTICS : Zapp disabled i:6 h:7aac0887 n:Movement
#1283030 08.07.2026 00:01:51 : EVT UI_FRAMEWORK : evalFile: b:/zapp/zzmoveen.fea/ext2.js from ui
#1283031 08.07.2026 00:01:51 : EVT APPLICATION : Zapp zzwethen:Disable
#1283032 08.07.2026 00:01:51 : EVT ANALYTICS : Zapp disabled i:8 h:3f77f8ec n:Weather
#1283033 08.07.2026 00:01:51 : EVT SPEEDFUSION : INFO # stop speed fusion
#1283034 08.07.2026 00:01:51 : EVT <Unknown> : Update pres sampl intrvl:5
#1283035 08.07.2026 00:01:52 : EVT ANALYTICS : SleepQ:Tracking:On
#1283036 08.07.2026 00:01:52 : EVT OHR : S:start 0x2123
#1283037 08.07.2026 00:01:52 : EVT WBSTORAGE : CACHE_DEFRAG (1000->1008, 24->24, 25)
#1283038 08.07.2026 00:01:52 : EVT APPLICATION : Zapp zwc05901:Load script
#1283039 08.07.2026 00:01:52 : EVT APPLICATION : Zapp zwc05901:Enable
#1283040 08.07.2026 00:01:52 : EVT ANALYTICS : Zapp enabled i:3 h:ddb248f2 n:zwc05901 v:124f
#1283041 08.07.2026 00:01:52 : WRN WBAPI : eID-691468(277): /Weather/Current/ValidWeatherData.temp 
#1283042 08.07.2026 00:01:52 : EVT <Unknown> : 1783461712130:Meas start 0x2123
#1283043 08.07.2026 00:01:53 : EVT BLE : Disconn sensor:1
#1283044 08.07.2026 00:01:53 : EVT BLE : BLE Sensor Link 4800180D Disc (L-E-:00:0)
#1283045 08.07.2026 00:01:53 : WRN BLE : sendDisconnect 6157
#1283046 08.07.2026 00:01:53 : ERR BLE : [AURA]No filters left, stopping scan
#1283047 08.07.2026 00:01:54 : EVT <Unknown> : 1783461714415:Off Skin Set.
#1283048 08.07.2026 00:01:58 : EVT PMIC : VBUS state is ON
#1283049 08.07.2026 00:01:58 : EVT PMIC : chgCntl1:0x70
#1283050 08.07.2026 00:01:58 : EVT PMIC : check chgCntl1:0x74
#1283051 08.07.2026 00:01:58 : EVT PMIC : Turn charge ON since VBUS->ON
#1283052 08.07.2026 00:01:58 : EVT PMIC : PMIC temp zone:0x2
#1283053 08.07.2026 00:01:58 : EVT PMIC : PMIC Fast-charge constant cur
#1283054 08.07.2026 00:01:58 : EVT OHR : VBUS on
#1283055 08.07.2026 00:01:58 : EVT OHR : S:stop 23
#1283056 08.07.2026 00:01:58 : EVT <Unknown> : 1783461718566:Meas stop 0x2123
#1283057 08.07.2026 00:01:58 : EVT PMIC : PMIC Fast-charge constant voltage
#1283058 08.07.2026 00:01:58 : WRN <Unknown> : 1783461718566:FSM EVT STOP.
#1283059 08.07.2026 00:01:58 : EVT OHR : S:OFF 1->0
#1283060 08.07.2026 00:01:58 : EVT PMIC : VBUS state is ON
#1283061 08.07.2026 00:01:59 : EVT OHR : No HR update, invalidate by timer
#1283062 08.07.2026 00:02:02 : TRC FUEL_GAUGE : Chg->1,B:5,C:3.8,V:4424,U:1,bF:100%,bC:100%
#1283063 08.07.2026 00:02:02 : EVT ANALYTICS : Battery-> 2 soc:100
#1283064 08.07.2026 00:02:05 : EVT WBCOMM : P-9 connection made to ECSD00000000
#1283065 08.07.2026 00:02:05 : EVT WBCOMM : New Route: ECSD00000000
#1283066 08.07.2026 00:02:08 : ERR WBMAIN : *0: app 732 Event 36 80005310
#1283067 08.07.2026 00:02:08 : ERR WBMAIN : 1: mea 79 Wait 0 00000000
#1283068 08.07.2026 00:02:08 : ERR WBMAIN : 2: ui 83 Wait 0 00000000
#1283069 08.07.2026 00:02:09 : EVT ANALYTICS : Sync start
#1283070 08.07.2026 00:02:09 : EVT ANALYTICS : Sync start
#1283071 08.07.2026 00:02:13 : EVT WBSTORAGE : CACHE_DEFRAG (880->888, 24->24, 25)
#1283072 08.07.2026 00:02:13 : EVT WBSTORAGE : CACHE_DEFRAG (856->864, 24->24, 25)
#1283073 08.07.2026 00:02:13 : EVT WBSTORAGE : CACHE_DEFRAG (816->824, 24->24, 25)
#1283074 08.07.2026 00:02:13 : EVT <Unknown> : DL Region List
#1283075 08.07.2026 00:02:13 : EVT WIFI : Pwr up
#1283076 08.07.2026 00:02:17 : EVT WBSTORAGE : CACHE_DEFRAG (808->816, 24->24, 25)
#1283077 08.07.2026 00:02:18 : TRC APPLICATION : Zapp climbl01 uninstalled
#1283078 08.07.2026 00:02:19 : ERR WBMAIN : *0: app 1060 Event 36 80005310
#1283079 08.07.2026 00:02:19 : ERR WBMAIN : 1: mea 53 Wait 0 00000000
#1283080 08.07.2026 00:02:19 : ERR WBMAIN : 2: ui 52 Wait 0 00000000
#1283081 08.07.2026 00:02:19 : EVT ANALYTICS : Sync start
#1283082 08.07.2026 00:02:19 : EVT ANALYTICS : Sync start
#1283083 08.07.2026 00:02:20 : EVT WIFI : pwr up
#1283084 08.07.2026 00:02:20 : EVT WIFI : SDK Ver(3.2.8.1)
#1283085 08.07.2026 00:02:20 : EVT WIFI : Scann APs (1/3)
#1283086 08.07.2026 00:02:20 : EVT WIFI : APs scanned:3
#1283087 08.07.2026 00:02:21 : EVT WBSTORAGE : CACHE_DEFRAG (800->816, 24->24, 25)
#1283088 08.07.2026 00:02:21 : WRN WIFI : No APs matched to connect
#1283089 08.07.2026 00:02:21 : EVT WIFI : Scann APs (2/3)
#1283090 08.07.2026 00:02:21 : EVT WIFI : APs scanned:5
#1283091 08.07.2026 00:02:21 : WRN WIFI : No APs matched to connect
#1283092 08.07.2026 00:02:21 : EVT WIFI : Scann APs (3/3)
#1283093 08.07.2026 00:02:22 : EVT WIFI : APs scanned:3
#1283094 08.07.2026 00:02:22 : WRN WIFI : No APs matched to connect
#1283095 08.07.2026 00:02:22 : EVT WIFI : Internal connect ret:103
#1283096 08.07.2026 00:02:22 : ERR <Unknown> : DL GET resultCode=500
#1283097 08.07.2026 00:02:22 : EVT <Unknown> : DL try retry after 900000 ms
#1283098 08.07.2026 00:02:35 : EVT WIFI : Pwr down idle wifi (TO:13se)
#1283099 08.07.2026 00:02:35 : EVT WIFI : pwr down OK

