#1278271 07.07.2026 22:06:10 : EVT LOGGER : LGR 20993, 56
#1278272 07.07.2026 22:06:11 : EVT <Unknown> : 1783454770719:Meas start 0x2123
#1278273 07.07.2026 22:06:11 : EVT UI_FRAMEWORK : JS feeling vs idle 1
#1278274 07.07.2026 22:06:11 : EVT UI_FRAMEWORK : JS feeling open ex-saving
#1278275 07.07.2026 22:06:12 : EVT WBSTORAGE : CACHE_DEFRAG (640->1016, 24->24, 25)
#1278276 07.07.2026 22:06:12 : TRC NAVIGATION : CG: no climb WP
#1278277 07.07.2026 22:06:12 : TRC NAVIGATION : CG:init ZoomType=0
#1278278 07.07.2026 22:06:12 : EVT NAVIGATION : initSeg Idx=0 D=1 T=0 3-0-4
#1278279 07.07.2026 22:06:12 : EVT WBSTORAGE : CACHE_DEFRAG (1000->1024, 24->24, 25)
#1278280 07.07.2026 22:06:12 : EVT SPEEDFUSION : INFO # IDLE mode(-1) set
#1278281 07.07.2026 22:06:12 : EVT ALTIFUSION : AltiBaroMode:2
#1278282 07.07.2026 22:06:12 : ERR WBMAIN : *0: app 609 Event 37 8099031c
#1278283 07.07.2026 22:06:12 : ERR WBMAIN : 1: mea 0 Wait 0 00000000
#1278284 07.07.2026 22:06:12 : ERR WBMAIN : 2: ui 2 Wait 0 00000000
#1278285 07.07.2026 22:06:12 : EVT BLE : Disconn sensor:1
#1278286 07.07.2026 22:06:12 : EVT BLE : BLE Sensor Link 4800180D Disc (L-E-:00:0)
#1278287 07.07.2026 22:06:12 : WRN BLE : sendDisconnect 6157
#1278288 07.07.2026 22:06:12 : ERR BLE : [AURA]Filter with handle 72 not found
#1278289 07.07.2026 22:06:12 : EVT ANALYTICS : #powersave mode:p temp:32.4
#1278290 07.07.2026 22:06:12 : EVT ANALYTICS : Battery-> 4 soc:96
#1278291 07.07.2026 22:06:15 : EVT OHR : No HR update, invalidate by timer
#1278292 07.07.2026 22:06:15 : EVT ANALYTICS : Duration ExSaving:3529
#1278293 07.07.2026 22:06:15 : EVT ANALYTICS : Duration ExSumBroker:363
#1278294 07.07.2026 22:06:20 : EVT OHR : new HR update
#1278295 07.07.2026 22:06:20 : EVT UI_FRAMEWORK : JS delete log
#1278296 07.07.2026 22:06:20 : WRN LOGGER : Delete b:logs/6A4D5C23
#1278297 07.07.2026 22:06:23 : EVT WBSTORAGE : CACHE_DEFRAG (1000->1008, 24->24, 25)
#1278298 07.07.2026 22:06:23 : EVT APPLICATION : Zapp zwc05901:Load script
#1278299 07.07.2026 22:06:23 : EVT APPLICATION : Zapp zwc05901:Enable
#1278300 07.07.2026 22:06:23 : EVT ANALYTICS : Zapp enabled i:3 h:ddb248f2 n:zwc05901 v:124f
#1278301 07.07.2026 22:06:23 : WRN WBAPI : eID-691468(277): /Weather/Current/ValidWeatherData.temp 
#1278302 07.07.2026 22:06:23 : EVT ANALYTICS : Sync start
#1278303 07.07.2026 22:06:23 : EVT ANALYTICS : Sync start
#1278304 07.07.2026 22:06:24 : EVT ANALYTICS : #sf R:5 A:Xiamen-fw_2.53.42.29545-V-8b67dbcf
#1278305 07.07.2026 22:06:28 : EVT WBSTORAGE : CACHE_DEFRAG (880->888, 24->24, 25)
#1278306 07.07.2026 22:06:28 : EVT WBSTORAGE : CACHE_DEFRAG (840->864, 24->24, 25)
#1278307 07.07.2026 22:06:28 : EVT WBSTORAGE : CACHE_DEFRAG (840->848, 24->24, 25)
#1278308 07.07.2026 22:06:28 : TRC NAVIGATION : CG: no climb WP
#1278309 07.07.2026 22:06:28 : TRC NAVIGATION : CG:init ZoomType=0
#1278310 07.07.2026 22:06:28 : EVT NAVIGATION : initSeg Idx=0 D=1 T=0 3-0-4
#1278311 07.07.2026 22:06:28 : EVT WBSTORAGE : CACHE_DEFRAG (832->944, 24->24, 25)
#1278312 07.07.2026 22:06:28 : EVT ALTIFUSION : AltiBaroMode:0
#1278313 07.07.2026 22:06:28 : EVT ALTIFUSION : Init AltiBaro
#1278314 07.07.2026 22:06:28 : EVT APPLICATION : Zapp zwc05901:Disable
#1278315 07.07.2026 22:06:28 : EVT ANALYTICS : Zapp disabled i:3 h:ddb248f2 n:Vector classic
#1278316 07.07.2026 22:06:28 : EVT ANALYTICS : SleepQ:Tracking:On
#1278317 07.07.2026 22:06:28 : EVT ALTIFUSION : AltiBaroMode:0
#1278318 07.07.2026 22:06:28 : EVT ALTIFUSION : Init AltiBaro
#1278319 07.07.2026 22:06:28 : EVT WBSTORAGE : CACHE_DEFRAG (920->928, 24->24, 25)
#1278320 07.07.2026 22:06:28 : EVT UI_FRAMEWORK : JS nsto enable zapp: zzwethen
#1278321 07.07.2026 22:06:28 : EVT UI_FRAMEWORK : JS nsto enable zapp: zzmoveen
#1278322 07.07.2026 22:06:28 : EVT UI_FRAMEWORK : JS nsto enable zapp: climbl01
#1278323 07.07.2026 22:06:28 : EVT APPLICATION : Zapp zzwethen:Load script
#1278324 07.07.2026 22:06:28 : EVT APPLICATION : Zapp zzwethen:Enable
#1278325 07.07.2026 22:06:28 : EVT ANALYTICS : Zapp enabled i:8 h:3f77f8ec n:zzwethen v:ade
#1278326 07.07.2026 22:06:28 : EVT APPLICATION : Zapp clid:32878
#1278327 07.07.2026 22:06:29 : EVT APPLICATION : Zapp zzmoveen:Load script
#1278328 07.07.2026 22:06:29 : EVT APPLICATION : Zapp zzmoveen:Enable
#1278329 07.07.2026 22:06:29 : EVT ANALYTICS : Zapp enabled i:6 h:7aac0887 n:zzmoveen v:8e0
#1278330 07.07.2026 22:06:29 : EVT UI_FRAMEWORK : evalFile: b:/zapp/zzmoveen.fea/ext1.js from ui
#1278331 07.07.2026 22:06:29 : EVT APPLICATION : Zapp clid:32879
#1278332 07.07.2026 22:06:29 : EVT APPLICATION : Zapp climbl01:Load script
#1278333 07.07.2026 22:06:29 : EVT APPLICATION : Zapp climbl01:Enable
#1278334 07.07.2026 22:06:29 : EVT ANALYTICS : Zapp enabled i:5 h:a5e7afa5 n:climbl01 v:3.0
#1278335 07.07.2026 22:06:30 : EVT APPLICATION : Zapp clid:32880
#1278336 07.07.2026 22:06:30 : EVT UI_FRAMEWORK : JS nsto all zapps enabled.
#1278337 07.07.2026 22:06:30 : ERR WBMAIN : *0: app 877 Event 37 80995318
#1278338 07.07.2026 22:06:30 : ERR WBMAIN : 1: mea 6 Wait 0 00000000
#1278339 07.07.2026 22:06:30 : ERR WBMAIN : 2: ui 5 Wait 0 00000000
#1278340 07.07.2026 22:06:30 : EVT UI_FRAMEWORK : JS Prestart Activity Id: 16.000
#1278341 07.07.2026 22:06:30 : WRN WBAPI : eID-691468(277): /Dive/Alarms/Acknowledge 404
#1278342 07.07.2026 22:06:30 : WRN WBAPI : eID-691468(277): /Dive/DiveGases 404
#1278343 07.07.2026 22:06:30 : WRN WBAPI : eID-691468(277): /Dive/Gauge/Next 404
#1278344 07.07.2026 22:06:30 : EVT WBSTORAGE : CACHE_DEFRAG (880->888, 24->24, 25)
#1278345 07.07.2026 22:06:30 : WRN WBAPI : eID-691468(277): /Dive/TankPressure/Alarm/Count 404
#1278346 07.07.2026 22:06:30 : EVT WBSTORAGE : CACHE_DEFRAG (816->824, 24->24, 25)
#1278347 07.07.2026 22:06:30 : EVT WBSTORAGE : CACHE_DEFRAG (752->776, 24->24, 25)
#1278348 07.07.2026 22:06:30 : EVT WBSTORAGE : CACHE_DEFRAG (696->712, 24->24, 25)
#1278349 07.07.2026 22:06:30 : EVT BLE : BLE Sensor Link 4800180D Conn (--E-:00:1)
#1278350 07.07.2026 22:06:30 : WRN BLE : sendConnect 6157
#1278351 07.07.2026 22:06:30 : EVT SPEEDFUSION : INFO # start speed fusion
#1278352 07.07.2026 22:06:30 : EVT SPEEDFUSION : Act:16,Acc:0,BPod:0,FPod:0,PPod:0,BeltPod:1
#1278353 07.07.2026 22:06:30 : EVT SPEEDFUSION : INFO # Start algo without wrist acc
#1278354 07.07.2026 22:06:30 : EVT <Unknown> : Update pres sampl intrvl:1
#1278355 07.07.2026 22:06:30 : EVT OHR : S:start 0x21a3
#1278356 07.07.2026 22:06:31 : EVT <Unknown> : 1783454790857:Meas start 0x21a3
#1278357 07.07.2026 22:06:36 : TRC BLE : SVC M/F000 disabled
#1278358 07.07.2026 22:06:36 : EVT WBCOMM : Route lost: ECSD00000003
#1278359 07.07.2026 22:06:36 : EVT BLE : DEV M disconnected
#1278360 07.07.2026 22:06:40 : EVT <Unknown> : 1783454799812:Off Skin Set.
#1278361 07.07.2026 22:06:40 : EVT BLE : lt,scan 1
#1278362 07.07.2026 22:06:40 : WRN BLE : sendDisconnect 6157
#1278363 07.07.2026 22:06:40 : ERR BLE : [AURA]No filters left, stopping scan
#1278364 07.07.2026 22:06:40 : ERR BLE : [AURA]Filter with handle 72 not found
#1278365 07.07.2026 22:06:40 : EVT BLE : packet 0 sensor found count 1
#1278366 07.07.2026 22:06:40 : EVT BLE : packet 0 sensor found count 2
#1278367 07.07.2026 22:06:41 : EVT <Unknown> : 1783454801064:On Skin Set.
#1278368 07.07.2026 22:06:42 : EVT ANALYTICS : #FusHr src:2 time:11781
#1278369 07.07.2026 22:06:45 : WRN GPS : stream TO
#1278370 07.07.2026 22:06:52 : EVT ANALYTICS : #FusHr src:2 time:0
#1278371 07.07.2026 22:06:52 : EVT TRAININGLAB : TLab:~Mode T 24659 + 9 A 7480 + 0
#1278372 07.07.2026 22:06:52 : ERR BLE : [AURA]No filters left, stopping scan
#1278373 07.07.2026 22:06:52 : EVT TRAININGLAB : TLab:Change mode 2->3
#1278374 07.07.2026 22:06:52 : WRN WBAPI : eID-691468(277): /Dive/Alarms/Acknowledge 404
#1278375 07.07.2026 22:06:52 : WRN WBAPI : eID-691468(277): /Dive/DiveGases 404
#1278376 07.07.2026 22:06:52 : WRN WBAPI : eID-691468(277): /Dive/Gauge/Next 404
#1278377 07.07.2026 22:06:52 : EVT TRAININGLAB : TLab:Mode::userInfo 60, 200, 1, 37, 182, 950, 1990
#1278378 07.07.2026 22:06:52 : EVT LOGGER : Log space:30330755 bytes free
#1278379 07.07.2026 22:06:52 : EVT TRAININGLAB : ModeUnsub:2800
#1278380 07.07.2026 22:06:52 : EVT TRAININGLAB : ModeSub:9004
#1278381 07.07.2026 22:06:52 : EVT TRAININGLAB : TLab:Select input 0
#1278382 07.07.2026 22:06:52 : EVT TRAININGLAB : Tlab:HR src is 2
#1278383 07.07.2026 22:06:52 : EVT TRAININGLAB : TLab:Active input 0
#1278384 07.07.2026 22:06:52 : EVT LOGGER : Exercise started
#1278385 07.07.2026 22:06:52 : TRC GPS : Full GNSS data subd l:0 c:802b0000
#1278386 07.07.2026 22:06:52 : EVT TRAININGLAB : TLab:Active input 1
#1278387 07.07.2026 22:06:54 : EVT ANALYTICS : Battery-> 3 soc:96
#1278388 07.07.2026 22:06:54 : EVT ANALYTICS : #FusHr src:2 time:0
#1278389 07.07.2026 22:06:54 : EVT ANALYTICS : #Act id:16
#1278390 07.07.2026 22:06:54 : EVT ANALYTICS : #powersave mode:p temp:32.4
#1278391 07.07.2026 22:06:54 : EVT ANALYTICS : GPSMODE:NOTUSED
#1278392 07.07.2026 22:06:54 : EVT ANALYTICS : #gnss d:2026-07-07T00:00:00Z
#1278393 07.07.2026 22:06:54 : EVT ANALYTICS : #zapp n:Weather e:1
#1278394 07.07.2026 22:06:54 : EVT ANALYTICS : #zapp n:Movement e:1
#1278395 07.07.2026 22:06:54 : EVT ANALYTICS : #zapp n:Climb Log e:1
#1278396 07.07.2026 22:07:00 : EVT SEDENTARY : stop monitoring
#1278397 07.07.2026 22:07:00 : EVT ANALYTICS : #ws AID:16 BM:1 NS:0 SP:3 ZN:0 TG:0 BL:0 GPS:0
#1278398 07.07.2026 22:07:00 : EVT ANALYTICS : #2ws AID:16 WHR:1 INT:0 AL:0 AP:0 FE:1 MC:1 TH:0
#1278399 07.07.2026 22:07:04 : WRN WBAPI : eID-691468(277): /Dive/Alarms/Acknowledge 404
#1278400 07.07.2026 22:07:04 : WRN WBAPI : eID-691468(277): /Dive/DiveGases 404
#1278401 07.07.2026 22:07:04 : WRN WBAPI : eID-691468(277): /Dive/Gauge/Next 404
#1278402 07.07.2026 22:07:11 : EVT LOGGER : LGR 934, 80
#1278403 07.07.2026 22:07:11 : WRN WBAPI : eID-691468(277): /Dive/Alarms/Acknowledge 404
#1278404 07.07.2026 22:07:11 : WRN WBAPI : eID-691468(277): /Dive/DiveGases 404
#1278405 07.07.2026 22:07:11 : WRN WBAPI : eID-691468(277): /Dive/Gauge/Next 404
#1278406 07.07.2026 22:07:13 : EVT LOGGER : LGR 934, 80
#1278407 07.07.2026 22:07:14 : EVT UI_FRAMEWORK : evalFile: b:/zapp/climbl01.fea/ext10.js from ui
#1278408 07.07.2026 22:07:15 : WRN WBAPI : eID-691468(277): /Dive/Alarms/Acknowledge 404
#1278409 07.07.2026 22:07:15 : WRN WBAPI : eID-691468(277): /Dive/DiveGases 404
#1278410 07.07.2026 22:07:15 : WRN WBAPI : eID-691468(277): /Dive/Gauge/Next 404
#1278411 07.07.2026 22:07:16 : EVT LOGGER : LGR 934, 80
#1278412 07.07.2026 22:07:16 : WRN WBAPI : eID-691468(277): /Dive/Alarms/Acknowledge 404
#1278413 07.07.2026 22:07:16 : WRN WBAPI : eID-691468(277): /Dive/DiveGases 404
#1278414 07.07.2026 22:07:16 : WRN WBAPI : eID-691468(277): /Dive/Gauge/Next 404
#1278415 07.07.2026 22:07:18 : EVT LOGGER : LGR 934, 80
#1278416 07.07.2026 22:07:21 : WRN WBAPI : eID-691468(277): /Dive/Alarms/Acknowledge 404
#1278417 07.07.2026 22:07:21 : WRN WBAPI : eID-691468(277): /Dive/DiveGases 404
#1278418 07.07.2026 22:07:21 : WRN WBAPI : eID-691468(277): /Dive/Gauge/Next 404
#1278419 07.07.2026 22:07:23 : EVT LOGGER : LGR 934, 80
#1278420 07.07.2026 22:07:23 : WRN WBAPI : eID-691468(277): /Dive/Alarms/Acknowledge 404
#1278421 07.07.2026 22:07:23 : WRN WBAPI : eID-691468(277): /Dive/DiveGases 404
#1278422 07.07.2026 22:07:23 : WRN WBAPI : eID-691468(277): /Dive/Gauge/Next 404
#1278423 07.07.2026 22:07:25 : EVT LOGGER : LGR 934, 80
#1278424 07.07.2026 22:07:28 : EVT LOGGER : Exercise paused
#1278425 07.07.2026 22:07:28 : WRN WBAPI : eID-691468(277): /Dive/Alarms/Acknowledge 404
#1278426 07.07.2026 22:07:28 : WRN WBAPI : eID-691468(277): /Dive/DiveGases 404
#1278427 07.07.2026 22:07:28 : WRN WBAPI : eID-691468(277): /Dive/Gauge/Next 404
#1278428 07.07.2026 22:07:32 : EVT APPLICATION : Zapp climbl01:Disable
#1278429 07.07.2026 22:07:32 : EVT UI_FRAMEWORK : evalFile: b:/zapp/climbl01.fea/ext11.js from ui
#1278430 07.07.2026 22:07:32 : EVT ANALYTICS : Zapp disabled i:5 h:a5e7afa5 n:Climb Log
#1278431 07.07.2026 22:07:32 : EVT APPLICATION : Zapp zzmoveen:Disable
#1278432 07.07.2026 22:07:32 : EVT ANALYTICS : Zapp disabled i:6 h:7aac0887 n:Movement
#1278433 07.07.2026 22:07:32 : EVT UI_FRAMEWORK : evalFile: b:/zapp/zzmoveen.fea/ext2.js from ui
#1278434 07.07.2026 22:07:32 : EVT APPLICATION : Zapp zzwethen:Disable
#1278435 07.07.2026 22:07:32 : EVT ANALYTICS : Zapp disabled i:8 h:3f77f8ec n:Weather
#1278436 07.07.2026 22:07:32 : EVT UI_FRAMEWORK : JS discard disable zapps
#1278437 07.07.2026 22:07:32 : EVT UI_FRAMEWORK : JS will discard
#1278438 07.07.2026 22:07:32 : EVT SPEEDFUSION : INFO # stop speed fusion
#1278439 07.07.2026 22:07:32 : EVT <Unknown> : Update pres sampl intrvl:5
#1278440 07.07.2026 22:07:32 : WRN APPLICATION : discard hrr meas l:3 d:0 sh:73 mh:73 v:0
#1278441 07.07.2026 22:07:32 : WRN WBAPI : eID-698eec(583/65535): 404
#1278442 07.07.2026 22:07:32 : EVT TRAININGZONE : User Define Mode:5
#1278443 07.07.2026 22:07:32 : EVT TRAININGZONE : Tss HR:0.31
#1278444 07.07.2026 22:07:32 : EVT TRAININGZONE : A:16,Tss:[-200.00,-200.00,-200.00,0.31]
#1278445 07.07.2026 22:07:32 : EVT TRAININGLAB : AppFeature Vo2Max 0.000000
#1278446 07.07.2026 22:07:32 : EVT TRAININGLAB : TLab:~Mode T 24668 + 8 A 7480 + 0
#1278447 07.07.2026 22:07:32 : EVT TRAININGLAB : TLab:Change mode 3->2
#1278448 07.07.2026 22:07:32 : EVT TRAININGLAB : TLab:Mode::userInfo 60, 200, 1, 37, 182, 950, 1990
#1278449 07.07.2026 22:07:32 : EVT LOGGER : LGR 934, 80
#1278450 07.07.2026 22:07:32 : EVT TRAININGLAB : ModeUnsub:9145
#1278451 07.07.2026 22:07:32 : EVT OHR : S:start 0x2123
#1278452 07.07.2026 22:07:32 : EVT TRAININGLAB : ModeSub:0400
#1278453 07.07.2026 22:07:32 : EVT ANALYTICS : WAOae:Activity WAOae:16
#1278454 07.07.2026 22:07:32 : EVT ANALYTICS : WAOae:TotalAcc WAOae:0,0,0
#1278455 07.07.2026 22:07:32 : EVT ANALYTICS : WAOae:AccCount WAOae:0,0,0
#1278456 07.07.2026 22:07:32 : EVT ANALYTICS : WAOae:Distance WAOae:0,0,0
#1278457 07.07.2026 22:07:32 : EVT ANALYTICS : WAOae:Duration WAOae:0,0,0
#1278458 07.07.2026 22:07:32 : EVT ANALYTICS : WAOae:Coeff WAOae:0,40,240,390,773,7524,7624
#1278459 07.07.2026 22:07:32 : EVT LOGGER : Exercise stopped
#1278460 07.07.2026 22:07:32 : EVT LOGGER : HrIbiLogger stop, off (0 ms)
#1278461 07.07.2026 22:07:32 : EVT LOGGER : HrIbiLogger stopped (0 ms)
#1278462 07.07.2026 22:07:32 : TRC GPS : Unsubd c:802b0000
#1278463 07.07.2026 22:07:32 : EVT LOGGER : LGR 934, 80
#1278464 07.07.2026 22:07:32 : EVT LOGGER : LGR 934, 80
#1278465 07.07.2026 22:07:32 : EVT ANALYTICS : SleepQ:Tracking:On
#1278466 07.07.2026 22:07:32 : EVT LOGGER : Wr dpc on
#1278467 07.07.2026 22:07:32 : EVT LOGGER : LGR 20993, 56
#1278468 07.07.2026 22:07:33 : EVT <Unknown> : 1783454852656:Meas start 0x2123
#1278469 07.07.2026 22:07:33 : EVT UI_FRAMEWORK : JS feeling vs idle 1
#1278470 07.07.2026 22:07:33 : EVT UI_FRAMEWORK : JS feeling open ex-saving
#1278471 07.07.2026 22:07:34 : EVT WBSTORAGE : CACHE_DEFRAG (688->1016, 24->24, 25)
#1278472 07.07.2026 22:07:34 : TRC NAVIGATION : CG: no climb WP
#1278473 07.07.2026 22:07:34 : TRC NAVIGATION : CG:init ZoomType=0
#1278474 07.07.2026 22:07:34 : EVT NAVIGATION : initSeg Idx=0 D=1 T=0 3-0-4
#1278475 07.07.2026 22:07:34 : EVT WBSTORAGE : CACHE_DEFRAG (1000->1024, 24->24, 25)
#1278476 07.07.2026 22:07:34 : EVT SPEEDFUSION : INFO # IDLE mode(-1) set
#1278477 07.07.2026 22:07:34 : EVT ALTIFUSION : AltiBaroMode:2
#1278478 07.07.2026 22:07:34 : EVT BLE : Disconn sensor:1
#1278479 07.07.2026 22:07:34 : EVT BLE : BLE Sensor Link 4800180D Disc (L-E-:00:0)
#1278480 07.07.2026 22:07:34 : WRN BLE : sendDisconnect 6157
#1278481 07.07.2026 22:07:34 : ERR BLE : [AURA]Filter with handle 72 not found
#1278482 07.07.2026 22:07:34 : EVT ANALYTICS : #powersave mode:p temp:32.5
#1278483 07.07.2026 22:07:34 : EVT ANALYTICS : Battery-> 4 soc:96
#1278484 07.07.2026 22:07:37 : EVT ANALYTICS : Duration ExSaving:3515
#1278485 07.07.2026 22:07:37 : EVT ANALYTICS : Duration ExSumBroker:364
#1278486 07.07.2026 22:07:43 : EVT UI_FRAMEWORK : JS delete log
#1278487 07.07.2026 22:07:43 : WRN LOGGER : Delete b:logs/6A4D5C5C
#1278488 07.07.2026 22:07:45 : EVT WBSTORAGE : CACHE_DEFRAG (1000->1008, 24->24, 25)
#1278489 07.07.2026 22:07:45 : EVT APPLICATION : Zapp zwc05901:Load script
#1278490 07.07.2026 22:07:45 : EVT APPLICATION : Zapp zwc05901:Enable
#1278491 07.07.2026 22:07:45 : EVT ANALYTICS : Zapp enabled i:3 h:ddb248f2 n:zwc05901 v:124f
#1278492 07.07.2026 22:07:45 : WRN WBAPI : eID-691468(277): /Weather/Current/ValidWeatherData.temp 
#1278493 07.07.2026 22:07:48 : EVT WBSTORAGE : CACHE_DEFRAG (880->888, 24->24, 25)
#1278494 07.07.2026 22:07:48 : EVT WBSTORAGE : CACHE_DEFRAG (840->864, 24->24, 25)
#1278495 07.07.2026 22:07:48 : EVT WBSTORAGE : CACHE_DEFRAG (840->848, 24->24, 25)
#1278496 07.07.2026 22:07:48 : TRC NAVIGATION : CG: no climb WP
#1278497 07.07.2026 22:07:48 : TRC NAVIGATION : CG:init ZoomType=0
#1278498 07.07.2026 22:07:48 : EVT NAVIGATION : initSeg Idx=0 D=1 T=0 3-0-4
#1278499 07.07.2026 22:07:48 : EVT WBSTORAGE : CACHE_DEFRAG (832->944, 24->24, 25)
#1278500 07.07.2026 22:07:48 : EVT ALTIFUSION : AltiBaroMode:0
#1278501 07.07.2026 22:07:48 : EVT ALTIFUSION : Init AltiBaro
#1278502 07.07.2026 22:07:48 : EVT APPLICATION : Zapp zwc05901:Disable
#1278503 07.07.2026 22:07:48 : EVT ANALYTICS : Zapp disabled i:3 h:ddb248f2 n:Vector classic
#1278504 07.07.2026 22:07:49 : EVT ANALYTICS : SleepQ:Tracking:On
#1278505 07.07.2026 22:07:49 : EVT ALTIFUSION : AltiBaroMode:0
#1278506 07.07.2026 22:07:49 : EVT ALTIFUSION : Init AltiBaro
#1278507 07.07.2026 22:07:49 : EVT WBSTORAGE : CACHE_DEFRAG (920->928, 24->24, 25)
#1278508 07.07.2026 22:07:49 : EVT UI_FRAMEWORK : JS nsto enable zapp: zzwethen
#1278509 07.07.2026 22:07:49 : EVT UI_FRAMEWORK : JS nsto enable zapp: zzmoveen
#1278510 07.07.2026 22:07:49 : EVT UI_FRAMEWORK : JS nsto enable zapp: climbl01
#1278511 07.07.2026 22:07:49 : EVT APPLICATION : Zapp zzwethen:Load script
#1278512 07.07.2026 22:07:49 : EVT APPLICATION : Zapp zzwethen:Enable
#1278513 07.07.2026 22:07:49 : EVT ANALYTICS : Zapp enabled i:8 h:3f77f8ec n:zzwethen v:ade
#1278514 07.07.2026 22:07:49 : EVT APPLICATION : Zapp clid:32878
#1278515 07.07.2026 22:07:49 : EVT APPLICATION : Zapp zzmoveen:Load script
#1278516 07.07.2026 22:07:49 : EVT APPLICATION : Zapp zzmoveen:Enable
#1278517 07.07.2026 22:07:49 : EVT ANALYTICS : Zapp enabled i:6 h:7aac0887 n:zzmoveen v:8e0
#1278518 07.07.2026 22:07:49 : EVT UI_FRAMEWORK : evalFile: b:/zapp/zzmoveen.fea/ext1.js from ui
#1278519 07.07.2026 22:07:49 : EVT APPLICATION : Zapp clid:32879
#1278520 07.07.2026 22:07:49 : EVT APPLICATION : Zapp climbl01:Load script
#1278521 07.07.2026 22:07:49 : EVT APPLICATION : Zapp climbl01:Enable
#1278522 07.07.2026 22:07:50 : EVT ANALYTICS : Zapp enabled i:5 h:a5e7afa5 n:climbl01 v:3.0
#1278523 07.07.2026 22:07:50 : EVT APPLICATION : Zapp clid:32880
#1278524 07.07.2026 22:07:50 : EVT UI_FRAMEWORK : JS nsto all zapps enabled.
#1278525 07.07.2026 22:07:50 : ERR WBMAIN : *0: app 691 Event 37 80995318
#1278526 07.07.2026 22:07:50 : ERR WBMAIN : 1: mea 20 Wait 0 00000000
#1278527 07.07.2026 22:07:50 : ERR WBMAIN : 2: ui 52 Wait 0 00000000
#1278528 07.07.2026 22:07:50 : EVT UI_FRAMEWORK : JS Prestart Activity Id: 16.000
#1278529 07.07.2026 22:07:50 : WRN WBAPI : eID-691468(277): /Dive/Alarms/Acknowledge 404
#1278530 07.07.2026 22:07:50 : WRN WBAPI : eID-691468(277): /Dive/DiveGases 404
#1278531 07.07.2026 22:07:50 : WRN WBAPI : eID-691468(277): /Dive/Gauge/Next 404
#1278532 07.07.2026 22:07:50 : EVT WBSTORAGE : CACHE_DEFRAG (880->888, 24->24, 25)
#1278533 07.07.2026 22:07:50 : EVT WBSTORAGE : CACHE_DEFRAG (816->824, 24->24, 25)
#1278534 07.07.2026 22:07:50 : EVT WBSTORAGE : CACHE_DEFRAG (752->760, 24->24, 25)
#1278535 07.07.2026 22:07:50 : EVT BLE : BLE Sensor Link 4800180D Conn (--E-:00:1)
#1278536 07.07.2026 22:07:50 : WRN BLE : sendConnect 6157
#1278537 07.07.2026 22:07:50 : WRN WBAPI : eID-691468(277): /Dive/TankPressure/Alarm/Count 404
#1278538 07.07.2026 22:07:50 : EVT SPEEDFUSION : INFO # start speed fusion
#1278539 07.07.2026 22:07:50 : EVT SPEEDFUSION : Act:16,Acc:0,BPod:0,FPod:0,PPod:0,BeltPod:1
#1278540 07.07.2026 22:07:50 : EVT SPEEDFUSION : INFO # Start algo without wrist acc
#1278541 07.07.2026 22:07:50 : EVT <Unknown> : Update pres sampl intrvl:1
#1278542 07.07.2026 22:07:50 : EVT OHR : S:start 0x21a3
#1278543 07.07.2026 22:07:50 : EVT <Unknown> : 1783454870749:Meas start 0x21a3
#1278544 07.07.2026 22:07:53 : EVT TRAININGLAB : TLab:~Mode T 24676 + 4 A 7480 + 0
#1278545 07.07.2026 22:07:53 : EVT TRAININGLAB : TLab:Change mode 2->3
#1278546 07.07.2026 22:07:53 : EVT TRAININGLAB : TLab:Mode::userInfo 60, 200, 1, 37, 182, 950, 1990
#1278547 07.07.2026 22:07:53 : EVT LOGGER : Log space:30330755 bytes free
#1278548 07.07.2026 22:07:53 : EVT TRAININGLAB : ModeUnsub:2800
#1278549 07.07.2026 22:07:53 : EVT TRAININGLAB : ModeSub:9004
#1278550 07.07.2026 22:07:53 : EVT TRAININGLAB : TLab:Select input 0
#1278551 07.07.2026 22:07:53 : EVT TRAININGLAB : TLab:Active input 0
#1278552 07.07.2026 22:07:53 : EVT LOGGER : Exercise started
#1278553 07.07.2026 22:07:53 : EVT BLE : HR RR on (90798175)
#1278554 07.07.2026 22:07:53 : TRC GPS : Full GNSS data subd l:0 c:802b0000
#1278555 07.07.2026 22:07:55 : EVT ANALYTICS : Battery-> 3 soc:96
#1278556 07.07.2026 22:07:55 : EVT ANALYTICS : #FusHr src:0 time:0
#1278557 07.07.2026 22:07:55 : EVT ANALYTICS : #Act id:16
#1278558 07.07.2026 22:07:55 : EVT ANALYTICS : #powersave mode:p temp:32.5
#1278559 07.07.2026 22:07:55 : EVT ANALYTICS : GPSMODE:NOTUSED
#1278560 07.07.2026 22:07:55 : EVT ANALYTICS : #gnss d:2026-07-07T00:00:00Z
#1278561 07.07.2026 22:07:55 : EVT LOGGER : Exercise paused
#1278562 07.07.2026 22:07:55 : WRN WBAPI : eID-691468(277): /Dive/Alarms/Acknowledge 404
#1278563 07.07.2026 22:07:55 : WRN WBAPI : eID-691468(277): /Dive/DiveGases 404
#1278564 07.07.2026 22:07:55 : WRN WBAPI : eID-691468(277): /Dive/Gauge/Next 404
#1278565 07.07.2026 22:07:55 : EVT ANALYTICS : #zapp n:Weather e:1
#1278566 07.07.2026 22:07:55 : EVT ANALYTICS : #zapp n:Movement e:1
#1278567 07.07.2026 22:07:55 : EVT ANALYTICS : #zapp n:Climb Log e:1
#1278568 07.07.2026 22:07:58 : EVT APPLICATION : Zapp climbl01:Disable
#1278569 07.07.2026 22:07:58 : EVT ANALYTICS : Zapp disabled i:5 h:a5e7afa5 n:Climb Log
#1278570 07.07.2026 22:07:58 : EVT APPLICATION : Zapp zzmoveen:Disable
#1278571 07.07.2026 22:07:58 : EVT ANALYTICS : Zapp disabled i:6 h:7aac0887 n:Movement
#1278572 07.07.2026 22:07:58 : EVT UI_FRAMEWORK : evalFile: b:/zapp/zzmoveen.fea/ext2.js from ui
#1278573 07.07.2026 22:07:58 : EVT APPLICATION : Zapp zzwethen:Disable
#1278574 07.07.2026 22:07:58 : EVT ANALYTICS : Zapp disabled i:8 h:3f77f8ec n:Weather
#1278575 07.07.2026 22:07:58 : EVT UI_FRAMEWORK : JS discard disable zapps
#1278576 07.07.2026 22:07:58 : EVT UI_FRAMEWORK : JS will discard
#1278577 07.07.2026 22:07:58 : EVT SPEEDFUSION : INFO # stop speed fusion
#1278578 07.07.2026 22:07:58 : EVT <Unknown> : Update pres sampl intrvl:5
#1278579 07.07.2026 22:07:58 : WRN APPLICATION : discard hrr meas l:3 d:0 sh:0 mh:0 v:0
#1278580 07.07.2026 22:07:58 : EVT TRAININGZONE : User Define Mode:5
#1278581 07.07.2026 22:07:58 : EVT TRAININGZONE : Tss HR:0.03
#1278582 07.07.2026 22:07:58 : EVT TRAININGZONE : A:16,Tss:[-200.00,-200.00,-200.00,0.03]
#1278583 07.07.2026 22:07:58 : EVT TRAININGLAB : AppFeature Vo2Max 0.000000
#1278584 07.07.2026 22:07:58 : EVT TRAININGLAB : TLab:~Mode T 24680 + 1 A 7480 + 0
#1278585 07.07.2026 22:07:58 : EVT TRAININGLAB : TLab:Change mode 3->2
#1278586 07.07.2026 22:07:58 : EVT TRAININGLAB : TLab:Mode::userInfo 60, 200, 1, 37, 182, 950, 1990
#1278587 07.07.2026 22:07:58 : EVT LOGGER : LGR 934, 80
#1278588 07.07.2026 22:07:58 : EVT TRAININGLAB : ModeUnsub:91C5
#1278589 07.07.2026 22:07:58 : EVT OHR : S:start 0x2123
#1278590 07.07.2026 22:07:58 : EVT TRAININGLAB : ModeSub:0400
#1278591 07.07.2026 22:07:58 : EVT ANALYTICS : WAOae:Activity WAOae:16
#1278592 07.07.2026 22:07:58 : EVT ANALYTICS : WAOae:TotalAcc WAOae:0,0,0
#1278593 07.07.2026 22:07:58 : EVT ANALYTICS : WAOae:AccCount WAOae:0,0,0
#1278594 07.07.2026 22:07:58 : EVT ANALYTICS : WAOae:Distance WAOae:0,0,0
#1278595 07.07.2026 22:07:58 : EVT ANALYTICS : WAOae:Duration WAOae:0,0,0
#1278596 07.07.2026 22:07:58 : EVT ANALYTICS : WAOae:Coeff WAOae:0,40,240,390,773,7524,7624
#1278597 07.07.2026 22:07:58 : EVT LOGGER : Exercise stopped
#1278598 07.07.2026 22:07:58 : EVT BLE : HR RR off (90803726, 5551 ms missing)
#1278599 07.07.2026 22:07:58 : EVT BLE : HR RR done
#1278600 07.07.2026 22:07:58 : EVT LOGGER : HrIbiLogger stop, off (0 ms)
#1278601 07.07.2026 22:07:58 : EVT LOGGER : HrIbiLogger stopped (0 ms)
#1278602 07.07.2026 22:07:58 : TRC GPS : Unsubd c:802b0000
#1278603 07.07.2026 22:07:58 : EVT LOGGER : LGR 934, 80
#1278604 07.07.2026 22:07:58 : EVT <Unknown> : 1783454878698:Meas start 0x2123
#1278605 07.07.2026 22:07:58 : EVT ANALYTICS : SleepQ:Tracking:On
#1278606 07.07.2026 22:07:58 : EVT LOGGER : Wr dpc on
#1278607 07.07.2026 22:07:58 : EVT LOGGER : LGR 20993, 56
#1278608 07.07.2026 22:07:59 : EVT WBSTORAGE : CACHE_DEFRAG (680->1016, 24->24, 25)
#1278609 07.07.2026 22:07:59 : TRC NAVIGATION : CG: no climb WP
#1278610 07.07.2026 22:07:59 : TRC NAVIGATION : CG:init ZoomType=0
#1278611 07.07.2026 22:07:59 : EVT NAVIGATION : initSeg Idx=0 D=1 T=0 3-0-4
#1278612 07.07.2026 22:07:59 : EVT WBSTORAGE : CACHE_DEFRAG (1000->1024, 24->24, 25)
#1278613 07.07.2026 22:07:59 : EVT SPEEDFUSION : INFO # IDLE mode(-1) set
#1278614 07.07.2026 22:07:59 : EVT ALTIFUSION : AltiBaroMode:2
#1278615 07.07.2026 22:07:59 : EVT BLE : Disconn sensor:1
#1278616 07.07.2026 22:07:59 : EVT BLE : BLE Sensor Link 4800180D Disc (L-E-:00:0)
#1278617 07.07.2026 22:07:59 : WRN BLE : sendDisconnect 6157
#1278618 07.07.2026 22:07:59 : ERR BLE : [AURA]No filters left, stopping scan
#1278619 07.07.2026 22:07:59 : ERR BLE : [AURA]Filter with handle 72 not found
#1278620 07.07.2026 22:08:00 : EVT WBSTORAGE : CACHE_DEFRAG (1000->1008, 24->24, 25)
#1278621 07.07.2026 22:08:00 : EVT WBSTORAGE : CACHE_DEFRAG (936->944, 24->24, 25)
#1278622 07.07.2026 22:08:00 : EVT BLE : lt,scan 1
#1278623 07.07.2026 22:08:00 : WRN BLE : sendDisconnect 6157
#1278624 07.07.2026 22:08:00 : ERR BLE : [AURA]Filter with handle 72 not found
#1278625 07.07.2026 22:08:00 : EVT BLE : packet 0 sensor found count 1
#1278626 07.07.2026 22:08:00 : EVT BLE : packet 0 sensor found count 2
#1278627 07.07.2026 22:08:00 : EVT ANALYTICS : #powersave mode:p temp:32.5
#1278628 07.07.2026 22:08:00 : EVT ANALYTICS : Battery-> 4 soc:96
#1278629 07.07.2026 22:08:02 : EVT UI_FRAMEWORK : JS discard
#1278630 07.07.2026 22:08:02 : WRN LOGGER : Delete b:logs/6A4D5C99
#1278631 07.07.2026 22:08:04 : EVT WBSTORAGE : CACHE_DEFRAG (872->880, 24->24, 25)
#1278632 07.07.2026 22:08:04 : EVT APPLICATION : Zapp zwc05901:Load script
#1278633 07.07.2026 22:08:04 : EVT APPLICATION : Zapp zwc05901:Enable
#1278634 07.07.2026 22:08:04 : EVT ANALYTICS : Zapp enabled i:3 h:ddb248f2 n:zwc05901 v:124f
#1278635 07.07.2026 22:08:04 : WRN WBAPI : eID-691468(277): /Weather/Current/ValidWeatherData.temp 
#1278636 07.07.2026 22:08:07 : EVT WBSTORAGE : CACHE_DEFRAG (752->760, 24->24, 25)
#1278637 07.07.2026 22:08:07 : EVT WBSTORAGE : CACHE_DEFRAG (712->744, 24->24, 25)
#1278638 07.07.2026 22:08:07 : TRC NAVIGATION : CG: no climb WP
#1278639 07.07.2026 22:08:07 : TRC NAVIGATION : CG:init ZoomType=0
#1278640 07.07.2026 22:08:07 : EVT NAVIGATION : initSeg Idx=0 D=1 T=0 3-0-4
#1278641 07.07.2026 22:08:07 : EVT WBSTORAGE : CACHE_DEFRAG (720->944, 24->24, 25)
#1278642 07.07.2026 22:08:07 : EVT ALTIFUSION : AltiBaroMode:0
#1278643 07.07.2026 22:08:07 : EVT ALTIFUSION : Init AltiBaro
#1278644 07.07.2026 22:08:07 : EVT APPLICATION : Zapp zwc05901:Disable
#1278645 07.07.2026 22:08:07 : EVT ANALYTICS : Zapp disabled i:3 h:ddb248f2 n:Vector classic
#1278646 07.07.2026 22:08:08 : EVT ANALYTICS : SleepQ:Tracking:On
#1278647 07.07.2026 22:08:08 : EVT ALTIFUSION : AltiBaroMode:0
#1278648 07.07.2026 22:08:08 : EVT ALTIFUSION : Init AltiBaro
#1278649 07.07.2026 22:08:08 : EVT WBSTORAGE : CACHE_DEFRAG (920->928, 24->24, 25)
#1278650 07.07.2026 22:08:08 : EVT UI_FRAMEWORK : JS nsto enable zapp: zzwethen
#1278651 07.07.2026 22:08:08 : EVT UI_FRAMEWORK : JS nsto enable zapp: zzmoveen
#1278652 07.07.2026 22:08:08 : EVT UI_FRAMEWORK : JS nsto enable zapp: climbl01
#1278653 07.07.2026 22:08:08 : EVT APPLICATION : Zapp zzwethen:Load script
#1278654 07.07.2026 22:08:08 : EVT APPLICATION : Zapp zzwethen:Enable
#1278655 07.07.2026 22:08:08 : EVT ANALYTICS : Zapp enabled i:8 h:3f77f8ec n:zzwethen v:ade
#1278656 07.07.2026 22:08:08 : EVT APPLICATION : Zapp clid:32878
#1278657 07.07.2026 22:08:08 : EVT APPLICATION : Zapp zzmoveen:Load script
#1278658 07.07.2026 22:08:08 : EVT APPLICATION : Zapp zzmoveen:Enable
#1278659 07.07.2026 22:08:08 : EVT ANALYTICS : Zapp enabled i:6 h:7aac0887 n:zzmoveen v:8e0
#1278660 07.07.2026 22:08:08 : EVT UI_FRAMEWORK : evalFile: b:/zapp/zzmoveen.fea/ext1.js from ui
#1278661 07.07.2026 22:08:08 : EVT APPLICATION : Zapp clid:32879
#1278662 07.07.2026 22:08:08 : EVT APPLICATION : Zapp climbl01:Load script
#1278663 07.07.2026 22:08:08 : EVT APPLICATION : Zapp climbl01:Enable
#1278664 07.07.2026 22:08:09 : EVT ANALYTICS : Zapp enabled i:5 h:a5e7afa5 n:climbl01 v:3.0
#1278665 07.07.2026 22:08:09 : EVT APPLICATION : Zapp clid:32880
#1278666 07.07.2026 22:08:09 : EVT UI_FRAMEWORK : JS nsto all zapps enabled.
#1278667 07.07.2026 22:08:09 : ERR WBMAIN : *0: app 663 Event 37 80995318
#1278668 07.07.2026 22:08:09 : ERR WBMAIN : 1: mea 20 Wait 0 00000000
#1278669 07.07.2026 22:08:09 : ERR WBMAIN : 2: ui 21 Wait 0 00000000
#1278670 07.07.2026 22:08:09 : EVT UI_FRAMEWORK : JS Prestart Activity Id: 16.000
#1278671 07.07.2026 22:08:09 : WRN WBAPI : eID-691468(277): /Dive/Alarms/Acknowledge 404
#1278672 07.07.2026 22:08:09 : WRN WBAPI : eID-691468(277): /Dive/DiveGases 404
#1278673 07.07.2026 22:08:09 : WRN WBAPI : eID-691468(277): /Dive/Gauge/Next 404
#1278674 07.07.2026 22:08:09 : EVT WBSTORAGE : CACHE_DEFRAG (880->888, 24->24, 25)
#1278675 07.07.2026 22:08:09 : EVT WBSTORAGE : CACHE_DEFRAG (816->824, 24->24, 25)
#1278676 07.07.2026 22:08:09 : EVT WBSTORAGE : CACHE_DEFRAG (752->760, 24->24, 25)
#1278677 07.07.2026 22:08:09 : EVT BLE : BLE Sensor Link 4800180D Conn (--E-:00:1)
#1278678 07.07.2026 22:08:09 : WRN BLE : sendConnect 6157
#1278679 07.07.2026 22:08:09 : WRN WBAPI : eID-691468(277): /Dive/TankPressure/Alarm/Count 404
#1278680 07.07.2026 22:08:09 : EVT SPEEDFUSION : INFO # start speed fusion
#1278681 07.07.2026 22:08:09 : EVT SPEEDFUSION : Act:16,Acc:0,BPod:0,FPod:0,PPod:0,BeltPod:1
#1278682 07.07.2026 22:08:09 : EVT SPEEDFUSION : INFO # Start algo without wrist acc
#1278683 07.07.2026 22:08:09 : EVT <Unknown> : Update pres sampl intrvl:1
#1278684 07.07.2026 22:08:09 : EVT OHR : S:start 0x21a3
#1278685 07.07.2026 22:08:09 : EVT <Unknown> : 1783454889815:Meas start 0x21a3
#1278686 07.07.2026 22:08:15 : EVT APPLICATION : Zapp climbl01:Disable
#1278687 07.07.2026 22:08:15 : EVT ANALYTICS : Zapp disabled i:5 h:a5e7afa5 n:Climb Log
#1278688 07.07.2026 22:08:15 : EVT WBSTORAGE : CACHE_DEFRAG (680->704, 24->24, 25)
#1278689 07.07.2026 22:08:18 : EVT APPLICATION : Zapp climbl01:Load script
#1278690 07.07.2026 22:08:18 : ERR APPLICATION : Zapp:relMemCb (exec:zapp)
#1278691 07.07.2026 22:08:18 : EVT APPLICATION : Zapp zzwethen:Disable
#1278692 07.07.2026 22:08:18 : EVT ANALYTICS : Zapp disabled i:8 h:3f77f8ec n:Weather
#1278693 07.07.2026 22:08:18 : ERR APPLICATION : Zapp 3:RelMem->unload
#1278694 07.07.2026 22:08:18 : ERR APPLICATION : Zapp:relMemCb (exec:zapp)
#1278695 07.07.2026 22:08:18 : EVT APPLICATION : Zapp zzmoveen:Disable
#1278696 07.07.2026 22:08:18 : EVT ANALYTICS : Zapp disabled i:6 h:7aac0887 n:Movement
#1278697 07.07.2026 22:08:18 : ERR APPLICATION : Zapp 3:RelMem->unload
#1278698 07.07.2026 22:08:18 : ERR APPLICATION : Zapp:relMemCb (exec:zapp)
#1278699 07.07.2026 22:08:18 : ERR APPLICATION : Zapp:RelMem->None avail
#1278700 07.07.2026 22:08:18 : ERR DUKTAPE : JSalloc:2095
#1278701 07.07.2026 22:08:18 : ERR APPLICATION : Zapp:relMemCb (exec:zapp)
#1278702 07.07.2026 22:08:18 : ERR APPLICATION : Zapp:RelMem->None avail
#1278703 07.07.2026 22:08:18 : ERR DUKTAPE : JSalloc:2095
#1278704 07.07.2026 22:08:18 : ERR APPLICATION : Zapp:relMemCb (exec:zapp)
#1278705 07.07.2026 22:08:18 : ERR APPLICATION : Zapp:RelMem->None avail
#1278706 07.07.2026 22:08:18 : ERR DUKTAPE : JSalloc:2095
#1278707 07.07.2026 22:08:18 : ERR APPLICATION : Zapp:relMemCb (exec:zapp)
#1278708 07.07.2026 22:08:18 : ERR APPLICATION : Zapp:RelMem->None avail
#1278709 07.07.2026 22:08:18 : ERR DUKTAPE : JSalloc:2392
#1278710 07.07.2026 22:08:18 : ERR APPLICATION : Zapp:relMemCb (exec:zapp)
#1278711 07.07.2026 22:08:18 : ERR APPLICATION : Zapp:RelMem->None avail
#1278712 07.07.2026 22:08:18 : ERR DUKTAPE : JSalloc:2392
#1278713 07.07.2026 22:08:18 : ERR APPLICATION : Zapp:relMemCb (exec:zapp)
#1278714 07.07.2026 22:08:18 : ERR APPLICATION : Zapp:RelMem->None avail
#1278715 07.07.2026 22:08:18 : ERR DUKTAPE : JSalloc:2392
#1278716 07.07.2026 22:08:18 : ERR APPLICATION : Zapp:relMemCb (exec:zapp)
#1278717 07.07.2026 22:08:18 : ERR APPLICATION : Zapp:RelMem->None avail
#1278718 07.07.2026 22:08:18 : ERR DUKTAPE : JSalloc:1964
#1278719 07.07.2026 22:08:18 : ERR APPLICATION : Zapp:relMemCb (exec:zapp)
#1278720 07.07.2026 22:08:18 : ERR APPLICATION : Zapp:RelMem->None avail
#1278721 07.07.2026 22:08:18 : ERR DUKTAPE : JSalloc:1964
#1278722 07.07.2026 22:08:18 : ERR APPLICATION : Zapp:relMemCb (exec:zapp)
#1278723 07.07.2026 22:08:18 : ERR APPLICATION : Zapp:RelMem->None avail
#1278724 07.07.2026 22:08:18 : ERR DUKTAPE : JSalloc:1964
#1278725 07.07.2026 22:08:18 : ERR APPLICATION : Zapp:relMemCb (exec:zapp)
#1278726 07.07.2026 22:08:18 : ERR APPLICATION : Zapp:RelMem->None avail
#1278727 07.07.2026 22:08:18 : ERR DUKTAPE : JSalloc:1964
#1278728 07.07.2026 22:08:18 : ERR APPLICATION : Zapp:relMemCb (exec:zapp)
#1278729 07.07.2026 22:08:18 : ERR APPLICATION : Zapp:RelMem->None avail
#1278730 07.07.2026 22:08:18 : ERR DUKTAPE : JSalloc:1964
#1278731 07.07.2026 22:08:18 : ERR APPLICATION : Zapp:relMemCb (exec:zapp)
#1278732 07.07.2026 22:08:18 : ERR APPLICATION : Zapp:RelMem->None avail
#1278733 07.07.2026 22:08:18 : ERR DUKTAPE : JSalloc:1964
#1278734 07.07.2026 22:08:18 : ERR APPLICATION : Zapp:relMemCb (exec:zapp)
#1278735 07.07.2026 22:08:18 : ERR APPLICATION : Zapp:RelMem->None avail
#1278736 07.07.2026 22:08:18 : ERR DUKTAPE : JSalloc:1964
#1278737 07.07.2026 22:08:18 : ERR APPLICATION : Zapp:relMemCb (exec:zapp)
#1278738 07.07.2026 22:08:18 : ERR APPLICATION : Zapp:RelMem->None avail
#1278739 07.07.2026 22:08:18 : ERR DUKTAPE : JSalloc:1964
#1278740 07.07.2026 22:08:18 : ERR APPLICATION : Zapp:relMemCb (exec:zapp)
#1278741 07.07.2026 22:08:18 : ERR APPLICATION : Zapp:RelMem->None avail
#1278742 07.07.2026 22:08:18 : ERR DUKTAPE : JSalloc:1964
#1278743 07.07.2026 22:08:18 : ERR APPLICATION : Zapp:relMemCb (exec:zapp)
#1278744 07.07.2026 22:08:18 : ERR APPLICATION : Zapp:RelMem->None avail
#1278745 07.07.2026 22:08:18 : ERR DUKTAPE : JSalloc:1964
#1278746 07.07.2026 22:08:18 : ERR APPLICATION : Zapp:relMemCb (exec:zapp)
#1278747 07.07.2026 22:08:18 : ERR APPLICATION : Zapp:RelMem->None avail
#1278748 07.07.2026 22:08:18 : ERR DUKTAPE : JSalloc:1964
#1278749 07.07.2026 22:08:18 : ERR APPLICATION : Zapp:relMemCb (exec:zapp)
#1278750 07.07.2026 22:08:18 : ERR APPLICATION : Zapp:RelMem->None avail
#1278751 07.07.2026 22:08:18 : ERR DUKTAPE : JSalloc:2392
#1278752 07.07.2026 22:08:18 : ERR APPLICATION : Zapp:relMemCb (exec:zapp)
#1278753 07.07.2026 22:08:18 : ERR APPLICATION : Zapp:RelMem->None avail
#1278754 07.07.2026 22:08:18 : ERR DUKTAPE : JSalloc:2392
#1278755 07.07.2026 22:08:18 : ERR APPLICATION : Zapp:relMemCb (exec:zapp)
#1278756 07.07.2026 22:08:18 : ERR APPLICATION : Zapp:RelMem->None avail
#1278757 07.07.2026 22:08:18 : ERR DUKTAPE : JSalloc:1964
#1278758 07.07.2026 22:08:18 : ERR APPLICATION : Zapp:relMemCb (exec:zapp)
#1278759 07.07.2026 22:08:18 : ERR APPLICATION : Zapp:RelMem->None avail
#1278760 07.07.2026 22:08:18 : ERR DUKTAPE : JSalloc:1964
#1278761 07.07.2026 22:08:18 : ERR APPLICATION : Zapp:relMemCb (exec:zapp)
#1278762 07.07.2026 22:08:18 : ERR APPLICATION : Zapp:RelMem->None avail
#1278763 07.07.2026 22:08:18 : ERR DUKTAPE : JSalloc:1964
#1278764 07.07.2026 22:08:18 : ERR APPLICATION : Zapp:relMemCb (exec:zapp)
#1278765 07.07.2026 22:08:18 : ERR APPLICATION : Zapp:RelMem->None avail
#1278766 07.07.2026 22:08:18 : ERR DUKTAPE : JSalloc:1964
#1278767 07.07.2026 22:08:18 : ERR APPLICATION : Zapp:relMemCb (exec:zapp)
#1278768 07.07.2026 22:08:18 : ERR APPLICATION : Zapp:RelMem->None avail
#1278769 07.07.2026 22:08:18 : ERR DUKTAPE : JSalloc:1964
#1278770 07.07.2026 22:08:18 : ERR APPLICATION : Zapp:relMemCb (exec:zapp)
#1278771 07.07.2026 22:08:18 : ERR APPLICATION : Zapp:RelMem->None avail
#1278772 07.07.2026 22:08:18 : ERR DUKTAPE : JSalloc:1964
#1278773 07.07.2026 22:08:18 : ERR APPLICATION : Zapp:relMemCb (exec:zapp)
#1278774 07.07.2026 22:08:18 : ERR APPLICATION : Zapp:RelMem->None avail
#1278775 07.07.2026 22:08:18 : ERR DUKTAPE : JSalloc:1964
#1278776 07.07.2026 22:08:18 : ERR APPLICATION : Zapp:relMemCb (exec:zapp)
#1278777 07.07.2026 22:08:18 : ERR APPLICATION : Zapp:RelMem->None avail
#1278778 07.07.2026 22:08:18 : ERR DUKTAPE : JSalloc:1964
#1278779 07.07.2026 22:08:18 : ERR APPLICATION : Zapp:relMemCb (exec:zapp)
#1278780 07.07.2026 22:08:18 : ERR APPLICATION : Zapp:RelMem->None avail
#1278781 07.07.2026 22:08:18 : ERR DUKTAPE : JSalloc:1964
#1278782 07.07.2026 22:08:18 : ERR APPLICATION : Zapp:relMemCb (exec:zapp)
#1278783 07.07.2026 22:08:18 : ERR APPLICATION : Zapp:RelMem->None avail
#1278784 07.07.2026 22:08:18 : ERR DUKTAPE : JSalloc:1964
#1278785 07.07.2026 22:08:18 : ERR APPLICATION : Zapp:relMemCb (exec:zapp)
#1278786 07.07.2026 22:08:18 : ERR APPLICATION : Zapp:RelMem->None avail
#1278787 07.07.2026 22:08:18 : ERR DUKTAPE : JSalloc:1964
#1278788 07.07.2026 22:08:18 : ERR APPLICATION : Zapp:relMemCb (exec:zapp)
#1278789 07.07.2026 22:08:18 : ERR APPLICATION : Zapp:RelMem->None avail
#1278790 07.07.2026 22:08:18 : ERR DUKTAPE : JSalloc:2392
#1278791 07.07.2026 22:08:18 : ERR APPLICATION : Zapp:relMemCb (exec:zapp)
#1278792 07.07.2026 22:08:18 : ERR APPLICATION : Zapp:RelMem->None avail
#1278793 07.07.2026 22:08:18 : ERR DUKTAPE : JSalloc:2392
#1278794 07.07.2026 22:08:18 : ERR APPLICATION : Zapp:relMemCb (exec:zapp)
#1278795 07.07.2026 22:08:18 : ERR APPLICATION : Zapp:RelMem->None avail
#1278796 07.07.2026 22:08:18 : ERR DUKTAPE : JSalloc:1964
#1278797 07.07.2026 22:08:18 : ERR APPLICATION : Zapp:relMemCb (exec:zapp)
#1278798 07.07.2026 22:08:18 : ERR APPLICATION : Zapp:RelMem->None avail
#1278799 07.07.2026 22:08:18 : ERR DUKTAPE : JSalloc:1964
#1278800 07.07.2026 22:08:18 : ERR APPLICATION : Zapp:relMemCb (exec:zapp)
#1278801 07.07.2026 22:08:18 : ERR APPLICATION : Zapp:RelMem->None avail
#1278802 07.07.2026 22:08:18 : ERR DUKTAPE : JSalloc:1964
#1278803 07.07.2026 22:08:18 : ERR APPLICATION : Zapp:relMemCb (exec:zapp)
#1278804 07.07.2026 22:08:18 : ERR APPLICATION : Zapp:RelMem->None avail
#1278805 07.07.2026 22:08:18 : ERR DUKTAPE : JSalloc:1964
#1278806 07.07.2026 22:08:18 : ERR APPLICATION : Zapp:relMemCb (exec:zapp)
#1278807 07.07.2026 22:08:18 : ERR APPLICATION : Zapp:RelMem->None avail
#1278808 07.07.2026 22:08:18 : ERR DUKTAPE : JSalloc:1964
#1278809 07.07.2026 22:08:18 : ERR APPLICATION : Zapp:relMemCb (exec:zapp)
#1278810 07.07.2026 22:08:18 : ERR APPLICATION : Zapp:RelMem->None avail
#1278811 07.07.2026 22:08:18 : ERR DUKTAPE : JSalloc:1964
#1278812 07.07.2026 22:08:18 : ERR APPLICATION : Zapp:relMemCb (exec:zapp)
#1278813 07.07.2026 22:08:18 : ERR APPLICATION : Zapp:RelMem->None avail
#1278814 07.07.2026 22:08:18 : ERR DUKTAPE : JSalloc:1964
#1278815 07.07.2026 22:08:18 : ERR APPLICATION : Zapp:relMemCb (exec:zapp)
#1278816 07.07.2026 22:08:18 : ERR APPLICATION : Zapp:RelMem->None avail
#1278817 07.07.2026 22:08:18 : ERR DUKTAPE : JSalloc:1964
#1278818 07.07.2026 22:08:18 : ERR APPLICATION : Zapp:relMemCb (exec:zapp)
#1278819 07.07.2026 22:08:18 : ERR APPLICATION : Zapp:RelMem->None avail
#1278820 07.07.2026 22:08:18 : ERR DUKTAPE : JSalloc:1964
#1278821 07.07.2026 22:08:18 : ERR APPLICATION : Zapp:relMemCb (exec:zapp)
#1278822 07.07.2026 22:08:18 : ERR APPLICATION : Zapp:RelMem->None avail
#1278823 07.07.2026 22:08:18 : ERR DUKTAPE : JSalloc:1964
#1278824 07.07.2026 22:08:18 : ERR APPLICATION : Zapp:relMemCb (exec:zapp)
#1278825 07.07.2026 22:08:18 : ERR APPLICATION : Zapp:RelMem->None avail
#1278826 07.07.2026 22:08:18 : ERR DUKTAPE : JSalloc:1964
#1278827 07.07.2026 22:08:18 : ERR APPLICATION : Zapp:relMemCb (exec:zapp)
#1278828 07.07.2026 22:08:18 : ERR APPLICATION : Zapp:RelMem->None avail
#1278829 07.07.2026 22:08:18 : ERR DUKTAPE : JSalloc:2392
#1278830 07.07.2026 22:08:18 : ERR APPLICATION : Zapp:relMemCb (exec:zapp)
#1278831 07.07.2026 22:08:18 : ERR APPLICATION : Zapp:RelMem->None avail
#1278832 07.07.2026 22:08:18 : ERR DUKTAPE : JSalloc:2392
#1278833 07.07.2026 22:08:18 : ERR APPLICATION : Zapp:relMemCb (exec:zapp)
#1278834 07.07.2026 22:08:18 : ERR APPLICATION : Zapp:RelMem->None avail
#1278835 07.07.2026 22:08:18 : ERR DUKTAPE : JSalloc:1964
#1278836 07.07.2026 22:08:18 : ERR APPLICATION : Zapp:relMemCb (exec:zapp)
#1278837 07.07.2026 22:08:18 : ERR APPLICATION : Zapp:RelMem->None avail
#1278838 07.07.2026 22:08:18 : ERR DUKTAPE : JSalloc:1964
#1278839 07.07.2026 22:08:18 : ERR APPLICATION : Zapp:relMemCb (exec:zapp)
#1278840 07.07.2026 22:08:18 : ERR APPLICATION : Zapp:RelMem->None avail
#1278841 07.07.2026 22:08:18 : ERR DUKTAPE : JSalloc:1964
#1278842 07.07.2026 22:08:18 : ERR APPLICATION : Zapp:relMemCb (exec:zapp)
#1278843 07.07.2026 22:08:18 : ERR APPLICATION : Zapp:RelMem->None avail
#1278844 07.07.2026 22:08:18 : ERR DUKTAPE : JSalloc:1964
#1278845 07.07.2026 22:08:18 : ERR APPLICATION : Zapp:relMemCb (exec:zapp)
#1278846 07.07.2026 22:08:18 : ERR APPLICATION : Zapp:RelMem->None avail
#1278847 07.07.2026 22:08:18 : ERR DUKTAPE : JSalloc:1964
#1278848 07.07.2026 22:08:18 : ERR APPLICATION : Zapp:relMemCb (exec:zapp)
#1278849 07.07.2026 22:08:18 : ERR APPLICATION : Zapp:RelMem->None avail
#1278850 07.07.2026 22:08:18 : ERR DUKTAPE : JSalloc:1964
#1278851 07.07.2026 22:08:18 : ERR APPLICATION : Zapp:relMemCb (exec:zapp)
#1278852 07.07.2026 22:08:18 : ERR APPLICATION : Zapp:RelMem->None avail
#1278853 07.07.2026 22:08:18 : ERR DUKTAPE : JSalloc:1964
#1278854 07.07.2026 22:08:18 : ERR APPLICATION : Zapp:relMemCb (exec:zapp)
#1278855 07.07.2026 22:08:18 : ERR APPLICATION : Zapp:RelMem->None avail
#1278856 07.07.2026 22:08:18 : ERR DUKTAPE : JSalloc:1964
#1278857 07.07.2026 22:08:18 : ERR APPLICATION : Zapp:relMemCb (exec:zapp)
#1278858 07.07.2026 22:08:18 : ERR APPLICATION : Zapp:RelMem->None avail
#1278859 07.07.2026 22:08:18 : ERR DUKTAPE : JSalloc:1964
#1278860 07.07.2026 22:08:18 : ERR APPLICATION : Zapp:relMemCb (exec:zapp)
#1278861 07.07.2026 22:08:18 : ERR APPLICATION : Zapp:RelMem->None avail
#1278862 07.07.2026 22:08:18 : ERR DUKTAPE : JSalloc:1964
#1278863 07.07.2026 22:08:18 : ERR APPLICATION : Zapp:relMemCb (exec:zapp)
#1278864 07.07.2026 22:08:18 : ERR APPLICATION : Zapp:RelMem->None avail
#1278865 07.07.2026 22:08:18 : ERR DUKTAPE : JSalloc:1964
#1278866 07.07.2026 22:08:18 : ERR APPLICATION : Zapp:relMemCb (exec:zapp)
#1278867 07.07.2026 22:08:18 : ERR APPLICATION : Zapp:RelMem->None avail
#1278868 07.07.2026 22:08:18 : ERR DUKTAPE : JSalloc:2392
#1278869 07.07.2026 22:08:18 : ERR APPLICATION : Zapp:relMemCb (exec:zapp)
#1278870 07.07.2026 22:08:18 : ERR APPLICATION : Zapp:RelMem->None avail
#1278871 07.07.2026 22:08:18 : ERR DUKTAPE : JSalloc:2392
#1278872 07.07.2026 22:08:18 : ERR DUKTAPE : Compiling js failed: Error: 1
#1278873 07.07.2026 22:08:18 : WRN APPLICATION : Script load:other
#1278874 07.07.2026 22:08:18 : WRN APPLICATION : Zapp 5 load
#1278875 07.07.2026 22:08:18 : EVT APPLICATION : Zapp climbl01:Disable
#1278876 07.07.2026 22:08:18 : TRC APPLICATION : Zapp ?: Exec. event 1024 failed (zapp disabled)
#1278877 07.07.2026 22:08:18 : EVT ANALYTICS : Zapp disabled i:5 h:a5e7afa5 n:Climb Log
#1278878 07.07.2026 22:08:18 : EVT OHR : S:start 0x2123
#1278879 07.07.2026 22:08:18 : EVT <Unknown> : 1783454898475:Meas start 0x2123
#1278880 07.07.2026 22:08:19 : EVT BLE : lt,scan 1
#1278881 07.07.2026 22:08:19 : WRN BLE : sendDisconnect 6157
#1278882 07.07.2026 22:08:19 : ERR BLE : [AURA]No filters left, stopping scan
#1278883 07.07.2026 22:08:19 : EVT BLE : packet 0 sensor found count 1
#1278884 07.07.2026 22:08:19 : EVT BLE : packet 0 sensor found count 2
#1278885 07.07.2026 22:08:19 : EVT ANALYTICS : #FusHr src:2 time:10178
#1278886 07.07.2026 22:08:19 : EVT <Unknown> : 1783454899948:Off Skin Set.
#1278887 07.07.2026 22:08:21 : EVT PMIC : VBUS state is ON
#1278888 07.07.2026 22:08:21 : EVT PMIC : chgCntl1:0x70
#1278889 07.07.2026 22:08:21 : EVT PMIC : check chgCntl1:0x74
#1278890 07.07.2026 22:08:21 : EVT PMIC : Turn charge ON since VBUS->ON
#1278891 07.07.2026 22:08:21 : EVT PMIC : PMIC temp zone:0x2
#1278892 07.07.2026 22:08:21 : EVT PMIC : PMIC Fast-charge constant cur
#1278893 07.07.2026 22:08:21 : EVT OHR : VBUS on
#1278894 07.07.2026 22:08:21 : EVT OHR : S:stop 23
#1278895 07.07.2026 22:08:21 : EVT <Unknown> : 1783454901613:Meas stop 0x2123
#1278896 07.07.2026 22:08:21 : EVT PMIC : PMIC Fast-charge constant voltage
#1278897 07.07.2026 22:08:21 : EVT PMIC : VBUS state is ON
#1278898 07.07.2026 22:08:21 : WRN <Unknown> : 1783454901613:FSM EVT STOP.
#1278899 07.07.2026 22:08:21 : EVT OHR : S:OFF 1->0
#1278900 07.07.2026 22:08:22 : EVT PMIC : PMIC temp zone:0x7
#1278901 07.07.2026 22:08:22 : EVT PMIC : VBUS state is OFF
#1278902 07.07.2026 22:08:22 : EVT PMIC : Turn charge OFF since VBUS->OFF
#1278903 07.07.2026 22:08:22 : EVT OHR : VBUS off
#1278904 07.07.2026 22:08:22 : EVT OHR : S:ON 0->1
#1278905 07.07.2026 22:08:22 : EVT OHR : APPINIT:caps 0x1f4, 6b738616
#1278906 07.07.2026 22:08:22 : EVT <Unknown> : 1783454902627:AI@1783454902600, tz120
#1278907 07.07.2026 22:08:22 : EVT OHR : S:start 0x2123
#1278908 07.07.2026 22:08:22 : EVT <Unknown> : 1783454902633:Meas start 0x2123
#1278909 07.07.2026 22:08:22 : EVT <Unknown> : 1783454902643:PD1464, 0
#1278910 07.07.2026 22:08:22 : EVT <Unknown> : 1783454902703:GMV 20251126/1/4/0/395/46
#1278911 07.07.2026 22:08:22 : EVT <Unknown> : 1783454902958:Mi1.6.10, auth 0, hr_mode 0
#1278912 07.07.2026 22:08:23 : EVT <Unknown> : 1783454903210:On Skin Set.
#1278913 07.07.2026 22:08:24 : EVT OHR : No HR update, invalidate by timer
#1278914 07.07.2026 22:08:27 : ERR <Unknown> : 1783454907224:Mi invalid call:100,code:0.
#1278915 07.07.2026 22:08:27 : WRN WBAPI : eID-691468(277): /Dive/TankPressure/Alarm/Count 404
#1278916 07.07.2026 22:08:28 : EVT OHR : S:start 0x21a3
#1278917 07.07.2026 22:08:28 : EVT <Unknown> : 1783454908015:Meas start 0x21a3
#1278918 07.07.2026 22:08:33 : EVT OHR : No HR update, invalidate by timer
#1278919 07.07.2026 22:08:35 : EVT APPLICATION : Zapp zzsuunen:Load script
#1278920 07.07.2026 22:08:35 : EVT APPLICATION : Zapp zzsuunen:Enable
#1278921 07.07.2026 22:08:35 : EVT ANALYTICS : Zapp enabled i:9 h:3c4b47d n:zzsuunen v:1063
#1278922 07.07.2026 22:08:35 : EVT APPLICATION : Zapp clid:32878
#1278923 07.07.2026 22:08:36 : EVT UI_FRAMEWORK : evalFile: b:/zapp/zzsuunen.dev/ext1.js from ui
#1278924 07.07.2026 22:08:38 : EVT <Unknown> : 1783454918571:Off Skin Set.
#1278925 07.07.2026 22:08:39 : EVT <Unknown> : 1783454919572:On Skin Set.
#1278926 07.07.2026 22:08:40 : EVT OHR : new HR update
#1278927 07.07.2026 22:08:51 : EVT APPLICATION : Zapp zzsuunen:Disable
#1278928 07.07.2026 22:08:51 : EVT ANALYTICS : Zapp disabled i:9 h:3c4b47d n:Suunto Wing 2
#1278929 07.07.2026 22:08:51 : EVT <Unknown> : 1783454931446:Off Skin Set.
#1278930 07.07.2026 22:08:51 : ERR BLE : Ble:conn id not found
#1278931 07.07.2026 22:08:52 : EVT <Unknown> : 1783454932198:On Skin Set.
#1278932 07.07.2026 22:08:59 : EVT APPLICATION : Zapp zzwethen:Load script
#1278933 07.07.2026 22:08:59 : EVT APPLICATION : Zapp zzwethen:Enable
#1278934 07.07.2026 22:08:59 : EVT ANALYTICS : Zapp enabled i:8 h:3f77f8ec n:zzwethen v:ade
#1278935 07.07.2026 22:08:59 : EVT APPLICATION : Zapp clid:32878
#1278936 07.07.2026 22:09:00 : EVT SEDENTARY : stop monitoring
#1278937 07.07.2026 22:09:01 : EVT APPLICATION : Zapp zzmoveen:Load script
#1278938 07.07.2026 22:09:01 : EVT APPLICATION : Zapp zzmoveen:Enable
#1278939 07.07.2026 22:09:01 : EVT ANALYTICS : Zapp enabled i:6 h:7aac0887 n:zzmoveen v:8e0
#1278940 07.07.2026 22:09:01 : EVT UI_FRAMEWORK : evalFile: b:/zapp/zzmoveen.fea/ext1.js from ui
#1278941 07.07.2026 22:09:01 : EVT APPLICATION : Zapp clid:32879
#1278942 07.07.2026 22:09:02 : EVT APPLICATION : Zapp climbl01:Load script
#1278943 07.07.2026 22:09:02 : EVT APPLICATION : Zapp climbl01:Enable
#1278944 07.07.2026 22:09:02 : EVT ANALYTICS : Zapp enabled i:5 h:a5e7afa5 n:climbl01 v:3.0
#1278945 07.07.2026 22:09:02 : EVT APPLICATION : Zapp clid:32880
#1278946 07.07.2026 22:09:04 : EVT LOGGER : HrIbiLogger stop, off (0 ms)
#1278947 07.07.2026 22:09:04 : TRC NAVIGATION : CG: no climb WP
#1278948 07.07.2026 22:09:04 : TRC NAVIGATION : CG:init ZoomType=0
#1278949 07.07.2026 22:09:04 : EVT NAVIGATION : initSeg Idx=0 D=1 T=0 3-0-4
#1278950 07.07.2026 22:09:04 : EVT WBSTORAGE : CACHE_DEFRAG (640->1024, 24->24, 25)
#1278951 07.07.2026 22:09:04 : EVT SPEEDFUSION : INFO # IDLE mode(-1) set
#1278952 07.07.2026 22:09:04 : EVT ALTIFUSION : AltiBaroMode:2
#1278953 07.07.2026 22:09:04 : EVT APPLICATION : Zapp climbl01:Disable
#1278954 07.07.2026 22:09:04 : EVT ANALYTICS : Zapp disabled i:5 h:a5e7afa5 n:Climb Log
#1278955 07.07.2026 22:09:05 : EVT APPLICATION : Zapp zzmoveen:Disable
#1278956 07.07.2026 22:09:05 : EVT ANALYTICS : Zapp disabled i:6 h:7aac0887 n:Movement
#1278957 07.07.2026 22:09:05 : EVT UI_FRAMEWORK : evalFile: b:/zapp/zzmoveen.fea/ext2.js from ui
#1278958 07.07.2026 22:09:05 : EVT APPLICATION : Zapp zzwethen:Disable
#1278959 07.07.2026 22:09:05 : EVT ANALYTICS : Zapp disabled i:8 h:3f77f8ec n:Weather
#1278960 07.07.2026 22:09:05 : EVT SPEEDFUSION : INFO # stop speed fusion
#1278961 07.07.2026 22:09:05 : EVT <Unknown> : Update pres sampl intrvl:5
#1278962 07.07.2026 22:09:05 : EVT ANALYTICS : SleepQ:Tracking:On
#1278963 07.07.2026 22:09:05 : EVT OHR : S:start 0x2123
#1278964 07.07.2026 22:09:05 : EVT WBSTORAGE : CACHE_DEFRAG (1000->1008, 24->24, 25)
#1278965 07.07.2026 22:09:05 : EVT <Unknown> : 1783454945314:Meas start 0x2123
#1278966 07.07.2026 22:09:06 : EVT BLE : Disconn sensor:1
#1278967 07.07.2026 22:09:06 : EVT BLE : BLE Sensor Link 4800180D Disc (L-E-:00:0)
#1278968 07.07.2026 22:09:06 : WRN BLE : sendDisconnect 6157
#1278969 07.07.2026 22:09:06 : ERR BLE : [AURA]No filters left, stopping scan
#1278970 07.07.2026 22:09:07 : EVT WBSTORAGE : CACHE_DEFRAG (880->888, 24->24, 25)
#1278971 07.07.2026 22:09:07 : EVT WBSTORAGE : CACHE_DEFRAG (840->872, 24->24, 25)
#1278972 07.07.2026 22:09:07 : EVT WBSTORAGE : CACHE_DEFRAG (848->856, 24->24, 25)
#1278973 07.07.2026 22:09:07 : EVT WBSTORAGE : CACHE_DEFRAG (840->848, 24->24, 25)
#1278974 07.07.2026 22:09:07 : EVT WBSTORAGE : CACHE_DEFRAG (832->976, 24->24, 25)
#1278975 07.07.2026 22:09:07 : TRC NAVIGATION : CG: no climb WP
#1278976 07.07.2026 22:09:07 : TRC NAVIGATION : CG:init ZoomType=0
#1278977 07.07.2026 22:09:07 : EVT NAVIGATION : initSeg Idx=0 D=1 T=0 3-0-4
#1278978 07.07.2026 22:09:07 : EVT WBSTORAGE : CACHE_DEFRAG (896->944, 24->24, 25)
#1278979 07.07.2026 22:09:07 : EVT ALTIFUSION : AltiBaroMode:0
#1278980 07.07.2026 22:09:07 : EVT ALTIFUSION : Init AltiBaro
#1278981 07.07.2026 22:09:07 : EVT ANALYTICS : SleepQ:Tracking:On
#1278982 07.07.2026 22:09:07 : EVT ALTIFUSION : AltiBaroMode:0
#1278983 07.07.2026 22:09:07 : EVT ALTIFUSION : Init AltiBaro
#1278984 07.07.2026 22:09:07 : EVT WBSTORAGE : CACHE_DEFRAG (920->928, 24->24, 25)
#1278985 07.07.2026 22:09:07 : EVT UI_FRAMEWORK : JS nsto enable zapp: zzwethen
#1278986 07.07.2026 22:09:07 : EVT UI_FRAMEWORK : JS nsto enable zapp: zzmoveen
#1278987 07.07.2026 22:09:07 : EVT UI_FRAMEWORK : JS nsto enable zapp: climbl01
#1278988 07.07.2026 22:09:07 : EVT APPLICATION : Zapp zzwethen:Load script
#1278989 07.07.2026 22:09:07 : EVT APPLICATION : Zapp zzwethen:Enable
#1278990 07.07.2026 22:09:07 : EVT ANALYTICS : Zapp enabled i:8 h:3f77f8ec n:zzwethen v:ade
#1278991 07.07.2026 22:09:07 : EVT APPLICATION : Zapp clid:32878
#1278992 07.07.2026 22:09:07 : EVT APPLICATION : Zapp zzmoveen:Load script
#1278993 07.07.2026 22:09:07 : EVT APPLICATION : Zapp zzmoveen:Enable
#1278994 07.07.2026 22:09:07 : EVT ANALYTICS : Zapp enabled i:6 h:7aac0887 n:zzmoveen v:8e0
#1278995 07.07.2026 22:09:07 : EVT UI_FRAMEWORK : evalFile: b:/zapp/zzmoveen.fea/ext1.js from ui
#1278996 07.07.2026 22:09:07 : EVT APPLICATION : Zapp clid:32879
#1278997 07.07.2026 22:09:07 : EVT APPLICATION : Zapp climbl01:Load script
#1278998 07.07.2026 22:09:08 : EVT APPLICATION : Zapp climbl01:Enable
#1278999 07.07.2026 22:09:08 : EVT ANALYTICS : Zapp enabled i:5 h:a5e7afa5 n:climbl01 v:3.0
#1279000 07.07.2026 22:09:08 : EVT APPLICATION : Zapp clid:32880
#1279001 07.07.2026 22:09:08 : EVT UI_FRAMEWORK : JS nsto all zapps enabled.
#1279002 07.07.2026 22:09:08 : EVT UI_FRAMEWORK : JS Prestart Activity Id: 16.000
#1279003 07.07.2026 22:09:08 : WRN WBAPI : eID-691468(277): /Dive/Alarms/Acknowledge 404
#1279004 07.07.2026 22:09:08 : WRN WBAPI : eID-691468(277): /Dive/DiveGases 404
#1279005 07.07.2026 22:09:08 : WRN WBAPI : eID-691468(277): /Dive/Gauge/Next 404
#1279006 07.07.2026 22:09:08 : EVT WBSTORAGE : CACHE_DEFRAG (880->888, 24->24, 25)
#1279007 07.07.2026 22:09:08 : EVT WBSTORAGE : CACHE_DEFRAG (816->824, 24->24, 25)
#1279008 07.07.2026 22:09:08 : EVT WBSTORAGE : CACHE_DEFRAG (752->760, 24->24, 25)
#1279009 07.07.2026 22:09:08 : EVT BLE : BLE Sensor Link 4800180D Conn (--E-:00:1)
#1279010 07.07.2026 22:09:08 : WRN BLE : sendConnect 6157
#1279011 07.07.2026 22:09:08 : WRN WBAPI : eID-691468(277): /Dive/TankPressure/Alarm/Count 404
#1279012 07.07.2026 22:09:08 : EVT SPEEDFUSION : INFO # start speed fusion
#1279013 07.07.2026 22:09:08 : EVT SPEEDFUSION : Act:16,Acc:0,BPod:0,FPod:0,PPod:0,BeltPod:1
#1279014 07.07.2026 22:09:08 : EVT SPEEDFUSION : INFO # Start algo without wrist acc
#1279015 07.07.2026 22:09:08 : EVT <Unknown> : Update pres sampl intrvl:1
#1279016 07.07.2026 22:09:08 : EVT OHR : S:start 0x21a3
#1279017 07.07.2026 22:09:09 : EVT <Unknown> : 1783454948941:Meas start 0x21a3
#1279018 07.07.2026 22:09:12 : EVT APPLICATION : Zapp climbl01:Disable
#1279019 07.07.2026 22:09:13 : EVT ANALYTICS : Zapp disabled i:5 h:a5e7afa5 n:Climb Log
#1279020 07.07.2026 22:09:13 : EVT WBSTORAGE : CACHE_DEFRAG (680->704, 24->24, 25)
#1279021 07.07.2026 22:09:14 : EVT APPLICATION : Zapp climbl01:Load script
#1279022 07.07.2026 22:09:14 : ERR APPLICATION : Zapp:relMemCb (exec:zapp)
#1279023 07.07.2026 22:09:14 : EVT APPLICATION : Zapp zzwethen:Disable
#1279024 07.07.2026 22:09:14 : EVT ANALYTICS : Zapp disabled i:8 h:3f77f8ec n:Weather
#1279025 07.07.2026 22:09:14 : ERR APPLICATION : Zapp 3:RelMem->unload
#1279026 07.07.2026 22:09:14 : ERR APPLICATION : Zapp:relMemCb (exec:zapp)
#1279027 07.07.2026 22:09:14 : EVT APPLICATION : Zapp zzmoveen:Disable
#1279028 07.07.2026 22:09:14 : EVT ANALYTICS : Zapp disabled i:6 h:7aac0887 n:Movement
#1279029 07.07.2026 22:09:14 : ERR APPLICATION : Zapp 3:RelMem->unload
#1279030 07.07.2026 22:09:14 : ERR APPLICATION : Zapp:relMemCb (exec:zapp)
#1279031 07.07.2026 22:09:14 : ERR APPLICATION : Zapp:RelMem->None avail
#1279032 07.07.2026 22:09:14 : ERR DUKTAPE : JSalloc:2392
#1279033 07.07.2026 22:09:14 : ERR APPLICATION : Zapp:relMemCb (exec:zapp)
#1279034 07.07.2026 22:09:14 : ERR APPLICATION : Zapp:RelMem->None avail
#1279035 07.07.2026 22:09:14 : ERR DUKTAPE : JSalloc:2392
#1279036 07.07.2026 22:09:14 : ERR APPLICATION : Zapp:relMemCb (exec:zapp)
#1279037 07.07.2026 22:09:14 : ERR APPLICATION : Zapp:RelMem->None avail
#1279038 07.07.2026 22:09:14 : ERR DUKTAPE : JSalloc:2392
#1279039 07.07.2026 22:09:14 : ERR APPLICATION : Zapp:relMemCb (exec:zapp)
#1279040 07.07.2026 22:09:14 : ERR APPLICATION : Zapp:RelMem->None avail
#1279041 07.07.2026 22:09:14 : ERR DUKTAPE : JSalloc:2392
#1279042 07.07.2026 22:09:14 : ERR APPLICATION : Zapp:relMemCb (exec:zapp)
#1279043 07.07.2026 22:09:14 : ERR APPLICATION : Zapp:RelMem->None avail
#1279044 07.07.2026 22:09:14 : ERR DUKTAPE : JSalloc:2392
#1279045 07.07.2026 22:09:14 : ERR APPLICATION : Zapp:relMemCb (exec:zapp)
#1279046 07.07.2026 22:09:14 : ERR APPLICATION : Zapp:RelMem->None avail
#1279047 07.07.2026 22:09:14 : ERR DUKTAPE : JSalloc:2392
#1279048 07.07.2026 22:09:14 : ERR APPLICATION : Zapp:relMemCb (exec:zapp)
#1279049 07.07.2026 22:09:14 : ERR APPLICATION : Zapp:RelMem->None avail
#1279050 07.07.2026 22:09:14 : ERR DUKTAPE : JSalloc:2392
#1279051 07.07.2026 22:09:14 : EVT APPLICATION : Zapp climbl01:Enable
#1279052 07.07.2026 22:09:14 : EVT ANALYTICS : Zapp enabled i:5 h:a5e7afa5 n:climbl01 v:3.0
#1279053 07.07.2026 22:09:14 : ERR APPLICATION : Zapp:relMemCb (exec:zapp)
#1279054 07.07.2026 22:09:14 : ERR APPLICATION : Zapp:RelMem->None avail
#1279055 07.07.2026 22:09:14 : ERR DUKTAPE : JSalloc:2412
#1279056 07.07.2026 22:09:14 : EVT APPLICATION : Zapp clid:32880
#1279057 07.07.2026 22:09:14 : EVT OHR : S:start 0x2123
#1279058 07.07.2026 22:09:14 : EVT <Unknown> : 1783454954535:Meas start 0x2123
#1279059 07.07.2026 22:09:15 : EVT <Unknown> : 1783454955648:Off Skin Set.
#1279060 07.07.2026 22:09:16 : EVT <Unknown> : 1783454956649:On Skin Set.
#1279061 07.07.2026 22:09:17 : EVT <Unknown> : 1783454957503:Off Skin Set.
#1279062 07.07.2026 22:09:18 : EVT PMIC : VBUS state is ON
#1279063 07.07.2026 22:09:18 : EVT PMIC : chgCntl1:0x70
#1279064 07.07.2026 22:09:18 : EVT PMIC : check chgCntl1:0x74
#1279065 07.07.2026 22:09:18 : EVT PMIC : Turn charge ON since VBUS->ON
#1279066 07.07.2026 22:09:18 : EVT PMIC : PMIC temp zone:0x2
#1279067 07.07.2026 22:09:18 : EVT PMIC : PMIC Fast-charge constant cur
#1279068 07.07.2026 22:09:18 : EVT OHR : VBUS on
#1279069 07.07.2026 22:09:18 : EVT OHR : S:stop 23
#1279070 07.07.2026 22:09:18 : EVT <Unknown> : 1783454958112:Meas stop 0x2123
#1279071 07.07.2026 22:09:18 : EVT PMIC : PMIC Fast-charge constant voltage
#1279072 07.07.2026 22:09:18 : EVT PMIC : VBUS state is ON
#1279073 07.07.2026 22:09:18 : WRN <Unknown> : 1783454958112:FSM EVT STOP.
#1279074 07.07.2026 22:09:18 : EVT OHR : S:OFF 1->0
#1279075 07.07.2026 22:09:18 : EVT BLE : lt,scan 1
#1279076 07.07.2026 22:09:18 : WRN BLE : sendDisconnect 6157
#1279077 07.07.2026 22:09:18 : ERR BLE : [AURA]No filters left, stopping scan
#1279078 07.07.2026 22:09:18 : ERR BLE : [AURA]Filter with handle 72 not found
#1279079 07.07.2026 22:09:18 : EVT BLE : packet 0 sensor found count 1
#1279080 07.07.2026 22:09:18 : EVT BLE : packet 0 sensor found count 2
#1279081 07.07.2026 22:09:18 : EVT PMIC : PMIC temp zone:0x7
#1279082 07.07.2026 22:09:18 : EVT PMIC : VBUS state is OFF
#1279083 07.07.2026 22:09:18 : EVT PMIC : Turn charge OFF since VBUS->OFF
#1279084 07.07.2026 22:09:18 : EVT OHR : VBUS off
#1279085 07.07.2026 22:09:18 : EVT OHR : S:ON 0->1
#1279086 07.07.2026 22:09:19 : EVT OHR : APPINIT:caps 0x1f4, 6b738616
#1279087 07.07.2026 22:09:19 : EVT <Unknown> : 1783454959124:AI@1783454959100, tz120
#1279088 07.07.2026 22:09:19 : EVT OHR : S:start 0x2123
#1279089 07.07.2026 22:09:19 : EVT <Unknown> : 1783454959129:Meas start 0x2123
#1279090 07.07.2026 22:09:19 : EVT <Unknown> : 1783454959140:PD1464, 0
#1279091 07.07.2026 22:09:19 : EVT <Unknown> : 1783454959201:GMV 20251126/1/4/0/395/46
#1279092 07.07.2026 22:09:19 : EVT <Unknown> : 1783454959455:Mi1.6.10, auth 0, hr_mode 0
#1279093 07.07.2026 22:09:20 : EVT <Unknown> : 1783454959706:On Skin Set.
#1279094 07.07.2026 22:09:22 : WRN WBAPI : eID-691468(277): /Dive/TankPressure/Alarm/Count 404
#1279095 07.07.2026 22:09:22 : EVT OHR : S:start 0x21a3
#1279096 07.07.2026 22:09:22 : EVT OHR : No HR update, invalidate by timer
#1279097 07.07.2026 22:09:22 : EVT ANALYTICS : #FusHr src:2 time:14188
#1279098 07.07.2026 22:09:23 : EVT <Unknown> : 1783454962575:Meas start 0x21a3
#1279099 07.07.2026 22:09:24 : EVT LOGGER : HrIbiLogger stop, off (0 ms)
#1279100 07.07.2026 22:09:24 : EVT WBSTORAGE : CACHE_DEFRAG (640->784, 24->24, 25)
#1279101 07.07.2026 22:09:24 : EVT WBSTORAGE : CACHE_DEFRAG (768->776, 24->24, 25)
#1279102 07.07.2026 22:09:24 : TRC NAVIGATION : CG: no climb WP
#1279103 07.07.2026 22:09:24 : TRC NAVIGATION : CG:init ZoomType=0
#1279104 07.07.2026 22:09:24 : EVT NAVIGATION : initSeg Idx=0 D=1 T=0 3-0-4
#1279105 07.07.2026 22:09:24 : EVT WBSTORAGE : CACHE_DEFRAG (760->1024, 24->24, 25)
#1279106 07.07.2026 22:09:24 : EVT SPEEDFUSION : INFO # IDLE mode(-1) set
#1279107 07.07.2026 22:09:24 : EVT ALTIFUSION : AltiBaroMode:2
#1279108 07.07.2026 22:09:24 : EVT APPLICATION : Zapp climbl01:Disable
#1279109 07.07.2026 22:09:24 : EVT ANALYTICS : Zapp disabled i:5 h:a5e7afa5 n:Climb Log
#1279110 07.07.2026 22:09:24 : ERR <Unknown> : 1783454963784:Mi invalid call:100,code:0.
#1279111 07.07.2026 22:09:24 : EVT SPEEDFUSION : INFO # stop speed fusion
#1279112 07.07.2026 22:09:24 : EVT <Unknown> : Update pres sampl intrvl:5
#1279113 07.07.2026 22:09:24 : EVT ANALYTICS : SleepQ:Tracking:On
#1279114 07.07.2026 22:09:24 : EVT OHR : S:start 0x2123
#1279115 07.07.2026 22:09:24 : EVT WBSTORAGE : CACHE_DEFRAG (1000->1008, 24->24, 25)
#1279116 07.07.2026 22:09:25 : EVT WBSTORAGE : CACHE_DEFRAG (880->888, 24->24, 25)
#1279117 07.07.2026 22:09:25 : EVT <Unknown> : 1783454964343:Meas start 0x2123
#1279118 07.07.2026 22:09:25 : EVT WBSTORAGE : CACHE_DEFRAG (848->888, 24->24, 25)
#1279119 07.07.2026 22:09:25 : EVT WBSTORAGE : CACHE_DEFRAG (864->872, 24->24, 25)
#1279120 07.07.2026 22:09:25 : EVT WBSTORAGE : CACHE_DEFRAG (856->864, 24->24, 25)
#1279121 07.07.2026 22:09:25 : EVT WBSTORAGE : CACHE_DEFRAG (848->856, 24->24, 25)
#1279122 07.07.2026 22:09:25 : TRC NAVIGATION : CG: no climb WP
#1279123 07.07.2026 22:09:25 : TRC NAVIGATION : CG:init ZoomType=0
#1279124 07.07.2026 22:09:25 : EVT NAVIGATION : initSeg Idx=0 D=1 T=0 3-0-4
#1279125 07.07.2026 22:09:25 : EVT WBSTORAGE : CACHE_DEFRAG (840->944, 24->24, 25)
#1279126 07.07.2026 22:09:25 : EVT ALTIFUSION : AltiBaroMode:0
#1279127 07.07.2026 22:09:25 : EVT ALTIFUSION : Init AltiBaro
#1279128 07.07.2026 22:09:25 : EVT BLE : Disconn sensor:1
#1279129 07.07.2026 22:09:25 : EVT BLE : BLE Sensor Link 4800180D Disc (L-E-:00:0)
#1279130 07.07.2026 22:09:25 : WRN BLE : sendDisconnect 6157
#1279131 07.07.2026 22:09:25 : ERR BLE : [AURA]No filters left, stopping scan
#1279132 07.07.2026 22:09:25 : EVT ANALYTICS : SleepQ:Tracking:On
#1279133 07.07.2026 22:09:25 : EVT ALTIFUSION : AltiBaroMode:0
#1279134 07.07.2026 22:09:25 : EVT ALTIFUSION : Init AltiBaro
#1279135 07.07.2026 22:09:25 : EVT WBSTORAGE : CACHE_DEFRAG (920->928, 24->24, 25)
#1279136 07.07.2026 22:09:25 : EVT UI_FRAMEWORK : JS nsto enable zapp: zzwethen
#1279137 07.07.2026 22:09:25 : EVT UI_FRAMEWORK : JS nsto enable zapp: zzmoveen
#1279138 07.07.2026 22:09:25 : EVT APPLICATION : Zapp zzwethen:Load script
#1279139 07.07.2026 22:09:25 : EVT APPLICATION : Zapp zzwethen:Enable
#1279140 07.07.2026 22:09:25 : EVT ANALYTICS : Zapp enabled i:8 h:3f77f8ec n:zzwethen v:ade
#1279141 07.07.2026 22:09:25 : EVT APPLICATION : Zapp clid:32878
#1279142 07.07.2026 22:09:25 : EVT APPLICATION : Zapp zzmoveen:Load script
#1279143 07.07.2026 22:09:25 : EVT APPLICATION : Zapp zzmoveen:Enable
#1279144 07.07.2026 22:09:25 : EVT ANALYTICS : Zapp enabled i:6 h:7aac0887 n:zzmoveen v:8e0
#1279145 07.07.2026 22:09:25 : EVT UI_FRAMEWORK : evalFile: b:/zapp/zzmoveen.fea/ext1.js from ui
#1279146 07.07.2026 22:09:25 : EVT APPLICATION : Zapp clid:32879
#1279147 07.07.2026 22:09:25 : EVT UI_FRAMEWORK : JS nsto all zapps enabled.
#1279148 07.07.2026 22:09:25 : EVT UI_FRAMEWORK : JS Prestart Activity Id: 16.000
#1279149 07.07.2026 22:09:25 : WRN WBAPI : eID-691468(277): /Dive/Alarms/Acknowledge 404
#1279150 07.07.2026 22:09:25 : WRN WBAPI : eID-691468(277): /Dive/DiveGases 404
#1279151 07.07.2026 22:09:25 : WRN WBAPI : eID-691468(277): /Dive/Gauge/Next 404
#1279152 07.07.2026 22:09:25 : EVT WBSTORAGE : CACHE_DEFRAG (888->896, 24->24, 25)
#1279153 07.07.2026 22:09:25 : EVT WBSTORAGE : CACHE_DEFRAG (824->832, 24->24, 25)
#1279154 07.07.2026 22:09:25 : EVT WBSTORAGE : CACHE_DEFRAG (760->768, 24->24, 25)
#1279155 07.07.2026 22:09:26 : EVT BLE : BLE Sensor Link 4800180D Conn (--E-:00:1)
#1279156 07.07.2026 22:09:26 : WRN BLE : sendConnect 6157
#1279157 07.07.2026 22:09:26 : WRN WBAPI : eID-691468(277): /Dive/TankPressure/Alarm/Count 404
#1279158 07.07.2026 22:09:26 : EVT SPEEDFUSION : INFO # start speed fusion
#1279159 07.07.2026 22:09:26 : EVT SPEEDFUSION : Act:16,Acc:0,BPod:0,FPod:0,PPod:0,BeltPod:1
#1279160 07.07.2026 22:09:26 : EVT SPEEDFUSION : INFO # Start algo without wrist acc
#1279161 07.07.2026 22:09:26 : EVT <Unknown> : Update pres sampl intrvl:1
#1279162 07.07.2026 22:09:26 : EVT OHR : S:start 0x21a3
#1279163 07.07.2026 22:09:27 : EVT <Unknown> : 1783454966636:Meas start 0x21a3
#1279164 07.07.2026 22:09:29 : EVT OHR : No HR update, invalidate by timer
#1279165 07.07.2026 22:09:31 : EVT OHR : new HR update
#1279166 07.07.2026 22:09:32 : EVT APPLICATION : Zapp climbl01:Load script
#1279167 07.07.2026 22:09:32 : EVT APPLICATION : Zapp climbl01:Enable
#1279168 07.07.2026 22:09:32 : EVT ANALYTICS : Zapp enabled i:5 h:a5e7afa5 n:climbl01 v:3.0
#1279169 07.07.2026 22:09:32 : EVT APPLICATION : Zapp clid:32880
#1279170 07.07.2026 22:09:32 : EVT WBSTORAGE : CACHE_DEFRAG (688->712, 24->24, 25)
#1279171 07.07.2026 22:09:32 : EVT WBSTORAGE : CACHE_DEFRAG (648->688, 25->24, 25)
#1279172 07.07.2026 22:09:34 : EVT LOGGER : HrIbiLogger stop, off (0 ms)
#1279173 07.07.2026 22:09:34 : EVT WBSTORAGE : CACHE_DEFRAG (640->920, 24->24, 25)
#1279174 07.07.2026 22:09:34 : TRC NAVIGATION : CG: no climb WP
#1279175 07.07.2026 22:09:34 : TRC NAVIGATION : CG:init ZoomType=0
#1279176 07.07.2026 22:09:34 : EVT NAVIGATION : initSeg Idx=0 D=1 T=0 3-0-4
#1279177 07.07.2026 22:09:34 : EVT WBSTORAGE : CACHE_DEFRAG (904->1024, 24->24, 25)
#1279178 07.07.2026 22:09:34 : EVT SPEEDFUSION : INFO # IDLE mode(-1) set
#1279179 07.07.2026 22:09:34 : EVT ALTIFUSION : AltiBaroMode:2
#1279180 07.07.2026 22:09:34 : EVT APPLICATION : Zapp climbl01:Disable
#1279181 07.07.2026 22:09:34 : EVT ANALYTICS : Zapp disabled i:5 h:a5e7afa5 n:Climb Log
#1279182 07.07.2026 22:09:34 : EVT APPLICATION : Zapp zzmoveen:Disable
#1279183 07.07.2026 22:09:34 : EVT ANALYTICS : Zapp disabled i:6 h:7aac0887 n:Movement
#1279184 07.07.2026 22:09:34 : EVT UI_FRAMEWORK : evalFile: b:/zapp/zzmoveen.fea/ext2.js from ui
#1279185 07.07.2026 22:09:34 : EVT APPLICATION : Zapp zzwethen:Disable
#1279186 07.07.2026 22:09:34 : EVT ANALYTICS : Zapp disabled i:8 h:3f77f8ec n:Weather
#1279187 07.07.2026 22:09:34 : EVT SPEEDFUSION : INFO # stop speed fusion
#1279188 07.07.2026 22:09:34 : EVT <Unknown> : Update pres sampl intrvl:5
#1279189 07.07.2026 22:09:34 : EVT ANALYTICS : SleepQ:Tracking:On
#1279190 07.07.2026 22:09:34 : EVT OHR : S:start 0x2123
#1279191 07.07.2026 22:09:34 : EVT WBSTORAGE : CACHE_DEFRAG (1000->1008, 24->24, 25)
#1279192 07.07.2026 22:09:35 : EVT WBSTORAGE : CACHE_DEFRAG (880->888, 24->24, 25)
#1279193 07.07.2026 22:09:35 : EVT <Unknown> : 1783454974528:Meas start 0x2123
#1279194 07.07.2026 22:09:35 : EVT WBSTORAGE : CACHE_DEFRAG (840->872, 24->24, 25)
#1279195 07.07.2026 22:09:35 : EVT WBSTORAGE : CACHE_DEFRAG (848->856, 24->24, 25)
#1279196 07.07.2026 22:09:35 : EVT WBSTORAGE : CACHE_DEFRAG (840->848, 24->24, 25)
#1279197 07.07.2026 22:09:35 : TRC NAVIGATION : CG: no climb WP
#1279198 07.07.2026 22:09:35 : TRC NAVIGATION : CG:init ZoomType=0
#1279199 07.07.2026 22:09:35 : EVT NAVIGATION : initSeg Idx=0 D=1 T=0 3-0-4
#1279200 07.07.2026 22:09:35 : EVT WBSTORAGE : CACHE_DEFRAG (832->944, 24->24, 25)
#1279201 07.07.2026 22:09:35 : EVT ALTIFUSION : AltiBaroMode:0
#1279202 07.07.2026 22:09:35 : EVT ALTIFUSION : Init AltiBaro
#1279203 07.07.2026 22:09:35 : EVT BLE : Disconn sensor:1
#1279204 07.07.2026 22:09:35 : EVT BLE : BLE Sensor Link 4800180D Disc (L-E-:00:0)
#1279205 07.07.2026 22:09:35 : WRN BLE : sendDisconnect 6157
#1279206 07.07.2026 22:09:35 : ERR BLE : [AURA]No filters left, stopping scan
#1279207 07.07.2026 22:09:35 : ERR BLE : [AURA]Filter with handle 72 not found
#1279208 07.07.2026 22:09:35 : EVT ANALYTICS : SleepQ:Tracking:On
#1279209 07.07.2026 22:09:35 : EVT ALTIFUSION : AltiBaroMode:0
#1279210 07.07.2026 22:09:35 : EVT ALTIFUSION : Init AltiBaro
#1279211 07.07.2026 22:09:35 : EVT WBSTORAGE : CACHE_DEFRAG (920->928, 24->24, 25)
#1279212 07.07.2026 22:09:35 : EVT UI_FRAMEWORK : JS nsto enable zapp: zzwethen
#1279213 07.07.2026 22:09:35 : EVT UI_FRAMEWORK : JS nsto enable zapp: zzmoveen
#1279214 07.07.2026 22:09:35 : EVT UI_FRAMEWORK : JS nsto enable zapp: climbl01
#1279215 07.07.2026 22:09:35 : EVT APPLICATION : Zapp zzwethen:Load script
#1279216 07.07.2026 22:09:35 : EVT APPLICATION : Zapp zzwethen:Enable
#1279217 07.07.2026 22:09:35 : EVT ANALYTICS : Zapp enabled i:8 h:3f77f8ec n:zzwethen v:ade
#1279218 07.07.2026 22:09:35 : EVT APPLICATION : Zapp clid:32878
#1279219 07.07.2026 22:09:35 : EVT APPLICATION : Zapp zzmoveen:Load script
#1279220 07.07.2026 22:09:35 : EVT APPLICATION : Zapp zzmoveen:Enable
#1279221 07.07.2026 22:09:36 : EVT ANALYTICS : Zapp enabled i:6 h:7aac0887 n:zzmoveen v:8e0
#1279222 07.07.2026 22:09:36 : EVT UI_FRAMEWORK : evalFile: b:/zapp/zzmoveen.fea/ext1.js from ui
#1279223 07.07.2026 22:09:36 : EVT APPLICATION : Zapp clid:32879
#1279224 07.07.2026 22:09:36 : EVT APPLICATION : Zapp climbl01:Load script
#1279225 07.07.2026 22:09:36 : EVT APPLICATION : Zapp climbl01:Enable
#1279226 07.07.2026 22:09:36 : EVT ANALYTICS : Zapp enabled i:5 h:a5e7afa5 n:climbl01 v:3.0
#1279227 07.07.2026 22:09:36 : EVT APPLICATION : Zapp clid:32880
#1279228 07.07.2026 22:09:36 : ERR WBMAIN : *0: app 534 Event 37 80995318
#1279229 07.07.2026 22:09:36 : EVT UI_FRAMEWORK : JS nsto all zapps enabled.
#1279230 07.07.2026 22:09:36 : ERR WBMAIN : 1: mea 20 Wait 0 00000000
#1279231 07.07.2026 22:09:36 : ERR WBMAIN : 2: ui 25 Wait 0 00000000
#1279232 07.07.2026 22:09:36 : EVT UI_FRAMEWORK : JS Prestart Activity Id: 16.000
#1279233 07.07.2026 22:09:36 : WRN WBAPI : eID-691468(277): /Dive/Alarms/Acknowledge 404
#1279234 07.07.2026 22:09:36 : WRN WBAPI : eID-691468(277): /Dive/DiveGases 404
#1279235 07.07.2026 22:09:36 : EVT WBSTORAGE : CACHE_DEFRAG (880->888, 24->24, 25)
#1279236 07.07.2026 22:09:36 : WRN WBAPI : eID-691468(277): /Dive/Gauge/Next 404
#1279237 07.07.2026 22:09:36 : EVT WBSTORAGE : CACHE_DEFRAG (816->824, 24->24, 25)
#1279238 07.07.2026 22:09:36 : EVT BLE : lt,scan 1
#1279239 07.07.2026 22:09:36 : WRN BLE : sendDisconnect 6157
#1279240 07.07.2026 22:09:36 : ERR BLE : [AURA]Filter with handle 72 not found
#1279241 07.07.2026 22:09:36 : EVT BLE : packet 0 sensor found count 1
#1279242 07.07.2026 22:09:36 : EVT BLE : packet 0 sensor found count 2
#1279243 07.07.2026 22:09:36 : EVT WBSTORAGE : CACHE_DEFRAG (752->760, 24->24, 25)
#1279244 07.07.2026 22:09:36 : EVT BLE : BLE Sensor Link 4800180D Conn (--E-:00:1)
#1279245 07.07.2026 22:09:36 : WRN BLE : sendConnect 6157
#1279246 07.07.2026 22:09:37 : WRN WBAPI : eID-691468(277): /Dive/TankPressure/Alarm/Count 404
#1279247 07.07.2026 22:09:37 : EVT SPEEDFUSION : INFO # start speed fusion
#1279248 07.07.2026 22:09:37 : EVT SPEEDFUSION : Act:16,Acc:0,BPod:0,FPod:0,PPod:0,BeltPod:1
#1279249 07.07.2026 22:09:37 : EVT SPEEDFUSION : INFO # Start algo without wrist acc
#1279250 07.07.2026 22:09:37 : EVT <Unknown> : Update pres sampl intrvl:1
#1279251 07.07.2026 22:09:37 : EVT OHR : S:start 0x21a3
#1279252 07.07.2026 22:09:37 : EVT <Unknown> : 1783454977170:Meas start 0x21a3
#1279253 07.07.2026 22:09:37 : ERR BLE : [AURA]No filters left, stopping scan
#1279254 07.07.2026 22:09:37 : EVT TRAININGLAB : TLab:~Mode T 24681 + 21 A 7480 + 0
#1279255 07.07.2026 22:09:37 : EVT TRAININGLAB : TLab:Change mode 2->3
#1279256 07.07.2026 22:09:37 : EVT TRAININGLAB : TLab:Mode::userInfo 60, 200, 1, 37, 182, 950, 1990
#1279257 07.07.2026 22:09:37 : EVT LOGGER : Log space:30330755 bytes free
#1279258 07.07.2026 22:09:37 : EVT TRAININGLAB : ModeUnsub:2800
#1279259 07.07.2026 22:09:37 : EVT TRAININGLAB : ModeSub:9004
#1279260 07.07.2026 22:09:37 : EVT TRAININGLAB : TLab:Select input 0
#1279261 07.07.2026 22:09:37 : EVT TRAININGLAB : TLab:Active input 0
#1279262 07.07.2026 22:09:37 : EVT LOGGER : Exercise started
#1279263 07.07.2026 22:09:37 : EVT BLE : HR RR on (90902646)
#1279264 07.07.2026 22:09:37 : TRC GPS : Full GNSS data subd l:0 c:802b0000
#1279265 07.07.2026 22:09:39 : EVT LOGGER : Exercise paused
#1279266 07.07.2026 22:09:39 : WRN WBAPI : eID-691468(277): /Dive/Alarms/Acknowledge 404
#1279267 07.07.2026 22:09:39 : WRN WBAPI : eID-691468(277): /Dive/DiveGases 404
#1279268 07.07.2026 22:09:39 : WRN WBAPI : eID-691468(277): /Dive/Gauge/Next 404
#1279269 07.07.2026 22:09:39 : EVT ANALYTICS : Battery-> 3 soc:96
#1279270 07.07.2026 22:09:39 : EVT ANALYTICS : #FusHr src:0 time:0
#1279271 07.07.2026 22:09:39 : EVT ANALYTICS : #Act id:16
#1279272 07.07.2026 22:09:39 : EVT ANALYTICS : #powersave mode:p temp:32.7
#1279273 07.07.2026 22:09:39 : EVT ANALYTICS : GPSMODE:NOTUSED
#1279274 07.07.2026 22:09:39 : EVT ANALYTICS : #gnss d:2026-07-07T00:00:00Z
#1279275 07.07.2026 22:09:39 : EVT ANALYTICS : #zapp n:Weather e:1
#1279276 07.07.2026 22:09:39 : EVT ANALYTICS : #zapp n:Movement e:1
#1279277 07.07.2026 22:09:39 : EVT ANALYTICS : #zapp n:Climb Log e:1
#1279278 07.07.2026 22:09:42 : EVT APPLICATION : Zapp climbl01:Disable
#1279279 07.07.2026 22:09:42 : EVT ANALYTICS : Zapp disabled i:5 h:a5e7afa5 n:Climb Log
#1279280 07.07.2026 22:09:42 : EVT APPLICATION : Zapp zzmoveen:Disable
#1279281 07.07.2026 22:09:42 : EVT ANALYTICS : Zapp disabled i:6 h:7aac0887 n:Movement
#1279282 07.07.2026 22:09:42 : EVT UI_FRAMEWORK : evalFile: b:/zapp/zzmoveen.fea/ext2.js from ui
#1279283 07.07.2026 22:09:42 : EVT APPLICATION : Zapp zzwethen:Disable
#1279284 07.07.2026 22:09:42 : EVT ANALYTICS : Zapp disabled i:8 h:3f77f8ec n:Weather
#1279285 07.07.2026 22:09:42 : EVT UI_FRAMEWORK : JS discard disable zapps
#1279286 07.07.2026 22:09:42 : EVT UI_FRAMEWORK : JS will discard
#1279287 07.07.2026 22:09:42 : EVT SPEEDFUSION : INFO # stop speed fusion
#1279288 07.07.2026 22:09:42 : EVT <Unknown> : Update pres sampl intrvl:5
#1279289 07.07.2026 22:09:42 : WRN APPLICATION : discard hrr meas l:3 d:0 sh:0 mh:0 v:0
#1279290 07.07.2026 22:09:42 : EVT TRAININGZONE : User Define Mode:5
#1279291 07.07.2026 22:09:42 : EVT TRAININGZONE : Tss HR:0.03
#1279292 07.07.2026 22:09:42 : EVT TRAININGZONE : A:16,Tss:[-200.00,-200.00,-200.00,0.03]
#1279293 07.07.2026 22:09:42 : EVT TRAININGLAB : AppFeature Vo2Max 0.000000
#1279294 07.07.2026 22:09:42 : EVT TRAININGLAB : TLab:~Mode T 24702 + 1 A 7480 + 0
#1279295 07.07.2026 22:09:42 : EVT TRAININGLAB : TLab:Change mode 3->2
#1279296 07.07.2026 22:09:42 : EVT TRAININGLAB : TLab:Mode::userInfo 60, 200, 1, 37, 182, 950, 1990
#1279297 07.07.2026 22:09:42 : EVT LOGGER : LGR 934, 80
#1279298 07.07.2026 22:09:42 : EVT TRAININGLAB : ModeUnsub:91C5
#1279299 07.07.2026 22:09:42 : EVT OHR : S:start 0x2123
#1279300 07.07.2026 22:09:42 : EVT TRAININGLAB : ModeSub:0400
#1279301 07.07.2026 22:09:42 : EVT ANALYTICS : WAOae:Activity WAOae:16
#1279302 07.07.2026 22:09:42 : EVT ANALYTICS : WAOae:TotalAcc WAOae:0,0,0
#1279303 07.07.2026 22:09:42 : EVT ANALYTICS : WAOae:AccCount WAOae:0,0,0
#1279304 07.07.2026 22:09:42 : EVT ANALYTICS : WAOae:Distance WAOae:0,0,0
#1279305 07.07.2026 22:09:42 : EVT ANALYTICS : WAOae:Duration WAOae:0,0,0
#1279306 07.07.2026 22:09:42 : EVT ANALYTICS : WAOae:Coeff WAOae:0,40,240,390,773,7524,7624
#1279307 07.07.2026 22:09:42 : EVT LOGGER : Exercise stopped
#1279308 07.07.2026 22:09:42 : EVT BLE : HR RR off (90907599, 4953 ms missing)
#1279309 07.07.2026 22:09:42 : EVT BLE : HR RR done
#1279310 07.07.2026 22:09:42 : EVT LOGGER : HrIbiLogger stop, off (0 ms)
#1279311 07.07.2026 22:09:42 : EVT LOGGER : HrIbiLogger stopped (0 ms)
#1279312 07.07.2026 22:09:42 : TRC GPS : Unsubd c:802b0000
#1279313 07.07.2026 22:09:42 : EVT LOGGER : LGR 934, 80
#1279314 07.07.2026 22:09:42 : EVT ANALYTICS : SleepQ:Tracking:On
#1279315 07.07.2026 22:09:42 : EVT LOGGER : Wr dpc on
#1279316 07.07.2026 22:09:42 : EVT LOGGER : LGR 20993, 56
#1279317 07.07.2026 22:09:43 : EVT WBSTORAGE : CACHE_DEFRAG (680->952, 24->24, 25)
#1279318 07.07.2026 22:09:43 : EVT WBSTORAGE : CACHE_DEFRAG (936->944, 24->24, 25)
#1279319 07.07.2026 22:09:43 : TRC NAVIGATION : CG: no climb WP
#1279320 07.07.2026 22:09:43 : TRC NAVIGATION : CG:init ZoomType=0
#1279321 07.07.2026 22:09:43 : EVT NAVIGATION : initSeg Idx=0 D=1 T=0 3-0-4
#1279322 07.07.2026 22:09:43 : EVT WBSTORAGE : CACHE_DEFRAG (928->1024, 24->24, 25)
#1279323 07.07.2026 22:09:43 : EVT SPEEDFUSION : INFO # IDLE mode(-1) set
#1279324 07.07.2026 22:09:43 : EVT ALTIFUSION : AltiBaroMode:2
#1279325 07.07.2026 22:09:43 : EVT <Unknown> : 1783454982566:Meas start 0x2123
#1279326 07.07.2026 22:09:43 : EVT BLE : Disconn sensor:1
#1279327 07.07.2026 22:09:43 : EVT BLE : BLE Sensor Link 4800180D Disc (L-E-:00:0)
#1279328 07.07.2026 22:09:43 : WRN BLE : sendDisconnect 6157
#1279329 07.07.2026 22:09:43 : ERR BLE : [AURA]No filters left, stopping scan
#1279330 07.07.2026 22:09:43 : ERR BLE : [AURA]Filter with handle 72 not found
#1279331 07.07.2026 22:09:44 : EVT ANALYTICS : #powersave mode:p temp:32.7
#1279332 07.07.2026 22:09:44 : EVT ANALYTICS : Battery-> 4 soc:96
#1279333 07.07.2026 22:09:45 : EVT <Unknown> : 1783454984759:Off Skin Set.
#1279334 07.07.2026 22:09:46 : EVT UI_FRAMEWORK : JS discard
#1279335 07.07.2026 22:09:46 : WRN LOGGER : Delete b:logs/6A4D5D01
#1279336 07.07.2026 22:09:46 : EVT <Unknown> : 1783454985761:On Skin Set.
#1279337 07.07.2026 22:09:46 : EVT WBSTORAGE : CACHE_DEFRAG (1000->1008, 24->24, 25)
#1279338 07.07.2026 22:09:46 : EVT WBSTORAGE : CACHE_DEFRAG (936->944, 24->24, 25)
#1279339 07.07.2026 22:09:46 : EVT BLE : lt,scan 1
#1279340 07.07.2026 22:09:46 : WRN BLE : sendDisconnect 6157
#1279341 07.07.2026 22:09:46 : ERR BLE : [AURA]Filter with handle 72 not found
#1279342 07.07.2026 22:09:46 : EVT BLE : packet 0 sensor found count 1
#1279343 07.07.2026 22:09:47 : EVT BLE : packet 0 sensor found count 2
#1279344 07.07.2026 22:09:47 : EVT <Unknown> : 1783454987073:Off Skin Set.
#1279345 07.07.2026 22:09:48 : EVT WBSTORAGE : CACHE_DEFRAG (872->880, 24->24, 25)
#1279346 07.07.2026 22:09:48 : EVT APPLICATION : Zapp zwc05901:Load script
#1279347 07.07.2026 22:09:48 : EVT APPLICATION : Zapp zwc05901:Enable
#1279348 07.07.2026 22:09:48 : EVT ANALYTICS : Zapp enabled i:3 h:ddb248f2 n:zwc05901 v:124f
#1279349 07.07.2026 22:09:48 : WRN WBAPI : eID-691468(277): /Weather/Current/ValidWeatherData.temp 
#1279350 07.07.2026 22:09:51 : EVT PMIC : VBUS state is ON
#1279351 07.07.2026 22:09:51 : EVT PMIC : chgCntl1:0x70
#1279352 07.07.2026 22:09:51 : EVT PMIC : check chgCntl1:0x74
#1279353 07.07.2026 22:09:51 : EVT PMIC : Turn charge ON since VBUS->ON
#1279354 07.07.2026 22:09:51 : EVT PMIC : PMIC temp zone:0x2
#1279355 07.07.2026 22:09:51 : EVT PMIC : PMIC Fast-charge constant cur
#1279356 07.07.2026 22:09:51 : EVT OHR : VBUS on
#1279357 07.07.2026 22:09:51 : EVT OHR : S:stop 23
#1279358 07.07.2026 22:09:51 : EVT <Unknown> : 1783454991228:Meas stop 0x2123
#1279359 07.07.2026 22:09:51 : EVT PMIC : PMIC Fast-charge constant voltage
#1279360 07.07.2026 22:09:51 : WRN <Unknown> : 1783454991228:FSM EVT STOP.
#1279361 07.07.2026 22:09:51 : EVT OHR : S:OFF 1->0
#1279362 07.07.2026 22:09:51 : EVT PMIC : VBUS state is ON
#1279363 07.07.2026 22:09:51 : EVT OHR : No HR update, invalidate by timer
#1279364 07.07.2026 22:09:53 : TRC FUEL_GAUGE : Chg->1,B:5,C:3.8,V:4391,U:1,bF:96%,bC:96%
#1279365 07.07.2026 22:09:53 : EVT ANALYTICS : Battery-> 2 soc:96
#1279366 07.07.2026 22:09:54 : EVT PMIC : PMIC temp zone:0x7
#1279367 07.07.2026 22:09:54 : EVT PMIC : VBUS state is OFF
#1279368 07.07.2026 22:09:54 : EVT PMIC : Turn charge OFF since VBUS->OFF
#1279369 07.07.2026 22:09:54 : TRC FUEL_GAUGE : Chg->0,B:5,C:17.7,V:4391,U:0,bF:96%,bC:96%
#1279370 07.07.2026 22:09:54 : EVT OHR : VBUS off
#1279371 07.07.2026 22:09:54 : EVT OHR : S:ON 0->1
#1279372 07.07.2026 22:09:55 : EVT ANALYTICS : Battery-> 1 soc:96
#1279373 07.07.2026 22:09:55 : EVT OHR : APPINIT:caps 0x1f4, 6b738616
#1279374 07.07.2026 22:09:55 : EVT <Unknown> : 1783454995264:AI@1783454995240, tz120
#1279375 07.07.2026 22:09:55 : EVT OHR : S:start 0x2123
#1279376 07.07.2026 22:09:55 : EVT <Unknown> : 1783454995270:Meas start 0x2123
#1279377 07.07.2026 22:09:55 : EVT <Unknown> : 1783454995284:PD1464, 0
#1279378 07.07.2026 22:09:55 : EVT <Unknown> : 1783454995343:GMV 20251126/1/4/0/395/46
#1279379 07.07.2026 22:09:55 : EVT <Unknown> : 1783454995613:Mi1.6.10, auth 0, hr_mode 0
#1279380 07.07.2026 22:09:55 : EVT PMIC : VBUS state is ON
#1279381 07.07.2026 22:09:55 : EVT PMIC : chgCntl1:0x70
#1279382 07.07.2026 22:09:55 : EVT PMIC : check chgCntl1:0x74
#1279383 07.07.2026 22:09:55 : EVT PMIC : Turn charge ON since VBUS->ON
#1279384 07.07.2026 22:09:55 : ERR WR_MAGN : TLI493D-W2BW (FF=1 PD0=0)
#1279385 07.07.2026 22:09:55 : ERR WR_MAGN : WRMAGN:measure
#1279386 07.07.2026 22:09:55 : TRC FUEL_GAUGE : Chg->1,B:5,C:15.5,V:4391,U:1,bF:96%,bC:96%
#1279387 07.07.2026 22:09:55 : EVT PMIC : PMIC temp zone:0x2
#1279388 07.07.2026 22:09:55 : EVT PMIC : PMIC Fast-charge constant cur
#1279389 07.07.2026 22:09:55 : EVT PMIC : PMIC Fast-charge constant voltage
#1279390 07.07.2026 22:09:55 : EVT OHR : VBUS on
#1279391 07.07.2026 22:09:55 : EVT OHR : S:stop 23
#1279392 07.07.2026 22:09:55 : EVT ANALYTICS : Battery-> 2 soc:96
#1279393 07.07.2026 22:09:55 : EVT <Unknown> : 1783454995898:Meas stop 0x2123
#1279394 07.07.2026 22:09:55 : EVT PMIC : VBUS state is ON
#1279395 07.07.2026 22:09:55 : WRN <Unknown> : 1783454995899:FSM EVT STOP.
#1279396 07.07.2026 22:09:55 : EVT OHR : S:OFF 1->0
#1279397 07.07.2026 22:10:00 : EVT SEDENTARY : stop monitoring
#1279398 07.07.2026 22:10:02 : EVT WBCOMM : P-9 connection made to ECSD00000000
#1279399 07.07.2026 22:10:02 : EVT WBCOMM : New Route: ECSD00000000
#1279400 07.07.2026 22:10:05 : ERR WBMAIN : *0: app 731 Event 36 80005310
#1279401 07.07.2026 22:10:05 : ERR WBMAIN : 1: mea 88 Wait 0 00000000
#1279402 07.07.2026 22:10:05 : ERR WBMAIN : 2: ui 88 Wait 0 00000000
#1279403 07.07.2026 22:10:05 : EVT ANALYTICS : Sync start
#1279404 07.07.2026 22:10:06 : EVT ANALYTICS : Sync start
#1279405 07.07.2026 22:10:10 : EVT WBSTORAGE : CACHE_DEFRAG (752->760, 24->24, 25)
#1279406 07.07.2026 22:10:10 : EVT WBSTORAGE : CACHE_DEFRAG (728->736, 24->24, 25)
#1279407 07.07.2026 22:10:10 : EVT <Unknown> : DL Region List
#1279408 07.07.2026 22:10:10 : EVT WIFI : Pwr up
#1279409 07.07.2026 22:10:11 : TRC APPLICATION : Zapp climbl01 uninstalled
#1279410 07.07.2026 22:10:12 : ERR WBMAIN : *0: app 1059 Event 36 80005310
#1279411 07.07.2026 22:10:12 : ERR WBMAIN : 1: mea 33 Wait 0 00000000
#1279412 07.07.2026 22:10:12 : ERR WBMAIN : 2: ui 30 Wait 0 00000000
#1279413 07.07.2026 22:10:13 : EVT ANALYTICS : Sync start
#1279414 07.07.2026 22:10:13 : EVT ANALYTICS : Sync start
#1279415 07.07.2026 22:10:17 : EVT WIFI : pwr up
#1279416 07.07.2026 22:10:17 : EVT WIFI : SDK Ver(3.2.8.1)
#1279417 07.07.2026 22:10:17 : EVT WIFI : Scann APs (1/3)
#1279418 07.07.2026 22:10:18 : EVT WIFI : APs scanned:3
#1279419 07.07.2026 22:10:18 : EVT WBSTORAGE : CACHE_DEFRAG (688->704, 24->24, 25)
#1279420 07.07.2026 22:10:18 : WRN WIFI : No APs matched to connect
#1279421 07.07.2026 22:10:18 : EVT WIFI : Scann APs (2/3)
#1279422 07.07.2026 22:10:19 : EVT WIFI : APs scanned:4
#1279423 07.07.2026 22:10:19 : WRN WIFI : No APs matched to connect
#1279424 07.07.2026 22:10:19 : EVT WIFI : Scann APs (3/3)
#1279425 07.07.2026 22:10:20 : EVT WIFI : APs scanned:3
#1279426 07.07.2026 22:10:20 : WRN WIFI : No APs matched to connect
#1279427 07.07.2026 22:10:20 : EVT WIFI : Internal connect ret:103
#1279428 07.07.2026 22:10:20 : ERR <Unknown> : DL GET resultCode=500
#1279429 07.07.2026 22:10:20 : EVT <Unknown> : DL try retry after 40000 ms
#1279430 07.07.2026 22:10:33 : EVT WIFI : Pwr down idle wifi (TO:13se)
#1279431 07.07.2026 22:10:33 : EVT WIFI : pwr down OK
#1279432 07.07.2026 22:10:57 : TRC FUEL_GAUGE : batFgLevel cur:97%, prev:96%
#1279433 07.07.2026 22:11:00 : EVT <Unknown> : DL Region List
#1279434 07.07.2026 22:11:00 : EVT WIFI : Pwr up
#1279435 07.07.2026 22:11:06 : EVT WIFI : pwr up
#1279436 07.07.2026 22:11:06 : EVT WIFI : SDK Ver(3.2.8.1)
#1279437 07.07.2026 22:11:06 : EVT WIFI : Scann APs (1/3)
#1279438 07.07.2026 22:11:07 : EVT WIFI : APs scanned:3
#1279439 07.07.2026 22:11:07 : WRN WIFI : No APs matched to connect
#1279440 07.07.2026 22:11:07 : EVT WIFI : Scann APs (2/3)
#1279441 07.07.2026 22:11:08 : EVT WIFI : APs scanned:3
#1279442 07.07.2026 22:11:08 : WRN WIFI : No APs matched to connect
#1279443 07.07.2026 22:11:08 : EVT WIFI : Scann APs (3/3)
#1279444 07.07.2026 22:11:09 : EVT WIFI : APs scanned:3
#1279445 07.07.2026 22:11:09 : WRN WIFI : No APs matched to connect
#1279446 07.07.2026 22:11:09 : EVT WIFI : Internal connect ret:103
#1279447 07.07.2026 22:11:09 : ERR <Unknown> : DL GET resultCode=500
#1279448 07.07.2026 22:11:09 : EVT <Unknown> : DL try retry after 80000 ms
#1279449 07.07.2026 22:11:22 : EVT WIFI : Pwr down idle wifi (TO:13se)
#1279450 07.07.2026 22:11:22 : EVT WIFI : pwr down OK
#1279451 07.07.2026 22:12:03 : EVT PMIC : PMIC Fast-charge constant cur
#1279452 07.07.2026 22:12:03 : EVT PMIC : PMIC Fast-charge constant voltage
#1279453 07.07.2026 22:12:29 : EVT <Unknown> : DL Region List
#1279454 07.07.2026 22:12:29 : EVT WIFI : Pwr up
#1279455 07.07.2026 22:12:35 : EVT WIFI : pwr up
#1279456 07.07.2026 22:12:35 : EVT WIFI : SDK Ver(3.2.8.1)
#1279457 07.07.2026 22:12:36 : EVT WIFI : Scann APs (1/3)
#1279458 07.07.2026 22:12:36 : EVT WIFI : APs scanned:5
#1279459 07.07.2026 22:12:36 : WRN WIFI : No APs matched to connect
#1279460 07.07.2026 22:12:36 : EVT WIFI : Scann APs (2/3)
#1279461 07.07.2026 22:12:37 : EVT WIFI : APs scanned:1
#1279462 07.07.2026 22:12:37 : WRN WIFI : No APs matched to connect
#1279463 07.07.2026 22:12:37 : EVT WIFI : Scann APs (3/3)
#1279464 07.07.2026 22:12:38 : EVT WIFI : APs scanned:3
#1279465 07.07.2026 22:12:38 : WRN WIFI : No APs matched to connect
#1279466 07.07.2026 22:12:38 : EVT WIFI : Internal connect ret:103
#1279467 07.07.2026 22:12:38 : ERR <Unknown> : DL GET resultCode=500
#1279468 07.07.2026 22:12:38 : EVT <Unknown> : DL try retry after 160000 ms
#1279469 07.07.2026 22:12:51 : EVT WIFI : Pwr down idle wifi (TO:13se)
#1279470 07.07.2026 22:12:51 : EVT WIFI : pwr down OK
#1279471 07.07.2026 22:13:45 : TRC FUEL_GAUGE : Batt: 4439 mV (raw: 4439) soc: 97 %, T: 32.3 C,H:102
#1279472 07.07.2026 22:14:55 : EVT APPLICATION : Zapp zwc05901:Disable
#1279473 07.07.2026 22:14:56 : EVT ANALYTICS : Zapp disabled i:3 h:ddb248f2 n:Vector classic
#1279474 07.07.2026 22:14:56 : TRC APPLICATION : The zapp watch face was closed due to TO
#1279475 07.07.2026 22:15:18 : EVT <Unknown> : DL Region List
#1279476 07.07.2026 22:15:18 : EVT WIFI : Pwr up
#1279477 07.07.2026 22:15:25 : EVT WIFI : pwr up
#1279478 07.07.2026 22:15:25 : EVT WIFI : SDK Ver(3.2.8.1)
#1279479 07.07.2026 22:15:25 : EVT WIFI : Scann APs (1/3)
#1279480 07.07.2026 22:15:25 : EVT WIFI : APs scanned:1
#1279481 07.07.2026 22:15:25 : WRN WIFI : No APs matched to connect
#1279482 07.07.2026 22:15:25 : EVT WIFI : Scann APs (2/3)
#1279483 07.07.2026 22:15:26 : EVT WIFI : APs scanned:0
#1279484 07.07.2026 22:15:26 : WRN WIFI : empty scan
#1279485 07.07.2026 22:15:26 : EVT WIFI : Scann APs (3/3)
#1279486 07.07.2026 22:15:27 : EVT WIFI : APs scanned:3
#1279487 07.07.2026 22:15:27 : WRN WIFI : No APs matched to connect
#1279488 07.07.2026 22:15:27 : EVT WIFI : Internal connect ret:103
#1279489 07.07.2026 22:15:27 : ERR <Unknown> : DL GET resultCode=500
#1279490 07.07.2026 22:15:27 : EVT <Unknown> : DL try retry after 320000 ms
#1279491 07.07.2026 22:15:39 : TRC FUEL_GAUGE : batFgLevel cur:98%, prev:97%
#1279492 07.07.2026 22:15:40 : EVT WIFI : Pwr down idle wifi (TO:13se)
#1279493 07.07.2026 22:15:40 : EVT WIFI : pwr down OK
#1279494 07.07.2026 22:17:35 : WRN WBCOMM : Route ECSD00000000 error 504: Connection broken - no mes
#1279495 07.07.2026 22:17:35 : EVT WBCOMM : Route lost: ECSD00000000
#1279496 07.07.2026 22:19:30 : EVT ANALYTICS : Weather sync TO
#1279497 07.07.2026 22:20:00 : ERR WBMAIN : *0: app 561 Event 24 80892700
#1279498 07.07.2026 22:20:00 : ERR WBMAIN : 1: mea 0 Event 3 80891701
#1279499 07.07.2026 22:20:00 : ERR WBMAIN : 2: ui 69 Wait 0 00000000
#1279500 07.07.2026 22:20:47 : EVT <Unknown> : DL Region List
#1279501 07.07.2026 22:20:47 : EVT WIFI : Pwr up
#1279502 07.07.2026 22:20:54 : EVT WIFI : pwr up
#1279503 07.07.2026 22:20:54 : EVT WIFI : SDK Ver(3.2.8.1)
#1279504 07.07.2026 22:20:54 : EVT WIFI : Scann APs (1/3)
#1279505 07.07.2026 22:20:54 : EVT WIFI : APs scanned:1
#1279506 07.07.2026 22:20:54 : WRN WIFI : No APs matched to connect
#1279507 07.07.2026 22:20:54 : EVT WIFI : Scann APs (2/3)
#1279508 07.07.2026 22:20:55 : EVT WIFI : APs scanned:3
#1279509 07.07.2026 22:20:55 : WRN WIFI : No APs matched to connect
#1279510 07.07.2026 22:20:55 : EVT WIFI : Scann APs (3/3)
#1279511 07.07.2026 22:20:56 : EVT WIFI : APs scanned:3
#1279512 07.07.2026 22:20:56 : WRN WIFI : No APs matched to connect
#1279513 07.07.2026 22:20:56 : EVT WIFI : Internal connect ret:103
#1279514 07.07.2026 22:20:56 : ERR <Unknown> : DL GET resultCode=500
#1279515 07.07.2026 22:20:56 : EVT <Unknown> : DL try retry after 640000 ms
#1279516 07.07.2026 22:21:09 : EVT WIFI : Pwr down idle wifi (TO:13se)
#1279517 07.07.2026 22:21:09 : EVT WIFI : pwr down OK
#1279518 07.07.2026 22:22:19 : TRC FUEL_GAUGE : batFgLevel cur:99%, prev:98%
#1279519 07.07.2026 22:30:35 : TRC FUEL_GAUGE : batFgLevel cur:100%, prev:99%
#1279520 07.07.2026 22:31:23 : EVT PMIC : PMIC temp zone:0x7
#1279521 07.07.2026 22:31:23 : EVT PMIC : VBUS state is OFF
#1279522 07.07.2026 22:31:23 : EVT PMIC : Turn charge OFF since VBUS->OFF
#1279523 07.07.2026 22:31:23 : TRC FUEL_GAUGE : Chg->0,B:5,C:29.2,V:4443,U:0,bF:100%,bC:100%
#1279524 07.07.2026 22:31:23 : EVT OHR : VBUS off
#1279525 07.07.2026 22:31:23 : EVT OHR : S:ON 0->1
#1279526 07.07.2026 22:31:24 : EVT ANALYTICS : Battery-> 1 soc:100
#1279527 07.07.2026 22:31:24 : EVT OHR : APPINIT:caps 0x1f4, 6b738616
#1279528 07.07.2026 22:31:24 : EVT <Unknown> : 1783456284314:AI@1783456284290, tz120
#1279529 07.07.2026 22:31:24 : EVT OHR : S:start 0x2123
#1279530 07.07.2026 22:31:24 : EVT <Unknown> : 1783456284319:Meas start 0x2123
#1279531 07.07.2026 22:31:24 : EVT <Unknown> : 1783456284333:PD1464, 0
#1279532 07.07.2026 22:31:24 : EVT <Unknown> : 1783456284392:GMV 20251126/1/4/0/395/46
#1279533 07.07.2026 22:31:24 : EVT <Unknown> : 1783456284646:Mi1.6.10, auth 0, hr_mode 0
#1279534 07.07.2026 22:32:24 : EVT APPLICATION : Zapp zwc05901:Load script
#1279535 07.07.2026 22:32:24 : EVT APPLICATION : Zapp zwc05901:Enable
#1279536 07.07.2026 22:32:24 : EVT ANALYTICS : Zapp enabled i:3 h:ddb248f2 n:zwc05901 v:124f
#1279537 07.07.2026 22:34:44 : EVT <Unknown> : 1783456484246:On Skin Set.
#1279538 07.07.2026 22:34:48 : ERR <Unknown> : 1783456488261:Mi invalid call:100,code:0.
#1279539 07.07.2026 22:34:59 : EVT OHR : new HR update
#1279540 07.07.2026 22:35:21 : EVT <Unknown> : 1783456521005:Off Skin Set.
#1279541 07.07.2026 22:35:21 : EVT OHR : No HR update, invalidate by timer
#1279542 07.07.2026 22:35:22 : EVT <Unknown> : 1783456522257:On Skin Set.
#1279543 07.07.2026 22:35:27 : ERR <Unknown> : 1783456527364:Hr_out conf_low:68/10.
#1279544 07.07.2026 22:35:28 : EVT OHR : new HR update
#1279545 07.07.2026 22:35:35 : EVT <Unknown> : 1783456535051:Off Skin Set.
#1279546 07.07.2026 22:35:36 : EVT <Unknown> : 1783456536053:On Skin Set.
#1279547 07.07.2026 22:35:49 : EVT <Unknown> : 1783456548920:Off Skin Set.
#1279548 07.07.2026 22:35:54 : EVT OHR : No HR update, invalidate by timer
#1279549 07.07.2026 22:36:00 : EVT SEDENTARY : stop monitoring
#1279550 07.07.2026 22:36:03 : WRN <Unknown> : 1783456563050:Device stationary, stopping optical meas
#1279551 07.07.2026 23:00:00 : EVT <Unknown> : pwr daily,ontime:23
#1279552 07.07.2026 23:00:00 : EVT WBSTORAGE : CACHE_DEFRAG (664->672, 24->24, 25)
#1279553 07.07.2026 23:00:00 : EVT WEATHER : t:495403, d:2
#1279554 07.07.2026 23:00:00 : EVT SLEEP : DND ON
#1279555 07.07.2026 23:00:00 : EVT BRIGHTNESS : Custom state pwr:[1,-1] bri:[-1.00,-1.00]
#1279556 07.07.2026 23:00:05 : EVT BRIGHTNESS : Custom state pwr:[-1,-1] bri:[-1.00,-1.00]
#1279557 07.07.2026 23:00:33 : EVT <Unknown> : 1783458032915:xiaomi reset t:1748625122/264604919.
#1279558 07.07.2026 23:00:33 : EVT <Unknown> : 1783458032915:On Skin Set.
#1279559 07.07.2026 23:00:34 : EVT <Unknown> : 1783458034067:Off Skin Set.
#1279560 07.07.2026 23:00:48 : WRN <Unknown> : 1783458048572:Device stationary, stopping optical meas
#1279561 07.07.2026 23:02:00 : TRC APPLICATION : Removing: b:/syslogs/systemevent_1257576.log
#1279562 07.07.2026 23:03:21 : EVT <Unknown> : 1783458201616:xiaomi reset t:1917325836/1749433776.
#1279563 07.07.2026 23:03:21 : EVT <Unknown> : 1783458201616:On Skin Set.
#1279564 07.07.2026 23:03:24 : ERR <Unknown> : 1783458204424:Mi invalid call:100,code:0.
#1279565 07.07.2026 23:03:37 : EVT OHR : new HR update
#1279566 07.07.2026 23:03:40 : EVT <Unknown> : 1783458220731:Off Skin Set.
#1279567 07.07.2026 23:03:41 : EVT PMIC : VBUS state is OFF
#1279568 07.07.2026 23:03:41 : EVT PMIC : PMIC temp zone:0x7
#1279569 07.07.2026 23:03:41 : EVT PMIC : VBUS state is OFF
#1279570 07.07.2026 23:03:43 : EVT PMIC : VBUS state is ON
#1279571 07.07.2026 23:03:43 : EVT PMIC : chgCntl1:0x70
#1279572 07.07.2026 23:03:43 : EVT PMIC : check chgCntl1:0x74
#1279573 07.07.2026 23:03:43 : EVT PMIC : Turn charge ON since VBUS->ON
#1279574 07.07.2026 23:03:43 : EVT PMIC : PMIC temp zone:0x2
#1279575 07.07.2026 23:03:43 : EVT PMIC : PMIC Fast-charge constant cur
#1279576 07.07.2026 23:03:43 : EVT OHR : VBUS on
#1279577 07.07.2026 23:03:43 : EVT OHR : S:stop 23
#1279578 07.07.2026 23:03:43 : EVT <Unknown> : 1783458223311:Meas stop 0x2123
#1279579 07.07.2026 23:03:43 : EVT PMIC : PMIC Fast-charge constant voltage
#1279580 07.07.2026 23:03:43 : WRN <Unknown> : 1783458223311:FSM EVT STOP.
#1279581 07.07.2026 23:03:43 : EVT OHR : S:OFF 1->0
#1279582 07.07.2026 23:03:43 : EVT PMIC : VBUS state is ON
#1279583 07.07.2026 23:03:44 : EVT OHR : No HR update, invalidate by timer
#1279584 07.07.2026 23:03:49 : TRC FUEL_GAUGE : Chg->1,B:5,C:20.8,V:4423,U:1,bF:100%,bC:100%
#1279585 07.07.2026 23:03:49 : EVT ANALYTICS : Battery-> 2 soc:100
#1279586 07.07.2026 23:03:58 : EVT <Unknown> : DL Region List
#1279587 07.07.2026 23:03:58 : EVT WIFI : Pwr up
#1279588 07.07.2026 23:04:03 : EVT PMIC : PMIC temp zone:0x7
#1279589 07.07.2026 23:04:03 : EVT PMIC : VBUS state is OFF
#1279590 07.07.2026 23:04:03 : EVT PMIC : Turn charge OFF since VBUS->OFF
#1279591 07.07.2026 23:04:03 : TRC FUEL_GAUGE : Chg->0,B:5,C:35.0,V:4428,U:0,bF:100%,bC:100%
#1279592 07.07.2026 23:04:03 : EVT OHR : VBUS off
#1279593 07.07.2026 23:04:03 : EVT OHR : S:ON 0->1
#1279594 07.07.2026 23:04:03 : EVT ANALYTICS : Battery-> 1 soc:100
#1279595 07.07.2026 23:04:03 : EVT OHR : APPINIT:caps 0x1f4, 6b738616
#1279596 07.07.2026 23:04:03 : EVT <Unknown> : 1783458243914:AI@1783458243890, tz120
#1279597 07.07.2026 23:04:03 : EVT OHR : S:start 0x2123
#1279598 07.07.2026 23:04:03 : EVT <Unknown> : 1783458243921:Meas start 0x2123
#1279599 07.07.2026 23:04:04 : EVT <Unknown> : 1783458243936:PD1464, 0
#1279600 07.07.2026 23:04:04 : EVT <Unknown> : 1783458244000:GMV 20251126/1/4/0/395/46
#1279601 07.07.2026 23:04:04 : EVT <Unknown> : 1783458244254:Mi1.6.10, auth 0, hr_mode 0
#1279602 07.07.2026 23:04:04 : EVT WIFI : pwr up
#1279603 07.07.2026 23:04:04 : EVT WIFI : SDK Ver(3.2.8.1)
#1279604 07.07.2026 23:04:04 : EVT WIFI : Scann APs (1/3)
#1279605 07.07.2026 23:04:04 : EVT <Unknown> : 1783458244505:On Skin Set.
#1279606 07.07.2026 23:04:05 : EVT WIFI : APs scanned:3
#1279607 07.07.2026 23:04:05 : WRN WIFI : No APs matched to connect
#1279608 07.07.2026 23:04:05 : EVT WIFI : Scann APs (2/3)
#1279609 07.07.2026 23:04:05 : EVT <Unknown> : 1783458244936:Off Skin Set.
#1279610 07.07.2026 23:04:05 : EVT <Unknown> : 1783458245313:On Skin Set.
#1279611 07.07.2026 23:04:05 : EVT <Unknown> : 1783458245504:Off Skin Set.
#1279612 07.07.2026 23:04:06 : EVT WIFI : APs scanned:3
#1279613 07.07.2026 23:04:06 : WRN WIFI : No APs matched to connect
#1279614 07.07.2026 23:04:06 : EVT WIFI : Scann APs (3/3)
#1279615 07.07.2026 23:04:06 : EVT <Unknown> : 1783458246631:On Skin Set.
#1279616 07.07.2026 23:04:07 : EVT WIFI : APs scanned:1
#1279617 07.07.2026 23:04:07 : WRN WIFI : No APs matched to connect
#1279618 07.07.2026 23:04:07 : EVT WIFI : Internal connect ret:103
#1279619 07.07.2026 23:04:07 : ERR <Unknown> : DL GET resultCode=500
#1279620 07.07.2026 23:04:07 : EVT <Unknown> : DL try retry after 900000 ms
#1279621 07.07.2026 23:04:07 : EVT <Unknown> : 1783458247782:Off Skin Set.
#1279622 07.07.2026 23:04:08 : EVT <Unknown> : 1783458248659:On Skin Set.
#1279623 07.07.2026 23:04:09 : EVT PMIC : VBUS state is ON
#1279624 07.07.2026 23:04:09 : EVT PMIC : chgCntl1:0x70
#1279625 07.07.2026 23:04:09 : EVT PMIC : check chgCntl1:0x74
#1279626 07.07.2026 23:04:09 : EVT PMIC : Turn charge ON since VBUS->ON
#1279627 07.07.2026 23:04:09 : TRC FUEL_GAUGE : Chg->1,B:5,C:6.8,V:4428,U:1,bF:100%,bC:100%
#1279628 07.07.2026 23:04:09 : EVT PMIC : PMIC temp zone:0x2
#1279629 07.07.2026 23:04:09 : EVT PMIC : PMIC Fast-charge constant cur
#1279630 07.07.2026 23:04:09 : EVT OHR : VBUS on
#1279631 07.07.2026 23:04:09 : EVT OHR : S:stop 23
#1279632 07.07.2026 23:04:09 : EVT ANALYTICS : Battery-> 2 soc:100
#1279633 07.07.2026 23:04:09 : EVT <Unknown> : 1783458249210:Off Skin Set.
#1279634 07.07.2026 23:04:09 : EVT <Unknown> : 1783458249647:Meas stop 0x2123
#1279635 07.07.2026 23:04:09 : EVT PMIC : PMIC temp zone:0x7
#1279636 07.07.2026 23:04:09 : WRN <Unknown> : 1783458249648:FSM EVT STOP.
#1279637 07.07.2026 23:04:09 : EVT OHR : S:OFF 1->0
#1279638 07.07.2026 23:04:09 : EVT PMIC : VBUS state is OFF
#1279639 07.07.2026 23:04:09 : EVT PMIC : Turn charge OFF since VBUS->OFF
#1279640 07.07.2026 23:04:09 : TRC FUEL_GAUGE : Chg->0,B:5,C:4.9,V:4428,U:0,bF:100%,bC:100%
#1279641 07.07.2026 23:04:09 : EVT OHR : VBUS off
#1279642 07.07.2026 23:04:09 : EVT OHR : S:ON 0->1
#1279643 07.07.2026 23:04:10 : EVT PMIC : VBUS state is OFF
#1279644 07.07.2026 23:04:10 : EVT ANALYTICS : Battery-> 1 soc:100
#1279645 07.07.2026 23:04:10 : EVT OHR : APPINIT:caps 0x1f4, 6b738616
#1279646 07.07.2026 23:04:10 : EVT <Unknown> : 1783458250114:AI@1783458250090, tz120
#1279647 07.07.2026 23:04:10 : EVT OHR : S:start 0x2123
#1279648 07.07.2026 23:04:10 : EVT <Unknown> : 1783458250120:Meas start 0x2123
#1279649 07.07.2026 23:04:10 : EVT <Unknown> : 1783458250130:PD1464, 0
#1279650 07.07.2026 23:04:10 : EVT <Unknown> : 1783458250191:GMV 20251126/1/4/0/395/46
#1279651 07.07.2026 23:04:10 : EVT <Unknown> : 1783458250445:Mi1.6.10, auth 0, hr_mode 0
#1279652 07.07.2026 23:04:12 : EVT PMIC : VBUS state is ON
#1279653 07.07.2026 23:04:12 : EVT PMIC : chgCntl1:0x70
#1279654 07.07.2026 23:04:12 : EVT PMIC : check chgCntl1:0x74
#1279655 07.07.2026 23:04:12 : EVT PMIC : Turn charge ON since VBUS->ON
#1279656 07.07.2026 23:04:12 : EVT PMIC : PMIC temp zone:0x2
#1279657 07.07.2026 23:04:12 : EVT PMIC : PMIC Fast-charge constant cur
#1279658 07.07.2026 23:04:13 : EVT PMIC : PMIC Fast-charge constant voltage
#1279659 07.07.2026 23:04:13 : EVT OHR : VBUS on
#1279660 07.07.2026 23:04:13 : EVT OHR : S:stop 23
#1279661 07.07.2026 23:04:13 : EVT <Unknown> : 1783458253082:Meas stop 0x2123
#1279662 07.07.2026 23:04:13 : EVT PMIC : VBUS state is ON
#1279663 07.07.2026 23:04:13 : WRN <Unknown> : 1783458253082:FSM EVT STOP.
#1279664 07.07.2026 23:04:13 : EVT OHR : S:OFF 1->0
#1279665 07.07.2026 23:04:14 : TRC FUEL_GAUGE : Chg->1,B:5,C:3.2,V:4426,U:1,bF:100%,bC:100%
#1279666 07.07.2026 23:04:15 : EVT ANALYTICS : Battery-> 2 soc:100
#1279667 07.07.2026 23:04:16 : EVT WBCOMM : P-9 connection made to ECSD00000000
#1279668 07.07.2026 23:04:16 : EVT WBCOMM : New Route: ECSD00000000
#1279669 07.07.2026 23:04:19 : ERR WBMAIN : *0: app 675 Event 36 80005310
#1279670 07.07.2026 23:04:19 : ERR WBMAIN : 1: mea 25 Wait 0 00000000
#1279671 07.07.2026 23:04:19 : ERR WBMAIN : 2: ui 24 Wait 0 00000000
#1279672 07.07.2026 23:04:20 : EVT WIFI : Pwr down idle wifi (TO:13se)
#1279673 07.07.2026 23:04:20 : EVT WIFI : pwr down OK
#1279674 07.07.2026 23:04:20 : EVT ANALYTICS : Sync start
#1279675 07.07.2026 23:04:20 : EVT ANALYTICS : Sync start
#1279676 07.07.2026 23:04:27 : EVT <Unknown> : DL Region List
#1279677 07.07.2026 23:04:27 : EVT WIFI : Pwr up
#1279678 07.07.2026 23:04:34 : EVT WIFI : pwr up
#1279679 07.07.2026 23:04:34 : EVT WIFI : SDK Ver(3.2.8.1)
#1279680 07.07.2026 23:04:34 : WRN WIFI : No APs matched to connect
#1279681 07.07.2026 23:04:34 : EVT WIFI : Scann APs (1/3)
#1279682 07.07.2026 23:04:35 : EVT WIFI : APs scanned:3
#1279683 07.07.2026 23:04:35 : WRN WIFI : No APs matched to connect
#1279684 07.07.2026 23:04:35 : EVT WIFI : Scann APs (2/3)
#1279685 07.07.2026 23:04:36 : EVT WIFI : APs scanned:3
#1279686 07.07.2026 23:04:36 : WRN WIFI : No APs matched to connect
#1279687 07.07.2026 23:04:36 : EVT WIFI : Scann APs (3/3)
#1279688 07.07.2026 23:04:36 : EVT WIFI : APs scanned:3
#1279689 07.07.2026 23:04:36 : WRN WIFI : No APs matched to connect
#1279690 07.07.2026 23:04:36 : EVT WIFI : Internal connect ret:103
#1279691 07.07.2026 23:04:36 : ERR <Unknown> : DL GET resultCode=500
#1279692 07.07.2026 23:04:36 : EVT <Unknown> : DL try retry after 900000 ms
#1279693 07.07.2026 23:04:37 : EVT APPLICATION : Plugin climbl01.zip as type:[2]
#1279694 07.07.2026 23:04:38 : ERR WBMAIN : *0: app 1169 Event 36 80005310
#1279695 07.07.2026 23:04:38 : ERR WBMAIN : 1: mea 38 Wait 0 00000000
#1279696 07.07.2026 23:04:38 : ERR WBMAIN : 2: ui 38 Wait 0 00000000
#1279697 07.07.2026 23:04:39 : EVT ANALYTICS : Sync start
#1279698 07.07.2026 23:04:39 : EVT ANALYTICS : Sync start
#1279699 07.07.2026 23:04:43 : EVT PMIC : PMIC temp zone:0x7
#1279700 07.07.2026 23:04:44 : EVT PMIC : VBUS state is OFF
#1279701 07.07.2026 23:04:44 : EVT PMIC : Turn charge OFF since VBUS->OFF
#1279702 07.07.2026 23:04:44 : EVT WBCOMM : Route lost: ECSD00000000
#1279703 07.07.2026 23:04:44 : TRC FUEL_GAUGE : Chg->0,B:5,C:34.6,V:4433,U:0,bF:100%,bC:100%
#1279704 07.07.2026 23:04:44 : EVT OHR : VBUS off
#1279705 07.07.2026 23:04:44 : EVT OHR : S:ON 0->1
#1279706 07.07.2026 23:04:44 : EVT ANALYTICS : Battery-> 1 soc:100
#1279707 07.07.2026 23:04:44 : EVT OHR : APPINIT:caps 0x1f4, 6b738616
#1279708 07.07.2026 23:04:44 : EVT <Unknown> : 1783458284584:AI@1783458284560, tz120
#1279709 07.07.2026 23:04:44 : EVT OHR : S:start 0x2123
#1279710 07.07.2026 23:04:44 : EVT <Unknown> : 1783458284591:Meas start 0x2123
#1279711 07.07.2026 23:04:44 : EVT <Unknown> : 1783458284606:PD1464, 0
#1279712 07.07.2026 23:04:44 : EVT <Unknown> : 1783458284667:GMV 20251126/1/4/0/395/46
#1279713 07.07.2026 23:04:44 : EVT <Unknown> : 1783458284926:Mi1.6.10, auth 0, hr_mode 0
#1279714 07.07.2026 23:04:46 : EVT <Unknown> : 1783458285719:On Skin Set.
#1279715 07.07.2026 23:04:49 : EVT WIFI : Pwr down idle wifi (TO:13se)
#1279716 07.07.2026 23:04:49 : EVT WIFI : pwr down OK
#1279717 07.07.2026 23:04:50 : ERR <Unknown> : 1783458289734:Mi invalid call:100,code:0.
#1279718 07.07.2026 23:05:00 : EVT WBSTORAGE : CACHE_DEFRAG (560->568, 24->24, 25)
#1279719 07.07.2026 23:05:00 : TRC NAVIGATION : CG: no climb WP
#1279720 07.07.2026 23:05:00 : TRC NAVIGATION : CG:init ZoomType=0
#1279721 07.07.2026 23:05:00 : EVT NAVIGATION : initSeg Idx=0 D=1 T=0 3-0-4
#1279722 07.07.2026 23:05:00 : EVT ALTIFUSION : AltiBaroMode:0
#1279723 07.07.2026 23:05:00 : EVT ALTIFUSION : Init AltiBaro
#1279724 07.07.2026 23:05:00 : EVT APPLICATION : Zapp zwc05901:Disable
#1279725 07.07.2026 23:05:00 : EVT ANALYTICS : Zapp disabled i:3 h:ddb248f2 n:Vector classic
#1279726 07.07.2026 23:05:00 : EVT ANALYTICS : SleepQ:Tracking:On
#1279727 07.07.2026 23:05:00 : EVT ALTIFUSION : AltiBaroMode:0
#1279728 07.07.2026 23:05:00 : EVT ALTIFUSION : Init AltiBaro
#1279729 07.07.2026 23:05:00 : EVT UI_FRAMEWORK : JS nsto enable zapp: zzwethen
#1279730 07.07.2026 23:05:00 : EVT UI_FRAMEWORK : JS nsto enable zapp: zzmoveen
#1279731 07.07.2026 23:05:00 : EVT UI_FRAMEWORK : JS nsto enable zapp: climbl01
#1279732 07.07.2026 23:05:00 : EVT APPLICATION : Zapp zzwethen:Load script
#1279733 07.07.2026 23:05:01 : EVT APPLICATION : Zapp zzwethen:Enable
#1279734 07.07.2026 23:05:01 : EVT ANALYTICS : Zapp enabled i:8 h:3f77f8ec n:zzwethen v:ade
#1279735 07.07.2026 23:05:01 : EVT APPLICATION : Zapp clid:32878
#1279736 07.07.2026 23:05:01 : EVT APPLICATION : Zapp zzmoveen:Load script
#1279737 07.07.2026 23:05:01 : EVT APPLICATION : Zapp zzmoveen:Enable
#1279738 07.07.2026 23:05:01 : EVT ANALYTICS : Zapp enabled i:6 h:7aac0887 n:zzmoveen v:8e0
#1279739 07.07.2026 23:05:01 : EVT UI_FRAMEWORK : evalFile: b:/zapp/zzmoveen.fea/ext1.js from ui
#1279740 07.07.2026 23:05:01 : EVT APPLICATION : Zapp clid:32879
#1279741 07.07.2026 23:05:01 : EVT APPLICATION : Zapp climbl01:Load script
#1279742 07.07.2026 23:05:01 : EVT OHR : new HR update
#1279743 07.07.2026 23:05:01 : EVT APPLICATION : Zapp climbl01:Enable
#1279744 07.07.2026 23:05:01 : EVT ANALYTICS : Zapp enabled i:5 h:a5e7afa5 n:climbl01 v:3.0
#1279745 07.07.2026 23:05:01 : EVT APPLICATION : Zapp clid:32880
#1279746 07.07.2026 23:05:01 : ERR WBMAIN : *0: app 657 Event 37 80995318
#1279747 07.07.2026 23:05:01 : ERR WBMAIN : 1: mea 5 Wait 0 00000000
#1279748 07.07.2026 23:05:01 : ERR WBMAIN : 2: ui 5 Wait 0 00000000
#1279749 07.07.2026 23:05:01 : EVT UI_FRAMEWORK : JS nsto all zapps enabled.
#1279750 07.07.2026 23:05:01 : EVT UI_FRAMEWORK : JS Prestart Activity Id: 16.000
#1279751 07.07.2026 23:05:02 : WRN WBAPI : eID-691468(277): /Dive/Alarms/Acknowledge 404
#1279752 07.07.2026 23:05:02 : WRN WBAPI : eID-691468(277): /Dive/DiveGases 404
#1279753 07.07.2026 23:05:02 : WRN WBAPI : eID-691468(277): /Dive/Gauge/Next 404
#1279754 07.07.2026 23:05:02 : EVT WBSTORAGE : CACHE_DEFRAG (520->760, 24->24, 25)
#1279755 07.07.2026 23:05:02 : EVT BLE : BLE Sensor Link 4800180D Conn (--E-:00:1)
#1279756 07.07.2026 23:05:02 : WRN BLE : sendConnect 6157
#1279757 07.07.2026 23:05:02 : WRN WBAPI : eID-691468(277): /Dive/TankPressure/Alarm/Count 404
#1279758 07.07.2026 23:05:02 : EVT SPEEDFUSION : INFO # start speed fusion
#1279759 07.07.2026 23:05:02 : EVT SPEEDFUSION : Act:16,Acc:0,BPod:0,FPod:0,PPod:0,BeltPod:1
#1279760 07.07.2026 23:05:02 : EVT SPEEDFUSION : INFO # Start algo without wrist acc
#1279761 07.07.2026 23:05:02 : EVT <Unknown> : Update pres sampl intrvl:1
#1279762 07.07.2026 23:05:02 : EVT OHR : S:start 0x21a3
#1279763 07.07.2026 23:05:03 : EVT <Unknown> : 1783458302644:Meas start 0x21a3
#1279764 07.07.2026 23:05:10 : EVT TRAININGLAB : TLab:~Mode T 24703 + 736 A 7480 + 0
#1279765 07.07.2026 23:05:10 : EVT TRAININGLAB : TLab:Change mode 2->3
#1279766 07.07.2026 23:05:10 : EVT TRAININGLAB : TLab:Mode::userInfo 60, 200, 1, 37, 182, 950, 1990
#1279767 07.07.2026 23:05:10 : EVT LOGGER : Log space:30330755 bytes free
#1279768 07.07.2026 23:05:10 : WRN WBAPI : eID-691468(277): /Dive/Alarms/Acknowledge 404
#1279769 07.07.2026 23:05:10 : WRN WBAPI : eID-691468(277): /Dive/DiveGases 404
#1279770 07.07.2026 23:05:10 : WRN WBAPI : eID-691468(277): /Dive/Gauge/Next 404
#1279771 07.07.2026 23:05:10 : EVT TRAININGLAB : ModeUnsub:2800
#1279772 07.07.2026 23:05:10 : EVT TRAININGLAB : ModeSub:9004
#1279773 07.07.2026 23:05:10 : EVT TRAININGLAB : TLab:Select input 0
#1279774 07.07.2026 23:05:10 : EVT TRAININGLAB : TLab:Active input 0
#1279775 07.07.2026 23:05:10 : EVT LOGGER : Exercise started
#1279776 07.07.2026 23:05:10 : EVT BLE : HR RR on (94235351)
#1279777 07.07.2026 23:05:10 : TRC GPS : Full GNSS data subd l:0 c:802b0000
#1279778 07.07.2026 23:05:12 : EVT BLE : lt,scan 1
#1279779 07.07.2026 23:05:12 : WRN BLE : sendDisconnect 6157
#1279780 07.07.2026 23:05:12 : ERR BLE : [AURA]No filters left, stopping scan
#1279781 07.07.2026 23:05:12 : ERR BLE : [AURA]Filter with handle 72 not found
#1279782 07.07.2026 23:05:12 : EVT BLE : packet 0 sensor found count 1
#1279783 07.07.2026 23:05:12 : EVT BLE : packet 0 sensor found count 2
#1279784 07.07.2026 23:05:12 : EVT ANALYTICS : #FusHr src:2 time:10450
#1279785 07.07.2026 23:05:12 : EVT TRAININGLAB : Tlab:HR src is 2
#1279786 07.07.2026 23:05:12 : EVT ANALYTICS : #FusHr src:2 time:0
#1279787 07.07.2026 23:05:12 : EVT TRAININGLAB : TLab:Active input 1
#1279788 07.07.2026 23:05:12 : EVT ANALYTICS : Battery-> 3 soc:100
#1279789 07.07.2026 23:05:12 : EVT ANALYTICS : #FusHr src:2 time:0
#1279790 07.07.2026 23:05:12 : EVT ANALYTICS : #Act id:16
#1279791 07.07.2026 23:05:12 : EVT ANALYTICS : #powersave mode:p temp:29.6
#1279792 07.07.2026 23:05:12 : EVT ANALYTICS : GPSMODE:NOTUSED
#1279793 07.07.2026 23:05:12 : EVT ANALYTICS : #gnss d:2026-07-07T00:00:00Z
#1279794 07.07.2026 23:05:12 : EVT ANALYTICS : #zapp n:Weather e:1
#1279795 07.07.2026 23:05:12 : EVT ANALYTICS : #zapp n:Movement e:1
#1279796 07.07.2026 23:05:12 : EVT ANALYTICS : #zapp n:Climb Log e:1
#1279797 07.07.2026 23:05:17 : WRN WBAPI : eID-691468(277): /Dive/Alarms/Acknowledge 404
#1279798 07.07.2026 23:05:17 : WRN WBAPI : eID-691468(277): /Dive/DiveGases 404
#1279799 07.07.2026 23:05:17 : WRN WBAPI : eID-691468(277): /Dive/Gauge/Next 404
#1279800 07.07.2026 23:05:18 : EVT ANALYTICS : #ws AID:16 BM:1 NS:0 SP:3 ZN:0 TG:0 BL:0 GPS:0
#1279801 07.07.2026 23:05:18 : EVT ANALYTICS : #2ws AID:16 WHR:1 INT:0 AL:0 AP:0 FE:1 MC:1 TH:0
#1279802 07.07.2026 23:05:19 : EVT LOGGER : LGR 934, 80
#1279803 07.07.2026 23:05:19 : WRN WBAPI : eID-691468(277): /Dive/Alarms/Acknowledge 404
#1279804 07.07.2026 23:05:19 : WRN WBAPI : eID-691468(277): /Dive/DiveGases 404
#1279805 07.07.2026 23:05:19 : WRN WBAPI : eID-691468(277): /Dive/Gauge/Next 404
#1279806 07.07.2026 23:05:21 : EVT LOGGER : LGR 934, 80
#1279807 07.07.2026 23:05:21 : EVT UI_FRAMEWORK : evalFile: b:/zapp/climbl01.fea/ext10.js from ui
#1279808 07.07.2026 23:05:22 : WRN WBAPI : eID-691468(277): /Dive/Alarms/Acknowledge 404
#1279809 07.07.2026 23:05:22 : WRN WBAPI : eID-691468(277): /Dive/DiveGases 404
#1279810 07.07.2026 23:05:22 : WRN WBAPI : eID-691468(277): /Dive/Gauge/Next 404
#1279811 07.07.2026 23:05:24 : EVT LOGGER : LGR 934, 80
#1279812 07.07.2026 23:05:24 : WRN WBAPI : eID-691468(277): /Dive/Alarms/Acknowledge 404
#1279813 07.07.2026 23:05:24 : WRN WBAPI : eID-691468(277): /Dive/DiveGases 404
#1279814 07.07.2026 23:05:24 : WRN WBAPI : eID-691468(277): /Dive/Gauge/Next 404
#1279815 07.07.2026 23:05:25 : EVT LOGGER : LGR 934, 80
#1279816 07.07.2026 23:05:27 : WRN WBAPI : eID-691468(277): /Dive/Alarms/Acknowledge 404
#1279817 07.07.2026 23:05:27 : WRN WBAPI : eID-691468(277): /Dive/DiveGases 404
#1279818 07.07.2026 23:05:27 : WRN WBAPI : eID-691468(277): /Dive/Gauge/Next 404
#1279819 07.07.2026 23:05:36 : EVT LOGGER : Exercise paused
#1279820 07.07.2026 23:05:36 : WRN WBAPI : eID-691468(277): /Dive/Alarms/Acknowledge 404
#1279821 07.07.2026 23:05:36 : WRN WBAPI : eID-691468(277): /Dive/DiveGases 404
#1279822 07.07.2026 23:05:36 : WRN WBAPI : eID-691468(277): /Dive/Gauge/Next 404
#1279823 07.07.2026 23:05:38 : EVT APPLICATION : Zapp climbl01:Disable
#1279824 07.07.2026 23:05:38 : EVT UI_FRAMEWORK : evalFile: b:/zapp/climbl01.fea/ext11.js from ui
#1279825 07.07.2026 23:05:38 : EVT ANALYTICS : Zapp disabled i:5 h:a5e7afa5 n:Climb Log
#1279826 07.07.2026 23:05:38 : EVT APPLICATION : Zapp zzmoveen:Disable
#1279827 07.07.2026 23:05:38 : EVT ANALYTICS : Zapp disabled i:6 h:7aac0887 n:Movement
#1279828 07.07.2026 23:05:38 : EVT UI_FRAMEWORK : evalFile: b:/zapp/zzmoveen.fea/ext2.js from ui
#1279829 07.07.2026 23:05:38 : EVT APPLICATION : Zapp zzwethen:Disable
#1279830 07.07.2026 23:05:39 : EVT ANALYTICS : Zapp disabled i:8 h:3f77f8ec n:Weather
#1279831 07.07.2026 23:05:39 : EVT UI_FRAMEWORK : JS discard disable zapps
#1279832 07.07.2026 23:05:39 : EVT UI_FRAMEWORK : JS will discard
#1279833 07.07.2026 23:05:39 : EVT SPEEDFUSION : INFO # stop speed fusion
#1279834 07.07.2026 23:05:39 : EVT <Unknown> : Update pres sampl intrvl:5
#1279835 07.07.2026 23:05:39 : WRN APPLICATION : discard hrr meas l:3 d:0 sh:64 mh:64 v:0
#1279836 07.07.2026 23:05:39 : WRN WBAPI : eID-698eec(583/65535): 404
#1279837 07.07.2026 23:05:39 : EVT TRAININGZONE : User Define Mode:5
#1279838 07.07.2026 23:05:39 : EVT TRAININGZONE : Tss HR:0.22
#1279839 07.07.2026 23:05:39 : EVT TRAININGZONE : A:16,Tss:[-200.00,-200.00,-200.00,0.22]
#1279840 07.07.2026 23:05:39 : EVT TRAININGLAB : AppFeature Vo2Max 0.000000
#1279841 07.07.2026 23:05:39 : EVT TRAININGLAB : TLab:~Mode T 25439 + 6 A 7480 + 0
#1279842 07.07.2026 23:05:39 : EVT TRAININGLAB : TLab:Change mode 3->2
#1279843 07.07.2026 23:05:39 : EVT TRAININGLAB : TLab:Mode::userInfo 60, 200, 1, 37, 182, 950, 1990
#1279844 07.07.2026 23:05:39 : EVT LOGGER : LGR 934, 80
#1279845 07.07.2026 23:05:39 : EVT TRAININGLAB : ModeUnsub:9145
#1279846 07.07.2026 23:05:39 : EVT OHR : S:start 0x2123
#1279847 07.07.2026 23:05:39 : EVT TRAININGLAB : ModeSub:0400
#1279848 07.07.2026 23:05:39 : EVT ANALYTICS : WAOae:Activity WAOae:16
#1279849 07.07.2026 23:05:39 : EVT ANALYTICS : WAOae:TotalAcc WAOae:0,0,0
#1279850 07.07.2026 23:05:39 : EVT ANALYTICS : WAOae:AccCount WAOae:0,0,0
#1279851 07.07.2026 23:05:39 : EVT ANALYTICS : WAOae:Distance WAOae:0,0,0
#1279852 07.07.2026 23:05:39 : EVT ANALYTICS : WAOae:Duration WAOae:0,0,0
#1279853 07.07.2026 23:05:39 : EVT ANALYTICS : WAOae:Coeff WAOae:0,40,240,390,773,7524,7624
#1279854 07.07.2026 23:05:39 : EVT LOGGER : Exercise stopped
#1279855 07.07.2026 23:05:39 : EVT BLE : HR RR off (94264135, 28784 ms missing)
#1279856 07.07.2026 23:05:39 : EVT BLE : HR RR done
#1279857 07.07.2026 23:05:39 : EVT LOGGER : HrIbiLogger stop, off (0 ms)
#1279858 07.07.2026 23:05:39 : EVT LOGGER : HrIbiLogger stopped (0 ms)
#1279859 07.07.2026 23:05:39 : TRC GPS : Unsubd c:802b0000
#1279860 07.07.2026 23:05:39 : EVT LOGGER : LGR 934, 80
#1279861 07.07.2026 23:05:39 : EVT LOGGER : LGR 934, 80
#1279862 07.07.2026 23:05:39 : EVT ANALYTICS : SleepQ:Tracking:On
#1279863 07.07.2026 23:05:39 : EVT LOGGER : Wr dpc on
#1279864 07.07.2026 23:05:39 : EVT LOGGER : LGR 20993, 56
#1279865 07.07.2026 23:05:39 : EVT <Unknown> : 1783458339364:Meas start 0x2123
#1279866 07.07.2026 23:05:40 : EVT BLE : Disconn sensor:1
#1279867 07.07.2026 23:05:40 : EVT BLE : BLE Sensor Link 4800180D Disc (L-E-:00:0)
#1279868 07.07.2026 23:05:40 : WRN BLE : sendDisconnect 6157
#1279869 07.07.2026 23:05:40 : ERR BLE : [AURA]No filters left, stopping scan
#1279870 07.07.2026 23:05:40 : EVT UI_FRAMEWORK : JS feeling vs idle 1
#1279871 07.07.2026 23:05:40 : EVT UI_FRAMEWORK : JS feeling open ex-saving
#1279872 07.07.2026 23:05:40 : EVT WBSTORAGE : CACHE_DEFRAG (680->1008, 24->24, 25)
#1279873 07.07.2026 23:05:40 : EVT WBSTORAGE : CACHE_DEFRAG (992->1000, 24->24, 25)
#1279874 07.07.2026 23:05:40 : TRC NAVIGATION : CG: no climb WP
#1279875 07.07.2026 23:05:40 : TRC NAVIGATION : CG:init ZoomType=0
#1279876 07.07.2026 23:05:40 : EVT NAVIGATION : initSeg Idx=0 D=1 T=0 3-0-4
#1279877 07.07.2026 23:05:40 : EVT WBSTORAGE : CACHE_DEFRAG (984->1024, 24->24, 25)
#1279878 07.07.2026 23:05:40 : EVT SPEEDFUSION : INFO # IDLE mode(-1) set
#1279879 07.07.2026 23:05:40 : EVT ALTIFUSION : AltiBaroMode:2
#1279880 07.07.2026 23:05:41 : EVT ANALYTICS : #powersave mode:p temp:29.7
#1279881 07.07.2026 23:05:41 : EVT ANALYTICS : Battery-> 4 soc:100
#1279882 07.07.2026 23:05:44 : EVT ANALYTICS : Duration ExSaving:3553
#1279883 07.07.2026 23:05:44 : EVT ANALYTICS : Duration ExSumBroker:366
#1279884 07.07.2026 23:05:49 : EVT UI_FRAMEWORK : JS delete log
#1279885 07.07.2026 23:05:49 : WRN LOGGER : Delete b:logs/6A4D6A06
#1279886 07.07.2026 23:05:52 : EVT WBSTORAGE : CACHE_DEFRAG (1000->1008, 24->24, 25)
#1279887 07.07.2026 23:05:52 : EVT APPLICATION : Zapp zwc05901:Load script
#1279888 07.07.2026 23:05:52 : EVT APPLICATION : Zapp zwc05901:Enable
#1279889 07.07.2026 23:05:52 : EVT ANALYTICS : Zapp enabled i:3 h:ddb248f2 n:zwc05901 v:124f
#1279890 07.07.2026 23:05:52 : WRN WBAPI : eID-691468(277): /Weather/Current/ValidWeatherData.temp 
#1279891 07.07.2026 23:05:57 : EVT WBSTORAGE : CACHE_DEFRAG (880->888, 24->24, 25)
#1279892 07.07.2026 23:06:00 : EVT WBSTORAGE : CACHE_DEFRAG (800->808, 24->24, 25)
#1279893 07.07.2026 23:06:01 : EVT WBSTORAGE : CACHE_DEFRAG (760->800, 24->24, 25)
#1279894 07.07.2026 23:06:01 : EVT WBSTORAGE : CACHE_DEFRAG (776->784, 24->24, 25)
#1279895 07.07.2026 23:06:01 : TRC NAVIGATION : CG: no climb WP
#1279896 07.07.2026 23:06:01 : TRC NAVIGATION : CG:init ZoomType=0
#1279897 07.07.2026 23:06:01 : EVT NAVIGATION : initSeg Idx=0 D=1 T=0 3-0-4
#1279898 07.07.2026 23:06:01 : EVT WBSTORAGE : CACHE_DEFRAG (768->944, 24->24, 25)
#1279899 07.07.2026 23:06:01 : EVT ALTIFUSION : AltiBaroMode:0
#1279900 07.07.2026 23:06:01 : EVT ALTIFUSION : Init AltiBaro
#1279901 07.07.2026 23:06:01 : EVT APPLICATION : Zapp zwc05901:Disable
#1279902 07.07.2026 23:06:01 : EVT ANALYTICS : Zapp disabled i:3 h:ddb248f2 n:Vector classic
#1279903 07.07.2026 23:06:01 : EVT ANALYTICS : SleepQ:Tracking:On
#1279904 07.07.2026 23:06:01 : EVT ALTIFUSION : AltiBaroMode:0
#1279905 07.07.2026 23:06:01 : EVT ALTIFUSION : Init AltiBaro
#1279906 07.07.2026 23:06:01 : EVT WBSTORAGE : CACHE_DEFRAG (920->928, 24->24, 25)
#1279907 07.07.2026 23:06:01 : EVT UI_FRAMEWORK : JS nsto enable zapp: zzwethen
#1279908 07.07.2026 23:06:01 : EVT UI_FRAMEWORK : JS nsto enable zapp: zzmoveen
#1279909 07.07.2026 23:06:01 : EVT UI_FRAMEWORK : JS nsto enable zapp: climbl01
#1279910 07.07.2026 23:06:01 : EVT APPLICATION : Zapp zzwethen:Load script
#1279911 07.07.2026 23:06:01 : EVT APPLICATION : Zapp zzwethen:Enable
#1279912 07.07.2026 23:06:01 : EVT ANALYTICS : Zapp enabled i:8 h:3f77f8ec n:zzwethen v:ade
#1279913 07.07.2026 23:06:01 : EVT APPLICATION : Zapp clid:32878
#1279914 07.07.2026 23:06:01 : EVT APPLICATION : Zapp zzmoveen:Load script
#1279915 07.07.2026 23:06:01 : EVT APPLICATION : Zapp zzmoveen:Enable
#1279916 07.07.2026 23:06:01 : EVT ANALYTICS : Zapp enabled i:6 h:7aac0887 n:zzmoveen v:8e0
#1279917 07.07.2026 23:06:01 : EVT UI_FRAMEWORK : evalFile: b:/zapp/zzmoveen.fea/ext1.js from ui
#1279918 07.07.2026 23:06:01 : EVT APPLICATION : Zapp clid:32879
#1279919 07.07.2026 23:06:01 : EVT APPLICATION : Zapp climbl01:Load script
#1279920 07.07.2026 23:06:02 : EVT APPLICATION : Zapp climbl01:Enable
#1279921 07.07.2026 23:06:02 : EVT ANALYTICS : Zapp enabled i:5 h:a5e7afa5 n:climbl01 v:3.0
#1279922 07.07.2026 23:06:02 : EVT APPLICATION : Zapp clid:32880
#1279923 07.07.2026 23:06:02 : ERR WBMAIN : *0: app 653 Event 37 80995318
#1279924 07.07.2026 23:06:02 : EVT UI_FRAMEWORK : JS nsto all zapps enabled.
#1279925 07.07.2026 23:06:02 : ERR WBMAIN : 1: mea 20 Wait 0 00000000
#1279926 07.07.2026 23:06:02 : ERR WBMAIN : 2: ui 24 Wait 0 00000000
#1279927 07.07.2026 23:06:02 : EVT UI_FRAMEWORK : JS Prestart Activity Id: 16.000
#1279928 07.07.2026 23:06:02 : EVT WBSTORAGE : CACHE_DEFRAG (880->888, 24->24, 25)
#1279929 07.07.2026 23:06:02 : WRN WBAPI : eID-691468(277): /Dive/Alarms/Acknowledge 404
#1279930 07.07.2026 23:06:02 : WRN WBAPI : eID-691468(277): /Dive/DiveGases 404
#1279931 07.07.2026 23:06:02 : WRN WBAPI : eID-691468(277): /Dive/Gauge/Next 404
#1279932 07.07.2026 23:06:02 : EVT WBSTORAGE : CACHE_DEFRAG (816->824, 24->24, 25)
#1279933 07.07.2026 23:06:02 : EVT WBSTORAGE : CACHE_DEFRAG (752->760, 24->24, 25)
#1279934 07.07.2026 23:06:02 : EVT BLE : BLE Sensor Link 4800180D Conn (--E-:00:1)
#1279935 07.07.2026 23:06:02 : WRN BLE : sendConnect 6157
#1279936 07.07.2026 23:06:03 : WRN WBAPI : eID-691468(277): /Dive/TankPressure/Alarm/Count 404
#1279937 07.07.2026 23:06:03 : EVT SPEEDFUSION : INFO # start speed fusion
#1279938 07.07.2026 23:06:03 : EVT SPEEDFUSION : Act:16,Acc:0,BPod:0,FPod:0,PPod:0,BeltPod:1
#1279939 07.07.2026 23:06:03 : EVT SPEEDFUSION : INFO # Start algo without wrist acc
#1279940 07.07.2026 23:06:03 : EVT <Unknown> : Update pres sampl intrvl:1
#1279941 07.07.2026 23:06:03 : EVT OHR : S:start 0x21a3
#1279942 07.07.2026 23:06:03 : EVT TRAININGLAB : TLab:~Mode T 25445 + 5 A 7480 + 0
#1279943 07.07.2026 23:06:03 : EVT TRAININGLAB : TLab:Change mode 2->3
#1279944 07.07.2026 23:06:03 : EVT TRAININGLAB : TLab:Mode::userInfo 60, 200, 1, 37, 182, 950, 1990
#1279945 07.07.2026 23:06:03 : EVT LOGGER : Log space:30330755 bytes free
#1279946 07.07.2026 23:06:03 : EVT TRAININGLAB : ModeUnsub:2800
#1279947 07.07.2026 23:06:03 : EVT TRAININGLAB : ModeSub:9004
#1279948 07.07.2026 23:06:03 : EVT TRAININGLAB : TLab:Select input 0
#1279949 07.07.2026 23:06:03 : EVT TRAININGLAB : TLab:Active input 0
#1279950 07.07.2026 23:06:03 : EVT LOGGER : Exercise started
#1279951 07.07.2026 23:06:03 : EVT BLE : HR RR on (94288379)
#1279952 07.07.2026 23:06:03 : TRC GPS : Full GNSS data subd l:0 c:802b0000
#1279953 07.07.2026 23:06:03 : EVT <Unknown> : 1783458363151:Meas start 0x21a3
#1279954 07.07.2026 23:06:05 : EVT ANALYTICS : Battery-> 3 soc:100
#1279955 07.07.2026 23:06:05 : EVT ANALYTICS : #FusHr src:0 time:0
#1279956 07.07.2026 23:06:05 : EVT ANALYTICS : #Act id:16
#1279957 07.07.2026 23:06:05 : EVT ANALYTICS : #powersave mode:p temp:30.2
#1279958 07.07.2026 23:06:05 : EVT ANALYTICS : GPSMODE:NOTUSED
#1279959 07.07.2026 23:06:05 : EVT ANALYTICS : #gnss d:2026-07-07T00:00:00Z
#1279960 07.07.2026 23:06:05 : EVT ANALYTICS : #zapp n:Weather e:1
#1279961 07.07.2026 23:06:05 : EVT ANALYTICS : #zapp n:Movement e:1
#1279962 07.07.2026 23:06:05 : EVT ANALYTICS : #zapp n:Climb Log e:1
#1279963 07.07.2026 23:06:06 : EVT LOGGER : Exercise paused
#1279964 07.07.2026 23:06:06 : WRN WBAPI : eID-691468(277): /Dive/Alarms/Acknowledge 404
#1279965 07.07.2026 23:06:06 : WRN WBAPI : eID-691468(277): /Dive/DiveGases 404
#1279966 07.07.2026 23:06:06 : WRN WBAPI : eID-691468(277): /Dive/Gauge/Next 404
#1279967 07.07.2026 23:06:10 : EVT APPLICATION : Zapp climbl01:Disable
#1279968 07.07.2026 23:06:10 : EVT ANALYTICS : Zapp disabled i:5 h:a5e7afa5 n:Climb Log
#1279969 07.07.2026 23:06:10 : EVT APPLICATION : Zapp zzmoveen:Disable
#1279970 07.07.2026 23:06:10 : EVT ANALYTICS : Zapp disabled i:6 h:7aac0887 n:Movement
#1279971 07.07.2026 23:06:10 : EVT UI_FRAMEWORK : evalFile: b:/zapp/zzmoveen.fea/ext2.js from ui
#1279972 07.07.2026 23:06:10 : EVT APPLICATION : Zapp zzwethen:Disable
#1279973 07.07.2026 23:06:10 : EVT ANALYTICS : Zapp disabled i:8 h:3f77f8ec n:Weather
#1279974 07.07.2026 23:06:10 : EVT UI_FRAMEWORK : JS discard disable zapps
#1279975 07.07.2026 23:06:10 : EVT UI_FRAMEWORK : JS will discard
#1279976 07.07.2026 23:06:10 : EVT SPEEDFUSION : INFO # stop speed fusion
#1279977 07.07.2026 23:06:10 : EVT <Unknown> : Update pres sampl intrvl:5
#1279978 07.07.2026 23:06:10 : WRN APPLICATION : discard hrr meas l:3 d:0 sh:0 mh:0 v:0
#1279979 07.07.2026 23:06:10 : EVT TRAININGZONE : User Define Mode:5
#1279980 07.07.2026 23:06:10 : EVT TRAININGZONE : Tss HR:0.03
#1279981 07.07.2026 23:06:10 : EVT TRAININGZONE : A:16,Tss:[-200.00,-200.00,-200.00,0.03]
#1279982 07.07.2026 23:06:10 : EVT TRAININGLAB : AppFeature Vo2Max 0.000000
#1279983 07.07.2026 23:06:10 : EVT TRAININGLAB : TLab:~Mode T 25450 + 1 A 7480 + 0
#1279984 07.07.2026 23:06:10 : EVT TRAININGLAB : TLab:Change mode 3->2
#1279985 07.07.2026 23:06:10 : EVT TRAININGLAB : TLab:Mode::userInfo 60, 200, 1, 37, 182, 950, 1990
#1279986 07.07.2026 23:06:10 : EVT LOGGER : LGR 934, 80
#1279987 07.07.2026 23:06:10 : EVT TRAININGLAB : ModeUnsub:91C5
#1279988 07.07.2026 23:06:10 : EVT OHR : S:start 0x2123
#1279989 07.07.2026 23:06:10 : EVT TRAININGLAB : ModeSub:0400
#1279990 07.07.2026 23:06:10 : EVT ANALYTICS : WAOae:Activity WAOae:16
#1279991 07.07.2026 23:06:10 : EVT ANALYTICS : WAOae:TotalAcc WAOae:0,0,0
#1279992 07.07.2026 23:06:10 : EVT ANALYTICS : WAOae:AccCount WAOae:0,0,0
#1279993 07.07.2026 23:06:10 : EVT ANALYTICS : WAOae:Distance WAOae:0,0,0
#1279994 07.07.2026 23:06:10 : EVT ANALYTICS : WAOae:Duration WAOae:0,0,0
#1279995 07.07.2026 23:06:10 : EVT ANALYTICS : WAOae:Coeff WAOae:0,40,240,390,773,7524,7624
#1279996 07.07.2026 23:06:10 : EVT LOGGER : Exercise stopped
#1279997 07.07.2026 23:06:10 : EVT BLE : HR RR off (94295684, 7305 ms missing)
#1279998 07.07.2026 23:06:10 : EVT BLE : HR RR done
#1279999 07.07.2026 23:06:10 : EVT LOGGER : HrIbiLogger stop, off (0 ms)
#1280000 07.07.2026 23:06:10 : EVT LOGGER : HrIbiLogger stopped (0 ms)
#1280001 07.07.2026 23:06:10 : TRC GPS : Unsubd c:802b0000
#1280002 07.07.2026 23:06:10 : EVT LOGGER : LGR 934, 80
#1280003 07.07.2026 23:06:10 : EVT ANALYTICS : SleepQ:Tracking:On
#1280004 07.07.2026 23:06:10 : EVT LOGGER : Wr dpc on
#1280005 07.07.2026 23:06:10 : EVT LOGGER : LGR 20993, 56
#1280006 07.07.2026 23:06:10 : EVT <Unknown> : 1783458370652:Meas start 0x2123
#1280007 07.07.2026 23:06:11 : EVT WBSTORAGE : CACHE_DEFRAG (680->1016, 24->24, 25)
#1280008 07.07.2026 23:06:11 : TRC NAVIGATION : CG: no climb WP
#1280009 07.07.2026 23:06:11 : TRC NAVIGATION : CG:init ZoomType=0
#1280010 07.07.2026 23:06:11 : EVT NAVIGATION : initSeg Idx=0 D=1 T=0 3-0-4
#1280011 07.07.2026 23:06:11 : EVT WBSTORAGE : CACHE_DEFRAG (1000->1024, 24->24, 25)
#1280012 07.07.2026 23:06:11 : EVT SPEEDFUSION : INFO # IDLE mode(-1) set
#1280013 07.07.2026 23:06:11 : EVT ALTIFUSION : AltiBaroMode:2
#1280014 07.07.2026 23:06:11 : ERR WBMAIN : *0: app 572 Event 28 802c400e
#1280015 07.07.2026 23:06:11 : ERR WBMAIN : 1: mea 0 Wait 0 00000000
#1280016 07.07.2026 23:06:11 : ERR WBMAIN : 2: ui 2 Wait 0 00000000
#1280017 07.07.2026 23:06:11 : EVT BLE : Disconn sensor:1
#1280018 07.07.2026 23:06:11 : EVT BLE : BLE Sensor Link 4800180D Disc (L-E-:00:0)
#1280019 07.07.2026 23:06:11 : WRN BLE : sendDisconnect 6157
#1280020 07.07.2026 23:06:11 : ERR BLE : [AURA]No filters left, stopping scan
#1280021 07.07.2026 23:06:11 : ERR BLE : [AURA]Filter with handle 72 not found
#1280022 07.07.2026 23:06:12 : EVT ANALYTICS : #powersave mode:p temp:30.2
#1280023 07.07.2026 23:06:12 : EVT ANALYTICS : Battery-> 4 soc:100
#1280024 07.07.2026 23:06:12 : EVT WBSTORAGE : CACHE_DEFRAG (1000->1008, 24->24, 25)
#1280025 07.07.2026 23:06:12 : EVT WBSTORAGE : CACHE_DEFRAG (936->944, 24->24, 25)
#1280026 07.07.2026 23:06:12 : EVT BLE : lt,scan 1
#1280027 07.07.2026 23:06:12 : WRN BLE : sendDisconnect 6157
#1280028 07.07.2026 23:06:12 : ERR BLE : [AURA]Filter with handle 72 not found
#1280029 07.07.2026 23:06:13 : EVT BLE : packet 0 sensor found count 1
#1280030 07.07.2026 23:06:13 : EVT BLE : packet 0 sensor found count 2
#1280031 07.07.2026 23:06:14 : EVT UI_FRAMEWORK : JS discard
#1280032 07.07.2026 23:06:14 : WRN LOGGER : Delete b:logs/6A4D6A3B
#1280033 07.07.2026 23:06:16 : EVT WBSTORAGE : CACHE_DEFRAG (872->880, 24->24, 25)
#1280034 07.07.2026 23:06:16 : EVT APPLICATION : Zapp zwc05901:Load script
#1280035 07.07.2026 23:06:16 : EVT APPLICATION : Zapp zwc05901:Enable
#1280036 07.07.2026 23:06:16 : EVT ANALYTICS : Zapp enabled i:3 h:ddb248f2 n:zwc05901 v:124f
#1280037 07.07.2026 23:06:16 : WRN WBAPI : eID-691468(277): /Weather/Current/ValidWeatherData.temp 
#1280038 07.07.2026 23:06:20 : EVT WBSTORAGE : CACHE_DEFRAG (752->760, 24->24, 25)
#1280039 07.07.2026 23:06:21 : EVT WBSTORAGE : CACHE_DEFRAG (712->744, 24->24, 25)
#1280040 07.07.2026 23:06:21 : TRC NAVIGATION : CG: no climb WP
#1280041 07.07.2026 23:06:21 : TRC NAVIGATION : CG:init ZoomType=0
#1280042 07.07.2026 23:06:21 : EVT NAVIGATION : initSeg Idx=0 D=1 T=0 3-0-4
#1280043 07.07.2026 23:06:21 : EVT WBSTORAGE : CACHE_DEFRAG (720->944, 24->24, 25)
#1280044 07.07.2026 23:06:21 : EVT ALTIFUSION : AltiBaroMode:0
#1280045 07.07.2026 23:06:21 : EVT ALTIFUSION : Init AltiBaro
#1280046 07.07.2026 23:06:21 : EVT APPLICATION : Zapp zwc05901:Disable
#1280047 07.07.2026 23:06:21 : EVT ANALYTICS : Zapp disabled i:3 h:ddb248f2 n:Vector classic
#1280048 07.07.2026 23:06:21 : EVT ANALYTICS : SleepQ:Tracking:On
#1280049 07.07.2026 23:06:21 : EVT ALTIFUSION : AltiBaroMode:0
#1280050 07.07.2026 23:06:21 : EVT ALTIFUSION : Init AltiBaro
#1280051 07.07.2026 23:06:21 : EVT WBSTORAGE : CACHE_DEFRAG (920->928, 24->24, 25)
#1280052 07.07.2026 23:06:21 : EVT UI_FRAMEWORK : JS nsto enable zapp: zzwethen
#1280053 07.07.2026 23:06:21 : EVT UI_FRAMEWORK : JS nsto enable zapp: zzmoveen
#1280054 07.07.2026 23:06:21 : EVT UI_FRAMEWORK : JS nsto enable zapp: climbl01
#1280055 07.07.2026 23:06:21 : EVT APPLICATION : Zapp zzwethen:Load script
#1280056 07.07.2026 23:06:21 : EVT APPLICATION : Zapp zzwethen:Enable
#1280057 07.07.2026 23:06:21 : EVT ANALYTICS : Zapp enabled i:8 h:3f77f8ec n:zzwethen v:ade
#1280058 07.07.2026 23:06:21 : EVT APPLICATION : Zapp clid:32878
#1280059 07.07.2026 23:06:21 : EVT APPLICATION : Zapp zzmoveen:Load script
#1280060 07.07.2026 23:06:21 : EVT APPLICATION : Zapp zzmoveen:Enable
#1280061 07.07.2026 23:06:21 : EVT ANALYTICS : Zapp enabled i:6 h:7aac0887 n:zzmoveen v:8e0
#1280062 07.07.2026 23:06:21 : EVT UI_FRAMEWORK : evalFile: b:/zapp/zzmoveen.fea/ext1.js from ui
#1280063 07.07.2026 23:06:21 : EVT APPLICATION : Zapp clid:32879
#1280064 07.07.2026 23:06:21 : EVT APPLICATION : Zapp climbl01:Load script
#1280065 07.07.2026 23:06:22 : EVT APPLICATION : Zapp climbl01:Enable
#1280066 07.07.2026 23:06:22 : EVT ANALYTICS : Zapp enabled i:5 h:a5e7afa5 n:climbl01 v:3.0
#1280067 07.07.2026 23:06:22 : EVT APPLICATION : Zapp clid:32880
#1280068 07.07.2026 23:06:22 : EVT UI_FRAMEWORK : JS nsto all zapps enabled.
#1280069 07.07.2026 23:06:22 : ERR WBMAIN : *0: app 633 Event 37 80995318
#1280070 07.07.2026 23:06:22 : ERR WBMAIN : 1: mea 4 Wait 0 00000000
#1280071 07.07.2026 23:06:22 : ERR WBMAIN : 2: ui 26 Wait 0 00000000
#1280072 07.07.2026 23:06:22 : EVT UI_FRAMEWORK : JS Prestart Activity Id: 16.000
#1280073 07.07.2026 23:06:22 : WRN WBAPI : eID-691468(277): /Dive/Alarms/Acknowledge 404
#1280074 07.07.2026 23:06:22 : WRN WBAPI : eID-691468(277): /Dive/DiveGases 404
#1280075 07.07.2026 23:06:22 : WRN WBAPI : eID-691468(277): /Dive/Gauge/Next 404
#1280076 07.07.2026 23:06:22 : EVT WBSTORAGE : CACHE_DEFRAG (880->888, 24->24, 25)
#1280077 07.07.2026 23:06:22 : EVT WBSTORAGE : CACHE_DEFRAG (816->824, 24->24, 25)
#1280078 07.07.2026 23:06:22 : EVT WBSTORAGE : CACHE_DEFRAG (752->760, 24->24, 25)
#1280079 07.07.2026 23:06:22 : EVT BLE : BLE Sensor Link 4800180D Conn (--E-:00:1)
#1280080 07.07.2026 23:06:22 : WRN BLE : sendConnect 6157
#1280081 07.07.2026 23:06:22 : WRN WBAPI : eID-691468(277): /Dive/TankPressure/Alarm/Count 404
#1280082 07.07.2026 23:06:23 : EVT <Unknown> : Update pres sampl intrvl:1
#1280083 07.07.2026 23:06:23 : EVT SPEEDFUSION : INFO # start speed fusion
#1280084 07.07.2026 23:06:23 : EVT SPEEDFUSION : Act:16,Acc:0,BPod:0,FPod:0,PPod:0,BeltPod:1
#1280085 07.07.2026 23:06:23 : EVT SPEEDFUSION : INFO # Start algo without wrist acc
#1280086 07.07.2026 23:06:23 : EVT OHR : S:start 0x21a3
#1280087 07.07.2026 23:06:23 : EVT <Unknown> : 1783458383058:Meas start 0x21a3
#1280088 07.07.2026 23:06:32 : EVT BLE : lt,scan 1
#1280089 07.07.2026 23:06:32 : WRN BLE : sendDisconnect 6157
#1280090 07.07.2026 23:06:32 : ERR BLE : [AURA]No filters left, stopping scan
#1280091 07.07.2026 23:06:32 : EVT BLE : packet 0 sensor found count 1
#1280092 07.07.2026 23:06:32 : EVT BLE : packet 0 sensor found count 2
#1280093 07.07.2026 23:06:32 : EVT ANALYTICS : #FusHr src:2 time:10208
#1280094 07.07.2026 23:06:33 : EVT APPLICATION : Zapp climbl01:Disable
#1280095 07.07.2026 23:06:33 : EVT ANALYTICS : Zapp disabled i:5 h:a5e7afa5 n:Climb Log
#1280096 07.07.2026 23:06:33 : EVT WBSTORAGE : CACHE_DEFRAG (680->712, 24->24, 25)
#1280097 07.07.2026 23:06:38 : EVT APPLICATION : Zapp climbl01:Load script
#1280098 07.07.2026 23:06:38 : EVT APPLICATION : Zapp climbl01:Enable
#1280099 07.07.2026 23:06:38 : EVT ANALYTICS : Zapp enabled i:5 h:a5e7afa5 n:climbl01 v:3.0
#1280100 07.07.2026 23:06:38 : EVT APPLICATION : Zapp clid:32880
#1280101 07.07.2026 23:06:38 : EVT OHR : S:start 0x2123
#1280102 07.07.2026 23:06:38 : EVT <Unknown> : 1783458398575:Meas start 0x2123
#1280103 07.07.2026 23:06:39 : WRN WBAPI : eID-691468(277): /Dive/TankPressure/Alarm/Count 404
#1280104 07.07.2026 23:06:39 : EVT OHR : S:start 0x21a3
#1280105 07.07.2026 23:06:41 : EVT <Unknown> : 1783458399982:Meas start 0x21a3
#1280106 07.07.2026 23:06:46 : EVT APPLICATION : Zapp climbl01:Disable
#1280107 07.07.2026 23:06:46 : EVT ANALYTICS : Zapp disabled i:5 h:a5e7afa5 n:Climb Log
#1280108 07.07.2026 23:06:54 : EVT APPLICATION : Zapp climbl01:Load script
#1280109 07.07.2026 23:06:54 : ERR APPLICATION : Zapp:relMemCb (exec:zapp)
#1280110 07.07.2026 23:06:54 : EVT APPLICATION : Zapp zzwethen:Disable
#1280111 07.07.2026 23:06:54 : EVT ANALYTICS : Zapp disabled i:8 h:3f77f8ec n:Weather
#1280112 07.07.2026 23:06:54 : ERR APPLICATION : Zapp 3:RelMem->unload
#1280113 07.07.2026 23:06:54 : ERR APPLICATION : Zapp:relMemCb (exec:zapp)
#1280114 07.07.2026 23:06:54 : EVT APPLICATION : Zapp zzmoveen:Disable
#1280115 07.07.2026 23:06:54 : EVT ANALYTICS : Zapp disabled i:6 h:7aac0887 n:Movement
#1280116 07.07.2026 23:06:54 : ERR APPLICATION : Zapp 3:RelMem->unload
#1280117 07.07.2026 23:06:54 : ERR APPLICATION : Zapp:relMemCb (exec:zapp)
#1280118 07.07.2026 23:06:54 : ERR APPLICATION : Zapp:RelMem->None avail
#1280119 07.07.2026 23:06:54 : ERR DUKTAPE : JSalloc:2392
#1280120 07.07.2026 23:06:54 : ERR APPLICATION : Zapp:relMemCb (exec:zapp)
#1280121 07.07.2026 23:06:54 : ERR APPLICATION : Zapp:RelMem->None avail
#1280122 07.07.2026 23:06:54 : ERR DUKTAPE : JSalloc:2392
#1280123 07.07.2026 23:06:54 : ERR APPLICATION : Zapp:relMemCb (exec:zapp)
#1280124 07.07.2026 23:06:54 : ERR APPLICATION : Zapp:RelMem->None avail
#1280125 07.07.2026 23:06:54 : ERR DUKTAPE : JSalloc:2392
#1280126 07.07.2026 23:06:54 : EVT APPLICATION : Zapp climbl01:Enable
#1280127 07.07.2026 23:06:54 : EVT ANALYTICS : Zapp enabled i:5 h:a5e7afa5 n:climbl01 v:3.0
#1280128 07.07.2026 23:06:54 : EVT APPLICATION : Zapp clid:32880
#1280129 07.07.2026 23:06:54 : EVT OHR : S:start 0x2123
#1280130 07.07.2026 23:06:54 : EVT <Unknown> : 1783458414703:Meas start 0x2123
#1280131 07.07.2026 23:06:59 : EVT <Unknown> : 1783458419373:Off Skin Set.
#1280132 07.07.2026 23:07:02 : EVT PMIC : VBUS state is ON
#1280133 07.07.2026 23:07:02 : EVT PMIC : chgCntl1:0x70
#1280134 07.07.2026 23:07:02 : EVT PMIC : check chgCntl1:0x74
#1280135 07.07.2026 23:07:03 : EVT PMIC : Turn charge ON since VBUS->ON
#1280136 07.07.2026 23:07:03 : EVT PMIC : PMIC temp zone:0x2
#1280137 07.07.2026 23:07:03 : EVT PMIC : PMIC Fast-charge constant cur
#1280138 07.07.2026 23:07:03 : EVT PMIC : PMIC Fast-charge constant voltage
#1280139 07.07.2026 23:07:03 : EVT OHR : VBUS on
#1280140 07.07.2026 23:07:03 : EVT OHR : S:stop 23
#1280141 07.07.2026 23:07:03 : EVT <Unknown> : 1783458423049:Meas stop 0x2123
#1280142 07.07.2026 23:07:03 : EVT PMIC : VBUS state is ON
#1280143 07.07.2026 23:07:03 : WRN <Unknown> : 1783458423050:FSM EVT STOP.
#1280144 07.07.2026 23:07:03 : EVT OHR : S:OFF 1->0
#1280145 07.07.2026 23:07:04 : EVT PMIC : PMIC temp zone:0x7
#1280146 07.07.2026 23:07:04 : EVT PMIC : VBUS state is OFF
#1280147 07.07.2026 23:07:04 : EVT PMIC : Turn charge OFF since VBUS->OFF
#1280148 07.07.2026 23:07:04 : EVT OHR : VBUS off
#1280149 07.07.2026 23:07:04 : EVT OHR : S:ON 0->1
#1280150 07.07.2026 23:07:04 : EVT OHR : APPINIT:caps 0x1f4, 6b738616
#1280151 07.07.2026 23:07:04 : EVT <Unknown> : 1783458424614:AI@1783458424590, tz120
#1280152 07.07.2026 23:07:04 : EVT OHR : S:start 0x2123
#1280153 07.07.2026 23:07:04 : EVT <Unknown> : 1783458424619:Meas start 0x2123
#1280154 07.07.2026 23:07:04 : EVT OHR : No HR update, invalidate by timer
#1280155 07.07.2026 23:07:04 : EVT <Unknown> : 1783458424634:PD1464, 0
#1280156 07.07.2026 23:07:04 : EVT <Unknown> : 1783458424695:GMV 20251126/1/4/0/395/46
#1280157 07.07.2026 23:07:04 : EVT <Unknown> : 1783458424949:Mi1.6.10, auth 0, hr_mode 0
#1280158 07.07.2026 23:07:06 : EVT <Unknown> : 1783458425200:On Skin Set.
#1280159 07.07.2026 23:07:08 : EVT APPLICATION : Zapp zznoteen:Load script
#1280160 07.07.2026 23:07:08 : EVT APPLICATION : Zapp zznoteen:Enable
#1280161 07.07.2026 23:07:09 : EVT ANALYTICS : Zapp enabled i:7 h:770dc2b0 n:zznoteen v:1.3a
#1280162 07.07.2026 23:07:09 : ERR APPLICATION : Zapp zznoteen:run evt 2
#1280163 07.07.2026 23:07:09 : EVT APPLICATION : Zapp zznoteen:Disable
#1280164 07.07.2026 23:07:09 : EVT ANALYTICS : Zapp disabled i:7 h:770dc2b0 n:Notes
#1280165 07.07.2026 23:07:09 : EVT APPLICATION : Zapp clid:32878
#1280166 07.07.2026 23:07:09 : EVT APPLICATION : Zapp zznoteen:Load script
#1280167 07.07.2026 23:07:09 : EVT APPLICATION : Zapp zznoteen:Enable
#1280168 07.07.2026 23:07:09 : EVT ANALYTICS : Zapp enabled i:7 h:770dc2b0 n:zznoteen v:1.3a
#1280169 07.07.2026 23:07:09 : ERR APPLICATION : Zapp zznoteen:run evt 2
#1280170 07.07.2026 23:07:09 : EVT APPLICATION : Zapp zznoteen:Disable
#1280171 07.07.2026 23:07:09 : EVT ANALYTICS : Zapp disabled i:7 h:770dc2b0 n:Notes
#1280172 07.07.2026 23:07:10 : EVT APPLICATION : Zapp clid:32878
#1280173 07.07.2026 23:07:10 : ERR <Unknown> : 1783458429214:Mi invalid call:100,code:0.
#1280174 07.07.2026 23:07:11 : TRC APPLICATION : Zapp ?: Exec. event 1 failed (zapp disabled)
#1280175 07.07.2026 23:07:11 : EVT APPLICATION : Zapp zzwethen:Load script
#1280176 07.07.2026 23:07:11 : EVT APPLICATION : Zapp zzwethen:Enable
#1280177 07.07.2026 23:07:11 : EVT ANALYTICS : Zapp enabled i:8 h:3f77f8ec n:zzwethen v:ade
#1280178 07.07.2026 23:07:11 : EVT APPLICATION : Zapp clid:32878
#1280179 07.07.2026 23:07:13 : EVT APPLICATION : Zapp zzmoveen:Load script
#1280180 07.07.2026 23:07:13 : EVT APPLICATION : Zapp zzmoveen:Enable
#1280181 07.07.2026 23:07:13 : EVT ANALYTICS : Zapp enabled i:6 h:7aac0887 n:zzmoveen v:8e0
#1280182 07.07.2026 23:07:13 : EVT UI_FRAMEWORK : evalFile: b:/zapp/zzmoveen.fea/ext1.js from ui
#1280183 07.07.2026 23:07:13 : EVT APPLICATION : Zapp clid:32879
#1280184 07.07.2026 23:07:22 : EVT OHR : new HR update
#1280185 07.07.2026 23:07:23 : WRN WBAPI : eID-691468(277): /Dive/TankPressure/Alarm/Count 404
#1280186 07.07.2026 23:07:23 : EVT OHR : S:start 0x21a3
#1280187 07.07.2026 23:07:24 : EVT LOGGER : HrIbiLogger stop, off (0 ms)
#1280188 07.07.2026 23:07:24 : EVT WBSTORAGE : CACHE_DEFRAG (648->784, 24->24, 25)
#1280189 07.07.2026 23:07:24 : TRC NAVIGATION : CG: no climb WP
#1280190 07.07.2026 23:07:24 : TRC NAVIGATION : CG:init ZoomType=0
#1280191 07.07.2026 23:07:24 : EVT <Unknown> : 1783458443501:Meas start 0x21a3
#1280192 07.07.2026 23:07:24 : EVT NAVIGATION : initSeg Idx=0 D=1 T=0 3-0-4
#1280193 07.07.2026 23:07:24 : EVT WBSTORAGE : CACHE_DEFRAG (768->1024, 24->24, 25)
#1280194 07.07.2026 23:07:24 : EVT SPEEDFUSION : INFO # IDLE mode(-1) set
#1280195 07.07.2026 23:07:24 : EVT ALTIFUSION : AltiBaroMode:2
#1280196 07.07.2026 23:07:24 : EVT APPLICATION : Zapp climbl01:Disable
#1280197 07.07.2026 23:07:24 : EVT ANALYTICS : Zapp disabled i:5 h:a5e7afa5 n:Climb Log
#1280198 07.07.2026 23:07:24 : EVT APPLICATION : Zapp zzmoveen:Disable
#1280199 07.07.2026 23:07:24 : EVT ANALYTICS : Zapp disabled i:6 h:7aac0887 n:Movement
#1280200 07.07.2026 23:07:24 : EVT UI_FRAMEWORK : evalFile: b:/zapp/zzmoveen.fea/ext2.js from ui
#1280201 07.07.2026 23:07:24 : EVT APPLICATION : Zapp zzwethen:Disable
#1280202 07.07.2026 23:07:24 : EVT ANALYTICS : Zapp disabled i:8 h:3f77f8ec n:Weather
#1280203 07.07.2026 23:07:24 : EVT <Unknown> : Update pres sampl intrvl:5
#1280204 07.07.2026 23:07:24 : EVT SPEEDFUSION : INFO # stop speed fusion
#1280205 07.07.2026 23:07:24 : EVT ANALYTICS : SleepQ:Tracking:On
#1280206 07.07.2026 23:07:24 : EVT OHR : S:start 0x2123
#1280207 07.07.2026 23:07:24 : EVT WBSTORAGE : CACHE_DEFRAG (1000->1008, 24->24, 25)
#1280208 07.07.2026 23:07:25 : EVT <Unknown> : 1783458444449:Meas start 0x2123
#1280209 07.07.2026 23:07:25 : EVT BLE : Disconn sensor:1
#1280210 07.07.2026 23:07:25 : EVT BLE : BLE Sensor Link 4800180D Disc (L-E-:00:0)
#1280211 07.07.2026 23:07:25 : WRN BLE : sendDisconnect 6157
#1280212 07.07.2026 23:07:25 : ERR BLE : [AURA]No filters left, stopping scan
#1280213 07.07.2026 23:07:25 : EVT APPLICATION : Zapp zwc05901:Load script
#1280214 07.07.2026 23:07:25 : EVT APPLICATION : Zapp zwc05901:Enable
#1280215 07.07.2026 23:07:25 : EVT ANALYTICS : Zapp enabled i:3 h:ddb248f2 n:zwc05901 v:124f
#1280216 07.07.2026 23:07:25 : WRN WBAPI : eID-691468(277): /Weather/Current/ValidWeatherData.temp 
#1280217 07.07.2026 23:07:29 : EVT <Unknown> : 1783458448162:Off Skin Set.
#1280218 07.07.2026 23:07:32 : EVT PMIC : PMIC temp zone:0x2
#1280219 07.07.2026 23:07:32 : EVT PMIC : VBUS state is ON
#1280220 07.07.2026 23:07:32 : EVT PMIC : chgCntl1:0x70
#1280221 07.07.2026 23:07:32 : EVT PMIC : check chgCntl1:0x74
#1280222 07.07.2026 23:07:32 : EVT PMIC : Turn charge ON since VBUS->ON
#1280223 07.07.2026 23:07:32 : EVT PMIC : PMIC Fast-charge constant cur
#1280224 07.07.2026 23:07:32 : EVT OHR : VBUS on
#1280225 07.07.2026 23:07:32 : EVT PMIC : PMIC Fast-charge constant voltage
#1280226 07.07.2026 23:07:32 : EVT OHR : S:stop 23
#1280227 07.07.2026 23:07:32 : EVT <Unknown> : 1783458452309:Meas stop 0x2123
#1280228 07.07.2026 23:07:32 : EVT PMIC : VBUS state is ON
#1280229 07.07.2026 23:07:32 : WRN <Unknown> : 1783458452309:FSM EVT STOP.
#1280230 07.07.2026 23:07:32 : EVT OHR : S:OFF 1->0
#1280231 07.07.2026 23:07:32 : ERR WBMAIN : *0: app 503 Event 28 80606c07
#1280232 07.07.2026 23:07:32 : ERR WBMAIN : 1: mea 0 Wait 0 00000000
#1280233 07.07.2026 23:07:32 : ERR WBMAIN : 2: ui 5 Wait 0 00000000
#1280234 07.07.2026 23:07:33 : EVT OHR : No HR update, invalidate by timer
#1280235 07.07.2026 23:07:38 : TRC FUEL_GAUGE : Chg->1,B:5,C:7.1,V:4423,U:1,bF:100%,bC:100%
#1280236 07.07.2026 23:07:38 : EVT ANALYTICS : Battery-> 2 soc:100
#1280237 07.07.2026 23:07:44 : EVT WBCOMM : P-9 connection made to ECSD00000000
#1280238 07.07.2026 23:07:44 : EVT WBCOMM : New Route: ECSD00000000
#1280239 07.07.2026 23:07:47 : ERR WBMAIN : *0: app 724 Event 36 80005310
#1280240 07.07.2026 23:07:47 : ERR WBMAIN : 1: mea 53 Wait 0 00000000
#1280241 07.07.2026 23:07:47 : ERR WBMAIN : 2: ui 53 Wait 0 00000000
#1280242 07.07.2026 23:07:47 : EVT WBSTORAGE : CACHE_DEFRAG (880->888, 24->24, 25)
#1280243 07.07.2026 23:07:47 : EVT WBSTORAGE : CACHE_DEFRAG (856->864, 24->24, 25)
#1280244 07.07.2026 23:07:47 : EVT WBSTORAGE : CACHE_DEFRAG (816->824, 24->24, 25)
#1280245 07.07.2026 23:07:47 : EVT <Unknown> : DL Region List
#1280246 07.07.2026 23:07:47 : EVT WIFI : Pwr up
#1280247 07.07.2026 23:07:48 : EVT ANALYTICS : Sync start
#1280248 07.07.2026 23:07:48 : EVT ANALYTICS : Sync start
#1280249 07.07.2026 23:07:54 : EVT WIFI : pwr up
#1280250 07.07.2026 23:07:54 : EVT WIFI : SDK Ver(3.2.8.1)
#1280251 07.07.2026 23:07:54 : EVT WIFI : Scann APs (1/3)
#1280252 07.07.2026 23:07:54 : EVT WIFI : APs scanned:5
#1280253 07.07.2026 23:07:54 : EVT WBSTORAGE : CACHE_DEFRAG (808->816, 24->24, 25)
#1280254 07.07.2026 23:07:54 : WRN WIFI : No APs matched to connect
#1280255 07.07.2026 23:07:54 : EVT WIFI : Scann APs (2/3)
#1280256 07.07.2026 23:07:55 : EVT WIFI : APs scanned:6
#1280257 07.07.2026 23:07:55 : WRN WIFI : No APs matched to connect
#1280258 07.07.2026 23:07:55 : EVT WIFI : Scann APs (3/3)
#1280259 07.07.2026 23:07:56 : EVT WIFI : APs scanned:3
#1280260 07.07.2026 23:07:56 : WRN WIFI : No APs matched to connect
#1280261 07.07.2026 23:07:56 : EVT WIFI : Internal connect ret:103
#1280262 07.07.2026 23:07:56 : ERR <Unknown> : DL GET resultCode=500
#1280263 07.07.2026 23:07:56 : EVT <Unknown> : DL try retry after 900000 ms
#1280264 07.07.2026 23:08:09 : EVT WIFI : Pwr down idle wifi (TO:13se)
#1280265 07.07.2026 23:08:09 : EVT WIFI : pwr down OK
#1280266 07.07.2026 23:08:25 : TRC APPLICATION : Zapp climbl01 uninstalled
#1280267 07.07.2026 23:08:26 : ERR WBMAIN : *0: app 1047 Event 36 80005310
#1280268 07.07.2026 23:08:26 : ERR WBMAIN : 1: mea 73 Wait 0 00000000
#1280269 07.07.2026 23:08:26 : ERR WBMAIN : 2: ui 72 Wait 0 00000000
#1280270 07.07.2026 23:08:27 : EVT ANALYTICS : Sync start
#1280271 07.07.2026 23:08:27 : EVT ANALYTICS : Sync start

