#1286965 08.07.2026 14:31:34 : EVT ANALYTICS : #2ws AID:16 WHR:1 INT:0 AL:3 AP:0 FE:1 MC:1 TH:0
#1286966 08.07.2026 14:31:36 : EVT OHR : No HR update, invalidate by timer
#1286967 08.07.2026 14:31:36 : EVT LOGGER : LGR 934, 80
#1286968 08.07.2026 14:31:37 : EVT <Unknown> : 1783513896828:On Skin Set.
#1286969 08.07.2026 14:31:38 : EVT <Unknown> : 1783513897459:Off Skin Set.
#1286970 08.07.2026 14:31:39 : EVT <Unknown> : 1783513898586:On Skin Set.
#1286971 08.07.2026 14:31:39 : EVT OHR : new HR update
#1286972 08.07.2026 14:31:46 : EVT LOGGER : LGR 934, 80
#1286973 08.07.2026 14:31:56 : EVT LOGGER : LGR 934, 80
#1286974 08.07.2026 14:32:00 : EVT SEDENTARY : stop monitoring
#1286975 08.07.2026 14:32:06 : EVT LOGGER : LGR 934, 80
#1286976 08.07.2026 14:32:07 : EVT <Unknown> : 1783513926743:Off Skin Set.
#1286977 08.07.2026 14:32:07 : EVT <Unknown> : 1783513927120:On Skin Set.
#1286978 08.07.2026 14:32:08 : EVT LOGGER : Exercise paused
#1286979 08.07.2026 14:32:08 : WRN WBAPI : eID-691468(277): /Dive/Alarms/Acknowledge 404
#1286980 08.07.2026 14:32:08 : WRN WBAPI : eID-691468(277): /Dive/DiveGases 404
#1286981 08.07.2026 14:32:08 : WRN WBAPI : eID-691468(277): /Dive/Gauge/Next 404
#1286982 08.07.2026 14:32:10 : EVT <Unknown> : 1783513929431:Off Skin Set.
#1286983 08.07.2026 14:32:11 : EVT <Unknown> : 1783513930308:On Skin Set.
#1286984 08.07.2026 14:32:36 : EVT APPLICATION : Zapp climbl01:Disable
#1286985 08.07.2026 14:32:36 : EVT ANALYTICS : Zapp disabled i:5 h:a5e7afa5 n:Climb Log
#1286986 08.07.2026 14:32:36 : EVT APPLICATION : Zapp zzmoveen:Disable
#1286987 08.07.2026 14:32:36 : EVT ANALYTICS : Zapp disabled i:6 h:7aac0887 n:Movement
#1286988 08.07.2026 14:32:36 : EVT UI_FRAMEWORK : evalFile: b:/zapp/zzmoveen.fea/ext2.js from ui
#1286989 08.07.2026 14:32:36 : EVT APPLICATION : Zapp zzwethen:Disable
#1286990 08.07.2026 14:32:36 : EVT ANALYTICS : Zapp disabled i:8 h:3f77f8ec n:Weather
#1286991 08.07.2026 14:32:36 : EVT UI_FRAMEWORK : JS discard disable zapps
#1286992 08.07.2026 14:32:36 : EVT UI_FRAMEWORK : JS will discard
#1286993 08.07.2026 14:32:36 : EVT SPEEDFUSION : INFO # stop speed fusion
#1286994 08.07.2026 14:32:36 : EVT <Unknown> : Update pres sampl intrvl:5
#1286995 08.07.2026 14:32:36 : WRN APPLICATION : discard hrr meas l:3 d:0 sh:71 mh:71 v:0
#1286996 08.07.2026 14:32:36 : WRN WBAPI : eID-698eec(583/65535): 404
#1286997 08.07.2026 14:32:36 : EVT TRAININGZONE : User Define Mode:5
#1286998 08.07.2026 14:32:36 : EVT TRAININGZONE : Tss HR:0.36
#1286999 08.07.2026 14:32:36 : EVT TRAININGZONE : A:16,Tss:[-200.00,-200.00,-200.00,0.36]
#1287000 08.07.2026 14:32:36 : EVT TRAININGLAB : AppFeature Vo2Max 0.000000
#1287001 08.07.2026 14:32:36 : EVT TRAININGLAB : TLab:~Mode T 15966 + 25 A 4500 + 10
#1287002 08.07.2026 14:32:36 : EVT TRAININGLAB : TLab:Change mode 3->2
#1287003 08.07.2026 14:32:36 : EVT TRAININGLAB : TLab:Mode::userInfo 60, 200, 1, 37, 182, 950, 1990
#1287004 08.07.2026 14:32:36 : EVT LOGGER : LGR 934, 80
#1287005 08.07.2026 14:32:36 : EVT TRAININGLAB : ModeUnsub:9145
#1287006 08.07.2026 14:32:36 : EVT OHR : S:start 0x2123
#1287007 08.07.2026 14:32:36 : EVT TRAININGLAB : ModeSub:0400
#1287008 08.07.2026 14:32:36 : EVT ANALYTICS : WAOae:Activity WAOae:16
#1287009 08.07.2026 14:32:36 : EVT ANALYTICS : WAOae:TotalAcc WAOae:0,0,0
#1287010 08.07.2026 14:32:36 : EVT ANALYTICS : WAOae:AccCount WAOae:0,0,0
#1287011 08.07.2026 14:32:36 : EVT ANALYTICS : WAOae:Distance WAOae:0,0,0
#1287012 08.07.2026 14:32:36 : EVT ANALYTICS : WAOae:Duration WAOae:0,0,0
#1287013 08.07.2026 14:32:36 : EVT ANALYTICS : WAOae:Coeff WAOae:0,40,240,390,773,7524,7624
#1287014 08.07.2026 14:32:36 : EVT LOGGER : Exercise stopped
#1287015 08.07.2026 14:32:36 : EVT LOGGER : HrIbiLogger stop, off (0 ms)
#1287016 08.07.2026 14:32:36 : EVT LOGGER : HrIbiLogger stopped (0 ms)
#1287017 08.07.2026 14:32:36 : TRC GPS : Unsubd c:802b0000
#1287018 08.07.2026 14:32:36 : EVT LOGGER : LGR 934, 80
#1287019 08.07.2026 14:32:36 : EVT LOGGER : LGR 934, 80
#1287020 08.07.2026 14:32:36 : EVT ANALYTICS : SleepQ:Tracking:On
#1287021 08.07.2026 14:32:36 : EVT LOGGER : LGR 934, 80
#1287022 08.07.2026 14:32:36 : EVT LOGGER : Wr dpc on
#1287023 08.07.2026 14:32:36 : EVT LOGGER : LGR 20993, 56
#1287024 08.07.2026 14:32:37 : TRC NAVIGATION : CG: no climb WP
#1287025 08.07.2026 14:32:37 : TRC NAVIGATION : CG:init ZoomType=0
#1287026 08.07.2026 14:32:37 : EVT NAVIGATION : initSeg Idx=0 D=1 T=0 3-0-4
#1287027 08.07.2026 14:32:37 : EVT WBSTORAGE : CACHE_DEFRAG (656->1000, 24->24, 25)
#1287028 08.07.2026 14:32:37 : EVT SPEEDFUSION : INFO # IDLE mode(-1) set
#1287029 08.07.2026 14:32:37 : EVT ALTIFUSION : AltiBaroMode:2
#1287030 08.07.2026 14:32:37 : EVT <Unknown> : 1783513956554:Meas start 0x2123
#1287031 08.07.2026 14:32:37 : EVT BLE : Disconn sensor:1
#1287032 08.07.2026 14:32:37 : EVT BLE : BLE Sensor Link 4800180D Disc (L-E-:00:0)
#1287033 08.07.2026 14:32:37 : WRN BLE : sendDisconnect 6157
#1287034 08.07.2026 14:32:37 : ERR BLE : [AURA]Filter with handle 72 not found
#1287035 08.07.2026 14:32:38 : EVT ANALYTICS : #powersave mode:p temp:33.5
#1287036 08.07.2026 14:32:38 : EVT ANALYTICS : Battery-> 4 soc:97
#1287037 08.07.2026 14:32:40 : EVT UI_FRAMEWORK : JS discard
#1287038 08.07.2026 14:32:40 : WRN LOGGER : Delete b:logs/6A4E431E
#1287039 08.07.2026 14:32:41 : EVT <Unknown> : 1783513960547:Off Skin Set.
#1287040 08.07.2026 14:32:41 : EVT <Unknown> : 1783513961049:On Skin Set.
#1287041 08.07.2026 14:32:42 : EVT <Unknown> : 1783513961440:Off Skin Set.
#1287042 08.07.2026 14:32:42 : EVT WBSTORAGE : CACHE_DEFRAG (976->984, 24->24, 25)
#1287043 08.07.2026 14:32:42 : EVT APPLICATION : Zapp zwc05901:Load script
#1287044 08.07.2026 14:32:42 : EVT APPLICATION : Zapp zwc05901:Enable
#1287045 08.07.2026 14:32:42 : EVT ANALYTICS : Zapp enabled i:3 h:ddb248f2 n:zwc05901 v:124f
#1287046 08.07.2026 14:32:42 : WRN WBAPI : eID-691468(277): /Weather/Current/ValidWeatherData.temp 
#1287047 08.07.2026 14:32:44 : EVT PMIC : VBUS state is ON
#1287048 08.07.2026 14:32:44 : EVT PMIC : chgCntl1:0x70
#1287049 08.07.2026 14:32:44 : EVT PMIC : check chgCntl1:0x74
#1287050 08.07.2026 14:32:44 : EVT PMIC : Turn charge ON since VBUS->ON
#1287051 08.07.2026 14:32:44 : ERR WR_MAGN : TLI493D-W2BW (FF=1 PD0=0)
#1287052 08.07.2026 14:32:44 : ERR WR_MAGN : WRMAGN:measure
#1287053 08.07.2026 14:32:44 : EVT PMIC : PMIC temp zone:0x2
#1287054 08.07.2026 14:32:44 : EVT PMIC : PMIC Fast-charge constant cur
#1287055 08.07.2026 14:32:44 : EVT PMIC : PMIC Fast-charge constant voltage
#1287056 08.07.2026 14:32:44 : EVT OHR : VBUS on
#1287057 08.07.2026 14:32:44 : EVT OHR : S:stop 23
#1287058 08.07.2026 14:32:44 : TRC APPLICATION : Notification n-char not allowed (247 < 255)
#1287059 08.07.2026 14:32:44 : EVT <Unknown> : 1783513965001:Meas stop 0x2123
#1287060 08.07.2026 14:32:45 : EVT WBSTORAGE : CACHE_DEFRAG (856->864, 24->24, 25)
#1287061 08.07.2026 14:32:45 : WRN <Unknown> : 1783513965002:FSM EVT STOP.
#1287062 08.07.2026 14:32:45 : EVT OHR : S:OFF 1->0
#1287063 08.07.2026 14:32:45 : EVT OHR : No HR update, invalidate by timer
#1287064 08.07.2026 14:32:45 : EVT WBSTORAGE : CACHE_DEFRAG (816->848, 24->24, 25)
#1287065 08.07.2026 14:32:45 : EVT WBSTORAGE : CACHE_DEFRAG (824->832, 24->24, 25)
#1287066 08.07.2026 14:32:45 : EVT WBSTORAGE : CACHE_DEFRAG (816->824, 24->24, 25)
#1287067 08.07.2026 14:32:45 : EVT WBSTORAGE : CACHE_DEFRAG (808->816, 24->24, 25)
#1287068 08.07.2026 14:32:45 : EVT WBSTORAGE : CACHE_DEFRAG (800->816, 24->24, 25)
#1287069 08.07.2026 14:32:45 : TRC NAVIGATION : CG: no climb WP
#1287070 08.07.2026 14:32:45 : TRC NAVIGATION : CG:init ZoomType=0
#1287071 08.07.2026 14:32:45 : EVT NAVIGATION : initSeg Idx=0 D=1 T=0 3-0-4
#1287072 08.07.2026 14:32:45 : EVT WBSTORAGE : CACHE_DEFRAG (736->920, 24->24, 25)
#1287073 08.07.2026 14:32:45 : EVT ALTIFUSION : AltiBaroMode:0
#1287074 08.07.2026 14:32:45 : EVT APPLICATION : Zapp zwc05901:Disable
#1287075 08.07.2026 14:32:45 : EVT ANALYTICS : Zapp disabled i:3 h:ddb248f2 n:Vector classic
#1287076 08.07.2026 14:32:45 : EVT ANALYTICS : SleepQ:Tracking:On
#1287077 08.07.2026 14:32:45 : EVT ALTIFUSION : AltiBaroMode:0
#1287078 08.07.2026 14:32:45 : EVT WBSTORAGE : CACHE_DEFRAG (896->904, 24->24, 25)
#1287079 08.07.2026 14:32:45 : EVT UI_FRAMEWORK : JS nsto enable zapp: zzwethen
#1287080 08.07.2026 14:32:45 : EVT UI_FRAMEWORK : JS nsto enable zapp: zzmoveen
#1287081 08.07.2026 14:32:45 : EVT UI_FRAMEWORK : JS nsto enable zapp: climbl01
#1287082 08.07.2026 14:32:45 : EVT APPLICATION : Zapp zzwethen:Load script
#1287083 08.07.2026 14:32:45 : EVT APPLICATION : Zapp zzwethen:Enable
#1287084 08.07.2026 14:32:45 : EVT ANALYTICS : Zapp enabled i:8 h:3f77f8ec n:zzwethen v:ade
#1287085 08.07.2026 14:32:45 : EVT APPLICATION : Zapp clid:32878
#1287086 08.07.2026 14:32:45 : EVT APPLICATION : Zapp zzmoveen:Load script
#1287087 08.07.2026 14:32:45 : EVT APPLICATION : Zapp zzmoveen:Enable
#1287088 08.07.2026 14:32:45 : EVT ANALYTICS : Zapp enabled i:6 h:7aac0887 n:zzmoveen v:8e0
#1287089 08.07.2026 14:32:45 : EVT UI_FRAMEWORK : evalFile: b:/zapp/zzmoveen.fea/ext1.js from ui
#1287090 08.07.2026 14:32:45 : EVT APPLICATION : Zapp clid:32879
#1287091 08.07.2026 14:32:45 : EVT APPLICATION : Zapp climbl01:Load script
#1287092 08.07.2026 14:32:45 : EVT PMIC : PMIC temp zone:0x7
#1287093 08.07.2026 14:32:46 : EVT APPLICATION : Zapp climbl01:Enable
#1287094 08.07.2026 14:32:46 : EVT ANALYTICS : Zapp enabled i:5 h:a5e7afa5 n:climbl01 v:3.0
#1287095 08.07.2026 14:32:46 : EVT PMIC : VBUS state is OFF
#1287096 08.07.2026 14:32:46 : EVT PMIC : Turn charge OFF since VBUS->OFF
#1287097 08.07.2026 14:32:46 : EVT OHR : VBUS off
#1287098 08.07.2026 14:32:46 : EVT OHR : S:ON 0->1
#1287099 08.07.2026 14:32:46 : EVT APPLICATION : Zapp clid:32880
#1287100 08.07.2026 14:32:46 : EVT UI_FRAMEWORK : JS nsto all zapps enabled.
#1287101 08.07.2026 14:32:46 : EVT UI_FRAMEWORK : JS Prestart Activity Id: 16.000
#1287102 08.07.2026 14:32:46 : WRN WBAPI : eID-691468(277): /Dive/Alarms/Acknowledge 404
#1287103 08.07.2026 14:32:46 : WRN WBAPI : eID-691468(277): /Dive/DiveGases 404
#1287104 08.07.2026 14:32:46 : WRN WBAPI : eID-691468(277): /Dive/Gauge/Next 404
#1287105 08.07.2026 14:32:46 : EVT WBSTORAGE : CACHE_DEFRAG (856->864, 24->24, 25)
#1287106 08.07.2026 14:32:46 : EVT WBSTORAGE : CACHE_DEFRAG (792->800, 24->24, 25)
#1287107 08.07.2026 14:32:46 : EVT WBSTORAGE : CACHE_DEFRAG (728->736, 24->24, 25)
#1287108 08.07.2026 14:32:46 : EVT BLE : BLE Sensor Link 4800180D Conn (--E-:00:1)
#1287109 08.07.2026 14:32:46 : WRN BLE : sendConnect 6157
#1287110 08.07.2026 14:32:46 : EVT OHR : APPINIT:caps 0x1f4, 6b738616
#1287111 08.07.2026 14:32:46 : EVT <Unknown> : 1783513966615:AI@1783513966590, tz120
#1287112 08.07.2026 14:32:46 : EVT OHR : S:start 0x2123
#1287113 08.07.2026 14:32:46 : EVT <Unknown> : 1783513966621:Meas start 0x2123
#1287114 08.07.2026 14:32:46 : WRN WBAPI : eID-691468(277): /Dive/TankPressure/Alarm/Count 404
#1287115 08.07.2026 14:32:46 : EVT SPEEDFUSION : INFO # start speed fusion
#1287116 08.07.2026 14:32:46 : EVT SPEEDFUSION : Act:16,Acc:0,BPod:0,FPod:0,PPod:0,BeltPod:1
#1287117 08.07.2026 14:32:46 : EVT SPEEDFUSION : INFO # Start algo without wrist acc
#1287118 08.07.2026 14:32:46 : EVT <Unknown> : Update pres sampl intrvl:1
#1287119 08.07.2026 14:32:46 : EVT <Unknown> : 1783513966635:PD1464, 0
#1287120 08.07.2026 14:32:46 : EVT <Unknown> : 1783513966693:GMV 20251126/1/4/0/395/46
#1287121 08.07.2026 14:32:46 : EVT <Unknown> : 1783513966947:Mi1.6.10, auth 0, hr_mode 0
#1287122 08.07.2026 14:32:46 : EVT OHR : S:start 0x21a3
#1287123 08.07.2026 14:32:46 : EVT <Unknown> : 1783513966955:Meas start 0x21a3
#1287124 08.07.2026 14:32:47 : EVT PMIC : VBUS state is ON
#1287125 08.07.2026 14:32:48 : EVT PMIC : chgCntl1:0x70
#1287126 08.07.2026 14:32:48 : EVT PMIC : check chgCntl1:0x74
#1287127 08.07.2026 14:32:48 : EVT PMIC : Turn charge ON since VBUS->ON
#1287128 08.07.2026 14:32:48 : EVT PMIC : PMIC temp zone:0x2
#1287129 08.07.2026 14:32:48 : EVT PMIC : PMIC Fast-charge constant voltage
#1287130 08.07.2026 14:32:48 : EVT OHR : VBUS on
#1287131 08.07.2026 14:32:48 : EVT OHR : S:stop a3
#1287132 08.07.2026 14:32:48 : EVT <Unknown> : 1783513968069:Meas stop 0x21a3
#1287133 08.07.2026 14:32:48 : EVT PMIC : VBUS state is ON
#1287134 08.07.2026 14:32:48 : WRN <Unknown> : 1783513968070:FSM EVT STOP.
#1287135 08.07.2026 14:32:48 : EVT OHR : S:OFF 1->0
#1287136 08.07.2026 14:32:51 : EVT OHR : No HR update, invalidate by timer
#1287137 08.07.2026 14:32:54 : TRC FUEL_GAUGE : Chg->1,B:5,C:36.4,V:4392,U:1,bF:97%,bC:97%
#1287138 08.07.2026 14:32:54 : EVT ANALYTICS : Battery-> 2 soc:97
#1287139 08.07.2026 14:32:56 : EVT BLE : lt,scan 1
#1287140 08.07.2026 14:32:56 : WRN BLE : sendDisconnect 6157
#1287141 08.07.2026 14:32:56 : ERR BLE : [AURA]No filters left, stopping scan
#1287142 08.07.2026 14:32:56 : ERR BLE : [AURA]Filter with handle 72 not found
#1287143 08.07.2026 14:32:56 : EVT BLE : packet 0 sensor found count 1
#1287144 08.07.2026 14:32:56 : EVT BLE : packet 0 sensor found count 2
#1287145 08.07.2026 14:33:00 : EVT SEDENTARY : stop monitoring
#1287146 08.07.2026 14:33:02 : EVT WBCOMM : P-9 connection made to ECSD00000000
#1287147 08.07.2026 14:33:02 : EVT WBCOMM : New Route: ECSD00000000
#1287148 08.07.2026 14:33:13 : WRN WBCOMM : Route ECSD00000000 error 504: Dropping existing connecti
#1287149 08.07.2026 14:33:13 : EVT WBCOMM : Route lost: ECSD00000000
#1287150 08.07.2026 14:33:13 : EVT WBCOMM : P-9 connection made to ECSD00000000
#1287151 08.07.2026 14:33:13 : EVT WBCOMM : New Route: ECSD00000000
#1287152 08.07.2026 14:33:13 : EVT PMIC : PMIC Fast-charge constant cur
#1287153 08.07.2026 14:33:14 : EVT PMIC : PMIC Fast-charge constant voltage
#1287154 08.07.2026 14:33:14 : ERR WBMAIN : *0: app 629 Event 36 80005310
#1287155 08.07.2026 14:33:14 : ERR WBMAIN : 1: mea 92 Wait 0 00000000
#1287156 08.07.2026 14:33:14 : ERR WBMAIN : 2: ui 223 Wait 0 00000000
#1287157 08.07.2026 14:33:14 : EVT ANALYTICS : Sync start
#1287158 08.07.2026 14:33:15 : EVT ANALYTICS : Sync start
#1287159 08.07.2026 14:34:06 : TRC FUEL_GAUGE : batFgLevel cur:98%, prev:97%
#1287160 08.07.2026 14:38:44 : EVT PMIC : PMIC Maintain charge
#1287161 08.07.2026 14:38:44 : EVT PMIC : PMIC Fast-charge constant voltage
#1287162 08.07.2026 14:38:46 : EVT PMIC : PMIC Maintain charge
#1287163 08.07.2026 14:38:46 : EVT PMIC : PMIC Fast-charge constant voltage
#1287164 08.07.2026 14:38:47 : EVT PMIC : PMIC Maintain charge
#1287165 08.07.2026 14:38:47 : EVT PMIC : PMIC Fast-charge constant voltage
#1287166 08.07.2026 14:38:49 : EVT PMIC : PMIC Maintain charge
#1287167 08.07.2026 14:38:49 : EVT PMIC : PMIC Fast-charge constant voltage
#1287168 08.07.2026 14:38:51 : EVT PMIC : PMIC Maintain charge
#1287169 08.07.2026 14:38:52 : EVT PMIC : PMIC Fast-charge constant voltage
#1287170 08.07.2026 14:38:52 : EVT PMIC : PMIC Maintain charge
#1287171 08.07.2026 14:38:52 : EVT PMIC : PMIC Fast-charge constant voltage
#1287172 08.07.2026 14:38:54 : EVT PMIC : PMIC Maintain charge
#1287173 08.07.2026 14:38:54 : EVT PMIC : PMIC Fast-charge constant voltage
#1287174 08.07.2026 14:38:54 : EVT PMIC : PMIC Maintain charge
#1287175 08.07.2026 14:38:55 : EVT PMIC : PMIC Fast-charge constant voltage
#1287176 08.07.2026 14:38:56 : EVT PMIC : PMIC Maintain charge
#1287177 08.07.2026 14:38:56 : EVT PMIC : PMIC Fast-charge constant voltage
#1287178 08.07.2026 14:38:58 : EVT PMIC : PMIC Maintain charge
#1287179 08.07.2026 14:38:58 : EVT PMIC : PMIC Fast-charge constant voltage
#1287180 08.07.2026 14:38:59 : EVT PMIC : PMIC Maintain charge
#1287181 08.07.2026 14:38:59 : EVT PMIC : PMIC Fast-charge constant voltage
#1287182 08.07.2026 14:38:59 : EVT PMIC : PMIC Maintain charge
#1287183 08.07.2026 14:38:59 : EVT PMIC : PMIC Fast-charge constant voltage
#1287184 08.07.2026 14:38:59 : EVT PMIC : PMIC Maintain charge
#1287185 08.07.2026 14:38:59 : EVT PMIC : PMIC Fast-charge constant voltage
#1287186 08.07.2026 14:39:01 : EVT PMIC : PMIC Maintain charge
#1287187 08.07.2026 14:39:01 : EVT PMIC : PMIC Fast-charge constant voltage
#1287188 08.07.2026 14:39:01 : EVT PMIC : PMIC Maintain charge
#1287189 08.07.2026 14:39:01 : EVT PMIC : PMIC Fast-charge constant voltage
#1287190 08.07.2026 14:39:04 : EVT PMIC : PMIC Maintain charge
#1287191 08.07.2026 14:39:04 : EVT PMIC : PMIC Fast-charge constant voltage
#1287192 08.07.2026 14:39:06 : EVT PMIC : PMIC Maintain charge
#1287193 08.07.2026 14:39:06 : EVT PMIC : PMIC Fast-charge constant voltage
#1287194 08.07.2026 14:39:06 : EVT PMIC : PMIC Maintain charge
#1287195 08.07.2026 14:39:06 : EVT PMIC : PMIC Fast-charge constant voltage
#1287196 08.07.2026 14:39:07 : EVT PMIC : PMIC Maintain charge
#1287197 08.07.2026 14:39:07 : EVT PMIC : PMIC Fast-charge constant voltage
#1287198 08.07.2026 14:39:08 : EVT PMIC : PMIC Maintain charge
#1287199 08.07.2026 14:39:08 : EVT PMIC : PMIC Fast-charge constant voltage
#1287200 08.07.2026 14:39:08 : EVT PMIC : PMIC Maintain charge
#1287201 08.07.2026 14:39:09 : EVT PMIC : PMIC Fast-charge constant voltage
#1287202 08.07.2026 14:39:09 : EVT PMIC : PMIC Maintain charge
#1287203 08.07.2026 14:39:09 : EVT PMIC : PMIC Fast-charge constant voltage
#1287204 08.07.2026 14:39:10 : EVT PMIC : PMIC Maintain charge
#1287205 08.07.2026 14:39:10 : EVT PMIC : PMIC Fast-charge constant voltage
#1287206 08.07.2026 14:39:10 : EVT PMIC : PMIC Maintain charge
#1287207 08.07.2026 14:39:11 : EVT PMIC : PMIC Fast-charge constant voltage
#1287208 08.07.2026 14:39:12 : EVT PMIC : PMIC Maintain charge
#1287209 08.07.2026 14:39:13 : EVT PMIC : PMIC Fast-charge constant voltage
#1287210 08.07.2026 14:39:14 : EVT PMIC : PMIC Maintain charge
#1287211 08.07.2026 14:39:14 : EVT PMIC : PMIC Fast-charge constant voltage
#1287212 08.07.2026 14:39:14 : EVT PMIC : PMIC Maintain charge
#1287213 08.07.2026 14:39:14 : EVT PMIC : PMIC Fast-charge constant voltage
#1287214 08.07.2026 14:39:14 : EVT PMIC : PMIC Maintain charge
#1287215 08.07.2026 14:39:17 : EVT PMIC : PMIC Fast-charge constant voltage
#1287216 08.07.2026 14:39:18 : EVT PMIC : PMIC Maintain charge
#1287217 08.07.2026 14:39:18 : EVT PMIC : PMIC Fast-charge constant voltage
#1287218 08.07.2026 14:39:18 : EVT PMIC : PMIC Maintain charge
#1287219 08.07.2026 14:39:22 : EVT PMIC : PMIC Fast-charge constant voltage
#1287220 08.07.2026 14:39:23 : EVT PMIC : PMIC Maintain charge
#1287221 08.07.2026 14:39:46 : TRC FUEL_GAUGE : batFgLevel cur:99%, prev:98%
#1287222 08.07.2026 14:41:19 : EVT PMIC : PMIC temp zone:0x7
#1287223 08.07.2026 14:41:20 : EVT PMIC : VBUS state is OFF
#1287224 08.07.2026 14:41:20 : EVT PMIC : Turn charge OFF since VBUS->OFF
#1287225 08.07.2026 14:41:20 : EVT WBCOMM : Route lost: ECSD00000000
#1287226 08.07.2026 14:41:20 : TRC FUEL_GAUGE : Chg->0,B:5,C:49.5,V:4437,U:0,bF:99%,bC:99%
#1287227 08.07.2026 14:41:20 : EVT OHR : VBUS off
#1287228 08.07.2026 14:41:20 : EVT OHR : S:ON 0->1
#1287229 08.07.2026 14:41:20 : EVT ANALYTICS : Battery-> 1 soc:99
#1287230 08.07.2026 14:41:20 : EVT OHR : APPINIT:caps 0x1f4, 6b738616
#1287231 08.07.2026 14:41:20 : EVT <Unknown> : 1783514480605:AI@1783514480580, tz120
#1287232 08.07.2026 14:41:20 : EVT OHR : S:start 0x21a3
#1287233 08.07.2026 14:41:20 : EVT <Unknown> : 1783514480612:Meas start 0x21a3
#1287234 08.07.2026 14:41:20 : EVT <Unknown> : 1783514480627:PD1464, 0
#1287235 08.07.2026 14:41:20 : EVT <Unknown> : 1783514480689:GMV 20251126/1/4/0/395/46
#1287236 08.07.2026 14:41:20 : EVT <Unknown> : 1783514480943:Mi1.6.10, auth 0, hr_mode 0
#1287237 08.07.2026 14:41:22 : EVT <Unknown> : 1783514481615:On Skin Set.
#1287238 08.07.2026 14:41:26 : ERR <Unknown> : 1783514485628:Mi invalid call:100,code:0.
#1287239 08.07.2026 14:41:26 : EVT LOGGER : HrIbiLogger stop, off (0 ms)
#1287240 08.07.2026 14:41:26 : EVT WBSTORAGE : CACHE_DEFRAG (656->792, 24->24, 25)
#1287241 08.07.2026 14:41:26 : TRC NAVIGATION : CG: no climb WP
#1287242 08.07.2026 14:41:26 : TRC NAVIGATION : CG:init ZoomType=0
#1287243 08.07.2026 14:41:26 : EVT NAVIGATION : initSeg Idx=0 D=1 T=0 3-0-4
#1287244 08.07.2026 14:41:26 : EVT WBSTORAGE : CACHE_DEFRAG (776->1000, 24->24, 25)
#1287245 08.07.2026 14:41:26 : EVT SPEEDFUSION : INFO # IDLE mode(-1) set
#1287246 08.07.2026 14:41:26 : EVT ALTIFUSION : AltiBaroMode:2
#1287247 08.07.2026 14:41:26 : EVT APPLICATION : Zapp climbl01:Disable
#1287248 08.07.2026 14:41:26 : EVT ANALYTICS : Zapp disabled i:5 h:a5e7afa5 n:Climb Log
#1287249 08.07.2026 14:41:26 : EVT APPLICATION : Zapp zzmoveen:Disable
#1287250 08.07.2026 14:41:26 : EVT ANALYTICS : Zapp disabled i:6 h:7aac0887 n:Movement
#1287251 08.07.2026 14:41:26 : EVT UI_FRAMEWORK : evalFile: b:/zapp/zzmoveen.fea/ext2.js from ui
#1287252 08.07.2026 14:41:26 : EVT APPLICATION : Zapp zzwethen:Disable
#1287253 08.07.2026 14:41:26 : EVT ANALYTICS : Zapp disabled i:8 h:3f77f8ec n:Weather
#1287254 08.07.2026 14:41:27 : EVT <Unknown> : Update pres sampl intrvl:5
#1287255 08.07.2026 14:41:27 : EVT SPEEDFUSION : INFO # stop speed fusion
#1287256 08.07.2026 14:41:27 : EVT ANALYTICS : SleepQ:Tracking:On
#1287257 08.07.2026 14:41:27 : EVT OHR : S:start 0x2123
#1287258 08.07.2026 14:41:27 : EVT WBSTORAGE : CACHE_DEFRAG (976->984, 24->24, 25)
#1287259 08.07.2026 14:41:27 : EVT APPLICATION : Zapp zwc05901:Load script
#1287260 08.07.2026 14:41:27 : EVT APPLICATION : Zapp zwc05901:Enable
#1287261 08.07.2026 14:41:27 : EVT ANALYTICS : Zapp enabled i:3 h:ddb248f2 n:zwc05901 v:124f
#1287262 08.07.2026 14:41:27 : WRN WBAPI : eID-691468(277): /Weather/Current/ValidWeatherData.temp 
#1287263 08.07.2026 14:41:27 : EVT <Unknown> : 1783514487125:Meas start 0x2123
#1287264 08.07.2026 14:41:28 : EVT BLE : Disconn sensor:1
#1287265 08.07.2026 14:41:28 : EVT BLE : BLE Sensor Link 4800180D Disc (L-E-:00:0)
#1287266 08.07.2026 14:41:28 : WRN BLE : sendDisconnect 6157
#1287267 08.07.2026 14:41:28 : ERR BLE : [AURA]No filters left, stopping scan
#1287268 08.07.2026 14:41:28 : EVT <Unknown> : 1783514487797:Off Skin Set.
#1287269 08.07.2026 14:41:28 : EVT <Unknown> : 1783514488549:On Skin Set.
#1287270 08.07.2026 14:41:31 : EVT OHR : No HR update, invalidate by timer
#1287271 08.07.2026 14:41:38 : EVT OHR : new HR update
#1287272 08.07.2026 14:42:42 : EVT <Unknown> : 1783514561848:SCD DET STATE ON.
#1287273 08.07.2026 14:59:59 : EVT <Unknown> : 1783515599058:Off Skin Set.
#1287274 08.07.2026 14:59:59 : EVT <Unknown> : 1783515599809:On Skin Set.
#1287275 08.07.2026 15:00:00 : ERR WBMAIN : *0: app 694 Event 24 80892700
#1287276 08.07.2026 15:00:00 : ERR WBMAIN : 1: mea 0 Event 3 80891701
#1287277 08.07.2026 15:00:00 : ERR WBMAIN : 2: ui 13 Wait 0 00000000
#1287278 08.07.2026 15:00:00 : EVT SEDENTARY : stop monitoring
#1287279 08.07.2026 15:00:00 : EVT <Unknown> : pwr daily,ontime:15
#1287280 08.07.2026 15:00:00 : EVT WBSTORAGE : CACHE_DEFRAG (856->864, 24->24, 25)
#1287281 08.07.2026 15:00:00 : EVT <Unknown> : 1783515600643:Off Skin Set.
#1287282 08.07.2026 15:00:00 : EVT WEATHER : t:495417, d:4
#1287283 08.07.2026 15:00:00 : EVT SEDENTARY : stop monitoring
#1287284 08.07.2026 15:00:05 : EVT OHR : No HR update, invalidate by timer
#1287285 08.07.2026 15:00:07 : EVT PMIC : VBUS state is ON
#1287286 08.07.2026 15:00:07 : EVT PMIC : chgCntl1:0x70
#1287287 08.07.2026 15:00:07 : EVT PMIC : check chgCntl1:0x74
#1287288 08.07.2026 15:00:07 : EVT PMIC : Turn charge ON since VBUS->ON
#1287289 08.07.2026 15:00:07 : EVT PMIC : PMIC temp zone:0x2
#1287290 08.07.2026 15:00:07 : EVT PMIC : PMIC Fast-charge constant cur
#1287291 08.07.2026 15:00:07 : EVT OHR : VBUS on
#1287292 08.07.2026 15:00:07 : EVT OHR : S:stop 23
#1287293 08.07.2026 15:00:07 : EVT <Unknown> : 1783515607390:Meas stop 0x2123
#1287294 08.07.2026 15:00:07 : EVT PMIC : PMIC Fast-charge constant voltage
#1287295 08.07.2026 15:00:07 : WRN <Unknown> : 1783515607391:FSM EVT STOP.
#1287296 08.07.2026 15:00:07 : EVT OHR : S:OFF 1->0
#1287297 08.07.2026 15:00:07 : EVT PMIC : VBUS state is ON
#1287298 08.07.2026 15:00:07 : EVT PMIC : PMIC Fast-charge constant cur
#1287299 08.07.2026 15:00:07 : EVT PMIC : PMIC Fast-charge constant cur
#1287300 08.07.2026 15:00:08 : EVT PMIC : PMIC Fast-charge constant cur
#1287301 08.07.2026 15:00:08 : EVT PMIC : PMIC Fast-charge constant cur
#1287302 08.07.2026 15:00:08 : EVT PMIC : PMIC Fast-charge constant cur
#1287303 08.07.2026 15:00:08 : EVT PMIC : PMIC Fast-charge constant cur
#1287304 08.07.2026 15:00:08 : EVT PMIC : PMIC Fast-charge constant cur
#1287305 08.07.2026 15:00:08 : EVT PMIC : PMIC Fast-charge constant cur
#1287306 08.07.2026 15:00:08 : EVT PMIC : PMIC Fast-charge constant cur
#1287307 08.07.2026 15:00:08 : EVT PMIC : PMIC Fast-charge constant cur
#1287308 08.07.2026 15:00:08 : EVT PMIC : PMIC Fast-charge constant cur
#1287309 08.07.2026 15:00:08 : EVT PMIC : PMIC Fast-charge constant cur
#1287310 08.07.2026 15:00:08 : EVT PMIC : PMIC Fast-charge constant cur
#1287311 08.07.2026 15:00:08 : EVT PMIC : PMIC Fast-charge constant cur
#1287312 08.07.2026 15:00:08 : EVT PMIC : PMIC Fast-charge constant cur
#1287313 08.07.2026 15:00:08 : EVT PMIC : PMIC Fast-charge constant cur
#1287314 08.07.2026 15:00:08 : EVT PMIC : PMIC Fast-charge constant cur
#1287315 08.07.2026 15:00:08 : EVT PMIC : PMIC Fast-charge constant cur
#1287316 08.07.2026 15:00:08 : EVT PMIC : PMIC Fast-charge constant cur
#1287317 08.07.2026 15:00:08 : EVT PMIC : PMIC Fast-charge constant cur
#1287318 08.07.2026 15:00:08 : EVT PMIC : PMIC Fast-charge constant cur
#1287319 08.07.2026 15:00:08 : EVT PMIC : PMIC Fast-charge constant cur
#1287320 08.07.2026 15:00:08 : EVT PMIC : PMIC Fast-charge constant cur
#1287321 08.07.2026 15:00:08 : EVT PMIC : PMIC Fast-charge constant cur
#1287322 08.07.2026 15:00:08 : EVT PMIC : PMIC Fast-charge constant cur
#1287323 08.07.2026 15:00:08 : EVT PMIC : PMIC Fast-charge constant cur
#1287324 08.07.2026 15:00:08 : EVT PMIC : PMIC Fast-charge constant cur
#1287325 08.07.2026 15:00:08 : EVT PMIC : PMIC Fast-charge constant cur
#1287326 08.07.2026 15:00:08 : EVT PMIC : PMIC Fast-charge constant cur
#1287327 08.07.2026 15:00:08 : EVT PMIC : PMIC Fast-charge constant cur
#1287328 08.07.2026 15:00:08 : EVT PMIC : PMIC Fast-charge constant cur
#1287329 08.07.2026 15:00:08 : EVT PMIC : PMIC Fast-charge constant cur
#1287330 08.07.2026 15:00:08 : EVT PMIC : PMIC Fast-charge constant cur
#1287331 08.07.2026 15:00:08 : EVT PMIC : PMIC Fast-charge constant cur
#1287332 08.07.2026 15:00:08 : EVT PMIC : PMIC Fast-charge constant cur
#1287333 08.07.2026 15:00:08 : EVT PMIC : PMIC Fast-charge constant cur
#1287334 08.07.2026 15:00:08 : EVT PMIC : PMIC Fast-charge constant cur
#1287335 08.07.2026 15:00:08 : EVT PMIC : PMIC Fast-charge constant cur
#1287336 08.07.2026 15:00:08 : EVT PMIC : PMIC Fast-charge constant cur
#1287337 08.07.2026 15:00:08 : EVT PMIC : PMIC Fast-charge constant cur
#1287338 08.07.2026 15:00:08 : EVT PMIC : PMIC Fast-charge constant cur
#1287339 08.07.2026 15:00:08 : EVT PMIC : PMIC Fast-charge constant cur
#1287340 08.07.2026 15:00:08 : EVT PMIC : PMIC Fast-charge constant cur
#1287341 08.07.2026 15:00:08 : EVT PMIC : PMIC Fast-charge constant cur
#1287342 08.07.2026 15:00:08 : EVT PMIC : PMIC Fast-charge constant cur
#1287343 08.07.2026 15:00:08 : EVT PMIC : PMIC Fast-charge constant cur
#1287344 08.07.2026 15:00:08 : EVT PMIC : PMIC Fast-charge constant cur
#1287345 08.07.2026 15:00:08 : EVT PMIC : PMIC Fast-charge constant voltage
#1287346 08.07.2026 15:00:09 : EVT PMIC : PMIC Fast-charge constant cur
#1287347 08.07.2026 15:00:09 : EVT PMIC : PMIC Fast-charge constant cur
#1287348 08.07.2026 15:00:10 : EVT PMIC : PMIC Fast-charge constant voltage
#1287349 08.07.2026 15:00:10 : EVT PMIC : PMIC temp zone:0x7
#1287350 08.07.2026 15:00:10 : EVT PMIC : VBUS state is OFF
#1287351 08.07.2026 15:00:10 : EVT PMIC : Turn charge OFF since VBUS->OFF
#1287352 08.07.2026 15:00:10 : EVT OHR : VBUS off
#1287353 08.07.2026 15:00:10 : EVT OHR : S:ON 0->1
#1287354 08.07.2026 15:00:10 : EVT OHR : APPINIT:caps 0x1f4, 6b738616
#1287355 08.07.2026 15:00:10 : EVT <Unknown> : 1783515610734:AI@1783515610710, tz120
#1287356 08.07.2026 15:00:10 : EVT OHR : S:start 0x2123
#1287357 08.07.2026 15:00:10 : EVT <Unknown> : 1783515610740:Meas start 0x2123
#1287358 08.07.2026 15:00:11 : EVT <Unknown> : 1783515610759:PD1464, 0
#1287359 08.07.2026 15:00:11 : EVT <Unknown> : 1783515610819:GMV 20251126/1/4/0/395/46
#1287360 08.07.2026 15:00:11 : EVT <Unknown> : 1783515611073:Mi1.6.10, auth 0, hr_mode 0
#1287361 08.07.2026 15:00:12 : EVT PMIC : PMIC temp zone:0x2
#1287362 08.07.2026 15:00:12 : EVT PMIC : VBUS state is ON
#1287363 08.07.2026 15:00:12 : EVT PMIC : chgCntl1:0x70
#1287364 08.07.2026 15:00:12 : EVT PMIC : check chgCntl1:0x74
#1287365 08.07.2026 15:00:12 : EVT PMIC : Turn charge ON since VBUS->ON
#1287366 08.07.2026 15:00:12 : EVT PMIC : PMIC Fast-charge constant cur
#1287367 08.07.2026 15:00:12 : EVT OHR : VBUS on
#1287368 08.07.2026 15:00:12 : EVT OHR : S:stop 23
#1287369 08.07.2026 15:00:12 : EVT <Unknown> : 1783515612259:Meas stop 0x2123
#1287370 08.07.2026 15:00:12 : EVT PMIC : PMIC Fast-charge constant voltage
#1287371 08.07.2026 15:00:12 : WRN <Unknown> : 1783515612259:FSM EVT STOP.
#1287372 08.07.2026 15:00:12 : EVT OHR : S:OFF 1->0
#1287373 08.07.2026 15:00:12 : EVT PMIC : VBUS state is ON
#1287374 08.07.2026 15:00:12 : ERR WBMAIN : *0: app 525 Event 28 80606c07
#1287375 08.07.2026 15:00:12 : ERR WBMAIN : 1: mea 0 Wait 0 00000000
#1287376 08.07.2026 15:00:12 : ERR WBMAIN : 2: ui 24 Proc 0 00000000
#1287377 08.07.2026 15:00:18 : TRC FUEL_GAUGE : Chg->1,B:5,C:38.5,V:4412,U:1,bF:99%,bC:99%
#1287378 08.07.2026 15:00:18 : EVT ANALYTICS : Battery-> 2 soc:99
#1287379 08.07.2026 15:00:24 : EVT WBCOMM : P-9 connection made to ECSD00000000
#1287380 08.07.2026 15:00:24 : EVT WBCOMM : New Route: ECSD00000000
#1287381 08.07.2026 15:00:26 : EVT PMIC : PMIC Fast-charge constant cur
#1287382 08.07.2026 15:00:26 : EVT PMIC : PMIC Fast-charge constant cur
#1287383 08.07.2026 15:00:26 : EVT PMIC : PMIC Fast-charge constant cur
#1287384 08.07.2026 15:00:27 : EVT PMIC : PMIC Fast-charge constant cur
#1287385 08.07.2026 15:00:27 : ERR WBMAIN : *0: app 642 Event 36 80005310
#1287386 08.07.2026 15:00:27 : ERR WBMAIN : 1: mea 12 Wait 0 00000000
#1287387 08.07.2026 15:00:27 : ERR WBMAIN : 2: ui 24 Wait 0 00000000
#1287388 08.07.2026 15:00:27 : EVT WBSTORAGE : CACHE_DEFRAG (752->760, 24->24, 25)
#1287389 08.07.2026 15:00:27 : EVT WBSTORAGE : CACHE_DEFRAG (728->736, 24->24, 25)
#1287390 08.07.2026 15:00:27 : EVT WBSTORAGE : CACHE_DEFRAG (688->696, 24->24, 25)
#1287391 08.07.2026 15:00:27 : EVT <Unknown> : DL Region List
#1287392 08.07.2026 15:00:27 : EVT WIFI : Pwr up
#1287393 08.07.2026 15:00:27 : EVT PMIC : PMIC Fast-charge constant voltage
#1287394 08.07.2026 15:00:27 : EVT PMIC : PMIC Fast-charge constant cur
#1287395 08.07.2026 15:00:27 : EVT PMIC : PMIC Fast-charge constant cur
#1287396 08.07.2026 15:00:27 : EVT PMIC : PMIC Fast-charge constant cur
#1287397 08.07.2026 15:00:28 : EVT PMIC : PMIC Fast-charge constant voltage
#1287398 08.07.2026 15:00:28 : EVT ANALYTICS : Sync start
#1287399 08.07.2026 15:00:28 : EVT PMIC : PMIC Fast-charge constant cur
#1287400 08.07.2026 15:00:28 : EVT PMIC : PMIC Fast-charge constant cur
#1287401 08.07.2026 15:00:28 : EVT PMIC : PMIC Fast-charge constant cur
#1287402 08.07.2026 15:00:28 : EVT PMIC : PMIC Fast-charge constant cur
#1287403 08.07.2026 15:00:28 : EVT PMIC : PMIC Fast-charge constant cur
#1287404 08.07.2026 15:00:28 : EVT PMIC : PMIC Fast-charge constant cur
#1287405 08.07.2026 15:00:28 : EVT PMIC : PMIC Fast-charge constant cur
#1287406 08.07.2026 15:00:28 : EVT PMIC : PMIC Fast-charge constant cur
#1287407 08.07.2026 15:00:28 : EVT PMIC : PMIC Fast-charge constant cur
#1287408 08.07.2026 15:00:28 : EVT PMIC : PMIC Fast-charge constant voltage
#1287409 08.07.2026 15:00:28 : EVT PMIC : PMIC Fast-charge constant cur
#1287410 08.07.2026 15:00:28 : EVT PMIC : PMIC Fast-charge constant cur
#1287411 08.07.2026 15:00:28 : EVT PMIC : PMIC Fast-charge constant voltage
#1287412 08.07.2026 15:00:28 : EVT PMIC : PMIC Fast-charge constant cur
#1287413 08.07.2026 15:00:28 : EVT PMIC : PMIC Precharge
#1287414 08.07.2026 15:00:28 : EVT PMIC : PMIC Fast-charge constant cur
#1287415 08.07.2026 15:00:28 : EVT ANALYTICS : Sync start
#1287416 08.07.2026 15:00:28 : EVT PMIC : PMIC Precharge
#1287417 08.07.2026 15:00:28 : EVT PMIC : PMIC Fast-charge constant cur
#1287418 08.07.2026 15:00:28 : EVT PMIC : PMIC Fast-charge constant cur
#1287419 08.07.2026 15:00:28 : EVT PMIC : PMIC Fast-charge constant cur
#1287420 08.07.2026 15:00:28 : EVT PMIC : PMIC Fast-charge constant cur
#1287421 08.07.2026 15:00:28 : EVT PMIC : PMIC Fast-charge constant voltage
#1287422 08.07.2026 15:00:28 : EVT PMIC : PMIC Fast-charge constant cur
#1287423 08.07.2026 15:00:28 : EVT PMIC : PMIC Fast-charge constant cur
#1287424 08.07.2026 15:00:28 : EVT PMIC : PMIC Fast-charge constant voltage
#1287425 08.07.2026 15:00:28 : EVT PMIC : PMIC Fast-charge constant cur
#1287426 08.07.2026 15:00:28 : EVT PMIC : PMIC Fast-charge constant cur
#1287427 08.07.2026 15:00:29 : EVT PMIC : PMIC Fast-charge constant voltage
#1287428 08.07.2026 15:00:32 : EVT WBSTORAGE : CACHE_DEFRAG (680->688, 24->24, 25)
#1287429 08.07.2026 15:00:32 : EVT PMIC : PMIC Fast-charge constant cur
#1287430 08.07.2026 15:00:32 : EVT PMIC : PMIC Fast-charge constant cur
#1287431 08.07.2026 15:00:32 : TRC APPLICATION : Zapp climbl01 uninstalled
#1287432 08.07.2026 15:00:32 : EVT PMIC : PMIC Fast-charge constant cur
#1287433 08.07.2026 15:00:32 : EVT PMIC : PMIC Fast-charge constant cur
#1287434 08.07.2026 15:00:32 : EVT PMIC : PMIC Precharge
#1287435 08.07.2026 15:00:32 : EVT PMIC : PMIC Fast-charge constant cur
#1287436 08.07.2026 15:00:32 : EVT PMIC : PMIC Fast-charge constant voltage
#1287437 08.07.2026 15:00:32 : EVT PMIC : PMIC Fast-charge constant cur
#1287438 08.07.2026 15:00:32 : EVT PMIC : PMIC Fast-charge constant cur
#1287439 08.07.2026 15:00:32 : EVT PMIC : PMIC Fast-charge constant voltage
#1287440 08.07.2026 15:00:32 : EVT PMIC : PMIC Fast-charge constant cur
#1287441 08.07.2026 15:00:32 : EVT PMIC : PMIC Fast-charge constant cur
#1287442 08.07.2026 15:00:32 : EVT PMIC : PMIC Fast-charge constant cur
#1287443 08.07.2026 15:00:32 : EVT PMIC : PMIC Fast-charge constant cur
#1287444 08.07.2026 15:00:32 : EVT PMIC : PMIC Fast-charge constant cur
#1287445 08.07.2026 15:00:32 : EVT PMIC : PMIC Fast-charge constant cur
#1287446 08.07.2026 15:00:32 : EVT PMIC : PMIC Fast-charge constant cur
#1287447 08.07.2026 15:00:32 : EVT PMIC : PMIC Fast-charge constant cur
#1287448 08.07.2026 15:00:33 : EVT PMIC : PMIC Fast-charge constant cur
#1287449 08.07.2026 15:00:33 : EVT PMIC : PMIC Fast-charge constant cur
#1287450 08.07.2026 15:00:33 : EVT PMIC : PMIC Fast-charge constant cur
#1287451 08.07.2026 15:00:33 : EVT PMIC : PMIC Fast-charge constant cur
#1287452 08.07.2026 15:00:33 : EVT PMIC : PMIC Fast-charge constant cur
#1287453 08.07.2026 15:00:33 : EVT PMIC : PMIC Fast-charge constant cur
#1287454 08.07.2026 15:00:33 : EVT PMIC : PMIC Fast-charge constant cur
#1287455 08.07.2026 15:00:33 : EVT PMIC : PMIC Fast-charge constant cur
#1287456 08.07.2026 15:00:33 : ERR WBMAIN : *0: app 964 Event 36 80005310
#1287457 08.07.2026 15:00:33 : ERR WBMAIN : 1: mea 87 Wait 0 00000000
#1287458 08.07.2026 15:00:33 : ERR WBMAIN : 2: ui 87 Wait 0 00000000
#1287459 08.07.2026 15:00:33 : EVT PMIC : PMIC Fast-charge constant cur
#1287460 08.07.2026 15:00:33 : EVT PMIC : PMIC Fast-charge constant cur
#1287461 08.07.2026 15:00:33 : EVT PMIC : PMIC Fast-charge constant cur
#1287462 08.07.2026 15:00:33 : EVT PMIC : PMIC Fast-charge constant cur
#1287463 08.07.2026 15:00:33 : EVT PMIC : PMIC Fast-charge constant cur
#1287464 08.07.2026 15:00:33 : EVT PMIC : PMIC Fast-charge constant cur
#1287465 08.07.2026 15:00:33 : EVT PMIC : PMIC Fast-charge constant cur
#1287466 08.07.2026 15:00:33 : EVT PMIC : PMIC Fast-charge constant voltage
#1287467 08.07.2026 15:00:33 : EVT PMIC : PMIC Fast-charge constant cur
#1287468 08.07.2026 15:00:33 : EVT PMIC : PMIC Fast-charge constant cur
#1287469 08.07.2026 15:00:33 : EVT PMIC : PMIC Fast-charge constant cur
#1287470 08.07.2026 15:00:33 : EVT PMIC : PMIC Fast-charge constant cur
#1287471 08.07.2026 15:00:33 : EVT PMIC : PMIC Fast-charge constant voltage
#1287472 08.07.2026 15:00:33 : EVT PMIC : PMIC Fast-charge constant cur
#1287473 08.07.2026 15:00:33 : EVT PMIC : PMIC Precharge
#1287474 08.07.2026 15:00:33 : EVT PMIC : PMIC Fast-charge constant cur
#1287475 08.07.2026 15:00:33 : EVT ANALYTICS : Sync start
#1287476 08.07.2026 15:00:33 : EVT PMIC : PMIC Precharge
#1287477 08.07.2026 15:00:33 : EVT PMIC : PMIC Fast-charge constant cur
#1287478 08.07.2026 15:00:33 : EVT PMIC : PMIC Fast-charge constant cur
#1287479 08.07.2026 15:00:33 : EVT PMIC : PMIC Fast-charge constant cur
#1287480 08.07.2026 15:00:33 : EVT PMIC : PMIC Precharge
#1287481 08.07.2026 15:00:33 : EVT PMIC : PMIC Fast-charge constant cur
#1287482 08.07.2026 15:00:33 : EVT PMIC : PMIC Fast-charge constant cur
#1287483 08.07.2026 15:00:33 : EVT PMIC : PMIC Fast-charge constant cur
#1287484 08.07.2026 15:00:33 : EVT PMIC : PMIC Fast-charge constant cur
#1287485 08.07.2026 15:00:34 : EVT ANALYTICS : Sync start
#1287486 08.07.2026 15:00:34 : EVT PMIC : PMIC Fast-charge constant cur
#1287487 08.07.2026 15:00:34 : EVT PMIC : PMIC Fast-charge constant cur
#1287488 08.07.2026 15:00:34 : EVT PMIC : PMIC Precharge
#1287489 08.07.2026 15:00:34 : EVT PMIC : PMIC Fast-charge constant cur
#1287490 08.07.2026 15:00:34 : EVT PMIC : PMIC Fast-charge constant cur
#1287491 08.07.2026 15:00:34 : EVT PMIC : PMIC Fast-charge constant cur
#1287492 08.07.2026 15:00:34 : EVT PMIC : PMIC Fast-charge constant voltage
#1287493 08.07.2026 15:00:34 : EVT PMIC : PMIC Precharge
#1287494 08.07.2026 15:00:34 : EVT PMIC : PMIC Fast-charge constant cur
#1287495 08.07.2026 15:00:34 : EVT WIFI : pwr up
#1287496 08.07.2026 15:00:34 : EVT WIFI : SDK Ver(3.2.8.1)
#1287497 08.07.2026 15:00:34 : EVT PMIC : PMIC Fast-charge constant cur
#1287498 08.07.2026 15:00:34 : EVT PMIC : PMIC Fast-charge constant cur
#1287499 08.07.2026 15:00:34 : EVT PMIC : PMIC Fast-charge constant cur
#1287500 08.07.2026 15:00:34 : EVT PMIC : PMIC Fast-charge constant cur
#1287501 08.07.2026 15:00:34 : EVT PMIC : PMIC Fast-charge constant cur
#1287502 08.07.2026 15:00:34 : EVT WIFI : Scann APs (1/3)
#1287503 08.07.2026 15:00:34 : EVT PMIC : PMIC Fast-charge constant voltage
#1287504 08.07.2026 15:00:34 : EVT PMIC : PMIC Fast-charge constant cur
#1287505 08.07.2026 15:00:34 : EVT PMIC : PMIC Fast-charge constant cur
#1287506 08.07.2026 15:00:34 : EVT PMIC : PMIC Precharge
#1287507 08.07.2026 15:00:34 : EVT PMIC : PMIC Fast-charge constant cur
#1287508 08.07.2026 15:00:34 : EVT PMIC : PMIC Fast-charge constant cur
#1287509 08.07.2026 15:00:34 : EVT PMIC : PMIC Precharge
#1287510 08.07.2026 15:00:34 : EVT PMIC : PMIC Fast-charge constant cur
#1287511 08.07.2026 15:00:34 : EVT PMIC : PMIC Fast-charge constant voltage
#1287512 08.07.2026 15:00:34 : EVT PMIC : PMIC Fast-charge constant cur
#1287513 08.07.2026 15:00:34 : EVT PMIC : PMIC Fast-charge constant cur
#1287514 08.07.2026 15:00:34 : EVT PMIC : PMIC Fast-charge constant cur
#1287515 08.07.2026 15:00:34 : EVT PMIC : PMIC Fast-charge constant cur
#1287516 08.07.2026 15:00:34 : EVT PMIC : PMIC Fast-charge constant voltage
#1287517 08.07.2026 15:00:34 : EVT PMIC : PMIC Fast-charge constant cur
#1287518 08.07.2026 15:00:34 : EVT PMIC : PMIC Fast-charge constant voltage
#1287519 08.07.2026 15:00:35 : EVT WIFI : APs scanned:10
#1287520 08.07.2026 15:00:35 : EVT WBSTORAGE : CACHE_DEFRAG (672->680, 24->24, 25)
#1287521 08.07.2026 15:00:35 : WRN WIFI : No APs matched to connect
#1287522 08.07.2026 15:00:35 : EVT WIFI : Scann APs (2/3)
#1287523 08.07.2026 15:00:35 : EVT PMIC : PMIC Precharge
#1287524 08.07.2026 15:00:35 : EVT PMIC : PMIC Fast-charge constant cur
#1287525 08.07.2026 15:00:35 : EVT PMIC : PMIC Fast-charge constant voltage
#1287526 08.07.2026 15:00:35 : EVT PMIC : PMIC Fast-charge constant cur
#1287527 08.07.2026 15:00:35 : EVT WIFI : APs scanned:13
#1287528 08.07.2026 15:00:35 : WRN WIFI : No APs matched to connect
#1287529 08.07.2026 15:00:35 : EVT WIFI : Scann APs (3/3)
#1287530 08.07.2026 15:00:35 : EVT PMIC : PMIC Fast-charge constant cur
#1287531 08.07.2026 15:00:36 : EVT PMIC : PMIC Fast-charge constant cur
#1287532 08.07.2026 15:00:36 : EVT PMIC : PMIC Fast-charge constant voltage
#1287533 08.07.2026 15:00:36 : EVT PMIC : PMIC Fast-charge constant cur
#1287534 08.07.2026 15:00:36 : EVT PMIC : PMIC Fast-charge constant voltage
#1287535 08.07.2026 15:00:36 : EVT WIFI : APs scanned:11
#1287536 08.07.2026 15:00:36 : WRN WIFI : No APs matched to connect
#1287537 08.07.2026 15:00:36 : EVT WIFI : Internal connect ret:103
#1287538 08.07.2026 15:00:36 : ERR <Unknown> : DL GET resultCode=500
#1287539 08.07.2026 15:00:36 : EVT <Unknown> : DL try retry after 900000 ms
#1287540 08.07.2026 15:00:37 : EVT PMIC : PMIC Precharge
#1287541 08.07.2026 15:00:37 : EVT PMIC : PMIC Fast-charge constant cur
#1287542 08.07.2026 15:00:37 : EVT PMIC : PMIC Fast-charge constant cur
#1287543 08.07.2026 15:00:37 : EVT PMIC : PMIC Fast-charge constant voltage
#1287544 08.07.2026 15:00:37 : EVT PMIC : PMIC Fast-charge constant cur
#1287545 08.07.2026 15:00:37 : EVT PMIC : PMIC Fast-charge constant cur
#1287546 08.07.2026 15:00:37 : EVT PMIC : PMIC Fast-charge constant cur
#1287547 08.07.2026 15:00:37 : EVT PMIC : PMIC Fast-charge constant cur
#1287548 08.07.2026 15:00:37 : EVT PMIC : PMIC Fast-charge constant cur
#1287549 08.07.2026 15:00:37 : EVT PMIC : PMIC Fast-charge constant voltage
#1287550 08.07.2026 15:00:37 : EVT PMIC : PMIC Fast-charge constant cur
#1287551 08.07.2026 15:00:37 : EVT PMIC : PMIC Fast-charge constant cur
#1287552 08.07.2026 15:00:37 : EVT PMIC : PMIC Fast-charge constant cur
#1287553 08.07.2026 15:00:37 : EVT PMIC : PMIC Fast-charge constant voltage
#1287554 08.07.2026 15:00:38 : EVT PMIC : PMIC Precharge
#1287555 08.07.2026 15:00:38 : EVT PMIC : PMIC Fast-charge constant cur
#1287556 08.07.2026 15:00:38 : EVT PMIC : PMIC Fast-charge constant cur
#1287557 08.07.2026 15:00:38 : EVT PMIC : PMIC Fast-charge constant voltage
#1287558 08.07.2026 15:00:38 : EVT APPLICATION : Plugin climbl01.zip as type:[2]
#1287559 08.07.2026 15:00:38 : EVT PMIC : PMIC Fast-charge constant cur
#1287560 08.07.2026 15:00:38 : EVT PMIC : PMIC Precharge
#1287561 08.07.2026 15:00:38 : EVT PMIC : PMIC Fast-charge constant cur
#1287562 08.07.2026 15:00:38 : EVT PMIC : PMIC Fast-charge constant cur
#1287563 08.07.2026 15:00:38 : EVT PMIC : PMIC Fast-charge constant cur
#1287564 08.07.2026 15:00:38 : EVT PMIC : PMIC Fast-charge constant voltage
#1287565 08.07.2026 15:00:38 : EVT PMIC : PMIC Maintain charge
#1287566 08.07.2026 15:00:38 : EVT PMIC : PMIC Fast-charge constant voltage
#1287567 08.07.2026 15:00:38 : EVT PMIC : PMIC Fast-charge constant cur
#1287568 08.07.2026 15:00:38 : EVT PMIC : PMIC Fast-charge constant cur
#1287569 08.07.2026 15:00:38 : EVT PMIC : PMIC Fast-charge constant cur
#1287570 08.07.2026 15:00:38 : EVT PMIC : PMIC Fast-charge constant cur
#1287571 08.07.2026 15:00:38 : EVT PMIC : PMIC Fast-charge constant cur
#1287572 08.07.2026 15:00:38 : EVT PMIC : PMIC Fast-charge constant cur
#1287573 08.07.2026 15:00:38 : EVT PMIC : PMIC Precharge
#1287574 08.07.2026 15:00:38 : EVT PMIC : PMIC Fast-charge constant cur
#1287575 08.07.2026 15:00:38 : EVT PMIC : PMIC Fast-charge constant voltage
#1287576 08.07.2026 15:00:38 : EVT PMIC : PMIC Fast-charge constant cur
#1287577 08.07.2026 15:00:38 : EVT PMIC : PMIC Fast-charge constant cur
#1287578 08.07.2026 15:00:39 : EVT PMIC : PMIC Fast-charge constant cur
#1287579 08.07.2026 15:00:39 : EVT PMIC : PMIC Precharge
#1287580 08.07.2026 15:00:39 : EVT PMIC : PMIC Fast-charge constant cur
#1287581 08.07.2026 15:00:39 : EVT PMIC : PMIC Fast-charge constant voltage
#1287582 08.07.2026 15:00:39 : EVT PMIC : PMIC Fast-charge constant cur
#1287583 08.07.2026 15:00:39 : EVT PMIC : PMIC Fast-charge constant cur
#1287584 08.07.2026 15:00:39 : EVT PMIC : PMIC Fast-charge constant cur
#1287585 08.07.2026 15:00:39 : EVT PMIC : PMIC Fast-charge constant cur
#1287586 08.07.2026 15:00:39 : EVT PMIC : PMIC Precharge
#1287587 08.07.2026 15:00:39 : EVT PMIC : PMIC Fast-charge constant cur
#1287588 08.07.2026 15:00:39 : EVT PMIC : PMIC Fast-charge constant voltage
#1287589 08.07.2026 15:00:39 : EVT PMIC : PMIC Maintain charge
#1287590 08.07.2026 15:00:39 : EVT PMIC : PMIC Fast-charge constant voltage
#1287591 08.07.2026 15:00:39 : ERR WBMAIN : *0: app 1089 Event 36 80005310
#1287592 08.07.2026 15:00:39 : ERR WBMAIN : 1: mea 17 Wait 0 00000000
#1287593 08.07.2026 15:00:39 : ERR WBMAIN : 2: ui 17 Wait 0 00000000
#1287594 08.07.2026 15:00:39 : EVT PMIC : PMIC Maintain charge
#1287595 08.07.2026 15:00:39 : EVT PMIC : PMIC Fast-charge constant voltage
#1287596 08.07.2026 15:00:39 : EVT PMIC : PMIC Fast-charge constant cur
#1287597 08.07.2026 15:00:39 : EVT PMIC : PMIC Fast-charge constant cur
#1287598 08.07.2026 15:00:39 : EVT PMIC : PMIC Fast-charge constant voltage
#1287599 08.07.2026 15:00:40 : EVT PMIC : PMIC Precharge
#1287600 08.07.2026 15:00:40 : EVT PMIC : PMIC Fast-charge constant cur
#1287601 08.07.2026 15:00:40 : EVT PMIC : PMIC Fast-charge constant cur
#1287602 08.07.2026 15:00:40 : EVT PMIC : PMIC Fast-charge constant cur
#1287603 08.07.2026 15:00:40 : EVT PMIC : PMIC Fast-charge constant cur
#1287604 08.07.2026 15:00:40 : EVT PMIC : PMIC Fast-charge constant cur
#1287605 08.07.2026 15:00:40 : EVT PMIC : PMIC Fast-charge constant cur
#1287606 08.07.2026 15:00:40 : EVT PMIC : PMIC Precharge
#1287607 08.07.2026 15:00:40 : EVT PMIC : PMIC Fast-charge constant cur
#1287608 08.07.2026 15:00:40 : EVT PMIC : PMIC Fast-charge constant cur
#1287609 08.07.2026 15:00:40 : EVT ANALYTICS : Sync start
#1287610 08.07.2026 15:00:40 : EVT PMIC : PMIC Fast-charge constant cur
#1287611 08.07.2026 15:00:40 : EVT PMIC : PMIC Fast-charge constant cur
#1287612 08.07.2026 15:00:40 : EVT PMIC : PMIC Fast-charge constant voltage
#1287613 08.07.2026 15:00:40 : EVT PMIC : PMIC Fast-charge constant cur
#1287614 08.07.2026 15:00:40 : EVT PMIC : PMIC Fast-charge constant cur
#1287615 08.07.2026 15:00:40 : EVT PMIC : PMIC Fast-charge constant cur
#1287616 08.07.2026 15:00:40 : EVT PMIC : PMIC Fast-charge constant cur
#1287617 08.07.2026 15:00:40 : EVT ANALYTICS : Sync start
#1287618 08.07.2026 15:00:40 : EVT PMIC : PMIC Precharge
#1287619 08.07.2026 15:00:40 : EVT PMIC : PMIC Fast-charge constant cur
#1287620 08.07.2026 15:00:40 : EVT PMIC : PMIC Fast-charge constant cur
#1287621 08.07.2026 15:00:40 : EVT PMIC : PMIC Precharge
#1287622 08.07.2026 15:00:40 : EVT PMIC : PMIC Fast-charge constant cur
#1287623 08.07.2026 15:00:40 : EVT PMIC : PMIC Fast-charge constant cur
#1287624 08.07.2026 15:00:40 : EVT PMIC : PMIC Maintain charge
#1287625 08.07.2026 15:00:40 : EVT PMIC : PMIC Fast-charge constant voltage
#1287626 08.07.2026 15:00:40 : EVT PMIC : PMIC Fast-charge constant cur
#1287627 08.07.2026 15:00:40 : EVT PMIC : PMIC Fast-charge constant voltage
#1287628 08.07.2026 15:00:42 : EVT PMIC : PMIC Maintain charge
#1287629 08.07.2026 15:00:42 : EVT PMIC : PMIC Fast-charge constant voltage
#1287630 08.07.2026 15:00:43 : EVT PMIC : PMIC Maintain charge
#1287631 08.07.2026 15:00:43 : EVT PMIC : PMIC Fast-charge constant voltage
#1287632 08.07.2026 15:00:44 : EVT PMIC : PMIC Maintain charge
#1287633 08.07.2026 15:00:45 : EVT PMIC : PMIC Fast-charge constant voltage
#1287634 08.07.2026 15:00:45 : EVT PMIC : PMIC Maintain charge
#1287635 08.07.2026 15:00:46 : EVT PMIC : PMIC Fast-charge constant voltage
#1287636 08.07.2026 15:00:46 : EVT PMIC : PMIC Maintain charge
#1287637 08.07.2026 15:00:46 : EVT PMIC : PMIC Fast-charge constant voltage
#1287638 08.07.2026 15:00:46 : EVT PMIC : PMIC Maintain charge
#1287639 08.07.2026 15:00:46 : EVT PMIC : PMIC Fast-charge constant voltage
#1287640 08.07.2026 15:00:46 : EVT PMIC : PMIC Maintain charge
#1287641 08.07.2026 15:00:47 : EVT PMIC : PMIC Fast-charge constant voltage
#1287642 08.07.2026 15:00:47 : EVT PMIC : PMIC Maintain charge
#1287643 08.07.2026 15:00:47 : EVT PMIC : PMIC Fast-charge constant voltage
#1287644 08.07.2026 15:00:48 : EVT PMIC : PMIC Maintain charge
#1287645 08.07.2026 15:00:48 : EVT PMIC : PMIC Fast-charge constant voltage
#1287646 08.07.2026 15:00:48 : EVT PMIC : PMIC Maintain charge
#1287647 08.07.2026 15:00:49 : EVT PMIC : PMIC Fast-charge constant voltage
#1287648 08.07.2026 15:00:49 : EVT WIFI : Pwr down idle wifi (TO:13se)
#1287649 08.07.2026 15:00:49 : EVT WIFI : pwr down OK
#1287650 08.07.2026 15:00:50 : EVT PMIC : PMIC Maintain charge
#1287651 08.07.2026 15:00:50 : EVT PMIC : PMIC Fast-charge constant voltage
#1287652 08.07.2026 15:00:50 : EVT PMIC : PMIC Maintain charge
#1287653 08.07.2026 15:00:53 : EVT PMIC : PMIC Fast-charge constant voltage
#1287654 08.07.2026 15:00:53 : EVT PMIC : PMIC Maintain charge
#1287655 08.07.2026 15:00:53 : EVT PMIC : PMIC Fast-charge constant voltage
#1287656 08.07.2026 15:00:53 : EVT PMIC : PMIC Maintain charge
#1287657 08.07.2026 15:00:54 : EVT PMIC : PMIC Fast-charge constant voltage
#1287658 08.07.2026 15:00:54 : EVT PMIC : PMIC Maintain charge
#1287659 08.07.2026 15:00:56 : EVT PMIC : PMIC temp zone:0x7
#1287660 08.07.2026 15:00:56 : EVT PMIC : VBUS state is OFF
#1287661 08.07.2026 15:00:56 : EVT PMIC : Turn charge OFF since VBUS->OFF
#1287662 08.07.2026 15:00:56 : EVT WBCOMM : Route lost: ECSD00000000
#1287663 08.07.2026 15:00:56 : TRC FUEL_GAUGE : Chg->0,B:5,C:56.8,V:4426,U:0,bF:99%,bC:99%
#1287664 08.07.2026 15:00:56 : EVT OHR : VBUS off
#1287665 08.07.2026 15:00:56 : EVT OHR : S:ON 0->1
#1287666 08.07.2026 15:00:56 : EVT ANALYTICS : Battery-> 1 soc:99
#1287667 08.07.2026 15:00:56 : EVT OHR : APPINIT:caps 0x1f4, 6b738616
#1287668 08.07.2026 15:00:56 : EVT <Unknown> : 1783515656878:AI@1783515656850, tz120
#1287669 08.07.2026 15:00:56 : EVT OHR : S:start 0x2123
#1287670 08.07.2026 15:00:56 : EVT <Unknown> : 1783515656883:Meas start 0x2123
#1287671 08.07.2026 15:00:57 : EVT <Unknown> : 1783515656898:PD1464, 0
#1287672 08.07.2026 15:00:57 : EVT <Unknown> : 1783515656958:GMV 20251126/1/4/0/395/46
#1287673 08.07.2026 15:00:57 : EVT <Unknown> : 1783515657215:Mi1.6.10, auth 0, hr_mode 0
#1287674 08.07.2026 15:00:58 : EVT <Unknown> : 1783515658137:On Skin Set.
#1287675 08.07.2026 15:00:58 : EVT <Unknown> : 1783515658608:Off Skin Set.
#1287676 08.07.2026 15:00:59 : EVT <Unknown> : 1783515659235:On Skin Set.
#1287677 08.07.2026 15:01:03 : ERR <Unknown> : 1783515662869:Mi invalid call:100,code:0.
#1287678 08.07.2026 15:01:14 : EVT OHR : new HR update
#1287679 08.07.2026 15:02:59 : WRN <Unknown> : 1783515779269:Device stationary, stopping optical meas
#1287680 08.07.2026 15:02:59 : EVT <Unknown> : 1783515779269:SCD DET STATE OFF cnt:0/0.
#1287681 08.07.2026 15:03:04 : EVT OHR : No HR update, invalidate by timer
#1287682 08.07.2026 15:03:18 : EVT <Unknown> : 1783515798780:On Skin Set.
#1287683 08.07.2026 15:03:21 : EVT OHR : new HR update
#1287684 08.07.2026 15:03:47 : EVT <Unknown> : 1783515826267:SCD DET STATE ON.
#1287685 08.07.2026 15:03:59 : EVT WBSTORAGE : CACHE_DEFRAG (640->656, 24->24, 25)
#1287686 08.07.2026 15:03:59 : EVT WBSTORAGE : CACHE_DEFRAG (608->656, 24->24, 25)
#1287687 08.07.2026 15:04:00 : EVT WBSTORAGE : CACHE_DEFRAG (632->800, 24->24, 25)
#1287688 08.07.2026 15:04:00 : TRC NAVIGATION : CG: no climb WP
#1287689 08.07.2026 15:04:00 : TRC NAVIGATION : CG:init ZoomType=0
#1287690 08.07.2026 15:04:00 : EVT NAVIGATION : initSeg Idx=0 D=1 T=0 3-0-4
#1287691 08.07.2026 15:04:00 : EVT WBSTORAGE : CACHE_DEFRAG (720->880, 24->24, 25)
#1287692 08.07.2026 15:04:00 : EVT ALTIFUSION : AltiBaroMode:0
#1287693 08.07.2026 15:04:00 : EVT APPLICATION : Zapp zwc05901:Disable
#1287694 08.07.2026 15:04:00 : EVT ANALYTICS : Zapp disabled i:3 h:ddb248f2 n:Vector classic
#1287695 08.07.2026 15:04:00 : EVT ANALYTICS : SleepQ:Tracking:On
#1287696 08.07.2026 15:04:00 : EVT ALTIFUSION : AltiBaroMode:0
#1287697 08.07.2026 15:04:00 : EVT UI_FRAMEWORK : JS nsto enable zapp: zzwethen
#1287698 08.07.2026 15:04:00 : EVT UI_FRAMEWORK : JS nsto enable zapp: zzmoveen
#1287699 08.07.2026 15:04:00 : EVT UI_FRAMEWORK : JS nsto enable zapp: climbl01
#1287700 08.07.2026 15:04:00 : EVT APPLICATION : Zapp zzwethen:Load script
#1287701 08.07.2026 15:04:00 : EVT APPLICATION : Zapp zzwethen:Enable
#1287702 08.07.2026 15:04:00 : EVT ANALYTICS : Zapp enabled i:8 h:3f77f8ec n:zzwethen v:ade
#1287703 08.07.2026 15:04:00 : EVT APPLICATION : Zapp clid:32878
#1287704 08.07.2026 15:04:00 : EVT APPLICATION : Zapp zzmoveen:Load script
#1287705 08.07.2026 15:04:00 : EVT APPLICATION : Zapp zzmoveen:Enable
#1287706 08.07.2026 15:04:00 : EVT ANALYTICS : Zapp enabled i:6 h:7aac0887 n:zzmoveen v:8e0
#1287707 08.07.2026 15:04:00 : EVT UI_FRAMEWORK : evalFile: b:/zapp/zzmoveen.fea/ext1.js from ui
#1287708 08.07.2026 15:04:00 : EVT APPLICATION : Zapp clid:32879
#1287709 08.07.2026 15:04:00 : EVT APPLICATION : Zapp climbl01:Load script
#1287710 08.07.2026 15:04:01 : EVT APPLICATION : Zapp climbl01:Enable
#1287711 08.07.2026 15:04:01 : EVT ANALYTICS : Zapp enabled i:5 h:a5e7afa5 n:climbl01 v:3.0
#1287712 08.07.2026 15:04:01 : EVT APPLICATION : Zapp clid:32880
#1287713 08.07.2026 15:04:01 : ERR WBMAIN : *0: app 641 Event 37 80995318
#1287714 08.07.2026 15:04:01 : EVT UI_FRAMEWORK : JS nsto all zapps enabled.
#1287715 08.07.2026 15:04:01 : ERR WBMAIN : 1: mea 19 Wait 0 00000000
#1287716 08.07.2026 15:04:01 : ERR WBMAIN : 2: ui 24 Wait 0 00000000
#1287717 08.07.2026 15:04:01 : EVT UI_FRAMEWORK : JS Prestart Activity Id: 16.000
#1287718 08.07.2026 15:04:01 : WRN WBAPI : eID-691468(277): /Dive/Alarms/Acknowledge 404
#1287719 08.07.2026 15:04:01 : WRN WBAPI : eID-691468(277): /Dive/DiveGases 404
#1287720 08.07.2026 15:04:01 : WRN WBAPI : eID-691468(277): /Dive/Gauge/Next 404
#1287721 08.07.2026 15:04:01 : EVT WBSTORAGE : CACHE_DEFRAG (856->864, 24->24, 25)
#1287722 08.07.2026 15:04:01 : EVT WBSTORAGE : CACHE_DEFRAG (792->800, 24->24, 25)
#1287723 08.07.2026 15:04:01 : EVT WBSTORAGE : CACHE_DEFRAG (728->736, 24->24, 25)
#1287724 08.07.2026 15:04:01 : EVT BLE : BLE Sensor Link 4800180D Conn (--E-:00:1)
#1287725 08.07.2026 15:04:01 : WRN BLE : sendConnect 6157
#1287726 08.07.2026 15:04:02 : WRN WBAPI : eID-691468(277): /Dive/TankPressure/Alarm/Count 404
#1287727 08.07.2026 15:04:02 : EVT SPEEDFUSION : INFO # start speed fusion
#1287728 08.07.2026 15:04:02 : EVT SPEEDFUSION : Act:16,Acc:0,BPod:0,FPod:0,PPod:0,BeltPod:1
#1287729 08.07.2026 15:04:02 : EVT SPEEDFUSION : INFO # Start algo without wrist acc
#1287730 08.07.2026 15:04:02 : EVT <Unknown> : Update pres sampl intrvl:1
#1287731 08.07.2026 15:04:02 : EVT OHR : S:start 0x21a3
#1287732 08.07.2026 15:04:02 : EVT <Unknown> : 1783515842318:Meas start 0x21a3
#1287733 08.07.2026 15:04:11 : EVT BLE : lt,scan 1
#1287734 08.07.2026 15:04:11 : WRN BLE : sendDisconnect 6157
#1287735 08.07.2026 15:04:11 : ERR BLE : [AURA]No filters left, stopping scan
#1287736 08.07.2026 15:04:11 : ERR BLE : [AURA]Filter with handle 72 not found
#1287737 08.07.2026 15:04:11 : EVT BLE : packet 0 sensor found count 1
#1287738 08.07.2026 15:04:11 : EVT BLE : packet 0 sensor found count 2
#1287739 08.07.2026 15:04:12 : EVT ANALYTICS : #FusHr src:2 time:10752
#1287740 08.07.2026 15:04:25 : EVT ANALYTICS : #FusHr src:2 time:0
#1287741 08.07.2026 15:04:25 : ERR BLE : [AURA]No filters left, stopping scan
#1287742 08.07.2026 15:04:25 : EVT TRAININGLAB : TLab:~Mode T 15991 + 422 A 4510 + 0
#1287743 08.07.2026 15:04:25 : EVT TRAININGLAB : TLab:Change mode 2->3
#1287744 08.07.2026 15:04:25 : EVT TRAININGLAB : TLab:Mode::userInfo 60, 200, 1, 37, 182, 950, 1990
#1287745 08.07.2026 15:04:25 : EVT LOGGER : Log space:30237099 bytes free
#1287746 08.07.2026 15:04:25 : EVT TRAININGLAB : ModeUnsub:2800
#1287747 08.07.2026 15:04:25 : EVT TRAININGLAB : ModeSub:9004
#1287748 08.07.2026 15:04:25 : EVT TRAININGLAB : TLab:Select input 0
#1287749 08.07.2026 15:04:25 : EVT TRAININGLAB : Tlab:HR src is 2
#1287750 08.07.2026 15:04:25 : EVT TRAININGLAB : TLab:Active input 0
#1287751 08.07.2026 15:04:25 : EVT LOGGER : Exercise started
#1287752 08.07.2026 15:04:25 : TRC GPS : Full GNSS data subd l:0 c:802b0000
#1287753 08.07.2026 15:04:25 : EVT TRAININGLAB : TLab:Active input 1
#1287754 08.07.2026 15:04:27 : EVT ANALYTICS : Battery-> 3 soc:99
#1287755 08.07.2026 15:04:27 : EVT ANALYTICS : #FusHr src:2 time:0
#1287756 08.07.2026 15:04:27 : EVT ANALYTICS : #Act id:16
#1287757 08.07.2026 15:04:27 : EVT ANALYTICS : #powersave mode:p temp:32.2
#1287758 08.07.2026 15:04:27 : EVT ANALYTICS : GPSMODE:NOTUSED
#1287759 08.07.2026 15:04:27 : EVT ANALYTICS : #gnss d:2026-07-08T00:00:00Z
#1287760 08.07.2026 15:04:27 : EVT ANALYTICS : #zapp n:Weather e:1
#1287761 08.07.2026 15:04:27 : EVT ANALYTICS : #zapp n:Movement e:1
#1287762 08.07.2026 15:04:27 : EVT ANALYTICS : #zapp n:Climb Log e:1
#1287763 08.07.2026 15:04:32 : WRN WBAPI : eID-691468(277): /Dive/Alarms/Acknowledge 404
#1287764 08.07.2026 15:04:32 : WRN WBAPI : eID-691468(277): /Dive/DiveGases 404
#1287765 08.07.2026 15:04:32 : WRN WBAPI : eID-691468(277): /Dive/Gauge/Next 404
#1287766 08.07.2026 15:04:33 : EVT ANALYTICS : #ws AID:16 BM:1 NS:0 SP:3 ZN:0 TG:0 BL:0 GPS:0
#1287767 08.07.2026 15:04:33 : EVT ANALYTICS : #2ws AID:16 WHR:1 INT:0 AL:3 AP:0 FE:1 MC:1 TH:0
#1287768 08.07.2026 15:04:34 : EVT LOGGER : LGR 934, 80
#1287769 08.07.2026 15:04:34 : WRN WBAPI : eID-691468(277): /Dive/Alarms/Acknowledge 404
#1287770 08.07.2026 15:04:34 : WRN WBAPI : eID-691468(277): /Dive/DiveGases 404
#1287771 08.07.2026 15:04:34 : WRN WBAPI : eID-691468(277): /Dive/Gauge/Next 404
#1287772 08.07.2026 15:04:35 : EVT LOGGER : LGR 934, 80
#1287773 08.07.2026 15:04:39 : EVT LOGGER : LGR 934, 80
#1287774 08.07.2026 15:04:39 : EVT UI_FRAMEWORK : evalFile: b:/zapp/climbl01.fea/ext10.js from ui
#1287775 08.07.2026 15:04:45 : EVT LOGGER : LGR 934, 80
#1287776 08.07.2026 15:04:51 : EVT LOGGER : Exercise paused
#1287777 08.07.2026 15:04:51 : WRN WBAPI : eID-691468(277): /Dive/Alarms/Acknowledge 404
#1287778 08.07.2026 15:04:51 : WRN WBAPI : eID-691468(277): /Dive/DiveGases 404
#1287779 08.07.2026 15:04:51 : WRN WBAPI : eID-691468(277): /Dive/Gauge/Next 404
#1287780 08.07.2026 15:04:53 : EVT APPLICATION : Zapp climbl01:Disable
#1287781 08.07.2026 15:04:53 : EVT UI_FRAMEWORK : evalFile: b:/zapp/climbl01.fea/ext11.js from ui
#1287782 08.07.2026 15:04:54 : EVT ANALYTICS : Zapp disabled i:5 h:a5e7afa5 n:Climb Log
#1287783 08.07.2026 15:04:54 : EVT APPLICATION : Zapp zzmoveen:Disable
#1287784 08.07.2026 15:04:54 : EVT ANALYTICS : Zapp disabled i:6 h:7aac0887 n:Movement
#1287785 08.07.2026 15:04:54 : EVT UI_FRAMEWORK : evalFile: b:/zapp/zzmoveen.fea/ext2.js from ui
#1287786 08.07.2026 15:04:54 : EVT APPLICATION : Zapp zzwethen:Disable
#1287787 08.07.2026 15:04:54 : EVT ANALYTICS : Zapp disabled i:8 h:3f77f8ec n:Weather
#1287788 08.07.2026 15:04:54 : EVT UI_FRAMEWORK : JS discard disable zapps
#1287789 08.07.2026 15:04:54 : EVT UI_FRAMEWORK : JS will discard
#1287790 08.07.2026 15:04:54 : EVT SPEEDFUSION : INFO # stop speed fusion
#1287791 08.07.2026 15:04:54 : EVT <Unknown> : Update pres sampl intrvl:5
#1287792 08.07.2026 15:04:54 : WRN APPLICATION : discard hrr meas l:3 d:0 sh:69 mh:69 v:0
#1287793 08.07.2026 15:04:54 : WRN WBAPI : eID-698eec(583/65535): 404
#1287794 08.07.2026 15:04:54 : EVT TRAININGZONE : User Define Mode:5
#1287795 08.07.2026 15:04:54 : EVT TRAININGZONE : Tss HR:0.22
#1287796 08.07.2026 15:04:54 : EVT TRAININGZONE : A:16,Tss:[-200.00,-200.00,-200.00,0.22]
#1287797 08.07.2026 15:04:54 : EVT TRAININGLAB : AppFeature Vo2Max 0.000000
#1287798 08.07.2026 15:04:54 : EVT TRAININGLAB : TLab:~Mode T 16413 + 6 A 4510 + 0
#1287799 08.07.2026 15:04:54 : EVT TRAININGLAB : TLab:Change mode 3->2
#1287800 08.07.2026 15:04:54 : EVT TRAININGLAB : TLab:Mode::userInfo 60, 200, 1, 37, 182, 950, 1990
#1287801 08.07.2026 15:04:54 : EVT LOGGER : LGR 934, 80
#1287802 08.07.2026 15:04:54 : EVT TRAININGLAB : ModeUnsub:9145
#1287803 08.07.2026 15:04:54 : EVT OHR : S:start 0x2123
#1287804 08.07.2026 15:04:54 : EVT TRAININGLAB : ModeSub:0400
#1287805 08.07.2026 15:04:54 : EVT ANALYTICS : WAOae:Activity WAOae:16
#1287806 08.07.2026 15:04:54 : EVT ANALYTICS : WAOae:TotalAcc WAOae:0,0,0
#1287807 08.07.2026 15:04:54 : EVT ANALYTICS : WAOae:AccCount WAOae:0,0,0
#1287808 08.07.2026 15:04:54 : EVT ANALYTICS : WAOae:Distance WAOae:0,0,0
#1287809 08.07.2026 15:04:54 : EVT ANALYTICS : WAOae:Duration WAOae:0,0,0
#1287810 08.07.2026 15:04:54 : EVT ANALYTICS : WAOae:Coeff WAOae:0,40,240,390,773,7524,7624
#1287811 08.07.2026 15:04:54 : EVT LOGGER : Exercise stopped
#1287812 08.07.2026 15:04:54 : EVT LOGGER : HrIbiLogger stop, off (0 ms)
#1287813 08.07.2026 15:04:54 : EVT LOGGER : HrIbiLogger stopped (0 ms)
#1287814 08.07.2026 15:04:54 : TRC GPS : Unsubd c:802b0000
#1287815 08.07.2026 15:04:54 : EVT LOGGER : LGR 934, 80
#1287816 08.07.2026 15:04:54 : EVT LOGGER : LGR 934, 80
#1287817 08.07.2026 15:04:54 : EVT ANALYTICS : SleepQ:Tracking:On
#1287818 08.07.2026 15:04:54 : EVT LOGGER : LGR 934, 80
#1287819 08.07.2026 15:04:54 : EVT LOGGER : Wr dpc on
#1287820 08.07.2026 15:04:54 : EVT LOGGER : LGR 20993, 56
#1287821 08.07.2026 15:04:54 : EVT <Unknown> : 1783515894631:Meas start 0x2123
#1287822 08.07.2026 15:04:55 : TRC NAVIGATION : CG: no climb WP
#1287823 08.07.2026 15:04:55 : TRC NAVIGATION : CG:init ZoomType=0
#1287824 08.07.2026 15:04:55 : EVT NAVIGATION : initSeg Idx=0 D=1 T=0 3-0-4
#1287825 08.07.2026 15:04:55 : EVT WBSTORAGE : CACHE_DEFRAG (656->1000, 24->24, 25)
#1287826 08.07.2026 15:04:55 : EVT SPEEDFUSION : INFO # IDLE mode(-1) set
#1287827 08.07.2026 15:04:55 : EVT ALTIFUSION : AltiBaroMode:2
#1287828 08.07.2026 15:04:55 : ERR WBMAIN : *0: app 611 Event 28 802c400e
#1287829 08.07.2026 15:04:55 : ERR WBMAIN : 1: mea 0 Wait 0 00000000
#1287830 08.07.2026 15:04:55 : ERR WBMAIN : 2: ui 10 Proc 0 00000000
#1287831 08.07.2026 15:04:55 : EVT BLE : Disconn sensor:1
#1287832 08.07.2026 15:04:55 : EVT BLE : BLE Sensor Link 4800180D Disc (L-E-:00:0)
#1287833 08.07.2026 15:04:55 : WRN BLE : sendDisconnect 6157
#1287834 08.07.2026 15:04:55 : ERR BLE : [AURA]Filter with handle 72 not found
#1287835 08.07.2026 15:04:56 : EVT ANALYTICS : #powersave mode:p temp:32.2
#1287836 08.07.2026 15:04:56 : EVT ANALYTICS : Battery-> 4 soc:99
#1287837 08.07.2026 15:04:58 : EVT UI_FRAMEWORK : JS discard
#1287838 08.07.2026 15:04:58 : WRN LOGGER : Delete b:logs/6A4E4AD9
#1287839 08.07.2026 15:05:00 : EVT WBSTORAGE : CACHE_DEFRAG (976->984, 24->24, 25)
#1287840 08.07.2026 15:05:00 : EVT APPLICATION : Zapp zwc05901:Load script
#1287841 08.07.2026 15:05:00 : EVT APPLICATION : Zapp zwc05901:Enable
#1287842 08.07.2026 15:05:00 : EVT ANALYTICS : Zapp enabled i:3 h:ddb248f2 n:zwc05901 v:124f
#1287843 08.07.2026 15:05:00 : WRN WBAPI : eID-691468(277): /Weather/Current/ValidWeatherData.temp 
#1287844 08.07.2026 15:05:02 : EVT WBSTORAGE : CACHE_DEFRAG (856->864, 24->24, 25)
#1287845 08.07.2026 15:05:04 : EVT WBSTORAGE : CACHE_DEFRAG (776->784, 24->24, 25)
#1287846 08.07.2026 15:05:27 : EVT WBSTORAGE : CACHE_DEFRAG (720->728, 24->24, 25)
#1287847 08.07.2026 15:05:27 : EVT WBSTORAGE : CACHE_DEFRAG (680->712, 24->24, 25)
#1287848 08.07.2026 15:05:27 : EVT WBSTORAGE : CACHE_DEFRAG (688->704, 24->24, 25)
#1287849 08.07.2026 15:05:27 : TRC NAVIGATION : CG: no climb WP
#1287850 08.07.2026 15:05:27 : TRC NAVIGATION : CG:init ZoomType=0
#1287851 08.07.2026 15:05:27 : EVT NAVIGATION : initSeg Idx=0 D=1 T=0 3-0-4
#1287852 08.07.2026 15:05:27 : EVT WBSTORAGE : CACHE_DEFRAG (688->880, 24->24, 25)
#1287853 08.07.2026 15:05:27 : EVT ALTIFUSION : AltiBaroMode:0
#1287854 08.07.2026 15:05:27 : EVT APPLICATION : Zapp zwc05901:Disable
#1287855 08.07.2026 15:05:27 : EVT ANALYTICS : Zapp disabled i:3 h:ddb248f2 n:Vector classic
#1287856 08.07.2026 15:05:27 : EVT ANALYTICS : SleepQ:Tracking:On
#1287857 08.07.2026 15:05:28 : EVT UI_FRAMEWORK : JS nsto enable zapp: zzwethen
#1287858 08.07.2026 15:05:28 : EVT UI_FRAMEWORK : JS nsto enable zapp: zzmoveen
#1287859 08.07.2026 15:05:28 : EVT UI_FRAMEWORK : JS nsto enable zapp: climbl01
#1287860 08.07.2026 15:05:28 : EVT ALTIFUSION : AltiBaroMode:0
#1287861 08.07.2026 15:05:28 : EVT APPLICATION : Zapp zzwethen:Load script
#1287862 08.07.2026 15:05:28 : EVT APPLICATION : Zapp zzwethen:Enable
#1287863 08.07.2026 15:05:28 : EVT ANALYTICS : Zapp enabled i:8 h:3f77f8ec n:zzwethen v:ade
#1287864 08.07.2026 15:05:28 : EVT APPLICATION : Zapp clid:32878
#1287865 08.07.2026 15:05:28 : EVT APPLICATION : Zapp zzmoveen:Load script
#1287866 08.07.2026 15:05:28 : EVT APPLICATION : Zapp zzmoveen:Enable
#1287867 08.07.2026 15:05:28 : EVT ANALYTICS : Zapp enabled i:6 h:7aac0887 n:zzmoveen v:8e0
#1287868 08.07.2026 15:05:28 : EVT UI_FRAMEWORK : evalFile: b:/zapp/zzmoveen.fea/ext1.js from ui
#1287869 08.07.2026 15:05:28 : EVT APPLICATION : Zapp clid:32879
#1287870 08.07.2026 15:05:28 : EVT APPLICATION : Zapp climbl01:Load script
#1287871 08.07.2026 15:05:28 : EVT APPLICATION : Zapp climbl01:Enable
#1287872 08.07.2026 15:05:28 : EVT ANALYTICS : Zapp enabled i:5 h:a5e7afa5 n:climbl01 v:3.0
#1287873 08.07.2026 15:05:28 : EVT APPLICATION : Zapp clid:32880
#1287874 08.07.2026 15:05:29 : EVT UI_FRAMEWORK : JS nsto all zapps enabled.
#1287875 08.07.2026 15:05:29 : ERR WBMAIN : *0: app 630 Event 37 80995318
#1287876 08.07.2026 15:05:29 : ERR WBMAIN : 1: mea 2 DPC 0 00574f4f
#1287877 08.07.2026 15:05:29 : ERR WBMAIN : 2: ui 25 Wait 0 00000000
#1287878 08.07.2026 15:05:29 : EVT UI_FRAMEWORK : JS Prestart Activity Id: 16.000
#1287879 08.07.2026 15:05:29 : WRN WBAPI : eID-691468(277): /Dive/Alarms/Acknowledge 404
#1287880 08.07.2026 15:05:29 : WRN WBAPI : eID-691468(277): /Dive/DiveGases 404
#1287881 08.07.2026 15:05:29 : WRN WBAPI : eID-691468(277): /Dive/Gauge/Next 404
#1287882 08.07.2026 15:05:29 : EVT WBSTORAGE : CACHE_DEFRAG (856->864, 24->24, 25)
#1287883 08.07.2026 15:05:29 : EVT WBSTORAGE : CACHE_DEFRAG (792->800, 24->24, 25)
#1287884 08.07.2026 15:05:29 : EVT WBSTORAGE : CACHE_DEFRAG (728->736, 24->24, 25)
#1287885 08.07.2026 15:05:29 : EVT BLE : BLE Sensor Link 4800180D Conn (--E-:00:1)
#1287886 08.07.2026 15:05:29 : WRN BLE : sendConnect 6157
#1287887 08.07.2026 15:05:29 : WRN WBAPI : eID-691468(277): /Dive/TankPressure/Alarm/Count 404
#1287888 08.07.2026 15:05:29 : EVT SPEEDFUSION : INFO # start speed fusion
#1287889 08.07.2026 15:05:29 : EVT SPEEDFUSION : Act:16,Acc:0,BPod:0,FPod:0,PPod:0,BeltPod:1
#1287890 08.07.2026 15:05:29 : EVT SPEEDFUSION : INFO # Start algo without wrist acc
#1287891 08.07.2026 15:05:29 : EVT <Unknown> : Update pres sampl intrvl:1
#1287892 08.07.2026 15:05:29 : EVT OHR : S:start 0x21a3
#1287893 08.07.2026 15:05:30 : EVT <Unknown> : 1783515929778:Meas start 0x21a3
#1287894 08.07.2026 15:05:36 : EVT SETTINGS : Changed,activity
#1287895 08.07.2026 15:05:39 : EVT BLE : lt,scan 1
#1287896 08.07.2026 15:05:39 : WRN BLE : sendDisconnect 6157
#1287897 08.07.2026 15:05:39 : ERR BLE : [AURA]No filters left, stopping scan
#1287898 08.07.2026 15:05:39 : ERR BLE : [AURA]Filter with handle 72 not found
#1287899 08.07.2026 15:05:39 : EVT BLE : packet 0 sensor found count 1
#1287900 08.07.2026 15:05:39 : EVT BLE : packet 0 sensor found count 2
#1287901 08.07.2026 15:05:39 : EVT ANALYTICS : #FusHr src:2 time:10124
#1287902 08.07.2026 15:05:50 : EVT ANALYTICS : #FusHr src:2 time:0
#1287903 08.07.2026 15:05:50 : WRN WBAPI : eID-691468(277): /Dive/Alarms/Acknowledge 404
#1287904 08.07.2026 15:05:50 : WRN WBAPI : eID-691468(277): /Dive/DiveGases 404
#1287905 08.07.2026 15:05:50 : WRN WBAPI : eID-691468(277): /Dive/Gauge/Next 404
#1287906 08.07.2026 15:05:50 : EVT TRAININGLAB : TLab:~Mode T 16419 + 12 A 4510 + 0
#1287907 08.07.2026 15:05:50 : EVT TRAININGLAB : TLab:Change mode 2->3
#1287908 08.07.2026 15:05:50 : ERR BLE : [AURA]No filters left, stopping scan
#1287909 08.07.2026 15:05:50 : EVT TRAININGLAB : TLab:Mode::userInfo 60, 200, 1, 37, 182, 950, 1990
#1287910 08.07.2026 15:05:50 : EVT LOGGER : Log space:30237099 bytes free
#1287911 08.07.2026 15:05:50 : EVT TRAININGLAB : ModeUnsub:2800
#1287912 08.07.2026 15:05:50 : EVT TRAININGLAB : ModeSub:9004
#1287913 08.07.2026 15:05:50 : EVT TRAININGLAB : TLab:Select input 0
#1287914 08.07.2026 15:05:50 : EVT TRAININGLAB : Tlab:HR src is 2
#1287915 08.07.2026 15:05:50 : EVT TRAININGLAB : TLab:Active input 0
#1287916 08.07.2026 15:05:50 : EVT LOGGER : Exercise started
#1287917 08.07.2026 15:05:50 : TRC GPS : Full GNSS data subd l:0 c:802b0000
#1287918 08.07.2026 15:05:50 : EVT TRAININGLAB : TLab:Active input 1
#1287919 08.07.2026 15:05:52 : EVT ANALYTICS : Battery-> 3 soc:99
#1287920 08.07.2026 15:05:52 : EVT ANALYTICS : #FusHr src:2 time:0
#1287921 08.07.2026 15:05:52 : EVT ANALYTICS : #Act id:16
#1287922 08.07.2026 15:05:52 : EVT ANALYTICS : #powersave mode:p temp:32.8
#1287923 08.07.2026 15:05:52 : EVT ANALYTICS : GPSMODE:NOTUSED
#1287924 08.07.2026 15:05:52 : EVT ANALYTICS : #gnss d:2026-07-08T00:00:00Z
#1287925 08.07.2026 15:05:52 : EVT ANALYTICS : #zapp n:Weather e:1
#1287926 08.07.2026 15:05:52 : EVT ANALYTICS : #zapp n:Movement e:1
#1287927 08.07.2026 15:05:52 : EVT ANALYTICS : #zapp n:Climb Log e:1
#1287928 08.07.2026 15:05:58 : EVT ANALYTICS : #ws AID:16 BM:1 NS:0 SP:3 ZN:0 TG:0 BL:0 GPS:0
#1287929 08.07.2026 15:05:58 : EVT ANALYTICS : #2ws AID:16 WHR:1 INT:0 AL:0 AP:0 FE:1 MC:1 TH:0
#1287930 08.07.2026 15:05:58 : WRN WBAPI : eID-691468(277): /Dive/Alarms/Acknowledge 404
#1287931 08.07.2026 15:05:58 : WRN WBAPI : eID-691468(277): /Dive/DiveGases 404
#1287932 08.07.2026 15:05:58 : WRN WBAPI : eID-691468(277): /Dive/Gauge/Next 404
#1287933 08.07.2026 15:06:00 : EVT SEDENTARY : stop monitoring
#1287934 08.07.2026 15:06:00 : EVT FILESYSTEM : maxfh:5 28044 2 b:/syslogs/seq.txt
#1287935 08.07.2026 15:06:00 : EVT LOGGER : LGR 934, 80
#1287936 08.07.2026 15:06:00 : WRN WBAPI : eID-691468(277): /Dive/Alarms/Acknowledge 404
#1287937 08.07.2026 15:06:00 : WRN WBAPI : eID-691468(277): /Dive/DiveGases 404
#1287938 08.07.2026 15:06:00 : WRN WBAPI : eID-691468(277): /Dive/Gauge/Next 404
#1287939 08.07.2026 15:06:02 : EVT <Unknown> : 1783515962223:Off Skin Set.
#1287940 08.07.2026 15:06:03 : EVT <Unknown> : 1783515962724:On Skin Set.
#1287941 08.07.2026 15:06:09 : EVT <Unknown> : 1783515968766:Off Skin Set.
#1287942 08.07.2026 15:06:09 : EVT <Unknown> : 1783515969142:On Skin Set.
#1287943 08.07.2026 15:08:09 : WRN <Unknown> : 1783516089171:Device stationary, stopping optical meas
#1287944 08.07.2026 15:08:09 : EVT <Unknown> : 1783516089171:SCD DET STATE OFF cnt:0/89.
#1287945 08.07.2026 15:08:14 : EVT OHR : No HR update, invalidate by timer
#1287946 08.07.2026 15:09:51 : TRC FUEL_GAUGE : Batt: 4410 mV (raw: 4411) soc: 99 %, T: 31.8 C,H:102
#1287947 08.07.2026 15:10:00 : ERR WBMAIN : *0: app 905 Event 24 80892700
#1287948 08.07.2026 15:10:00 : ERR WBMAIN : 1: mea 1 Event 3 80891701
#1287949 08.07.2026 15:10:00 : ERR WBMAIN : 2: ui 23 Wait 0 00000000
#1287950 08.07.2026 15:12:37 : EVT <Unknown> : 1783516356743:xiaomi reset t:699892791/432322387.
#1287951 08.07.2026 15:12:37 : EVT <Unknown> : 1783516356743:On Skin Set.
#1287952 08.07.2026 15:12:37 : EVT <Unknown> : 1783516357294:Off Skin Set.
#1287953 08.07.2026 15:12:39 : EVT <Unknown> : 1783516358546:On Skin Set.
#1287954 08.07.2026 15:12:39 : EVT LOGGER : LGR 934, 80
#1287955 08.07.2026 15:12:39 : EVT UI_FRAMEWORK : evalFile: b:/zapp/climbl01.fea/ext10.js from ui
#1287956 08.07.2026 15:12:41 : EVT <Unknown> : 1783516361058:Off Skin Set.
#1287957 08.07.2026 15:12:41 : WRN WBAPI : eID-691468(277): /Dive/Alarms/Acknowledge 404
#1287958 08.07.2026 15:12:41 : WRN WBAPI : eID-691468(277): /Dive/DiveGases 404
#1287959 08.07.2026 15:12:41 : WRN WBAPI : eID-691468(277): /Dive/Gauge/Next 404
#1287960 08.07.2026 15:12:43 : EVT <Unknown> : 1783516362685:On Skin Set.
#1287961 08.07.2026 15:12:44 : ERR <Unknown> : 1783516363912:Mi invalid call:100,code:0.
#1287962 08.07.2026 15:12:50 : EVT <Unknown> : 1783516369958:Off Skin Set.
#1287963 08.07.2026 15:12:54 : EVT <Unknown> : 1783516373585:On Skin Set.
#1287964 08.07.2026 15:12:57 : EVT <Unknown> : 1783516377258:Off Skin Set.
#1287965 08.07.2026 15:13:00 : EVT LOGGER : LGR 934, 80
#1287966 08.07.2026 15:13:00 : WRN WBAPI : eID-691468(277): /Dive/Alarms/Acknowledge 404
#1287967 08.07.2026 15:13:00 : WRN WBAPI : eID-691468(277): /Dive/DiveGases 404
#1287968 08.07.2026 15:13:00 : WRN WBAPI : eID-691468(277): /Dive/Gauge/Next 404
#1287969 08.07.2026 15:13:02 : EVT LOGGER : LGR 934, 80
#1287970 08.07.2026 15:13:02 : EVT <Unknown> : 1783516381635:On Skin Set.
#1287971 08.07.2026 15:13:03 : EVT OHR : new HR update
#1287972 08.07.2026 15:13:04 : WRN WBAPI : eID-691468(277): /Dive/Alarms/Acknowledge 404
#1287973 08.07.2026 15:13:04 : WRN WBAPI : eID-691468(277): /Dive/DiveGases 404
#1287974 08.07.2026 15:13:04 : WRN WBAPI : eID-691468(277): /Dive/Gauge/Next 404
#1287975 08.07.2026 15:13:04 : EVT <Unknown> : 1783516383689:Off Skin Set.
#1287976 08.07.2026 15:13:05 : EVT LOGGER : LGR 934, 80
#1287977 08.07.2026 15:13:05 : WRN WBAPI : eID-691468(277): /Dive/Alarms/Acknowledge 404
#1287978 08.07.2026 15:13:05 : WRN WBAPI : eID-691468(277): /Dive/DiveGases 404
#1287979 08.07.2026 15:13:05 : WRN WBAPI : eID-691468(277): /Dive/Gauge/Next 404
#1287980 08.07.2026 15:13:07 : EVT LOGGER : LGR 934, 80
#1287981 08.07.2026 15:13:08 : EVT OHR : No HR update, invalidate by timer
#1287982 08.07.2026 15:13:09 : EVT <Unknown> : 1783516389067:On Skin Set.
#1287983 08.07.2026 15:13:09 : EVT OHR : new HR update
#1287984 08.07.2026 15:13:10 : WRN WBAPI : eID-691468(277): /Dive/Alarms/Acknowledge 404
#1287985 08.07.2026 15:13:10 : WRN WBAPI : eID-691468(277): /Dive/DiveGases 404
#1287986 08.07.2026 15:13:10 : WRN WBAPI : eID-691468(277): /Dive/Gauge/Next 404
#1287987 08.07.2026 15:13:10 : EVT <Unknown> : 1783516389919:Off Skin Set.
#1287988 08.07.2026 15:13:12 : EVT <Unknown> : 1783516391796:On Skin Set.
#1287989 08.07.2026 15:13:13 : EVT <Unknown> : 1783516393700:Off Skin Set.
#1287990 08.07.2026 15:13:15 : EVT <Unknown> : 1783516395202:On Skin Set.
#1287991 08.07.2026 15:13:18 : EVT <Unknown> : 1783516398234:Off Skin Set.
#1287992 08.07.2026 15:13:22 : EVT LOGGER : LGR 934, 80
#1287993 08.07.2026 15:13:22 : WRN WBAPI : eID-691468(277): /Dive/Alarms/Acknowledge 404
#1287994 08.07.2026 15:13:22 : WRN WBAPI : eID-691468(277): /Dive/DiveGases 404
#1287995 08.07.2026 15:13:22 : WRN WBAPI : eID-691468(277): /Dive/Gauge/Next 404
#1287996 08.07.2026 15:13:22 : EVT OHR : No HR update, invalidate by timer
#1287997 08.07.2026 15:13:24 : EVT LOGGER : LGR 934, 80
#1287998 08.07.2026 15:13:25 : WRN WBAPI : eID-691468(277): /Dive/Alarms/Acknowledge 404
#1287999 08.07.2026 15:13:25 : WRN WBAPI : eID-691468(277): /Dive/DiveGases 404
#1288000 08.07.2026 15:13:25 : WRN WBAPI : eID-691468(277): /Dive/Gauge/Next 404
#1288001 08.07.2026 15:13:27 : EVT <Unknown> : 1783516406738:On Skin Set.
#1288002 08.07.2026 15:13:27 : EVT <Unknown> : 1783516406969:Off Skin Set.
#1288003 08.07.2026 15:13:27 : EVT UI_FRAMEWORK : evalFile: b:/zapp/climbl01.fea/ext21.js from ui
#1288004 08.07.2026 15:13:28 : EVT <Unknown> : 1783516408221:On Skin Set.
#1288005 08.07.2026 15:13:29 : EVT OHR : new HR update
#1288006 08.07.2026 15:13:31 : EVT <Unknown> : 1783516411213:Off Skin Set.
#1288007 08.07.2026 15:13:36 : EVT OHR : No HR update, invalidate by timer
#1288008 08.07.2026 15:13:48 : EVT <Unknown> : 1783516427718:On Skin Set.
#1288009 08.07.2026 15:13:48 : EVT OHR : new HR update
#1288010 08.07.2026 15:13:50 : EVT LOGGER : Exercise paused
#1288011 08.07.2026 15:13:50 : WRN WBAPI : eID-691468(277): /Dive/Alarms/Acknowledge 404
#1288012 08.07.2026 15:13:50 : WRN WBAPI : eID-691468(277): /Dive/DiveGases 404
#1288013 08.07.2026 15:13:50 : WRN WBAPI : eID-691468(277): /Dive/Gauge/Next 404
#1288014 08.07.2026 15:13:52 : EVT APPLICATION : Zapp climbl01:Disable
#1288015 08.07.2026 15:13:52 : EVT UI_FRAMEWORK : evalFile: b:/zapp/climbl01.fea/ext11.js from ui
#1288016 08.07.2026 15:13:52 : EVT ANALYTICS : Zapp disabled i:5 h:a5e7afa5 n:Climb Log
#1288017 08.07.2026 15:13:52 : EVT APPLICATION : Zapp zzmoveen:Disable
#1288018 08.07.2026 15:13:52 : EVT ANALYTICS : Zapp disabled i:6 h:7aac0887 n:Movement
#1288019 08.07.2026 15:13:52 : EVT UI_FRAMEWORK : evalFile: b:/zapp/zzmoveen.fea/ext2.js from ui
#1288020 08.07.2026 15:13:52 : EVT APPLICATION : Zapp zzwethen:Disable
#1288021 08.07.2026 15:13:53 : EVT ANALYTICS : Zapp disabled i:8 h:3f77f8ec n:Weather
#1288022 08.07.2026 15:13:53 : EVT UI_FRAMEWORK : JS discard disable zapps
#1288023 08.07.2026 15:13:53 : EVT UI_FRAMEWORK : JS will discard
#1288024 08.07.2026 15:13:53 : EVT SPEEDFUSION : INFO # stop speed fusion
#1288025 08.07.2026 15:13:53 : EVT <Unknown> : Update pres sampl intrvl:5
#1288026 08.07.2026 15:13:53 : WRN APPLICATION : discard hrr meas l:3 d:0 sh:83 mh:83 v:0
#1288027 08.07.2026 15:13:53 : WRN WBAPI : eID-698eec(583/65535): 404
#1288028 08.07.2026 15:13:53 : EVT TRAININGZONE : User Define Mode:5
#1288029 08.07.2026 15:13:53 : EVT TRAININGZONE : Tss HR:4.01
#1288030 08.07.2026 15:13:53 : EVT TRAININGZONE : A:16,Tss:[-200.00,-200.00,-200.00,4.01]
#1288031 08.07.2026 15:13:53 : EVT TRAININGLAB : AppFeature Vo2Max 0.000000
#1288032 08.07.2026 15:13:53 : EVT TRAININGLAB : TLab:~Mode T 16431 + 246 A 4510 + 140
#1288033 08.07.2026 15:13:53 : EVT TRAININGLAB : TLab:Change mode 3->2
#1288034 08.07.2026 15:13:53 : EVT TRAININGLAB : TLab:Mode::userInfo 60, 200, 1, 37, 182, 950, 1990
#1288035 08.07.2026 15:13:53 : EVT LOGGER : LGR 934, 80
#1288036 08.07.2026 15:13:53 : EVT TRAININGLAB : ModeUnsub:9145
#1288037 08.07.2026 15:13:53 : EVT OHR : S:start 0x2123
#1288038 08.07.2026 15:13:53 : EVT TRAININGLAB : ModeSub:0400
#1288039 08.07.2026 15:13:53 : EVT ANALYTICS : WAOae:Activity WAOae:16
#1288040 08.07.2026 15:13:53 : EVT ANALYTICS : WAOae:TotalAcc WAOae:0,0,0
#1288041 08.07.2026 15:13:53 : EVT ANALYTICS : WAOae:AccCount WAOae:0,0,0
#1288042 08.07.2026 15:13:53 : EVT ANALYTICS : WAOae:Distance WAOae:0,0,0
#1288043 08.07.2026 15:13:53 : EVT ANALYTICS : WAOae:Duration WAOae:0,0,0
#1288044 08.07.2026 15:13:53 : EVT ANALYTICS : WAOae:Coeff WAOae:0,40,240,390,773,7524,7624
#1288045 08.07.2026 15:13:53 : EVT LOGGER : Exercise stopped
#1288046 08.07.2026 15:13:53 : EVT LOGGER : HrIbiLogger stop, off (0 ms)
#1288047 08.07.2026 15:13:53 : EVT LOGGER : HrIbiLogger stopped (0 ms)
#1288048 08.07.2026 15:13:53 : TRC GPS : Unsubd c:802b0000
#1288049 08.07.2026 15:13:53 : EVT LOGGER : LGR 934, 80
#1288050 08.07.2026 15:13:53 : EVT LOGGER : LGR 934, 80
#1288051 08.07.2026 15:13:53 : EVT ANALYTICS : SleepQ:Tracking:On
#1288052 08.07.2026 15:13:53 : EVT LOGGER : Wr dpc on
#1288053 08.07.2026 15:13:53 : EVT LOGGER : LGR 20993, 56
#1288054 08.07.2026 15:13:53 : EVT <Unknown> : 1783516432631:Off Skin Set.
#1288055 08.07.2026 15:13:53 : EVT <Unknown> : 1783516433121:Meas start 0x2123
#1288056 08.07.2026 15:13:54 : EVT BLE : Disconn sensor:1
#1288057 08.07.2026 15:13:54 : EVT BLE : BLE Sensor Link 4800180D Disc (L-E-:00:0)
#1288058 08.07.2026 15:13:54 : WRN BLE : sendDisconnect 6157
#1288059 08.07.2026 15:13:54 : ERR BLE : [AURA]Filter with handle 72 not found
#1288060 08.07.2026 15:13:54 : EVT <Unknown> : 1783516433633:On Skin Set.
#1288061 08.07.2026 15:13:54 : EVT UI_FRAMEWORK : JS feeling vs idle 1
#1288062 08.07.2026 15:13:54 : EVT UI_FRAMEWORK : JS feeling open ex-saving
#1288063 08.07.2026 15:13:54 : EVT <Unknown> : 1783516434735:Off Skin Set.
#1288064 08.07.2026 15:13:55 : EVT WBSTORAGE : CACHE_DEFRAG (656->800, 24->24, 25)
#1288065 08.07.2026 15:13:55 : TRC NAVIGATION : CG: no climb WP
#1288066 08.07.2026 15:13:55 : TRC NAVIGATION : CG:init ZoomType=0
#1288067 08.07.2026 15:13:55 : EVT NAVIGATION : initSeg Idx=0 D=1 T=0 3-0-4
#1288068 08.07.2026 15:13:55 : EVT WBSTORAGE : CACHE_DEFRAG (784->1000, 24->24, 25)
#1288069 08.07.2026 15:13:55 : EVT SPEEDFUSION : INFO # IDLE mode(-1) set
#1288070 08.07.2026 15:13:55 : EVT ALTIFUSION : AltiBaroMode:2
#1288071 08.07.2026 15:13:55 : EVT SEDENTARY : stop monitoring
#1288072 08.07.2026 15:13:55 : EVT <Unknown> : 1783516435111:On Skin Set.
#1288073 08.07.2026 15:13:55 : EVT ANALYTICS : #powersave mode:p temp:31.9
#1288074 08.07.2026 15:13:55 : EVT ANALYTICS : Battery-> 4 soc:99
#1288075 08.07.2026 15:13:58 : EVT ANALYTICS : Duration ExSaving:3683
#1288076 08.07.2026 15:13:59 : EVT ANALYTICS : Duration ExSumBroker:381
#1288077 08.07.2026 15:14:05 : EVT UI_FRAMEWORK : JS delete log
#1288078 08.07.2026 15:14:05 : WRN LOGGER : Delete b:logs/6A4E4B2E
#1288079 08.07.2026 15:14:07 : EVT WBSTORAGE : CACHE_DEFRAG (976->984, 24->24, 25)
#1288080 08.07.2026 15:14:07 : EVT APPLICATION : Zapp zwc05901:Load script
#1288081 08.07.2026 15:14:07 : EVT APPLICATION : Zapp zwc05901:Enable
#1288082 08.07.2026 15:14:07 : EVT ANALYTICS : Zapp enabled i:3 h:ddb248f2 n:zwc05901 v:124f
#1288083 08.07.2026 15:14:07 : WRN WBAPI : eID-691468(277): /Weather/Current/ValidWeatherData.temp 
#1288084 08.07.2026 15:14:10 : EVT WBSTORAGE : CACHE_DEFRAG (856->864, 24->24, 25)
#1288085 08.07.2026 15:14:11 : EVT WBSTORAGE : CACHE_DEFRAG (776->784, 24->24, 25)
#1288086 08.07.2026 15:14:32 : EVT <Unknown> : 1783516472415:Off Skin Set.
#1288087 08.07.2026 15:14:37 : EVT OHR : No HR update, invalidate by timer
#1288088 08.07.2026 15:14:43 : EVT <Unknown> : 1783516483795:On Skin Set.
#1288089 08.07.2026 15:14:44 : EVT <Unknown> : 1783516484546:Off Skin Set.
#1288090 08.07.2026 15:14:45 : EVT <Unknown> : 1783516484923:On Skin Set.
#1288091 08.07.2026 15:14:45 : EVT <Unknown> : 1783516485234:Off Skin Set.
#1288092 08.07.2026 15:14:46 : EVT <Unknown> : 1783516486235:On Skin Set.
#1288093 08.07.2026 15:14:46 : EVT <Unknown> : 1783516486427:Off Skin Set.
#1288094 08.07.2026 15:14:47 : EVT <Unknown> : 1783516487303:On Skin Set.
#1288095 08.07.2026 15:14:47 : EVT OHR : new HR update
#1288096 08.07.2026 15:14:48 : EVT <Unknown> : 1783516488807:Off Skin Set.
#1288097 08.07.2026 15:14:49 : EVT PMIC : VBUS state is ON
#1288098 08.07.2026 15:14:49 : EVT PMIC : chgCntl1:0x70
#1288099 08.07.2026 15:14:49 : EVT PMIC : check chgCntl1:0x74
#1288100 08.07.2026 15:14:49 : EVT PMIC : Turn charge ON since VBUS->ON
#1288101 08.07.2026 15:14:49 : EVT PMIC : PMIC temp zone:0x2
#1288102 08.07.2026 15:14:49 : EVT PMIC : PMIC Fast-charge constant cur
#1288103 08.07.2026 15:14:49 : EVT OHR : VBUS on
#1288104 08.07.2026 15:14:49 : EVT OHR : S:stop 23
#1288105 08.07.2026 15:14:49 : EVT <Unknown> : 1783516489974:Meas stop 0x2123
#1288106 08.07.2026 15:14:50 : WRN <Unknown> : 1783516489974:FSM EVT STOP.
#1288107 08.07.2026 15:14:50 : EVT OHR : S:OFF 1->0
#1288108 08.07.2026 15:14:50 : EVT PMIC : PMIC Fast-charge constant voltage
#1288109 08.07.2026 15:14:51 : EVT PMIC : PMIC temp zone:0x7
#1288110 08.07.2026 15:14:52 : EVT PMIC : VBUS state is OFF
#1288111 08.07.2026 15:14:52 : EVT PMIC : Turn charge OFF since VBUS->OFF
#1288112 08.07.2026 15:14:52 : EVT OHR : VBUS off
#1288113 08.07.2026 15:14:52 : EVT OHR : S:ON 0->1
#1288114 08.07.2026 15:14:52 : EVT OHR : APPINIT:caps 0x1f4, 6b738616
#1288115 08.07.2026 15:14:52 : EVT <Unknown> : 1783516492394:AI@1783516492370, tz120
#1288116 08.07.2026 15:14:52 : EVT OHR : S:start 0x2123
#1288117 08.07.2026 15:14:52 : EVT <Unknown> : 1783516492401:Meas start 0x2123
#1288118 08.07.2026 15:14:52 : EVT <Unknown> : 1783516492416:PD1464, 0
#1288119 08.07.2026 15:14:52 : EVT <Unknown> : 1783516492483:GMV 20251126/1/4/0/395/46
#1288120 08.07.2026 15:14:52 : EVT <Unknown> : 1783516492737:Mi1.6.10, auth 0, hr_mode 0
#1288121 08.07.2026 15:14:52 : EVT OHR : No HR update, invalidate by timer
#1288122 08.07.2026 15:14:53 : EVT PMIC : VBUS state is ON
#1288123 08.07.2026 15:14:53 : EVT PMIC : chgCntl1:0x70
#1288124 08.07.2026 15:14:53 : EVT PMIC : check chgCntl1:0x74
#1288125 08.07.2026 15:14:53 : EVT PMIC : Turn charge ON since VBUS->ON
#1288126 08.07.2026 15:14:53 : EVT PMIC : PMIC temp zone:0x2
#1288127 08.07.2026 15:14:53 : EVT PMIC : PMIC Fast-charge constant cur
#1288128 08.07.2026 15:14:53 : EVT OHR : VBUS on
#1288129 08.07.2026 15:14:53 : EVT OHR : S:stop 23
#1288130 08.07.2026 15:14:53 : EVT <Unknown> : 1783516493829:Meas stop 0x2123
#1288131 08.07.2026 15:14:53 : EVT PMIC : PMIC Fast-charge constant voltage
#1288132 08.07.2026 15:14:53 : EVT PMIC : VBUS state is ON
#1288133 08.07.2026 15:14:53 : WRN <Unknown> : 1783516493830:FSM EVT STOP.
#1288134 08.07.2026 15:14:53 : EVT OHR : S:OFF 1->0
#1288135 08.07.2026 15:14:54 : EVT PMIC : PMIC temp zone:0x7
#1288136 08.07.2026 15:14:54 : EVT PMIC : VBUS state is OFF
#1288137 08.07.2026 15:14:54 : EVT PMIC : Turn charge OFF since VBUS->OFF
#1288138 08.07.2026 15:14:54 : EVT OHR : VBUS off
#1288139 08.07.2026 15:14:54 : EVT OHR : S:ON 0->1
#1288140 08.07.2026 15:14:54 : EVT OHR : APPINIT:caps 0x1f4, 6b738616
#1288141 08.07.2026 15:14:54 : EVT <Unknown> : 1783516494634:AI@1783516494610, tz120
#1288142 08.07.2026 15:14:54 : EVT OHR : S:start 0x2123
#1288143 08.07.2026 15:14:54 : EVT <Unknown> : 1783516494640:Meas start 0x2123
#1288144 08.07.2026 15:14:54 : EVT <Unknown> : 1783516494650:PD1464, 0
#1288145 08.07.2026 15:14:54 : EVT <Unknown> : 1783516494714:GMV 20251126/1/4/0/395/46
#1288146 08.07.2026 15:14:54 : EVT <Unknown> : 1783516494968:Mi1.6.10, auth 0, hr_mode 0
#1288147 08.07.2026 15:14:55 : EVT PMIC : VBUS state is ON
#1288148 08.07.2026 15:14:55 : EVT PMIC : chgCntl1:0x70
#1288149 08.07.2026 15:14:55 : EVT PMIC : check chgCntl1:0x74
#1288150 08.07.2026 15:14:55 : EVT PMIC : Turn charge ON since VBUS->ON
#1288151 08.07.2026 15:14:55 : EVT PMIC : PMIC temp zone:0x2
#1288152 08.07.2026 15:14:55 : EVT PMIC : PMIC Fast-charge constant cur
#1288153 08.07.2026 15:14:55 : EVT OHR : VBUS on
#1288154 08.07.2026 15:14:55 : EVT OHR : S:stop 23
#1288155 08.07.2026 15:14:55 : EVT <Unknown> : 1783516495501:Meas stop 0x2123
#1288156 08.07.2026 15:14:55 : WRN <Unknown> : 1783516495502:FSM EVT STOP.
#1288157 08.07.2026 15:14:55 : EVT OHR : S:OFF 1->0
#1288158 08.07.2026 15:14:55 : EVT PMIC : PMIC Fast-charge constant voltage
#1288159 08.07.2026 15:14:55 : EVT PMIC : VBUS state is ON
#1288160 08.07.2026 15:15:00 : EVT SEDENTARY : stop monitoring
#1288161 08.07.2026 15:15:01 : TRC FUEL_GAUGE : Chg->1,B:5,C:29.7,V:4409,U:1,bF:99%,bC:99%
#1288162 08.07.2026 15:15:01 : EVT PMIC : PMIC Fast-charge constant cur
#1288163 08.07.2026 15:15:01 : EVT ANALYTICS : Battery-> 2 soc:99
#1288164 08.07.2026 15:15:02 : EVT PMIC : PMIC Fast-charge constant voltage
#1288165 08.07.2026 15:15:11 : EVT WBCOMM : P-9 connection made to ECSD00000000
#1288166 08.07.2026 15:15:11 : EVT WBCOMM : New Route: ECSD00000000
#1288167 08.07.2026 15:15:33 : EVT PMIC : PMIC Maintain charge
#1288168 08.07.2026 15:15:34 : EVT PMIC : PMIC Fast-charge constant voltage
#1288169 08.07.2026 15:15:36 : EVT PMIC : PMIC Maintain charge
#1288170 08.07.2026 15:15:36 : EVT PMIC : PMIC Fast-charge constant voltage
#1288171 08.07.2026 15:15:38 : EVT PMIC : PMIC Maintain charge
#1288172 08.07.2026 15:15:38 : EVT PMIC : PMIC Fast-charge constant voltage
#1288173 08.07.2026 15:15:40 : EVT PMIC : PMIC Maintain charge
#1288174 08.07.2026 15:15:40 : EVT PMIC : PMIC Fast-charge constant voltage
#1288175 08.07.2026 15:15:40 : EVT PMIC : PMIC Maintain charge
#1288176 08.07.2026 15:15:40 : EVT PMIC : PMIC Fast-charge constant voltage
#1288177 08.07.2026 15:15:42 : EVT PMIC : PMIC Maintain charge
#1288178 08.07.2026 15:15:42 : EVT PMIC : PMIC Fast-charge constant voltage
#1288179 08.07.2026 15:15:42 : EVT PMIC : PMIC Maintain charge
#1288180 08.07.2026 15:15:42 : EVT PMIC : PMIC Fast-charge constant voltage
#1288181 08.07.2026 15:15:44 : EVT PMIC : PMIC Maintain charge
#1288182 08.07.2026 15:15:44 : EVT PMIC : PMIC Fast-charge constant voltage
#1288183 08.07.2026 15:15:44 : EVT PMIC : PMIC Maintain charge
#1288184 08.07.2026 15:15:44 : EVT PMIC : PMIC Fast-charge constant voltage
#1288185 08.07.2026 15:15:49 : EVT PMIC : PMIC Maintain charge
#1288186 08.07.2026 15:15:50 : EVT PMIC : PMIC Fast-charge constant voltage
#1288187 08.07.2026 15:15:51 : EVT PMIC : PMIC Maintain charge
#1288188 08.07.2026 15:15:51 : EVT PMIC : PMIC Fast-charge constant voltage
#1288189 08.07.2026 15:15:52 : EVT PMIC : PMIC Maintain charge
#1288190 08.07.2026 15:15:52 : EVT PMIC : PMIC Fast-charge constant voltage
#1288191 08.07.2026 15:15:52 : EVT PMIC : PMIC Maintain charge
#1288192 08.07.2026 15:15:52 : EVT PMIC : PMIC Fast-charge constant voltage
#1288193 08.07.2026 15:15:52 : EVT PMIC : PMIC Maintain charge
#1288194 08.07.2026 15:15:52 : EVT PMIC : PMIC Fast-charge constant voltage
#1288195 08.07.2026 15:15:54 : EVT PMIC : PMIC Maintain charge
#1288196 08.07.2026 15:15:54 : EVT PMIC : PMIC Fast-charge constant voltage
#1288197 08.07.2026 15:15:54 : EVT PMIC : PMIC Maintain charge
#1288198 08.07.2026 15:15:55 : EVT PMIC : PMIC Fast-charge constant voltage
#1288199 08.07.2026 15:15:55 : EVT PMIC : PMIC Maintain charge
#1288200 08.07.2026 15:15:55 : EVT PMIC : PMIC Fast-charge constant voltage
#1288201 08.07.2026 15:15:55 : EVT PMIC : PMIC Maintain charge
#1288202 08.07.2026 15:15:56 : EVT PMIC : PMIC Fast-charge constant voltage
#1288203 08.07.2026 15:15:56 : EVT PMIC : PMIC Maintain charge
#1288204 08.07.2026 15:15:56 : EVT PMIC : PMIC Fast-charge constant voltage
#1288205 08.07.2026 15:15:57 : EVT PMIC : PMIC Maintain charge
#1288206 08.07.2026 15:15:58 : EVT PMIC : PMIC Fast-charge constant voltage
#1288207 08.07.2026 15:15:58 : EVT PMIC : PMIC Maintain charge
#1288208 08.07.2026 15:15:58 : EVT PMIC : PMIC Fast-charge constant voltage
#1288209 08.07.2026 15:15:58 : EVT PMIC : PMIC Maintain charge
#1288210 08.07.2026 15:16:02 : EVT PMIC : PMIC Maintain charge
#1288211 08.07.2026 15:16:02 : EVT PMIC : PMIC Fast-charge constant voltage
#1288212 08.07.2026 15:16:02 : EVT PMIC : PMIC Maintain charge
#1288213 08.07.2026 15:16:03 : EVT PMIC : PMIC Fast-charge constant voltage
#1288214 08.07.2026 15:16:03 : EVT PMIC : PMIC Maintain charge
#1288215 08.07.2026 15:16:09 : EVT PMIC : PMIC temp zone:0x7
#1288216 08.07.2026 15:16:09 : EVT PMIC : VBUS state is OFF
#1288217 08.07.2026 15:16:09 : EVT PMIC : Turn charge OFF since VBUS->OFF
#1288218 08.07.2026 15:16:09 : EVT WBCOMM : Route lost: ECSD00000000
#1288219 08.07.2026 15:16:09 : TRC FUEL_GAUGE : Chg->0,B:5,C:52.2,V:4431,U:0,bF:99%,bC:99%
#1288220 08.07.2026 15:16:09 : EVT OHR : VBUS off
#1288221 08.07.2026 15:16:09 : EVT OHR : S:ON 0->1
#1288222 08.07.2026 15:16:09 : EVT ANALYTICS : Battery-> 1 soc:99
#1288223 08.07.2026 15:16:09 : EVT OHR : APPINIT:caps 0x1f4, 6b738616
#1288224 08.07.2026 15:16:09 : EVT <Unknown> : 1783516569955:AI@1783516569930, tz120
#1288225 08.07.2026 15:16:09 : EVT OHR : S:start 0x2123
#1288226 08.07.2026 15:16:09 : EVT <Unknown> : 1783516569988:Meas start 0x2123
#1288227 08.07.2026 15:16:10 : EVT <Unknown> : 1783516570006:PD1464, 0
#1288228 08.07.2026 15:16:10 : EVT <Unknown> : 1783516570095:GMV 20251126/1/4/0/395/46
#1288229 08.07.2026 15:16:10 : EVT <Unknown> : 1783516570355:Mi1.6.10, auth 0, hr_mode 0
#1288230 08.07.2026 15:16:10 : EVT <Unknown> : 1783516570366:On Skin Set.
#1288231 08.07.2026 15:16:10 : WRN WBAPI : eID-691468(277): /Weather/Current/ValidWeatherData.temp 
#1288232 08.07.2026 15:16:12 : EVT WBSTORAGE : CACHE_DEFRAG (720->728, 24->24, 25)
#1288233 08.07.2026 15:16:13 : EVT WBSTORAGE : CACHE_DEFRAG (680->712, 24->24, 25)
#1288234 08.07.2026 15:16:13 : EVT WBSTORAGE : CACHE_DEFRAG (688->704, 24->24, 25)
#1288235 08.07.2026 15:16:13 : EVT WBSTORAGE : CACHE_DEFRAG (688->752, 24->24, 25)
#1288236 08.07.2026 15:16:13 : TRC NAVIGATION : CG: no climb WP
#1288237 08.07.2026 15:16:13 : TRC NAVIGATION : CG:init ZoomType=0
#1288238 08.07.2026 15:16:13 : EVT NAVIGATION : initSeg Idx=0 D=1 T=0 3-0-4
#1288239 08.07.2026 15:16:13 : EVT WBSTORAGE : CACHE_DEFRAG (672->880, 24->24, 25)
#1288240 08.07.2026 15:16:13 : EVT ALTIFUSION : AltiBaroMode:0
#1288241 08.07.2026 15:16:13 : EVT APPLICATION : Zapp zwc05901:Disable
#1288242 08.07.2026 15:16:13 : EVT ANALYTICS : Zapp disabled i:3 h:ddb248f2 n:Vector classic
#1288243 08.07.2026 15:16:13 : EVT ANALYTICS : SleepQ:Tracking:On
#1288244 08.07.2026 15:16:13 : EVT ALTIFUSION : AltiBaroMode:0
#1288245 08.07.2026 15:16:13 : EVT UI_FRAMEWORK : JS nsto enable zapp: zzwethen
#1288246 08.07.2026 15:16:13 : EVT UI_FRAMEWORK : JS nsto enable zapp: zzmoveen
#1288247 08.07.2026 15:16:13 : EVT UI_FRAMEWORK : JS nsto enable zapp: climbl01
#1288248 08.07.2026 15:16:13 : EVT APPLICATION : Zapp zzwethen:Load script
#1288249 08.07.2026 15:16:13 : EVT APPLICATION : Zapp zzwethen:Enable
#1288250 08.07.2026 15:16:13 : EVT ANALYTICS : Zapp enabled i:8 h:3f77f8ec n:zzwethen v:ade
#1288251 08.07.2026 15:16:13 : EVT APPLICATION : Zapp clid:32878
#1288252 08.07.2026 15:16:13 : EVT APPLICATION : Zapp zzmoveen:Load script
#1288253 08.07.2026 15:16:13 : EVT APPLICATION : Zapp zzmoveen:Enable
#1288254 08.07.2026 15:16:13 : EVT ANALYTICS : Zapp enabled i:6 h:7aac0887 n:zzmoveen v:8e0
#1288255 08.07.2026 15:16:13 : EVT UI_FRAMEWORK : evalFile: b:/zapp/zzmoveen.fea/ext1.js from ui
#1288256 08.07.2026 15:16:13 : EVT APPLICATION : Zapp clid:32879
#1288257 08.07.2026 15:16:13 : EVT APPLICATION : Zapp climbl01:Load script
#1288258 08.07.2026 15:16:14 : EVT APPLICATION : Zapp climbl01:Enable
#1288259 08.07.2026 15:16:14 : EVT ANALYTICS : Zapp enabled i:5 h:a5e7afa5 n:climbl01 v:3.0
#1288260 08.07.2026 15:16:14 : EVT APPLICATION : Zapp clid:32880
#1288261 08.07.2026 15:16:14 : EVT UI_FRAMEWORK : JS nsto all zapps enabled.
#1288262 08.07.2026 15:16:14 : ERR WBMAIN : *0: app 632 Event 37 80995318
#1288263 08.07.2026 15:16:14 : ERR WBMAIN : 1: mea 19 Wait 0 00000000
#1288264 08.07.2026 15:16:14 : ERR WBMAIN : 2: ui 23 Wait 0 00000000
#1288265 08.07.2026 15:16:14 : EVT UI_FRAMEWORK : JS Prestart Activity Id: 16.000
#1288266 08.07.2026 15:16:14 : WRN WBAPI : eID-691468(277): /Dive/Alarms/Acknowledge 404
#1288267 08.07.2026 15:16:14 : WRN WBAPI : eID-691468(277): /Dive/DiveGases 404
#1288268 08.07.2026 15:16:14 : WRN WBAPI : eID-691468(277): /Dive/Gauge/Next 404
#1288269 08.07.2026 15:16:14 : EVT WBSTORAGE : CACHE_DEFRAG (856->864, 24->24, 25)
#1288270 08.07.2026 15:16:14 : EVT WBSTORAGE : CACHE_DEFRAG (792->800, 24->24, 25)
#1288271 08.07.2026 15:16:14 : EVT WBSTORAGE : CACHE_DEFRAG (728->736, 24->24, 25)
#1288272 08.07.2026 15:16:14 : EVT BLE : BLE Sensor Link 4800180D Conn (--E-:00:1)
#1288273 08.07.2026 15:16:14 : WRN BLE : sendConnect 6157
#1288274 08.07.2026 15:16:15 : ERR <Unknown> : 1783516574380:Mi invalid call:100,code:0.
#1288275 08.07.2026 15:16:15 : WRN WBAPI : eID-691468(277): /Dive/TankPressure/Alarm/Count 404
#1288276 08.07.2026 15:16:15 : EVT SPEEDFUSION : INFO # start speed fusion
#1288277 08.07.2026 15:16:15 : EVT SPEEDFUSION : Act:16,Acc:0,BPod:0,FPod:0,PPod:0,BeltPod:1
#1288278 08.07.2026 15:16:15 : EVT SPEEDFUSION : INFO # Start algo without wrist acc
#1288279 08.07.2026 15:16:15 : EVT <Unknown> : Update pres sampl intrvl:1
#1288280 08.07.2026 15:16:15 : EVT OHR : S:start 0x21a3
#1288281 08.07.2026 15:16:16 : EVT <Unknown> : 1783516575633:Meas start 0x21a3
#1288282 08.07.2026 15:16:19 : EVT <Unknown> : 1783516578499:Off Skin Set.
#1288283 08.07.2026 15:16:19 : EVT OHR : No HR update, invalidate by timer
#1288284 08.07.2026 15:16:20 : EVT <Unknown> : 1783516579751:On Skin Set.
#1288285 08.07.2026 15:16:24 : EVT BLE : lt,scan 1
#1288286 08.07.2026 15:16:24 : WRN BLE : sendDisconnect 6157
#1288287 08.07.2026 15:16:24 : ERR BLE : [AURA]No filters left, stopping scan
#1288288 08.07.2026 15:16:25 : ERR BLE : [AURA]Filter with handle 72 not found
#1288289 08.07.2026 15:16:25 : EVT BLE : packet 0 sensor found count 1
#1288290 08.07.2026 15:16:25 : EVT BLE : packet 0 sensor found count 2
#1288291 08.07.2026 15:16:27 : EVT OHR : new HR update
#1288292 08.07.2026 15:16:27 : EVT ANALYTICS : #FusHr src:2 time:11631
#1288293 08.07.2026 15:16:50 : EVT <Unknown> : 1783516609435:Off Skin Set.
#1288294 08.07.2026 15:16:51 : EVT <Unknown> : 1783516610311:On Skin Set.
#1288295 08.07.2026 15:17:02 : EVT <Unknown> : 1783516621345:Off Skin Set.
#1288296 08.07.2026 15:17:03 : EVT <Unknown> : 1783516622972:On Skin Set.
#1288297 08.07.2026 15:17:12 : EVT <Unknown> : 1783516631410:Off Skin Set.
#1288298 08.07.2026 15:17:13 : EVT <Unknown> : 1783516632537:On Skin Set.
#1288299 08.07.2026 15:17:17 : EVT ANALYTICS : #FusHr src:2 time:0
#1288300 08.07.2026 15:17:17 : WRN WBAPI : eID-691468(277): /Dive/Alarms/Acknowledge 404
#1288301 08.07.2026 15:17:17 : WRN WBAPI : eID-691468(277): /Dive/DiveGases 404
#1288302 08.07.2026 15:17:17 : WRN WBAPI : eID-691468(277): /Dive/Gauge/Next 404
#1288303 08.07.2026 15:17:17 : EVT TRAININGLAB : TLab:~Mode T 16677 + 45 A 4650 + 0
#1288304 08.07.2026 15:17:17 : EVT TRAININGLAB : TLab:Change mode 2->3
#1288305 08.07.2026 15:17:17 : EVT TRAININGLAB : TLab:Mode::userInfo 60, 200, 1, 37, 182, 950, 1990
#1288306 08.07.2026 15:17:17 : ERR BLE : [AURA]No filters left, stopping scan
#1288307 08.07.2026 15:17:17 : EVT LOGGER : Log space:30237099 bytes free
#1288308 08.07.2026 15:17:17 : EVT TRAININGLAB : ModeUnsub:2800
#1288309 08.07.2026 15:17:17 : EVT TRAININGLAB : ModeSub:9004
#1288310 08.07.2026 15:17:17 : EVT TRAININGLAB : TLab:Select input 0
#1288311 08.07.2026 15:17:17 : EVT TRAININGLAB : Tlab:HR src is 2
#1288312 08.07.2026 15:17:17 : EVT TRAININGLAB : TLab:Active input 0
#1288313 08.07.2026 15:17:17 : EVT LOGGER : Exercise started
#1288314 08.07.2026 15:17:17 : TRC GPS : Full GNSS data subd l:0 c:802b0000
#1288315 08.07.2026 15:17:17 : EVT TRAININGLAB : TLab:Active input 1
#1288316 08.07.2026 15:17:19 : EVT ANALYTICS : Battery-> 3 soc:99
#1288317 08.07.2026 15:17:19 : EVT ANALYTICS : #FusHr src:2 time:0
#1288318 08.07.2026 15:17:19 : EVT ANALYTICS : #Act id:16
#1288319 08.07.2026 15:17:19 : EVT ANALYTICS : #powersave mode:p temp:31.5
#1288320 08.07.2026 15:17:19 : EVT ANALYTICS : GPSMODE:NOTUSED
#1288321 08.07.2026 15:17:19 : EVT ANALYTICS : #gnss d:2026-07-08T00:00:00Z
#1288322 08.07.2026 15:17:19 : EVT ANALYTICS : #zapp n:Weather e:1
#1288323 08.07.2026 15:17:19 : EVT ANALYTICS : #zapp n:Movement e:1
#1288324 08.07.2026 15:17:19 : EVT ANALYTICS : #zapp n:Climb Log e:1
#1288325 08.07.2026 15:17:20 : WRN WBAPI : eID-691468(277): /Dive/Alarms/Acknowledge 404
#1288326 08.07.2026 15:17:20 : WRN WBAPI : eID-691468(277): /Dive/DiveGases 404
#1288327 08.07.2026 15:17:20 : WRN WBAPI : eID-691468(277): /Dive/Gauge/Next 404
#1288328 08.07.2026 15:17:22 : EVT UI_FRAMEWORK : evalFile: b:/zapp/climbl01.fea/ext21.js from ui
#1288329 08.07.2026 15:17:25 : EVT ANALYTICS : #ws AID:16 BM:1 NS:0 SP:3 ZN:0 TG:0 BL:0 GPS:0
#1288330 08.07.2026 15:17:25 : EVT ANALYTICS : #2ws AID:16 WHR:1 INT:0 AL:0 AP:0 FE:1 MC:1 TH:0
#1288331 08.07.2026 15:17:52 : ERR WBMAIN : *0: app 937 Event 24 80892700
#1288332 08.07.2026 15:17:52 : ERR WBMAIN : 1: mea 6 Wait 0 00000000
#1288333 08.07.2026 15:17:52 : ERR WBMAIN : 2: ui 5 Wait 0 00000000
#1288334 08.07.2026 15:18:11 : EVT UI_FRAMEWORK : evalFile: b:/zapp/climbl01.fea/ext21.js from ui
#1288335 08.07.2026 15:18:12 : EVT UI_FRAMEWORK : evalFile: b:/zapp/climbl01.fea/ext21.js from ui
#1288336 08.07.2026 15:18:13 : EVT UI_FRAMEWORK : evalFile: b:/zapp/climbl01.fea/ext21.js from ui
#1288337 08.07.2026 15:18:15 : EVT UI_FRAMEWORK : evalFile: b:/zapp/climbl01.fea/ext21.js from ui
#1288338 08.07.2026 15:18:32 : EVT UI_FRAMEWORK : evalFile: b:/zapp/climbl01.fea/ext21.js from ui
#1288339 08.07.2026 15:18:34 : EVT UI_FRAMEWORK : evalFile: b:/zapp/climbl01.fea/ext21.js from ui
#1288340 08.07.2026 15:18:35 : EVT UI_FRAMEWORK : evalFile: b:/zapp/climbl01.fea/ext21.js from ui
#1288341 08.07.2026 15:18:36 : EVT UI_FRAMEWORK : evalFile: b:/zapp/climbl01.fea/ext21.js from ui
#1288342 08.07.2026 15:18:41 : EVT UI_FRAMEWORK : evalFile: b:/zapp/climbl01.fea/ext21.js from ui
#1288343 08.07.2026 15:18:42 : EVT UI_FRAMEWORK : evalFile: b:/zapp/climbl01.fea/ext21.js from ui
#1288344 08.07.2026 15:18:43 : EVT UI_FRAMEWORK : evalFile: b:/zapp/climbl01.fea/ext21.js from ui
#1288345 08.07.2026 15:18:45 : EVT LOGGER : Exercise paused
#1288346 08.07.2026 15:18:45 : WRN WBAPI : eID-691468(277): /Dive/Alarms/Acknowledge 404
#1288347 08.07.2026 15:18:45 : WRN WBAPI : eID-691468(277): /Dive/DiveGases 404
#1288348 08.07.2026 15:18:45 : WRN WBAPI : eID-691468(277): /Dive/Gauge/Next 404
#1288349 08.07.2026 15:18:49 : EVT APPLICATION : Zapp climbl01:Disable
#1288350 08.07.2026 15:18:49 : EVT ANALYTICS : Zapp disabled i:5 h:a5e7afa5 n:Climb Log
#1288351 08.07.2026 15:18:49 : EVT APPLICATION : Zapp zzmoveen:Disable
#1288352 08.07.2026 15:18:49 : EVT ANALYTICS : Zapp disabled i:6 h:7aac0887 n:Movement
#1288353 08.07.2026 15:18:49 : EVT UI_FRAMEWORK : evalFile: b:/zapp/zzmoveen.fea/ext2.js from ui
#1288354 08.07.2026 15:18:49 : EVT APPLICATION : Zapp zzwethen:Disable
#1288355 08.07.2026 15:18:49 : EVT ANALYTICS : Zapp disabled i:8 h:3f77f8ec n:Weather
#1288356 08.07.2026 15:18:49 : EVT UI_FRAMEWORK : JS discard disable zapps
#1288357 08.07.2026 15:18:49 : EVT UI_FRAMEWORK : JS will discard
#1288358 08.07.2026 15:18:49 : EVT SPEEDFUSION : INFO # stop speed fusion
#1288359 08.07.2026 15:18:49 : EVT <Unknown> : Update pres sampl intrvl:5
#1288360 08.07.2026 15:18:49 : WRN APPLICATION : discard hrr meas l:3 d:0 sh:65 mh:65 v:0
#1288361 08.07.2026 15:18:49 : WRN WBAPI : eID-698eec(583/65535): 404
#1288362 08.07.2026 15:18:49 : EVT TRAININGZONE : User Define Mode:5
#1288363 08.07.2026 15:18:49 : EVT TRAININGZONE : Tss HR:0.74
#1288364 08.07.2026 15:18:49 : EVT TRAININGZONE : A:16,Tss:[-200.00,-200.00,-200.00,0.74]
#1288365 08.07.2026 15:18:49 : EVT TRAININGLAB : AppFeature Vo2Max 0.000000
#1288366 08.07.2026 15:18:49 : EVT TRAININGLAB : TLab:~Mode T 16722 + 20 A 4650 + 0
#1288367 08.07.2026 15:18:49 : EVT TRAININGLAB : TLab:Change mode 3->2
#1288368 08.07.2026 15:18:49 : EVT TRAININGLAB : TLab:Mode::userInfo 60, 200, 1, 37, 182, 950, 1990
#1288369 08.07.2026 15:18:49 : EVT LOGGER : LGR 934, 80
#1288370 08.07.2026 15:18:49 : EVT TRAININGLAB : ModeUnsub:9145
#1288371 08.07.2026 15:18:49 : EVT OHR : S:start 0x2123
#1288372 08.07.2026 15:18:49 : EVT TRAININGLAB : ModeSub:0400
#1288373 08.07.2026 15:18:49 : EVT ANALYTICS : WAOae:Activity WAOae:16
#1288374 08.07.2026 15:18:49 : EVT ANALYTICS : WAOae:TotalAcc WAOae:0,0,0
#1288375 08.07.2026 15:18:49 : EVT ANALYTICS : WAOae:AccCount WAOae:0,0,0
#1288376 08.07.2026 15:18:49 : EVT ANALYTICS : WAOae:Distance WAOae:0,0,0
#1288377 08.07.2026 15:18:49 : EVT ANALYTICS : WAOae:Duration WAOae:0,0,0
#1288378 08.07.2026 15:18:49 : EVT ANALYTICS : WAOae:Coeff WAOae:0,40,240,390,773,7524,7624
#1288379 08.07.2026 15:18:49 : EVT LOGGER : Exercise stopped
#1288380 08.07.2026 15:18:49 : EVT LOGGER : HrIbiLogger stop, off (0 ms)
#1288381 08.07.2026 15:18:49 : EVT LOGGER : HrIbiLogger stopped (0 ms)
#1288382 08.07.2026 15:18:49 : TRC GPS : Unsubd c:802b0000
#1288383 08.07.2026 15:18:49 : EVT LOGGER : LGR 934, 80
#1288384 08.07.2026 15:18:50 : EVT ANALYTICS : SleepQ:Tracking:On
#1288385 08.07.2026 15:18:50 : EVT LOGGER : Wr dpc on
#1288386 08.07.2026 15:18:50 : EVT LOGGER : LGR 20993, 56
#1288387 08.07.2026 15:18:50 : EVT <Unknown> : 1783516730116:Meas start 0x2123
#1288388 08.07.2026 15:18:50 : TRC NAVIGATION : CG: no climb WP
#1288389 08.07.2026 15:18:50 : TRC NAVIGATION : CG:init ZoomType=0
#1288390 08.07.2026 15:18:50 : EVT NAVIGATION : initSeg Idx=0 D=1 T=0 3-0-4
#1288391 08.07.2026 15:18:50 : EVT WBSTORAGE : CACHE_DEFRAG (656->1000, 24->24, 25)
#1288392 08.07.2026 15:18:50 : EVT SPEEDFUSION : INFO # IDLE mode(-1) set
#1288393 08.07.2026 15:18:50 : EVT ALTIFUSION : AltiBaroMode:2
#1288394 08.07.2026 15:18:51 : EVT BLE : Disconn sensor:1
#1288395 08.07.2026 15:18:51 : EVT BLE : BLE Sensor Link 4800180D Disc (L-E-:00:0)
#1288396 08.07.2026 15:18:51 : WRN BLE : sendDisconnect 6157
#1288397 08.07.2026 15:18:51 : ERR BLE : [AURA]Filter with handle 72 not found
#1288398 08.07.2026 15:18:52 : EVT ANALYTICS : #powersave mode:p temp:31.8
#1288399 08.07.2026 15:18:52 : EVT ANALYTICS : Battery-> 4 soc:99
#1288400 08.07.2026 15:18:53 : EVT UI_FRAMEWORK : JS discard
#1288401 08.07.2026 15:18:53 : WRN LOGGER : Delete b:logs/6A4E4DDD
#1288402 08.07.2026 15:18:55 : EVT WBSTORAGE : CACHE_DEFRAG (976->984, 24->24, 25)
#1288403 08.07.2026 15:18:55 : EVT APPLICATION : Zapp zwc05901:Load script
#1288404 08.07.2026 15:18:55 : EVT APPLICATION : Zapp zwc05901:Enable
#1288405 08.07.2026 15:18:55 : EVT ANALYTICS : Zapp enabled i:3 h:ddb248f2 n:zwc05901 v:124f
#1288406 08.07.2026 15:18:55 : WRN WBAPI : eID-691468(277): /Weather/Current/ValidWeatherData.temp 
#1288407 08.07.2026 15:19:00 : EVT WBSTORAGE : CACHE_DEFRAG (856->864, 24->24, 25)
#1288408 08.07.2026 15:19:00 : EVT WBSTORAGE : CACHE_DEFRAG (816->848, 24->24, 25)
#1288409 08.07.2026 15:19:00 : EVT WBSTORAGE : CACHE_DEFRAG (824->832, 24->24, 25)
#1288410 08.07.2026 15:19:00 : EVT WBSTORAGE : CACHE_DEFRAG (816->824, 24->24, 25)
#1288411 08.07.2026 15:19:00 : EVT WBSTORAGE : CACHE_DEFRAG (808->816, 24->24, 25)
#1288412 08.07.2026 15:19:00 : EVT WBSTORAGE : CACHE_DEFRAG (800->816, 24->24, 25)
#1288413 08.07.2026 15:19:00 : TRC NAVIGATION : CG: no climb WP
#1288414 08.07.2026 15:19:00 : TRC NAVIGATION : CG:init ZoomType=0
#1288415 08.07.2026 15:19:00 : EVT NAVIGATION : initSeg Idx=0 D=1 T=0 3-0-4
#1288416 08.07.2026 15:19:00 : EVT WBSTORAGE : CACHE_DEFRAG (736->920, 24->24, 25)
#1288417 08.07.2026 15:19:00 : EVT ALTIFUSION : AltiBaroMode:0
#1288418 08.07.2026 15:19:00 : EVT APPLICATION : Zapp zwc05901:Disable
#1288419 08.07.2026 15:19:00 : EVT ANALYTICS : Zapp disabled i:3 h:ddb248f2 n:Vector classic
#1288420 08.07.2026 15:19:01 : EVT ANALYTICS : SleepQ:Tracking:On
#1288421 08.07.2026 15:19:01 : EVT ALTIFUSION : AltiBaroMode:0
#1288422 08.07.2026 15:19:01 : EVT WBSTORAGE : CACHE_DEFRAG (896->904, 24->24, 25)
#1288423 08.07.2026 15:19:01 : EVT UI_FRAMEWORK : JS nsto enable zapp: zzwethen
#1288424 08.07.2026 15:19:01 : EVT UI_FRAMEWORK : JS nsto enable zapp: zzmoveen
#1288425 08.07.2026 15:19:01 : EVT UI_FRAMEWORK : JS nsto enable zapp: climbl01
#1288426 08.07.2026 15:19:01 : EVT APPLICATION : Zapp zzwethen:Load script
#1288427 08.07.2026 15:19:01 : EVT APPLICATION : Zapp zzwethen:Enable
#1288428 08.07.2026 15:19:01 : EVT ANALYTICS : Zapp enabled i:8 h:3f77f8ec n:zzwethen v:ade
#1288429 08.07.2026 15:19:01 : EVT APPLICATION : Zapp clid:32878
#1288430 08.07.2026 15:19:01 : EVT APPLICATION : Zapp zzmoveen:Load script
#1288431 08.07.2026 15:19:01 : EVT APPLICATION : Zapp zzmoveen:Enable
#1288432 08.07.2026 15:19:01 : EVT ANALYTICS : Zapp enabled i:6 h:7aac0887 n:zzmoveen v:8e0
#1288433 08.07.2026 15:19:01 : EVT UI_FRAMEWORK : evalFile: b:/zapp/zzmoveen.fea/ext1.js from ui
#1288434 08.07.2026 15:19:01 : EVT APPLICATION : Zapp clid:32879
#1288435 08.07.2026 15:19:01 : EVT APPLICATION : Zapp climbl01:Load script
#1288436 08.07.2026 15:19:02 : EVT APPLICATION : Zapp climbl01:Enable
#1288437 08.07.2026 15:19:02 : EVT ANALYTICS : Zapp enabled i:5 h:a5e7afa5 n:climbl01 v:3.0
#1288438 08.07.2026 15:19:02 : EVT APPLICATION : Zapp clid:32880
#1288439 08.07.2026 15:19:02 : ERR WBMAIN : *0: app 637 Event 37 80995318
#1288440 08.07.2026 15:19:02 : ERR WBMAIN : 1: mea 19 Wait 0 00000000
#1288441 08.07.2026 15:19:02 : ERR WBMAIN : 2: ui 23 Wait 0 00000000
#1288442 08.07.2026 15:19:02 : EVT UI_FRAMEWORK : JS nsto all zapps enabled.
#1288443 08.07.2026 15:19:02 : EVT UI_FRAMEWORK : JS Prestart Activity Id: 16.000
#1288444 08.07.2026 15:19:02 : EVT WBSTORAGE : CACHE_DEFRAG (856->864, 24->24, 25)
#1288445 08.07.2026 15:19:02 : TRC APPLICATION : Removing: b:/syslogs/systemevent_1270094.log
#1288446 08.07.2026 15:19:02 : EVT WBSTORAGE : CACHE_DEFRAG (792->800, 24->24, 25)
#1288447 08.07.2026 15:19:02 : EVT WBSTORAGE : CACHE_DEFRAG (728->736, 24->24, 25)
#1288448 08.07.2026 15:19:02 : WRN WBAPI : eID-691468(277): /Dive/Alarms/Acknowledge 404
#1288449 08.07.2026 15:19:02 : WRN WBAPI : eID-691468(277): /Dive/DiveGases 404
#1288450 08.07.2026 15:19:02 : WRN WBAPI : eID-691468(277): /Dive/Gauge/Next 404
#1288451 08.07.2026 15:19:02 : EVT BLE : BLE Sensor Link 4800180D Conn (--E-:00:1)
#1288452 08.07.2026 15:19:02 : WRN BLE : sendConnect 6157
#1288453 08.07.2026 15:19:02 : WRN WBAPI : eID-691468(277): /Dive/TankPressure/Alarm/Count 404
#1288454 08.07.2026 15:19:03 : EVT SPEEDFUSION : INFO # start speed fusion
#1288455 08.07.2026 15:19:03 : EVT SPEEDFUSION : Act:16,Acc:0,BPod:0,FPod:0,PPod:0,BeltPod:1
#1288456 08.07.2026 15:19:03 : EVT SPEEDFUSION : INFO # Start algo without wrist acc
#1288457 08.07.2026 15:19:03 : EVT <Unknown> : Update pres sampl intrvl:1
#1288458 08.07.2026 15:19:03 : EVT OHR : S:start 0x21a3
#1288459 08.07.2026 15:19:03 : EVT TRAININGLAB : TLab:~Mode T 16742 + 2 A 4650 + 0
#1288460 08.07.2026 15:19:03 : EVT TRAININGLAB : TLab:Change mode 2->3
#1288461 08.07.2026 15:19:03 : EVT TRAININGLAB : TLab:Mode::userInfo 60, 200, 1, 37, 182, 950, 1990
#1288462 08.07.2026 15:19:03 : EVT LOGGER : Log space:30237099 bytes free
#1288463 08.07.2026 15:19:03 : EVT TRAININGLAB : ModeUnsub:2800
#1288464 08.07.2026 15:19:03 : EVT TRAININGLAB : ModeSub:9004
#1288465 08.07.2026 15:19:03 : EVT TRAININGLAB : TLab:Select input 0
#1288466 08.07.2026 15:19:03 : EVT TRAININGLAB : TLab:Active input 0
#1288467 08.07.2026 15:19:03 : EVT LOGGER : Exercise started
#1288468 08.07.2026 15:19:03 : EVT BLE : HR RR on (21594460)
#1288469 08.07.2026 15:19:03 : TRC GPS : Full GNSS data subd l:0 c:802b0000
#1288470 08.07.2026 15:19:03 : EVT <Unknown> : 1783516743144:Meas start 0x21a3
#1288471 08.07.2026 15:19:05 : EVT ANALYTICS : Battery-> 3 soc:99
#1288472 08.07.2026 15:19:05 : EVT ANALYTICS : #FusHr src:0 time:0
#1288473 08.07.2026 15:19:05 : EVT ANALYTICS : #Act id:16
#1288474 08.07.2026 15:19:05 : EVT ANALYTICS : #powersave mode:p temp:32.1
#1288475 08.07.2026 15:19:05 : EVT ANALYTICS : GPSMODE:NOTUSED
#1288476 08.07.2026 15:19:05 : EVT ANALYTICS : #gnss d:2026-07-08T00:00:00Z
#1288477 08.07.2026 15:19:05 : EVT ANALYTICS : #zapp n:Weather e:1
#1288478 08.07.2026 15:19:05 : EVT ANALYTICS : #zapp n:Movement e:1
#1288479 08.07.2026 15:19:05 : EVT ANALYTICS : #zapp n:Climb Log e:1
#1288480 08.07.2026 15:19:08 : WRN WBAPI : eID-691468(277): /Dive/Alarms/Acknowledge 404
#1288481 08.07.2026 15:19:08 : WRN WBAPI : eID-691468(277): /Dive/DiveGases 404
#1288482 08.07.2026 15:19:08 : WRN WBAPI : eID-691468(277): /Dive/Gauge/Next 404
#1288483 08.07.2026 15:19:10 : EVT LOGGER : LGR 934, 80
#1288484 08.07.2026 15:19:11 : WRN WBAPI : eID-691468(277): /Dive/Alarms/Acknowledge 404
#1288485 08.07.2026 15:19:11 : WRN WBAPI : eID-691468(277): /Dive/DiveGases 404
#1288486 08.07.2026 15:19:11 : WRN WBAPI : eID-691468(277): /Dive/Gauge/Next 404
#1288487 08.07.2026 15:19:11 : EVT ANALYTICS : #ws AID:16 BM:1 NS:0 SP:3 ZN:0 TG:0 BL:0 GPS:0
#1288488 08.07.2026 15:19:11 : EVT ANALYTICS : #2ws AID:16 WHR:1 INT:0 AL:0 AP:0 FE:1 MC:1 TH:0
#1288489 08.07.2026 15:19:11 : EVT LOGGER : LGR 934, 80
#1288490 08.07.2026 15:19:12 : EVT UI_FRAMEWORK : evalFile: b:/zapp/climbl01.fea/ext10.js from ui
#1288491 08.07.2026 15:19:12 : WRN WBAPI : eID-691468(277): /Dive/Alarms/Acknowledge 404
#1288492 08.07.2026 15:19:12 : WRN WBAPI : eID-691468(277): /Dive/DiveGases 404
#1288493 08.07.2026 15:19:12 : WRN WBAPI : eID-691468(277): /Dive/Gauge/Next 404
#1288494 08.07.2026 15:19:12 : EVT BLE : lt,scan 1
#1288495 08.07.2026 15:19:12 : WRN BLE : sendDisconnect 6157
#1288496 08.07.2026 15:19:12 : ERR BLE : [AURA]No filters left, stopping scan
#1288497 08.07.2026 15:19:12 : ERR BLE : [AURA]Filter with handle 72 not found
#1288498 08.07.2026 15:19:12 : EVT BLE : packet 0 sensor found count 1
#1288499 08.07.2026 15:19:12 : EVT BLE : packet 0 sensor found count 2
#1288500 08.07.2026 15:19:14 : EVT LOGGER : LGR 934, 80
#1288501 08.07.2026 15:19:14 : WRN WBAPI : eID-691468(277): /Dive/Alarms/Acknowledge 404
#1288502 08.07.2026 15:19:14 : WRN WBAPI : eID-691468(277): /Dive/DiveGases 404
#1288503 08.07.2026 15:19:14 : WRN WBAPI : eID-691468(277): /Dive/Gauge/Next 404
#1288504 08.07.2026 15:19:14 : EVT ANALYTICS : #FusHr src:2 time:11237
#1288505 08.07.2026 15:19:14 : EVT TRAININGLAB : Tlab:HR src is 2
#1288506 08.07.2026 15:19:14 : EVT ANALYTICS : #FusHr src:2 time:0
#1288507 08.07.2026 15:19:14 : EVT TRAININGLAB : TLab:Active input 1
#1288508 08.07.2026 15:19:14 : EVT LOGGER : LGR 934, 80
#1288509 08.07.2026 15:19:16 : EVT UI_FRAMEWORK : evalFile: b:/zapp/climbl01.fea/ext14.js from ui
#1288510 08.07.2026 15:19:16 : WRN WBAPI : eID-691468(277): /Dive/Alarms/Acknowledge 404
#1288511 08.07.2026 15:19:16 : WRN WBAPI : eID-691468(277): /Dive/DiveGases 404
#1288512 08.07.2026 15:19:16 : WRN WBAPI : eID-691468(277): /Dive/Gauge/Next 404
#1288513 08.07.2026 15:19:18 : EVT LOGGER : LGR 934, 80
#1288514 08.07.2026 15:19:18 : WRN WBAPI : eID-691468(277): /Dive/Alarms/Acknowledge 404
#1288515 08.07.2026 15:19:18 : WRN WBAPI : eID-691468(277): /Dive/DiveGases 404
#1288516 08.07.2026 15:19:18 : WRN WBAPI : eID-691468(277): /Dive/Gauge/Next 404
#1288517 08.07.2026 15:19:19 : EVT LOGGER : LGR 934, 80
#1288518 08.07.2026 15:19:21 : WRN WBAPI : eID-691468(277): /Dive/Alarms/Acknowledge 404
#1288519 08.07.2026 15:19:21 : WRN WBAPI : eID-691468(277): /Dive/DiveGases 404
#1288520 08.07.2026 15:19:21 : WRN WBAPI : eID-691468(277): /Dive/Gauge/Next 404
#1288521 08.07.2026 15:19:23 : EVT LOGGER : Exercise paused
#1288522 08.07.2026 15:19:23 : WRN WBAPI : eID-691468(277): /Dive/Alarms/Acknowledge 404
#1288523 08.07.2026 15:19:23 : WRN WBAPI : eID-691468(277): /Dive/DiveGases 404
#1288524 08.07.2026 15:19:23 : WRN WBAPI : eID-691468(277): /Dive/Gauge/Next 404
#1288525 08.07.2026 15:19:24 : EVT APPLICATION : Zapp climbl01:Disable
#1288526 08.07.2026 15:19:24 : EVT UI_FRAMEWORK : evalFile: b:/zapp/climbl01.fea/ext11.js from ui
#1288527 08.07.2026 15:19:25 : EVT ANALYTICS : Zapp disabled i:5 h:a5e7afa5 n:Climb Log
#1288528 08.07.2026 15:19:25 : EVT APPLICATION : Zapp zzmoveen:Disable
#1288529 08.07.2026 15:19:25 : EVT ANALYTICS : Zapp disabled i:6 h:7aac0887 n:Movement
#1288530 08.07.2026 15:19:25 : EVT UI_FRAMEWORK : evalFile: b:/zapp/zzmoveen.fea/ext2.js from ui
#1288531 08.07.2026 15:19:25 : EVT APPLICATION : Zapp zzwethen:Disable
#1288532 08.07.2026 15:19:25 : EVT ANALYTICS : Zapp disabled i:8 h:3f77f8ec n:Weather
#1288533 08.07.2026 15:19:25 : EVT UI_FRAMEWORK : JS discard disable zapps
#1288534 08.07.2026 15:19:25 : EVT UI_FRAMEWORK : JS will discard
#1288535 08.07.2026 15:19:25 : EVT SPEEDFUSION : INFO # stop speed fusion
#1288536 08.07.2026 15:19:25 : EVT <Unknown> : Update pres sampl intrvl:5
#1288537 08.07.2026 15:19:25 : WRN APPLICATION : discard hrr meas l:3 d:0 sh:67 mh:67 v:0
#1288538 08.07.2026 15:19:25 : WRN WBAPI : eID-698eec(583/65535): 404
#1288539 08.07.2026 15:19:25 : EVT TRAININGZONE : User Define Mode:5
#1288540 08.07.2026 15:19:25 : EVT TRAININGZONE : Tss HR:0.17
#1288541 08.07.2026 15:19:25 : EVT TRAININGZONE : A:16,Tss:[-200.00,-200.00,-200.00,0.17]
#1288542 08.07.2026 15:19:25 : EVT TRAININGLAB : AppFeature Vo2Max 0.000000
#1288543 08.07.2026 15:19:25 : EVT TRAININGLAB : TLab:~Mode T 16744 + 4 A 4650 + 0
#1288544 08.07.2026 15:19:25 : EVT TRAININGLAB : TLab:Change mode 3->2
#1288545 08.07.2026 15:19:25 : EVT TRAININGLAB : TLab:Mode::userInfo 60, 200, 1, 37, 182, 950, 1990
#1288546 08.07.2026 15:19:25 : EVT LOGGER : LGR 934, 80
#1288547 08.07.2026 15:19:25 : EVT TRAININGLAB : ModeUnsub:9145
#1288548 08.07.2026 15:19:25 : EVT OHR : S:start 0x2123
#1288549 08.07.2026 15:19:25 : EVT TRAININGLAB : ModeSub:0400
#1288550 08.07.2026 15:19:25 : EVT ANALYTICS : WAOae:Activity WAOae:16
#1288551 08.07.2026 15:19:25 : EVT ANALYTICS : WAOae:TotalAcc WAOae:0,0,0
#1288552 08.07.2026 15:19:25 : EVT ANALYTICS : WAOae:AccCount WAOae:0,0,0
#1288553 08.07.2026 15:19:25 : EVT ANALYTICS : WAOae:Distance WAOae:0,0,0
#1288554 08.07.2026 15:19:25 : EVT ANALYTICS : WAOae:Duration WAOae:0,0,0
#1288555 08.07.2026 15:19:25 : EVT ANALYTICS : WAOae:Coeff WAOae:0,40,240,390,773,7524,7624
#1288556 08.07.2026 15:19:25 : EVT LOGGER : Exercise stopped
#1288557 08.07.2026 15:19:25 : EVT BLE : HR RR off (21616401, 21941 ms missing)
#1288558 08.07.2026 15:19:25 : EVT BLE : HR RR done
#1288559 08.07.2026 15:19:25 : EVT LOGGER : HrIbiLogger stop, off (0 ms)
#1288560 08.07.2026 15:19:25 : EVT LOGGER : HrIbiLogger stopped (0 ms)
#1288561 08.07.2026 15:19:25 : TRC GPS : Unsubd c:802b0000
#1288562 08.07.2026 15:19:25 : EVT LOGGER : LGR 934, 80
#1288563 08.07.2026 15:19:25 : EVT LOGGER : LGR 934, 80
#1288564 08.07.2026 15:19:25 : EVT ANALYTICS : SleepQ:Tracking:On
#1288565 08.07.2026 15:19:25 : EVT <Unknown> : 1783516765315:Meas start 0x2123
#1288566 08.07.2026 15:19:25 : EVT LOGGER : Wr dpc on
#1288567 08.07.2026 15:19:25 : EVT LOGGER : LGR 20993, 56
#1288568 08.07.2026 15:19:26 : EVT UI_FRAMEWORK : JS feeling vs idle 1
#1288569 08.07.2026 15:19:26 : EVT UI_FRAMEWORK : JS feeling open ex-saving
#1288570 08.07.2026 15:19:26 : TRC NAVIGATION : CG: no climb WP
#1288571 08.07.2026 15:19:26 : TRC NAVIGATION : CG:init ZoomType=0
#1288572 08.07.2026 15:19:26 : EVT NAVIGATION : initSeg Idx=0 D=1 T=0 3-0-4
#1288573 08.07.2026 15:19:26 : EVT WBSTORAGE : CACHE_DEFRAG (656->1000, 24->24, 25)
#1288574 08.07.2026 15:19:26 : EVT SPEEDFUSION : INFO # IDLE mode(-1) set
#1288575 08.07.2026 15:19:26 : EVT ALTIFUSION : AltiBaroMode:2
#1288576 08.07.2026 15:19:26 : ERR WBMAIN : *0: app 503 Event 37 8099031c
#1288577 08.07.2026 15:19:26 : ERR WBMAIN : 1: mea 0 Wait 0 00000000
#1288578 08.07.2026 15:19:26 : ERR WBMAIN : 2: ui 3 Wait 0 00000000
#1288579 08.07.2026 15:19:26 : EVT BLE : Disconn sensor:1
#1288580 08.07.2026 15:19:26 : EVT BLE : BLE Sensor Link 4800180D Disc (L-E-:00:0)
#1288581 08.07.2026 15:19:26 : WRN BLE : sendDisconnect 6157
#1288582 08.07.2026 15:19:26 : ERR BLE : [AURA]No filters left, stopping scan
#1288583 08.07.2026 15:19:27 : EVT ANALYTICS : #powersave mode:p temp:32.1
#1288584 08.07.2026 15:19:27 : EVT ANALYTICS : Battery-> 4 soc:99
#1288585 08.07.2026 15:19:30 : EVT ANALYTICS : Duration ExSaving:3580
#1288586 08.07.2026 15:19:30 : EVT ANALYTICS : Weather sync TO
#1288587 08.07.2026 15:19:30 : EVT ANALYTICS : Duration ExSumBroker:367
#1288588 08.07.2026 15:19:33 : EVT <Unknown> : 1783516773069:Off Skin Set.
#1288589 08.07.2026 15:19:34 : EVT APPLICATION : Zapp zwc05901:Load script
#1288590 08.07.2026 15:19:34 : EVT APPLICATION : Zapp zwc05901:Enable
#1288591 08.07.2026 15:19:34 : EVT <Unknown> : 1783516774446:On Skin Set.
#1288592 08.07.2026 15:19:34 : EVT ANALYTICS : Zapp enabled i:3 h:ddb248f2 n:zwc05901 v:124f
#1288593 08.07.2026 15:19:34 : WRN WBAPI : eID-691468(277): /Weather/Current/ValidWeatherData.temp 
#1288594 08.07.2026 15:19:34 : EVT TRAININGZONE : Update TSS:0.17
#1288595 08.07.2026 15:19:34 : EVT WBSTORAGE : CACHE_DEFRAG (976->984, 24->24, 25)
#1288596 08.07.2026 15:19:34 : WRN WBAPI : eID-691468(277): /Weather/Current/ValidWeatherData.temp 
#1288597 08.07.2026 15:19:35 : EVT WBSTORAGE : CACHE_DEFRAG (856->864, 24->24, 25)
#1288598 08.07.2026 15:19:39 : EVT APPLICATION : Zapp zwc05901:Disable
#1288599 08.07.2026 15:19:39 : EVT ANALYTICS : Duration ExSumBroker:222
#1288600 08.07.2026 15:19:39 : EVT ANALYTICS : Zapp disabled i:3 h:ddb248f2 n:Vector classic
#1288601 08.07.2026 15:19:41 : EVT UI_FRAMEWORK : JS delete log
#1288602 08.07.2026 15:19:41 : WRN LOGGER : Delete b:logs/6A4E4E47
#1288603 08.07.2026 15:19:50 : EVT APPLICATION : Zapp zwc05901:Load script
#1288604 08.07.2026 15:19:50 : EVT APPLICATION : Zapp zwc05901:Enable
#1288605 08.07.2026 15:19:50 : EVT ANALYTICS : Zapp enabled i:3 h:ddb248f2 n:zwc05901 v:124f
#1288606 08.07.2026 15:19:50 : WRN WBAPI : eID-691468(277): /Weather/Current/ValidWeatherData.temp 
#1288607 08.07.2026 15:19:52 : EVT WBSTORAGE : CACHE_DEFRAG (776->784, 24->24, 25)
#1288608 08.07.2026 15:19:52 : EVT WBSTORAGE : CACHE_DEFRAG (736->768, 24->24, 25)
#1288609 08.07.2026 15:19:52 : EVT WBSTORAGE : CACHE_DEFRAG (744->752, 24->24, 25)
#1288610 08.07.2026 15:19:52 : EVT WBSTORAGE : CACHE_DEFRAG (736->744, 24->24, 25)
#1288611 08.07.2026 15:19:52 : TRC NAVIGATION : CG: no climb WP
#1288612 08.07.2026 15:19:52 : TRC NAVIGATION : CG:init ZoomType=0
#1288613 08.07.2026 15:19:52 : EVT NAVIGATION : initSeg Idx=0 D=1 T=0 3-0-4
#1288614 08.07.2026 15:19:52 : EVT WBSTORAGE : CACHE_DEFRAG (728->880, 24->24, 25)
#1288615 08.07.2026 15:19:52 : EVT ALTIFUSION : AltiBaroMode:0
#1288616 08.07.2026 15:19:53 : EVT APPLICATION : Zapp zwc05901:Disable
#1288617 08.07.2026 15:19:53 : EVT ANALYTICS : Zapp disabled i:3 h:ddb248f2 n:Vector classic
#1288618 08.07.2026 15:19:53 : EVT ANALYTICS : SleepQ:Tracking:On
#1288619 08.07.2026 15:19:53 : EVT ALTIFUSION : AltiBaroMode:0
#1288620 08.07.2026 15:19:53 : EVT UI_FRAMEWORK : JS nsto enable zapp: zzwethen
#1288621 08.07.2026 15:19:53 : EVT UI_FRAMEWORK : JS nsto enable zapp: zzmoveen
#1288622 08.07.2026 15:19:53 : EVT UI_FRAMEWORK : JS nsto enable zapp: climbl01
#1288623 08.07.2026 15:19:53 : EVT APPLICATION : Zapp zzwethen:Load script
#1288624 08.07.2026 15:19:53 : EVT APPLICATION : Zapp zzwethen:Enable
#1288625 08.07.2026 15:19:53 : EVT ANALYTICS : Zapp enabled i:8 h:3f77f8ec n:zzwethen v:ade
#1288626 08.07.2026 15:19:53 : EVT APPLICATION : Zapp clid:32878
#1288627 08.07.2026 15:19:53 : EVT APPLICATION : Zapp zzmoveen:Load script
#1288628 08.07.2026 15:19:53 : EVT APPLICATION : Zapp zzmoveen:Enable
#1288629 08.07.2026 15:19:53 : EVT ANALYTICS : Zapp enabled i:6 h:7aac0887 n:zzmoveen v:8e0
#1288630 08.07.2026 15:19:53 : EVT UI_FRAMEWORK : evalFile: b:/zapp/zzmoveen.fea/ext1.js from ui
#1288631 08.07.2026 15:19:53 : EVT APPLICATION : Zapp clid:32879
#1288632 08.07.2026 15:19:53 : EVT APPLICATION : Zapp climbl01:Load script
#1288633 08.07.2026 15:19:53 : EVT APPLICATION : Zapp climbl01:Enable
#1288634 08.07.2026 15:19:54 : EVT ANALYTICS : Zapp enabled i:5 h:a5e7afa5 n:climbl01 v:3.0
#1288635 08.07.2026 15:19:54 : EVT APPLICATION : Zapp clid:32880
#1288636 08.07.2026 15:19:54 : ERR WBMAIN : *0: app 632 Event 37 80995318
#1288637 08.07.2026 15:19:54 : EVT UI_FRAMEWORK : JS nsto all zapps enabled.
#1288638 08.07.2026 15:19:54 : ERR WBMAIN : 1: mea 21 Wait 0 00000000
#1288639 08.07.2026 15:19:54 : ERR WBMAIN : 2: ui 26 Wait 0 00000000
#1288640 08.07.2026 15:19:54 : EVT UI_FRAMEWORK : JS Prestart Activity Id: 16.000
#1288641 08.07.2026 15:19:54 : EVT WBSTORAGE : CACHE_DEFRAG (856->864, 24->24, 25)
#1288642 08.07.2026 15:19:54 : WRN WBAPI : eID-691468(277): /Dive/Alarms/Acknowledge 404
#1288643 08.07.2026 15:19:54 : WRN WBAPI : eID-691468(277): /Dive/DiveGases 404
#1288644 08.07.2026 15:19:54 : WRN WBAPI : eID-691468(277): /Dive/Gauge/Next 404
#1288645 08.07.2026 15:19:54 : EVT WBSTORAGE : CACHE_DEFRAG (792->800, 24->24, 25)
#1288646 08.07.2026 15:19:54 : EVT WBSTORAGE : CACHE_DEFRAG (728->736, 24->24, 25)
#1288647 08.07.2026 15:19:54 : EVT BLE : BLE Sensor Link 4800180D Conn (--E-:00:1)
#1288648 08.07.2026 15:19:54 : WRN BLE : sendConnect 6157
#1288649 08.07.2026 15:19:55 : WRN WBAPI : eID-691468(277): /Dive/TankPressure/Alarm/Count 404
#1288650 08.07.2026 15:19:55 : EVT SPEEDFUSION : INFO # start speed fusion
#1288651 08.07.2026 15:19:55 : EVT SPEEDFUSION : Act:16,Acc:0,BPod:0,FPod:0,PPod:0,BeltPod:1
#1288652 08.07.2026 15:19:55 : EVT SPEEDFUSION : INFO # Start algo without wrist acc
#1288653 08.07.2026 15:19:55 : EVT <Unknown> : Update pres sampl intrvl:1
#1288654 08.07.2026 15:19:55 : EVT OHR : S:start 0x21a3
#1288655 08.07.2026 15:19:55 : EVT <Unknown> : 1783516795551:Meas start 0x21a3
#1288656 08.07.2026 15:20:00 : EVT SEDENTARY : stop monitoring
#1288657 08.07.2026 15:20:04 : EVT BLE : lt,scan 1
#1288658 08.07.2026 15:20:04 : WRN BLE : sendDisconnect 6157
#1288659 08.07.2026 15:20:04 : ERR BLE : [AURA]No filters left, stopping scan
#1288660 08.07.2026 15:20:04 : ERR BLE : [AURA]Filter with handle 72 not found
#1288661 08.07.2026 15:20:04 : EVT BLE : packet 0 sensor found count 1
#1288662 08.07.2026 15:20:04 : EVT BLE : packet 0 sensor found count 2
#1288663 08.07.2026 15:20:04 : EVT ANALYTICS : #FusHr src:2 time:10208
#1288664 08.07.2026 15:20:18 : EVT APPLICATION : Zapp climbl01:Disable
#1288665 08.07.2026 15:20:18 : EVT ANALYTICS : Zapp disabled i:5 h:a5e7afa5 n:Climb Log
#1288666 08.07.2026 15:20:18 : EVT WBSTORAGE : CACHE_DEFRAG (656->664, 24->24, 25)
#1288667 08.07.2026 15:20:24 : EVT APPLICATION : Zapp climbl01:Load script
#1288668 08.07.2026 15:20:25 : EVT APPLICATION : Zapp climbl01:Enable
#1288669 08.07.2026 15:20:25 : EVT ANALYTICS : Zapp enabled i:5 h:a5e7afa5 n:climbl01 v:3.0
#1288670 08.07.2026 15:20:25 : EVT APPLICATION : Zapp clid:32880
#1288671 08.07.2026 15:20:25 : EVT OHR : S:start 0x2123
#1288672 08.07.2026 15:20:25 : EVT <Unknown> : 1783516825173:Meas start 0x2123
#1288673 08.07.2026 15:20:28 : WRN UI_FRAMEWORK : JsTotMem 131060/133120
#1288674 08.07.2026 15:20:29 : EVT APPLICATION : Zapp climbl01:Disable
#1288675 08.07.2026 15:20:29 : EVT ANALYTICS : Zapp disabled i:5 h:a5e7afa5 n:Climb Log
#1288676 08.07.2026 15:20:31 : EVT APPLICATION : Zapp climbl01:Load script
#1288677 08.07.2026 15:20:31 : EVT APPLICATION : Zapp climbl01:Enable
#1288678 08.07.2026 15:20:31 : EVT ANALYTICS : Zapp enabled i:5 h:a5e7afa5 n:climbl01 v:3.0
#1288679 08.07.2026 15:20:31 : EVT APPLICATION : Zapp clid:32880
#1288680 08.07.2026 15:20:33 : EVT <Unknown> : 1783516833247:Off Skin Set.
#1288681 08.07.2026 15:20:35 : EVT PMIC : PMIC temp zone:0x2
#1288682 08.07.2026 15:20:35 : EVT PMIC : VBUS state is ON
#1288683 08.07.2026 15:20:35 : EVT PMIC : chgCntl1:0x70
#1288684 08.07.2026 15:20:35 : EVT PMIC : check chgCntl1:0x74
#1288685 08.07.2026 15:20:35 : EVT PMIC : Turn charge ON since VBUS->ON
#1288686 08.07.2026 15:20:35 : EVT PMIC : PMIC Fast-charge constant cur
#1288687 08.07.2026 15:20:35 : EVT OHR : VBUS on
#1288688 08.07.2026 15:20:35 : EVT OHR : S:stop 23
#1288689 08.07.2026 15:20:35 : EVT <Unknown> : 1783516835264:Meas stop 0x2123
#1288690 08.07.2026 15:20:35 : WRN <Unknown> : 1783516835265:FSM EVT STOP.
#1288691 08.07.2026 15:20:35 : EVT OHR : S:OFF 1->0
#1288692 08.07.2026 15:20:35 : EVT PMIC : VBUS state is ON
#1288693 08.07.2026 15:20:35 : EVT PMIC : PMIC Fast-charge constant voltage
#1288694 08.07.2026 15:20:35 : EVT PMIC : PMIC temp zone:0x7
#1288695 08.07.2026 15:20:36 : EVT PMIC : VBUS state is OFF
#1288696 08.07.2026 15:20:36 : EVT PMIC : Turn charge OFF since VBUS->OFF
#1288697 08.07.2026 15:20:36 : EVT OHR : VBUS off
#1288698 08.07.2026 15:20:36 : EVT OHR : S:ON 0->1
#1288699 08.07.2026 15:20:36 : EVT OHR : APPINIT:caps 0x1f4, 6b738616
#1288700 08.07.2026 15:20:36 : EVT <Unknown> : 1783516836784:AI@1783516836760, tz120
#1288701 08.07.2026 15:20:36 : EVT OHR : S:start 0x2123
#1288702 08.07.2026 15:20:36 : EVT <Unknown> : 1783516836790:Meas start 0x2123
#1288703 08.07.2026 15:20:37 : EVT <Unknown> : 1783516836804:PD1464, 0
#1288704 08.07.2026 15:20:37 : EVT <Unknown> : 1783516836864:GMV 20251126/1/4/0/395/46
#1288705 08.07.2026 15:20:37 : EVT <Unknown> : 1783516837118:Mi1.6.10, auth 0, hr_mode 0
#1288706 08.07.2026 15:20:37 : EVT <Unknown> : 1783516837369:On Skin Set.
#1288707 08.07.2026 15:20:37 : WRN WBAPI : eID-691468(277): /Dive/TankPressure/Alarm/Count 404
#1288708 08.07.2026 15:20:37 : EVT OHR : S:start 0x21a3
#1288709 08.07.2026 15:20:38 : EVT <Unknown> : 1783516837934:Meas start 0x21a3
#1288710 08.07.2026 15:20:38 : EVT OHR : No HR update, invalidate by timer
#1288711 08.07.2026 15:20:41 : ERR <Unknown> : 1783516841547:Mi invalid call:100,code:0.
#1288712 08.07.2026 15:20:44 : EVT APPLICATION : Zapp climbl01:Disable
#1288713 08.07.2026 15:20:44 : EVT ANALYTICS : Zapp disabled i:5 h:a5e7afa5 n:Climb Log
#1288714 08.07.2026 15:20:47 : EVT APPLICATION : Zapp climbl01:Load script
#1288715 08.07.2026 15:20:47 : EVT APPLICATION : Zapp climbl01:Enable
#1288716 08.07.2026 15:20:47 : EVT ANALYTICS : Zapp enabled i:5 h:a5e7afa5 n:climbl01 v:3.0
#1288717 08.07.2026 15:20:47 : EVT APPLICATION : Zapp clid:32880
#1288718 08.07.2026 15:20:47 : EVT OHR : S:start 0x2123
#1288719 08.07.2026 15:20:48 : EVT <Unknown> : 1783516847940:Meas start 0x2123
#1288720 08.07.2026 15:20:52 : EVT OHR : No HR update, invalidate by timer
#1288721 08.07.2026 15:20:53 : EVT OHR : new HR update
#1288722 08.07.2026 15:21:06 : WRN UI_FRAMEWORK : JsTotMem 131192/133120
#1288723 08.07.2026 15:21:06 : EVT APPLICATION : Zapp climbl01:Disable
#1288724 08.07.2026 15:21:06 : EVT ANALYTICS : Zapp disabled i:5 h:a5e7afa5 n:Climb Log
#1288725 08.07.2026 15:21:11 : EVT OHR : No HR update, invalidate by timer
#1288726 08.07.2026 15:21:11 : EVT OHR : new HR update
#1288727 08.07.2026 15:21:23 : ERR WBMAIN : *0: app 760 Event 3 80995325
#1288728 08.07.2026 15:21:23 : ERR WBMAIN : 1: mea 64 Wait 0 00000000
#1288729 08.07.2026 15:21:23 : ERR WBMAIN : 2: ui 464 Wait 0 00000000
#1288730 08.07.2026 15:21:23 : EVT APPLICATION : Zapp climbl01:Load script
#1288731 08.07.2026 15:21:23 : EVT APPLICATION : Zapp climbl01:Enable
#1288732 08.07.2026 15:21:23 : EVT ANALYTICS : Zapp enabled i:5 h:a5e7afa5 n:climbl01 v:3.0
#1288733 08.07.2026 15:21:23 : EVT APPLICATION : Zapp clid:32880
#1288734 08.07.2026 15:21:26 : EVT <Unknown> : 1783516885624:Off Skin Set.
#1288735 08.07.2026 15:21:27 : EVT PMIC : VBUS state is ON
#1288736 08.07.2026 15:21:27 : EVT PMIC : chgCntl1:0x70
#1288737 08.07.2026 15:21:27 : EVT PMIC : check chgCntl1:0x74
#1288738 08.07.2026 15:21:27 : EVT PMIC : Turn charge ON since VBUS->ON
#1288739 08.07.2026 15:21:27 : EVT PMIC : PMIC temp zone:0x2
#1288740 08.07.2026 15:21:27 : EVT PMIC : PMIC Fast-charge constant cur
#1288741 08.07.2026 15:21:27 : EVT OHR : VBUS on
#1288742 08.07.2026 15:21:27 : EVT OHR : S:stop 23
#1288743 08.07.2026 15:21:27 : EVT <Unknown> : 1783516887803:Meas stop 0x2123
#1288744 08.07.2026 15:21:27 : WRN <Unknown> : 1783516887803:FSM EVT STOP.
#1288745 08.07.2026 15:21:27 : EVT OHR : S:OFF 1->0
#1288746 08.07.2026 15:21:27 : EVT PMIC : VBUS state is ON
#1288747 08.07.2026 15:21:27 : EVT PMIC : PMIC Fast-charge constant voltage
#1288748 08.07.2026 15:21:28 : EVT PMIC : PMIC temp zone:0x7
#1288749 08.07.2026 15:21:28 : EVT PMIC : VBUS state is OFF
#1288750 08.07.2026 15:21:28 : EVT PMIC : Turn charge OFF since VBUS->OFF
#1288751 08.07.2026 15:21:28 : EVT OHR : VBUS off
#1288752 08.07.2026 15:21:28 : EVT OHR : S:ON 0->1
#1288753 08.07.2026 15:21:28 : EVT OHR : APPINIT:caps 0x1f4, 6b738616
#1288754 08.07.2026 15:21:28 : EVT <Unknown> : 1783516888824:AI@1783516888800, tz120
#1288755 08.07.2026 15:21:28 : EVT OHR : S:start 0x2123
#1288756 08.07.2026 15:21:28 : EVT <Unknown> : 1783516888830:Meas start 0x2123
#1288757 08.07.2026 15:21:28 : EVT <Unknown> : 1783516888840:PD1464, 0
#1288758 08.07.2026 15:21:28 : EVT <Unknown> : 1783516888902:GMV 20251126/1/4/0/395/46
#1288759 08.07.2026 15:21:29 : EVT <Unknown> : 1783516889164:Mi1.6.10, auth 0, hr_mode 0
#1288760 08.07.2026 15:21:29 : EVT <Unknown> : 1783516889708:On Skin Set.
#1288761 08.07.2026 15:21:30 : EVT OHR : No HR update, invalidate by timer
#1288762 08.07.2026 15:21:31 : EVT APPLICATION : Zapp climbl01:Disable
#1288763 08.07.2026 15:21:31 : EVT ANALYTICS : Zapp disabled i:5 h:a5e7afa5 n:Climb Log
#1288764 08.07.2026 15:21:32 : EVT APPLICATION : Zapp climbl01:Load script
#1288765 08.07.2026 15:21:32 : EVT APPLICATION : Zapp climbl01:Enable
#1288766 08.07.2026 15:21:32 : EVT ANALYTICS : Zapp enabled i:5 h:a5e7afa5 n:climbl01 v:3.0
#1288767 08.07.2026 15:21:32 : EVT APPLICATION : Zapp clid:32880
#1288768 08.07.2026 15:21:33 : EVT <Unknown> : 1783516892980:Off Skin Set.
#1288769 08.07.2026 15:21:36 : EVT PMIC : VBUS state is ON
#1288770 08.07.2026 15:21:36 : EVT PMIC : chgCntl1:0x70
#1288771 08.07.2026 15:21:36 : EVT PMIC : check chgCntl1:0x74
#1288772 08.07.2026 15:21:36 : EVT PMIC : Turn charge ON since VBUS->ON
#1288773 08.07.2026 15:21:36 : EVT PMIC : PMIC temp zone:0x2
#1288774 08.07.2026 15:21:36 : EVT PMIC : PMIC Fast-charge constant cur
#1288775 08.07.2026 15:21:36 : EVT OHR : VBUS on
#1288776 08.07.2026 15:21:36 : EVT OHR : S:stop 23
#1288777 08.07.2026 15:21:36 : EVT <Unknown> : 1783516896556:Meas stop 0x2123
#1288778 08.07.2026 15:21:36 : WRN <Unknown> : 1783516896557:FSM EVT STOP.
#1288779 08.07.2026 15:21:36 : EVT OHR : S:OFF 1->0
#1288780 08.07.2026 15:21:36 : EVT PMIC : VBUS state is ON
#1288781 08.07.2026 15:21:36 : EVT PMIC : PMIC Fast-charge constant voltage
#1288782 08.07.2026 15:21:37 : EVT PMIC : PMIC temp zone:0x7
#1288783 08.07.2026 15:21:37 : EVT PMIC : VBUS state is OFF
#1288784 08.07.2026 15:21:37 : EVT PMIC : Turn charge OFF since VBUS->OFF
#1288785 08.07.2026 15:21:37 : EVT OHR : VBUS off
#1288786 08.07.2026 15:21:37 : EVT OHR : S:ON 0->1
#1288787 08.07.2026 15:21:37 : EVT OHR : APPINIT:caps 0x1f4, 6b738616
#1288788 08.07.2026 15:21:37 : EVT <Unknown> : 1783516897525:AI@1783516897500, tz120
#1288789 08.07.2026 15:21:37 : EVT OHR : S:start 0x2123
#1288790 08.07.2026 15:21:37 : EVT <Unknown> : 1783516897530:Meas start 0x2123
#1288791 08.07.2026 15:21:37 : EVT <Unknown> : 1783516897541:PD1464, 0
#1288792 08.07.2026 15:21:37 : EVT <Unknown> : 1783516897602:GMV 20251126/1/4/0/395/46
#1288793 08.07.2026 15:21:37 : EVT <Unknown> : 1783516897856:Mi1.6.10, auth 0, hr_mode 0
#1288794 08.07.2026 15:21:38 : EVT <Unknown> : 1783516898283:On Skin Set.
#1288795 08.07.2026 15:21:38 : WRN WBAPI : eID-691468(277): /Dive/TankPressure/Alarm/Count 404
#1288796 08.07.2026 15:21:38 : EVT OHR : S:start 0x21a3
#1288797 08.07.2026 15:21:39 : EVT <Unknown> : 1783516898926:Meas start 0x21a3
#1288798 08.07.2026 15:21:42 : ERR <Unknown> : 1783516902560:Mi invalid call:100,code:0.
#1288799 08.07.2026 15:21:42 : EVT APPLICATION : Zapp climbl01:Disable
#1288800 08.07.2026 15:21:43 : EVT ANALYTICS : Zapp disabled i:5 h:a5e7afa5 n:Climb Log
#1288801 08.07.2026 15:21:43 : EVT OHR : No HR update, invalidate by timer
#1288802 08.07.2026 15:21:44 : EVT APPLICATION : Zapp climbl01:Load script
#1288803 08.07.2026 15:21:44 : EVT APPLICATION : Zapp climbl01:Enable
#1288804 08.07.2026 15:21:44 : EVT ANALYTICS : Zapp enabled i:5 h:a5e7afa5 n:climbl01 v:3.0
#1288805 08.07.2026 15:21:45 : EVT APPLICATION : Zapp clid:32880
#1288806 08.07.2026 15:21:45 : EVT OHR : S:start 0x2123
#1288807 08.07.2026 15:21:45 : EVT <Unknown> : 1783516905057:Meas start 0x2123
#1288808 08.07.2026 15:21:46 : EVT APPLICATION : Zapp climbl01:Disable
#1288809 08.07.2026 15:21:46 : EVT ANALYTICS : Zapp disabled i:5 h:a5e7afa5 n:Climb Log
#1288810 08.07.2026 15:21:50 : EVT OHR : No HR update, invalidate by timer
#1288811 08.07.2026 15:21:50 : EVT APPLICATION : Zapp climbl01:Load script
#1288812 08.07.2026 15:21:50 : EVT APPLICATION : Zapp climbl01:Enable
#1288813 08.07.2026 15:21:50 : EVT ANALYTICS : Zapp enabled i:5 h:a5e7afa5 n:climbl01 v:3.0
#1288814 08.07.2026 15:21:50 : EVT APPLICATION : Zapp clid:32880
#1288815 08.07.2026 15:21:51 : EVT <Unknown> : 1783516911211:Off Skin Set.
#1288816 08.07.2026 15:21:53 : EVT PMIC : VBUS state is ON
#1288817 08.07.2026 15:21:53 : EVT PMIC : chgCntl1:0x70
#1288818 08.07.2026 15:21:53 : EVT PMIC : check chgCntl1:0x74
#1288819 08.07.2026 15:21:53 : EVT PMIC : Turn charge ON since VBUS->ON
#1288820 08.07.2026 15:21:53 : EVT PMIC : PMIC temp zone:0x2
#1288821 08.07.2026 15:21:53 : EVT PMIC : PMIC Fast-charge constant cur
#1288822 08.07.2026 15:21:53 : EVT OHR : VBUS on
#1288823 08.07.2026 15:21:53 : EVT OHR : S:stop 23
#1288824 08.07.2026 15:21:53 : EVT <Unknown> : 1783516913904:Meas stop 0x2123
#1288825 08.07.2026 15:21:53 : WRN <Unknown> : 1783516913904:FSM EVT STOP.
#1288826 08.07.2026 15:21:53 : EVT OHR : S:OFF 1->0
#1288827 08.07.2026 15:21:53 : EVT PMIC : VBUS state is ON
#1288828 08.07.2026 15:21:54 : EVT PMIC : PMIC Fast-charge constant voltage
#1288829 08.07.2026 15:21:54 : EVT PMIC : PMIC temp zone:0x7
#1288830 08.07.2026 15:21:54 : EVT PMIC : VBUS state is OFF
#1288831 08.07.2026 15:21:54 : EVT PMIC : Turn charge OFF since VBUS->OFF
#1288832 08.07.2026 15:21:54 : EVT OHR : VBUS off
#1288833 08.07.2026 15:21:54 : EVT OHR : S:ON 0->1
#1288834 08.07.2026 15:21:55 : EVT OHR : APPINIT:caps 0x1f4, 6b738616
#1288835 08.07.2026 15:21:55 : EVT <Unknown> : 1783516915064:AI@1783516915040, tz120
#1288836 08.07.2026 15:21:55 : EVT OHR : S:start 0x2123
#1288837 08.07.2026 15:21:55 : EVT <Unknown> : 1783516915071:Meas start 0x2123
#1288838 08.07.2026 15:21:55 : EVT <Unknown> : 1783516915085:PD1464, 0
#1288839 08.07.2026 15:21:55 : EVT <Unknown> : 1783516915145:GMV 20251126/1/4/0/395/46
#1288840 08.07.2026 15:21:55 : EVT <Unknown> : 1783516915399:Mi1.6.10, auth 0, hr_mode 0
#1288841 08.07.2026 15:21:55 : EVT <Unknown> : 1783516915651:On Skin Set.
#1288842 08.07.2026 15:21:57 : WRN WBAPI : eID-691468(277): /Dive/TankPressure/Alarm/Count 404
#1288843 08.07.2026 15:21:57 : EVT OHR : S:start 0x21a3
#1288844 08.07.2026 15:21:57 : EVT <Unknown> : 1783516917750:Meas start 0x21a3
#1288845 08.07.2026 15:21:58 : EVT LOGGER : HrIbiLogger stop, off (0 ms)
#1288846 08.07.2026 15:21:58 : EVT WBSTORAGE : CACHE_DEFRAG (600->744, 24->24, 25)
#1288847 08.07.2026 15:21:58 : EVT WBSTORAGE : CACHE_DEFRAG (728->736, 24->24, 25)
#1288848 08.07.2026 15:21:58 : TRC NAVIGATION : CG: no climb WP
#1288849 08.07.2026 15:21:58 : TRC NAVIGATION : CG:init ZoomType=0
#1288850 08.07.2026 15:21:58 : EVT NAVIGATION : initSeg Idx=0 D=1 T=0 3-0-4
#1288851 08.07.2026 15:21:58 : EVT WBSTORAGE : CACHE_DEFRAG (720->1000, 24->24, 25)
#1288852 08.07.2026 15:21:58 : EVT SPEEDFUSION : INFO # IDLE mode(-1) set
#1288853 08.07.2026 15:21:58 : EVT ALTIFUSION : AltiBaroMode:2
#1288854 08.07.2026 15:21:58 : EVT APPLICATION : Zapp climbl01:Disable
#1288855 08.07.2026 15:21:58 : EVT ANALYTICS : Zapp disabled i:5 h:a5e7afa5 n:Climb Log
#1288856 08.07.2026 15:21:58 : EVT APPLICATION : Zapp zzmoveen:Disable
#1288857 08.07.2026 15:21:58 : EVT ANALYTICS : Zapp disabled i:6 h:7aac0887 n:Movement
#1288858 08.07.2026 15:21:59 : EVT UI_FRAMEWORK : evalFile: b:/zapp/zzmoveen.fea/ext2.js from ui
#1288859 08.07.2026 15:21:59 : EVT APPLICATION : Zapp zzwethen:Disable
#1288860 08.07.2026 15:21:59 : EVT ANALYTICS : Zapp disabled i:8 h:3f77f8ec n:Weather
#1288861 08.07.2026 15:21:59 : EVT SPEEDFUSION : INFO # stop speed fusion
#1288862 08.07.2026 15:21:59 : EVT <Unknown> : Update pres sampl intrvl:5
#1288863 08.07.2026 15:21:59 : EVT ANALYTICS : SleepQ:Tracking:On
#1288864 08.07.2026 15:21:59 : EVT OHR : S:start 0x2123
#1288865 08.07.2026 15:21:59 : EVT WBSTORAGE : CACHE_DEFRAG (976->984, 24->24, 25)
#1288866 08.07.2026 15:21:59 : EVT APPLICATION : Zapp zwc05901:Load script
#1288867 08.07.2026 15:21:59 : EVT APPLICATION : Zapp zwc05901:Enable
#1288868 08.07.2026 15:21:59 : EVT ANALYTICS : Zapp enabled i:3 h:ddb248f2 n:zwc05901 v:124f
#1288869 08.07.2026 15:21:59 : WRN WBAPI : eID-691468(277): /Weather/Current/ValidWeatherData.temp 
#1288870 08.07.2026 15:22:00 : EVT <Unknown> : 1783516919169:Meas start 0x2123
#1288871 08.07.2026 15:22:00 : EVT <Unknown> : 1783516919184:Off Skin Set.
#1288872 08.07.2026 15:22:00 : EVT BLE : Disconn sensor:1
#1288873 08.07.2026 15:22:00 : EVT BLE : BLE Sensor Link 4800180D Disc (L-E-:00:0)
#1288874 08.07.2026 15:22:00 : WRN BLE : sendDisconnect 6157
#1288875 08.07.2026 15:22:00 : ERR BLE : [AURA]No filters left, stopping scan
#1288876 08.07.2026 15:22:02 : EVT PMIC : PMIC temp zone:0x2
#1288877 08.07.2026 15:22:02 : EVT PMIC : VBUS state is ON
#1288878 08.07.2026 15:22:02 : EVT PMIC : chgCntl1:0x70
#1288879 08.07.2026 15:22:02 : EVT PMIC : check chgCntl1:0x74
#1288880 08.07.2026 15:22:02 : EVT PMIC : Turn charge ON since VBUS->ON
#1288881 08.07.2026 15:22:02 : EVT PMIC : PMIC Fast-charge constant cur
#1288882 08.07.2026 15:22:02 : EVT OHR : VBUS on
#1288883 08.07.2026 15:22:02 : EVT OHR : S:stop 23
#1288884 08.07.2026 15:22:02 : EVT <Unknown> : 1783516922250:Meas stop 0x2123
#1288885 08.07.2026 15:22:02 : EVT PMIC : PMIC Fast-charge constant voltage
#1288886 08.07.2026 15:22:02 : EVT PMIC : VBUS state is ON
#1288887 08.07.2026 15:22:02 : WRN <Unknown> : 1783516922251:FSM EVT STOP.
#1288888 08.07.2026 15:22:02 : EVT OHR : S:OFF 1->0
#1288889 08.07.2026 15:22:02 : EVT OHR : No HR update, invalidate by timer
#1288890 08.07.2026 15:22:03 : EVT PMIC : PMIC Fast-charge constant cur
#1288891 08.07.2026 15:22:03 : EVT PMIC : PMIC Fast-charge constant voltage
#1288892 08.07.2026 15:22:06 : TRC FUEL_GAUGE : Chg->1,B:5,C:33.9,V:4410,U:1,bF:99%,bC:99%
#1288893 08.07.2026 15:22:06 : EVT ANALYTICS : Battery-> 2 soc:99
#1288894 08.07.2026 15:22:11 : EVT WBCOMM : P-9 connection made to ECSD00000000
#1288895 08.07.2026 15:22:11 : EVT WBCOMM : New Route: ECSD00000000
#1288896 08.07.2026 15:22:17 : EVT WBSTORAGE : CACHE_DEFRAG (856->864, 24->24, 25)
#1288897 08.07.2026 15:22:17 : EVT WBSTORAGE : CACHE_DEFRAG (832->840, 24->24, 25)
#1288898 08.07.2026 15:22:17 : EVT WBSTORAGE : CACHE_DEFRAG (792->800, 24->24, 25)
#1288899 08.07.2026 15:22:17 : EVT <Unknown> : DL Region List
#1288900 08.07.2026 15:22:17 : EVT PMIC : PMIC Fast-charge constant cur
#1288901 08.07.2026 15:22:17 : EVT PMIC : PMIC Fast-charge constant cur
#1288902 08.07.2026 15:22:17 : EVT PMIC : PMIC Fast-charge constant voltage
#1288903 08.07.2026 15:22:17 : EVT PMIC : PMIC Fast-charge constant cur
#1288904 08.07.2026 15:22:17 : EVT PMIC : PMIC Fast-charge constant cur
#1288905 08.07.2026 15:22:17 : EVT PMIC : PMIC Fast-charge constant cur
#1288906 08.07.2026 15:22:17 : EVT PMIC : PMIC Fast-charge constant cur
#1288907 08.07.2026 15:22:17 : EVT PMIC : PMIC Precharge
#1288908 08.07.2026 15:22:17 : EVT PMIC : PMIC Fast-charge constant cur
#1288909 08.07.2026 15:22:17 : EVT PMIC : PMIC Fast-charge constant cur
#1288910 08.07.2026 15:22:18 : WRN WBCOMM : Route ECSD00000000 error 504: Dropping existing connecti
#1288911 08.07.2026 15:22:18 : EVT WBCOMM : Route lost: ECSD00000000
#1288912 08.07.2026 15:22:18 : EVT WBCOMM : P-9 connection made to ECSD00000000
#1288913 08.07.2026 15:22:18 : EVT WBCOMM : New Route: ECSD00000000
#1288914 08.07.2026 15:22:18 : EVT PMIC : PMIC Fast-charge constant voltage
#1288915 08.07.2026 15:22:18 : EVT WIFI : Pwr up
#1288916 08.07.2026 15:22:20 : EVT PMIC : PMIC Fast-charge constant cur
#1288917 08.07.2026 15:22:20 : EVT PMIC : PMIC Fast-charge constant cur
#1288918 08.07.2026 15:22:20 : EVT PMIC : PMIC Fast-charge constant cur
#1288919 08.07.2026 15:22:20 : EVT PMIC : PMIC Fast-charge constant cur
#1288920 08.07.2026 15:22:20 : EVT PMIC : PMIC Fast-charge constant cur
#1288921 08.07.2026 15:22:20 : EVT PMIC : PMIC Fast-charge constant voltage
#1288922 08.07.2026 15:22:20 : EVT PMIC : PMIC Fast-charge constant cur
#1288923 08.07.2026 15:22:20 : EVT PMIC : PMIC Fast-charge constant cur
#1288924 08.07.2026 15:22:20 : EVT PMIC : PMIC Fast-charge constant cur
#1288925 08.07.2026 15:22:20 : EVT PMIC : PMIC Fast-charge constant cur
#1288926 08.07.2026 15:22:21 : ERR WBMAIN : *0: app 658 Event 36 80005310
#1288927 08.07.2026 15:22:21 : ERR WBMAIN : 1: mea 30 Wait 0 00000000
#1288928 08.07.2026 15:22:21 : ERR WBMAIN : 2: ui 30 Wait 0 00000000
#1288929 08.07.2026 15:22:21 : EVT PMIC : PMIC Fast-charge constant cur
#1288930 08.07.2026 15:22:21 : EVT PMIC : PMIC Fast-charge constant cur
#1288931 08.07.2026 15:22:21 : EVT PMIC : PMIC Fast-charge constant voltage
#1288932 08.07.2026 15:22:21 : EVT PMIC : PMIC Fast-charge constant cur
#1288933 08.07.2026 15:22:21 : EVT PMIC : PMIC Precharge
#1288934 08.07.2026 15:22:21 : EVT PMIC : PMIC Fast-charge constant cur
#1288935 08.07.2026 15:22:21 : EVT PMIC : PMIC Fast-charge constant voltage
#1288936 08.07.2026 15:22:21 : EVT ANALYTICS : Sync start
#1288937 08.07.2026 15:22:21 : EVT PMIC : PMIC Precharge
#1288938 08.07.2026 15:22:21 : EVT PMIC : PMIC Fast-charge constant cur
#1288939 08.07.2026 15:22:21 : EVT PMIC : PMIC Fast-charge constant cur
#1288940 08.07.2026 15:22:21 : EVT PMIC : PMIC Fast-charge constant cur
#1288941 08.07.2026 15:22:21 : EVT PMIC : PMIC Fast-charge constant cur
#1288942 08.07.2026 15:22:21 : EVT PMIC : PMIC Fast-charge constant cur
#1288943 08.07.2026 15:22:21 : EVT PMIC : PMIC Fast-charge constant cur
#1288944 08.07.2026 15:22:21 : EVT PMIC : PMIC Fast-charge constant cur
#1288945 08.07.2026 15:22:21 : EVT PMIC : PMIC Fast-charge constant cur
#1288946 08.07.2026 15:22:21 : EVT ANALYTICS : Sync start
#1288947 08.07.2026 15:22:22 : EVT PMIC : PMIC Fast-charge constant voltage
#1288948 08.07.2026 15:22:22 : EVT PMIC : PMIC Fast-charge constant cur
#1288949 08.07.2026 15:22:22 : EVT PMIC : PMIC Fast-charge constant cur
#1288950 08.07.2026 15:22:22 : EVT PMIC : PMIC Fast-charge constant cur
#1288951 08.07.2026 15:22:22 : EVT PMIC : PMIC Fast-charge constant cur
#1288952 08.07.2026 15:22:22 : EVT PMIC : PMIC Fast-charge constant cur
#1288953 08.07.2026 15:22:22 : EVT PMIC : PMIC Fast-charge constant voltage
#1288954 08.07.2026 15:22:24 : EVT WIFI : pwr up
#1288955 08.07.2026 15:22:24 : EVT WIFI : SDK Ver(3.2.8.1)
#1288956 08.07.2026 15:22:24 : EVT WIFI : Scann APs (1/3)
#1288957 08.07.2026 15:22:24 : EVT PMIC : PMIC Fast-charge constant cur
#1288958 08.07.2026 15:22:24 : EVT PMIC : PMIC Fast-charge constant cur
#1288959 08.07.2026 15:22:24 : EVT PMIC : PMIC Fast-charge constant cur

