#1199521 06.07.2026 12:16:09 : EVT PMIC : VBUS state is ON
#1199522 06.07.2026 12:16:09 : EVT PMIC : chgCntl1:0x70
#1199523 06.07.2026 12:16:09 : EVT PMIC : check chgCntl1:0x74
#1199524 06.07.2026 12:16:09 : EVT PMIC : Turn charge ON since VBUS->ON
#1199525 06.07.2026 12:16:09 : EVT PMIC : PMIC Fast-charge constant cur
#1199526 06.07.2026 12:16:09 : EVT OHR : VBUS on
#1199527 06.07.2026 12:16:09 : EVT OHR : S:stop 23
#1199528 06.07.2026 12:16:09 : EVT <Unknown> : 1783332969110:Meas stop 0x2123
#1199529 06.07.2026 12:16:09 : EVT PMIC : PMIC Fast-charge constant voltage
#1199530 06.07.2026 12:16:09 : WRN <Unknown> : 1783332969110:FSM EVT STOP.
#1199531 06.07.2026 12:16:09 : EVT OHR : S:OFF 1->0
#1199532 06.07.2026 12:16:09 : EVT PMIC : VBUS state is ON
#1199533 06.07.2026 12:16:11 : EVT PMIC : PMIC temp zone:0x7
#1199534 06.07.2026 12:16:11 : EVT PMIC : VBUS state is OFF
#1199535 06.07.2026 12:16:11 : EVT PMIC : Turn charge OFF since VBUS->OFF
#1199536 06.07.2026 12:16:11 : EVT OHR : VBUS off
#1199537 06.07.2026 12:16:11 : EVT OHR : S:ON 0->1
#1199538 06.07.2026 12:16:12 : EVT OHR : APPINIT:caps 0x1f4, 6b738616
#1199539 06.07.2026 12:16:12 : EVT <Unknown> : 1783332972134:AI@1783332972110, tz120
#1199540 06.07.2026 12:16:12 : EVT OHR : S:start 0x2123
#1199541 06.07.2026 12:16:12 : EVT <Unknown> : 1783332972139:Meas start 0x2123
#1199542 06.07.2026 12:16:12 : EVT <Unknown> : 1783332972161:PD1464, 0
#1199543 06.07.2026 12:16:12 : EVT <Unknown> : 1783332972221:GMV 20251126/1/4/0/395/46
#1199544 06.07.2026 12:16:12 : EVT <Unknown> : 1783332972479:Mi1.6.10, auth 0, hr_mode 0
#1199545 06.07.2026 12:16:13 : EVT PMIC : VBUS state is ON
#1199546 06.07.2026 12:16:13 : EVT PMIC : chgCntl1:0x70
#1199547 06.07.2026 12:16:13 : EVT PMIC : check chgCntl1:0x74
#1199548 06.07.2026 12:16:13 : EVT PMIC : Turn charge ON since VBUS->ON
#1199549 06.07.2026 12:16:13 : EVT PMIC : PMIC temp zone:0x2
#1199550 06.07.2026 12:16:13 : EVT PMIC : PMIC Fast-charge constant cur
#1199551 06.07.2026 12:16:13 : EVT OHR : VBUS on
#1199552 06.07.2026 12:16:13 : EVT OHR : S:stop 23
#1199553 06.07.2026 12:16:13 : EVT <Unknown> : 1783332973272:Meas stop 0x2123
#1199554 06.07.2026 12:16:13 : EVT PMIC : PMIC Fast-charge constant voltage
#1199555 06.07.2026 12:16:13 : EVT PMIC : VBUS state is ON
#1199556 06.07.2026 12:16:13 : WRN <Unknown> : 1783332973273:FSM EVT STOP.
#1199557 06.07.2026 12:16:13 : EVT OHR : S:OFF 1->0
#1199558 06.07.2026 12:16:19 : TRC FUEL_GAUGE : Chg->1,B:5,C:41.3,V:4407,U:1,bF:98%,bC:98%
#1199559 06.07.2026 12:16:19 : EVT ANALYTICS : Battery-> 2 soc:98
#1199560 06.07.2026 12:16:28 : EVT WBSTORAGE : CACHE_DEFRAG (904->912, 24->24, 25)
#1199561 06.07.2026 12:16:28 : EVT WBSTORAGE : CACHE_DEFRAG (880->888, 24->24, 25)
#1199562 06.07.2026 12:16:28 : EVT WBSTORAGE : CACHE_DEFRAG (840->848, 24->24, 25)
#1199563 06.07.2026 12:16:28 : EVT <Unknown> : DL Region List
#1199564 06.07.2026 12:16:28 : EVT WIFI : Pwr up
#1199565 06.07.2026 12:16:28 : EVT WBCOMM : P-9 connection made to ECSD00000000
#1199566 06.07.2026 12:16:28 : EVT WBCOMM : New Route: ECSD00000000
#1199567 06.07.2026 12:16:34 : EVT WIFI : pwr up
#1199568 06.07.2026 12:16:34 : EVT WIFI : SDK Ver(3.2.8.1)
#1199569 06.07.2026 12:16:34 : EVT WIFI : Scann APs (1/3)
#1199570 06.07.2026 12:16:35 : EVT PMIC : PMIC Fast-charge constant cur
#1199571 06.07.2026 12:16:35 : EVT PMIC : PMIC Fast-charge constant voltage
#1199572 06.07.2026 12:16:35 : EVT WIFI : APs scanned:13
#1199573 06.07.2026 12:16:35 : EVT WBSTORAGE : CACHE_DEFRAG (832->840, 24->24, 25)
#1199574 06.07.2026 12:16:35 : WRN WIFI : No APs matched to connect
#1199575 06.07.2026 12:16:35 : EVT WIFI : Scann APs (2/3)
#1199576 06.07.2026 12:16:35 : EVT PMIC : PMIC Fast-charge constant cur
#1199577 06.07.2026 12:16:36 : EVT PMIC : PMIC Fast-charge constant cur
#1199578 06.07.2026 12:16:36 : EVT PMIC : PMIC Fast-charge constant voltage
#1199579 06.07.2026 12:16:36 : EVT PMIC : PMIC Fast-charge constant cur
#1199580 06.07.2026 12:16:36 : EVT PMIC : PMIC Fast-charge constant cur
#1199581 06.07.2026 12:16:36 : EVT PMIC : PMIC Fast-charge constant voltage
#1199582 06.07.2026 12:16:36 : EVT PMIC : PMIC Fast-charge constant cur
#1199583 06.07.2026 12:16:36 : EVT WIFI : APs scanned:12
#1199584 06.07.2026 12:16:36 : WRN WIFI : No APs matched to connect
#1199585 06.07.2026 12:16:36 : EVT PMIC : PMIC Fast-charge constant voltage
#1199586 06.07.2026 12:16:36 : EVT WIFI : Scann APs (3/3)
#1199587 06.07.2026 12:16:36 : EVT PMIC : PMIC Fast-charge constant cur
#1199588 06.07.2026 12:16:36 : EVT PMIC : PMIC Fast-charge constant voltage
#1199589 06.07.2026 12:16:36 : EVT PMIC : PMIC Fast-charge constant cur
#1199590 06.07.2026 12:16:37 : EVT PMIC : PMIC Fast-charge constant voltage
#1199591 06.07.2026 12:16:37 : EVT WIFI : APs scanned:15
#1199592 06.07.2026 12:16:37 : WRN WIFI : No APs matched to connect
#1199593 06.07.2026 12:16:37 : EVT WIFI : Internal connect ret:103
#1199594 06.07.2026 12:16:37 : ERR <Unknown> : DL GET resultCode=500
#1199595 06.07.2026 12:16:37 : EVT <Unknown> : DL try retry after 160000 ms
#1199596 06.07.2026 12:16:50 : EVT WIFI : Pwr down idle wifi (TO:13se)
#1199597 06.07.2026 12:16:50 : EVT WIFI : pwr down OK
#1199598 06.07.2026 12:17:01 : EVT GPS : GpsTimeSynchronizer:sub Passive
#1199599 06.07.2026 12:17:01 : TRC GPS : Basic GNSS data subd l:0 c:80460010
#1199600 06.07.2026 12:17:02 : TRC GPS : GnssServiceLevel::PASSIVE
#1199601 06.07.2026 12:17:02 : TRC GPS : @GSTP
#1199602 06.07.2026 12:17:03 : TRC GPS : @BUP
#1199603 06.07.2026 12:17:04 : TRC GPS : Done:BUP
#1199604 06.07.2026 12:17:04 : TRC GPS : Power disabled
#1199605 06.07.2026 12:17:40 : EVT PMIC : PMIC Maintain charge
#1199606 06.07.2026 12:17:40 : EVT PMIC : PMIC Fast-charge constant voltage
#1199607 06.07.2026 12:17:41 : EVT PMIC : PMIC Maintain charge
#1199608 06.07.2026 12:17:41 : EVT PMIC : PMIC Fast-charge constant voltage
#1199609 06.07.2026 12:17:43 : EVT PMIC : PMIC Maintain charge
#1199610 06.07.2026 12:17:43 : EVT PMIC : PMIC Fast-charge constant voltage
#1199611 06.07.2026 12:17:44 : EVT PMIC : PMIC Maintain charge
#1199612 06.07.2026 12:17:44 : EVT PMIC : PMIC Fast-charge constant voltage
#1199613 06.07.2026 12:17:44 : EVT PMIC : PMIC Maintain charge
#1199614 06.07.2026 12:17:44 : EVT PMIC : PMIC Fast-charge constant voltage
#1199615 06.07.2026 12:17:48 : EVT PMIC : PMIC Maintain charge
#1199616 06.07.2026 12:17:48 : EVT PMIC : PMIC Fast-charge constant voltage
#1199617 06.07.2026 12:17:48 : EVT PMIC : PMIC Maintain charge
#1199618 06.07.2026 12:17:48 : EVT PMIC : PMIC Fast-charge constant voltage
#1199619 06.07.2026 12:17:51 : EVT PMIC : PMIC Maintain charge
#1199620 06.07.2026 12:17:51 : EVT PMIC : PMIC Fast-charge constant voltage
#1199621 06.07.2026 12:17:52 : EVT PMIC : PMIC Maintain charge
#1199622 06.07.2026 12:17:52 : EVT PMIC : PMIC Fast-charge constant voltage
#1199623 06.07.2026 12:17:52 : EVT PMIC : PMIC Maintain charge
#1199624 06.07.2026 12:17:52 : EVT PMIC : PMIC Fast-charge constant voltage
#1199625 06.07.2026 12:17:52 : EVT PMIC : PMIC Maintain charge
#1199626 06.07.2026 12:17:52 : EVT PMIC : PMIC Fast-charge constant voltage
#1199627 06.07.2026 12:17:54 : EVT PMIC : PMIC Maintain charge
#1199628 06.07.2026 12:17:54 : EVT PMIC : PMIC Fast-charge constant voltage
#1199629 06.07.2026 12:17:55 : EVT PMIC : PMIC Maintain charge
#1199630 06.07.2026 12:17:55 : EVT PMIC : PMIC Fast-charge constant voltage
#1199631 06.07.2026 12:17:55 : EVT PMIC : PMIC Maintain charge
#1199632 06.07.2026 12:17:55 : EVT PMIC : PMIC Fast-charge constant voltage
#1199633 06.07.2026 12:17:57 : EVT PMIC : PMIC Maintain charge
#1199634 06.07.2026 12:17:57 : EVT PMIC : PMIC Fast-charge constant voltage
#1199635 06.07.2026 12:17:58 : EVT PMIC : PMIC Maintain charge
#1199636 06.07.2026 12:17:58 : EVT PMIC : PMIC Fast-charge constant voltage
#1199637 06.07.2026 12:17:59 : EVT PMIC : PMIC Maintain charge
#1199638 06.07.2026 12:17:59 : EVT PMIC : PMIC Fast-charge constant voltage
#1199639 06.07.2026 12:17:59 : EVT PMIC : PMIC Maintain charge
#1199640 06.07.2026 12:17:59 : EVT PMIC : PMIC Fast-charge constant voltage
#1199641 06.07.2026 12:17:59 : EVT PMIC : PMIC Maintain charge
#1199642 06.07.2026 12:17:59 : EVT PMIC : PMIC Fast-charge constant voltage
#1199643 06.07.2026 12:18:00 : EVT PMIC : PMIC Maintain charge
#1199644 06.07.2026 12:18:00 : EVT PMIC : PMIC Fast-charge constant voltage
#1199645 06.07.2026 12:18:01 : EVT PMIC : PMIC Maintain charge
#1199646 06.07.2026 12:18:01 : EVT PMIC : PMIC Fast-charge constant voltage
#1199647 06.07.2026 12:18:02 : EVT PMIC : PMIC Maintain charge
#1199648 06.07.2026 12:18:02 : EVT PMIC : PMIC Fast-charge constant voltage
#1199649 06.07.2026 12:18:02 : EVT PMIC : PMIC Maintain charge
#1199650 06.07.2026 12:18:03 : EVT PMIC : PMIC Fast-charge constant voltage
#1199651 06.07.2026 12:18:03 : EVT PMIC : PMIC Maintain charge
#1199652 06.07.2026 12:18:04 : EVT PMIC : PMIC Fast-charge constant voltage
#1199653 06.07.2026 12:18:04 : EVT PMIC : PMIC Maintain charge
#1199654 06.07.2026 12:18:04 : EVT PMIC : PMIC Fast-charge constant voltage
#1199655 06.07.2026 12:18:06 : EVT PMIC : PMIC Maintain charge
#1199656 06.07.2026 12:18:07 : EVT PMIC : PMIC Fast-charge constant voltage
#1199657 06.07.2026 12:18:07 : EVT PMIC : PMIC Maintain charge
#1199658 06.07.2026 12:18:08 : EVT PMIC : PMIC Fast-charge constant voltage
#1199659 06.07.2026 12:18:08 : EVT PMIC : PMIC Maintain charge
#1199660 06.07.2026 12:18:08 : EVT PMIC : PMIC Fast-charge constant voltage
#1199661 06.07.2026 12:18:09 : EVT PMIC : PMIC Maintain charge
#1199662 06.07.2026 12:18:10 : EVT PMIC : PMIC Fast-charge constant voltage
#1199663 06.07.2026 12:18:10 : EVT PMIC : PMIC Maintain charge
#1199664 06.07.2026 12:18:12 : EVT PMIC : PMIC Fast-charge constant voltage
#1199665 06.07.2026 12:18:12 : EVT PMIC : PMIC Maintain charge
#1199666 06.07.2026 12:18:13 : EVT PMIC : PMIC Fast-charge constant voltage
#1199667 06.07.2026 12:18:14 : EVT PMIC : PMIC Maintain charge
#1199668 06.07.2026 12:18:14 : EVT PMIC : PMIC Fast-charge constant voltage
#1199669 06.07.2026 12:18:14 : EVT PMIC : PMIC Maintain charge
#1199670 06.07.2026 12:18:15 : EVT PMIC : PMIC Fast-charge constant voltage
#1199671 06.07.2026 12:18:15 : EVT PMIC : PMIC Maintain charge
#1199672 06.07.2026 12:18:17 : EVT PMIC : PMIC Fast-charge constant voltage
#1199673 06.07.2026 12:18:17 : EVT PMIC : PMIC Maintain charge
#1199674 06.07.2026 12:18:34 : ERR WBMAIN : *0: app 1206 Event 24 80892700
#1199675 06.07.2026 12:18:34 : ERR WBMAIN : 1: mea 68 Wait 0 00000000
#1199676 06.07.2026 12:18:34 : ERR WBMAIN : 2: ui 206 Wait 0 00000000
#1199677 06.07.2026 12:19:00 : TRC FWUPDATE : Uptime 10 min
#1199678 06.07.2026 12:19:00 : EVT FWUPDATE : onInputEvent 4
#1199679 06.07.2026 12:19:00 : EVT PMIC : PMIC Fast-charge constant cur
#1199680 06.07.2026 12:19:00 : EVT PMIC : PMIC Maintain charge
#1199681 06.07.2026 12:19:17 : EVT <Unknown> : DL Region List
#1199682 06.07.2026 12:19:17 : EVT PMIC : PMIC Fast-charge constant cur
#1199683 06.07.2026 12:19:17 : EVT PMIC : PMIC Maintain charge
#1199684 06.07.2026 12:19:17 : EVT WIFI : Pwr up
#1199685 06.07.2026 12:19:23 : TRC FUEL_GAUGE : batFgLevel cur:99%, prev:98%
#1199686 06.07.2026 12:19:23 : EVT WIFI : pwr up
#1199687 06.07.2026 12:19:23 : EVT WIFI : SDK Ver(3.2.8.1)
#1199688 06.07.2026 12:19:23 : EVT WIFI : Scann APs (1/3)
#1199689 06.07.2026 12:19:23 : EVT PMIC : PMIC Fast-charge constant cur
#1199690 06.07.2026 12:19:24 : EVT PMIC : PMIC Maintain charge
#1199691 06.07.2026 12:19:24 : EVT PMIC : PMIC Fast-charge constant cur
#1199692 06.07.2026 12:19:24 : EVT PMIC : PMIC Maintain charge
#1199693 06.07.2026 12:19:24 : EVT PMIC : PMIC Fast-charge constant cur
#1199694 06.07.2026 12:19:24 : EVT PMIC : PMIC Fast-charge constant cur
#1199695 06.07.2026 12:19:24 : EVT PMIC : PMIC Maintain charge
#1199696 06.07.2026 12:19:24 : EVT PMIC : PMIC Fast-charge constant cur
#1199697 06.07.2026 12:19:24 : EVT PMIC : PMIC Maintain charge
#1199698 06.07.2026 12:19:24 : EVT WIFI : APs scanned:12
#1199699 06.07.2026 12:19:24 : WRN WIFI : No APs matched to connect
#1199700 06.07.2026 12:19:24 : EVT WIFI : Scann APs (2/3)
#1199701 06.07.2026 12:19:24 : EVT PMIC : PMIC Precharge
#1199702 06.07.2026 12:19:24 : EVT PMIC : PMIC Fast-charge constant cur
#1199703 06.07.2026 12:19:25 : EVT PMIC : PMIC Fast-charge constant cur
#1199704 06.07.2026 12:19:25 : EVT PMIC : PMIC Fast-charge constant cur
#1199705 06.07.2026 12:19:25 : EVT PMIC : PMIC Fast-charge constant cur
#1199706 06.07.2026 12:19:25 : EVT WIFI : APs scanned:9
#1199707 06.07.2026 12:19:25 : WRN WIFI : No APs matched to connect
#1199708 06.07.2026 12:19:25 : EVT WIFI : Scann APs (3/3)
#1199709 06.07.2026 12:19:26 : EVT PMIC : PMIC Fast-charge constant cur
#1199710 06.07.2026 12:19:26 : EVT PMIC : PMIC Maintain charge
#1199711 06.07.2026 12:19:26 : EVT WIFI : APs scanned:14
#1199712 06.07.2026 12:19:26 : WRN WIFI : No APs matched to connect
#1199713 06.07.2026 12:19:26 : EVT WIFI : Internal connect ret:103
#1199714 06.07.2026 12:19:26 : ERR <Unknown> : DL GET resultCode=500
#1199715 06.07.2026 12:19:26 : EVT <Unknown> : DL try retry after 320000 ms
#1199716 06.07.2026 12:19:30 : EVT ANALYTICS : Weather sync TO
#1199717 06.07.2026 12:19:39 : EVT WIFI : Pwr down idle wifi (TO:13se)
#1199718 06.07.2026 12:19:39 : EVT WIFI : pwr down OK
#1199719 06.07.2026 12:21:13 : EVT APPLICATION : Zapp zwc05901:Disable
#1199720 06.07.2026 12:21:13 : EVT PMIC : PMIC Fast-charge constant cur
#1199721 06.07.2026 12:21:13 : EVT PMIC : PMIC Fast-charge constant cur
#1199722 06.07.2026 12:21:13 : EVT PMIC : PMIC Fast-charge constant cur
#1199723 06.07.2026 12:21:13 : EVT ANALYTICS : Zapp disabled i:3 h:ddb248f2 n:Vector classic
#1199724 06.07.2026 12:21:13 : TRC APPLICATION : The zapp watch face was closed due to TO
#1199725 06.07.2026 12:21:13 : EVT PMIC : PMIC Maintain charge
#1199726 06.07.2026 12:22:37 : EVT PMIC : PMIC temp zone:0x7
#1199727 06.07.2026 12:22:37 : EVT PMIC : VBUS state is OFF
#1199728 06.07.2026 12:22:37 : EVT PMIC : Turn charge OFF since VBUS->OFF
#1199729 06.07.2026 12:22:37 : EVT WBCOMM : Route lost: ECSD00000000
#1199730 06.07.2026 12:22:37 : TRC FUEL_GAUGE : Chg->0,B:5,C:44.6,V:4438,U:0,bF:99%,bC:99%
#1199731 06.07.2026 12:22:37 : EVT OHR : VBUS off
#1199732 06.07.2026 12:22:37 : EVT OHR : S:ON 0->1
#1199733 06.07.2026 12:22:38 : EVT ANALYTICS : Battery-> 1 soc:99
#1199734 06.07.2026 12:22:38 : EVT OHR : APPINIT:caps 0x1f4, 6b738616
#1199735 06.07.2026 12:22:38 : EVT <Unknown> : 1783333358196:AI@1783333358170, tz120
#1199736 06.07.2026 12:22:38 : EVT OHR : S:start 0x2123
#1199737 06.07.2026 12:22:38 : EVT <Unknown> : 1783333358203:Meas start 0x2123
#1199738 06.07.2026 12:22:38 : EVT <Unknown> : 1783333358218:PD1464, 0
#1199739 06.07.2026 12:22:38 : EVT <Unknown> : 1783333358281:GMV 20251126/1/4/0/395/46
#1199740 06.07.2026 12:22:38 : EVT <Unknown> : 1783333358535:Mi1.6.10, auth 0, hr_mode 0
#1199741 06.07.2026 12:22:38 : EVT PMIC : VBUS state is ON
#1199742 06.07.2026 12:22:38 : EVT PMIC : chgCntl1:0x70
#1199743 06.07.2026 12:22:38 : EVT PMIC : check chgCntl1:0x74
#1199744 06.07.2026 12:22:38 : EVT PMIC : Turn charge ON since VBUS->ON
#1199745 06.07.2026 12:22:38 : TRC FUEL_GAUGE : Chg->1,B:5,C:38.3,V:4438,U:1,bF:99%,bC:99%
#1199746 06.07.2026 12:22:38 : EVT PMIC : PMIC temp zone:0x2
#1199747 06.07.2026 12:22:38 : EVT PMIC : PMIC Fast-charge constant cur
#1199748 06.07.2026 12:22:39 : EVT OHR : VBUS on
#1199749 06.07.2026 12:22:39 : EVT OHR : S:stop 23
#1199750 06.07.2026 12:22:39 : EVT <Unknown> : 1783333359142:Meas stop 0x2123
#1199751 06.07.2026 12:22:39 : EVT ANALYTICS : Battery-> 2 soc:99
#1199752 06.07.2026 12:22:39 : EVT PMIC : VBUS state is ON
#1199753 06.07.2026 12:22:39 : WRN <Unknown> : 1783333359142:FSM EVT STOP.
#1199754 06.07.2026 12:22:39 : EVT OHR : S:OFF 1->0
#1199755 06.07.2026 12:22:39 : EVT PMIC : PMIC Maintain charge
#1199756 06.07.2026 12:22:41 : EVT WBCOMM : P-9 connection made to ECSD00000000
#1199757 06.07.2026 12:22:41 : EVT WBCOMM : New Route: ECSD00000000
#1199758 06.07.2026 12:22:44 : EVT PMIC : PMIC Fast-charge constant cur
#1199759 06.07.2026 12:22:44 : EVT PMIC : PMIC Precharge
#1199760 06.07.2026 12:22:44 : EVT PMIC : PMIC Fast-charge constant cur
#1199761 06.07.2026 12:22:44 : EVT PMIC : PMIC Fast-charge constant cur
#1199762 06.07.2026 12:22:44 : EVT PMIC : PMIC Fast-charge constant cur
#1199763 06.07.2026 12:22:44 : EVT PMIC : PMIC Fast-charge constant cur
#1199764 06.07.2026 12:22:44 : EVT PMIC : PMIC Fast-charge constant cur
#1199765 06.07.2026 12:22:44 : EVT PMIC : PMIC Fast-charge constant cur
#1199766 06.07.2026 12:22:44 : EVT PMIC : PMIC Fast-charge constant cur
#1199767 06.07.2026 12:22:44 : EVT PMIC : PMIC Fast-charge constant cur
#1199768 06.07.2026 12:22:44 : EVT PMIC : PMIC Fast-charge constant cur
#1199769 06.07.2026 12:22:44 : EVT PMIC : PMIC Fast-charge constant cur
#1199770 06.07.2026 12:22:45 : EVT PMIC : PMIC Fast-charge constant cur
#1199771 06.07.2026 12:22:45 : EVT PMIC : PMIC Fast-charge constant cur
#1199772 06.07.2026 12:22:45 : EVT PMIC : PMIC Fast-charge constant voltage
#1199773 06.07.2026 12:22:45 : EVT PMIC : PMIC Fast-charge constant cur
#1199774 06.07.2026 12:22:45 : EVT PMIC : PMIC Fast-charge constant cur
#1199775 06.07.2026 12:22:45 : EVT PMIC : PMIC Fast-charge constant cur
#1199776 06.07.2026 12:22:45 : EVT PMIC : PMIC Fast-charge constant cur
#1199777 06.07.2026 12:22:45 : EVT PMIC : PMIC Fast-charge constant cur
#1199778 06.07.2026 12:22:45 : ERR WBMAIN : *0: app 1043 Event 36 80005310
#1199779 06.07.2026 12:22:45 : ERR WBMAIN : 1: mea 55 Wait 0 00000000
#1199780 06.07.2026 12:22:45 : ERR WBMAIN : 2: ui 409 Wait 0 00000000
#1199781 06.07.2026 12:22:45 : EVT PMIC : PMIC Fast-charge constant cur
#1199782 06.07.2026 12:22:45 : EVT PMIC : PMIC Maintain charge
#1199783 06.07.2026 12:22:45 : EVT PMIC : PMIC Fast-charge constant cur
#1199784 06.07.2026 12:22:45 : EVT PMIC : PMIC Fast-charge constant cur
#1199785 06.07.2026 12:22:46 : EVT PMIC : PMIC Fast-charge constant cur
#1199786 06.07.2026 12:22:46 : EVT PMIC : PMIC Fast-charge constant cur
#1199787 06.07.2026 12:22:46 : EVT PMIC : PMIC Fast-charge constant cur
#1199788 06.07.2026 12:22:46 : EVT PMIC : PMIC Fast-charge constant cur
#1199789 06.07.2026 12:22:46 : EVT PMIC : PMIC Precharge
#1199790 06.07.2026 12:22:46 : EVT PMIC : PMIC Fast-charge constant cur
#1199791 06.07.2026 12:22:46 : ERR WBMAIN : *0: app 832 Event 36 80005310
#1199792 06.07.2026 12:22:46 : ERR WBMAIN : 1: mea 13 Wait 0 00000000
#1199793 06.07.2026 12:22:46 : ERR WBMAIN : 2: ui 248 Wait 0 00000000
#1199794 06.07.2026 12:22:46 : EVT PMIC : PMIC Fast-charge constant cur
#1199795 06.07.2026 12:22:46 : EVT PMIC : PMIC Fast-charge constant cur
#1199796 06.07.2026 12:22:46 : EVT PMIC : PMIC Fast-charge constant cur
#1199797 06.07.2026 12:22:46 : EVT PMIC : PMIC Precharge
#1199798 06.07.2026 12:22:46 : EVT PMIC : PMIC Fast-charge constant cur
#1199799 06.07.2026 12:22:46 : EVT PMIC : PMIC Fast-charge constant cur
#1199800 06.07.2026 12:22:46 : EVT PMIC : PMIC Fast-charge constant cur
#1199801 06.07.2026 12:22:46 : EVT PMIC : PMIC Fast-charge constant cur
#1199802 06.07.2026 12:22:46 : EVT PMIC : PMIC Fast-charge constant cur
#1199803 06.07.2026 12:22:46 : EVT PMIC : PMIC Fast-charge constant cur
#1199804 06.07.2026 12:22:46 : EVT PMIC : PMIC Fast-charge constant cur
#1199805 06.07.2026 12:22:46 : EVT PMIC : PMIC Fast-charge constant cur
#1199806 06.07.2026 12:22:46 : EVT PMIC : PMIC Fast-charge constant cur
#1199807 06.07.2026 12:22:46 : EVT PMIC : PMIC Fast-charge constant cur
#1199808 06.07.2026 12:22:46 : EVT PMIC : PMIC Fast-charge constant cur
#1199809 06.07.2026 12:22:46 : EVT PMIC : PMIC Fast-charge constant cur
#1199810 06.07.2026 12:22:46 : EVT PMIC : PMIC Fast-charge constant cur
#1199811 06.07.2026 12:22:46 : EVT PMIC : PMIC Fast-charge constant cur
#1199812 06.07.2026 12:22:46 : EVT PMIC : PMIC Fast-charge constant cur
#1199813 06.07.2026 12:22:46 : EVT PMIC : PMIC Fast-charge constant cur
#1199814 06.07.2026 12:22:46 : EVT PMIC : PMIC Fast-charge constant cur
#1199815 06.07.2026 12:22:46 : EVT PMIC : PMIC Fast-charge constant cur
#1199816 06.07.2026 12:22:47 : EVT PMIC : PMIC Fast-charge constant cur
#1199817 06.07.2026 12:22:47 : EVT PMIC : PMIC Fast-charge constant cur
#1199818 06.07.2026 12:22:47 : EVT PMIC : PMIC Fast-charge constant cur
#1199819 06.07.2026 12:22:47 : EVT PMIC : PMIC Fast-charge constant cur
#1199820 06.07.2026 12:22:47 : EVT PMIC : PMIC Fast-charge constant cur
#1199821 06.07.2026 12:22:47 : EVT PMIC : PMIC Precharge
#1199822 06.07.2026 12:22:47 : EVT PMIC : PMIC Fast-charge constant cur
#1199823 06.07.2026 12:22:47 : EVT PMIC : PMIC Fast-charge constant cur
#1199824 06.07.2026 12:22:47 : EVT PMIC : PMIC Fast-charge constant cur
#1199825 06.07.2026 12:22:47 : EVT PMIC : PMIC Fast-charge constant cur
#1199826 06.07.2026 12:22:47 : EVT PMIC : PMIC Fast-charge constant cur
#1199827 06.07.2026 12:22:47 : EVT PMIC : PMIC Fast-charge constant cur
#1199828 06.07.2026 12:22:47 : EVT PMIC : PMIC Fast-charge constant cur
#1199829 06.07.2026 12:22:47 : EVT PMIC : PMIC Fast-charge constant cur
#1199830 06.07.2026 12:22:47 : EVT PMIC : PMIC Fast-charge constant cur
#1199831 06.07.2026 12:22:47 : EVT ANALYTICS : Sync start
#1199832 06.07.2026 12:22:47 : EVT PMIC : PMIC Fast-charge constant cur
#1199833 06.07.2026 12:22:47 : EVT PMIC : PMIC Fast-charge constant cur
#1199834 06.07.2026 12:22:47 : EVT PMIC : PMIC Fast-charge constant cur
#1199835 06.07.2026 12:22:47 : EVT PMIC : PMIC Fast-charge constant cur
#1199836 06.07.2026 12:22:47 : EVT PMIC : PMIC Fast-charge constant cur
#1199837 06.07.2026 12:22:47 : EVT PMIC : PMIC Fast-charge constant cur
#1199838 06.07.2026 12:22:47 : EVT PMIC : PMIC Fast-charge constant cur
#1199839 06.07.2026 12:22:47 : EVT PMIC : PMIC Fast-charge constant cur
#1199840 06.07.2026 12:22:47 : EVT PMIC : PMIC Precharge
#1199841 06.07.2026 12:22:47 : EVT PMIC : PMIC Fast-charge constant cur
#1199842 06.07.2026 12:22:47 : EVT PMIC : PMIC Precharge
#1199843 06.07.2026 12:22:47 : EVT PMIC : PMIC Fast-charge constant cur
#1199844 06.07.2026 12:22:47 : EVT PMIC : PMIC Fast-charge constant cur
#1199845 06.07.2026 12:22:47 : EVT PMIC : PMIC Precharge
#1199846 06.07.2026 12:22:47 : EVT PMIC : PMIC Fast-charge constant cur
#1199847 06.07.2026 12:22:47 : EVT ANALYTICS : Sync start
#1199848 06.07.2026 12:22:47 : EVT PMIC : PMIC Fast-charge constant cur
#1199849 06.07.2026 12:22:47 : EVT PMIC : PMIC Fast-charge constant cur
#1199850 06.07.2026 12:22:47 : EVT PMIC : PMIC Fast-charge constant cur
#1199851 06.07.2026 12:22:47 : EVT PMIC : PMIC Fast-charge constant cur
#1199852 06.07.2026 12:22:48 : EVT PMIC : PMIC Fast-charge constant cur
#1199853 06.07.2026 12:22:48 : EVT PMIC : PMIC Fast-charge constant cur
#1199854 06.07.2026 12:22:48 : EVT PMIC : PMIC Fast-charge constant cur
#1199855 06.07.2026 12:22:48 : EVT PMIC : PMIC Maintain charge
#1199856 06.07.2026 12:22:48 : EVT PMIC : PMIC Fast-charge constant cur
#1199857 06.07.2026 12:22:48 : EVT PMIC : PMIC Precharge
#1199858 06.07.2026 12:22:48 : EVT PMIC : PMIC Fast-charge constant cur
#1199859 06.07.2026 12:22:48 : EVT PMIC : PMIC Precharge
#1199860 06.07.2026 12:22:48 : EVT PMIC : PMIC Fast-charge constant cur
#1199861 06.07.2026 12:22:48 : EVT PMIC : PMIC Fast-charge constant cur
#1199862 06.07.2026 12:22:48 : EVT PMIC : PMIC Maintain charge
#1199863 06.07.2026 12:22:53 : EVT <Unknown> : DL Region List
#1199864 06.07.2026 12:22:53 : EVT WIFI : Pwr up
#1199865 06.07.2026 12:23:00 : EVT WIFI : pwr up
#1199866 06.07.2026 12:23:00 : EVT WIFI : SDK Ver(3.2.8.1)
#1199867 06.07.2026 12:23:00 : EVT WIFI : Scann APs (1/3)
#1199868 06.07.2026 12:23:00 : EVT PMIC : PMIC Fast-charge constant cur
#1199869 06.07.2026 12:23:00 : EVT PMIC : PMIC Fast-charge constant cur
#1199870 06.07.2026 12:23:00 : EVT PMIC : PMIC Fast-charge constant cur
#1199871 06.07.2026 12:23:01 : EVT WIFI : APs scanned:11
#1199872 06.07.2026 12:23:01 : WRN WIFI : No APs matched to connect
#1199873 06.07.2026 12:23:01 : EVT WIFI : Scann APs (2/3)
#1199874 06.07.2026 12:23:01 : EVT PMIC : PMIC Fast-charge constant cur
#1199875 06.07.2026 12:23:01 : EVT PMIC : PMIC Fast-charge constant cur
#1199876 06.07.2026 12:23:01 : EVT PMIC : PMIC Fast-charge constant cur
#1199877 06.07.2026 12:23:01 : EVT PMIC : PMIC Fast-charge constant cur
#1199878 06.07.2026 12:23:01 : EVT PMIC : PMIC Fast-charge constant cur
#1199879 06.07.2026 12:23:01 : EVT PMIC : PMIC Fast-charge constant cur
#1199880 06.07.2026 12:23:02 : EVT PMIC : PMIC Fast-charge constant cur
#1199881 06.07.2026 12:23:02 : EVT PMIC : PMIC Fast-charge constant cur
#1199882 06.07.2026 12:23:02 : EVT PMIC : PMIC Fast-charge constant cur
#1199883 06.07.2026 12:23:02 : EVT WIFI : APs scanned:13
#1199884 06.07.2026 12:23:02 : WRN WIFI : No APs matched to connect
#1199885 06.07.2026 12:23:02 : EVT WIFI : Scann APs (3/3)
#1199886 06.07.2026 12:23:02 : EVT PMIC : PMIC Fast-charge constant cur
#1199887 06.07.2026 12:23:02 : EVT PMIC : PMIC Fast-charge constant cur
#1199888 06.07.2026 12:23:02 : EVT PMIC : PMIC Fast-charge constant cur
#1199889 06.07.2026 12:23:02 : EVT PMIC : PMIC Maintain charge
#1199890 06.07.2026 12:23:02 : EVT PMIC : PMIC Fast-charge constant cur
#1199891 06.07.2026 12:23:02 : EVT PMIC : PMIC Fast-charge constant cur
#1199892 06.07.2026 12:23:02 : EVT WIFI : APs scanned:14
#1199893 06.07.2026 12:23:02 : WRN WIFI : No APs matched to connect
#1199894 06.07.2026 12:23:02 : EVT WIFI : Internal connect ret:103
#1199895 06.07.2026 12:23:02 : ERR <Unknown> : DL GET resultCode=500
#1199896 06.07.2026 12:23:02 : EVT <Unknown> : DL try retry after 640000 ms
#1199897 06.07.2026 12:23:04 : EVT PMIC : PMIC Maintain charge
#1199898 06.07.2026 12:23:15 : EVT WIFI : Pwr down idle wifi (TO:13se)
#1199899 06.07.2026 12:23:15 : EVT WIFI : pwr down OK
#1199900 06.07.2026 12:27:39 : TRC APPLICATION : The zapp watch face was closed due to TO
#1199901 06.07.2026 12:29:40 : TRC FUEL_GAUGE : batFgLevel cur:100%, prev:99%
#1199902 06.07.2026 12:29:42 : EVT PMIC : PMIC Fast-charge constant cur
#1199903 06.07.2026 12:29:43 : EVT PMIC : PMIC temp zone:0x7
#1199904 06.07.2026 12:29:43 : EVT PMIC : VBUS state is OFF
#1199905 06.07.2026 12:29:43 : EVT PMIC : Turn charge OFF since VBUS->OFF
#1199906 06.07.2026 12:29:43 : EVT WBCOMM : Route lost: ECSD00000000
#1199907 06.07.2026 12:29:43 : TRC FUEL_GAUGE : Chg->0,B:5,C:30.3,V:4440,U:0,bF:100%,bC:100%
#1199908 06.07.2026 12:29:43 : EVT OHR : VBUS off
#1199909 06.07.2026 12:29:43 : EVT OHR : S:ON 0->1
#1199910 06.07.2026 12:29:43 : EVT ANALYTICS : Battery-> 1 soc:100
#1199911 06.07.2026 12:29:43 : EVT OHR : APPINIT:caps 0x1f4, 6b738616
#1199912 06.07.2026 12:29:43 : EVT <Unknown> : 1783333783733:AI@1783333783710, tz120
#1199913 06.07.2026 12:29:43 : EVT OHR : S:start 0x2123
#1199914 06.07.2026 12:29:43 : EVT <Unknown> : 1783333783739:Meas start 0x2123
#1199915 06.07.2026 12:29:44 : EVT <Unknown> : 1783333783753:PD1464, 0
#1199916 06.07.2026 12:29:44 : EVT <Unknown> : 1783333783817:GMV 20251126/1/4/0/395/46
#1199917 06.07.2026 12:29:44 : EVT <Unknown> : 1783333784071:Mi1.6.10, auth 0, hr_mode 0
#1199918 06.07.2026 12:29:44 : EVT <Unknown> : 1783333784322:On Skin Set.
#1199919 06.07.2026 12:29:48 : ERR <Unknown> : 1783333788337:Mi invalid call:100,code:0.
#1199920 06.07.2026 12:29:59 : EVT OHR : new HR update
#1199921 06.07.2026 12:30:00 : ERR WBMAIN : *0: app 570 Event 24 80892700
#1199922 06.07.2026 12:30:00 : ERR WBMAIN : 1: mea 0 Event 3 80891701
#1199923 06.07.2026 12:30:00 : ERR WBMAIN : 2: ui 23 Wait 0 00000000
#1199924 06.07.2026 12:30:04 : EVT OHR : No HR update, invalidate by timer
#1199925 06.07.2026 12:30:05 : EVT OHR : new HR update
#1199926 06.07.2026 12:30:22 : EVT <Unknown> : 1783333822363:SCD DET STATE ON.
#1199927 06.07.2026 12:30:23 : EVT OHR : No HR update, invalidate by timer
#1199928 06.07.2026 12:30:24 : EVT OHR : new HR update
#1199929 06.07.2026 12:30:33 : EVT OHR : No HR update, invalidate by timer
#1199930 06.07.2026 12:30:35 : EVT OHR : new HR update
#1199931 06.07.2026 12:30:43 : EVT APPLICATION : Zapp zwc05901:Load script
#1199932 06.07.2026 12:30:43 : EVT APPLICATION : Zapp zwc05901:Enable
#1199933 06.07.2026 12:30:43 : EVT ANALYTICS : Zapp enabled i:3 h:ddb248f2 n:zwc05901 v:124f
#1199934 06.07.2026 12:37:43 : WRN WBAPI : eID-691468(277): /Weather/Current/ValidWeatherData.temp 
#1199935 06.07.2026 12:37:54 : EVT WBSTORAGE : CACHE_DEFRAG (800->808, 24->24, 25)
#1199936 06.07.2026 12:37:55 : EVT WBSTORAGE : CACHE_DEFRAG (760->800, 24->24, 25)
#1199937 06.07.2026 12:37:55 : EVT WBSTORAGE : CACHE_DEFRAG (776->784, 24->24, 25)
#1199938 06.07.2026 12:37:55 : EVT WBSTORAGE : CACHE_DEFRAG (768->848, 24->24, 25)
#1199939 06.07.2026 12:37:55 : TRC NAVIGATION : CG: no climb WP
#1199940 06.07.2026 12:37:55 : TRC NAVIGATION : CG:init ZoomType=0
#1199941 06.07.2026 12:37:55 : EVT NAVIGATION : initSeg Idx=0 D=1 T=0 3-0-4
#1199942 06.07.2026 12:37:55 : EVT WBSTORAGE : CACHE_DEFRAG (768->928, 24->24, 25)
#1199943 06.07.2026 12:37:55 : EVT ALTIFUSION : AltiBaroMode:0
#1199944 06.07.2026 12:37:55 : EVT APPLICATION : Zapp zwc05901:Disable
#1199945 06.07.2026 12:37:55 : EVT ANALYTICS : Zapp disabled i:3 h:ddb248f2 n:Vector classic
#1199946 06.07.2026 12:37:55 : EVT ANALYTICS : SleepQ:Tracking:On
#1199947 06.07.2026 12:37:55 : EVT ALTIFUSION : AltiBaroMode:0
#1199948 06.07.2026 12:37:55 : EVT UI_FRAMEWORK : JS nsto enable zapp: zzwethen
#1199949 06.07.2026 12:37:55 : EVT UI_FRAMEWORK : JS nsto enable zapp: zzmoveen
#1199950 06.07.2026 12:37:55 : EVT UI_FRAMEWORK : JS nsto enable zapp: climbl01
#1199951 06.07.2026 12:37:55 : EVT APPLICATION : Zapp zzwethen:Load script
#1199952 06.07.2026 12:37:55 : EVT APPLICATION : Zapp zzwethen:Enable
#1199953 06.07.2026 12:37:55 : EVT ANALYTICS : Zapp enabled i:8 h:3f77f8ec n:zzwethen v:ade
#1199954 06.07.2026 12:37:55 : EVT APPLICATION : Zapp clid:32878
#1199955 06.07.2026 12:37:55 : EVT APPLICATION : Zapp zzmoveen:Load script
#1199956 06.07.2026 12:37:56 : EVT APPLICATION : Zapp zzmoveen:Enable
#1199957 06.07.2026 12:37:56 : EVT ANALYTICS : Zapp enabled i:6 h:7aac0887 n:zzmoveen v:8e0
#1199958 06.07.2026 12:37:56 : EVT UI_FRAMEWORK : evalFile: b:/zapp/zzmoveen.fea/ext1.js from ui
#1199959 06.07.2026 12:37:56 : EVT APPLICATION : Zapp clid:32879
#1199960 06.07.2026 12:37:56 : EVT APPLICATION : Zapp climbl01:Load script
#1199961 06.07.2026 12:37:56 : EVT APPLICATION : Zapp climbl01:Enable
#1199962 06.07.2026 12:37:56 : EVT ANALYTICS : Zapp enabled i:5 h:a5e7afa5 n:climbl01 v:3.0
#1199963 06.07.2026 12:37:56 : EVT APPLICATION : Zapp clid:32880
#1199964 06.07.2026 12:37:56 : ERR WBMAIN : *0: app 636 Event 37 80995318
#1199965 06.07.2026 12:37:56 : ERR WBMAIN : 1: mea 20 Wait 0 00000000
#1199966 06.07.2026 12:37:56 : ERR WBMAIN : 2: ui 31 Wait 0 00000000
#1199967 06.07.2026 12:37:56 : EVT UI_FRAMEWORK : JS nsto all zapps enabled.
#1199968 06.07.2026 12:37:56 : EVT UI_FRAMEWORK : JS Prestart Activity Id: 16.000
#1199969 06.07.2026 12:37:56 : WRN WBAPI : eID-691468(277): /Dive/Alarms/Acknowledge 404
#1199970 06.07.2026 12:37:56 : WRN WBAPI : eID-691468(277): /Dive/DiveGases 404
#1199971 06.07.2026 12:37:56 : WRN WBAPI : eID-691468(277): /Dive/Gauge/Next 404
#1199972 06.07.2026 12:37:56 : EVT WBSTORAGE : CACHE_DEFRAG (904->912, 24->24, 25)
#1199973 06.07.2026 12:37:56 : EVT WBSTORAGE : CACHE_DEFRAG (840->848, 24->24, 25)
#1199974 06.07.2026 12:37:56 : EVT WBSTORAGE : CACHE_DEFRAG (776->784, 24->24, 25)
#1199975 06.07.2026 12:37:56 : EVT BLE : BLE Sensor Link 4800180D Conn (--E-:00:1)
#1199976 06.07.2026 12:37:56 : WRN BLE : sendConnect 6157
#1199977 06.07.2026 12:37:57 : WRN WBAPI : eID-691468(277): /Dive/TankPressure/Alarm/Count 404
#1199978 06.07.2026 12:37:57 : EVT SPEEDFUSION : INFO # start speed fusion
#1199979 06.07.2026 12:37:57 : EVT SPEEDFUSION : Act:16,Acc:0,BPod:0,FPod:0,PPod:0,BeltPod:1
#1199980 06.07.2026 12:37:57 : EVT SPEEDFUSION : INFO # Start algo without wrist acc
#1199981 06.07.2026 12:37:57 : EVT <Unknown> : Update pres sampl intrvl:1
#1199982 06.07.2026 12:37:57 : EVT OHR : S:start 0x21a3
#1199983 06.07.2026 12:37:57 : EVT UI_FRAMEWORK : evalFile: b:/zapp/climbl01.fea/ext12.js from ui
#1199984 06.07.2026 12:37:58 : EVT <Unknown> : 1783334277423:Meas start 0x21a3
#1199985 06.07.2026 12:37:59 : EVT TRAININGLAB : TLab:~Mode T 12809 + 448 A 3600 + 150
#1199986 06.07.2026 12:37:59 : EVT TRAININGLAB : TLab:Change mode 2->3
#1199987 06.07.2026 12:37:59 : WRN WBAPI : eID-691468(277): /Dive/Alarms/Acknowledge 404
#1199988 06.07.2026 12:37:59 : EVT TRAININGLAB : TLab:Mode::userInfo 60, 200, 1, 37, 182, 950, 1990
#1199989 06.07.2026 12:37:59 : WRN WBAPI : eID-691468(277): /Dive/DiveGases 404
#1199990 06.07.2026 12:37:59 : WRN WBAPI : eID-691468(277): /Dive/Gauge/Next 404
#1199991 06.07.2026 12:37:59 : EVT LOGGER : Log space:30542826 bytes free
#1199992 06.07.2026 12:37:59 : EVT TRAININGLAB : ModeUnsub:2800
#1199993 06.07.2026 12:37:59 : EVT TRAININGLAB : ModeSub:9004
#1199994 06.07.2026 12:37:59 : EVT TRAININGLAB : TLab:Select input 0
#1199995 06.07.2026 12:37:59 : EVT TRAININGLAB : TLab:Active input 0
#1199996 06.07.2026 12:37:59 : EVT LOGGER : Exercise started
#1199997 06.07.2026 12:37:59 : EVT BLE : HR RR on (120918809)
#1199998 06.07.2026 12:37:59 : TRC GPS : Full GNSS data subd l:0 c:802b0000
#1199999 06.07.2026 12:38:01 : EVT ANALYTICS : Battery-> 3 soc:100
#1200000 06.07.2026 12:38:01 : EVT ANALYTICS : #FusHr src:0 time:0
#1200001 06.07.2026 12:38:01 : EVT ANALYTICS : #Act id:16
#1200002 06.07.2026 12:38:01 : EVT ANALYTICS : #powersave mode:p temp:29.9
#1200003 06.07.2026 12:38:01 : EVT ANALYTICS : GPSMODE:NOTUSED
#1200004 06.07.2026 12:38:01 : EVT ANALYTICS : #gnss d:2026-07-06T00:00:00Z
#1200005 06.07.2026 12:38:01 : EVT ANALYTICS : #zapp n:Weather e:1
#1200006 06.07.2026 12:38:01 : EVT ANALYTICS : #zapp n:Movement e:1
#1200007 06.07.2026 12:38:01 : EVT ANALYTICS : #zapp n:Climb Log e:1
#1200008 06.07.2026 12:38:06 : EVT BLE : lt,scan 1
#1200009 06.07.2026 12:38:06 : WRN BLE : sendDisconnect 6157
#1200010 06.07.2026 12:38:07 : ERR BLE : [AURA]No filters left, stopping scan
#1200011 06.07.2026 12:38:07 : ERR BLE : [AURA]Filter with handle 72 not found
#1200012 06.07.2026 12:38:07 : EVT BLE : packet 0 sensor found count 1
#1200013 06.07.2026 12:38:07 : EVT BLE : packet 0 sensor found count 2
#1200014 06.07.2026 12:38:07 : EVT ANALYTICS : #FusHr src:2 time:10331
#1200015 06.07.2026 12:38:07 : EVT TRAININGLAB : Tlab:HR src is 2
#1200016 06.07.2026 12:38:07 : EVT ANALYTICS : #FusHr src:2 time:0
#1200017 06.07.2026 12:38:07 : EVT TRAININGLAB : TLab:Active input 1
#1200018 06.07.2026 12:38:07 : EVT ANALYTICS : #ws AID:16 BM:1 NS:0 SP:3 ZN:0 TG:0 BL:0 GPS:0
#1200019 06.07.2026 12:38:07 : EVT ANALYTICS : #2ws AID:16 WHR:1 INT:0 AL:0 AP:0 FE:1 MC:1 TH:0
#1200020 06.07.2026 12:38:41 : EVT EXT_FLASH : ExtFID 0xc2,0x25,0x39
#1200021 06.07.2026 12:38:41 : TRC APPLICATION : Start wuiapp 2.53.42 in mode 5 (asked 5 (5h))
#1200022 06.07.2026 12:38:41 : TRC APPLICATION : HwVersion: 1424B3
#1200023 06.07.2026 12:38:41 : TRC APPLICATION : BID: 8585924/09b8e246
#1200024 06.07.2026 12:38:41 : EVT ANALYTICS : #start bl:00000000 c:0001d880 r:0001 s:00
#1200025 06.07.2026 12:38:41 : TRC FUEL_GAUGE : Initial batt voltage: 4414.062500 mV
#1200026 06.07.2026 12:38:41 : EVT FWUPDATE : onInputEvent 1
#1200027 06.07.2026 12:38:41 : EVT FILESYSTEM : Storage:init HccFat
#1200028 06.07.2026 12:38:41 : TRC FILESYSTEM : HCC Malloc:6304
#1200029 06.07.2026 12:38:41 : TRC FILESYSTEM : HCC init 7 cache
#1200030 06.07.2026 12:38:41 : TRC FILESYSTEM : HCC logblock daemon Init
#1200031 06.07.2026 12:38:41 : EVT FILESYSTEM : Ena eMMC vol (init)
#1200032 06.07.2026 12:38:41 : EVT FILESYSTEM : maxfh:1 30 1 c:volume0.inf
#1200033 06.07.2026 12:38:42 : EVT FILESYSTEM : maxfh:2 81 1 c:volume0.inf
#1200034 06.07.2026 12:38:42 : TRC FWUPDATE : FSS crc:4085972702[ok] sta:0 sec:65535 reb:0
#1200035 06.07.2026 12:38:42 : TRC FWUPDATE : FSS cu:8b67dbcf se:8b67dbcf in:4
#1200036 06.07.2026 12:38:46 : EVT POWER_STATE : HistoryStorage Construction
#1200037 06.07.2026 12:38:46 : TRC MAPS : Wait for req
#1200038 06.07.2026 12:38:46 : EVT <Unknown> : EXT_RTC correction 1783334326->1783334327
#1200039 06.07.2026 12:38:48 : EVT WBSTORAGE : PRELOAD_DONE Cache free:idx:20 mem:1336B
#1200040 06.07.2026 12:38:48 : EVT PRESSURE : ALPS HSPPAD143 pres sensor found
#1200041 06.07.2026 12:38:48 : EVT PRESSURE : PressCalib:Checksum not valid
#1200042 06.07.2026 12:38:48 : EVT PRESSURE : PressCalib read OK:-1.551000
#1200043 06.07.2026 12:38:48 : TRC PRESSURE : Sensor ALPS HSPPAD143 detected
#1200044 06.07.2026 12:38:48 : EVT WR_MAGN : TLI493D-W2BW HW-revision:0x9 (type 0x0)
#1200045 06.07.2026 12:38:49 : EVT PMIC : VBUS state is OFF
#1200046 06.07.2026 12:38:49 : EVT PMIC : chgCntl1:0x70
#1200047 06.07.2026 12:38:49 : EVT PMIC : check chgCntl1:0x74
#1200048 06.07.2026 12:38:49 : ERR WBMAIN : 0: app 679 Wait 0 00000000
#1200049 06.07.2026 12:38:49 : ERR WBMAIN : *1: mea 733 DPC 12 00457803
#1200050 06.07.2026 12:38:49 : ERR WBMAIN : 2: ui 7351 Wait 0 00000000
#1200051 06.07.2026 12:38:49 : EVT PMIC : PMIC temp zone:0x7
#1200052 06.07.2026 12:38:50 : EVT FUEL_GAUGE : init, force:0
#1200053 06.07.2026 12:38:50 : EVT FUEL_GAUGE : check:1 lrn_tempco reg:0x5d75, store:0x5d75 mode:0x5d75
#1200054 06.07.2026 12:38:50 : EVT OHR : SCD 1, SCDL 0, SPO2 0, HR 0, RR 0, GM 0, SRBT 0
#1200055 06.07.2026 12:38:50 : EVT OHR : S:ON 0->1
#1200056 06.07.2026 12:38:50 : TRC FUEL_GAUGE : Charging 3 Batt 1->5
#1200057 06.07.2026 12:38:51 : TRC FUEL_GAUGE : batFgLevel cur:100%, prev:75%
#1200058 06.07.2026 12:38:51 : EVT FUEL_GAUGE : Initial batt:4417 mV soc:100 %
#1200059 06.07.2026 12:38:51 : EVT FUEL_GAUGE : Charge 3 Batt 5
#1200060 06.07.2026 12:38:51 : TRC FUEL_GAUGE : Batt: 4417 mV (raw: 4417) soc: 100 %, T: 30.2 C,H:102
#1200061 06.07.2026 12:38:51 : TRC GPS : Power enabled
#1200062 06.07.2026 12:38:52 : TRC TOUCH : get ic info, chip id = 0x2390
#1200063 06.07.2026 12:38:52 : WRN OHR : Module test not passed (0x08)
#1200064 06.07.2026 12:38:52 : EVT OHR : APPINIT:caps 0x1f4, 6b738616
#1200065 06.07.2026 12:38:52 : EVT <Unknown> : 1783334332841:AI@1783334332570, tz120
#1200066 06.07.2026 12:38:52 : EVT OHR : APP:0.9.82 BSL:0.1.4
#1200067 06.07.2026 12:38:52 : EVT OHR : S:OFF 1->0
#1200068 06.07.2026 12:38:52 : TRC GPS : Stat report:1
#1200069 06.07.2026 12:38:52 : TRC GPS : @VER
#1200070 06.07.2026 12:38:52 : TRC GPS : Ver:v00.204
#1200071 06.07.2026 12:38:52 : TRC GPS : @CEPA
#1200072 06.07.2026 12:38:52 : TRC GPS : LLE GP:0607 QZ:0607 GL:0607 GA:0607 BE:0607
#1200073 06.07.2026 12:38:52 : TRC GPS : Power disabled
#1200074 06.07.2026 12:38:53 : EVT ALTIFUSION : Init AltiBaro
#1200075 06.07.2026 12:38:53 : EVT TRAININGLAB : TLab:Change mode 0->0
#1200076 06.07.2026 12:38:53 : WRN LOGGER : Rm 6a4b8587 duration 0
#1200077 06.07.2026 12:38:53 : EVT FILESYSTEM : maxfh:3 8e2 4 b:logs/6A4B8587/value.hsr
#1200078 06.07.2026 12:38:53 : WRN LOGGER : dropped incomplete 18-chunk 2/5 B
#1200079 06.07.2026 12:38:53 : WRN LOGGER : Rec ac id 16
#1200080 06.07.2026 12:38:53 : WRN LOGGER : Recovered 6a4b8587
#1200081 06.07.2026 12:38:53 : EVT WBSTORAGE : CACHE_DEFRAG (144->544, 7->7, 25)
#1200082 06.07.2026 12:38:53 : TRC MAPS : UIResourceLoader::initModule()
#1200083 06.07.2026 12:38:53 : EVT GOMORE : GoMore Update User Info
#1200084 06.07.2026 12:38:53 : EVT GOMORE : AuthSdk Code:0
#1200085 06.07.2026 12:38:53 : EVT TRAININGZONE : Init done
#1200086 06.07.2026 12:38:53 : EVT GPS : LocationProviderImpl:sub Passive
#1200087 06.07.2026 12:38:53 : TRC GPS : Full GNSS data subd l:0 c:80160010
#1200088 06.07.2026 12:38:54 : EVT WBSTORAGE : CACHE_DEFRAG (0->1184, 20->20, 25)
#1200089 06.07.2026 12:38:54 : WRN WBAPI : eID-69b7b8(99/19200): 403
#1200090 06.07.2026 12:38:54 : EVT WBSTORAGE : CACHE_DEFRAG (1128->1136, 24->24, 25)
#1200091 06.07.2026 12:38:54 : EVT WBSTORAGE : CACHE_DEFRAG (1064->1072, 24->24, 25)
#1200092 06.07.2026 12:38:54 : TRC NAVIGATION : CG: no climb WP
#1200093 06.07.2026 12:38:54 : TRC NAVIGATION : CG:init ZoomType=0
#1200094 06.07.2026 12:38:54 : EVT NAVIGATION : initSeg Idx=0 D=1 T=0 3-0-4
#1200095 06.07.2026 12:38:54 : WRN WBAPI : eID-6952d0(99/773): 403
#1200096 06.07.2026 12:38:54 : EVT WBSTORAGE : CACHE_DEFRAG (760->784, 24->24, 25)
#1200097 06.07.2026 12:38:54 : EVT <Unknown> : init, c 0 0 0
#1200098 06.07.2026 12:38:54 : EVT WBSTORAGE : CACHE_DEFRAG (696->720, 24->24, 25)
#1200099 06.07.2026 12:38:54 : EVT WBSTORAGE : CACHE_DEFRAG (408->416, 24->24, 25)
#1200100 06.07.2026 12:38:54 : EVT OHR : Found CP file 204
#1200101 06.07.2026 12:38:54 : EVT GOMORE : PD-f OK, sz 1464, H 0x0
#1200102 06.07.2026 12:38:55 : EVT GPS : GpsTimeSynchronizer:sub Best
#1200103 06.07.2026 12:38:55 : TRC GPS : Basic GNSS data subd l:15 c:80460010
#1200104 06.07.2026 12:38:55 : TRC GPS : Power enabled
#1200105 06.07.2026 12:38:55 : EVT ANALYTICS : SleepQ:Tracking:On
#1200106 06.07.2026 12:38:55 : EVT SLEEP : Discard possible sleep
#1200107 06.07.2026 12:38:55 : EVT SLEEP : No sleep ongoing, ineffective discard call
#1200108 06.07.2026 12:38:56 : EVT FILESYSTEM : maxfh:4 1253 1 sleepln/sstages.bin
#1200109 06.07.2026 12:38:56 : EVT SLEEP : GMSLEEP:Last stg 2 dur 1200 start at 1783314600000
#1200110 06.07.2026 12:38:56 : TRC GPS : Stat report:1
#1200111 06.07.2026 12:38:56 : TRC GPS : GNS setting 0x1fcb
#1200112 06.07.2026 12:38:56 : TRC GPS : @GSR
#1200113 06.07.2026 12:38:57 : TRC GPS : Done:GSR
#1200114 06.07.2026 12:38:57 : EVT TRAININGLAB : TLab:Change mode 0->2
#1200115 06.07.2026 12:38:57 : EVT TRAININGLAB : TLab:Mode::userInfo 60, 200, 1, 37, 182, 950, 1990
#1200116 06.07.2026 12:38:57 : EVT TRAININGLAB : ModeUnsub:0000
#1200117 06.07.2026 12:38:57 : EVT TRAININGLAB : ModeSub:0400
#1200118 06.07.2026 12:38:57 : EVT OHR : S:ON 0->1
#1200119 06.07.2026 12:38:57 : EVT TRAININGLAB : Stress enabled
#1200120 06.07.2026 12:38:57 : TRC APPLICATION : 247: Day 0 1783288800 816
#1200121 06.07.2026 12:38:57 : TRC APPLICATION : 247: Day 1 1783202400 7348
#1200122 06.07.2026 12:38:57 : TRC APPLICATION : 247: Day 2 1783116000 800
#1200123 06.07.2026 12:38:57 : TRC APPLICATION : 247: Day 3 1783029600 2293
#1200124 06.07.2026 12:38:57 : TRC APPLICATION : 247: Day 4 1782943200 1279
#1200125 06.07.2026 12:38:57 : TRC APPLICATION : 247: Day 5 1782856800 0
#1200126 06.07.2026 12:38:57 : TRC APPLICATION : 247: Day 6 1782770400 0
#1200127 06.07.2026 12:38:57 : TRC APPLICATION : 247: Restore counters
#1200128 06.07.2026 12:38:57 : EVT NFC : Init NFC card enabled: 0
#1200129 06.07.2026 12:38:57 : EVT APPLICATION : ExGui clid:805d
#1200130 06.07.2026 12:38:57 : EVT OHR : APPINIT:caps 0x1f4, 6b738616
#1200131 06.07.2026 12:38:57 : EVT <Unknown> : 1783334337644:AI@1783334337620, tz120
#1200132 06.07.2026 12:38:57 : EVT OHR : S:start 0x2123
#1200133 06.07.2026 12:38:58 : EVT <Unknown> : 1783334337705:Meas start 0x2123
#1200134 06.07.2026 12:38:58 : EVT <Unknown> : 1783334337733:PD1464, 0
#1200135 06.07.2026 12:38:58 : EVT <Unknown> : 1783334338028:Mi1.6.10, auth 0, hr_mode 0
#1200136 06.07.2026 12:38:58 : EVT APPLICATION : Int clid:8068
#1200137 06.07.2026 12:38:58 : EVT ANALYTICS : analytics enabled!
#1200138 06.07.2026 12:38:58 : TRC FUEL_GAUGE : Chg->0,B:5,C:-12.7,V:4417,U:0,bF:100%,bC:100%
#1200139 06.07.2026 12:38:58 : EVT ANALYTICS : Battery-> 0 soc:0
#1200140 06.07.2026 12:38:58 : WRN BLE : BLE Link 4D00F000 Disc (--E-:00:0)
#1200141 06.07.2026 12:38:58 : EVT WBSTORAGE : CACHE_DEFRAG (384->400, 24->24, 25)
#1200142 06.07.2026 12:38:58 : EVT APPLICATION : Zapp prv clid:32876
#1200143 06.07.2026 12:38:58 : EVT APPLICATION : Zapp Eng clid:32877
#1200144 06.07.2026 12:38:58 : EVT APPLICATION : Guide clid:32883
#1200145 06.07.2026 12:38:58 : EVT <Unknown> : 1783334338280:On Skin Set.
#1200146 06.07.2026 12:38:58 : TRC MAPS : UIResourceLoader::startModule()
#1200147 06.07.2026 12:38:58 : WRN WBAPI : eID-6977d0(396/33304): 429
#1200148 06.07.2026 12:38:58 : EVT WBSTORAGE : CACHE_DEFRAG (336->344, 24->24, 25)
#1200149 06.07.2026 12:38:58 : EVT WBSTORAGE : CACHE_DEFRAG (232->304, 24->24, 25)
#1200150 06.07.2026 12:38:58 : EVT WEATHER : t:495369, d:1
#1200151 06.07.2026 12:38:59 : EVT ANALYTICS : Weather sync ok d:0 f:0
#1200152 06.07.2026 12:38:59 : EVT WEATHER : t:495369, d:1
#1200153 06.07.2026 12:38:59 : EVT ANALYTICS : synced city:Zollikon
#1200154 06.07.2026 12:38:59 : WRN POWER_STATE : rewr:0 fbf:0 ii:13661 cmss:524292 cin:16384
#1200155 06.07.2026 12:38:59 : EVT OHR : S:start 0x2123
#1200156 06.07.2026 12:38:59 : EVT WBSTORAGE : CACHE_DEFRAG (192->448, 24->24, 25)
#1200157 06.07.2026 12:38:59 : EVT WBSTORAGE : CACHE_DEFRAG (400->408, 24->24, 25)
#1200158 06.07.2026 12:38:59 : EVT WBSTORAGE : CACHE_DEFRAG (344->352, 24->24, 25)
#1200159 06.07.2026 12:38:59 : EVT WBSTORAGE : CACHE_DEFRAG (296->376, 24->24, 25)
#1200160 06.07.2026 12:38:59 : EVT WBSTORAGE : CACHE_DEFRAG (360->368, 24->24, 25)
#1200161 06.07.2026 12:38:59 : EVT WBSTORAGE : CACHE_DEFRAG (344->360, 24->24, 25)
#1200162 06.07.2026 12:38:59 : EVT <Unknown> : Off-wrist det:on
#1200163 06.07.2026 12:38:59 : WRN WBAPI : eID-6935e8(99/42169): 403
#1200164 06.07.2026 12:38:59 : WRN WBAPI : eID-693fd4(99/48128): 403
#1200165 06.07.2026 12:38:59 : EVT <Unknown> : Update pres sampl intrvl:1
#1200166 06.07.2026 12:38:59 : EVT ANALYTICS : #heap h:10688 l:10640
#1200167 06.07.2026 12:38:59 : EVT ALTIFUSION : AltiBaroMode:2
#1200168 06.07.2026 12:38:59 : EVT <Unknown> : 1783334339082:Meas start 0x2123
#1200169 06.07.2026 12:39:00 : WRN WBAPI : eID-691468(277): /Dive/DesaturationTimes 404
#1200170 06.07.2026 12:39:00 : WRN WBAPI : eID-691468(277): /Dive/Statistics/ScubaSurfaceTime 404
#1200171 06.07.2026 12:39:00 : ERR WBMAIN : *0: app 1291 Event 7 8042037d
#1200172 06.07.2026 12:39:00 : ERR WBMAIN : 1: mea 227 Wait 0 00000000
#1200173 06.07.2026 12:39:00 : ERR WBMAIN : 2: ui 1295 DPC 1 004b17f1
#1200174 06.07.2026 12:39:00 : EVT ALTIFUSION : AltiBaroMode:2
#1200175 06.07.2026 12:39:00 : EVT SPEEDFUSION : INFO # IDLE mode(-1) set
#1200176 06.07.2026 12:39:01 : EVT UI_FRAMEWORK : UI cache reset
#1200177 06.07.2026 12:39:02 : ERR WBMAIN : 0: app 1113 Wait 0 00000000
#1200178 06.07.2026 12:39:02 : ERR WBMAIN : 1: mea 62 Wait 0 00000000
#1200179 06.07.2026 12:39:02 : ERR WBMAIN : *2: ui 2432 DPC 1 004b17f1
#1200180 06.07.2026 12:39:02 : EVT OHR : MI CpData OK
#1200181 06.07.2026 12:39:02 : EVT BLE : PT 2 items loaded
#1200182 06.07.2026 12:39:02 : EVT ANALYTICS : Battery-> 1 soc:100
#1200183 06.07.2026 12:39:02 : EVT OHR : No HR update, invalidate by timer
#1200184 06.07.2026 12:39:02 : EVT UI_FRAMEWORK : JS Widgets: kept=20 added=0
#1200185 06.07.2026 12:39:02 : EVT BRIGHTNESS : Custom state pwr:[3,-1] bri:[1.00,-1.00]
#1200186 06.07.2026 12:39:03 : ERR <Unknown> : 1783334342715:Mi invalid call:100,code:0.
#1200187 06.07.2026 12:39:03 : EVT <Unknown> : 1783334342774:GMV 20251126/1/4/0/395/46
#1200188 06.07.2026 12:39:03 : EVT APPLICATION : Zapp zwc05901:Load script
#1200189 06.07.2026 12:39:03 : EVT APPLICATION : Zapp zwc05901:Enable
#1200190 06.07.2026 12:39:03 : EVT ANALYTICS : Zapp enabled i:3 h:ddb248f2 n:zwc05901 v:124f
#1200191 06.07.2026 12:39:04 : ERR WBMAIN : *0: app 848 Event 37 80995320
#1200192 06.07.2026 12:39:04 : ERR WBMAIN : 1: mea 39 Wait 0 00000000
#1200193 06.07.2026 12:39:04 : ERR WBMAIN : 2: ui 619 Wait 0 00000000
#1200194 06.07.2026 12:39:04 : EVT UI_FRAMEWORK : JS startup ready
#1200195 06.07.2026 12:39:04 : WRN BLE : BLE_CONTROL:1,0,0
#1200196 06.07.2026 12:39:04 : EVT BLE : State DISABLED->OFF
#1200197 06.07.2026 12:39:04 : EVT BLE : State OFF->START
#1200198 06.07.2026 12:39:04 : EVT BLE : APP 3.0.54/01F7/1.2.10
#1200199 06.07.2026 12:39:04 : EVT BLE : State START->ON
#1200200 06.07.2026 12:39:04 : TRC BLE : BLE Link Restore 4D00F000 (L-Ep:00:0)
#1200201 06.07.2026 12:39:04 : WRN BLE : sendConnect 61440
#1200202 06.07.2026 12:39:04 : EVT ANALYTICS : BLE-COMM SHWM 192 (01)
#1200203 06.07.2026 12:39:05 : EVT BRIGHTNESS : Custom state pwr:[-1,-1] bri:[-1.00,-1.00]
#1200204 06.07.2026 12:39:05 : EVT WBSTORAGE : CACHE_DEFRAG (296->640, 24->24, 25)
#1200205 06.07.2026 12:39:05 : WRN WBAPI : eID-691468(277): /Weather/Current/ValidWeatherData.temp 
#1200206 06.07.2026 12:39:15 : EVT OHR : new HR update
#1200207 06.07.2026 12:39:21 : EVT <Unknown> : Update pres sampl intrvl:5
#1200208 06.07.2026 12:39:34 : EVT <Unknown> : 1783334374693:SCD DET STATE ON.
#1200209 06.07.2026 12:39:44 : EVT GPS : GpsTimeSynchronizer:sub Passive
#1200210 06.07.2026 12:39:44 : TRC GPS : Basic GNSS data subd l:0 c:80460010
#1200211 06.07.2026 12:39:44 : EVT GPS : Timesync:error_ms 592
#1200212 06.07.2026 12:39:44 : EVT GPS : Timesync:sys 1783334384410ms gps 1783334385
#1200213 06.07.2026 12:39:44 : EVT GPS : Timesync:rel 121022739 relgps 121022737
#1200214 06.07.2026 12:39:45 : EVT GPS : Timesync:Dev time updated
#1200215 06.07.2026 12:39:45 : TRC GPS : GnssServiceLevel::PASSIVE
#1200216 06.07.2026 12:39:45 : EVT WBSTORAGE : CACHE_DEFRAG (512->576, 24->24, 25)
#1200217 06.07.2026 12:39:45 : EVT WEATHER : t:495369, d:1
#1200218 06.07.2026 12:39:45 : TRC GPS : @GSTP
#1200219 06.07.2026 12:39:45 : EVT WBSTORAGE : CACHE_DEFRAG (464->520, 24->24, 25)
#1200220 06.07.2026 12:39:45 : EVT <Unknown> : No alarm clock today
#1200221 06.07.2026 12:39:45 : EVT OHR : APPINIT:caps 0x1f4, 6b738616
#1200222 06.07.2026 12:39:45 : EVT <Unknown> : 1783334384738::Dt 262
#1200223 06.07.2026 12:39:47 : TRC GPS : @BUP
#1200224 06.07.2026 12:39:48 : TRC GPS : Done:BUP
#1200225 06.07.2026 12:39:48 : TRC GPS : Power disabled
#1200226 06.07.2026 12:39:51 : TRC FUEL_GAUGE : batFgLevel cur:99%, prev:100%
#1200227 06.07.2026 12:47:00 : TRC FWUPDATE : Uptime 10 min
#1200228 06.07.2026 12:47:00 : EVT FWUPDATE : onInputEvent 4
#1200229 06.07.2026 12:50:00 : ERR WBMAIN : *0: app 589 Event 24 80892700
#1200230 06.07.2026 12:50:00 : ERR WBMAIN : 1: mea 0 Event 3 80891701
#1200231 06.07.2026 12:50:00 : ERR WBMAIN : 2: ui 69 Wait 0 00000000
#1200232 06.07.2026 12:52:07 : EVT ACCELEROMETER : Gyro bias:-0.221900 -0.057400 -0.072100
#1200233 06.07.2026 12:57:19 : EVT <Unknown> : 1783335437869:Off Skin Set.
#1200234 06.07.2026 12:57:23 : EVT OHR : No HR update, invalidate by timer
#1200235 06.07.2026 12:57:26 : EVT <Unknown> : 1783335444998:On Skin Set.
#1200236 06.07.2026 12:57:26 : EVT OHR : new HR update
#1200237 06.07.2026 12:57:32 : EVT <Unknown> : 1783335451070:Off Skin Set.
#1200238 06.07.2026 12:57:36 : EVT OHR : No HR update, invalidate by timer
#1200239 06.07.2026 12:57:37 : EVT PMIC : VBUS state is ON
#1200240 06.07.2026 12:57:37 : EVT PMIC : chgCntl1:0x70
#1200241 06.07.2026 12:57:37 : EVT PMIC : check chgCntl1:0x74
#1200242 06.07.2026 12:57:37 : EVT PMIC : Turn charge ON since VBUS->ON
#1200243 06.07.2026 12:57:37 : EVT PMIC : PMIC temp zone:0x2
#1200244 06.07.2026 12:57:37 : EVT PMIC : PMIC Fast-charge constant cur
#1200245 06.07.2026 12:57:37 : EVT OHR : VBUS on
#1200246 06.07.2026 12:57:37 : EVT OHR : S:stop 23
#1200247 06.07.2026 12:57:37 : EVT <Unknown> : 1783335456855:Meas stop 0x2123
#1200248 06.07.2026 12:57:37 : WRN <Unknown> : 1783335456856:FSM EVT STOP.
#1200249 06.07.2026 12:57:37 : EVT OHR : S:OFF 1->0
#1200250 06.07.2026 12:57:37 : EVT PMIC : VBUS state is ON
#1200251 06.07.2026 12:57:39 : EVT PMIC : PMIC Maintain charge
#1200252 06.07.2026 12:57:39 : EVT PMIC : PMIC temp zone:0x7
#1200253 06.07.2026 12:57:39 : EVT PMIC : VBUS state is OFF
#1200254 06.07.2026 12:57:39 : EVT PMIC : Turn charge OFF since VBUS->OFF
#1200255 06.07.2026 12:57:39 : EVT OHR : VBUS off
#1200256 06.07.2026 12:57:39 : EVT OHR : S:ON 0->1
#1200257 06.07.2026 12:57:39 : EVT OHR : APPINIT:caps 0x1f4, 6b738616
#1200258 06.07.2026 12:57:39 : EVT <Unknown> : 1783335459953:AI@1783335459930, tz120
#1200259 06.07.2026 12:57:39 : EVT OHR : S:start 0x2123
#1200260 06.07.2026 12:57:39 : EVT <Unknown> : 1783335459960:Meas start 0x2123
#1200261 06.07.2026 12:57:40 : EVT <Unknown> : 1783335459975:PD1464, 0
#1200262 06.07.2026 12:57:40 : EVT <Unknown> : 1783335460063:GMV 20251126/1/4/0/395/46
#1200263 06.07.2026 12:57:40 : EVT <Unknown> : 1783335460317:Mi1.6.10, auth 0, hr_mode 0
#1200264 06.07.2026 12:57:40 : EVT PMIC : VBUS state is ON
#1200265 06.07.2026 12:57:40 : EVT PMIC : chgCntl1:0x70
#1200266 06.07.2026 12:57:40 : EVT PMIC : check chgCntl1:0x74
#1200267 06.07.2026 12:57:40 : EVT PMIC : Turn charge ON since VBUS->ON
#1200268 06.07.2026 12:57:40 : EVT PMIC : PMIC temp zone:0x2
#1200269 06.07.2026 12:57:40 : EVT PMIC : PMIC Fast-charge constant cur
#1200270 06.07.2026 12:57:40 : EVT OHR : VBUS on
#1200271 06.07.2026 12:57:40 : EVT OHR : S:stop 23
#1200272 06.07.2026 12:57:40 : EVT <Unknown> : 1783335460860:Meas stop 0x2123
#1200273 06.07.2026 12:57:40 : WRN <Unknown> : 1783335460860:FSM EVT STOP.
#1200274 06.07.2026 12:57:40 : EVT OHR : S:OFF 1->0
#1200275 06.07.2026 12:57:40 : EVT PMIC : VBUS state is ON
#1200276 06.07.2026 12:57:41 : EVT PMIC : PMIC Maintain charge
#1200277 06.07.2026 12:57:46 : TRC FUEL_GAUGE : Chg->1,B:5,C:23.5,V:4417,U:1,bF:99%,bC:99%
#1200278 06.07.2026 12:57:47 : EVT PMIC : PMIC Maintain charge
#1200279 06.07.2026 12:57:47 : EVT ANALYTICS : Battery-> 2 soc:99
#1200280 06.07.2026 12:57:52 : EVT WBCOMM : P-9 connection made to ECSD00000000
#1200281 06.07.2026 12:57:52 : EVT WBCOMM : New Route: ECSD00000000
#1200282 06.07.2026 12:57:55 : EVT WBSTORAGE : CACHE_DEFRAG (432->448, 24->24, 25)
#1200283 06.07.2026 12:57:55 : EVT WBSTORAGE : CACHE_DEFRAG (416->440, 24->24, 25)
#1200284 06.07.2026 12:57:55 : EVT <Unknown> : DL Region List
#1200285 06.07.2026 12:57:55 : EVT WIFI : Pwr up
#1200286 06.07.2026 12:58:02 : EVT WIFI : pwr up
#1200287 06.07.2026 12:58:02 : EVT WIFI : SDK Ver(3.2.8.1)
#1200288 06.07.2026 12:58:02 : EVT WIFI : Cur bootmode:0
#1200289 06.07.2026 12:58:02 : EVT WIFI : Cur MAC addr:0C:8C:DC:B1:E4:BA
#1200290 06.07.2026 12:58:02 : EVT WIFI : Cur cc:CH
#1200291 06.07.2026 12:58:02 : EVT WIFI : Scann APs (1/3)
#1200292 06.07.2026 12:58:02 : EVT PMIC : PMIC Fast-charge constant cur
#1200293 06.07.2026 12:58:02 : EVT PMIC : PMIC Maintain charge
#1200294 06.07.2026 12:58:03 : EVT PMIC : PMIC Fast-charge constant cur
#1200295 06.07.2026 12:58:03 : EVT PMIC : PMIC Fast-charge constant cur
#1200296 06.07.2026 12:58:03 : EVT PMIC : PMIC Fast-charge constant cur
#1200297 06.07.2026 12:58:03 : EVT PMIC : PMIC Fast-charge constant cur
#1200298 06.07.2026 12:58:03 : EVT WIFI : APs scanned:13
#1200299 06.07.2026 12:58:03 : EVT WBSTORAGE : CACHE_DEFRAG (392->632, 24->24, 25)
#1200300 06.07.2026 12:58:03 : WRN WIFI : No APs matched to connect
#1200301 06.07.2026 12:58:03 : EVT WIFI : Scann APs (2/3)
#1200302 06.07.2026 12:58:03 : EVT PMIC : PMIC Maintain charge
#1200303 06.07.2026 12:58:03 : EVT PMIC : PMIC Fast-charge constant cur
#1200304 06.07.2026 12:58:03 : EVT PMIC : PMIC Fast-charge constant cur
#1200305 06.07.2026 12:58:04 : EVT WIFI : APs scanned:11
#1200306 06.07.2026 12:58:04 : WRN WIFI : No APs matched to connect
#1200307 06.07.2026 12:58:04 : EVT WIFI : Scann APs (3/3)
#1200308 06.07.2026 12:58:04 : EVT PMIC : PMIC Fast-charge constant cur
#1200309 06.07.2026 12:58:04 : EVT PMIC : PMIC Fast-charge constant cur
#1200310 06.07.2026 12:58:04 : EVT PMIC : PMIC Fast-charge constant cur
#1200311 06.07.2026 12:58:04 : WRN WBCOMM : Route ECSD00000000 error 504: Dropping existing connecti
#1200312 06.07.2026 12:58:04 : EVT WBCOMM : Route lost: ECSD00000000
#1200313 06.07.2026 12:58:04 : EVT WBCOMM : P-9 connection made to ECSD00000000
#1200314 06.07.2026 12:58:04 : EVT WBCOMM : New Route: ECSD00000000
#1200315 06.07.2026 12:58:04 : EVT PMIC : PMIC Maintain charge
#1200316 06.07.2026 12:58:04 : EVT WIFI : APs scanned:11
#1200317 06.07.2026 12:58:04 : WRN WIFI : No APs matched to connect
#1200318 06.07.2026 12:58:04 : EVT WIFI : Internal connect ret:103
#1200319 06.07.2026 12:58:04 : ERR <Unknown> : DL GET resultCode=500
#1200320 06.07.2026 12:58:04 : EVT <Unknown> : DL try retry after 5000 ms
#1200321 06.07.2026 12:58:07 : EVT PMIC : PMIC Fast-charge constant cur
#1200322 06.07.2026 12:58:07 : EVT PMIC : PMIC Fast-charge constant cur
#1200323 06.07.2026 12:58:07 : EVT PMIC : PMIC Fast-charge constant cur
#1200324 06.07.2026 12:58:07 : EVT PMIC : PMIC Fast-charge constant cur
#1200325 06.07.2026 12:58:07 : EVT PMIC : PMIC Precharge
#1200326 06.07.2026 12:58:07 : EVT PMIC : PMIC Fast-charge constant cur
#1200327 06.07.2026 12:58:07 : EVT PMIC : PMIC Fast-charge constant cur
#1200328 06.07.2026 12:58:07 : EVT PMIC : PMIC Fast-charge constant cur
#1200329 06.07.2026 12:58:07 : EVT PMIC : PMIC Fast-charge constant cur
#1200330 06.07.2026 12:58:07 : EVT PMIC : PMIC Fast-charge constant cur
#1200331 06.07.2026 12:58:07 : EVT PMIC : PMIC Fast-charge constant cur
#1200332 06.07.2026 12:58:07 : EVT PMIC : PMIC Fast-charge constant cur
#1200333 06.07.2026 12:58:07 : EVT PMIC : PMIC Fast-charge constant cur
#1200334 06.07.2026 12:58:07 : EVT PMIC : PMIC Fast-charge constant cur
#1200335 06.07.2026 12:58:07 : EVT PMIC : PMIC Fast-charge constant cur
#1200336 06.07.2026 12:58:07 : EVT PMIC : PMIC Fast-charge constant cur
#1200337 06.07.2026 12:58:07 : EVT PMIC : PMIC Fast-charge constant cur
#1200338 06.07.2026 12:58:07 : EVT PMIC : PMIC Fast-charge constant cur
#1200339 06.07.2026 12:58:07 : EVT PMIC : PMIC Fast-charge constant cur
#1200340 06.07.2026 12:58:07 : EVT PMIC : PMIC Fast-charge constant cur
#1200341 06.07.2026 12:58:07 : EVT PMIC : PMIC Fast-charge constant cur
#1200342 06.07.2026 12:58:07 : EVT PMIC : PMIC Fast-charge constant cur
#1200343 06.07.2026 12:58:07 : EVT PMIC : PMIC Fast-charge constant cur
#1200344 06.07.2026 12:58:07 : EVT PMIC : PMIC Fast-charge constant cur
#1200345 06.07.2026 12:58:08 : EVT PMIC : PMIC Maintain charge
#1200346 06.07.2026 12:58:08 : EVT PMIC : PMIC Fast-charge constant cur
#1200347 06.07.2026 12:58:08 : EVT PMIC : PMIC Fast-charge constant cur
#1200348 06.07.2026 12:58:08 : EVT PMIC : PMIC Fast-charge constant cur
#1200349 06.07.2026 12:58:08 : EVT PMIC : PMIC Fast-charge constant cur
#1200350 06.07.2026 12:58:08 : EVT PMIC : PMIC Fast-charge constant cur
#1200351 06.07.2026 12:58:08 : ERR WBMAIN : *0: app 1055 Event 36 80005310
#1200352 06.07.2026 12:58:08 : ERR WBMAIN : 1: mea 20 Wait 0 00000000
#1200353 06.07.2026 12:58:08 : ERR WBMAIN : 2: ui 19 Wait 0 00000000
#1200354 06.07.2026 12:58:08 : EVT PMIC : PMIC Precharge
#1200355 06.07.2026 12:58:08 : EVT PMIC : PMIC Fast-charge constant cur
#1200356 06.07.2026 12:58:08 : EVT PMIC : PMIC Fast-charge constant cur
#1200357 06.07.2026 12:58:08 : EVT PMIC : PMIC Precharge
#1200358 06.07.2026 12:58:08 : EVT PMIC : PMIC Fast-charge constant cur
#1200359 06.07.2026 12:58:08 : EVT PMIC : PMIC Fast-charge constant cur
#1200360 06.07.2026 12:58:08 : EVT PMIC : PMIC Fast-charge constant cur
#1200361 06.07.2026 12:58:08 : EVT PMIC : PMIC Fast-charge constant cur
#1200362 06.07.2026 12:58:08 : EVT PMIC : PMIC Fast-charge constant cur
#1200363 06.07.2026 12:58:08 : EVT PMIC : PMIC Fast-charge constant cur
#1200364 06.07.2026 12:58:08 : EVT PMIC : PMIC Maintain charge
#1200365 06.07.2026 12:58:08 : EVT PMIC : PMIC Precharge
#1200366 06.07.2026 12:58:08 : EVT PMIC : PMIC Fast-charge constant cur
#1200367 06.07.2026 12:58:09 : ERR WBMAIN : *0: app 834 Event 36 80005310
#1200368 06.07.2026 12:58:09 : ERR WBMAIN : 1: mea 62 Wait 0 00000000
#1200369 06.07.2026 12:58:09 : ERR WBMAIN : 2: ui 60 Wait 0 00000000
#1200370 06.07.2026 12:58:09 : EVT PMIC : PMIC Precharge
#1200371 06.07.2026 12:58:09 : EVT PMIC : PMIC Fast-charge constant cur
#1200372 06.07.2026 12:58:09 : EVT PMIC : PMIC Fast-charge constant cur
#1200373 06.07.2026 12:58:09 : EVT PMIC : PMIC Fast-charge constant cur
#1200374 06.07.2026 12:58:09 : EVT PMIC : PMIC Fast-charge constant cur
#1200375 06.07.2026 12:58:09 : EVT PMIC : PMIC Fast-charge constant cur
#1200376 06.07.2026 12:58:09 : EVT PMIC : PMIC Fast-charge constant cur
#1200377 06.07.2026 12:58:09 : EVT PMIC : PMIC Fast-charge constant cur
#1200378 06.07.2026 12:58:09 : EVT PMIC : PMIC Fast-charge constant cur
#1200379 06.07.2026 12:58:09 : EVT PMIC : PMIC Fast-charge constant cur
#1200380 06.07.2026 12:58:09 : EVT PMIC : PMIC Fast-charge constant cur
#1200381 06.07.2026 12:58:09 : EVT PMIC : PMIC Fast-charge constant cur
#1200382 06.07.2026 12:58:09 : EVT PMIC : PMIC Fast-charge constant cur
#1200383 06.07.2026 12:58:09 : EVT PMIC : PMIC Fast-charge constant cur
#1200384 06.07.2026 12:58:09 : EVT PMIC : PMIC Fast-charge constant cur
#1200385 06.07.2026 12:58:09 : EVT PMIC : PMIC Fast-charge constant cur
#1200386 06.07.2026 12:58:09 : EVT PMIC : PMIC Fast-charge constant cur
#1200387 06.07.2026 12:58:09 : EVT PMIC : PMIC Fast-charge constant cur
#1200388 06.07.2026 12:58:09 : EVT PMIC : PMIC Fast-charge constant cur
#1200389 06.07.2026 12:58:09 : EVT PMIC : PMIC Fast-charge constant cur
#1200390 06.07.2026 12:58:09 : EVT PMIC : PMIC Fast-charge constant cur
#1200391 06.07.2026 12:58:09 : EVT PMIC : PMIC Fast-charge constant cur
#1200392 06.07.2026 12:58:09 : EVT PMIC : PMIC Fast-charge constant cur
#1200393 06.07.2026 12:58:09 : EVT PMIC : PMIC Fast-charge constant cur
#1200394 06.07.2026 12:58:09 : EVT PMIC : PMIC Fast-charge constant cur
#1200395 06.07.2026 12:58:09 : EVT PMIC : PMIC Fast-charge constant cur
#1200396 06.07.2026 12:58:09 : EVT PMIC : PMIC Fast-charge constant cur
#1200397 06.07.2026 12:58:09 : EVT PMIC : PMIC Fast-charge constant cur
#1200398 06.07.2026 12:58:09 : EVT <Unknown> : DL Region List
#1200399 06.07.2026 12:58:09 : WRN WIFI : No APs matched to connect
#1200400 06.07.2026 12:58:09 : EVT WIFI : Scann APs (1/3)
#1200401 06.07.2026 12:58:09 : EVT PMIC : PMIC Fast-charge constant cur
#1200402 06.07.2026 12:58:09 : EVT PMIC : PMIC Fast-charge constant cur
#1200403 06.07.2026 12:58:09 : EVT PMIC : PMIC Fast-charge constant cur
#1200404 06.07.2026 12:58:09 : EVT PMIC : PMIC Fast-charge constant cur
#1200405 06.07.2026 12:58:10 : EVT PMIC : PMIC Fast-charge constant cur
#1200406 06.07.2026 12:58:10 : EVT PMIC : PMIC Maintain charge
#1200407 06.07.2026 12:58:10 : EVT PMIC : PMIC Precharge
#1200408 06.07.2026 12:58:10 : EVT PMIC : PMIC Fast-charge constant cur
#1200409 06.07.2026 12:58:10 : EVT PMIC : PMIC Precharge
#1200410 06.07.2026 12:58:10 : EVT PMIC : PMIC Fast-charge constant cur
#1200411 06.07.2026 12:58:10 : EVT PMIC : PMIC Fast-charge constant cur
#1200412 06.07.2026 12:58:10 : EVT PMIC : PMIC Fast-charge constant cur
#1200413 06.07.2026 12:58:10 : EVT PMIC : PMIC Precharge
#1200414 06.07.2026 12:58:10 : EVT PMIC : PMIC Fast-charge constant cur
#1200415 06.07.2026 12:58:10 : EVT PMIC : PMIC Fast-charge constant cur
#1200416 06.07.2026 12:58:10 : EVT PMIC : PMIC Fast-charge constant voltage
#1200417 06.07.2026 12:58:10 : EVT PMIC : PMIC Fast-charge constant cur
#1200418 06.07.2026 12:58:10 : EVT PMIC : PMIC Fast-charge constant cur
#1200419 06.07.2026 12:58:10 : EVT PMIC : PMIC Fast-charge constant cur
#1200420 06.07.2026 12:58:10 : EVT PMIC : PMIC Fast-charge constant cur
#1200421 06.07.2026 12:58:10 : EVT PMIC : PMIC Fast-charge constant cur
#1200422 06.07.2026 12:58:10 : EVT PMIC : PMIC Fast-charge constant cur
#1200423 06.07.2026 12:58:10 : EVT PMIC : PMIC Fast-charge constant cur
#1200424 06.07.2026 12:58:10 : EVT PMIC : PMIC Fast-charge constant cur
#1200425 06.07.2026 12:58:10 : EVT ANALYTICS : Sync start
#1200426 06.07.2026 12:58:10 : EVT PMIC : PMIC Fast-charge constant cur
#1200427 06.07.2026 12:58:10 : EVT PMIC : PMIC Fast-charge constant cur
#1200428 06.07.2026 12:58:10 : EVT PMIC : PMIC Fast-charge constant cur
#1200429 06.07.2026 12:58:10 : EVT PMIC : PMIC Fast-charge constant cur
#1200430 06.07.2026 12:58:10 : EVT PMIC : PMIC Fast-charge constant cur
#1200431 06.07.2026 12:58:10 : EVT PMIC : PMIC Fast-charge constant cur
#1200432 06.07.2026 12:58:10 : EVT PMIC : PMIC Fast-charge constant cur
#1200433 06.07.2026 12:58:10 : EVT PMIC : PMIC Fast-charge constant cur
#1200434 06.07.2026 12:58:10 : EVT PMIC : PMIC Fast-charge constant cur
#1200435 06.07.2026 12:58:10 : EVT PMIC : PMIC Fast-charge constant cur
#1200436 06.07.2026 12:58:10 : EVT PMIC : PMIC Fast-charge constant cur
#1200437 06.07.2026 12:58:10 : EVT PMIC : PMIC Fast-charge constant cur
#1200438 06.07.2026 12:58:10 : EVT PMIC : PMIC Fast-charge constant cur
#1200439 06.07.2026 12:58:10 : EVT PMIC : PMIC Fast-charge constant cur
#1200440 06.07.2026 12:58:10 : EVT PMIC : PMIC Fast-charge constant cur
#1200441 06.07.2026 12:58:10 : EVT PMIC : PMIC Fast-charge constant cur
#1200442 06.07.2026 12:58:10 : EVT PMIC : PMIC Fast-charge constant cur
#1200443 06.07.2026 12:58:10 : EVT PMIC : PMIC Fast-charge constant cur
#1200444 06.07.2026 12:58:10 : EVT PMIC : PMIC Fast-charge constant cur
#1200445 06.07.2026 12:58:10 : EVT PMIC : PMIC Fast-charge constant cur
#1200446 06.07.2026 12:58:10 : EVT ANALYTICS : Sync start
#1200447 06.07.2026 12:58:10 : EVT PMIC : PMIC Fast-charge constant cur
#1200448 06.07.2026 12:58:10 : EVT PMIC : PMIC Fast-charge constant cur
#1200449 06.07.2026 12:58:10 : EVT PMIC : PMIC Precharge
#1200450 06.07.2026 12:58:10 : EVT PMIC : PMIC Fast-charge constant cur
#1200451 06.07.2026 12:58:10 : EVT PMIC : PMIC Fast-charge constant cur
#1200452 06.07.2026 12:58:10 : EVT PMIC : PMIC Maintain charge
#1200453 06.07.2026 12:58:10 : EVT PMIC : PMIC Fast-charge constant cur
#1200454 06.07.2026 12:58:10 : EVT PMIC : PMIC Fast-charge constant cur
#1200455 06.07.2026 12:58:10 : EVT PMIC : PMIC Fast-charge constant cur
#1200456 06.07.2026 12:58:10 : EVT PMIC : PMIC Fast-charge constant cur
#1200457 06.07.2026 12:58:10 : EVT PMIC : PMIC Fast-charge constant cur
#1200458 06.07.2026 12:58:10 : EVT WIFI : APs scanned:10
#1200459 06.07.2026 12:58:10 : WRN WIFI : No APs matched to connect
#1200460 06.07.2026 12:58:10 : EVT WIFI : Scann APs (2/3)
#1200461 06.07.2026 12:58:10 : EVT PMIC : PMIC Fast-charge constant cur
#1200462 06.07.2026 12:58:10 : EVT PMIC : PMIC Fast-charge constant cur
#1200463 06.07.2026 12:58:10 : EVT PMIC : PMIC Precharge
#1200464 06.07.2026 12:58:10 : EVT PMIC : PMIC Fast-charge constant cur
#1200465 06.07.2026 12:58:10 : EVT PMIC : PMIC Fast-charge constant cur
#1200466 06.07.2026 12:58:11 : EVT PMIC : PMIC Fast-charge constant cur
#1200467 06.07.2026 12:58:11 : EVT PMIC : PMIC Fast-charge constant cur
#1200468 06.07.2026 12:58:11 : EVT PMIC : PMIC Fast-charge constant cur
#1200469 06.07.2026 12:58:11 : EVT PMIC : PMIC Fast-charge constant cur
#1200470 06.07.2026 12:58:11 : EVT PMIC : PMIC Maintain charge
#1200471 06.07.2026 12:58:11 : EVT WIFI : APs scanned:12
#1200472 06.07.2026 12:58:11 : WRN WIFI : No APs matched to connect
#1200473 06.07.2026 12:58:11 : EVT WIFI : Scann APs (3/3)
#1200474 06.07.2026 12:58:11 : EVT PMIC : PMIC Fast-charge constant cur
#1200475 06.07.2026 12:58:11 : EVT PMIC : PMIC Fast-charge constant cur
#1200476 06.07.2026 12:58:11 : EVT PMIC : PMIC Fast-charge constant cur
#1200477 06.07.2026 12:58:12 : EVT PMIC : PMIC Fast-charge constant cur
#1200478 06.07.2026 12:58:12 : EVT PMIC : PMIC Fast-charge constant cur
#1200479 06.07.2026 12:58:12 : EVT PMIC : PMIC Fast-charge constant cur
#1200480 06.07.2026 12:58:12 : EVT WIFI : APs scanned:14
#1200481 06.07.2026 12:58:12 : WRN WIFI : No APs matched to connect
#1200482 06.07.2026 12:58:12 : EVT WIFI : Internal connect ret:103
#1200483 06.07.2026 12:58:12 : ERR <Unknown> : DL GET resultCode=500
#1200484 06.07.2026 12:58:12 : EVT <Unknown> : DL try retry after 10000 ms
#1200485 06.07.2026 12:58:13 : EVT PMIC : PMIC Maintain charge
#1200486 06.07.2026 12:58:17 : EVT PMIC : PMIC Fast-charge constant cur
#1200487 06.07.2026 12:58:17 : EVT PMIC : PMIC Fast-charge constant cur
#1200488 06.07.2026 12:58:17 : EVT PMIC : PMIC Fast-charge constant cur
#1200489 06.07.2026 12:58:17 : TRC APPLICATION : Zapp climbl01 uninstalled
#1200490 06.07.2026 12:58:17 : EVT PMIC : PMIC Precharge
#1200491 06.07.2026 12:58:17 : EVT PMIC : PMIC Fast-charge constant cur
#1200492 06.07.2026 12:58:17 : EVT PMIC : PMIC Fast-charge constant cur
#1200493 06.07.2026 12:58:17 : EVT PMIC : PMIC Fast-charge constant cur
#1200494 06.07.2026 12:58:17 : EVT PMIC : PMIC Fast-charge constant cur
#1200495 06.07.2026 12:58:17 : EVT PMIC : PMIC Precharge
#1200496 06.07.2026 12:58:17 : EVT PMIC : PMIC Fast-charge constant cur
#1200497 06.07.2026 12:58:17 : EVT PMIC : PMIC Precharge
#1200498 06.07.2026 12:58:17 : EVT PMIC : PMIC Fast-charge constant cur
#1200499 06.07.2026 12:58:17 : EVT PMIC : PMIC Fast-charge constant cur
#1200500 06.07.2026 12:58:17 : EVT PMIC : PMIC Fast-charge constant cur
#1200501 06.07.2026 12:58:17 : EVT PMIC : PMIC Fast-charge constant cur
#1200502 06.07.2026 12:58:17 : EVT PMIC : PMIC Fast-charge constant cur
#1200503 06.07.2026 12:58:17 : EVT PMIC : PMIC Fast-charge constant cur
#1200504 06.07.2026 12:58:17 : EVT PMIC : PMIC Fast-charge constant voltage
#1200505 06.07.2026 12:58:17 : EVT PMIC : PMIC Fast-charge constant cur
#1200506 06.07.2026 12:58:17 : EVT PMIC : PMIC Fast-charge constant cur
#1200507 06.07.2026 12:58:17 : EVT PMIC : PMIC Fast-charge constant cur
#1200508 06.07.2026 12:58:17 : EVT PMIC : PMIC Precharge
#1200509 06.07.2026 12:58:17 : EVT PMIC : PMIC Fast-charge constant cur
#1200510 06.07.2026 12:58:17 : EVT PMIC : PMIC Fast-charge constant cur
#1200511 06.07.2026 12:58:17 : EVT PMIC : PMIC Fast-charge constant cur
#1200512 06.07.2026 12:58:17 : EVT PMIC : PMIC Precharge
#1200513 06.07.2026 12:58:17 : EVT PMIC : PMIC Fast-charge constant cur
#1200514 06.07.2026 12:58:18 : EVT PMIC : PMIC Fast-charge constant cur
#1200515 06.07.2026 12:58:18 : EVT PMIC : PMIC Fast-charge constant voltage
#1200516 06.07.2026 12:58:18 : EVT PMIC : PMIC Fast-charge constant cur
#1200517 06.07.2026 12:58:18 : EVT PMIC : PMIC Precharge
#1200518 06.07.2026 12:58:18 : EVT PMIC : PMIC Fast-charge constant cur
#1200519 06.07.2026 12:58:18 : EVT PMIC : PMIC Fast-charge constant cur
#1200520 06.07.2026 12:58:18 : EVT PMIC : PMIC Precharge
#1200521 06.07.2026 12:58:18 : EVT PMIC : PMIC Fast-charge constant cur
#1200522 06.07.2026 12:58:18 : EVT PMIC : PMIC Fast-charge constant cur
#1200523 06.07.2026 12:58:18 : EVT PMIC : PMIC Fast-charge constant cur
#1200524 06.07.2026 12:58:18 : EVT PMIC : PMIC Fast-charge constant cur
#1200525 06.07.2026 12:58:18 : EVT PMIC : PMIC Fast-charge constant cur
#1200526 06.07.2026 12:58:18 : EVT PMIC : PMIC Fast-charge constant cur
#1200527 06.07.2026 12:58:18 : EVT PMIC : PMIC Fast-charge constant cur
#1200528 06.07.2026 12:58:18 : EVT PMIC : PMIC Fast-charge constant cur
#1200529 06.07.2026 12:58:18 : EVT PMIC : PMIC Fast-charge constant cur
#1200530 06.07.2026 12:58:18 : EVT PMIC : PMIC Fast-charge constant cur
#1200531 06.07.2026 12:58:18 : EVT PMIC : PMIC Fast-charge constant cur
#1200532 06.07.2026 12:58:18 : EVT PMIC : PMIC Fast-charge constant cur
#1200533 06.07.2026 12:58:18 : EVT PMIC : PMIC Fast-charge constant cur
#1200534 06.07.2026 12:58:18 : EVT PMIC : PMIC Precharge
#1200535 06.07.2026 12:58:18 : EVT PMIC : PMIC Fast-charge constant cur
#1200536 06.07.2026 12:58:18 : EVT PMIC : PMIC Precharge
#1200537 06.07.2026 12:58:18 : EVT PMIC : PMIC Fast-charge constant cur
#1200538 06.07.2026 12:58:18 : EVT PMIC : PMIC Fast-charge constant cur
#1200539 06.07.2026 12:58:18 : EVT PMIC : PMIC Fast-charge constant cur
#1200540 06.07.2026 12:58:18 : EVT PMIC : PMIC Fast-charge constant cur
#1200541 06.07.2026 12:58:18 : EVT PMIC : PMIC Precharge
#1200542 06.07.2026 12:58:18 : EVT PMIC : PMIC Fast-charge constant cur
#1200543 06.07.2026 12:58:18 : EVT PMIC : PMIC Fast-charge constant cur
#1200544 06.07.2026 12:58:18 : EVT PMIC : PMIC Fast-charge constant cur
#1200545 06.07.2026 12:58:18 : EVT PMIC : PMIC Fast-charge constant cur
#1200546 06.07.2026 12:58:18 : EVT PMIC : PMIC Fast-charge constant cur
#1200547 06.07.2026 12:58:18 : EVT PMIC : PMIC Fast-charge constant cur
#1200548 06.07.2026 12:58:18 : EVT PMIC : PMIC Fast-charge constant cur
#1200549 06.07.2026 12:58:18 : EVT PMIC : PMIC Precharge
#1200550 06.07.2026 12:58:18 : EVT PMIC : PMIC Fast-charge constant cur
#1200551 06.07.2026 12:58:19 : EVT PMIC : PMIC Precharge
#1200552 06.07.2026 12:58:19 : EVT PMIC : PMIC Fast-charge constant cur
#1200553 06.07.2026 12:58:19 : EVT PMIC : PMIC Fast-charge constant cur
#1200554 06.07.2026 12:58:19 : EVT PMIC : PMIC Fast-charge constant cur
#1200555 06.07.2026 12:58:19 : EVT PMIC : PMIC Fast-charge constant cur
#1200556 06.07.2026 12:58:19 : EVT PMIC : PMIC Fast-charge constant cur
#1200557 06.07.2026 12:58:19 : EVT PMIC : PMIC Fast-charge constant cur
#1200558 06.07.2026 12:58:19 : EVT PMIC : PMIC Fast-charge constant cur
#1200559 06.07.2026 12:58:19 : EVT PMIC : PMIC Fast-charge constant cur
#1200560 06.07.2026 12:58:19 : EVT PMIC : PMIC Fast-charge constant voltage
#1200561 06.07.2026 12:58:19 : EVT PMIC : PMIC Fast-charge constant cur
#1200562 06.07.2026 12:58:19 : EVT PMIC : PMIC Fast-charge constant cur
#1200563 06.07.2026 12:58:19 : EVT PMIC : PMIC Fast-charge constant cur
#1200564 06.07.2026 12:58:19 : EVT PMIC : PMIC Fast-charge constant voltage
#1200565 06.07.2026 12:58:19 : ERR WBMAIN : *0: app 1823 Event 36 80005310
#1200566 06.07.2026 12:58:19 : ERR WBMAIN : 1: mea 16 Wait 0 00000000
#1200567 06.07.2026 12:58:19 : ERR WBMAIN : 2: ui 87 Wait 0 00000000
#1200568 06.07.2026 12:58:19 : EVT PMIC : PMIC Fast-charge constant cur
#1200569 06.07.2026 12:58:19 : EVT PMIC : PMIC Fast-charge constant cur
#1200570 06.07.2026 12:58:19 : EVT PMIC : PMIC Fast-charge constant cur
#1200571 06.07.2026 12:58:19 : EVT PMIC : PMIC Fast-charge constant cur
#1200572 06.07.2026 12:58:19 : EVT PMIC : PMIC Fast-charge constant cur
#1200573 06.07.2026 12:58:19 : EVT PMIC : PMIC Fast-charge constant cur
#1200574 06.07.2026 12:58:19 : EVT PMIC : PMIC Fast-charge constant cur
#1200575 06.07.2026 12:58:19 : EVT PMIC : PMIC Fast-charge constant cur
#1200576 06.07.2026 12:58:19 : EVT PMIC : PMIC Maintain charge
#1200577 06.07.2026 12:58:19 : EVT PMIC : PMIC Fast-charge constant cur
#1200578 06.07.2026 12:58:19 : EVT PMIC : PMIC Fast-charge constant cur
#1200579 06.07.2026 12:58:19 : EVT PMIC : PMIC Precharge
#1200580 06.07.2026 12:58:19 : EVT PMIC : PMIC Fast-charge constant cur
#1200581 06.07.2026 12:58:19 : EVT PMIC : PMIC Fast-charge constant cur
#1200582 06.07.2026 12:58:19 : EVT PMIC : PMIC Fast-charge constant cur
#1200583 06.07.2026 12:58:19 : EVT PMIC : PMIC Fast-charge constant cur
#1200584 06.07.2026 12:58:19 : EVT PMIC : PMIC Fast-charge constant cur
#1200585 06.07.2026 12:58:20 : EVT PMIC : PMIC Fast-charge constant cur
#1200586 06.07.2026 12:58:20 : EVT PMIC : PMIC Fast-charge constant voltage
#1200587 06.07.2026 12:58:20 : EVT PMIC : PMIC Fast-charge constant cur
#1200588 06.07.2026 12:58:20 : EVT PMIC : PMIC Fast-charge constant cur
#1200589 06.07.2026 12:58:20 : EVT PMIC : PMIC Fast-charge constant cur
#1200590 06.07.2026 12:58:20 : ERR WBMAIN : *0: app 760 Event 36 80005310
#1200591 06.07.2026 12:58:20 : ERR WBMAIN : 1: mea 20 Wait 0 00000000
#1200592 06.07.2026 12:58:20 : ERR WBMAIN : 2: ui 51 Wait 0 00000000
#1200593 06.07.2026 12:58:20 : EVT PMIC : PMIC Precharge
#1200594 06.07.2026 12:58:20 : EVT PMIC : PMIC Fast-charge constant cur
#1200595 06.07.2026 12:58:20 : EVT PMIC : PMIC Precharge
#1200596 06.07.2026 12:58:20 : EVT PMIC : PMIC Fast-charge constant cur
#1200597 06.07.2026 12:58:20 : EVT PMIC : PMIC Fast-charge constant cur
#1200598 06.07.2026 12:58:20 : EVT PMIC : PMIC Fast-charge constant cur
#1200599 06.07.2026 12:58:20 : EVT PMIC : PMIC Fast-charge constant cur
#1200600 06.07.2026 12:58:20 : EVT PMIC : PMIC Fast-charge constant cur
#1200601 06.07.2026 12:58:20 : EVT PMIC : PMIC Fast-charge constant cur
#1200602 06.07.2026 12:58:20 : EVT PMIC : PMIC Fast-charge constant cur
#1200603 06.07.2026 12:58:20 : EVT PMIC : PMIC Fast-charge constant cur
#1200604 06.07.2026 12:58:20 : EVT PMIC : PMIC Fast-charge constant cur
#1200605 06.07.2026 12:58:20 : EVT PMIC : PMIC Fast-charge constant cur
#1200606 06.07.2026 12:58:20 : EVT PMIC : PMIC Fast-charge constant cur
#1200607 06.07.2026 12:58:20 : EVT PMIC : PMIC Maintain charge
#1200608 06.07.2026 12:58:20 : EVT PMIC : PMIC Fast-charge constant cur
#1200609 06.07.2026 12:58:20 : EVT PMIC : PMIC Fast-charge constant cur
#1200610 06.07.2026 12:58:20 : EVT PMIC : PMIC Precharge
#1200611 06.07.2026 12:58:20 : EVT PMIC : PMIC Fast-charge constant cur
#1200612 06.07.2026 12:58:20 : EVT PMIC : PMIC Fast-charge constant cur
#1200613 06.07.2026 12:58:20 : EVT PMIC : PMIC Fast-charge constant cur
#1200614 06.07.2026 12:58:20 : EVT PMIC : PMIC Fast-charge constant cur
#1200615 06.07.2026 12:58:21 : EVT PMIC : PMIC Maintain charge
#1200616 06.07.2026 12:58:21 : EVT PMIC : PMIC Fast-charge constant cur
#1200617 06.07.2026 12:58:21 : EVT PMIC : PMIC Fast-charge constant cur
#1200618 06.07.2026 12:58:21 : EVT PMIC : PMIC Fast-charge constant cur
#1200619 06.07.2026 12:58:21 : EVT PMIC : PMIC Fast-charge constant cur
#1200620 06.07.2026 12:58:21 : EVT PMIC : PMIC Fast-charge constant cur
#1200621 06.07.2026 12:58:21 : EVT PMIC : PMIC Fast-charge constant cur
#1200622 06.07.2026 12:58:21 : EVT PMIC : PMIC Fast-charge constant cur
#1200623 06.07.2026 12:58:21 : EVT PMIC : PMIC Precharge
#1200624 06.07.2026 12:58:21 : EVT PMIC : PMIC Fast-charge constant cur
#1200625 06.07.2026 12:58:21 : EVT PMIC : PMIC Fast-charge constant cur
#1200626 06.07.2026 12:58:21 : EVT PMIC : PMIC Precharge
#1200627 06.07.2026 12:58:21 : EVT PMIC : PMIC Fast-charge constant cur
#1200628 06.07.2026 12:58:21 : EVT PMIC : PMIC Fast-charge constant cur
#1200629 06.07.2026 12:58:21 : EVT PMIC : PMIC Precharge
#1200630 06.07.2026 12:58:21 : EVT PMIC : PMIC Fast-charge constant cur
#1200631 06.07.2026 12:58:21 : EVT PMIC : PMIC Precharge
#1200632 06.07.2026 12:58:21 : EVT PMIC : PMIC Fast-charge constant cur
#1200633 06.07.2026 12:58:21 : EVT PMIC : PMIC Precharge
#1200634 06.07.2026 12:58:21 : EVT PMIC : PMIC Fast-charge constant cur
#1200635 06.07.2026 12:58:21 : EVT PMIC : PMIC Fast-charge constant cur
#1200636 06.07.2026 12:58:21 : EVT PMIC : PMIC Fast-charge constant cur
#1200637 06.07.2026 12:58:21 : EVT PMIC : PMIC Fast-charge constant cur
#1200638 06.07.2026 12:58:21 : EVT PMIC : PMIC Fast-charge constant cur
#1200639 06.07.2026 12:58:21 : EVT PMIC : PMIC Fast-charge constant cur
#1200640 06.07.2026 12:58:21 : EVT PMIC : PMIC Fast-charge constant voltage
#1200641 06.07.2026 12:58:21 : EVT PMIC : PMIC Fast-charge constant cur
#1200642 06.07.2026 12:58:21 : EVT ANALYTICS : Sync start
#1200643 06.07.2026 12:58:21 : EVT PMIC : PMIC Fast-charge constant cur
#1200644 06.07.2026 12:58:21 : EVT PMIC : PMIC Fast-charge constant cur
#1200645 06.07.2026 12:58:21 : EVT PMIC : PMIC Fast-charge constant cur
#1200646 06.07.2026 12:58:21 : EVT PMIC : PMIC Fast-charge constant cur
#1200647 06.07.2026 12:58:21 : EVT PMIC : PMIC Fast-charge constant cur
#1200648 06.07.2026 12:58:21 : EVT PMIC : PMIC Fast-charge constant cur
#1200649 06.07.2026 12:58:21 : EVT PMIC : PMIC Fast-charge constant cur
#1200650 06.07.2026 12:58:21 : EVT PMIC : PMIC Fast-charge constant cur
#1200651 06.07.2026 12:58:21 : EVT PMIC : PMIC Fast-charge constant cur
#1200652 06.07.2026 12:58:21 : EVT PMIC : PMIC Fast-charge constant cur
#1200653 06.07.2026 12:58:21 : EVT PMIC : PMIC Fast-charge constant cur
#1200654 06.07.2026 12:58:21 : EVT PMIC : PMIC Fast-charge constant cur
#1200655 06.07.2026 12:58:21 : EVT ANALYTICS : Sync start
#1200656 06.07.2026 12:58:21 : EVT PMIC : PMIC Precharge
#1200657 06.07.2026 12:58:21 : EVT PMIC : PMIC Fast-charge constant cur
#1200658 06.07.2026 12:58:21 : EVT PMIC : PMIC Fast-charge constant cur
#1200659 06.07.2026 12:58:21 : EVT PMIC : PMIC Fast-charge constant cur
#1200660 06.07.2026 12:58:21 : EVT PMIC : PMIC Precharge
#1200661 06.07.2026 12:58:21 : EVT PMIC : PMIC Fast-charge constant cur
#1200662 06.07.2026 12:58:21 : EVT PMIC : PMIC Fast-charge constant cur
#1200663 06.07.2026 12:58:21 : EVT PMIC : PMIC Fast-charge constant cur
#1200664 06.07.2026 12:58:21 : EVT PMIC : PMIC Fast-charge constant cur
#1200665 06.07.2026 12:58:21 : EVT PMIC : PMIC Fast-charge constant cur
#1200666 06.07.2026 12:58:21 : EVT PMIC : PMIC Precharge
#1200667 06.07.2026 12:58:21 : EVT PMIC : PMIC Fast-charge constant cur
#1200668 06.07.2026 12:58:21 : EVT PMIC : PMIC Fast-charge constant cur
#1200669 06.07.2026 12:58:21 : EVT PMIC : PMIC Fast-charge constant cur
#1200670 06.07.2026 12:58:21 : EVT PMIC : PMIC Fast-charge constant cur
#1200671 06.07.2026 12:58:21 : EVT PMIC : PMIC Fast-charge constant cur
#1200672 06.07.2026 12:58:21 : EVT PMIC : PMIC Fast-charge constant cur
#1200673 06.07.2026 12:58:21 : EVT PMIC : PMIC Fast-charge constant cur
#1200674 06.07.2026 12:58:21 : EVT PMIC : PMIC Precharge
#1200675 06.07.2026 12:58:21 : EVT PMIC : PMIC Fast-charge constant cur
#1200676 06.07.2026 12:58:22 : EVT PMIC : PMIC Precharge
#1200677 06.07.2026 12:58:22 : EVT PMIC : PMIC Fast-charge constant cur
#1200678 06.07.2026 12:58:22 : EVT PMIC : PMIC Fast-charge constant voltage
#1200679 06.07.2026 12:58:22 : EVT PMIC : PMIC Fast-charge constant cur
#1200680 06.07.2026 12:58:22 : EVT PMIC : PMIC Fast-charge constant cur
#1200681 06.07.2026 12:58:22 : EVT PMIC : PMIC Fast-charge constant cur
#1200682 06.07.2026 12:58:22 : EVT PMIC : PMIC Fast-charge constant cur
#1200683 06.07.2026 12:58:22 : EVT PMIC : PMIC Fast-charge constant cur
#1200684 06.07.2026 12:58:22 : EVT PMIC : PMIC Fast-charge constant cur
#1200685 06.07.2026 12:58:22 : EVT <Unknown> : DL Region List
#1200686 06.07.2026 12:58:22 : WRN WIFI : No APs matched to connect
#1200687 06.07.2026 12:58:22 : EVT WIFI : Scann APs (1/3)
#1200688 06.07.2026 12:58:22 : EVT PMIC : PMIC Fast-charge constant cur
#1200689 06.07.2026 12:58:23 : EVT PMIC : PMIC Fast-charge constant cur
#1200690 06.07.2026 12:58:23 : EVT PMIC : PMIC Fast-charge constant cur
#1200691 06.07.2026 12:58:23 : EVT PMIC : PMIC Fast-charge constant cur
#1200692 06.07.2026 12:58:23 : EVT WIFI : APs scanned:4
#1200693 06.07.2026 12:58:23 : WRN WIFI : No APs matched to connect
#1200694 06.07.2026 12:58:23 : EVT WIFI : Scann APs (2/3)
#1200695 06.07.2026 12:58:23 : EVT PMIC : PMIC Maintain charge
#1200696 06.07.2026 12:58:23 : EVT PMIC : PMIC Fast-charge constant cur
#1200697 06.07.2026 12:58:23 : EVT PMIC : PMIC Maintain charge
#1200698 06.07.2026 12:58:23 : EVT PMIC : PMIC Fast-charge constant cur
#1200699 06.07.2026 12:58:23 : EVT PMIC : PMIC Fast-charge constant cur
#1200700 06.07.2026 12:58:23 : EVT PMIC : PMIC Maintain charge
#1200701 06.07.2026 12:58:24 : EVT PMIC : PMIC Fast-charge constant cur
#1200702 06.07.2026 12:58:24 : EVT WIFI : APs scanned:15
#1200703 06.07.2026 12:58:24 : WRN WIFI : No APs matched to connect
#1200704 06.07.2026 12:58:24 : EVT WIFI : Scann APs (3/3)
#1200705 06.07.2026 12:58:24 : EVT PMIC : PMIC Maintain charge
#1200706 06.07.2026 12:58:24 : EVT PMIC : PMIC Precharge
#1200707 06.07.2026 12:58:24 : EVT PMIC : PMIC Fast-charge constant cur
#1200708 06.07.2026 12:58:24 : EVT WIFI : APs scanned:15
#1200709 06.07.2026 12:58:24 : WRN WIFI : No APs matched to connect
#1200710 06.07.2026 12:58:24 : EVT WIFI : Internal connect ret:103
#1200711 06.07.2026 12:58:24 : ERR <Unknown> : DL GET resultCode=500
#1200712 06.07.2026 12:58:24 : EVT <Unknown> : DL try retry after 20000 ms
#1200713 06.07.2026 12:58:24 : EVT PMIC : PMIC Maintain charge
#1200714 06.07.2026 12:58:24 : EVT PMIC : PMIC Fast-charge constant cur
#1200715 06.07.2026 12:58:24 : EVT PMIC : PMIC Fast-charge constant cur
#1200716 06.07.2026 12:58:24 : EVT PMIC : PMIC Fast-charge constant cur
#1200717 06.07.2026 12:58:24 : EVT PMIC : PMIC Fast-charge constant cur
#1200718 06.07.2026 12:58:24 : EVT PMIC : PMIC Precharge
#1200719 06.07.2026 12:58:24 : EVT PMIC : PMIC Fast-charge constant cur
#1200720 06.07.2026 12:58:24 : EVT PMIC : PMIC Precharge
#1200721 06.07.2026 12:58:24 : EVT PMIC : PMIC Fast-charge constant cur
#1200722 06.07.2026 12:58:25 : EVT PMIC : PMIC Maintain charge
#1200723 06.07.2026 12:58:25 : EVT PMIC : PMIC Fast-charge constant cur
#1200724 06.07.2026 12:58:25 : EVT PMIC : PMIC Fast-charge constant cur
#1200725 06.07.2026 12:58:25 : EVT PMIC : PMIC Fast-charge constant cur
#1200726 06.07.2026 12:58:25 : EVT PMIC : PMIC Fast-charge constant cur
#1200727 06.07.2026 12:58:25 : EVT PMIC : PMIC Fast-charge constant cur
#1200728 06.07.2026 12:58:25 : EVT PMIC : PMIC Fast-charge constant cur
#1200729 06.07.2026 12:58:25 : EVT PMIC : PMIC Fast-charge constant cur
#1200730 06.07.2026 12:58:25 : EVT PMIC : PMIC Fast-charge constant cur
#1200731 06.07.2026 12:58:25 : EVT PMIC : PMIC Fast-charge constant cur
#1200732 06.07.2026 12:58:25 : EVT PMIC : PMIC Fast-charge constant cur
#1200733 06.07.2026 12:58:25 : EVT PMIC : PMIC Precharge
#1200734 06.07.2026 12:58:25 : EVT PMIC : PMIC Fast-charge constant cur
#1200735 06.07.2026 12:58:25 : EVT PMIC : PMIC Fast-charge constant cur
#1200736 06.07.2026 12:58:25 : EVT PMIC : PMIC Fast-charge constant cur
#1200737 06.07.2026 12:58:25 : EVT PMIC : PMIC Fast-charge constant cur
#1200738 06.07.2026 12:58:25 : EVT PMIC : PMIC Fast-charge constant cur
#1200739 06.07.2026 12:58:25 : EVT PMIC : PMIC Fast-charge constant cur
#1200740 06.07.2026 12:58:25 : EVT PMIC : PMIC Fast-charge constant cur
#1200741 06.07.2026 12:58:25 : EVT PMIC : PMIC Fast-charge constant cur
#1200742 06.07.2026 12:58:25 : EVT PMIC : PMIC Fast-charge constant cur
#1200743 06.07.2026 12:58:25 : EVT PMIC : PMIC Fast-charge constant cur
#1200744 06.07.2026 12:58:25 : EVT PMIC : PMIC Precharge
#1200745 06.07.2026 12:58:25 : EVT PMIC : PMIC Fast-charge constant cur
#1200746 06.07.2026 12:58:25 : EVT PMIC : PMIC Fast-charge constant cur
#1200747 06.07.2026 12:58:25 : EVT PMIC : PMIC Fast-charge constant cur
#1200748 06.07.2026 12:58:25 : EVT PMIC : PMIC Fast-charge constant cur
#1200749 06.07.2026 12:58:25 : EVT PMIC : PMIC Fast-charge constant cur
#1200750 06.07.2026 12:58:25 : EVT PMIC : PMIC Fast-charge constant cur
#1200751 06.07.2026 12:58:25 : EVT PMIC : PMIC Maintain charge
#1200752 06.07.2026 12:58:25 : EVT PMIC : PMIC Fast-charge constant cur
#1200753 06.07.2026 12:58:25 : EVT PMIC : PMIC Fast-charge constant cur
#1200754 06.07.2026 12:58:25 : EVT PMIC : PMIC Fast-charge constant cur
#1200755 06.07.2026 12:58:25 : EVT PMIC : PMIC Fast-charge constant cur
#1200756 06.07.2026 12:58:25 : EVT PMIC : PMIC Fast-charge constant cur
#1200757 06.07.2026 12:58:25 : EVT PMIC : PMIC Fast-charge constant cur
#1200758 06.07.2026 12:58:25 : EVT PMIC : PMIC Fast-charge constant cur
#1200759 06.07.2026 12:58:25 : EVT PMIC : PMIC Fast-charge constant cur
#1200760 06.07.2026 12:58:25 : EVT PMIC : PMIC Fast-charge constant cur
#1200761 06.07.2026 12:58:25 : EVT PMIC : PMIC Fast-charge constant cur
#1200762 06.07.2026 12:58:25 : EVT PMIC : PMIC Fast-charge constant cur
#1200763 06.07.2026 12:58:25 : EVT PMIC : PMIC Precharge
#1200764 06.07.2026 12:58:25 : EVT PMIC : PMIC Fast-charge constant cur
#1200765 06.07.2026 12:58:25 : EVT PMIC : PMIC Fast-charge constant cur
#1200766 06.07.2026 12:58:25 : EVT PMIC : PMIC Fast-charge constant cur
#1200767 06.07.2026 12:58:25 : EVT PMIC : PMIC Fast-charge constant cur
#1200768 06.07.2026 12:58:25 : EVT PMIC : PMIC Fast-charge constant cur
#1200769 06.07.2026 12:58:25 : EVT PMIC : PMIC Fast-charge constant cur
#1200770 06.07.2026 12:58:25 : EVT APPLICATION : Plugin climbl01.zip as type:[2]
#1200771 06.07.2026 12:58:25 : EVT PMIC : PMIC Fast-charge constant cur
#1200772 06.07.2026 12:58:25 : EVT PMIC : PMIC Fast-charge constant cur
#1200773 06.07.2026 12:58:25 : EVT PMIC : PMIC Precharge
#1200774 06.07.2026 12:58:25 : EVT PMIC : PMIC Fast-charge constant cur
#1200775 06.07.2026 12:58:25 : EVT PMIC : PMIC Fast-charge constant cur
#1200776 06.07.2026 12:58:25 : EVT PMIC : PMIC Fast-charge constant cur
#1200777 06.07.2026 12:58:25 : EVT PMIC : PMIC Fast-charge constant cur
#1200778 06.07.2026 12:58:25 : EVT PMIC : PMIC Maintain charge
#1200779 06.07.2026 12:58:25 : EVT PMIC : PMIC Fast-charge constant cur
#1200780 06.07.2026 12:58:25 : EVT PMIC : PMIC Fast-charge constant cur
#1200781 06.07.2026 12:58:26 : EVT PMIC : PMIC Precharge
#1200782 06.07.2026 12:58:26 : EVT PMIC : PMIC Fast-charge constant cur
#1200783 06.07.2026 12:58:26 : EVT PMIC : PMIC Fast-charge constant cur
#1200784 06.07.2026 12:58:26 : EVT PMIC : PMIC Fast-charge constant cur
#1200785 06.07.2026 12:58:26 : EVT PMIC : PMIC Fast-charge constant cur
#1200786 06.07.2026 12:58:26 : EVT PMIC : PMIC Fast-charge constant cur
#1200787 06.07.2026 12:58:26 : EVT PMIC : PMIC Maintain charge
#1200788 06.07.2026 12:58:26 : EVT PMIC : PMIC Fast-charge constant cur
#1200789 06.07.2026 12:58:26 : EVT PMIC : PMIC Fast-charge constant cur
#1200790 06.07.2026 12:58:26 : EVT PMIC : PMIC Fast-charge constant cur
#1200791 06.07.2026 12:58:26 : EVT PMIC : PMIC Fast-charge constant cur
#1200792 06.07.2026 12:58:26 : EVT PMIC : PMIC Fast-charge constant cur
#1200793 06.07.2026 12:58:26 : EVT PMIC : PMIC Fast-charge constant cur
#1200794 06.07.2026 12:58:26 : EVT PMIC : PMIC Fast-charge constant cur
#1200795 06.07.2026 12:58:26 : EVT PMIC : PMIC Precharge
#1200796 06.07.2026 12:58:26 : EVT PMIC : PMIC Fast-charge constant cur
#1200797 06.07.2026 12:58:26 : EVT PMIC : PMIC Maintain charge
#1200798 06.07.2026 12:58:26 : EVT PMIC : PMIC Fast-charge constant cur
#1200799 06.07.2026 12:58:26 : EVT PMIC : PMIC Fast-charge constant cur
#1200800 06.07.2026 12:58:26 : EVT PMIC : PMIC Fast-charge constant cur
#1200801 06.07.2026 12:58:26 : EVT PMIC : PMIC Fast-charge constant cur
#1200802 06.07.2026 12:58:26 : EVT PMIC : PMIC Fast-charge constant cur
#1200803 06.07.2026 12:58:26 : EVT PMIC : PMIC Precharge
#1200804 06.07.2026 12:58:26 : EVT PMIC : PMIC Fast-charge constant cur
#1200805 06.07.2026 12:58:26 : EVT PMIC : PMIC Fast-charge constant cur
#1200806 06.07.2026 12:58:26 : EVT PMIC : PMIC Fast-charge constant cur
#1200807 06.07.2026 12:58:26 : EVT PMIC : PMIC Fast-charge constant cur
#1200808 06.07.2026 12:58:26 : EVT PMIC : PMIC Maintain charge
#1200809 06.07.2026 12:58:26 : EVT PMIC : PMIC Fast-charge constant cur
#1200810 06.07.2026 12:58:26 : EVT PMIC : PMIC Fast-charge constant cur
#1200811 06.07.2026 12:58:26 : EVT PMIC : PMIC Fast-charge constant cur
#1200812 06.07.2026 12:58:26 : EVT PMIC : PMIC Fast-charge constant cur
#1200813 06.07.2026 12:58:26 : EVT PMIC : PMIC Fast-charge constant cur
#1200814 06.07.2026 12:58:26 : EVT PMIC : PMIC Fast-charge constant cur
#1200815 06.07.2026 12:58:27 : EVT PMIC : PMIC Precharge
#1200816 06.07.2026 12:58:27 : EVT PMIC : PMIC Fast-charge constant cur
#1200817 06.07.2026 12:58:27 : EVT PMIC : PMIC Fast-charge constant cur
#1200818 06.07.2026 12:58:27 : EVT PMIC : PMIC Precharge
#1200819 06.07.2026 12:58:27 : EVT PMIC : PMIC Fast-charge constant cur
#1200820 06.07.2026 12:58:27 : EVT PMIC : PMIC Precharge
#1200821 06.07.2026 12:58:27 : EVT PMIC : PMIC Fast-charge constant cur
#1200822 06.07.2026 12:58:27 : EVT PMIC : PMIC Fast-charge constant cur
#1200823 06.07.2026 12:58:27 : EVT PMIC : PMIC Fast-charge constant cur
#1200824 06.07.2026 12:58:27 : EVT PMIC : PMIC Fast-charge constant cur
#1200825 06.07.2026 12:58:27 : EVT PMIC : PMIC Fast-charge constant cur
#1200826 06.07.2026 12:58:27 : EVT PMIC : PMIC Fast-charge constant cur
#1200827 06.07.2026 12:58:27 : EVT PMIC : PMIC Fast-charge constant cur
#1200828 06.07.2026 12:58:27 : EVT PMIC : PMIC Precharge
#1200829 06.07.2026 12:58:27 : EVT PMIC : PMIC Fast-charge constant cur
#1200830 06.07.2026 12:58:27 : EVT PMIC : PMIC Fast-charge constant cur
#1200831 06.07.2026 12:58:27 : EVT PMIC : PMIC Fast-charge constant cur
#1200832 06.07.2026 12:58:27 : EVT PMIC : PMIC Precharge
#1200833 06.07.2026 12:58:27 : EVT PMIC : PMIC Fast-charge constant cur
#1200834 06.07.2026 12:58:27 : EVT PMIC : PMIC Fast-charge constant cur
#1200835 06.07.2026 12:58:27 : EVT PMIC : PMIC Fast-charge constant cur
#1200836 06.07.2026 12:58:27 : EVT PMIC : PMIC Fast-charge constant cur
#1200837 06.07.2026 12:58:27 : EVT PMIC : PMIC Fast-charge constant cur
#1200838 06.07.2026 12:58:27 : EVT PMIC : PMIC Fast-charge constant cur
#1200839 06.07.2026 12:58:27 : EVT PMIC : PMIC Fast-charge constant cur
#1200840 06.07.2026 12:58:27 : ERR WBMAIN : *0: app 1853 Event 36 80005310
#1200841 06.07.2026 12:58:27 : ERR WBMAIN : 1: mea 25 Wait 0 00000000
#1200842 06.07.2026 12:58:27 : ERR WBMAIN : 2: ui 24 Wait 0 00000000
#1200843 06.07.2026 12:58:27 : EVT PMIC : PMIC Fast-charge constant cur
#1200844 06.07.2026 12:58:27 : EVT PMIC : PMIC Fast-charge constant cur
#1200845 06.07.2026 12:58:27 : EVT PMIC : PMIC Fast-charge constant cur
#1200846 06.07.2026 12:58:27 : EVT PMIC : PMIC Fast-charge constant cur
#1200847 06.07.2026 12:58:27 : EVT PMIC : PMIC Fast-charge constant cur
#1200848 06.07.2026 12:58:27 : EVT PMIC : PMIC Fast-charge constant cur
#1200849 06.07.2026 12:58:27 : EVT PMIC : PMIC Fast-charge constant cur
#1200850 06.07.2026 12:58:27 : EVT PMIC : PMIC Fast-charge constant cur
#1200851 06.07.2026 12:58:28 : EVT PMIC : PMIC Fast-charge constant cur
#1200852 06.07.2026 12:58:28 : EVT PMIC : PMIC Fast-charge constant cur
#1200853 06.07.2026 12:58:28 : EVT PMIC : PMIC Fast-charge constant cur
#1200854 06.07.2026 12:58:28 : EVT PMIC : PMIC Fast-charge constant cur
#1200855 06.07.2026 12:58:28 : EVT PMIC : PMIC Precharge
#1200856 06.07.2026 12:58:28 : EVT PMIC : PMIC Fast-charge constant cur
#1200857 06.07.2026 12:58:28 : EVT PMIC : PMIC Fast-charge constant cur
#1200858 06.07.2026 12:58:28 : EVT PMIC : PMIC Fast-charge constant cur
#1200859 06.07.2026 12:58:28 : EVT PMIC : PMIC Precharge
#1200860 06.07.2026 12:58:28 : EVT PMIC : PMIC Fast-charge constant cur
#1200861 06.07.2026 12:58:28 : EVT PMIC : PMIC Fast-charge constant cur
#1200862 06.07.2026 12:58:28 : EVT PMIC : PMIC Fast-charge constant cur
#1200863 06.07.2026 12:58:28 : EVT PMIC : PMIC Fast-charge constant cur
#1200864 06.07.2026 12:58:28 : EVT PMIC : PMIC Fast-charge constant voltage
#1200865 06.07.2026 12:58:28 : EVT PMIC : PMIC Fast-charge constant cur
#1200866 06.07.2026 12:58:28 : EVT PMIC : PMIC Fast-charge constant cur
#1200867 06.07.2026 12:58:28 : EVT PMIC : PMIC Fast-charge constant cur
#1200868 06.07.2026 12:58:28 : EVT PMIC : PMIC Fast-charge constant cur
#1200869 06.07.2026 12:58:28 : ERR WBMAIN : *0: app 858 Event 36 80005310
#1200870 06.07.2026 12:58:28 : ERR WBMAIN : 1: mea 0 Wait 0 00000000
#1200871 06.07.2026 12:58:28 : ERR WBMAIN : 2: ui 90 Wait 0 00000000
#1200872 06.07.2026 12:58:28 : EVT PMIC : PMIC Precharge
#1200873 06.07.2026 12:58:28 : EVT PMIC : PMIC Fast-charge constant cur
#1200874 06.07.2026 12:58:28 : EVT PMIC : PMIC Fast-charge constant cur
#1200875 06.07.2026 12:58:28 : EVT PMIC : PMIC Fast-charge constant cur
#1200876 06.07.2026 12:58:28 : EVT PMIC : PMIC Precharge
#1200877 06.07.2026 12:58:28 : EVT PMIC : PMIC Fast-charge constant cur
#1200878 06.07.2026 12:58:28 : EVT PMIC : PMIC Fast-charge constant cur
#1200879 06.07.2026 12:58:28 : EVT PMIC : PMIC Fast-charge constant cur
#1200880 06.07.2026 12:58:28 : EVT PMIC : PMIC Fast-charge constant cur
#1200881 06.07.2026 12:58:28 : EVT PMIC : PMIC Fast-charge constant cur
#1200882 06.07.2026 12:58:28 : EVT PMIC : PMIC Precharge
#1200883 06.07.2026 12:58:28 : EVT PMIC : PMIC Fast-charge constant cur
#1200884 06.07.2026 12:58:28 : EVT PMIC : PMIC Fast-charge constant cur
#1200885 06.07.2026 12:58:28 : EVT PMIC : PMIC Fast-charge constant cur
#1200886 06.07.2026 12:58:28 : EVT PMIC : PMIC Fast-charge constant cur
#1200887 06.07.2026 12:58:28 : EVT PMIC : PMIC Fast-charge constant cur
#1200888 06.07.2026 12:58:28 : EVT PMIC : PMIC Fast-charge constant cur
#1200889 06.07.2026 12:58:28 : EVT PMIC : PMIC Fast-charge constant cur
#1200890 06.07.2026 12:58:28 : EVT PMIC : PMIC Fast-charge constant cur
#1200891 06.07.2026 12:58:28 : EVT PMIC : PMIC Fast-charge constant cur
#1200892 06.07.2026 12:58:28 : EVT PMIC : PMIC Fast-charge constant cur
#1200893 06.07.2026 12:58:29 : EVT PMIC : PMIC Fast-charge constant cur
#1200894 06.07.2026 12:58:29 : EVT PMIC : PMIC Fast-charge constant cur
#1200895 06.07.2026 12:58:29 : EVT PMIC : PMIC Fast-charge constant cur
#1200896 06.07.2026 12:58:29 : EVT PMIC : PMIC Fast-charge constant cur
#1200897 06.07.2026 12:58:29 : EVT PMIC : PMIC Fast-charge constant cur
#1200898 06.07.2026 12:58:29 : EVT PMIC : PMIC Precharge
#1200899 06.07.2026 12:58:29 : EVT PMIC : PMIC Fast-charge constant cur
#1200900 06.07.2026 12:58:29 : EVT PMIC : PMIC Fast-charge constant cur
#1200901 06.07.2026 12:58:29 : EVT PMIC : PMIC Fast-charge constant cur
#1200902 06.07.2026 12:58:29 : EVT PMIC : PMIC Fast-charge constant cur
#1200903 06.07.2026 12:58:29 : EVT PMIC : PMIC Fast-charge constant cur
#1200904 06.07.2026 12:58:29 : EVT PMIC : PMIC Fast-charge constant cur
#1200905 06.07.2026 12:58:29 : EVT PMIC : PMIC Fast-charge constant cur
#1200906 06.07.2026 12:58:29 : EVT PMIC : PMIC Fast-charge constant cur
#1200907 06.07.2026 12:58:29 : EVT PMIC : PMIC Fast-charge constant cur
#1200908 06.07.2026 12:58:29 : EVT PMIC : PMIC Fast-charge constant cur
#1200909 06.07.2026 12:58:29 : EVT PMIC : PMIC Fast-charge constant cur
#1200910 06.07.2026 12:58:29 : EVT PMIC : PMIC Fast-charge constant cur
#1200911 06.07.2026 12:58:29 : EVT PMIC : PMIC Fast-charge constant cur
#1200912 06.07.2026 12:58:29 : EVT PMIC : PMIC Fast-charge constant cur
#1200913 06.07.2026 12:58:29 : EVT PMIC : PMIC Fast-charge constant cur
#1200914 06.07.2026 12:58:29 : EVT PMIC : PMIC Fast-charge constant cur
#1200915 06.07.2026 12:58:29 : EVT PMIC : PMIC Fast-charge constant cur
#1200916 06.07.2026 12:58:29 : EVT PMIC : PMIC Fast-charge constant cur
#1200917 06.07.2026 12:58:29 : EVT PMIC : PMIC Fast-charge constant cur
#1200918 06.07.2026 12:58:29 : EVT PMIC : PMIC Fast-charge constant voltage
#1200919 06.07.2026 12:58:29 : EVT PMIC : PMIC Fast-charge constant cur
#1200920 06.07.2026 12:58:29 : EVT PMIC : PMIC Fast-charge constant cur
#1200921 06.07.2026 12:58:29 : EVT PMIC : PMIC Precharge
#1200922 06.07.2026 12:58:29 : EVT PMIC : PMIC Fast-charge constant cur
#1200923 06.07.2026 12:58:29 : EVT PMIC : PMIC Precharge
#1200924 06.07.2026 12:58:29 : EVT PMIC : PMIC Fast-charge constant cur
#1200925 06.07.2026 12:58:29 : EVT PMIC : PMIC Fast-charge constant cur
#1200926 06.07.2026 12:58:29 : EVT PMIC : PMIC Fast-charge constant cur
#1200927 06.07.2026 12:58:29 : EVT PMIC : PMIC Fast-charge constant cur
#1200928 06.07.2026 12:58:29 : EVT PMIC : PMIC Fast-charge constant cur
#1200929 06.07.2026 12:58:29 : EVT PMIC : PMIC Fast-charge constant cur
#1200930 06.07.2026 12:58:29 : EVT PMIC : PMIC Precharge
#1200931 06.07.2026 12:58:29 : EVT PMIC : PMIC Fast-charge constant cur
#1200932 06.07.2026 12:58:29 : EVT PMIC : PMIC Precharge
#1200933 06.07.2026 12:58:29 : EVT PMIC : PMIC Fast-charge constant cur
#1200934 06.07.2026 12:58:29 : EVT PMIC : PMIC Fast-charge constant voltage
#1200935 06.07.2026 12:58:29 : EVT PMIC : PMIC Fast-charge constant cur
#1200936 06.07.2026 12:58:29 : EVT PMIC : PMIC Fast-charge constant cur
#1200937 06.07.2026 12:58:29 : EVT PMIC : PMIC Fast-charge constant cur
#1200938 06.07.2026 12:58:29 : EVT ANALYTICS : Sync start
#1200939 06.07.2026 12:58:29 : EVT PMIC : PMIC Maintain charge
#1200940 06.07.2026 12:58:29 : EVT PMIC : PMIC Fast-charge constant cur
#1200941 06.07.2026 12:58:29 : EVT PMIC : PMIC Fast-charge constant cur
#1200942 06.07.2026 12:58:29 : EVT PMIC : PMIC Fast-charge constant cur
#1200943 06.07.2026 12:58:29 : EVT PMIC : PMIC Fast-charge constant cur
#1200944 06.07.2026 12:58:29 : EVT PMIC : PMIC Fast-charge constant cur
#1200945 06.07.2026 12:58:29 : EVT PMIC : PMIC Fast-charge constant cur
#1200946 06.07.2026 12:58:29 : EVT PMIC : PMIC Fast-charge constant cur
#1200947 06.07.2026 12:58:30 : EVT PMIC : PMIC Fast-charge constant cur
#1200948 06.07.2026 12:58:30 : EVT PMIC : PMIC Fast-charge constant cur
#1200949 06.07.2026 12:58:30 : EVT PMIC : PMIC Fast-charge constant cur
#1200950 06.07.2026 12:58:30 : EVT PMIC : PMIC Precharge
#1200951 06.07.2026 12:58:30 : EVT PMIC : PMIC Fast-charge constant cur
#1200952 06.07.2026 12:58:30 : EVT PMIC : PMIC Fast-charge constant cur
#1200953 06.07.2026 12:58:30 : EVT PMIC : PMIC Fast-charge constant cur
#1200954 06.07.2026 12:58:30 : EVT PMIC : PMIC Fast-charge constant voltage
#1200955 06.07.2026 12:58:30 : EVT PMIC : PMIC Fast-charge constant cur
#1200956 06.07.2026 12:58:30 : EVT ANALYTICS : Sync start
#1200957 06.07.2026 12:58:30 : EVT PMIC : PMIC Fast-charge constant cur
#1200958 06.07.2026 12:58:30 : EVT PMIC : PMIC Fast-charge constant cur
#1200959 06.07.2026 12:58:30 : EVT PMIC : PMIC Fast-charge constant cur
#1200960 06.07.2026 12:58:30 : EVT PMIC : PMIC Precharge
#1200961 06.07.2026 12:58:30 : EVT PMIC : PMIC Fast-charge constant cur
#1200962 06.07.2026 12:58:30 : EVT PMIC : PMIC Precharge
#1200963 06.07.2026 12:58:30 : EVT PMIC : PMIC Fast-charge constant cur
#1200964 06.07.2026 12:58:30 : EVT PMIC : PMIC Precharge
#1200965 06.07.2026 12:58:30 : EVT PMIC : PMIC Fast-charge constant cur
#1200966 06.07.2026 12:58:30 : EVT PMIC : PMIC Fast-charge constant cur
#1200967 06.07.2026 12:58:30 : EVT PMIC : PMIC Fast-charge constant cur
#1200968 06.07.2026 12:58:30 : EVT PMIC : PMIC Fast-charge constant cur
#1200969 06.07.2026 12:58:30 : EVT PMIC : PMIC Fast-charge constant cur
#1200970 06.07.2026 12:58:31 : EVT PMIC : PMIC Maintain charge
#1200971 06.07.2026 12:58:37 : EVT WIFI : Pwr down idle wifi (TO:13se)
#1200972 06.07.2026 12:58:37 : EVT WIFI : pwr down OK
#1200973 06.07.2026 12:58:44 : EVT <Unknown> : DL Region List
#1200974 06.07.2026 12:58:44 : EVT PMIC : PMIC Fast-charge constant cur
#1200975 06.07.2026 12:58:44 : EVT PMIC : PMIC Fast-charge constant cur
#1200976 06.07.2026 12:58:44 : EVT WIFI : Pwr up
#1200977 06.07.2026 12:58:45 : EVT PMIC : PMIC Maintain charge
#1200978 06.07.2026 12:58:51 : EVT WIFI : pwr up
#1200979 06.07.2026 12:58:51 : EVT WIFI : SDK Ver(3.2.8.1)
#1200980 06.07.2026 12:58:51 : WRN WIFI : No APs matched to connect
#1200981 06.07.2026 12:58:51 : EVT WIFI : Scann APs (1/3)
#1200982 06.07.2026 12:58:51 : EVT PMIC : PMIC Fast-charge constant cur
#1200983 06.07.2026 12:58:52 : EVT PMIC : PMIC Maintain charge
#1200984 06.07.2026 12:58:52 : EVT PMIC : PMIC Fast-charge constant cur
#1200985 06.07.2026 12:58:52 : EVT WIFI : APs scanned:10
#1200986 06.07.2026 12:58:52 : WRN WIFI : No APs matched to connect
#1200987 06.07.2026 12:58:52 : EVT WIFI : Scann APs (2/3)
#1200988 06.07.2026 12:58:52 : EVT PMIC : PMIC Maintain charge
#1200989 06.07.2026 12:58:52 : EVT PMIC : PMIC Fast-charge constant cur
#1200990 06.07.2026 12:58:52 : EVT PMIC : PMIC Fast-charge constant cur
#1200991 06.07.2026 12:58:52 : EVT PMIC : PMIC Fast-charge constant voltage
#1200992 06.07.2026 12:58:52 : EVT PMIC : PMIC Precharge
#1200993 06.07.2026 12:58:52 : EVT PMIC : PMIC Fast-charge constant cur
#1200994 06.07.2026 12:58:52 : EVT PMIC : PMIC Maintain charge
#1200995 06.07.2026 12:58:53 : EVT PMIC : PMIC Fast-charge constant cur
#1200996 06.07.2026 12:58:53 : EVT WIFI : APs scanned:14
#1200997 06.07.2026 12:58:53 : WRN WIFI : No APs matched to connect
#1200998 06.07.2026 12:58:53 : EVT WIFI : Scann APs (3/3)
#1200999 06.07.2026 12:58:53 : EVT PMIC : PMIC Fast-charge constant cur
#1201000 06.07.2026 12:58:53 : EVT PMIC : PMIC Maintain charge
#1201001 06.07.2026 12:58:53 : EVT PMIC : PMIC Fast-charge constant cur
#1201002 06.07.2026 12:58:53 : EVT PMIC : PMIC Fast-charge constant cur
#1201003 06.07.2026 12:58:53 : EVT PMIC : PMIC Fast-charge constant cur
#1201004 06.07.2026 12:58:53 : EVT WIFI : APs scanned:14
#1201005 06.07.2026 12:58:53 : WRN WIFI : No APs matched to connect
#1201006 06.07.2026 12:58:53 : EVT WIFI : Internal connect ret:103
#1201007 06.07.2026 12:58:53 : ERR <Unknown> : DL GET resultCode=500
#1201008 06.07.2026 12:58:53 : EVT <Unknown> : DL try retry after 40000 ms
#1201009 06.07.2026 12:58:57 : EVT PMIC : PMIC Maintain charge
#1201010 06.07.2026 12:59:04 : EVT PMIC : PMIC temp zone:0x7
#1201011 06.07.2026 12:59:04 : EVT PMIC : VBUS state is OFF
#1201012 06.07.2026 12:59:04 : EVT PMIC : Turn charge OFF since VBUS->OFF
#1201013 06.07.2026 12:59:04 : EVT WBCOMM : Route lost: ECSD00000000
#1201014 06.07.2026 12:59:04 : TRC FUEL_GAUGE : Chg->0,B:5,C:41.4,V:4434,U:0,bF:99%,bC:99%
#1201015 06.07.2026 12:59:04 : EVT OHR : VBUS off
#1201016 06.07.2026 12:59:04 : EVT OHR : S:ON 0->1
#1201017 06.07.2026 12:59:04 : EVT ANALYTICS : Battery-> 1 soc:99
#1201018 06.07.2026 12:59:04 : EVT OHR : APPINIT:caps 0x1f4, 6b738616
#1201019 06.07.2026 12:59:04 : EVT <Unknown> : 1783335544915:AI@1783335544890, tz120
#1201020 06.07.2026 12:59:04 : EVT OHR : S:start 0x2123
#1201021 06.07.2026 12:59:04 : EVT <Unknown> : 1783335544922:Meas start 0x2123
#1201022 06.07.2026 12:59:05 : EVT <Unknown> : 1783335544941:PD1464, 0
#1201023 06.07.2026 12:59:05 : EVT <Unknown> : 1783335545001:GMV 20251126/1/4/0/395/46
#1201024 06.07.2026 12:59:05 : EVT <Unknown> : 1783335545255:Mi1.6.10, auth 0, hr_mode 0
#1201025 06.07.2026 12:59:06 : EVT <Unknown> : 1783335545506:On Skin Set.
#1201026 06.07.2026 12:59:06 : EVT WIFI : Pwr down idle wifi (TO:13se)
#1201027 06.07.2026 12:59:06 : EVT WIFI : pwr down OK
#1201028 06.07.2026 12:59:10 : ERR <Unknown> : 1783335549521:Mi invalid call:100,code:0.
#1201029 06.07.2026 12:59:14 : EVT WBSTORAGE : CACHE_DEFRAG (592->664, 24->24, 25)
#1201030 06.07.2026 12:59:14 : EVT WBSTORAGE : CACHE_DEFRAG (616->848, 24->24, 25)
#1201031 06.07.2026 12:59:14 : TRC NAVIGATION : CG: no climb WP
#1201032 06.07.2026 12:59:14 : TRC NAVIGATION : CG:init ZoomType=0
#1201033 06.07.2026 12:59:14 : EVT NAVIGATION : initSeg Idx=0 D=1 T=0 3-0-4
#1201034 06.07.2026 12:59:14 : EVT WBSTORAGE : CACHE_DEFRAG (768->928, 24->24, 25)
#1201035 06.07.2026 12:59:14 : EVT ALTIFUSION : AltiBaroMode:0
#1201036 06.07.2026 12:59:14 : EVT APPLICATION : Zapp zwc05901:Disable
#1201037 06.07.2026 12:59:14 : EVT ANALYTICS : Zapp disabled i:3 h:ddb248f2 n:Vector classic
#1201038 06.07.2026 12:59:14 : EVT ANALYTICS : SleepQ:Tracking:On
#1201039 06.07.2026 12:59:14 : EVT ALTIFUSION : AltiBaroMode:0
#1201040 06.07.2026 12:59:14 : EVT UI_FRAMEWORK : JS nsto enable zapp: zzwethen
#1201041 06.07.2026 12:59:14 : EVT UI_FRAMEWORK : JS nsto enable zapp: zzmoveen
#1201042 06.07.2026 12:59:14 : EVT UI_FRAMEWORK : JS nsto enable zapp: climbl01
#1201043 06.07.2026 12:59:14 : EVT APPLICATION : Zapp zzwethen:Load script
#1201044 06.07.2026 12:59:14 : EVT APPLICATION : Zapp zzwethen:Enable
#1201045 06.07.2026 12:59:14 : EVT ANALYTICS : Zapp enabled i:8 h:3f77f8ec n:zzwethen v:ade
#1201046 06.07.2026 12:59:14 : EVT APPLICATION : Zapp clid:32878
#1201047 06.07.2026 12:59:14 : EVT APPLICATION : Zapp zzmoveen:Load script
#1201048 06.07.2026 12:59:15 : EVT APPLICATION : Zapp zzmoveen:Enable
#1201049 06.07.2026 12:59:15 : EVT ANALYTICS : Zapp enabled i:6 h:7aac0887 n:zzmoveen v:8e0
#1201050 06.07.2026 12:59:15 : EVT UI_FRAMEWORK : evalFile: b:/zapp/zzmoveen.fea/ext1.js from ui
#1201051 06.07.2026 12:59:15 : EVT APPLICATION : Zapp clid:32879
#1201052 06.07.2026 12:59:15 : EVT APPLICATION : Zapp climbl01:Load script
#1201053 06.07.2026 12:59:15 : EVT APPLICATION : Zapp climbl01:Enable
#1201054 06.07.2026 12:59:15 : EVT ANALYTICS : Zapp enabled i:5 h:a5e7afa5 n:climbl01 v:3.0
#1201055 06.07.2026 12:59:15 : EVT APPLICATION : Zapp clid:32880
#1201056 06.07.2026 12:59:15 : EVT UI_FRAMEWORK : JS nsto all zapps enabled.
#1201057 06.07.2026 12:59:15 : ERR WBMAIN : *0: app 595 Event 37 80995318
#1201058 06.07.2026 12:59:15 : ERR WBMAIN : 1: mea 20 Wait 0 00000000
#1201059 06.07.2026 12:59:15 : ERR WBMAIN : 2: ui 24 Wait 0 00000000
#1201060 06.07.2026 12:59:15 : EVT UI_FRAMEWORK : JS Prestart Activity Id: 16.000
#1201061 06.07.2026 12:59:15 : EVT GOMORE : GoMore Update User Info
#1201062 06.07.2026 12:59:15 : WRN WBAPI : eID-691468(277): /Dive/Alarms/Acknowledge 404
#1201063 06.07.2026 12:59:15 : WRN WBAPI : eID-691468(277): /Dive/DiveGases 404
#1201064 06.07.2026 12:59:15 : WRN WBAPI : eID-691468(277): /Dive/Gauge/Next 404
#1201065 06.07.2026 12:59:15 : EVT WBSTORAGE : CACHE_DEFRAG (904->912, 24->24, 25)
#1201066 06.07.2026 12:59:15 : EVT WBSTORAGE : CACHE_DEFRAG (840->848, 24->24, 25)
#1201067 06.07.2026 12:59:15 : EVT WBSTORAGE : CACHE_DEFRAG (776->784, 24->24, 25)
#1201068 06.07.2026 12:59:16 : EVT BLE : BLE Sensor Link 4800180D Conn (--E-:00:1)
#1201069 06.07.2026 12:59:16 : WRN BLE : sendConnect 6157
#1201070 06.07.2026 12:59:16 : EVT GPS : LocationProviderImpl:sub Best
#1201071 06.07.2026 12:59:16 : TRC GPS : Full GNSS data subd l:15 c:80160010
#1201072 06.07.2026 12:59:16 : WRN WBAPI : eID-691468(277): /Dive/TankPressure/Alarm/Count 404
#1201073 06.07.2026 12:59:16 : TRC GPS : Power enabled
#1201074 06.07.2026 12:59:16 : EVT <Unknown> : Update pres sampl intrvl:1
#1201075 06.07.2026 12:59:16 : EVT SPEEDFUSION : INFO # start speed fusion
#1201076 06.07.2026 12:59:16 : EVT SPEEDFUSION : Act:16,Acc:0,BPod:0,FPod:0,PPod:0,BeltPod:1
#1201077 06.07.2026 12:59:16 : EVT SPEEDFUSION : INFO # Start algo without wrist acc
#1201078 06.07.2026 12:59:16 : EVT OHR : S:start 0x21a3
#1201079 06.07.2026 12:59:16 : EVT UI_FRAMEWORK : evalFile: b:/zapp/climbl01.fea/ext12.js from ui
#1201080 06.07.2026 12:59:17 : EVT <Unknown> : 1783335556605:Meas start 0x21a3
#1201081 06.07.2026 12:59:17 : TRC GPS : Stat report:1
#1201082 06.07.2026 12:59:17 : TRC GPS : @GTIM 2026 7 6 10 59 17
#1201083 06.07.2026 12:59:17 : TRC GPS : Done:GTI
#1201084 06.07.2026 12:59:17 : TRC GPS : GNS setting 0x1fcb
#1201085 06.07.2026 12:59:17 : TRC GPS : @GSR
#1201086 06.07.2026 12:59:18 : TRC GPS : Done:GSR
#1201087 06.07.2026 12:59:21 : EVT OHR : No HR update, invalidate by timer
#1201088 06.07.2026 12:59:21 : EVT OHR : new HR update
#1201089 06.07.2026 12:59:23 : EVT GPS : LocationProviderImpl:sub Passive
#1201090 06.07.2026 12:59:23 : TRC GPS : Full GNSS data subd l:0 c:80160010
#1201091 06.07.2026 12:59:23 : WRN WBAPI : eID-691468(277): /Dive/Alarms/Acknowledge 404
#1201092 06.07.2026 12:59:23 : WRN WBAPI : eID-691468(277): /Dive/DiveGases 404
#1201093 06.07.2026 12:59:23 : WRN WBAPI : eID-691468(277): /Dive/Gauge/Next 404
#1201094 06.07.2026 12:59:23 : TRC GPS : GnssServiceLevel::PASSIVE
#1201095 06.07.2026 12:59:23 : TRC GPS : @GSTP
#1201096 06.07.2026 12:59:23 : EVT TRAININGLAB : TLab:~Mode T 13000 + 381 A 3600 + 110
#1201097 06.07.2026 12:59:23 : EVT TRAININGLAB : TLab:Change mode 2->3
#1201098 06.07.2026 12:59:23 : EVT TRAININGLAB : TLab:Mode::userInfo 60, 200, 1, 37, 182, 950, 1990
#1201099 06.07.2026 12:59:23 : EVT LOGGER : Log space:30542782 bytes free
#1201100 06.07.2026 12:59:24 : EVT TRAININGLAB : ModeUnsub:2800
#1201101 06.07.2026 12:59:24 : EVT TRAININGLAB : ModeSub:9004
#1201102 06.07.2026 12:59:24 : EVT TRAININGLAB : TLab:Select input 0
#1201103 06.07.2026 12:59:24 : EVT TRAININGLAB : TLab:Active input 0
#1201104 06.07.2026 12:59:24 : EVT LOGGER : Exercise started
#1201105 06.07.2026 12:59:24 : EVT BLE : HR RR on (122201356)
#1201106 06.07.2026 12:59:24 : TRC GPS : Full GNSS data subd l:0 c:802b0000
#1201107 06.07.2026 12:59:24 : ERR WBMAIN : *0: app 532 Event 37 8099031a
#1201108 06.07.2026 12:59:24 : ERR WBMAIN : 1: mea 0 Wait 0 00000000
#1201109 06.07.2026 12:59:24 : ERR WBMAIN : 2: ui 78 Wait 0 00000000
#1201110 06.07.2026 12:59:25 : TRC GPS : @BUP
#1201111 06.07.2026 12:59:25 : EVT ANALYTICS : Battery-> 3 soc:99
#1201112 06.07.2026 12:59:25 : EVT ANALYTICS : #FusHr src:0 time:0
#1201113 06.07.2026 12:59:25 : EVT ANALYTICS : #Act id:16
#1201114 06.07.2026 12:59:25 : EVT ANALYTICS : #powersave mode:p temp:31.1
#1201115 06.07.2026 12:59:25 : EVT ANALYTICS : GPSMODE:NOTUSED
#1201116 06.07.2026 12:59:25 : EVT ANALYTICS : #gnss d:2026-07-06T00:00:00Z
#1201117 06.07.2026 12:59:25 : EVT ANALYTICS : #zapp n:Weather e:1
#1201118 06.07.2026 12:59:25 : EVT ANALYTICS : #zapp n:Movement e:1
#1201119 06.07.2026 12:59:26 : EVT ANALYTICS : #zapp n:Climb Log e:1
#1201120 06.07.2026 12:59:26 : EVT BLE : lt,scan 1
#1201121 06.07.2026 12:59:26 : WRN BLE : sendDisconnect 6157
#1201122 06.07.2026 12:59:26 : ERR BLE : [AURA]No filters left, stopping scan
#1201123 06.07.2026 12:59:26 : ERR BLE : [AURA]Filter with handle 72 not found
#1201124 06.07.2026 12:59:26 : EVT BLE : packet 0 sensor found count 1
#1201125 06.07.2026 12:59:26 : EVT BLE : packet 0 sensor found count 2
#1201126 06.07.2026 12:59:26 : TRC GPS : Done:BUP
#1201127 06.07.2026 12:59:26 : TRC GPS : Power disabled
#1201128 06.07.2026 12:59:26 : WRN UI_FRAMEWORK : JsTotMem 132392/133120
#1201129 06.07.2026 12:59:27 : EVT ANALYTICS : #FusHr src:2 time:10877
#1201130 06.07.2026 12:59:27 : EVT TRAININGLAB : Tlab:HR src is 2
#1201131 06.07.2026 12:59:27 : EVT ANALYTICS : #FusHr src:2 time:0
#1201132 06.07.2026 12:59:27 : EVT TRAININGLAB : TLab:Active input 1
#1201133 06.07.2026 12:59:30 : ERR APPLICATION : Zapp:relMemCb (exec:zapp)
#1201134 06.07.2026 12:59:30 : EVT APPLICATION : Zapp zzwethen:Disable
#1201135 06.07.2026 12:59:30 : EVT ANALYTICS : Zapp disabled i:8 h:3f77f8ec n:Weather
#1201136 06.07.2026 12:59:30 : ERR APPLICATION : Zapp 3:RelMem->unload
#1201137 06.07.2026 12:59:30 : ERR APPLICATION : Zapp:relMemCb (exec:zapp)
#1201138 06.07.2026 12:59:30 : EVT APPLICATION : Zapp zzmoveen:Disable
#1201139 06.07.2026 12:59:30 : EVT ANALYTICS : Zapp disabled i:6 h:7aac0887 n:Movement
#1201140 06.07.2026 12:59:30 : ERR APPLICATION : Zapp 3:RelMem->unload
#1201141 06.07.2026 12:59:30 : ERR APPLICATION : Zapp:relMemCb (exec:zapp)
#1201142 06.07.2026 12:59:30 : ERR APPLICATION : Zapp:RelMem->None avail
#1201143 06.07.2026 12:59:30 : ERR DUKTAPE : JSalloc:2148
#1201144 06.07.2026 12:59:30 : ERR APPLICATION : Zapp:relMemCb (exec:zapp)
#1201145 06.07.2026 12:59:30 : ERR APPLICATION : Zapp:RelMem->None avail
#1201146 06.07.2026 12:59:30 : ERR DUKTAPE : JSalloc:2148
#1201147 06.07.2026 12:59:30 : ERR APPLICATION : Zapp:relMemCb (exec:zapp)
#1201148 06.07.2026 12:59:30 : ERR APPLICATION : Zapp:RelMem->None avail
#1201149 06.07.2026 12:59:30 : ERR DUKTAPE : JSalloc:2148
#1201150 06.07.2026 12:59:31 : EVT ANALYTICS : #ws AID:16 BM:1 NS:1 SP:1 ZN:0 TG:0 BL:0 GPS:0
#1201151 06.07.2026 12:59:31 : EVT ANALYTICS : #2ws AID:16 WHR:1 INT:0 AL:0 AP:0 FE:1 MC:1 TH:0
#1201152 06.07.2026 12:59:32 : EVT <Unknown> : 1783335571721:Off Skin Set.
#1201153 06.07.2026 12:59:33 : EVT PMIC : VBUS state is ON
#1201154 06.07.2026 12:59:33 : EVT PMIC : chgCntl1:0x70
#1201155 06.07.2026 12:59:33 : EVT PMIC : check chgCntl1:0x74
#1201156 06.07.2026 12:59:33 : EVT PMIC : Turn charge ON since VBUS->ON
#1201157 06.07.2026 12:59:33 : EVT PMIC : PMIC temp zone:0x2
#1201158 06.07.2026 12:59:33 : EVT PMIC : PMIC Fast-charge constant cur
#1201159 06.07.2026 12:59:33 : EVT OHR : VBUS on
#1201160 06.07.2026 12:59:33 : EVT OHR : S:stop a3
#1201161 06.07.2026 12:59:33 : EVT <Unknown> : 1783335573915:Meas stop 0x21a3
#1201162 06.07.2026 12:59:33 : EVT PMIC : VBUS state is ON
#1201163 06.07.2026 12:59:34 : WRN <Unknown> : 1783335573916:FSM EVT STOP.
#1201164 06.07.2026 12:59:34 : EVT OHR : S:OFF 1->0
#1201165 06.07.2026 12:59:34 : EVT PMIC : PMIC Maintain charge
#1201166 06.07.2026 12:59:34 : EVT PMIC : PMIC temp zone:0x7
#1201167 06.07.2026 12:59:34 : EVT PMIC : VBUS state is OFF
#1201168 06.07.2026 12:59:34 : EVT PMIC : Turn charge OFF since VBUS->OFF
#1201169 06.07.2026 12:59:34 : EVT OHR : VBUS off
#1201170 06.07.2026 12:59:34 : EVT OHR : S:ON 0->1
#1201171 06.07.2026 12:59:34 : WRN WBAPI : eID-691468(277): /Dive/Alarms/Acknowledge 404
#1201172 06.07.2026 12:59:34 : WRN WBAPI : eID-691468(277): /Dive/DiveGases 404
#1201173 06.07.2026 12:59:34 : WRN WBAPI : eID-691468(277): /Dive/Gauge/Next 404
#1201174 06.07.2026 12:59:34 : EVT OHR : APPINIT:caps 0x1f4, 6b738616
#1201175 06.07.2026 12:59:34 : EVT <Unknown> : 1783335574704:AI@1783335574680, tz120
#1201176 06.07.2026 12:59:34 : EVT OHR : S:start 0x21a3
#1201177 06.07.2026 12:59:35 : EVT <Unknown> : 1783335574710:Meas start 0x21a3
#1201178 06.07.2026 12:59:35 : EVT <Unknown> : 1783335574720:PD1464, 0
#1201179 06.07.2026 12:59:35 : EVT <Unknown> : 1783335574779:GMV 20251126/1/4/0/395/46
#1201180 06.07.2026 12:59:35 : EVT <Unknown> : 1783335575032:Mi1.6.10, auth 0, hr_mode 0
#1201181 06.07.2026 12:59:36 : EVT <Unknown> : 1783335575838:On Skin Set.
#1201182 06.07.2026 12:59:36 : EVT OHR : No HR update, invalidate by timer
#1201183 06.07.2026 12:59:40 : EVT LOGGER : LGR 934, 80
#1201184 06.07.2026 12:59:40 : WRN WBAPI : eID-691468(277): /Dive/Alarms/Acknowledge 404
#1201185 06.07.2026 12:59:40 : WRN WBAPI : eID-691468(277): /Dive/DiveGases 404
#1201186 06.07.2026 12:59:40 : WRN WBAPI : eID-691468(277): /Dive/Gauge/Next 404
#1201187 06.07.2026 12:59:40 : ERR <Unknown> : 1783335579851:Mi invalid call:100,code:0.
#1201188 06.07.2026 12:59:40 : EVT LOGGER : LGR 934, 80
#1201189 06.07.2026 12:59:41 : EVT UI_FRAMEWORK : evalFile: b:/zapp/climbl01.fea/ext10.js from ui
#1201190 06.07.2026 12:59:42 : WRN WBAPI : eID-691468(277): /Dive/Alarms/Acknowledge 404
#1201191 06.07.2026 12:59:42 : WRN WBAPI : eID-691468(277): /Dive/DiveGases 404
#1201192 06.07.2026 12:59:42 : WRN WBAPI : eID-691468(277): /Dive/Gauge/Next 404
#1201193 06.07.2026 12:59:44 : EVT LOGGER : LGR 934, 80
#1201194 06.07.2026 12:59:45 : WRN WBAPI : eID-691468(277): /Dive/Alarms/Acknowledge 404
#1201195 06.07.2026 12:59:45 : WRN WBAPI : eID-691468(277): /Dive/DiveGases 404
#1201196 06.07.2026 12:59:45 : WRN WBAPI : eID-691468(277): /Dive/Gauge/Next 404
#1201197 06.07.2026 12:59:47 : EVT LOGGER : Exercise paused
#1201198 06.07.2026 12:59:47 : WRN WBAPI : eID-691468(277): /Dive/Alarms/Acknowledge 404
#1201199 06.07.2026 12:59:47 : WRN WBAPI : eID-691468(277): /Dive/DiveGases 404
#1201200 06.07.2026 12:59:47 : WRN WBAPI : eID-691468(277): /Dive/Gauge/Next 404
#1201201 06.07.2026 12:59:50 : EVT APPLICATION : Zapp climbl01:Disable
#1201202 06.07.2026 12:59:50 : EVT UI_FRAMEWORK : evalFile: b:/zapp/climbl01.fea/ext11.js from ui
#1201203 06.07.2026 12:59:50 : EVT ANALYTICS : Zapp disabled i:5 h:a5e7afa5 n:Climb Log
#1201204 06.07.2026 12:59:50 : EVT UI_FRAMEWORK : JS discard disable zapps
#1201205 06.07.2026 12:59:50 : EVT UI_FRAMEWORK : JS will discard
#1201206 06.07.2026 12:59:50 : EVT SPEEDFUSION : INFO # stop speed fusion
#1201207 06.07.2026 12:59:50 : EVT <Unknown> : Update pres sampl intrvl:5
#1201208 06.07.2026 12:59:50 : WRN APPLICATION : discard hrr meas l:3 d:0 sh:0 mh:0 v:0
#1201209 06.07.2026 12:59:50 : WRN WBAPI : eID-698eec(583/65535): 404
#1201210 06.07.2026 12:59:50 : EVT GPS : LocationProviderImpl:sub Best
#1201211 06.07.2026 12:59:50 : TRC GPS : Full GNSS data subd l:15 c:80160010
#1201212 06.07.2026 12:59:50 : EVT TRAININGZONE : User Define Mode:5
#1201213 06.07.2026 12:59:50 : EVT TRAININGZONE : Tss HR:0.12
#1201214 06.07.2026 12:59:50 : EVT TRAININGZONE : A:16,Tss:[-200.00,-200.00,-200.00,0.12]
#1201215 06.07.2026 12:59:50 : EVT TRAININGLAB : AppFeature Vo2Max 0.000000
#1201216 06.07.2026 12:59:50 : EVT TRAININGLAB : TLab:~Mode T 13381 + 5 A 3710 + 0
#1201217 06.07.2026 12:59:50 : EVT TRAININGLAB : TLab:Change mode 3->2
#1201218 06.07.2026 12:59:50 : EVT TRAININGLAB : TLab:Mode::userInfo 60, 200, 1, 37, 182, 950, 1990
#1201219 06.07.2026 12:59:50 : EVT LOGGER : LGR 934, 80
#1201220 06.07.2026 12:59:50 : EVT TRAININGLAB : ModeUnsub:9145
#1201221 06.07.2026 12:59:50 : EVT OHR : S:start 0x2123
#1201222 06.07.2026 12:59:50 : EVT TRAININGLAB : ModeSub:0400
#1201223 06.07.2026 12:59:50 : EVT ANALYTICS : WAOae:Activity WAOae:16
#1201224 06.07.2026 12:59:50 : EVT ANALYTICS : WAOae:TotalAcc WAOae:0,0,0
#1201225 06.07.2026 12:59:50 : EVT ANALYTICS : WAOae:AccCount WAOae:0,0,0
#1201226 06.07.2026 12:59:51 : EVT ANALYTICS : WAOae:Distance WAOae:0,0,0
#1201227 06.07.2026 12:59:51 : EVT ANALYTICS : WAOae:Duration WAOae:0,0,0
#1201228 06.07.2026 12:59:51 : EVT ANALYTICS : WAOae:Coeff WAOae:0,40,122,272,773,7524,7624
#1201229 06.07.2026 12:59:51 : EVT LOGGER : Exercise stopped
#1201230 06.07.2026 12:59:51 : EVT BLE : HR RR off (122228354, 26998 ms missing)
#1201231 06.07.2026 12:59:51 : EVT BLE : HR RR done
#1201232 06.07.2026 12:59:51 : EVT LOGGER : HrIbiLogger stop, off (0 ms)
#1201233 06.07.2026 12:59:51 : EVT LOGGER : HrIbiLogger stopped (0 ms)
#1201234 06.07.2026 12:59:51 : TRC GPS : Unsubd c:802b0000
#1201235 06.07.2026 12:59:51 : EVT LOGGER : LGR 934, 80
#1201236 06.07.2026 12:59:51 : EVT LOGGER : LGR 934, 80
#1201237 06.07.2026 12:59:51 : TRC GPS : Power enabled
#1201238 06.07.2026 12:59:51 : EVT ANALYTICS : SleepQ:Tracking:On
#1201239 06.07.2026 12:59:51 : EVT LOGGER : Wr dpc on
#1201240 06.07.2026 12:59:51 : EVT <Unknown> : 1783335590981:Meas start 0x2123
#1201241 06.07.2026 12:59:51 : EVT LOGGER : LGR 20993, 56
#1201242 06.07.2026 12:59:52 : EVT OHR : No HR update, invalidate by timer
#1201243 06.07.2026 12:59:52 : EVT BLE : Disconn sensor:1
#1201244 06.07.2026 12:59:52 : EVT BLE : BLE Sensor Link 4800180D Disc (L-E-:00:0)
#1201245 06.07.2026 12:59:52 : WRN BLE : sendDisconnect 6157
#1201246 06.07.2026 12:59:52 : ERR BLE : [AURA]No filters left, stopping scan
#1201247 06.07.2026 12:59:52 : TRC GPS : Stat report:1
#1201248 06.07.2026 12:59:52 : EVT UI_FRAMEWORK : JS feeling vs idle 1
#1201249 06.07.2026 12:59:52 : EVT UI_FRAMEWORK : JS feeling open ex-saving
#1201250 06.07.2026 12:59:52 : TRC GPS : @GTIM 2026 7 6 10 59 52
#1201251 06.07.2026 12:59:52 : TRC GPS : Done:GTI
#1201252 06.07.2026 12:59:52 : TRC GPS : GNS setting 0x1fcb
#1201253 06.07.2026 12:59:52 : TRC GPS : @GSR
#1201254 06.07.2026 12:59:52 : EVT OHR : new HR update
#1201255 06.07.2026 12:59:52 : EVT WBSTORAGE : CACHE_DEFRAG (696->848, 24->24, 25)
#1201256 06.07.2026 12:59:52 : TRC NAVIGATION : CG: no climb WP
#1201257 06.07.2026 12:59:52 : TRC NAVIGATION : CG:init ZoomType=0
#1201258 06.07.2026 12:59:52 : EVT NAVIGATION : initSeg Idx=0 D=1 T=0 3-0-4
#1201259 06.07.2026 12:59:52 : EVT WBSTORAGE : CACHE_DEFRAG (832->1048, 24->24, 25)
#1201260 06.07.2026 12:59:52 : EVT SPEEDFUSION : INFO # IDLE mode(-1) set
#1201261 06.07.2026 12:59:52 : EVT ALTIFUSION : AltiBaroMode:2
#1201262 06.07.2026 12:59:52 : ERR WBMAIN : *0: app 541 Event 37 8099031c
#1201263 06.07.2026 12:59:52 : ERR WBMAIN : 1: mea 0 Wait 0 00000000
#1201264 06.07.2026 12:59:52 : ERR WBMAIN : 2: ui 2 Wait 0 00000000
#1201265 06.07.2026 12:59:52 : EVT GPS : LocationProviderImpl:sub Passive
#1201266 06.07.2026 12:59:52 : TRC GPS : Full GNSS data subd l:0 c:80160010
#1201267 06.07.2026 12:59:53 : WRN LOGGER : Delete b:logs/6A3227E9
#1201268 06.07.2026 12:59:53 : TRC GPS : Done:GSR
#1201269 06.07.2026 12:59:53 : EVT ANALYTICS : #powersave mode:p temp:31.2
#1201270 06.07.2026 12:59:53 : EVT ANALYTICS : Battery-> 4 soc:99
#1201271 06.07.2026 12:59:53 : TRC GPS : GnssServiceLevel::PASSIVE
#1201272 06.07.2026 12:59:53 : TRC GPS : @GSTP
#1201273 06.07.2026 12:59:54 : TRC GPS : @BUP
#1201274 06.07.2026 12:59:56 : TRC GPS : Done:BUP
#1201275 06.07.2026 12:59:56 : TRC GPS : Power disabled
#1201276 06.07.2026 12:59:56 : EVT ANALYTICS : Duration ExSaving:3822
#1201277 06.07.2026 12:59:56 : EVT ANALYTICS : Duration ExSumBroker:377
#1201278 06.07.2026 12:59:58 : EVT ALTIFUSION : Init Search Kalman
#1201279 06.07.2026 12:59:58 : EVT GPS : AltitudeService:sub Best
#1201280 06.07.2026 12:59:58 : TRC GPS : Full GNSS data subd l:15 c:80420010
#1201281 06.07.2026 12:59:58 : TRC GPS : Power enabled
#1201282 06.07.2026 12:59:58 : EVT <Unknown> : 1783335597672:Off Skin Set.
#1201283 06.07.2026 12:59:59 : TRC GPS : Stat report:1
#1201284 06.07.2026 12:59:59 : TRC GPS : @GTIM 2026 7 6 10 59 59
#1201285 06.07.2026 12:59:59 : TRC GPS : Done:GTI
#1201286 06.07.2026 12:59:59 : TRC GPS : GNS setting 0x1fcb
#1201287 06.07.2026 12:59:59 : TRC GPS : @GSR
#1201288 06.07.2026 13:00:00 : TRC GPS : Done:GSR
#1201289 06.07.2026 13:00:00 : ERR WBMAIN : *0: app 634 Event 24 80892700
#1201290 06.07.2026 13:00:00 : ERR WBMAIN : 1: mea 0 Event 3 80891701
#1201291 06.07.2026 13:00:00 : ERR WBMAIN : 2: ui 140 Proc 0 00000000
#1201292 06.07.2026 13:00:00 : EVT <Unknown> : pwr daily,ontime:13
#1201293 06.07.2026 13:00:00 : EVT WBSTORAGE : CACHE_DEFRAG (1024->1032, 24->24, 25)
#1201294 06.07.2026 13:00:00 : EVT WEATHER : t:495369, d:2
#1201295 06.07.2026 13:00:01 : EVT UI_FRAMEWORK : JS delete log
#1201296 06.07.2026 13:00:01 : WRN LOGGER : Delete b:logs/6A4B8A8B
#1201297 06.07.2026 13:00:03 : EVT OHR : No HR update, invalidate by timer
#1201298 06.07.2026 13:00:03 : EVT WBSTORAGE : CACHE_DEFRAG (920->928, 24->24, 25)
#1201299 06.07.2026 13:00:03 : EVT APPLICATION : Zapp zwc05901:Load script
#1201300 06.07.2026 13:00:03 : EVT APPLICATION : Zapp zwc05901:Enable
#1201301 06.07.2026 13:00:03 : EVT ANALYTICS : Zapp enabled i:3 h:ddb248f2 n:zwc05901 v:124f
#1201302 06.07.2026 13:00:03 : WRN WBAPI : eID-691468(277): /Weather/Current/ValidWeatherData.temp 
#1201303 06.07.2026 13:00:04 : EVT <Unknown> : 1783335604300:On Skin Set.
#1201304 06.07.2026 13:00:05 : EVT <Unknown> : 1783335604611:Off Skin Set.
#1201305 06.07.2026 13:00:07 : EVT PMIC : VBUS state is ON
#1201306 06.07.2026 13:00:07 : EVT PMIC : chgCntl1:0x70
#1201307 06.07.2026 13:00:07 : EVT PMIC : check chgCntl1:0x74
#1201308 06.07.2026 13:00:07 : EVT PMIC : Turn charge ON since VBUS->ON
#1201309 06.07.2026 13:00:07 : ERR WR_MAGN : TLI493D-W2BW (FF=1 PD0=0)
#1201310 06.07.2026 13:00:07 : ERR WR_MAGN : WRMAGN:measure
#1201311 06.07.2026 13:00:07 : EVT PMIC : PMIC temp zone:0x2
#1201312 06.07.2026 13:00:07 : EVT PMIC : PMIC Fast-charge constant cur
#1201313 06.07.2026 13:00:07 : EVT OHR : VBUS on
#1201314 06.07.2026 13:00:07 : EVT OHR : S:stop 23
#1201315 06.07.2026 13:00:07 : EVT <Unknown> : 1783335607402:Meas stop 0x2123
#1201316 06.07.2026 13:00:07 : WRN <Unknown> : 1783335607403:FSM EVT STOP.
#1201317 06.07.2026 13:00:07 : EVT OHR : S:OFF 1->0
#1201318 06.07.2026 13:00:08 : EVT PMIC : PMIC Maintain charge
#1201319 06.07.2026 13:00:08 : EVT PMIC : PMIC Fast-charge constant voltage
#1201320 06.07.2026 13:00:08 : EVT PMIC : PMIC Maintain charge
#1201321 06.07.2026 13:00:09 : EVT PMIC : PMIC Fast-charge constant cur
#1201322 06.07.2026 13:00:09 : EVT PMIC : PMIC Fast-charge constant cur
#1201323 06.07.2026 13:00:09 : EVT PMIC : PMIC Fast-charge constant cur
#1201324 06.07.2026 13:00:09 : EVT PMIC : PMIC Fast-charge constant cur
#1201325 06.07.2026 13:00:09 : EVT PMIC : PMIC temp zone:0x7
#1201326 06.07.2026 13:00:09 : EVT PMIC : VBUS state is OFF
#1201327 06.07.2026 13:00:09 : EVT PMIC : Turn charge OFF since VBUS->OFF
#1201328 06.07.2026 13:00:09 : EVT OHR : VBUS off
#1201329 06.07.2026 13:00:09 : EVT OHR : S:ON 0->1
#1201330 06.07.2026 13:00:10 : EVT OHR : APPINIT:caps 0x1f4, 6b738616
#1201331 06.07.2026 13:00:10 : EVT <Unknown> : 1783335610086:AI@1783335610040, tz120
#1201332 06.07.2026 13:00:10 : EVT OHR : S:start 0x2123
#1201333 06.07.2026 13:00:10 : EVT <Unknown> : 1783335610093:Meas start 0x2123
#1201334 06.07.2026 13:00:10 : EVT <Unknown> : 1783335610108:PD1464, 0
#1201335 06.07.2026 13:00:10 : EVT <Unknown> : 1783335610172:GMV 20251126/1/4/0/395/46
#1201336 06.07.2026 13:00:10 : EVT <Unknown> : 1783335610426:Mi1.6.10, auth 0, hr_mode 0
#1201337 06.07.2026 13:00:11 : EVT PMIC : VBUS state is ON
#1201338 06.07.2026 13:00:11 : EVT PMIC : chgCntl1:0x70
#1201339 06.07.2026 13:00:11 : EVT PMIC : check chgCntl1:0x74
#1201340 06.07.2026 13:00:11 : EVT PMIC : Turn charge ON since VBUS->ON
#1201341 06.07.2026 13:00:11 : EVT PMIC : PMIC temp zone:0x2
#1201342 06.07.2026 13:00:11 : EVT PMIC : PMIC Fast-charge constant cur
#1201343 06.07.2026 13:00:11 : EVT OHR : VBUS on
#1201344 06.07.2026 13:00:11 : EVT OHR : S:stop 23
#1201345 06.07.2026 13:00:11 : EVT <Unknown> : 1783335611199:Meas stop 0x2123
#1201346 06.07.2026 13:00:11 : EVT PMIC : VBUS state is ON
#1201347 06.07.2026 13:00:11 : WRN <Unknown> : 1783335611200:FSM EVT STOP.
#1201348 06.07.2026 13:00:11 : EVT OHR : S:OFF 1->0
#1201349 06.07.2026 13:00:11 : EVT PMIC : PMIC Maintain charge
#1201350 06.07.2026 13:00:13 : TRC FUEL_GAUGE : Chg->1,B:5,C:1.1,V:4420,U:1,bF:99%,bC:99%
#1201351 06.07.2026 13:00:13 : EVT PMIC : PMIC Fast-charge constant voltage
#1201352 06.07.2026 13:00:13 : EVT ANALYTICS : Battery-> 2 soc:99
#1201353 06.07.2026 13:00:13 : EVT PMIC : PMIC Maintain charge
#1201354 06.07.2026 13:00:17 : EVT WBCOMM : P-9 connection made to ECSD00000000
#1201355 06.07.2026 13:00:17 : EVT WBCOMM : New Route: ECSD00000000
#1201356 06.07.2026 13:00:20 : EVT PMIC : PMIC Precharge
#1201357 06.07.2026 13:00:20 : EVT PMIC : PMIC Fast-charge constant cur
#1201358 06.07.2026 13:00:20 : EVT PMIC : PMIC Fast-charge constant cur
#1201359 06.07.2026 13:00:20 : EVT PMIC : PMIC Fast-charge constant cur
#1201360 06.07.2026 13:00:20 : EVT PMIC : PMIC Precharge
#1201361 06.07.2026 13:00:20 : EVT PMIC : PMIC Fast-charge constant cur
#1201362 06.07.2026 13:00:20 : EVT PMIC : PMIC Precharge
#1201363 06.07.2026 13:00:20 : EVT PMIC : PMIC Fast-charge constant cur
#1201364 06.07.2026 13:00:20 : EVT PMIC : PMIC Fast-charge constant cur
#1201365 06.07.2026 13:00:20 : EVT PMIC : PMIC Fast-charge constant cur
#1201366 06.07.2026 13:00:20 : EVT PMIC : PMIC Fast-charge constant cur
#1201367 06.07.2026 13:00:20 : EVT PMIC : PMIC Fast-charge constant cur
#1201368 06.07.2026 13:00:20 : EVT PMIC : PMIC Fast-charge constant cur
#1201369 06.07.2026 13:00:20 : EVT PMIC : PMIC Fast-charge constant cur
#1201370 06.07.2026 13:00:21 : EVT PMIC : PMIC Fast-charge constant cur
#1201371 06.07.2026 13:00:21 : EVT PMIC : PMIC Fast-charge constant cur
#1201372 06.07.2026 13:00:21 : EVT PMIC : PMIC Precharge
#1201373 06.07.2026 13:00:21 : EVT PMIC : PMIC Fast-charge constant cur
#1201374 06.07.2026 13:00:21 : EVT PMIC : PMIC Maintain charge
#1201375 06.07.2026 13:00:21 : TRC FUEL_GAUGE : batFgLevel cur:100%, prev:99%
#1201376 06.07.2026 13:00:21 : EVT PMIC : PMIC Precharge
#1201377 06.07.2026 13:00:21 : EVT PMIC : PMIC Fast-charge constant cur
#1201378 06.07.2026 13:00:21 : EVT PMIC : PMIC Precharge
#1201379 06.07.2026 13:00:21 : EVT PMIC : PMIC Fast-charge constant cur
#1201380 06.07.2026 13:00:21 : EVT PMIC : PMIC Fast-charge constant cur
#1201381 06.07.2026 13:00:21 : EVT PMIC : PMIC Fast-charge constant cur
#1201382 06.07.2026 13:00:21 : EVT PMIC : PMIC Fast-charge constant cur
#1201383 06.07.2026 13:00:21 : ERR WBMAIN : *0: app 1063 Event 36 80005310
#1201384 06.07.2026 13:00:21 : ERR WBMAIN : 1: mea 34 Wait 0 00000000
#1201385 06.07.2026 13:00:21 : ERR WBMAIN : 2: ui 33 Wait 0 00000000
#1201386 06.07.2026 13:00:21 : EVT PMIC : PMIC Precharge
#1201387 06.07.2026 13:00:21 : EVT PMIC : PMIC Fast-charge constant cur
#1201388 06.07.2026 13:00:21 : EVT PMIC : PMIC Fast-charge constant cur
#1201389 06.07.2026 13:00:21 : EVT PMIC : PMIC Fast-charge constant cur
#1201390 06.07.2026 13:00:21 : EVT PMIC : PMIC Fast-charge constant cur
#1201391 06.07.2026 13:00:21 : EVT PMIC : PMIC Fast-charge constant cur
#1201392 06.07.2026 13:00:21 : EVT PMIC : PMIC Fast-charge constant cur
#1201393 06.07.2026 13:00:21 : EVT PMIC : PMIC Fast-charge constant cur
#1201394 06.07.2026 13:00:21 : EVT PMIC : PMIC Fast-charge constant cur
#1201395 06.07.2026 13:00:21 : EVT PMIC : PMIC Fast-charge constant cur
#1201396 06.07.2026 13:00:21 : EVT PMIC : PMIC Fast-charge constant cur
#1201397 06.07.2026 13:00:21 : EVT PMIC : PMIC Maintain charge
#1201398 06.07.2026 13:00:22 : EVT PMIC : PMIC Fast-charge constant cur
#1201399 06.07.2026 13:00:22 : EVT PMIC : PMIC Fast-charge constant cur
#1201400 06.07.2026 13:00:22 : EVT PMIC : PMIC Fast-charge constant cur
#1201401 06.07.2026 13:00:22 : EVT PMIC : PMIC Fast-charge constant cur
#1201402 06.07.2026 13:00:22 : ERR WBMAIN : *0: app 840 Event 36 80005310
#1201403 06.07.2026 13:00:22 : ERR WBMAIN : 1: mea 12 Wait 0 00000000
#1201404 06.07.2026 13:00:22 : ERR WBMAIN : 2: ui 80 Wait 0 00000000
#1201405 06.07.2026 13:00:22 : EVT PMIC : PMIC Precharge
#1201406 06.07.2026 13:00:22 : EVT PMIC : PMIC Fast-charge constant cur
#1201407 06.07.2026 13:00:22 : EVT PMIC : PMIC Fast-charge constant cur
#1201408 06.07.2026 13:00:22 : EVT PMIC : PMIC Fast-charge constant cur
#1201409 06.07.2026 13:00:22 : EVT PMIC : PMIC Fast-charge constant cur
#1201410 06.07.2026 13:00:22 : EVT PMIC : PMIC Fast-charge constant cur
#1201411 06.07.2026 13:00:22 : EVT PMIC : PMIC Fast-charge constant cur
#1201412 06.07.2026 13:00:22 : EVT PMIC : PMIC Fast-charge constant cur
#1201413 06.07.2026 13:00:22 : EVT PMIC : PMIC Precharge
#1201414 06.07.2026 13:00:22 : EVT PMIC : PMIC Fast-charge constant cur
#1201415 06.07.2026 13:00:22 : EVT PMIC : PMIC Fast-charge constant cur
#1201416 06.07.2026 13:00:22 : EVT PMIC : PMIC Fast-charge constant cur
#1201417 06.07.2026 13:00:22 : EVT PMIC : PMIC Precharge
#1201418 06.07.2026 13:00:22 : EVT PMIC : PMIC Fast-charge constant cur
#1201419 06.07.2026 13:00:22 : EVT PMIC : PMIC Maintain charge
#1201420 06.07.2026 13:00:22 : EVT PMIC : PMIC Fast-charge constant cur
#1201421 06.07.2026 13:00:22 : EVT PMIC : PMIC Fast-charge constant cur
#1201422 06.07.2026 13:00:22 : EVT PMIC : PMIC Fast-charge constant cur
#1201423 06.07.2026 13:00:22 : EVT PMIC : PMIC Fast-charge constant cur
#1201424 06.07.2026 13:00:22 : EVT PMIC : PMIC Fast-charge constant cur
#1201425 06.07.2026 13:00:22 : EVT PMIC : PMIC Fast-charge constant cur
#1201426 06.07.2026 13:00:23 : EVT PMIC : PMIC Fast-charge constant cur
#1201427 06.07.2026 13:00:23 : EVT PMIC : PMIC Fast-charge constant cur
#1201428 06.07.2026 13:00:23 : EVT PMIC : PMIC Fast-charge constant cur
#1201429 06.07.2026 13:00:23 : EVT PMIC : PMIC Fast-charge constant cur
#1201430 06.07.2026 13:00:23 : EVT PMIC : PMIC Fast-charge constant cur
#1201431 06.07.2026 13:00:23 : EVT PMIC : PMIC Fast-charge constant cur
#1201432 06.07.2026 13:00:23 : EVT PMIC : PMIC Fast-charge constant cur
#1201433 06.07.2026 13:00:23 : EVT PMIC : PMIC Fast-charge constant cur
#1201434 06.07.2026 13:00:23 : EVT PMIC : PMIC Fast-charge constant cur
#1201435 06.07.2026 13:00:23 : EVT PMIC : PMIC Fast-charge constant cur
#1201436 06.07.2026 13:00:23 : EVT PMIC : PMIC Fast-charge constant cur
#1201437 06.07.2026 13:00:23 : EVT PMIC : PMIC Fast-charge constant cur
#1201438 06.07.2026 13:00:23 : EVT PMIC : PMIC Fast-charge constant cur
#1201439 06.07.2026 13:00:23 : EVT ANALYTICS : Sync start
#1201440 06.07.2026 13:00:23 : EVT PMIC : PMIC Fast-charge constant cur
#1201441 06.07.2026 13:00:23 : EVT PMIC : PMIC Fast-charge constant cur
#1201442 06.07.2026 13:00:23 : EVT PMIC : PMIC Precharge
#1201443 06.07.2026 13:00:23 : EVT PMIC : PMIC Fast-charge constant cur
#1201444 06.07.2026 13:00:23 : EVT PMIC : PMIC Precharge
#1201445 06.07.2026 13:00:23 : EVT PMIC : PMIC Fast-charge constant cur
#1201446 06.07.2026 13:00:23 : EVT PMIC : PMIC Fast-charge constant cur
#1201447 06.07.2026 13:00:23 : EVT PMIC : PMIC Fast-charge constant cur
#1201448 06.07.2026 13:00:23 : EVT PMIC : PMIC Precharge
#1201449 06.07.2026 13:00:23 : EVT PMIC : PMIC Fast-charge constant cur
#1201450 06.07.2026 13:00:23 : EVT PMIC : PMIC Fast-charge constant cur
#1201451 06.07.2026 13:00:23 : EVT PMIC : PMIC Fast-charge constant cur
#1201452 06.07.2026 13:00:23 : EVT PMIC : PMIC Fast-charge constant cur
#1201453 06.07.2026 13:00:23 : EVT PMIC : PMIC Fast-charge constant cur
#1201454 06.07.2026 13:00:23 : EVT PMIC : PMIC Fast-charge constant cur
#1201455 06.07.2026 13:00:23 : EVT PMIC : PMIC Fast-charge constant cur
#1201456 06.07.2026 13:00:23 : EVT PMIC : PMIC Fast-charge constant cur
#1201457 06.07.2026 13:00:23 : EVT PMIC : PMIC Fast-charge constant cur
#1201458 06.07.2026 13:00:23 : EVT PMIC : PMIC Fast-charge constant cur
#1201459 06.07.2026 13:00:23 : EVT PMIC : PMIC Fast-charge constant cur
#1201460 06.07.2026 13:00:23 : EVT PMIC : PMIC Fast-charge constant cur
#1201461 06.07.2026 13:00:23 : EVT PMIC : PMIC Fast-charge constant cur
#1201462 06.07.2026 13:00:23 : EVT PMIC : PMIC Fast-charge constant cur
#1201463 06.07.2026 13:00:23 : EVT ANALYTICS : Sync start
#1201464 06.07.2026 13:00:23 : EVT PMIC : PMIC Fast-charge constant cur
#1201465 06.07.2026 13:00:23 : EVT PMIC : PMIC Fast-charge constant cur
#1201466 06.07.2026 13:00:23 : EVT PMIC : PMIC Fast-charge constant cur
#1201467 06.07.2026 13:00:23 : EVT PMIC : PMIC Fast-charge constant cur
#1201468 06.07.2026 13:00:23 : EVT PMIC : PMIC Fast-charge constant cur
#1201469 06.07.2026 13:00:23 : EVT PMIC : PMIC Precharge
#1201470 06.07.2026 13:00:23 : EVT PMIC : PMIC Fast-charge constant cur
#1201471 06.07.2026 13:00:24 : EVT PMIC : PMIC Precharge
#1201472 06.07.2026 13:00:24 : EVT PMIC : PMIC Fast-charge constant cur
#1201473 06.07.2026 13:00:24 : EVT PMIC : PMIC Fast-charge constant cur
#1201474 06.07.2026 13:00:24 : EVT PMIC : PMIC Fast-charge constant cur
#1201475 06.07.2026 13:00:24 : EVT PMIC : PMIC Maintain charge

