#1143577 02.07.2026 22:08:51 : EVT UI_FRAMEWORK : evalFile: b:/zapp/zzmoveen.fea/ext1.js from ui
#1143578 02.07.2026 22:08:51 : EVT APPLICATION : Zapp clid:32879
#1143579 02.07.2026 22:08:51 : EVT APPLICATION : Zapp climbl01:Load script
#1143580 02.07.2026 22:08:51 : EVT APPLICATION : Zapp climbl01:Enable
#1143581 02.07.2026 22:08:51 : EVT ANALYTICS : Zapp enabled i:5 h:a5e7afa5 n:climbl01 v:3.0
#1143582 02.07.2026 22:08:51 : EVT APPLICATION : Zapp clid:32880
#1143583 02.07.2026 22:08:51 : ERR <Unknown> : 1783022931752:Mi invalid call:100,code:0.
#1143584 02.07.2026 22:08:51 : ERR WBMAIN : *0: app 696 Event 37 80995318
#1143585 02.07.2026 22:08:51 : ERR WBMAIN : 1: mea 2 Wait 0 00000000
#1143586 02.07.2026 22:08:51 : ERR WBMAIN : 2: ui 1 Proc 0 00000000
#1143587 02.07.2026 22:08:51 : EVT UI_FRAMEWORK : JS nsto all zapps enabled.
#1143588 02.07.2026 22:08:51 : EVT UI_FRAMEWORK : JS Prestart Activity Id: 16.000
#1143589 02.07.2026 22:08:51 : WRN WBAPI : eID-691468(277): /Dive/Alarms/Acknowledge 404
#1143590 02.07.2026 22:08:51 : WRN WBAPI : eID-691468(277): /Dive/DiveGases 404
#1143591 02.07.2026 22:08:51 : WRN WBAPI : eID-691468(277): /Dive/Gauge/Next 404
#1143592 02.07.2026 22:08:52 : EVT WBSTORAGE : CACHE_DEFRAG (904->912, 24->24, 25)
#1143593 02.07.2026 22:08:52 : EVT WBSTORAGE : CACHE_DEFRAG (840->848, 24->24, 25)
#1143594 02.07.2026 22:08:52 : EVT WBSTORAGE : CACHE_DEFRAG (776->784, 24->24, 25)
#1143595 02.07.2026 22:08:52 : EVT BLE : BLE Sensor Link 4800180D Conn (--E-:00:1)
#1143596 02.07.2026 22:08:52 : WRN BLE : sendConnect 6157
#1143597 02.07.2026 22:08:52 : WRN WBAPI : eID-691468(277): /Dive/TankPressure/Alarm/Count 404
#1143598 02.07.2026 22:08:52 : EVT SPEEDFUSION : INFO # start speed fusion
#1143599 02.07.2026 22:08:52 : EVT SPEEDFUSION : Act:16,Acc:0,BPod:0,FPod:0,PPod:0,BeltPod:1
#1143600 02.07.2026 22:08:52 : EVT SPEEDFUSION : INFO # Start algo without wrist acc
#1143601 02.07.2026 22:08:52 : EVT <Unknown> : Update pres sampl intrvl:1
#1143602 02.07.2026 22:08:52 : EVT OHR : S:start 0x21a3
#1143603 02.07.2026 22:08:52 : EVT UI_FRAMEWORK : evalFile: b:/zapp/climbl01.fea/ext12.js from ui
#1143604 02.07.2026 22:08:52 : EVT <Unknown> : 1783022932505:Meas start 0x21a3
#1143605 02.07.2026 22:08:56 : EVT TRAININGLAB : TLab:~Mode T 7335 + 40 A 4140 + 0
#1143606 02.07.2026 22:08:56 : EVT TRAININGLAB : TLab:Change mode 2->3
#1143607 02.07.2026 22:08:56 : WRN WBAPI : eID-691468(277): /Dive/Alarms/Acknowledge 404
#1143608 02.07.2026 22:08:56 : WRN WBAPI : eID-691468(277): /Dive/DiveGases 404
#1143609 02.07.2026 22:08:56 : WRN WBAPI : eID-691468(277): /Dive/Gauge/Next 404
#1143610 02.07.2026 22:08:56 : EVT TRAININGLAB : TLab:Mode::userInfo 60, 200, 1, 37, 182, 950, 1990
#1143611 02.07.2026 22:08:56 : EVT LOGGER : Log space:30462138 bytes free
#1143612 02.07.2026 22:08:56 : EVT TRAININGLAB : ModeUnsub:2800
#1143613 02.07.2026 22:08:56 : EVT TRAININGLAB : ModeSub:9004
#1143614 02.07.2026 22:08:56 : EVT TRAININGLAB : TLab:Select input 0
#1143615 02.07.2026 22:08:56 : EVT TRAININGLAB : TLab:Active input 0
#1143616 02.07.2026 22:08:56 : EVT LOGGER : Exercise started
#1143617 02.07.2026 22:08:56 : EVT BLE : HR RR on (20721726)
#1143618 02.07.2026 22:08:56 : TRC GPS : Full GNSS data subd l:0 c:802b0000
#1143619 02.07.2026 22:08:57 : EVT OHR : No HR update, invalidate by timer
#1143620 02.07.2026 22:08:58 : EVT ANALYTICS : Battery-> 3 soc:97
#1143621 02.07.2026 22:08:58 : EVT ANALYTICS : #FusHr src:0 time:0
#1143622 02.07.2026 22:08:58 : EVT ANALYTICS : #Act id:16
#1143623 02.07.2026 22:08:58 : EVT ANALYTICS : #powersave mode:p temp:32.3
#1143624 02.07.2026 22:08:58 : EVT ANALYTICS : GPSMODE:NOTUSED
#1143625 02.07.2026 22:08:58 : EVT ANALYTICS : #gnss d:2026-07-02T00:00:00Z
#1143626 02.07.2026 22:08:58 : EVT ANALYTICS : #zapp n:Weather e:1
#1143627 02.07.2026 22:08:58 : EVT ANALYTICS : #zapp n:Movement e:1
#1143628 02.07.2026 22:08:58 : EVT ANALYTICS : #zapp n:Climb Log e:1
#1143629 02.07.2026 22:09:00 : EVT SEDENTARY : stop monitoring
#1143630 02.07.2026 22:09:02 : EVT BLE : lt,scan 1
#1143631 02.07.2026 22:09:02 : WRN BLE : sendDisconnect 6157
#1143632 02.07.2026 22:09:02 : ERR BLE : [AURA]No filters left, stopping scan
#1143633 02.07.2026 22:09:02 : ERR BLE : [AURA]Filter with handle 72 not found
#1143634 02.07.2026 22:09:02 : EVT BLE : packet 0 sensor found count 1
#1143635 02.07.2026 22:09:02 : EVT BLE : packet 0 sensor found count 2
#1143636 02.07.2026 22:09:03 : EVT OHR : new HR update
#1143637 02.07.2026 22:09:04 : EVT ANALYTICS : #ws AID:16 BM:1 NS:0 SP:3 ZN:0 TG:0 BL:0 GPS:0
#1143638 02.07.2026 22:09:04 : EVT ANALYTICS : #2ws AID:16 WHR:1 INT:0 AL:0 AP:0 FE:1 MC:1 TH:0
#1143639 02.07.2026 22:09:06 : EVT ANALYTICS : #FusHr src:2 time:10282
#1143640 02.07.2026 22:09:06 : EVT TRAININGLAB : Tlab:HR src is 2
#1143641 02.07.2026 22:09:06 : EVT ANALYTICS : #FusHr src:2 time:0
#1143642 02.07.2026 22:09:06 : EVT TRAININGLAB : TLab:Active input 1
#1143643 02.07.2026 22:09:20 : EVT <Unknown> : 1783022960160:SCD DET STATE ON.
#1143644 02.07.2026 22:09:24 : EVT UI_FRAMEWORK : evalFile: b:/zapp/climbl01.fea/ext18.js from ui
#1143645 02.07.2026 22:09:28 : EVT <Unknown> : 1783022968442:Off Skin Set.
#1143646 02.07.2026 22:09:29 : EVT PMIC : VBUS state is ON
#1143647 02.07.2026 22:09:29 : EVT PMIC : chgCntl1:0x70
#1143648 02.07.2026 22:09:29 : EVT PMIC : check chgCntl1:0x74
#1143649 02.07.2026 22:09:29 : EVT PMIC : Turn charge ON since VBUS->ON
#1143650 02.07.2026 22:09:29 : EVT PMIC : PMIC temp zone:0x2
#1143651 02.07.2026 22:09:29 : EVT PMIC : PMIC Fast-charge constant cur
#1143652 02.07.2026 22:09:29 : EVT OHR : VBUS on
#1143653 02.07.2026 22:09:29 : EVT OHR : S:stop a3
#1143654 02.07.2026 22:09:29 : EVT <Unknown> : 1783022969548:Meas stop 0x21a3
#1143655 02.07.2026 22:09:29 : EVT PMIC : PMIC Fast-charge constant voltage
#1143656 02.07.2026 22:09:29 : WRN <Unknown> : 1783022969549:FSM EVT STOP.
#1143657 02.07.2026 22:09:29 : EVT OHR : S:OFF 1->0
#1143658 02.07.2026 22:09:29 : EVT PMIC : VBUS state is ON
#1143659 02.07.2026 22:09:30 : EVT PMIC : PMIC temp zone:0x7
#1143660 02.07.2026 22:09:30 : EVT PMIC : VBUS state is OFF
#1143661 02.07.2026 22:09:30 : EVT PMIC : Turn charge OFF since VBUS->OFF
#1143662 02.07.2026 22:09:30 : EVT OHR : VBUS off
#1143663 02.07.2026 22:09:30 : EVT OHR : S:ON 0->1
#1143664 02.07.2026 22:09:30 : WRN WBAPI : eID-691468(277): /Dive/Alarms/Acknowledge 404
#1143665 02.07.2026 22:09:30 : WRN WBAPI : eID-691468(277): /Dive/DiveGases 404
#1143666 02.07.2026 22:09:30 : WRN WBAPI : eID-691468(277): /Dive/Gauge/Next 404
#1143667 02.07.2026 22:09:30 : EVT OHR : APPINIT:caps 0x1f4, 6b738616
#1143668 02.07.2026 22:09:30 : EVT <Unknown> : 1783022970643:AI@1783022970620, tz120
#1143669 02.07.2026 22:09:30 : EVT OHR : S:start 0x21a3
#1143670 02.07.2026 22:09:30 : EVT <Unknown> : 1783022970649:Meas start 0x21a3
#1143671 02.07.2026 22:09:30 : EVT <Unknown> : 1783022970663:PD1464, 0
#1143672 02.07.2026 22:09:30 : EVT <Unknown> : 1783022970723:GMV 20251126/1/4/0/395/46
#1143673 02.07.2026 22:09:30 : EVT <Unknown> : 1783022970977:Mi1.6.10, auth 0, hr_mode 0
#1143674 02.07.2026 22:09:31 : EVT <Unknown> : 1783022971228:On Skin Set.
#1143675 02.07.2026 22:09:32 : WRN WBAPI : eID-691468(277): /Dive/Alarms/Acknowledge 404
#1143676 02.07.2026 22:09:32 : WRN WBAPI : eID-691468(277): /Dive/DiveGases 404
#1143677 02.07.2026 22:09:32 : WRN WBAPI : eID-691468(277): /Dive/Gauge/Next 404
#1143678 02.07.2026 22:09:32 : ERR APPLICATION : Zapp:relMemCb (exec:ui)
#1143679 02.07.2026 22:09:32 : EVT APPLICATION : Zapp zzwethen:Disable
#1143680 02.07.2026 22:09:32 : EVT ANALYTICS : Zapp disabled i:8 h:3f77f8ec n:Weather
#1143681 02.07.2026 22:09:32 : ERR APPLICATION : Zapp 3:RelMem->unload
#1143682 02.07.2026 22:09:33 : EVT OHR : No HR update, invalidate by timer
#1143683 02.07.2026 22:09:34 : EVT LOGGER : LGR 934, 80
#1143684 02.07.2026 22:09:35 : EVT LOGGER : LGR 934, 80
#1143685 02.07.2026 22:09:35 : ERR <Unknown> : 1783022975242:Mi invalid call:100,code:0.
#1143686 02.07.2026 22:09:35 : EVT UI_FRAMEWORK : evalFile: b:/zapp/climbl01.fea/ext10.js from ui
#1143687 02.07.2026 22:09:36 : EVT LOGGER : LGR 934, 80
#1143688 02.07.2026 22:09:37 : EVT LOGGER : LGR 934, 80
#1143689 02.07.2026 22:09:38 : EVT LOGGER : LGR 934, 80
#1143690 02.07.2026 22:09:38 : EVT LOGGER : LGR 934, 80
#1143691 02.07.2026 22:09:41 : WRN WBAPI : eID-691468(277): /Dive/Alarms/Acknowledge 404
#1143692 02.07.2026 22:09:41 : WRN WBAPI : eID-691468(277): /Dive/DiveGases 404
#1143693 02.07.2026 22:09:41 : WRN WBAPI : eID-691468(277): /Dive/Gauge/Next 404
#1143694 02.07.2026 22:09:41 : EVT OHR : new HR update
#1143695 02.07.2026 22:09:47 : EVT LOGGER : Exercise paused
#1143696 02.07.2026 22:09:47 : WRN WBAPI : eID-691468(277): /Dive/Alarms/Acknowledge 404
#1143697 02.07.2026 22:09:47 : WRN WBAPI : eID-691468(277): /Dive/DiveGases 404
#1143698 02.07.2026 22:09:47 : WRN WBAPI : eID-691468(277): /Dive/Gauge/Next 404
#1143699 02.07.2026 22:09:49 : EVT APPLICATION : Zapp climbl01:Disable
#1143700 02.07.2026 22:09:49 : EVT UI_FRAMEWORK : evalFile: b:/zapp/climbl01.fea/ext17.js from ui
#1143701 02.07.2026 22:09:49 : EVT UI_FRAMEWORK : evalFile: b:/zapp/climbl01.fea/ext11.js from ui
#1143702 02.07.2026 22:09:49 : EVT UI_FRAMEWORK : evalFile: b:/zapp/climbl01.fea/ext19.js from ui
#1143703 02.07.2026 22:09:49 : EVT ANALYTICS : Zapp disabled i:5 h:a5e7afa5 n:Climb Log
#1143704 02.07.2026 22:09:49 : EVT APPLICATION : Zapp zzmoveen:Disable
#1143705 02.07.2026 22:09:49 : EVT ANALYTICS : Zapp disabled i:6 h:7aac0887 n:Movement
#1143706 02.07.2026 22:09:49 : EVT UI_FRAMEWORK : evalFile: b:/zapp/zzmoveen.fea/ext2.js from ui
#1143707 02.07.2026 22:09:49 : ERR WBMAIN : *0: app 632 Event 37 80995317
#1143708 02.07.2026 22:09:49 : ERR WBMAIN : 1: mea 0 Wait 0 00000000
#1143709 02.07.2026 22:09:49 : ERR WBMAIN : 2: ui 2 Wait 0 00000000
#1143710 02.07.2026 22:09:49 : EVT UI_FRAMEWORK : JS discard disable zapps
#1143711 02.07.2026 22:09:49 : EVT UI_FRAMEWORK : JS will discard
#1143712 02.07.2026 22:09:49 : EVT SPEEDFUSION : INFO # stop speed fusion
#1143713 02.07.2026 22:09:49 : EVT <Unknown> : Update pres sampl intrvl:5
#1143714 02.07.2026 22:09:49 : WRN APPLICATION : discard hrr meas l:3 d:0 sh:75 mh:75 v:0
#1143715 02.07.2026 22:09:49 : WRN WBAPI : eID-698eec(583/65535): 404
#1143716 02.07.2026 22:09:49 : EVT TRAININGZONE : User Define Mode:5
#1143717 02.07.2026 22:09:49 : EVT TRAININGZONE : Tss HR:0.43
#1143718 02.07.2026 22:09:49 : EVT TRAININGZONE : A:16,Tss:[-200.00,-200.00,-200.00,0.43]
#1143719 02.07.2026 22:09:49 : EVT TRAININGLAB : AppFeature Vo2Max 0.000000
#1143720 02.07.2026 22:09:49 : EVT TRAININGLAB : TLab:~Mode T 7375 + 11 A 4140 + 0
#1143721 02.07.2026 22:09:49 : EVT TRAININGLAB : TLab:Change mode 3->2
#1143722 02.07.2026 22:09:49 : EVT TRAININGLAB : TLab:Mode::userInfo 60, 200, 1, 37, 182, 950, 1990
#1143723 02.07.2026 22:09:49 : EVT LOGGER : LGR 934, 80
#1143724 02.07.2026 22:09:49 : EVT TRAININGLAB : ModeUnsub:9145
#1143725 02.07.2026 22:09:49 : EVT OHR : S:start 0x2123
#1143726 02.07.2026 22:09:49 : EVT TRAININGLAB : ModeSub:0400
#1143727 02.07.2026 22:09:49 : EVT ANALYTICS : WAOae:Activity WAOae:16
#1143728 02.07.2026 22:09:49 : EVT ANALYTICS : WAOae:TotalAcc WAOae:0,0,0
#1143729 02.07.2026 22:09:49 : EVT ANALYTICS : WAOae:AccCount WAOae:0,0,0
#1143730 02.07.2026 22:09:49 : EVT ANALYTICS : WAOae:Distance WAOae:0,0,0
#1143731 02.07.2026 22:09:49 : EVT ANALYTICS : WAOae:Duration WAOae:0,0,0
#1143732 02.07.2026 22:09:49 : EVT ANALYTICS : WAOae:Coeff WAOae:0,40,240,390,773,7524,7624
#1143733 02.07.2026 22:09:49 : EVT LOGGER : Exercise stopped
#1143734 02.07.2026 22:09:49 : EVT BLE : HR RR off (20775016, 53290 ms missing)
#1143735 02.07.2026 22:09:49 : EVT BLE : HR RR done
#1143736 02.07.2026 22:09:49 : EVT LOGGER : HrIbiLogger stop, off (0 ms)
#1143737 02.07.2026 22:09:49 : EVT LOGGER : HrIbiLogger stopped (0 ms)
#1143738 02.07.2026 22:09:49 : TRC GPS : Unsubd c:802b0000
#1143739 02.07.2026 22:09:49 : EVT LOGGER : LGR 934, 80
#1143740 02.07.2026 22:09:49 : EVT LOGGER : LGR 934, 80
#1143741 02.07.2026 22:09:50 : EVT ANALYTICS : SleepQ:Tracking:On
#1143742 02.07.2026 22:09:50 : EVT LOGGER : Wr dpc on
#1143743 02.07.2026 22:09:50 : EVT LOGGER : LGR 20993, 56
#1143744 02.07.2026 22:09:50 : EVT <Unknown> : 1783022989941:Meas start 0x2123
#1143745 02.07.2026 22:09:50 : TRC NAVIGATION : CG: no climb WP
#1143746 02.07.2026 22:09:50 : TRC NAVIGATION : CG:init ZoomType=0
#1143747 02.07.2026 22:09:50 : EVT NAVIGATION : initSeg Idx=0 D=1 T=0 3-0-4
#1143748 02.07.2026 22:09:50 : EVT WBSTORAGE : CACHE_DEFRAG (696->1048, 24->24, 25)
#1143749 02.07.2026 22:09:50 : EVT SPEEDFUSION : INFO # IDLE mode(-1) set
#1143750 02.07.2026 22:09:50 : EVT ALTIFUSION : AltiBaroMode:2
#1143751 02.07.2026 22:09:50 : ERR WBMAIN : *0: app 684 Event 28 802c400e
#1143752 02.07.2026 22:09:50 : ERR WBMAIN : 1: mea 0 Wait 0 00000000
#1143753 02.07.2026 22:09:50 : ERR WBMAIN : 2: ui 2 Wait 0 00000000
#1143754 02.07.2026 22:09:51 : EVT BLE : Disconn sensor:1
#1143755 02.07.2026 22:09:51 : EVT BLE : BLE Sensor Link 4800180D Disc (L-E-:00:0)
#1143756 02.07.2026 22:09:51 : WRN BLE : sendDisconnect 6157
#1143757 02.07.2026 22:09:51 : ERR BLE : [AURA]No filters left, stopping scan
#1143758 02.07.2026 22:09:52 : EVT ANALYTICS : #powersave mode:p temp:32.5
#1143759 02.07.2026 22:09:52 : EVT ANALYTICS : Battery-> 4 soc:97
#1143760 02.07.2026 22:09:53 : EVT UI_FRAMEWORK : JS discard
#1143761 02.07.2026 22:09:53 : WRN LOGGER : Delete b:logs/6A46C558
#1143762 02.07.2026 22:09:56 : EVT WBSTORAGE : CACHE_DEFRAG (1024->1032, 24->24, 25)
#1143763 02.07.2026 22:09:56 : EVT APPLICATION : Zapp zwc05901:Load script
#1143764 02.07.2026 22:09:56 : EVT APPLICATION : Zapp zwc05901:Enable
#1143765 02.07.2026 22:09:56 : EVT ANALYTICS : Zapp enabled i:3 h:ddb248f2 n:zwc05901 v:124f
#1143766 02.07.2026 22:09:56 : WRN WBAPI : eID-691468(277): /Weather/Current/ValidWeatherData.temp 
#1143767 02.07.2026 22:10:00 : ERR WBMAIN : *0: app 546 Event 24 80892700
#1143768 02.07.2026 22:10:00 : ERR WBMAIN : 1: mea 0 Event 3 80891701
#1143769 02.07.2026 22:10:00 : ERR WBMAIN : 2: ui 35 Wait 0 00000000
#1143770 02.07.2026 22:10:12 : EVT <Unknown> : 1783023012031:Off Skin Set.
#1143771 02.07.2026 22:10:13 : EVT <Unknown> : 1783023013532:On Skin Set.
#1143772 02.07.2026 22:11:18 : EVT <Unknown> : 1783023078421:SCD DET STATE ON.
#1143773 02.07.2026 22:19:30 : EVT ANALYTICS : Weather sync TO
#1143774 02.07.2026 22:26:52 : EVT <Unknown> : 1783024012537:Off Skin Set.
#1143775 02.07.2026 22:26:55 : EVT PMIC : VBUS state is ON
#1143776 02.07.2026 22:26:55 : EVT PMIC : chgCntl1:0x70
#1143777 02.07.2026 22:26:55 : EVT PMIC : check chgCntl1:0x74
#1143778 02.07.2026 22:26:55 : EVT PMIC : Turn charge ON since VBUS->ON
#1143779 02.07.2026 22:26:55 : EVT PMIC : PMIC temp zone:0x2
#1143780 02.07.2026 22:26:55 : EVT PMIC : PMIC Fast-charge constant cur
#1143781 02.07.2026 22:26:55 : EVT OHR : VBUS on
#1143782 02.07.2026 22:26:55 : EVT OHR : S:stop 23
#1143783 02.07.2026 22:26:55 : EVT <Unknown> : 1783024015206:Meas stop 0x2123
#1143784 02.07.2026 22:26:55 : EVT PMIC : PMIC Fast-charge constant voltage
#1143785 02.07.2026 22:26:55 : WRN <Unknown> : 1783024015206:FSM EVT STOP.
#1143786 02.07.2026 22:26:55 : EVT OHR : S:OFF 1->0
#1143787 02.07.2026 22:26:55 : EVT PMIC : VBUS state is ON
#1143788 02.07.2026 22:26:57 : TRC FUEL_GAUGE : Chg->1,B:5,C:49.4,V:4406,U:1,bF:97%,bC:97%
#1143789 02.07.2026 22:26:57 : EVT PMIC : PMIC Fast-charge constant voltage
#1143790 02.07.2026 22:26:57 : EVT ANALYTICS : Battery-> 2 soc:97
#1143791 02.07.2026 22:26:57 : EVT OHR : No HR update, invalidate by timer
#1143792 02.07.2026 22:26:58 : EVT PMIC : PMIC temp zone:0x7
#1143793 02.07.2026 22:26:58 : EVT PMIC : VBUS state is OFF
#1143794 02.07.2026 22:26:58 : EVT PMIC : Turn charge OFF since VBUS->OFF
#1143795 02.07.2026 22:26:58 : TRC FUEL_GAUGE : Chg->0,B:5,C:49.4,V:4406,U:0,bF:97%,bC:97%
#1143796 02.07.2026 22:26:58 : EVT OHR : VBUS off
#1143797 02.07.2026 22:26:58 : EVT OHR : S:ON 0->1
#1143798 02.07.2026 22:26:59 : EVT OHR : APPINIT:caps 0x1f4, 6b738616
#1143799 02.07.2026 22:26:59 : EVT <Unknown> : 1783024019204:AI@1783024019180, tz120
#1143800 02.07.2026 22:26:59 : EVT OHR : S:start 0x2123
#1143801 02.07.2026 22:26:59 : EVT <Unknown> : 1783024019210:Meas start 0x2123
#1143802 02.07.2026 22:26:59 : EVT ANALYTICS : Battery-> 1 soc:97
#1143803 02.07.2026 22:26:59 : EVT <Unknown> : 1783024019224:PD1464, 0
#1143804 02.07.2026 22:26:59 : EVT <Unknown> : 1783024019284:GMV 20251126/1/4/0/395/46
#1143805 02.07.2026 22:26:59 : EVT <Unknown> : 1783024019537:Mi1.6.10, auth 0, hr_mode 0
#1143806 02.07.2026 22:27:00 : EVT SEDENTARY : stop monitoring
#1143807 02.07.2026 22:27:00 : EVT PMIC : VBUS state is ON
#1143808 02.07.2026 22:27:00 : EVT PMIC : chgCntl1:0x70
#1143809 02.07.2026 22:27:00 : EVT PMIC : check chgCntl1:0x74
#1143810 02.07.2026 22:27:00 : EVT PMIC : Turn charge ON since VBUS->ON
#1143811 02.07.2026 22:27:00 : TRC FUEL_GAUGE : Chg->1,B:5,C:49.4,V:4406,U:1,bF:97%,bC:97%
#1143812 02.07.2026 22:27:00 : EVT PMIC : PMIC temp zone:0x2
#1143813 02.07.2026 22:27:00 : EVT PMIC : PMIC Fast-charge constant cur
#1143814 02.07.2026 22:27:00 : EVT PMIC : PMIC Fast-charge constant voltage
#1143815 02.07.2026 22:27:00 : EVT OHR : VBUS on
#1143816 02.07.2026 22:27:00 : EVT OHR : S:stop 23
#1143817 02.07.2026 22:27:00 : EVT ANALYTICS : Battery-> 2 soc:97
#1143818 02.07.2026 22:27:00 : EVT <Unknown> : 1783024020571:Meas stop 0x2123
#1143819 02.07.2026 22:27:00 : WRN <Unknown> : 1783024020572:FSM EVT STOP.
#1143820 02.07.2026 22:27:00 : EVT OHR : S:OFF 1->0
#1143821 02.07.2026 22:27:00 : EVT PMIC : VBUS state is ON
#1143822 02.07.2026 22:27:15 : EVT WBSTORAGE : CACHE_DEFRAG (904->912, 24->24, 25)
#1143823 02.07.2026 22:27:15 : EVT WBSTORAGE : CACHE_DEFRAG (880->888, 24->24, 25)
#1143824 02.07.2026 22:27:15 : EVT WBSTORAGE : CACHE_DEFRAG (840->848, 24->24, 25)
#1143825 02.07.2026 22:27:15 : EVT <Unknown> : DL Region List
#1143826 02.07.2026 22:27:15 : EVT WIFI : Pwr up
#1143827 02.07.2026 22:27:18 : EVT PMIC : PMIC Fast-charge constant cur
#1143828 02.07.2026 22:27:18 : EVT PMIC : PMIC Fast-charge constant voltage
#1143829 02.07.2026 22:27:18 : EVT PMIC : PMIC temp zone:0x7
#1143830 02.07.2026 22:27:18 : EVT PMIC : VBUS state is OFF
#1143831 02.07.2026 22:27:18 : EVT PMIC : Turn charge OFF since VBUS->OFF
#1143832 02.07.2026 22:27:18 : TRC FUEL_GAUGE : Chg->0,B:5,C:79.3,V:4419,U:0,bF:97%,bC:97%
#1143833 02.07.2026 22:27:18 : EVT OHR : VBUS off
#1143834 02.07.2026 22:27:18 : EVT OHR : S:ON 0->1
#1143835 02.07.2026 22:27:19 : EVT OHR : APPINIT:caps 0x1f4, 6b738616
#1143836 02.07.2026 22:27:19 : EVT ANALYTICS : Battery-> 1 soc:97
#1143837 02.07.2026 22:27:19 : EVT <Unknown> : 1783024039114:AI@1783024039090, tz120
#1143838 02.07.2026 22:27:19 : EVT OHR : S:start 0x2123
#1143839 02.07.2026 22:27:19 : EVT <Unknown> : 1783024039121:Meas start 0x2123
#1143840 02.07.2026 22:27:19 : EVT <Unknown> : 1783024039135:PD1464, 0
#1143841 02.07.2026 22:27:19 : EVT <Unknown> : 1783024039195:GMV 20251126/1/4/0/395/46
#1143842 02.07.2026 22:27:19 : EVT <Unknown> : 1783024039448:Mi1.6.10, auth 0, hr_mode 0
#1143843 02.07.2026 22:27:20 : EVT PMIC : VBUS state is ON
#1143844 02.07.2026 22:27:20 : EVT PMIC : chgCntl1:0x70
#1143845 02.07.2026 22:27:20 : EVT PMIC : check chgCntl1:0x74
#1143846 02.07.2026 22:27:20 : EVT PMIC : Turn charge ON since VBUS->ON
#1143847 02.07.2026 22:27:20 : TRC FUEL_GAUGE : Chg->1,B:5,C:63.4,V:4419,U:1,bF:97%,bC:97%
#1143848 02.07.2026 22:27:20 : EVT PMIC : PMIC temp zone:0x2
#1143849 02.07.2026 22:27:20 : EVT PMIC : PMIC Fast-charge constant cur
#1143850 02.07.2026 22:27:20 : EVT PMIC : PMIC Fast-charge constant voltage
#1143851 02.07.2026 22:27:20 : EVT OHR : VBUS on
#1143852 02.07.2026 22:27:20 : EVT OHR : S:stop 23
#1143853 02.07.2026 22:27:20 : EVT ANALYTICS : Battery-> 2 soc:97
#1143854 02.07.2026 22:27:20 : EVT <Unknown> : 1783024040498:Meas stop 0x2123
#1143855 02.07.2026 22:27:20 : WRN <Unknown> : 1783024040499:FSM EVT STOP.
#1143856 02.07.2026 22:27:20 : EVT OHR : S:OFF 1->0
#1143857 02.07.2026 22:27:20 : EVT PMIC : VBUS state is ON
#1143858 02.07.2026 22:27:21 : EVT WIFI : pwr up
#1143859 02.07.2026 22:27:21 : EVT WIFI : SDK Ver(3.2.8.1)
#1143860 02.07.2026 22:27:22 : EVT WIFI : Scann APs (1/3)
#1143861 02.07.2026 22:27:22 : EVT WIFI : APs scanned:5
#1143862 02.07.2026 22:27:22 : EVT WBSTORAGE : CACHE_DEFRAG (832->840, 24->24, 25)
#1143863 02.07.2026 22:27:22 : WRN WIFI : No APs matched to connect
#1143864 02.07.2026 22:27:22 : EVT WIFI : Scann APs (2/3)
#1143865 02.07.2026 22:27:23 : EVT WIFI : APs scanned:4
#1143866 02.07.2026 22:27:23 : WRN WIFI : No APs matched to connect
#1143867 02.07.2026 22:27:23 : EVT WIFI : Scann APs (3/3)
#1143868 02.07.2026 22:27:24 : EVT WIFI : APs scanned:5
#1143869 02.07.2026 22:27:24 : WRN WIFI : No APs matched to connect
#1143870 02.07.2026 22:27:24 : EVT WIFI : Internal connect ret:103
#1143871 02.07.2026 22:27:24 : ERR <Unknown> : DL GET resultCode=500
#1143872 02.07.2026 22:27:24 : EVT <Unknown> : DL try retry after 640000 ms
#1143873 02.07.2026 22:27:31 : EVT PMIC : PMIC temp zone:0x7
#1143874 02.07.2026 22:27:32 : EVT PMIC : VBUS state is OFF
#1143875 02.07.2026 22:27:32 : EVT PMIC : Turn charge OFF since VBUS->OFF
#1143876 02.07.2026 22:27:32 : TRC FUEL_GAUGE : Chg->0,B:5,C:72.2,V:4422,U:0,bF:97%,bC:97%
#1143877 02.07.2026 22:27:32 : EVT OHR : VBUS off
#1143878 02.07.2026 22:27:32 : EVT OHR : S:ON 0->1
#1143879 02.07.2026 22:27:32 : EVT OHR : APPINIT:caps 0x1f4, 6b738616
#1143880 02.07.2026 22:27:32 : EVT <Unknown> : 1783024052454:AI@1783024052430, tz120
#1143881 02.07.2026 22:27:32 : EVT ANALYTICS : Battery-> 1 soc:97
#1143882 02.07.2026 22:27:32 : EVT OHR : S:start 0x2123
#1143883 02.07.2026 22:27:32 : EVT <Unknown> : 1783024052460:Meas start 0x2123
#1143884 02.07.2026 22:27:32 : EVT <Unknown> : 1783024052476:PD1464, 0
#1143885 02.07.2026 22:27:32 : EVT <Unknown> : 1783024052534:GMV 20251126/1/4/0/395/46
#1143886 02.07.2026 22:27:32 : EVT <Unknown> : 1783024052787:Mi1.6.10, auth 0, hr_mode 0
#1143887 02.07.2026 22:27:37 : EVT WIFI : Pwr down idle wifi (TO:13se)
#1143888 02.07.2026 22:27:37 : EVT WIFI : pwr down OK
#1143889 02.07.2026 22:27:38 : EVT PMIC : PMIC temp zone:0x2
#1143890 02.07.2026 22:27:38 : EVT PMIC : VBUS state is ON
#1143891 02.07.2026 22:27:38 : EVT PMIC : chgCntl1:0x70
#1143892 02.07.2026 22:27:38 : EVT PMIC : check chgCntl1:0x74
#1143893 02.07.2026 22:27:38 : EVT PMIC : Turn charge ON since VBUS->ON
#1143894 02.07.2026 22:27:38 : TRC FUEL_GAUGE : Chg->1,B:5,C:26.5,V:4422,U:1,bF:97%,bC:97%
#1143895 02.07.2026 22:27:38 : EVT PMIC : PMIC Fast-charge constant cur
#1143896 02.07.2026 22:27:38 : EVT PMIC : PMIC Fast-charge constant voltage
#1143897 02.07.2026 22:27:38 : EVT OHR : VBUS on
#1143898 02.07.2026 22:27:38 : EVT OHR : S:stop 23
#1143899 02.07.2026 22:27:38 : EVT ANALYTICS : Battery-> 2 soc:97
#1143900 02.07.2026 22:27:38 : EVT <Unknown> : 1783024058807:Meas stop 0x2123
#1143901 02.07.2026 22:27:38 : WRN <Unknown> : 1783024058808:FSM EVT STOP.
#1143902 02.07.2026 22:27:38 : EVT OHR : S:OFF 1->0
#1143903 02.07.2026 22:27:38 : EVT PMIC : VBUS state is ON
#1143904 02.07.2026 22:27:42 : EVT WBCOMM : P-9 connection made to ECSD00000000
#1143905 02.07.2026 22:27:42 : EVT WBCOMM : New Route: ECSD00000000
#1143906 02.07.2026 22:27:45 : ERR WBMAIN : *0: app 760 Event 36 80005310
#1143907 02.07.2026 22:27:45 : ERR WBMAIN : 1: mea 25 Wait 0 00000000
#1143908 02.07.2026 22:27:45 : ERR WBMAIN : 2: ui 23 Wait 0 00000000
#1143909 02.07.2026 22:27:46 : EVT ANALYTICS : Sync start
#1143910 02.07.2026 22:27:47 : EVT ANALYTICS : Sync start
#1143911 02.07.2026 22:27:53 : EVT <Unknown> : DL Region List
#1143912 02.07.2026 22:27:53 : EVT WIFI : Pwr up
#1143913 02.07.2026 22:27:59 : EVT WBSTORAGE : CACHE_DEFRAG (800->808, 24->24, 25)
#1143914 02.07.2026 22:27:59 : TRC APPLICATION : Zapp climbl01 uninstalled
#1143915 02.07.2026 22:28:00 : ERR WBMAIN : *0: app 1613 Event 36 80005310
#1143916 02.07.2026 22:28:00 : ERR WBMAIN : 1: mea 31 Wait 0 00000000
#1143917 02.07.2026 22:28:00 : ERR WBMAIN : 2: ui 69 Wait 0 00000000
#1143918 02.07.2026 22:28:00 : EVT WIFI : pwr up
#1143919 02.07.2026 22:28:01 : ERR WBMAIN : *0: app 625 Event 36 80005310
#1143920 02.07.2026 22:28:01 : ERR WBMAIN : 1: mea 4 Wait 0 00000000
#1143921 02.07.2026 22:28:01 : ERR WBMAIN : 2: ui 3 Wait 0 00000000
#1143922 02.07.2026 22:28:01 : EVT WIFI : SDK Ver(3.2.8.1)
#1143923 02.07.2026 22:28:01 : EVT WIFI : Scann APs (1/3)
#1143924 02.07.2026 22:28:02 : EVT WIFI : APs scanned:4
#1143925 02.07.2026 22:28:02 : WRN WIFI : No APs matched to connect
#1143926 02.07.2026 22:28:02 : EVT WIFI : Scann APs (2/3)
#1143927 02.07.2026 22:28:02 : EVT ANALYTICS : Sync start
#1143928 02.07.2026 22:28:02 : EVT ANALYTICS : Sync start
#1143929 02.07.2026 22:28:03 : EVT WIFI : APs scanned:3
#1143930 02.07.2026 22:28:03 : WRN WIFI : No APs matched to connect
#1143931 02.07.2026 22:28:03 : EVT WIFI : Scann APs (3/3)
#1143932 02.07.2026 22:28:03 : EVT WIFI : APs scanned:4
#1143933 02.07.2026 22:28:03 : WRN WIFI : No APs matched to connect
#1143934 02.07.2026 22:28:03 : EVT WIFI : Internal connect ret:103
#1143935 02.07.2026 22:28:03 : ERR <Unknown> : DL GET resultCode=500
#1143936 02.07.2026 22:28:03 : EVT <Unknown> : DL try retry after 900000 ms
#1143937 02.07.2026 22:28:16 : EVT WIFI : Pwr down idle wifi (TO:13se)
#1143938 02.07.2026 22:28:16 : EVT WIFI : pwr down OK
#1143939 02.07.2026 22:28:19 : EVT APPLICATION : Plugin climbl01.zip as type:[2]
#1143940 02.07.2026 22:28:20 : ERR WBMAIN : *0: app 1653 Event 36 80005310
#1143941 02.07.2026 22:28:20 : ERR WBMAIN : 1: mea 35 Wait 0 00000000
#1143942 02.07.2026 22:28:20 : ERR WBMAIN : 2: ui 34 Wait 0 00000000
#1143943 02.07.2026 22:28:21 : ERR WBMAIN : *0: app 710 Event 36 80005310
#1143944 02.07.2026 22:28:21 : ERR WBMAIN : 1: mea 50 Wait 0 00000000
#1143945 02.07.2026 22:28:21 : ERR WBMAIN : 2: ui 49 Wait 0 00000000
#1143946 02.07.2026 22:28:22 : EVT ANALYTICS : Sync start
#1143947 02.07.2026 22:28:22 : EVT ANALYTICS : Sync start
#1143948 02.07.2026 22:28:32 : EVT PMIC : PMIC temp zone:0x7
#1143949 02.07.2026 22:28:32 : EVT PMIC : VBUS state is OFF
#1143950 02.07.2026 22:28:32 : EVT PMIC : Turn charge OFF since VBUS->OFF
#1143951 02.07.2026 22:28:32 : EVT WBCOMM : Route lost: ECSD00000000
#1143952 02.07.2026 22:28:32 : TRC FUEL_GAUGE : Chg->0,B:5,C:72.3,V:4433,U:0,bF:97%,bC:97%
#1143953 02.07.2026 22:28:32 : EVT OHR : VBUS off
#1143954 02.07.2026 22:28:32 : EVT OHR : S:ON 0->1
#1143955 02.07.2026 22:28:32 : EVT ANALYTICS : Battery-> 1 soc:97
#1143956 02.07.2026 22:28:32 : EVT OHR : APPINIT:caps 0x1f4, 6b738616
#1143957 02.07.2026 22:28:32 : EVT <Unknown> : 1783024112884:AI@1783024112860, tz120
#1143958 02.07.2026 22:28:32 : EVT OHR : S:start 0x2123
#1143959 02.07.2026 22:28:32 : EVT <Unknown> : 1783024112890:Meas start 0x2123
#1143960 02.07.2026 22:28:32 : EVT <Unknown> : 1783024112903:PD1464, 0
#1143961 02.07.2026 22:28:32 : EVT <Unknown> : 1783024112967:GMV 20251126/1/4/0/395/46
#1143962 02.07.2026 22:28:33 : EVT <Unknown> : 1783024113225:Mi1.6.10, auth 0, hr_mode 0
#1143963 02.07.2026 22:28:34 : EVT <Unknown> : 1783024114768:On Skin Set.
#1143964 02.07.2026 22:28:38 : EVT <Unknown> : 1783024118440:Off Skin Set.
#1143965 02.07.2026 22:28:40 : EVT <Unknown> : 1783024119942:On Skin Set.
#1143966 02.07.2026 22:28:40 : ERR <Unknown> : 1783024120371:Mi invalid call:100,code:0.
#1143967 02.07.2026 22:28:41 : EVT <Unknown> : 1783024121054:Off Skin Set.
#1143968 02.07.2026 22:28:41 : EVT <Unknown> : 1783024121430:On Skin Set.
#1143969 02.07.2026 22:28:42 : EVT WBSTORAGE : CACHE_DEFRAG (792->800, 24->24, 25)
#1143970 02.07.2026 22:28:43 : EVT WBSTORAGE : CACHE_DEFRAG (752->792, 24->24, 25)
#1143971 02.07.2026 22:28:43 : TRC NAVIGATION : CG: no climb WP
#1143972 02.07.2026 22:28:43 : TRC NAVIGATION : CG:init ZoomType=0
#1143973 02.07.2026 22:28:43 : EVT NAVIGATION : initSeg Idx=0 D=1 T=0 3-0-4
#1143974 02.07.2026 22:28:43 : EVT WBSTORAGE : CACHE_DEFRAG (768->928, 24->24, 25)
#1143975 02.07.2026 22:28:43 : EVT ALTIFUSION : AltiBaroMode:0
#1143976 02.07.2026 22:28:43 : EVT APPLICATION : Zapp zwc05901:Disable
#1143977 02.07.2026 22:28:43 : EVT ANALYTICS : Zapp disabled i:3 h:ddb248f2 n:Vector classic
#1143978 02.07.2026 22:28:43 : EVT ANALYTICS : SleepQ:Tracking:On
#1143979 02.07.2026 22:28:43 : EVT ALTIFUSION : AltiBaroMode:0
#1143980 02.07.2026 22:28:43 : EVT UI_FRAMEWORK : JS nsto enable zapp: zzwethen
#1143981 02.07.2026 22:28:43 : EVT UI_FRAMEWORK : JS nsto enable zapp: zzmoveen
#1143982 02.07.2026 22:28:43 : EVT UI_FRAMEWORK : JS nsto enable zapp: climbl01
#1143983 02.07.2026 22:28:43 : EVT APPLICATION : Zapp zzwethen:Load script
#1143984 02.07.2026 22:28:43 : EVT APPLICATION : Zapp zzwethen:Enable
#1143985 02.07.2026 22:28:43 : EVT ANALYTICS : Zapp enabled i:8 h:3f77f8ec n:zzwethen v:ade
#1143986 02.07.2026 22:28:43 : EVT APPLICATION : Zapp clid:32878
#1143987 02.07.2026 22:28:43 : EVT APPLICATION : Zapp zzmoveen:Load script
#1143988 02.07.2026 22:28:43 : EVT APPLICATION : Zapp zzmoveen:Enable
#1143989 02.07.2026 22:28:43 : EVT ANALYTICS : Zapp enabled i:6 h:7aac0887 n:zzmoveen v:8e0
#1143990 02.07.2026 22:28:43 : EVT UI_FRAMEWORK : evalFile: b:/zapp/zzmoveen.fea/ext1.js from ui
#1143991 02.07.2026 22:28:43 : EVT APPLICATION : Zapp clid:32879
#1143992 02.07.2026 22:28:43 : EVT APPLICATION : Zapp climbl01:Load script
#1143993 02.07.2026 22:28:44 : EVT APPLICATION : Zapp climbl01:Enable
#1143994 02.07.2026 22:28:44 : EVT ANALYTICS : Zapp enabled i:5 h:a5e7afa5 n:climbl01 v:3.0
#1143995 02.07.2026 22:28:44 : EVT APPLICATION : Zapp clid:32880
#1143996 02.07.2026 22:28:44 : ERR WBMAIN : *0: app 612 Event 37 80995318
#1143997 02.07.2026 22:28:44 : EVT UI_FRAMEWORK : JS nsto all zapps enabled.
#1143998 02.07.2026 22:28:44 : ERR WBMAIN : 1: mea 20 Wait 0 00000000
#1143999 02.07.2026 22:28:44 : ERR WBMAIN : 2: ui 26 Wait 0 00000000
#1144000 02.07.2026 22:28:44 : EVT UI_FRAMEWORK : JS Prestart Activity Id: 16.000
#1144001 02.07.2026 22:28:44 : WRN WBAPI : eID-691468(277): /Dive/Alarms/Acknowledge 404
#1144002 02.07.2026 22:28:44 : WRN WBAPI : eID-691468(277): /Dive/DiveGases 404
#1144003 02.07.2026 22:28:44 : WRN WBAPI : eID-691468(277): /Dive/Gauge/Next 404
#1144004 02.07.2026 22:28:44 : EVT WBSTORAGE : CACHE_DEFRAG (904->912, 24->24, 25)
#1144005 02.07.2026 22:28:44 : EVT WBSTORAGE : CACHE_DEFRAG (840->848, 24->24, 25)
#1144006 02.07.2026 22:28:44 : EVT WBSTORAGE : CACHE_DEFRAG (776->784, 24->24, 25)
#1144007 02.07.2026 22:28:44 : EVT BLE : BLE Sensor Link 4800180D Conn (--E-:00:1)
#1144008 02.07.2026 22:28:44 : WRN BLE : sendConnect 6157
#1144009 02.07.2026 22:28:44 : WRN WBAPI : eID-691468(277): /Dive/TankPressure/Alarm/Count 404
#1144010 02.07.2026 22:28:44 : EVT SPEEDFUSION : INFO # start speed fusion
#1144011 02.07.2026 22:28:44 : EVT SPEEDFUSION : Act:16,Acc:0,BPod:0,FPod:0,PPod:0,BeltPod:1
#1144012 02.07.2026 22:28:44 : EVT SPEEDFUSION : INFO # Start algo without wrist acc
#1144013 02.07.2026 22:28:44 : EVT <Unknown> : Update pres sampl intrvl:1
#1144014 02.07.2026 22:28:44 : EVT OHR : S:start 0x21a3
#1144015 02.07.2026 22:28:45 : EVT UI_FRAMEWORK : evalFile: b:/zapp/climbl01.fea/ext12.js from ui
#1144016 02.07.2026 22:28:45 : EVT <Unknown> : 1783024124931:Meas start 0x21a3
#1144017 02.07.2026 22:28:46 : WRN WBAPI : eID-691468(277): /Dive/Alarms/Acknowledge 404
#1144018 02.07.2026 22:28:46 : WRN WBAPI : eID-691468(277): /Dive/DiveGases 404
#1144019 02.07.2026 22:28:46 : WRN WBAPI : eID-691468(277): /Dive/Gauge/Next 404
#1144020 02.07.2026 22:28:46 : EVT TRAININGLAB : TLab:~Mode T 7386 + 251 A 4140 + 0
#1144021 02.07.2026 22:28:46 : EVT TRAININGLAB : TLab:Change mode 2->3
#1144022 02.07.2026 22:28:46 : EVT TRAININGLAB : TLab:Mode::userInfo 60, 200, 1, 37, 182, 950, 1990
#1144023 02.07.2026 22:28:46 : EVT LOGGER : Log space:30462138 bytes free
#1144024 02.07.2026 22:28:47 : EVT TRAININGLAB : ModeUnsub:2800
#1144025 02.07.2026 22:28:47 : EVT TRAININGLAB : ModeSub:9004
#1144026 02.07.2026 22:28:47 : EVT TRAININGLAB : TLab:Select input 0
#1144027 02.07.2026 22:28:47 : EVT TRAININGLAB : TLab:Active input 0
#1144028 02.07.2026 22:28:47 : EVT LOGGER : Exercise started
#1144029 02.07.2026 22:28:47 : EVT BLE : HR RR on (21912144)
#1144030 02.07.2026 22:28:47 : TRC GPS : Full GNSS data subd l:0 c:802b0000
#1144031 02.07.2026 22:28:48 : EVT ANALYTICS : Battery-> 3 soc:97
#1144032 02.07.2026 22:28:48 : EVT ANALYTICS : #FusHr src:0 time:0
#1144033 02.07.2026 22:28:48 : EVT ANALYTICS : #Act id:16
#1144034 02.07.2026 22:28:48 : EVT ANALYTICS : #powersave mode:p temp:32.4
#1144035 02.07.2026 22:28:48 : EVT ANALYTICS : GPSMODE:NOTUSED
#1144036 02.07.2026 22:28:48 : EVT ANALYTICS : #gnss d:2026-07-02T00:00:00Z
#1144037 02.07.2026 22:28:49 : EVT ANALYTICS : #zapp n:Weather e:1
#1144038 02.07.2026 22:28:49 : EVT ANALYTICS : #zapp n:Movement e:1
#1144039 02.07.2026 22:28:49 : EVT ANALYTICS : #zapp n:Climb Log e:1
#1144040 02.07.2026 22:28:49 : EVT OHR : No HR update, invalidate by timer
#1144041 02.07.2026 22:28:52 : EVT OHR : new HR update
#1144042 02.07.2026 22:28:54 : EVT BLE : lt,scan 1
#1144043 02.07.2026 22:28:54 : WRN BLE : sendDisconnect 6157
#1144044 02.07.2026 22:28:54 : ERR BLE : [AURA]No filters left, stopping scan
#1144045 02.07.2026 22:28:54 : ERR BLE : [AURA]Filter with handle 72 not found
#1144046 02.07.2026 22:28:54 : EVT BLE : packet 0 sensor found count 1
#1144047 02.07.2026 22:28:54 : EVT BLE : packet 0 sensor found count 2
#1144048 02.07.2026 22:28:54 : EVT ANALYTICS : #ws AID:16 BM:1 NS:0 SP:3 ZN:0 TG:0 BL:0 GPS:0
#1144049 02.07.2026 22:28:54 : EVT ANALYTICS : #2ws AID:16 WHR:1 INT:0 AL:0 AP:0 FE:1 MC:1 TH:0
#1144050 02.07.2026 22:28:57 : EVT ANALYTICS : #FusHr src:2 time:10843
#1144051 02.07.2026 22:28:57 : EVT TRAININGLAB : Tlab:HR src is 2
#1144052 02.07.2026 22:28:57 : EVT ANALYTICS : #FusHr src:2 time:0
#1144053 02.07.2026 22:28:57 : EVT TRAININGLAB : TLab:Active input 1
#1144054 02.07.2026 22:29:02 : ERR APPLICATION : Zapp:relMemCb (exec:ui)
#1144055 02.07.2026 22:29:02 : EVT APPLICATION : Zapp zzwethen:Disable
#1144056 02.07.2026 22:29:02 : EVT ANALYTICS : Zapp disabled i:8 h:3f77f8ec n:Weather
#1144057 02.07.2026 22:29:02 : ERR APPLICATION : Zapp 3:RelMem->unload
#1144058 02.07.2026 22:29:13 : WRN WBAPI : eID-691468(277): /Dive/Alarms/Acknowledge 404
#1144059 02.07.2026 22:29:13 : WRN WBAPI : eID-691468(277): /Dive/DiveGases 404
#1144060 02.07.2026 22:29:13 : WRN WBAPI : eID-691468(277): /Dive/Gauge/Next 404
#1144061 02.07.2026 22:29:13 : EVT UI_FRAMEWORK : evalFile: b:/zapp/climbl01.fea/ext18.js from ui
#1144062 02.07.2026 22:29:13 : ERR APPLICATION : Zapp:relMemCb (exec:zapp)
#1144063 02.07.2026 22:29:13 : EVT APPLICATION : Zapp zzmoveen:Disable
#1144064 02.07.2026 22:29:13 : EVT ANALYTICS : Zapp disabled i:6 h:7aac0887 n:Movement
#1144065 02.07.2026 22:29:13 : ERR APPLICATION : Zapp 3:RelMem->unload
#1144066 02.07.2026 22:29:13 : ERR APPLICATION : Zapp:relMemCb (exec:zapp)
#1144067 02.07.2026 22:29:13 : ERR APPLICATION : Zapp:RelMem->None avail
#1144068 02.07.2026 22:29:13 : ERR DUKTAPE : JSalloc:2057
#1144069 02.07.2026 22:29:13 : ERR APPLICATION : Zapp:relMemCb (exec:zapp)
#1144070 02.07.2026 22:29:13 : ERR APPLICATION : Zapp:RelMem->None avail
#1144071 02.07.2026 22:29:13 : ERR DUKTAPE : JSalloc:2057
#1144072 02.07.2026 22:29:13 : ERR APPLICATION : Zapp:relMemCb (exec:zapp)
#1144073 02.07.2026 22:29:13 : ERR APPLICATION : Zapp:RelMem->None avail
#1144074 02.07.2026 22:29:13 : ERR DUKTAPE : JSalloc:2057
#1144075 02.07.2026 22:29:13 : EVT UI_FRAMEWORK : [3522771457] TRACK 0ms _onLoad
#1144076 02.07.2026 22:29:19 : EVT <Unknown> : 1783024159331:Off Skin Set.
#1144077 02.07.2026 22:29:19 : EVT <Unknown> : 1783024159833:On Skin Set.
#1144078 02.07.2026 22:29:21 : EVT <Unknown> : 1783024161888:Off Skin Set.
#1144079 02.07.2026 22:29:22 : EVT PMIC : VBUS state is ON
#1144080 02.07.2026 22:29:22 : EVT PMIC : chgCntl1:0x70
#1144081 02.07.2026 22:29:22 : EVT PMIC : check chgCntl1:0x74
#1144082 02.07.2026 22:29:22 : EVT PMIC : Turn charge ON since VBUS->ON
#1144083 02.07.2026 22:29:22 : EVT PMIC : PMIC temp zone:0x2
#1144084 02.07.2026 22:29:22 : EVT PMIC : PMIC Fast-charge constant cur
#1144085 02.07.2026 22:29:22 : EVT OHR : VBUS on
#1144086 02.07.2026 22:29:22 : EVT OHR : S:stop a3
#1144087 02.07.2026 22:29:22 : EVT <Unknown> : 1783024162715:Meas stop 0x21a3
#1144088 02.07.2026 22:29:22 : EVT PMIC : PMIC Fast-charge constant voltage
#1144089 02.07.2026 22:29:22 : EVT PMIC : VBUS state is ON
#1144090 02.07.2026 22:29:22 : WRN <Unknown> : 1783024162716:FSM EVT STOP.
#1144091 02.07.2026 22:29:22 : EVT OHR : S:OFF 1->0
#1144092 02.07.2026 22:29:23 : EVT PMIC : PMIC temp zone:0x7
#1144093 02.07.2026 22:29:23 : EVT PMIC : VBUS state is OFF
#1144094 02.07.2026 22:29:23 : EVT PMIC : Turn charge OFF since VBUS->OFF
#1144095 02.07.2026 22:29:23 : EVT OHR : VBUS off
#1144096 02.07.2026 22:29:23 : EVT OHR : S:ON 0->1
#1144097 02.07.2026 22:29:23 : WRN WBAPI : eID-691468(277): /Dive/Alarms/Acknowledge 404
#1144098 02.07.2026 22:29:23 : WRN WBAPI : eID-691468(277): /Dive/DiveGases 404
#1144099 02.07.2026 22:29:23 : WRN WBAPI : eID-691468(277): /Dive/Gauge/Next 404
#1144100 02.07.2026 22:29:23 : EVT OHR : APPINIT:caps 0x1f4, 6b738616
#1144101 02.07.2026 22:29:23 : EVT <Unknown> : 1783024163694:AI@1783024163670, tz120
#1144102 02.07.2026 22:29:23 : EVT OHR : S:start 0x21a3
#1144103 02.07.2026 22:29:24 : EVT <Unknown> : 1783024163700:Meas start 0x21a3
#1144104 02.07.2026 22:29:24 : EVT <Unknown> : 1783024163710:PD1464, 0
#1144105 02.07.2026 22:29:24 : EVT <Unknown> : 1783024163770:GMV 20251126/1/4/0/395/46
#1144106 02.07.2026 22:29:24 : EVT <Unknown> : 1783024164025:Mi1.6.10, auth 0, hr_mode 0
#1144107 02.07.2026 22:29:24 : EVT <Unknown> : 1783024164277:On Skin Set.
#1144108 02.07.2026 22:29:26 : EVT LOGGER : Exercise paused
#1144109 02.07.2026 22:29:26 : WRN WBAPI : eID-691468(277): /Dive/Alarms/Acknowledge 404
#1144110 02.07.2026 22:29:26 : WRN WBAPI : eID-691468(277): /Dive/DiveGases 404
#1144111 02.07.2026 22:29:26 : WRN WBAPI : eID-691468(277): /Dive/Gauge/Next 404
#1144112 02.07.2026 22:29:26 : EVT OHR : No HR update, invalidate by timer
#1144113 02.07.2026 22:29:28 : ERR <Unknown> : 1783024168290:Mi invalid call:100,code:0.
#1144114 02.07.2026 22:29:30 : EVT APPLICATION : Zapp climbl01:Disable
#1144115 02.07.2026 22:29:31 : EVT ANALYTICS : Zapp disabled i:5 h:a5e7afa5 n:Climb Log
#1144116 02.07.2026 22:29:31 : EVT UI_FRAMEWORK : JS discard disable zapps
#1144117 02.07.2026 22:29:31 : EVT UI_FRAMEWORK : JS will discard
#1144118 02.07.2026 22:29:31 : EVT SPEEDFUSION : INFO # stop speed fusion
#1144119 02.07.2026 22:29:31 : EVT <Unknown> : Update pres sampl intrvl:5
#1144120 02.07.2026 22:29:31 : WRN APPLICATION : discard hrr meas l:3 d:0 sh:70 mh:70 v:0
#1144121 02.07.2026 22:29:31 : WRN WBAPI : eID-698eec(583/65535): 404
#1144122 02.07.2026 22:29:31 : EVT TRAININGZONE : User Define Mode:5
#1144123 02.07.2026 22:29:31 : EVT TRAININGZONE : Tss HR:0.34
#1144124 02.07.2026 22:29:31 : EVT TRAININGZONE : A:16,Tss:[-200.00,-200.00,-200.00,0.34]
#1144125 02.07.2026 22:29:31 : EVT TRAININGLAB : AppFeature Vo2Max 0.000000
#1144126 02.07.2026 22:29:31 : EVT TRAININGLAB : TLab:~Mode T 7637 + 19 A 4140 + 10
#1144127 02.07.2026 22:29:31 : EVT TRAININGLAB : TLab:Change mode 3->2
#1144128 02.07.2026 22:29:31 : EVT TRAININGLAB : TLab:Mode::userInfo 60, 200, 1, 37, 182, 950, 1990
#1144129 02.07.2026 22:29:31 : EVT LOGGER : LGR 934, 80
#1144130 02.07.2026 22:29:31 : EVT TRAININGLAB : ModeUnsub:9145
#1144131 02.07.2026 22:29:31 : EVT OHR : S:start 0x2123
#1144132 02.07.2026 22:29:31 : EVT TRAININGLAB : ModeSub:0400
#1144133 02.07.2026 22:29:31 : EVT ANALYTICS : WAOae:Activity WAOae:16
#1144134 02.07.2026 22:29:31 : EVT ANALYTICS : WAOae:TotalAcc WAOae:0,0,0
#1144135 02.07.2026 22:29:31 : EVT ANALYTICS : WAOae:AccCount WAOae:0,0,0
#1144136 02.07.2026 22:29:31 : EVT ANALYTICS : WAOae:Distance WAOae:0,0,0
#1144137 02.07.2026 22:29:31 : EVT ANALYTICS : WAOae:Duration WAOae:0,0,0
#1144138 02.07.2026 22:29:31 : EVT ANALYTICS : WAOae:Coeff WAOae:0,40,240,390,773,7524,7624
#1144139 02.07.2026 22:29:31 : EVT LOGGER : Exercise stopped
#1144140 02.07.2026 22:29:31 : EVT BLE : HR RR off (21956192, 44048 ms missing)
#1144141 02.07.2026 22:29:31 : EVT BLE : HR RR done
#1144142 02.07.2026 22:29:31 : EVT LOGGER : HrIbiLogger stop, off (0 ms)
#1144143 02.07.2026 22:29:31 : EVT LOGGER : HrIbiLogger stopped (0 ms)
#1144144 02.07.2026 22:29:31 : TRC GPS : Unsubd c:802b0000
#1144145 02.07.2026 22:29:31 : EVT LOGGER : LGR 934, 80
#1144146 02.07.2026 22:29:31 : EVT ANALYTICS : SleepQ:Tracking:On
#1144147 02.07.2026 22:29:31 : EVT LOGGER : Wr dpc on
#1144148 02.07.2026 22:29:31 : EVT LOGGER : LGR 20993, 56
#1144149 02.07.2026 22:29:31 : TRC NAVIGATION : CG: no climb WP
#1144150 02.07.2026 22:29:31 : TRC NAVIGATION : CG:init ZoomType=0
#1144151 02.07.2026 22:29:31 : EVT NAVIGATION : initSeg Idx=0 D=1 T=0 3-0-4
#1144152 02.07.2026 22:29:31 : EVT WBSTORAGE : CACHE_DEFRAG (696->1048, 24->24, 25)
#1144153 02.07.2026 22:29:31 : EVT SPEEDFUSION : INFO # IDLE mode(-1) set
#1144154 02.07.2026 22:29:31 : EVT ALTIFUSION : AltiBaroMode:2
#1144155 02.07.2026 22:29:31 : EVT <Unknown> : 1783024171108:Meas start 0x2123
#1144156 02.07.2026 22:29:32 : EVT BLE : Disconn sensor:1
#1144157 02.07.2026 22:29:32 : EVT BLE : BLE Sensor Link 4800180D Disc (L-E-:00:0)
#1144158 02.07.2026 22:29:32 : WRN BLE : sendDisconnect 6157
#1144159 02.07.2026 22:29:32 : ERR BLE : [AURA]No filters left, stopping scan
#1144160 02.07.2026 22:29:33 : EVT ANALYTICS : #powersave mode:p temp:32.5
#1144161 02.07.2026 22:29:33 : EVT ANALYTICS : Battery-> 4 soc:97
#1144162 02.07.2026 22:29:34 : EVT UI_FRAMEWORK : JS discard
#1144163 02.07.2026 22:29:34 : WRN LOGGER : Delete b:logs/6A46C9FE
#1144164 02.07.2026 22:29:36 : EVT OHR : No HR update, invalidate by timer
#1144165 02.07.2026 22:29:37 : EVT WBSTORAGE : CACHE_DEFRAG (1024->1032, 24->24, 25)
#1144166 02.07.2026 22:29:37 : EVT APPLICATION : Zapp zwc05901:Load script
#1144167 02.07.2026 22:29:37 : EVT APPLICATION : Zapp zwc05901:Enable
#1144168 02.07.2026 22:29:37 : EVT ANALYTICS : Zapp enabled i:3 h:ddb248f2 n:zwc05901 v:124f
#1144169 02.07.2026 22:29:37 : WRN WBAPI : eID-691468(277): /Weather/Current/ValidWeatherData.temp 
#1144170 02.07.2026 22:29:39 : EVT OHR : new HR update
#1144171 02.07.2026 22:29:40 : WRN WBAPI : eID-691468(277): /Weather/Current/ValidWeatherData.temp 
#1144172 02.07.2026 22:29:42 : EVT WBSTORAGE : CACHE_DEFRAG (904->912, 24->24, 25)
#1144173 02.07.2026 22:29:44 : EVT OHR : No HR update, invalidate by timer
#1144174 02.07.2026 22:29:45 : EVT WBSTORAGE : CACHE_DEFRAG (824->832, 24->24, 25)
#1144175 02.07.2026 22:29:45 : EVT WBSTORAGE : CACHE_DEFRAG (784->816, 24->24, 25)
#1144176 02.07.2026 22:29:45 : EVT WBSTORAGE : CACHE_DEFRAG (792->800, 24->24, 25)
#1144177 02.07.2026 22:29:45 : EVT WBSTORAGE : CACHE_DEFRAG (784->792, 24->24, 25)
#1144178 02.07.2026 22:29:45 : TRC NAVIGATION : CG: no climb WP
#1144179 02.07.2026 22:29:45 : TRC NAVIGATION : CG:init ZoomType=0
#1144180 02.07.2026 22:29:45 : EVT NAVIGATION : initSeg Idx=0 D=1 T=0 3-0-4
#1144181 02.07.2026 22:29:45 : EVT WBSTORAGE : CACHE_DEFRAG (776->928, 24->24, 25)
#1144182 02.07.2026 22:29:45 : EVT ALTIFUSION : AltiBaroMode:0
#1144183 02.07.2026 22:29:45 : EVT APPLICATION : Zapp zwc05901:Disable
#1144184 02.07.2026 22:29:45 : EVT ANALYTICS : Zapp disabled i:3 h:ddb248f2 n:Vector classic
#1144185 02.07.2026 22:29:45 : EVT ANALYTICS : SleepQ:Tracking:On
#1144186 02.07.2026 22:29:45 : EVT ALTIFUSION : AltiBaroMode:0
#1144187 02.07.2026 22:29:45 : EVT UI_FRAMEWORK : JS nsto enable zapp: zzwethen
#1144188 02.07.2026 22:29:45 : EVT UI_FRAMEWORK : JS nsto enable zapp: zzmoveen
#1144189 02.07.2026 22:29:45 : EVT UI_FRAMEWORK : JS nsto enable zapp: climbl01
#1144190 02.07.2026 22:29:45 : EVT APPLICATION : Zapp zzwethen:Load script
#1144191 02.07.2026 22:29:45 : EVT APPLICATION : Zapp zzwethen:Enable
#1144192 02.07.2026 22:29:45 : EVT OHR : new HR update
#1144193 02.07.2026 22:29:45 : EVT ANALYTICS : Zapp enabled i:8 h:3f77f8ec n:zzwethen v:ade
#1144194 02.07.2026 22:29:45 : EVT APPLICATION : Zapp clid:32878
#1144195 02.07.2026 22:29:45 : EVT APPLICATION : Zapp zzmoveen:Load script
#1144196 02.07.2026 22:29:45 : EVT APPLICATION : Zapp zzmoveen:Enable
#1144197 02.07.2026 22:29:45 : EVT ANALYTICS : Zapp enabled i:6 h:7aac0887 n:zzmoveen v:8e0
#1144198 02.07.2026 22:29:45 : EVT UI_FRAMEWORK : evalFile: b:/zapp/zzmoveen.fea/ext1.js from ui
#1144199 02.07.2026 22:29:45 : EVT APPLICATION : Zapp clid:32879
#1144200 02.07.2026 22:29:46 : EVT APPLICATION : Zapp climbl01:Load script
#1144201 02.07.2026 22:29:46 : EVT APPLICATION : Zapp climbl01:Enable
#1144202 02.07.2026 22:29:46 : EVT ANALYTICS : Zapp enabled i:5 h:a5e7afa5 n:climbl01 v:3.0
#1144203 02.07.2026 22:29:46 : EVT APPLICATION : Zapp clid:32880
#1144204 02.07.2026 22:29:46 : ERR WBMAIN : *0: app 635 Event 37 80995318
#1144205 02.07.2026 22:29:46 : ERR WBMAIN : 1: mea 19 Wait 0 00000000
#1144206 02.07.2026 22:29:46 : ERR WBMAIN : 2: ui 33 Wait 0 00000000
#1144207 02.07.2026 22:29:46 : EVT UI_FRAMEWORK : JS nsto all zapps enabled.
#1144208 02.07.2026 22:29:46 : EVT UI_FRAMEWORK : JS Prestart Activity Id: 16.000
#1144209 02.07.2026 22:29:46 : WRN WBAPI : eID-691468(277): /Dive/Alarms/Acknowledge 404
#1144210 02.07.2026 22:29:46 : WRN WBAPI : eID-691468(277): /Dive/DiveGases 404
#1144211 02.07.2026 22:29:46 : WRN WBAPI : eID-691468(277): /Dive/Gauge/Next 404
#1144212 02.07.2026 22:29:46 : EVT WBSTORAGE : CACHE_DEFRAG (904->912, 24->24, 25)
#1144213 02.07.2026 22:29:46 : EVT WBSTORAGE : CACHE_DEFRAG (840->848, 24->24, 25)
#1144214 02.07.2026 22:29:46 : EVT WBSTORAGE : CACHE_DEFRAG (776->784, 24->24, 25)
#1144215 02.07.2026 22:29:46 : EVT BLE : BLE Sensor Link 4800180D Conn (--E-:00:1)
#1144216 02.07.2026 22:29:46 : WRN BLE : sendConnect 6157
#1144217 02.07.2026 22:29:47 : WRN WBAPI : eID-691468(277): /Dive/TankPressure/Alarm/Count 404
#1144218 02.07.2026 22:29:47 : EVT SPEEDFUSION : INFO # start speed fusion
#1144219 02.07.2026 22:29:47 : EVT SPEEDFUSION : Act:16,Acc:0,BPod:0,FPod:0,PPod:0,BeltPod:1
#1144220 02.07.2026 22:29:47 : EVT SPEEDFUSION : INFO # Start algo without wrist acc
#1144221 02.07.2026 22:29:47 : EVT <Unknown> : Update pres sampl intrvl:1
#1144222 02.07.2026 22:29:47 : EVT OHR : S:start 0x21a3
#1144223 02.07.2026 22:29:47 : EVT TRAININGLAB : TLab:~Mode T 7656 + 3 A 4150 + 0
#1144224 02.07.2026 22:29:47 : EVT TRAININGLAB : TLab:Change mode 2->3
#1144225 02.07.2026 22:29:47 : EVT TRAININGLAB : TLab:Mode::userInfo 60, 200, 1, 37, 182, 950, 1990
#1144226 02.07.2026 22:29:47 : EVT LOGGER : Log space:30462138 bytes free
#1144227 02.07.2026 22:29:47 : EVT TRAININGLAB : ModeUnsub:2800
#1144228 02.07.2026 22:29:47 : EVT TRAININGLAB : ModeSub:9004
#1144229 02.07.2026 22:29:47 : EVT TRAININGLAB : TLab:Select input 0
#1144230 02.07.2026 22:29:47 : EVT TRAININGLAB : TLab:Active input 0
#1144231 02.07.2026 22:29:47 : EVT LOGGER : Exercise started
#1144232 02.07.2026 22:29:47 : EVT BLE : HR RR on (21972544)
#1144233 02.07.2026 22:29:47 : TRC GPS : Full GNSS data subd l:0 c:802b0000
#1144234 02.07.2026 22:29:47 : EVT UI_FRAMEWORK : evalFile: b:/zapp/climbl01.fea/ext12.js from ui
#1144235 02.07.2026 22:29:47 : EVT <Unknown> : 1783024187265:Meas start 0x21a3
#1144236 02.07.2026 22:29:49 : EVT ANALYTICS : Battery-> 3 soc:97
#1144237 02.07.2026 22:29:49 : EVT ANALYTICS : #FusHr src:0 time:0
#1144238 02.07.2026 22:29:49 : EVT ANALYTICS : #Act id:16
#1144239 02.07.2026 22:29:49 : EVT ANALYTICS : #powersave mode:p temp:32.8
#1144240 02.07.2026 22:29:49 : EVT ANALYTICS : GPSMODE:NOTUSED
#1144241 02.07.2026 22:29:49 : EVT ANALYTICS : #gnss d:2026-07-02T00:00:00Z
#1144242 02.07.2026 22:29:49 : EVT ANALYTICS : #zapp n:Weather e:1
#1144243 02.07.2026 22:29:49 : EVT ANALYTICS : #zapp n:Movement e:1
#1144244 02.07.2026 22:29:49 : EVT ANALYTICS : #zapp n:Climb Log e:1
#1144245 02.07.2026 22:29:53 : EVT <Unknown> : 1783024193299:Off Skin Set.
#1144246 02.07.2026 22:29:55 : EVT PMIC : VBUS state is ON
#1144247 02.07.2026 22:29:55 : EVT PMIC : chgCntl1:0x70
#1144248 02.07.2026 22:29:55 : EVT PMIC : check chgCntl1:0x74
#1144249 02.07.2026 22:29:55 : EVT PMIC : Turn charge ON since VBUS->ON
#1144250 02.07.2026 22:29:55 : EVT PMIC : PMIC temp zone:0x2
#1144251 02.07.2026 22:29:55 : EVT PMIC : PMIC Fast-charge constant cur
#1144252 02.07.2026 22:29:55 : EVT OHR : VBUS on
#1144253 02.07.2026 22:29:55 : EVT OHR : S:stop a3
#1144254 02.07.2026 22:29:55 : EVT <Unknown> : 1783024195083:Meas stop 0x21a3
#1144255 02.07.2026 22:29:55 : EVT PMIC : PMIC Fast-charge constant voltage
#1144256 02.07.2026 22:29:55 : WRN <Unknown> : 1783024195084:FSM EVT STOP.
#1144257 02.07.2026 22:29:55 : EVT OHR : S:OFF 1->0
#1144258 02.07.2026 22:29:55 : EVT PMIC : VBUS state is ON
#1144259 02.07.2026 22:29:55 : EVT ANALYTICS : #ws AID:16 BM:1 NS:0 SP:3 ZN:0 TG:0 BL:0 GPS:0
#1144260 02.07.2026 22:29:55 : EVT ANALYTICS : #2ws AID:16 WHR:1 INT:0 AL:0 AP:0 FE:1 MC:1 TH:0
#1144261 02.07.2026 22:29:55 : EVT PMIC : PMIC temp zone:0x7
#1144262 02.07.2026 22:29:55 : EVT PMIC : VBUS state is OFF
#1144263 02.07.2026 22:29:55 : EVT PMIC : Turn charge OFF since VBUS->OFF
#1144264 02.07.2026 22:29:55 : EVT OHR : VBUS off
#1144265 02.07.2026 22:29:55 : EVT OHR : S:ON 0->1
#1144266 02.07.2026 22:29:55 : WRN WBAPI : eID-691468(277): /Dive/Alarms/Acknowledge 404
#1144267 02.07.2026 22:29:55 : WRN WBAPI : eID-691468(277): /Dive/DiveGases 404
#1144268 02.07.2026 22:29:55 : WRN WBAPI : eID-691468(277): /Dive/Gauge/Next 404
#1144269 02.07.2026 22:29:56 : EVT OHR : APPINIT:caps 0x1f4, 6b738616
#1144270 02.07.2026 22:29:56 : EVT <Unknown> : 1783024196163:AI@1783024196130, tz120
#1144271 02.07.2026 22:29:56 : EVT OHR : S:start 0x21a3
#1144272 02.07.2026 22:29:56 : EVT <Unknown> : 1783024196196:Meas start 0x21a3
#1144273 02.07.2026 22:29:56 : EVT <Unknown> : 1783024196210:PD1464, 0
#1144274 02.07.2026 22:29:56 : EVT <Unknown> : 1783024196273:GMV 20251126/1/4/0/395/46
#1144275 02.07.2026 22:29:56 : EVT <Unknown> : 1783024196527:Mi1.6.10, auth 0, hr_mode 0
#1144276 02.07.2026 22:29:56 : EVT BLE : lt,scan 1
#1144277 02.07.2026 22:29:56 : WRN BLE : sendDisconnect 6157
#1144278 02.07.2026 22:29:56 : ERR BLE : [AURA]No filters left, stopping scan
#1144279 02.07.2026 22:29:56 : ERR BLE : [AURA]Filter with handle 72 not found
#1144280 02.07.2026 22:29:57 : EVT BLE : packet 0 sensor found count 1
#1144281 02.07.2026 22:29:57 : EVT BLE : packet 0 sensor found count 2
#1144282 02.07.2026 22:29:57 : EVT <Unknown> : 1783024196778:On Skin Set.
#1144283 02.07.2026 22:29:57 : EVT OHR : No HR update, invalidate by timer
#1144284 02.07.2026 22:29:57 : EVT ANALYTICS : #FusHr src:2 time:11117
#1144285 02.07.2026 22:29:57 : EVT TRAININGLAB : Tlab:HR src is 2
#1144286 02.07.2026 22:29:57 : EVT ANALYTICS : #FusHr src:2 time:0
#1144287 02.07.2026 22:30:00 : ERR WBMAIN : *0: app 519 Event 24 80892700
#1144288 02.07.2026 22:30:00 : ERR WBMAIN : 1: mea 0 Event 3 80891701
#1144289 02.07.2026 22:30:00 : ERR WBMAIN : 2: ui 92 Wait 0 00000000
#1144290 02.07.2026 22:30:00 : EVT SEDENTARY : stop monitoring
#1144291 02.07.2026 22:30:01 : ERR <Unknown> : 1783024200792:Mi invalid call:100,code:0.
#1144292 02.07.2026 22:30:06 : EVT OHR : new HR update
#1144293 02.07.2026 22:30:06 : EVT TRAININGLAB : TLab:Active input 1
#1144294 02.07.2026 22:30:16 : WRN WBAPI : eID-691468(277): /Dive/Alarms/Acknowledge 404
#1144295 02.07.2026 22:30:16 : WRN WBAPI : eID-691468(277): /Dive/DiveGases 404
#1144296 02.07.2026 22:30:16 : WRN WBAPI : eID-691468(277): /Dive/Gauge/Next 404
#1144297 02.07.2026 22:30:17 : EVT UI_FRAMEWORK : evalFile: b:/zapp/climbl01.fea/ext18.js from ui
#1144298 02.07.2026 22:30:23 : EVT PMIC : VBUS state is ON
#1144299 02.07.2026 22:30:23 : EVT PMIC : chgCntl1:0x70
#1144300 02.07.2026 22:30:23 : EVT PMIC : check chgCntl1:0x74
#1144301 02.07.2026 22:30:23 : EVT PMIC : Turn charge ON since VBUS->ON
#1144302 02.07.2026 22:30:23 : EVT PMIC : PMIC temp zone:0x2
#1144303 02.07.2026 22:30:23 : EVT PMIC : PMIC Fast-charge constant cur
#1144304 02.07.2026 22:30:23 : EVT OHR : VBUS on
#1144305 02.07.2026 22:30:23 : EVT OHR : S:stop a3
#1144306 02.07.2026 22:30:23 : EVT <Unknown> : 1783024223239:Off Skin Set.
#1144307 02.07.2026 22:30:23 : EVT <Unknown> : 1783024223550:Meas stop 0x21a3
#1144308 02.07.2026 22:30:23 : EVT PMIC : PMIC Fast-charge constant voltage
#1144309 02.07.2026 22:30:23 : EVT PMIC : VBUS state is ON
#1144310 02.07.2026 22:30:23 : WRN <Unknown> : 1783024223551:FSM EVT STOP.
#1144311 02.07.2026 22:30:23 : EVT OHR : S:OFF 1->0
#1144312 02.07.2026 22:30:24 : EVT PMIC : PMIC temp zone:0x7
#1144313 02.07.2026 22:30:24 : EVT PMIC : VBUS state is OFF
#1144314 02.07.2026 22:30:24 : EVT PMIC : Turn charge OFF since VBUS->OFF
#1144315 02.07.2026 22:30:24 : EVT OHR : VBUS off
#1144316 02.07.2026 22:30:24 : EVT OHR : S:ON 0->1
#1144317 02.07.2026 22:30:24 : WRN WBAPI : eID-691468(277): /Dive/Alarms/Acknowledge 404
#1144318 02.07.2026 22:30:24 : WRN WBAPI : eID-691468(277): /Dive/DiveGases 404
#1144319 02.07.2026 22:30:24 : WRN WBAPI : eID-691468(277): /Dive/Gauge/Next 404
#1144320 02.07.2026 22:30:24 : EVT OHR : APPINIT:caps 0x1f4, 6b738616
#1144321 02.07.2026 22:30:24 : EVT <Unknown> : 1783024224644:AI@1783024224620, tz120
#1144322 02.07.2026 22:30:24 : EVT OHR : S:start 0x21a3
#1144323 02.07.2026 22:30:24 : EVT <Unknown> : 1783024224650:Meas start 0x21a3
#1144324 02.07.2026 22:30:24 : EVT <Unknown> : 1783024224660:PD1464, 0
#1144325 02.07.2026 22:30:24 : EVT <Unknown> : 1783024224720:GMV 20251126/1/4/0/395/46
#1144326 02.07.2026 22:30:24 : EVT <Unknown> : 1783024224981:Mi1.6.10, auth 0, hr_mode 0
#1144327 02.07.2026 22:30:25 : EVT <Unknown> : 1783024225278:On Skin Set.
#1144328 02.07.2026 22:30:28 : EVT OHR : No HR update, invalidate by timer
#1144329 02.07.2026 22:30:29 : ERR <Unknown> : 1783024229291:Mi invalid call:100,code:0.
#1144330 02.07.2026 22:30:30 : EVT LOGGER : LGR 934, 80
#1144331 02.07.2026 22:30:30 : WRN WBAPI : eID-691468(277): /Dive/Alarms/Acknowledge 404
#1144332 02.07.2026 22:30:30 : WRN WBAPI : eID-691468(277): /Dive/DiveGases 404
#1144333 02.07.2026 22:30:30 : WRN WBAPI : eID-691468(277): /Dive/Gauge/Next 404
#1144334 02.07.2026 22:30:30 : ERR APPLICATION : Zapp:relMemCb (exec:ui)
#1144335 02.07.2026 22:30:30 : EVT APPLICATION : Zapp zzwethen:Disable
#1144336 02.07.2026 22:30:30 : EVT ANALYTICS : Zapp disabled i:8 h:3f77f8ec n:Weather
#1144337 02.07.2026 22:30:30 : ERR APPLICATION : Zapp 3:RelMem->unload
#1144338 02.07.2026 22:30:30 : ERR APPLICATION : Zapp:relMemCb (exec:ui)
#1144339 02.07.2026 22:30:30 : EVT APPLICATION : Zapp zzmoveen:Disable
#1144340 02.07.2026 22:30:30 : EVT ANALYTICS : Zapp disabled i:6 h:7aac0887 n:Movement
#1144341 02.07.2026 22:30:30 : ERR APPLICATION : Zapp 3:RelMem->unload
#1144342 02.07.2026 22:30:32 : EVT LOGGER : LGR 934, 80
#1144343 02.07.2026 22:30:32 : EVT UI_FRAMEWORK : evalFile: b:/zapp/climbl01.fea/ext10.js from ui
#1144344 02.07.2026 22:30:35 : WRN WBAPI : eID-691468(277): /Dive/Alarms/Acknowledge 404
#1144345 02.07.2026 22:30:35 : WRN WBAPI : eID-691468(277): /Dive/DiveGases 404
#1144346 02.07.2026 22:30:35 : WRN WBAPI : eID-691468(277): /Dive/Gauge/Next 404
#1144347 02.07.2026 22:30:38 : EVT LOGGER : LGR 934, 80
#1144348 02.07.2026 22:30:38 : WRN WBAPI : eID-691468(277): /Dive/Alarms/Acknowledge 404
#1144349 02.07.2026 22:30:38 : WRN WBAPI : eID-691468(277): /Dive/DiveGases 404
#1144350 02.07.2026 22:30:38 : WRN WBAPI : eID-691468(277): /Dive/Gauge/Next 404
#1144351 02.07.2026 22:30:39 : EVT LOGGER : LGR 934, 80
#1144352 02.07.2026 22:30:40 : EVT OHR : new HR update
#1144353 02.07.2026 22:30:41 : WRN WBAPI : eID-691468(277): /Dive/Alarms/Acknowledge 404
#1144354 02.07.2026 22:30:41 : WRN WBAPI : eID-691468(277): /Dive/DiveGases 404
#1144355 02.07.2026 22:30:41 : WRN WBAPI : eID-691468(277): /Dive/Gauge/Next 404
#1144356 02.07.2026 22:30:42 : EVT LOGGER : LGR 934, 80
#1144357 02.07.2026 22:30:42 : WRN WBAPI : eID-691468(277): /Dive/Alarms/Acknowledge 404
#1144358 02.07.2026 22:30:42 : WRN WBAPI : eID-691468(277): /Dive/DiveGases 404
#1144359 02.07.2026 22:30:42 : WRN WBAPI : eID-691468(277): /Dive/Gauge/Next 404
#1144360 02.07.2026 22:30:43 : EVT LOGGER : LGR 934, 80
#1144361 02.07.2026 22:30:44 : WRN WBAPI : eID-691468(277): /Dive/Alarms/Acknowledge 404
#1144362 02.07.2026 22:30:44 : WRN WBAPI : eID-691468(277): /Dive/DiveGases 404
#1144363 02.07.2026 22:30:44 : WRN WBAPI : eID-691468(277): /Dive/Gauge/Next 404
#1144364 02.07.2026 22:30:45 : EVT LOGGER : LGR 934, 80
#1144365 02.07.2026 22:30:45 : WRN WBAPI : eID-691468(277): /Dive/Alarms/Acknowledge 404
#1144366 02.07.2026 22:30:45 : WRN WBAPI : eID-691468(277): /Dive/DiveGases 404
#1144367 02.07.2026 22:30:45 : WRN WBAPI : eID-691468(277): /Dive/Gauge/Next 404
#1144368 02.07.2026 22:30:47 : EVT LOGGER : LGR 934, 80
#1144369 02.07.2026 22:30:48 : WRN WBAPI : eID-691468(277): /Dive/Alarms/Acknowledge 404
#1144370 02.07.2026 22:30:48 : WRN WBAPI : eID-691468(277): /Dive/DiveGases 404
#1144371 02.07.2026 22:30:48 : WRN WBAPI : eID-691468(277): /Dive/Gauge/Next 404
#1144372 02.07.2026 22:30:50 : EVT LOGGER : Exercise paused
#1144373 02.07.2026 22:30:50 : WRN WBAPI : eID-691468(277): /Dive/Alarms/Acknowledge 404
#1144374 02.07.2026 22:30:50 : WRN WBAPI : eID-691468(277): /Dive/DiveGases 404
#1144375 02.07.2026 22:30:50 : WRN WBAPI : eID-691468(277): /Dive/Gauge/Next 404
#1144376 02.07.2026 22:30:53 : EVT APPLICATION : Zapp climbl01:Disable
#1144377 02.07.2026 22:30:53 : EVT UI_FRAMEWORK : evalFile: b:/zapp/climbl01.fea/ext17.js from ui
#1144378 02.07.2026 22:30:53 : EVT UI_FRAMEWORK : evalFile: b:/zapp/climbl01.fea/ext11.js from ui
#1144379 02.07.2026 22:30:53 : EVT UI_FRAMEWORK : evalFile: b:/zapp/climbl01.fea/ext19.js from ui
#1144380 02.07.2026 22:30:54 : EVT ANALYTICS : Zapp disabled i:5 h:a5e7afa5 n:Climb Log
#1144381 02.07.2026 22:30:54 : ERR WBMAIN : *0: app 643 Event 37 80995317
#1144382 02.07.2026 22:30:54 : ERR WBMAIN : 1: mea 0 Wait 0 00000000
#1144383 02.07.2026 22:30:54 : ERR WBMAIN : 2: ui 1 Wait 0 00000000
#1144384 02.07.2026 22:30:54 : EVT UI_FRAMEWORK : JS discard disable zapps
#1144385 02.07.2026 22:30:54 : EVT UI_FRAMEWORK : JS will discard
#1144386 02.07.2026 22:30:54 : EVT SPEEDFUSION : INFO # stop speed fusion
#1144387 02.07.2026 22:30:54 : EVT <Unknown> : Update pres sampl intrvl:5
#1144388 02.07.2026 22:30:54 : WRN APPLICATION : discard hrr meas l:3 d:0 sh:73 mh:73 v:0
#1144389 02.07.2026 22:30:54 : WRN WBAPI : eID-698eec(583/65535): 404
#1144390 02.07.2026 22:30:54 : EVT TRAININGZONE : User Define Mode:5
#1144391 02.07.2026 22:30:54 : EVT TRAININGZONE : Tss HR:0.53
#1144392 02.07.2026 22:30:54 : EVT TRAININGZONE : A:16,Tss:[-200.00,-200.00,-200.00,0.53]
#1144393 02.07.2026 22:30:54 : EVT TRAININGLAB : AppFeature Vo2Max 0.000000
#1144394 02.07.2026 22:30:54 : EVT TRAININGLAB : TLab:~Mode T 7659 + 24 A 4150 + 10
#1144395 02.07.2026 22:30:54 : EVT TRAININGLAB : TLab:Change mode 3->2
#1144396 02.07.2026 22:30:54 : EVT TRAININGLAB : TLab:Mode::userInfo 60, 200, 1, 37, 182, 950, 1990
#1144397 02.07.2026 22:30:54 : EVT LOGGER : LGR 934, 80
#1144398 02.07.2026 22:30:54 : EVT TRAININGLAB : ModeUnsub:9145
#1144399 02.07.2026 22:30:54 : EVT OHR : S:start 0x2123
#1144400 02.07.2026 22:30:54 : EVT TRAININGLAB : ModeSub:0400
#1144401 02.07.2026 22:30:54 : EVT ANALYTICS : WAOae:Activity WAOae:16
#1144402 02.07.2026 22:30:54 : EVT ANALYTICS : WAOae:TotalAcc WAOae:0,0,0
#1144403 02.07.2026 22:30:54 : EVT ANALYTICS : WAOae:AccCount WAOae:0,0,0
#1144404 02.07.2026 22:30:54 : EVT ANALYTICS : WAOae:Distance WAOae:0,0,0
#1144405 02.07.2026 22:30:54 : EVT ANALYTICS : WAOae:Duration WAOae:0,0,0
#1144406 02.07.2026 22:30:54 : EVT ANALYTICS : WAOae:Coeff WAOae:0,40,240,390,773,7524,7624
#1144407 02.07.2026 22:30:54 : EVT LOGGER : Exercise stopped
#1144408 02.07.2026 22:30:54 : EVT BLE : HR RR off (22039237, 66693 ms missing)
#1144409 02.07.2026 22:30:54 : EVT BLE : HR RR done
#1144410 02.07.2026 22:30:54 : EVT LOGGER : HrIbiLogger stop, off (0 ms)
#1144411 02.07.2026 22:30:54 : EVT LOGGER : HrIbiLogger stopped (0 ms)
#1144412 02.07.2026 22:30:54 : TRC GPS : Unsubd c:802b0000
#1144413 02.07.2026 22:30:54 : EVT LOGGER : LGR 934, 80
#1144414 02.07.2026 22:30:54 : EVT LOGGER : LGR 934, 80
#1144415 02.07.2026 22:30:54 : EVT ANALYTICS : SleepQ:Tracking:On
#1144416 02.07.2026 22:30:54 : EVT LOGGER : Wr dpc on
#1144417 02.07.2026 22:30:54 : EVT LOGGER : LGR 20993, 56
#1144418 02.07.2026 22:30:54 : EVT <Unknown> : 1783024254165:Meas start 0x2123
#1144419 02.07.2026 22:30:54 : TRC NAVIGATION : CG: no climb WP
#1144420 02.07.2026 22:30:54 : TRC NAVIGATION : CG:init ZoomType=0
#1144421 02.07.2026 22:30:54 : EVT NAVIGATION : initSeg Idx=0 D=1 T=0 3-0-4
#1144422 02.07.2026 22:30:54 : EVT WBSTORAGE : CACHE_DEFRAG (696->1048, 24->24, 25)
#1144423 02.07.2026 22:30:54 : EVT SPEEDFUSION : INFO # IDLE mode(-1) set
#1144424 02.07.2026 22:30:54 : EVT ALTIFUSION : AltiBaroMode:2
#1144425 02.07.2026 22:30:54 : ERR WBMAIN : *0: app 685 Event 28 802c400e
#1144426 02.07.2026 22:30:54 : ERR WBMAIN : 1: mea 0 Wait 0 00000000
#1144427 02.07.2026 22:30:54 : ERR WBMAIN : 2: ui 2 Proc 0 00000000
#1144428 02.07.2026 22:30:55 : EVT BLE : Disconn sensor:1
#1144429 02.07.2026 22:30:55 : EVT BLE : BLE Sensor Link 4800180D Disc (L-E-:00:0)
#1144430 02.07.2026 22:30:55 : WRN BLE : sendDisconnect 6157
#1144431 02.07.2026 22:30:55 : ERR BLE : [AURA]No filters left, stopping scan
#1144432 02.07.2026 22:30:56 : EVT ANALYTICS : #powersave mode:p temp:33.0
#1144433 02.07.2026 22:30:56 : EVT ANALYTICS : Battery-> 4 soc:97
#1144434 02.07.2026 22:30:57 : EVT UI_FRAMEWORK : JS discard
#1144435 02.07.2026 22:30:58 : WRN LOGGER : Delete b:logs/6A46CA3B
#1144436 02.07.2026 22:31:00 : EVT WBSTORAGE : CACHE_DEFRAG (1024->1032, 24->24, 25)
#1144437 02.07.2026 22:31:00 : EVT APPLICATION : Zapp zwc05901:Load script
#1144438 02.07.2026 22:31:00 : EVT APPLICATION : Zapp zwc05901:Enable
#1144439 02.07.2026 22:31:00 : EVT ANALYTICS : Zapp enabled i:3 h:ddb248f2 n:zwc05901 v:124f
#1144440 02.07.2026 22:31:00 : WRN WBAPI : eID-691468(277): /Weather/Current/ValidWeatherData.temp 
#1144441 02.07.2026 22:31:43 : EVT OHR : No HR update, invalidate by timer
#1144442 02.07.2026 22:31:48 : ERR <Unknown> : 1783024308880:Hr_out conf_low:70/10.
#1144443 02.07.2026 22:32:00 : EVT SEDENTARY : stop monitoring
#1144444 02.07.2026 22:32:02 : EVT OHR : new HR update
#1144445 02.07.2026 22:32:22 : EVT WBSTORAGE : CACHE_DEFRAG (904->912, 24->24, 25)
#1144446 02.07.2026 22:32:23 : EVT WBSTORAGE : CACHE_DEFRAG (824->832, 24->24, 25)
#1144447 02.07.2026 22:32:34 : EVT <Unknown> : 1783024354220:Off Skin Set.
#1144448 02.07.2026 22:32:34 : EVT <Unknown> : 1783024354596:On Skin Set.
#1144449 02.07.2026 22:32:39 : TRC APPLICATION : System mode req: 3
#1144450 02.07.2026 22:32:39 : EVT FUEL_GAUGE : FG BCP:PUT req, save learned
#1144451 02.07.2026 22:32:39 : EVT FUEL_GAUGE : L(0-4):0x0067 0x5D75 0x1A0F 0x05A7 0x1A0C
#1144452 02.07.2026 22:32:39 : EVT WBSTORAGE : CACHE_DEFRAG (768->776, 24->24, 25)
#1144453 02.07.2026 22:32:49 : WRN POWER_STATE : SHUT exp 10000 c1
#1144454 02.07.2026 22:32:49 : EVT PMIC : VBUS state is OFF
#1144455 02.07.2026 22:32:53 : EVT EXT_FLASH : ExtFID 0xc2,0x25,0x39
#1144456 02.07.2026 22:32:53 : TRC APPLICATION : Start wuiapp 2.53.42 in mode 3 (asked 3 (3h))
#1144457 02.07.2026 22:32:53 : TRC APPLICATION : HwVersion: 1424B3
#1144458 02.07.2026 22:32:53 : TRC APPLICATION : BID: 8585924/09b8e246
#1144459 02.07.2026 22:32:53 : EVT ANALYTICS : #start bl:00000000 c:0000568e r:1000 s:00
#1144460 02.07.2026 22:32:53 : TRC FUEL_GAUGE : Initial batt voltage: 4404.843750 mV
#1144461 02.07.2026 22:32:53 : EVT PMIC : VBUS state is OFF
#1144462 02.07.2026 22:32:53 : EVT PMIC : chgCntl1:0x74
#1144463 02.07.2026 22:32:53 : EVT PMIC : check chgCntl1:0x74
#1144464 02.07.2026 22:32:53 : EVT PMIC : FPO or PO complete >shut down
#1144465 01.01.2024 01:00:00 : EVT EXT_FLASH : ExtFID 0xc2,0x25,0x39
#1144466 01.01.2024 01:00:00 : TRC APPLICATION : Start wuiapp 2.53.42 in mode 5 (asked 5 (5h))
#1144467 01.01.2024 01:00:00 : TRC APPLICATION : HwVersion: 1424B3
#1144468 01.01.2024 01:00:00 : TRC APPLICATION : BID: 8585924/09b8e246
#1144469 01.01.2024 01:00:00 : EVT ANALYTICS : #start bl:00000000 c:00000000 r:0002 s:00
#1144470 01.01.2024 01:00:00 : TRC FUEL_GAUGE : Initial batt voltage: 4407.109375 mV
#1144471 01.01.2024 01:00:00 : EVT FWUPDATE : onInputEvent 1
#1144472 01.01.2024 01:00:00 : EVT FILESYSTEM : Storage:init HccFat
#1144473 01.01.2024 01:00:00 : TRC FILESYSTEM : HCC Malloc:6304
#1144474 01.01.2024 01:00:00 : TRC FILESYSTEM : HCC init 7 cache
#1144475 01.01.2024 01:00:00 : TRC FILESYSTEM : HCC logblock daemon Init
#1144476 01.01.2024 01:00:00 : EVT FILESYSTEM : Ena eMMC vol (init)
#1144477 01.01.2024 01:00:00 : EVT FILESYSTEM : maxfh:1 30 1 c:volume0.inf
#1144478 01.01.2024 01:00:00 : EVT FILESYSTEM : maxfh:2 81 1 c:volume0.inf
#1144479 01.01.2024 01:00:00 : TRC FWUPDATE : FSS crc:4085972702[ok] sta:0 sec:65535 reb:0
#1144480 01.01.2024 01:00:00 : TRC FWUPDATE : FSS cu:8b67dbcf se:8b67dbcf in:4
#1144481 01.01.2024 01:00:00 : EVT POWER_STATE : HistoryStorage Construction
#1144482 01.01.2024 01:00:00 : TRC MAPS : Wait for req
#1144483 01.01.2024 01:00:00 : EVT <Unknown> : EXT_RTC correction 1704067200->1783024478
#1144484 02.07.2026 22:34:38 : EVT WBSTORAGE : PRELOAD_DONE Cache free:idx:20 mem:1336B
#1144485 02.07.2026 22:34:39 : EVT PRESSURE : ALPS HSPPAD143 pres sensor found
#1144486 02.07.2026 22:34:39 : EVT PRESSURE : PressCalib:Checksum not valid
#1144487 02.07.2026 22:34:39 : EVT PRESSURE : PressCalib read OK:-1.551000
#1144488 02.07.2026 22:34:39 : TRC PRESSURE : Sensor ALPS HSPPAD143 detected
#1144489 02.07.2026 22:34:39 : EVT WR_MAGN : TLI493D-W2BW HW-revision:0x9 (type 0x0)
#1144490 02.07.2026 22:34:39 : EVT PMIC : VBUS state is ON
#1144491 02.07.2026 22:34:40 : EVT PMIC : chgCntl1:0x70
#1144492 02.07.2026 22:34:40 : EVT PMIC : check chgCntl1:0x74
#1144493 02.07.2026 22:34:40 : EVT PMIC : Turn charge ON since VBUS->ON
#1144494 02.07.2026 22:34:40 : EVT PMIC : chgCntl1:0x74
#1144495 02.07.2026 22:34:40 : EVT PMIC : check chgCntl1:0x74
#1144496 02.07.2026 22:34:41 : ERR WBMAIN : 0: app 1176 Wait 0 00000000
#1144497 02.07.2026 22:34:41 : ERR WBMAIN : *1: mea 1230 DPC 12 00457803
#1144498 02.07.2026 22:34:41 : ERR WBMAIN : 2: ui 7819 Wait 0 00000000
#1144499 02.07.2026 22:34:41 : EVT PMIC : PMIC Maintain charge
#1144500 02.07.2026 22:34:41 : EVT FUEL_GAUGE : init, force:0
#1144501 02.07.2026 22:34:41 : EVT FUEL_GAUGE : check:1 lrn_tempco reg:0x223e, store:0x5d75 mode:0x5d75
#1144502 02.07.2026 22:34:41 : EVT FUEL_GAUGE : learned stat:0x8082 frc:0
#1144503 02.07.2026 22:34:41 : WRN FUEL_GAUGE : Restore saved learn params
#1144504 02.07.2026 22:34:42 : EVT FUEL_GAUGE : Restore(0-4):0x0067 0x5D75 0x1A0F 0x05A7 0x1A0C
#1144505 02.07.2026 22:34:42 : EVT FUEL_GAUGE : Learn stage adv
#1144506 02.07.2026 22:34:42 : ERR WBMAIN : 0: app 1217 Wait 0 00000000
#1144507 02.07.2026 22:34:42 : ERR WBMAIN : *1: mea 1218 DPC 12 00457803
#1144508 02.07.2026 22:34:42 : ERR WBMAIN : 2: ui 9290 Wait 0 00000000
#1144509 02.07.2026 22:34:42 : EVT OHR : SCD 1, SCDL 0, SPO2 0, HR 0, RR 0, GM 0, SRBT 0
#1144510 02.07.2026 22:34:43 : EVT OHR : S:ON 0->1
#1144511 02.07.2026 22:34:43 : TRC FUEL_GAUGE : Charging 3 Batt 1->5
#1144512 02.07.2026 22:34:43 : TRC FUEL_GAUGE : batFgLevel cur:100%, prev:75%
#1144513 02.07.2026 22:34:43 : EVT FUEL_GAUGE : Initial batt:4408 mV soc:100 %
#1144514 02.07.2026 22:34:43 : EVT FUEL_GAUGE : Charge 3 Batt 5
#1144515 02.07.2026 22:34:43 : TRC GPS : Power enabled
#1144516 02.07.2026 22:34:43 : TRC TOUCH : get ic info, chip id = 0x2390
#1144517 02.07.2026 22:34:43 : WRN OHR : Module test not passed (0x08)
#1144518 02.07.2026 22:34:43 : EVT OHR : APPINIT:caps 0x1f4, 6b738616
#1144519 02.07.2026 22:34:43 : EVT <Unknown> : 1783024483797:AI@1783024483770, tz120
#1144520 02.07.2026 22:34:43 : EVT OHR : APP:0.9.82 BSL:0.1.4
#1144521 02.07.2026 22:34:43 : EVT OHR : S:OFF 1->0
#1144522 02.07.2026 22:34:44 : EVT ALTIFUSION : Init AltiBaro
#1144523 02.07.2026 22:34:44 : EVT WBSTORAGE : CACHE_DEFRAG (144->544, 7->7, 25)
#1144524 02.07.2026 22:34:44 : EVT TRAININGLAB : TLab:Change mode 0->0
#1144525 02.07.2026 22:34:44 : TRC MAPS : UIResourceLoader::initModule()
#1144526 02.07.2026 22:34:44 : EVT GOMORE : GoMore Update User Info
#1144527 02.07.2026 22:34:44 : TRC GPS : Stat report:1
#1144528 02.07.2026 22:34:44 : EVT GOMORE : AuthSdk Code:0
#1144529 02.07.2026 22:34:44 : TRC GPS : @VER
#1144530 02.07.2026 22:34:44 : EVT TRAININGZONE : Init done
#1144531 02.07.2026 22:34:44 : TRC GPS : Ver:v00.204
#1144532 02.07.2026 22:34:44 : TRC GPS : @CEPA
#1144533 02.07.2026 22:34:44 : TRC GPS : LLE GP:0207 QZ:0207 GL:0207 GA:0207 BE:0207
#1144534 02.07.2026 22:34:44 : TRC GPS : Power disabled
#1144535 02.07.2026 22:34:44 : EVT GPS : LocationProviderImpl:sub Passive
#1144536 02.07.2026 22:34:44 : TRC GPS : Full GNSS data subd l:0 c:80160010
#1144537 02.07.2026 22:34:44 : EVT WBSTORAGE : CACHE_DEFRAG (8->776, 19->19, 25)
#1144538 02.07.2026 22:34:45 : TRC FUEL_GAUGE : Chg->0,B:5,C:-0.0,V:4408,U:1,bF:100%,bC:100%
#1144539 02.07.2026 22:34:45 : WRN WBAPI : eID-69b7b8(99/19200): 403
#1144540 02.07.2026 22:34:45 : EVT WBSTORAGE : CACHE_DEFRAG (720->1136, 24->24, 25)
#1144541 02.07.2026 22:34:45 : TRC NAVIGATION : CG: no climb WP
#1144542 02.07.2026 22:34:45 : TRC NAVIGATION : CG:init ZoomType=0
#1144543 02.07.2026 22:34:45 : EVT NAVIGATION : initSeg Idx=0 D=1 T=0 3-0-4
#1144544 02.07.2026 22:34:45 : WRN WBAPI : eID-6952d0(99/773): 403
#1144545 02.07.2026 22:34:45 : EVT PMIC : PMIC Fast-charge constant voltage
#1144546 02.07.2026 22:34:45 : EVT WBSTORAGE : CACHE_DEFRAG (1064->1080, 24->24, 25)
#1144547 02.07.2026 22:34:45 : EVT <Unknown> : init, c 0 0 0
#1144548 02.07.2026 22:34:45 : EVT WBSTORAGE : CACHE_DEFRAG (992->1016, 24->24, 25)
#1144549 02.07.2026 22:34:46 : EVT OHR : Found CP file 204
#1144550 02.07.2026 22:34:46 : EVT GOMORE : PD-f OK, sz 1464, H 0x0
#1144551 02.07.2026 22:34:46 : EVT GPS : GpsTimeSynchronizer:sub Best
#1144552 02.07.2026 22:34:46 : TRC GPS : Basic GNSS data subd l:15 c:80460010
#1144553 02.07.2026 22:34:46 : TRC GPS : Power enabled
#1144554 02.07.2026 22:34:46 : EVT FILESYSTEM : maxfh:3 1182 2 storage/ac100d90/data.jsn
#1144555 02.07.2026 22:34:47 : EVT ANALYTICS : SleepQ:Tracking:On
#1144556 02.07.2026 22:34:47 : EVT SLEEP : Discard possible sleep
#1144557 02.07.2026 22:34:47 : EVT SLEEP : No sleep ongoing, ineffective discard call
#1144558 02.07.2026 22:34:47 : TRC GPS : Stat report:1
#1144559 02.07.2026 22:34:47 : TRC GPS : GNS setting 0x1fcb
#1144560 02.07.2026 22:34:47 : TRC GPS : @GSR
#1144561 02.07.2026 22:34:48 : EVT FILESYSTEM : maxfh:4 11c3 1 sleepln/sstages.bin
#1144562 02.07.2026 22:34:48 : EVT SLEEP : GMSLEEP:Last stg 2 dur 2100 start at 1775538360000
#1144563 02.07.2026 22:34:48 : TRC GPS : Done:GSR
#1144564 02.07.2026 22:34:48 : EVT TRAININGLAB : TLab:Change mode 0->2
#1144565 02.07.2026 22:34:48 : EVT TRAININGLAB : TLab:Mode::userInfo 60, 200, 1, 37, 182, 950, 1990
#1144566 02.07.2026 22:34:49 : EVT TRAININGLAB : ModeUnsub:0000
#1144567 02.07.2026 22:34:49 : EVT TRAININGLAB : ModeSub:0400
#1144568 02.07.2026 22:34:49 : EVT TRAININGLAB : Stress enabled
#1144569 02.07.2026 22:34:49 : TRC APPLICATION : 247: Day 0 1782943200 1260
#1144570 02.07.2026 22:34:49 : TRC APPLICATION : 247: Day 1 1782856800 0
#1144571 02.07.2026 22:34:49 : TRC APPLICATION : 247: Day 2 1782770400 0
#1144572 02.07.2026 22:34:49 : TRC APPLICATION : 247: Day 3 1782684000 0
#1144573 02.07.2026 22:34:49 : TRC APPLICATION : 247: Day 4 1782597600 0
#1144574 02.07.2026 22:34:49 : TRC APPLICATION : 247: Day 5 1782511200 0
#1144575 02.07.2026 22:34:49 : TRC APPLICATION : 247: Day 6 1782424800 0
#1144576 02.07.2026 22:34:49 : TRC APPLICATION : 247: Restore counters
#1144577 02.07.2026 22:34:49 : EVT WBSTORAGE : CACHE_DEFRAG (984->1000, 24->24, 25)
#1144578 02.07.2026 22:34:49 : EVT NFC : Init NFC card enabled: 0
#1144579 02.07.2026 22:34:49 : EVT APPLICATION : ExGui clid:805d
#1144580 02.07.2026 22:34:50 : EVT APPLICATION : Int clid:8068
#1144581 02.07.2026 22:34:50 : EVT ANALYTICS : analytics enabled!
#1144582 02.07.2026 22:34:50 : TRC FUEL_GAUGE : Chg->1,B:5,C:46.0,V:4408,U:1,bF:100%,bC:100%
#1144583 02.07.2026 22:34:50 : EVT ANALYTICS : Battery-> 0 soc:0
#1144584 02.07.2026 22:34:50 : WRN WBAPI : eID-691c70(396/15112): 429
#1144585 02.07.2026 22:34:50 : TRC BLE : PT settings cmd failed (429)
#1144586 02.07.2026 22:34:50 : WRN BLE : BLE Link 4D00F000 Disc (--E-:00:0)
#1144587 02.07.2026 22:34:50 : EVT WBSTORAGE : CACHE_DEFRAG (984->992, 24->24, 25)
#1144588 02.07.2026 22:34:50 : EVT APPLICATION : Zapp prv clid:32876
#1144589 02.07.2026 22:34:51 : EVT APPLICATION : Zapp Eng clid:32877
#1144590 02.07.2026 22:34:51 : EVT APPLICATION : Guide clid:32883
#1144591 02.07.2026 22:34:51 : TRC MAPS : UIResourceLoader::startModule()
#1144592 02.07.2026 22:34:51 : EVT WBSTORAGE : CACHE_DEFRAG (928->952, 24->24, 25)
#1144593 02.07.2026 22:34:51 : EVT WBSTORAGE : CACHE_DEFRAG (840->848, 24->24, 25)
#1144594 02.07.2026 22:34:51 : EVT WEATHER : t:495282, d:2
#1144595 02.07.2026 22:34:51 : EVT WBSTORAGE : CACHE_DEFRAG (736->744, 24->24, 25)
#1144596 02.07.2026 22:34:51 : EVT ANALYTICS : Weather sync ok d:0 f:0
#1144597 02.07.2026 22:34:51 : EVT WEATHER : t:495282, d:2
#1144598 02.07.2026 22:34:51 : EVT ANALYTICS : synced city:Eglisau
#1144599 02.07.2026 22:34:51 : WRN POWER_STATE : rewr:0 fbf:0 ii:1259 cmss:524292 cin:16384
#1144600 02.07.2026 22:34:51 : EVT WBSTORAGE : CACHE_DEFRAG (680->688, 24->24, 25)
#1144601 02.07.2026 22:34:51 : EVT WBSTORAGE : CACHE_DEFRAG (616->624, 24->24, 25)
#1144602 02.07.2026 22:34:51 : EVT WBSTORAGE : CACHE_DEFRAG (560->584, 24->24, 25)
#1144603 02.07.2026 22:34:51 : EVT WBSTORAGE : CACHE_DEFRAG (344->352, 24->24, 25)
#1144604 02.07.2026 22:34:51 : EVT WBSTORAGE : CACHE_DEFRAG (336->344, 24->24, 25)
#1144605 02.07.2026 22:34:51 : EVT <Unknown> : Off-wrist det:on
#1144606 02.07.2026 22:34:51 : WRN WBAPI : eID-6935e8(99/42169): 403
#1144607 02.07.2026 22:34:51 : EVT WBSTORAGE : CACHE_DEFRAG (320->376, 24->24, 25)
#1144608 02.07.2026 22:34:51 : WRN WBAPI : eID-693fd4(99/48128): 403
#1144609 02.07.2026 22:34:52 : EVT <Unknown> : Update pres sampl intrvl:1
#1144610 02.07.2026 22:34:52 : EVT ANALYTICS : #heap h:10736 l:10688
#1144611 02.07.2026 22:34:52 : EVT ALTIFUSION : AltiBaroMode:2
#1144612 02.07.2026 22:34:53 : WRN WBAPI : eID-691468(277): /Dive/DesaturationTimes 404
#1144613 02.07.2026 22:34:53 : WRN WBAPI : eID-691468(277): /Dive/Statistics/ScubaSurfaceTime 404
#1144614 02.07.2026 22:34:53 : ERR WBMAIN : *0: app 1290 Event 7 8042037d
#1144615 02.07.2026 22:34:53 : ERR WBMAIN : 1: mea 197 Wait 0 00000000
#1144616 02.07.2026 22:34:53 : ERR WBMAIN : 2: ui 1294 DPC 1 004b17f1
#1144617 02.07.2026 22:34:53 : EVT ALTIFUSION : AltiBaroMode:2
#1144618 02.07.2026 22:34:53 : EVT SPEEDFUSION : INFO # IDLE mode(-1) set
#1144619 02.07.2026 22:34:53 : EVT UI_FRAMEWORK : UI cache reset
#1144620 02.07.2026 22:34:54 : EVT OHR : No HR update, invalidate by timer
#1144621 02.07.2026 22:34:54 : ERR WBMAIN : 0: app 1113 Wait 0 00000000
#1144622 02.07.2026 22:34:54 : ERR WBMAIN : 1: mea 18 Wait 0 00000000
#1144623 02.07.2026 22:34:54 : ERR WBMAIN : *2: ui 2431 DPC 1 004b17f1
#1144624 02.07.2026 22:34:54 : EVT OHR : MI CpData OK
#1144625 02.07.2026 22:34:54 : EVT WIFI : Pwr up
#1144626 02.07.2026 22:34:54 : EVT ANALYTICS : Battery-> 2 soc:100
#1144627 02.07.2026 22:34:55 : EVT BLE : PT 2 items loaded
#1144628 02.07.2026 22:34:55 : EVT UI_FRAMEWORK : JS Widgets: kept=20 added=0
#1144629 02.07.2026 22:34:55 : EVT BRIGHTNESS : Custom state pwr:[3,-1] bri:[1.00,-1.00]
#1144630 02.07.2026 22:34:56 : EVT APPLICATION : Zapp zwc05901:Load script
#1144631 02.07.2026 22:34:56 : EVT APPLICATION : Zapp zwc05901:Enable
#1144632 02.07.2026 22:34:56 : EVT ANALYTICS : Zapp enabled i:3 h:ddb248f2 n:zwc05901 v:124f
#1144633 02.07.2026 22:34:56 : ERR WBMAIN : *0: app 732 Event 37 80995320
#1144634 02.07.2026 22:34:56 : ERR WBMAIN : 1: mea 91 Wait 0 00000000
#1144635 02.07.2026 22:34:56 : ERR WBMAIN : 2: ui 244 Wait 0 00000000
#1144636 02.07.2026 22:34:56 : EVT UI_FRAMEWORK : JS startup ready
#1144637 02.07.2026 22:34:56 : WRN BLE : BLE_CONTROL:1,0,0
#1144638 02.07.2026 22:34:56 : EVT BLE : State DISABLED->OFF
#1144639 02.07.2026 22:34:56 : EVT BLE : State OFF->START
#1144640 02.07.2026 22:34:56 : EVT BLE : APP 3.0.54/01F7/1.2.10
#1144641 02.07.2026 22:34:56 : EVT BLE : State START->ON
#1144642 02.07.2026 22:34:56 : TRC BLE : BLE Link Restore 4D00F000 (L-Ep:00:0)
#1144643 02.07.2026 22:34:56 : WRN BLE : sendConnect 61440
#1144644 02.07.2026 22:34:56 : EVT ANALYTICS : BLE-COMM SHWM 190 (01)
#1144645 02.07.2026 22:34:57 : EVT BRIGHTNESS : Custom state pwr:[-1,-1] bri:[-1.00,-1.00]
#1144646 02.07.2026 22:34:57 : EVT WBSTORAGE : CACHE_DEFRAG (352->640, 24->24, 25)
#1144647 02.07.2026 22:34:57 : WRN WBAPI : eID-691468(277): /Weather/Current/ValidWeatherData.temp 
#1144648 02.07.2026 22:35:01 : WRN WBAPI : eID-691468(277): /Weather/Current/ValidWeatherData.temp 
#1144649 02.07.2026 22:35:01 : EVT WIFI : pwr up
#1144650 02.07.2026 22:35:01 : EVT WIFI : SDK Ver(3.2.8.1)
#1144651 02.07.2026 22:35:01 : EVT WIFI : Cur bootmode:0
#1144652 02.07.2026 22:35:01 : EVT WIFI : Cur MAC addr:0C:8C:DC:B1:E4:BA
#1144653 02.07.2026 22:35:01 : EVT WIFI : Cur cc:CH
#1144654 02.07.2026 22:35:01 : EVT WIFI : FW Ver(v001056)
#1144655 02.07.2026 22:35:03 : EVT PMIC : PMIC temp zone:0x7
#1144656 02.07.2026 22:35:03 : EVT PMIC : VBUS state is OFF
#1144657 02.07.2026 22:35:03 : EVT PMIC : Turn charge OFF since VBUS->OFF
#1144658 02.07.2026 22:35:03 : TRC FUEL_GAUGE : Chg->0,B:5,C:72.8,V:4416,U:0,bF:100%,bC:100%
#1144659 02.07.2026 22:35:03 : EVT OHR : VBUS off
#1144660 02.07.2026 22:35:03 : EVT OHR : S:ON 0->1
#1144661 02.07.2026 22:35:03 : EVT OHR : APPINIT:caps 0x1f4, 6b738616
#1144662 02.07.2026 22:35:03 : EVT <Unknown> : 1783024503735:AI@1783024503710, tz120
#1144663 02.07.2026 22:35:03 : EVT OHR : S:start 0x2123
#1144664 02.07.2026 22:35:03 : EVT ANALYTICS : Battery-> 1 soc:100
#1144665 02.07.2026 22:35:04 : EVT <Unknown> : 1783024503742:Meas start 0x2123
#1144666 02.07.2026 22:35:04 : EVT <Unknown> : 1783024503753:PD1464, 0
#1144667 02.07.2026 22:35:04 : EVT <Unknown> : 1783024503816:GMV 20251126/1/4/0/395/46
#1144668 02.07.2026 22:35:04 : EVT <Unknown> : 1783024504070:Mi1.6.10, auth 0, hr_mode 0
#1144669 02.07.2026 22:35:04 : EVT PMIC : VBUS state is ON
#1144670 02.07.2026 22:35:04 : EVT PMIC : chgCntl1:0x70
#1144671 02.07.2026 22:35:04 : EVT PMIC : check chgCntl1:0x74
#1144672 02.07.2026 22:35:04 : EVT PMIC : Turn charge ON since VBUS->ON
#1144673 02.07.2026 22:35:04 : TRC FUEL_GAUGE : Chg->1,B:5,C:58.4,V:4416,U:1,bF:100%,bC:100%
#1144674 02.07.2026 22:35:04 : EVT PMIC : PMIC temp zone:0x2
#1144675 02.07.2026 22:35:04 : EVT PMIC : PMIC Fast-charge constant cur
#1144676 02.07.2026 22:35:04 : EVT OHR : VBUS on
#1144677 02.07.2026 22:35:04 : EVT OHR : S:stop 23
#1144678 02.07.2026 22:35:04 : EVT PMIC : PMIC temp zone:0x7
#1144679 02.07.2026 22:35:04 : EVT ANALYTICS : Battery-> 2 soc:100
#1144680 02.07.2026 22:35:04 : EVT <Unknown> : 1783024504913:Meas stop 0x2123
#1144681 02.07.2026 22:35:04 : WRN <Unknown> : 1783024504914:FSM EVT STOP.
#1144682 02.07.2026 22:35:05 : EVT OHR : S:OFF 1->0
#1144683 02.07.2026 22:35:05 : EVT PMIC : VBUS state is OFF
#1144684 02.07.2026 22:35:05 : EVT PMIC : Turn charge OFF since VBUS->OFF
#1144685 02.07.2026 22:35:05 : TRC FUEL_GAUGE : Chg->0,B:5,C:54.9,V:4416,U:0,bF:100%,bC:100%
#1144686 02.07.2026 22:35:05 : EVT OHR : VBUS off
#1144687 02.07.2026 22:35:05 : EVT OHR : S:ON 0->1
#1144688 02.07.2026 22:35:05 : EVT PMIC : VBUS state is OFF
#1144689 02.07.2026 22:35:05 : EVT OHR : APPINIT:caps 0x1f4, 6b738616
#1144690 02.07.2026 22:35:05 : EVT <Unknown> : 1783024505334:AI@1783024505310, tz120
#1144691 02.07.2026 22:35:05 : EVT OHR : S:start 0x2123
#1144692 02.07.2026 22:35:05 : EVT ANALYTICS : Battery-> 1 soc:100
#1144693 02.07.2026 22:35:05 : EVT <Unknown> : 1783024505340:Meas start 0x2123
#1144694 02.07.2026 22:35:05 : EVT <Unknown> : 1783024505350:PD1464, 0
#1144695 02.07.2026 22:35:05 : EVT <Unknown> : 1783024505410:GMV 20251126/1/4/0/395/46
#1144696 02.07.2026 22:35:05 : EVT <Unknown> : 1783024505663:Mi1.6.10, auth 0, hr_mode 0
#1144697 02.07.2026 22:35:06 : EVT PMIC : VBUS state is ON
#1144698 02.07.2026 22:35:06 : EVT PMIC : chgCntl1:0x70
#1144699 02.07.2026 22:35:06 : EVT PMIC : check chgCntl1:0x74
#1144700 02.07.2026 22:35:06 : EVT PMIC : Turn charge ON since VBUS->ON
#1144701 02.07.2026 22:35:06 : TRC FUEL_GAUGE : Chg->1,B:5,C:43.9,V:4416,U:1,bF:100%,bC:100%
#1144702 02.07.2026 22:35:06 : EVT PMIC : PMIC temp zone:0x2
#1144703 02.07.2026 22:35:06 : EVT PMIC : PMIC Fast-charge constant cur
#1144704 02.07.2026 22:35:06 : EVT PMIC : PMIC Fast-charge constant voltage
#1144705 02.07.2026 22:35:06 : EVT OHR : VBUS on
#1144706 02.07.2026 22:35:06 : EVT OHR : S:stop 23
#1144707 02.07.2026 22:35:06 : EVT ANALYTICS : Battery-> 2 soc:100
#1144708 02.07.2026 22:35:06 : EVT <Unknown> : 1783024506512:Meas stop 0x2123
#1144709 02.07.2026 22:35:06 : WRN <Unknown> : 1783024506513:FSM EVT STOP.
#1144710 02.07.2026 22:35:06 : EVT OHR : S:OFF 1->0
#1144711 02.07.2026 22:35:06 : EVT PMIC : VBUS state is ON
#1144712 02.07.2026 22:35:08 : EVT WBCOMM : P-9 connection made to ECSD00000000
#1144713 02.07.2026 22:35:08 : EVT WBCOMM : New Route: ECSD00000000
#1144714 02.07.2026 22:35:11 : ERR WBMAIN : *0: app 991 Event 36 80005310
#1144715 02.07.2026 22:35:11 : ERR WBMAIN : 1: mea 7 Wait 0 00000000
#1144716 02.07.2026 22:35:11 : ERR WBMAIN : 2: ui 747 Wait 0 00000000
#1144717 02.07.2026 22:35:12 : ERR WBMAIN : *0: app 721 Event 36 80005310
#1144718 02.07.2026 22:35:12 : ERR WBMAIN : 1: mea 37 Wait 0 00000000
#1144719 02.07.2026 22:35:12 : ERR WBMAIN : 2: ui 475 Wait 0 00000000
#1144720 02.07.2026 22:35:13 : EVT ANALYTICS : Sync start
#1144721 02.07.2026 22:35:13 : EVT ANALYTICS : Sync start
#1144722 02.07.2026 22:35:14 : EVT WIFI : Pwr down idle wifi (TO:13se)
#1144723 02.07.2026 22:35:14 : EVT WIFI : pwr down OK
#1144724 02.07.2026 22:35:17 : EVT <Unknown> : Update pres sampl intrvl:5
#1144725 02.07.2026 22:35:21 : EVT <Unknown> : DL Region List
#1144726 02.07.2026 22:35:21 : EVT WIFI : Pwr up
#1144727 02.07.2026 22:35:24 : TRC APPLICATION : Zapp climbl01 uninstalled
#1144728 02.07.2026 22:35:26 : ERR WBMAIN : *0: app 1618 Event 36 80005310
#1144729 02.07.2026 22:35:26 : ERR WBMAIN : 1: mea 94 Wait 0 00000000
#1144730 02.07.2026 22:35:26 : ERR WBMAIN : 2: ui 459 Wait 0 00000000
#1144731 02.07.2026 22:35:27 : ERR WBMAIN : *0: app 625 Event 36 80005310
#1144732 02.07.2026 22:35:27 : ERR WBMAIN : 1: mea 30 Wait 0 00000000
#1144733 02.07.2026 22:35:27 : ERR WBMAIN : 2: ui 94 Wait 0 00000000
#1144734 02.07.2026 22:35:27 : EVT WIFI : pwr up
#1144735 02.07.2026 22:35:27 : EVT WIFI : SDK Ver(3.2.8.1)
#1144736 02.07.2026 22:35:27 : EVT WIFI : Scann APs (1/3)
#1144737 02.07.2026 22:35:28 : EVT ANALYTICS : Sync start
#1144738 02.07.2026 22:35:28 : EVT ANALYTICS : Sync start
#1144739 02.07.2026 22:35:28 : EVT WIFI : APs scanned:2
#1144740 02.07.2026 22:35:28 : WRN WIFI : No APs matched to connect
#1144741 02.07.2026 22:35:28 : EVT WIFI : Scann APs (2/3)
#1144742 02.07.2026 22:35:29 : EVT WIFI : APs scanned:7
#1144743 02.07.2026 22:35:29 : WRN WIFI : No APs matched to connect
#1144744 02.07.2026 22:35:29 : EVT WIFI : Scann APs (3/3)
#1144745 02.07.2026 22:35:30 : EVT WIFI : APs scanned:6
#1144746 02.07.2026 22:35:30 : WRN WIFI : No APs matched to connect
#1144747 02.07.2026 22:35:30 : EVT WIFI : Internal connect ret:103
#1144748 02.07.2026 22:35:30 : ERR <Unknown> : DL GET resultCode=500
#1144749 02.07.2026 22:35:30 : EVT <Unknown> : DL try retry after 5000 ms
#1144750 02.07.2026 22:35:32 : EVT GPS : GpsTimeSynchronizer:sub Passive
#1144751 02.07.2026 22:35:32 : TRC GPS : Basic GNSS data subd l:0 c:80460010
#1144752 02.07.2026 22:35:32 : EVT GPS : Timesync:error_ms 128
#1144753 02.07.2026 22:35:32 : EVT GPS : Timesync:sys 1783024532130ms gps 1783024532
#1144754 02.07.2026 22:35:32 : EVT GPS : Timesync:rel 59018 relgps 59016
#1144755 02.07.2026 22:35:32 : EVT GPS : Timesync:Dev time updated
#1144756 02.07.2026 22:35:32 : TRC GPS : GnssServiceLevel::PASSIVE
#1144757 02.07.2026 22:35:32 : TRC GPS : @GSTP
#1144758 02.07.2026 22:35:33 : TRC GPS : @BUP
#1144759 02.07.2026 22:35:35 : TRC GPS : Done:BUP
#1144760 02.07.2026 22:35:35 : TRC GPS : Power disabled
#1144761 02.07.2026 22:35:35 : EVT <Unknown> : DL Region List
#1144762 02.07.2026 22:35:35 : WRN WIFI : No APs matched to connect
#1144763 02.07.2026 22:35:35 : EVT WIFI : Scann APs (1/3)
#1144764 02.07.2026 22:35:35 : EVT APPLICATION : Plugin climbl01.zip as type:[2]
#1144765 02.07.2026 22:35:37 : ERR WBMAIN : *0: app 1599 Event 36 80005310
#1144766 02.07.2026 22:35:37 : ERR WBMAIN : 1: mea 4 Wait 0 00000000
#1144767 02.07.2026 22:35:37 : ERR WBMAIN : 2: ui 40 Wait 0 00000000
#1144768 02.07.2026 22:35:37 : EVT WIFI : APs scanned:3
#1144769 02.07.2026 22:35:37 : WRN WIFI : No APs matched to connect
#1144770 02.07.2026 22:35:37 : EVT WIFI : Scann APs (2/3)
#1144771 02.07.2026 22:35:37 : ERR WBMAIN : *0: app 647 Event 36 80005310
#1144772 02.07.2026 22:35:37 : ERR WBMAIN : 1: mea 51 Wait 0 00000000
#1144773 02.07.2026 22:35:37 : ERR WBMAIN : 2: ui 651 Wait 0 00000000
#1144774 02.07.2026 22:35:37 : EVT WIFI : APs scanned:4
#1144775 02.07.2026 22:35:37 : WRN WIFI : No APs matched to connect
#1144776 02.07.2026 22:35:37 : EVT WIFI : Scann APs (3/3)
#1144777 02.07.2026 22:35:38 : EVT WIFI : APs scanned:4
#1144778 02.07.2026 22:35:38 : WRN WIFI : No APs matched to connect
#1144779 02.07.2026 22:35:38 : EVT WIFI : Internal connect ret:103
#1144780 02.07.2026 22:35:38 : ERR <Unknown> : DL GET resultCode=500
#1144781 02.07.2026 22:35:38 : EVT <Unknown> : DL try retry after 10000 ms
#1144782 02.07.2026 22:35:39 : EVT ANALYTICS : Sync start
#1144783 02.07.2026 22:35:39 : EVT ANALYTICS : Sync start
#1144784 02.07.2026 22:35:40 : EVT ACCELEROMETER : Gyro bias:-0.252000 -0.039900 -0.060900
#1144785 02.07.2026 22:35:48 : EVT <Unknown> : DL Region List
#1144786 02.07.2026 22:35:48 : WRN WIFI : No APs matched to connect
#1144787 02.07.2026 22:35:48 : EVT WIFI : Scann APs (1/3)
#1144788 02.07.2026 22:35:49 : EVT WIFI : APs scanned:4
#1144789 02.07.2026 22:35:49 : WRN WIFI : No APs matched to connect
#1144790 02.07.2026 22:35:49 : EVT WIFI : Scann APs (2/3)
#1144791 02.07.2026 22:35:50 : EVT WIFI : APs scanned:7
#1144792 02.07.2026 22:35:50 : WRN WIFI : No APs matched to connect
#1144793 02.07.2026 22:35:50 : EVT WIFI : Scann APs (3/3)
#1144794 02.07.2026 22:35:51 : EVT WIFI : APs scanned:9
#1144795 02.07.2026 22:35:51 : WRN WIFI : No APs matched to connect
#1144796 02.07.2026 22:35:51 : EVT WIFI : Internal connect ret:103
#1144797 02.07.2026 22:35:51 : ERR <Unknown> : DL GET resultCode=500
#1144798 02.07.2026 22:35:51 : EVT <Unknown> : DL try retry after 20000 ms
#1144799 02.07.2026 22:36:04 : EVT WIFI : Pwr down idle wifi (TO:13se)
#1144800 02.07.2026 22:36:04 : EVT WIFI : pwr down OK
#1144801 02.07.2026 22:36:11 : EVT <Unknown> : DL Region List
#1144802 02.07.2026 22:36:11 : EVT WIFI : Pwr up
#1144803 02.07.2026 22:36:17 : EVT WIFI : pwr up
#1144804 02.07.2026 22:36:17 : EVT WIFI : SDK Ver(3.2.8.1)
#1144805 02.07.2026 22:36:17 : WRN WIFI : No APs matched to connect
#1144806 02.07.2026 22:36:17 : EVT WIFI : Scann APs (1/3)
#1144807 02.07.2026 22:36:18 : EVT WIFI : APs scanned:6
#1144808 02.07.2026 22:36:18 : WRN WIFI : No APs matched to connect
#1144809 02.07.2026 22:36:18 : EVT WIFI : Scann APs (2/3)
#1144810 02.07.2026 22:36:19 : EVT WIFI : APs scanned:7
#1144811 02.07.2026 22:36:19 : WRN WIFI : No APs matched to connect
#1144812 02.07.2026 22:36:19 : EVT WIFI : Scann APs (3/3)
#1144813 02.07.2026 22:36:20 : EVT WIFI : APs scanned:5
#1144814 02.07.2026 22:36:20 : WRN WIFI : No APs matched to connect
#1144815 02.07.2026 22:36:20 : EVT WIFI : Internal connect ret:103
#1144816 02.07.2026 22:36:20 : ERR <Unknown> : DL GET resultCode=500
#1144817 02.07.2026 22:36:20 : EVT <Unknown> : DL try retry after 40000 ms
#1144818 02.07.2026 22:36:33 : EVT WIFI : Pwr down idle wifi (TO:13se)
#1144819 02.07.2026 22:36:33 : EVT WIFI : pwr down OK
#1144820 02.07.2026 22:37:00 : EVT <Unknown> : DL Region List
#1144821 02.07.2026 22:37:00 : EVT WIFI : Pwr up
#1144822 02.07.2026 22:37:06 : EVT WIFI : pwr up
#1144823 02.07.2026 22:37:06 : EVT WIFI : SDK Ver(3.2.8.1)
#1144824 02.07.2026 22:37:06 : EVT WIFI : Scann APs (1/3)
#1144825 02.07.2026 22:37:07 : EVT WIFI : APs scanned:7
#1144826 02.07.2026 22:37:07 : WRN WIFI : No APs matched to connect
#1144827 02.07.2026 22:37:07 : EVT WIFI : Scann APs (2/3)
#1144828 02.07.2026 22:37:08 : EVT WIFI : APs scanned:7
#1144829 02.07.2026 22:37:08 : WRN WIFI : No APs matched to connect
#1144830 02.07.2026 22:37:08 : EVT WIFI : Scann APs (3/3)
#1144831 02.07.2026 22:37:09 : EVT WIFI : APs scanned:4
#1144832 02.07.2026 22:37:09 : WRN WIFI : No APs matched to connect
#1144833 02.07.2026 22:37:09 : EVT WIFI : Internal connect ret:103
#1144834 02.07.2026 22:37:09 : ERR <Unknown> : DL GET resultCode=500
#1144835 02.07.2026 22:37:09 : EVT <Unknown> : DL try retry after 80000 ms
#1144836 02.07.2026 22:37:22 : EVT WIFI : Pwr down idle wifi (TO:13se)
#1144837 02.07.2026 22:37:22 : EVT WIFI : pwr down OK
#1144838 02.07.2026 22:38:29 : EVT <Unknown> : DL Region List
#1144839 02.07.2026 22:38:29 : EVT WIFI : Pwr up
#1144840 02.07.2026 22:38:35 : EVT WIFI : pwr up
#1144841 02.07.2026 22:38:35 : EVT WIFI : SDK Ver(3.2.8.1)
#1144842 02.07.2026 22:38:35 : EVT WIFI : Scann APs (1/3)
#1144843 02.07.2026 22:38:36 : EVT WIFI : APs scanned:8
#1144844 02.07.2026 22:38:36 : WRN WIFI : No APs matched to connect
#1144845 02.07.2026 22:38:36 : EVT WIFI : Scann APs (2/3)
#1144846 02.07.2026 22:38:37 : EVT WIFI : APs scanned:7
#1144847 02.07.2026 22:38:37 : WRN WIFI : No APs matched to connect
#1144848 02.07.2026 22:38:37 : EVT WIFI : Scann APs (3/3)
#1144849 02.07.2026 22:38:38 : EVT WIFI : APs scanned:7
#1144850 02.07.2026 22:38:38 : WRN WIFI : No APs matched to connect
#1144851 02.07.2026 22:38:38 : EVT WIFI : Internal connect ret:103
#1144852 02.07.2026 22:38:38 : ERR <Unknown> : DL GET resultCode=500
#1144853 02.07.2026 22:38:38 : EVT <Unknown> : DL try retry after 160000 ms
#1144854 02.07.2026 22:38:51 : EVT WIFI : Pwr down idle wifi (TO:13se)
#1144855 02.07.2026 22:38:51 : EVT WIFI : pwr down OK
#1144856 02.07.2026 22:40:06 : EVT APPLICATION : Zapp zwc05901:Disable
#1144857 02.07.2026 22:40:06 : EVT ANALYTICS : Zapp disabled i:3 h:ddb248f2 n:Vector classic
#1144858 02.07.2026 22:40:06 : TRC APPLICATION : The zapp watch face was closed due to TO
#1144859 02.07.2026 22:41:18 : EVT <Unknown> : DL Region List
#1144860 02.07.2026 22:41:18 : EVT WIFI : Pwr up
#1144861 02.07.2026 22:41:24 : EVT WIFI : pwr up
#1144862 02.07.2026 22:41:24 : EVT WIFI : SDK Ver(3.2.8.1)
#1144863 02.07.2026 22:41:24 : EVT WIFI : Scann APs (1/3)
#1144864 02.07.2026 22:41:25 : EVT WIFI : APs scanned:7
#1144865 02.07.2026 22:41:25 : WRN WIFI : No APs matched to connect
#1144866 02.07.2026 22:41:25 : EVT WIFI : Scann APs (2/3)
#1144867 02.07.2026 22:41:26 : EVT WIFI : APs scanned:6
#1144868 02.07.2026 22:41:26 : WRN WIFI : No APs matched to connect
#1144869 02.07.2026 22:41:26 : EVT WIFI : Scann APs (3/3)
#1144870 02.07.2026 22:41:27 : EVT WIFI : APs scanned:4
#1144871 02.07.2026 22:41:27 : WRN WIFI : No APs matched to connect
#1144872 02.07.2026 22:41:27 : EVT WIFI : Internal connect ret:103
#1144873 02.07.2026 22:41:27 : ERR <Unknown> : DL GET resultCode=500
#1144874 02.07.2026 22:41:27 : EVT <Unknown> : DL try retry after 320000 ms
#1144875 02.07.2026 22:41:40 : EVT WIFI : Pwr down idle wifi (TO:13se)
#1144876 02.07.2026 22:41:40 : EVT WIFI : pwr down OK
#1144877 02.07.2026 22:43:00 : TRC FWUPDATE : Uptime 10 min
#1144878 02.07.2026 22:43:00 : EVT FWUPDATE : onInputEvent 4
#1144879 02.07.2026 22:45:21 : EVT PMIC : PMIC Fast-charge constant cur
#1144880 02.07.2026 22:45:21 : EVT PMIC : PMIC Fast-charge constant cur
#1144881 02.07.2026 22:45:21 : EVT PMIC : PMIC Fast-charge constant voltage
#1144882 02.07.2026 22:45:32 : TRC APPLICATION : Zapp climbl01 uninstalled
#1144883 02.07.2026 22:45:33 : ERR WBMAIN : *0: app 1614 Event 36 80005310
#1144884 02.07.2026 22:45:33 : ERR WBMAIN : 1: mea 48 Wait 0 00000000
#1144885 02.07.2026 22:45:33 : ERR WBMAIN : 2: ui 829 Wait 0 00000000
#1144886 02.07.2026 22:45:34 : ERR WBMAIN : *0: app 626 Event 36 80005310
#1144887 02.07.2026 22:45:34 : ERR WBMAIN : 1: mea 82 Wait 0 00000000
#1144888 02.07.2026 22:45:34 : ERR WBMAIN : 2: ui 461 Wait 0 00000000
#1144889 02.07.2026 22:45:35 : EVT ANALYTICS : Sync start
#1144890 02.07.2026 22:45:35 : EVT ANALYTICS : Sync start
#1144891 02.07.2026 22:45:43 : EVT APPLICATION : Plugin climbl01.zip as type:[2]
#1144892 02.07.2026 22:45:44 : ERR WBMAIN : *0: app 1646 Event 36 80005310
#1144893 02.07.2026 22:45:44 : ERR WBMAIN : 1: mea 61 Wait 0 00000000
#1144894 02.07.2026 22:45:44 : ERR WBMAIN : 2: ui 946 Wait 0 00000000
#1144895 02.07.2026 22:45:45 : ERR WBMAIN : *0: app 707 Event 36 80005310
#1144896 02.07.2026 22:45:45 : ERR WBMAIN : 1: mea 7 Wait 0 00000000
#1144897 02.07.2026 22:45:45 : ERR WBMAIN : 2: ui 662 Wait 0 00000000
#1144898 02.07.2026 22:45:46 : EVT ANALYTICS : Sync start
#1144899 02.07.2026 22:45:47 : EVT ANALYTICS : Sync start
#1144900 02.07.2026 22:45:48 : EVT PMIC : PMIC Fast-charge constant cur
#1144901 02.07.2026 22:45:48 : EVT PMIC : PMIC temp zone:0x7
#1144902 02.07.2026 22:45:48 : EVT PMIC : VBUS state is OFF
#1144903 02.07.2026 22:45:48 : EVT PMIC : Turn charge OFF since VBUS->OFF
#1144904 02.07.2026 22:45:48 : EVT WBCOMM : Route lost: ECSD00000000
#1144905 02.07.2026 22:45:48 : TRC FUEL_GAUGE : Chg->0,B:5,C:37.3,V:4442,U:0,bF:100%,bC:100%
#1144906 02.07.2026 22:45:48 : EVT OHR : VBUS off
#1144907 02.07.2026 22:45:48 : EVT OHR : S:ON 0->1
#1144908 02.07.2026 22:45:48 : EVT OHR : APPINIT:caps 0x1f4, 6b738616
#1144909 02.07.2026 22:45:48 : EVT <Unknown> : 1783025148854:AI@1783025148830, tz120
#1144910 02.07.2026 22:45:48 : EVT OHR : S:start 0x2123
#1144911 02.07.2026 22:45:48 : EVT <Unknown> : 1783025148860:Meas start 0x2123
#1144912 02.07.2026 22:45:48 : EVT ANALYTICS : Battery-> 1 soc:100
#1144913 02.07.2026 22:45:49 : EVT <Unknown> : 1783025148874:PD1464, 0
#1144914 02.07.2026 22:45:49 : EVT <Unknown> : 1783025148933:GMV 20251126/1/4/0/395/46
#1144915 02.07.2026 22:45:49 : EVT <Unknown> : 1783025149186:Mi1.6.10, auth 0, hr_mode 0
#1144916 02.07.2026 22:45:50 : EVT <Unknown> : 1783025149863:On Skin Set.
#1144917 02.07.2026 22:45:54 : ERR <Unknown> : 1783025153877:Mi invalid call:100,code:0.
#1144918 02.07.2026 22:46:02 : EVT WBSTORAGE : CACHE_DEFRAG (512->792, 24->24, 25)
#1144919 02.07.2026 22:46:02 : EVT WBSTORAGE : CACHE_DEFRAG (768->864, 24->24, 25)
#1144920 02.07.2026 22:46:02 : TRC NAVIGATION : CG: no climb WP
#1144921 02.07.2026 22:46:02 : TRC NAVIGATION : CG:init ZoomType=0
#1144922 02.07.2026 22:46:02 : EVT NAVIGATION : initSeg Idx=0 D=1 T=0 3-0-4
#1144923 02.07.2026 22:46:03 : EVT WBSTORAGE : CACHE_DEFRAG (784->968, 24->24, 25)
#1144924 02.07.2026 22:46:03 : EVT ALTIFUSION : AltiBaroMode:0
#1144925 02.07.2026 22:46:03 : EVT ANALYTICS : SleepQ:Tracking:On
#1144926 02.07.2026 22:46:03 : EVT ALTIFUSION : AltiBaroMode:0
#1144927 02.07.2026 22:46:03 : EVT WBSTORAGE : CACHE_DEFRAG (944->952, 24->24, 25)
#1144928 02.07.2026 22:46:03 : EVT UI_FRAMEWORK : JS nsto enable zapp: zzwethen
#1144929 02.07.2026 22:46:03 : EVT UI_FRAMEWORK : JS nsto enable zapp: zzmoveen
#1144930 02.07.2026 22:46:03 : EVT UI_FRAMEWORK : JS nsto enable zapp: climbl01
#1144931 02.07.2026 22:46:03 : EVT APPLICATION : Zapp zzwethen:Load script
#1144932 02.07.2026 22:46:03 : EVT APPLICATION : Zapp zzwethen:Enable
#1144933 02.07.2026 22:46:03 : EVT ANALYTICS : Zapp enabled i:8 h:3f77f8ec n:zzwethen v:ade
#1144934 02.07.2026 22:46:03 : EVT APPLICATION : Zapp clid:32878
#1144935 02.07.2026 22:46:03 : EVT APPLICATION : Zapp zzmoveen:Load script
#1144936 02.07.2026 22:46:03 : EVT APPLICATION : Zapp zzmoveen:Enable
#1144937 02.07.2026 22:46:03 : EVT ANALYTICS : Zapp enabled i:6 h:7aac0887 n:zzmoveen v:8e0
#1144938 02.07.2026 22:46:03 : EVT UI_FRAMEWORK : evalFile: b:/zapp/zzmoveen.fea/ext1.js from ui
#1144939 02.07.2026 22:46:03 : EVT APPLICATION : Zapp clid:32879
#1144940 02.07.2026 22:46:03 : EVT APPLICATION : Zapp climbl01:Load script
#1144941 02.07.2026 22:46:04 : EVT APPLICATION : Zapp climbl01:Enable
#1144942 02.07.2026 22:46:04 : EVT ANALYTICS : Zapp enabled i:5 h:a5e7afa5 n:climbl01 v:3.0
#1144943 02.07.2026 22:46:04 : EVT APPLICATION : Zapp clid:32880
#1144944 02.07.2026 22:46:04 : ERR WBMAIN : *0: app 696 Event 37 80995318
#1144945 02.07.2026 22:46:04 : EVT UI_FRAMEWORK : JS nsto all zapps enabled.
#1144946 02.07.2026 22:46:04 : ERR WBMAIN : 1: mea 20 Wait 0 00000000
#1144947 02.07.2026 22:46:04 : ERR WBMAIN : 2: ui 26 Wait 0 00000000
#1144948 02.07.2026 22:46:04 : EVT UI_FRAMEWORK : JS Prestart Activity Id: 16.000
#1144949 02.07.2026 22:46:04 : EVT GOMORE : GoMore Update User Info
#1144950 02.07.2026 22:46:04 : WRN WBAPI : eID-691468(277): /Dive/Alarms/Acknowledge 404
#1144951 02.07.2026 22:46:04 : WRN WBAPI : eID-691468(277): /Dive/DiveGases 404
#1144952 02.07.2026 22:46:04 : WRN WBAPI : eID-691468(277): /Dive/Gauge/Next 404
#1144953 02.07.2026 22:46:04 : EVT WBSTORAGE : CACHE_DEFRAG (904->912, 24->24, 25)
#1144954 02.07.2026 22:46:04 : EVT WBSTORAGE : CACHE_DEFRAG (840->848, 24->24, 25)
#1144955 02.07.2026 22:46:04 : EVT WBSTORAGE : CACHE_DEFRAG (776->784, 24->24, 25)
#1144956 02.07.2026 22:46:04 : EVT BLE : BLE Sensor Link 4800180D Conn (--E-:00:1)
#1144957 02.07.2026 22:46:04 : WRN BLE : sendConnect 6157
#1144958 02.07.2026 22:46:04 : EVT GPS : LocationProviderImpl:sub Best
#1144959 02.07.2026 22:46:04 : TRC GPS : Full GNSS data subd l:15 c:80160010
#1144960 02.07.2026 22:46:04 : WRN WBAPI : eID-691468(277): /Dive/TankPressure/Alarm/Count 404
#1144961 02.07.2026 22:46:04 : TRC GPS : Power enabled
#1144962 02.07.2026 22:46:04 : EVT <Unknown> : Update pres sampl intrvl:1
#1144963 02.07.2026 22:46:05 : EVT SPEEDFUSION : INFO # start speed fusion
#1144964 02.07.2026 22:46:05 : EVT SPEEDFUSION : Act:16,Acc:0,BPod:0,FPod:0,PPod:0,BeltPod:1
#1144965 02.07.2026 22:46:05 : EVT SPEEDFUSION : INFO # Start algo without wrist acc
#1144966 02.07.2026 22:46:05 : EVT OHR : S:start 0x21a3
#1144967 02.07.2026 22:46:05 : EVT UI_FRAMEWORK : evalFile: b:/zapp/climbl01.fea/ext12.js from ui
#1144968 02.07.2026 22:46:05 : EVT UI_FRAMEWORK : evalFile: b:/zapp/climbl01.fea/ext18.js from ui
#1144969 02.07.2026 22:46:05 : EVT OHR : S:start 0x2123
#1144970 02.07.2026 22:46:05 : EVT <Unknown> : 1783025165395:Meas start 0x21a3
#1144971 02.07.2026 22:46:05 : EVT <Unknown> : 1783025165624:Meas start 0x2123
#1144972 02.07.2026 22:46:06 : TRC GPS : Stat report:1
#1144973 02.07.2026 22:46:06 : TRC GPS : @GTIM 2026 7 2 20 46 6
#1144974 02.07.2026 22:46:06 : TRC GPS : Done:GTI
#1144975 02.07.2026 22:46:06 : TRC GPS : GNS setting 0x1fcb
#1144976 02.07.2026 22:46:06 : TRC GPS : @GSR
#1144977 02.07.2026 22:46:06 : TRC GPS : Done:GSR
#1144978 02.07.2026 22:46:13 : EVT <Unknown> : 1783025172872:Off Skin Set.
#1144979 02.07.2026 22:46:14 : EVT BLE : lt,scan 1
#1144980 02.07.2026 22:46:14 : WRN BLE : sendDisconnect 6157
#1144981 02.07.2026 22:46:14 : ERR BLE : [AURA]No filters left, stopping scan
#1144982 02.07.2026 22:46:14 : ERR BLE : [AURA]Filter with handle 72 not found
#1144983 02.07.2026 22:46:14 : EVT BLE : packet 0 sensor found count 1
#1144984 02.07.2026 22:46:14 : EVT BLE : packet 0 sensor found count 2
#1144985 02.07.2026 22:46:14 : EVT PMIC : VBUS state is ON
#1144986 02.07.2026 22:46:14 : EVT PMIC : chgCntl1:0x70
#1144987 02.07.2026 22:46:14 : EVT PMIC : check chgCntl1:0x74
#1144988 02.07.2026 22:46:14 : EVT PMIC : Turn charge ON since VBUS->ON
#1144989 02.07.2026 22:46:14 : EVT PMIC : PMIC temp zone:0x2
#1144990 02.07.2026 22:46:14 : EVT PMIC : PMIC Fast-charge constant cur
#1144991 02.07.2026 22:46:14 : EVT OHR : VBUS on
#1144992 02.07.2026 22:46:14 : EVT OHR : S:stop 23
#1144993 02.07.2026 22:46:14 : EVT <Unknown> : 1783025174751:Meas stop 0x2123
#1144994 02.07.2026 22:46:14 : EVT PMIC : PMIC Fast-charge constant voltage
#1144995 02.07.2026 22:46:14 : WRN <Unknown> : 1783025174752:FSM EVT STOP.
#1144996 02.07.2026 22:46:14 : EVT OHR : S:OFF 1->0
#1144997 02.07.2026 22:46:14 : EVT PMIC : VBUS state is ON
#1144998 02.07.2026 22:46:15 : EVT PMIC : PMIC Fast-charge constant cur
#1144999 02.07.2026 22:46:15 : EVT PMIC : PMIC temp zone:0x7
#1145000 02.07.2026 22:46:15 : EVT PMIC : VBUS state is OFF
#1145001 02.07.2026 22:46:15 : EVT PMIC : Turn charge OFF since VBUS->OFF
#1145002 02.07.2026 22:46:15 : EVT OHR : VBUS off
#1145003 02.07.2026 22:46:15 : EVT OHR : S:ON 0->1
#1145004 02.07.2026 22:46:15 : WRN WBAPI : eID-691468(277): /Dive/TankPressure/Alarm/Count 404
#1145005 02.07.2026 22:46:15 : EVT OHR : APPINIT:caps 0x1f4, 6b738616
#1145006 02.07.2026 22:46:15 : EVT <Unknown> : 1783025175874:AI@1783025175850, tz120
#1145007 02.07.2026 22:46:15 : EVT OHR : S:start 0x21a3
#1145008 02.07.2026 22:46:15 : EVT <Unknown> : 1783025175880:Meas start 0x21a3
#1145009 02.07.2026 22:46:16 : EVT <Unknown> : 1783025175895:PD1464, 0
#1145010 02.07.2026 22:46:16 : EVT <Unknown> : 1783025175956:GMV 20251126/1/4/0/395/46
#1145011 02.07.2026 22:46:16 : EVT <Unknown> : 1783025176210:Mi1.6.10, auth 0, hr_mode 0
#1145012 02.07.2026 22:46:16 : EVT OHR : No HR update, invalidate by timer
#1145013 02.07.2026 22:46:16 : EVT ANALYTICS : #FusHr src:2 time:12017
#1145014 02.07.2026 22:46:17 : EVT <Unknown> : 1783025177008:On Skin Set.
#1145015 02.07.2026 22:46:20 : EVT APPLICATION : Zapp climbl01:Disable
#1145016 02.07.2026 22:46:20 : EVT ANALYTICS : Zapp disabled i:5 h:a5e7afa5 n:Climb Log
#1145017 02.07.2026 22:46:20 : EVT WBSTORAGE : CACHE_DEFRAG (696->704, 24->24, 25)
#1145018 02.07.2026 22:46:21 : ERR <Unknown> : 1783025181022:Mi invalid call:100,code:0.
#1145019 02.07.2026 22:46:25 : EVT APPLICATION : Zapp climbl01:Load script
#1145020 02.07.2026 22:46:25 : ERR APPLICATION : Zapp:relMemCb (exec:zapp)
#1145021 02.07.2026 22:46:25 : EVT APPLICATION : Zapp zzwethen:Disable
#1145022 02.07.2026 22:46:25 : EVT ANALYTICS : Zapp disabled i:8 h:3f77f8ec n:Weather
#1145023 02.07.2026 22:46:25 : ERR APPLICATION : Zapp 3:RelMem->unload
#1145024 02.07.2026 22:46:25 : ERR APPLICATION : Zapp:relMemCb (exec:zapp)
#1145025 02.07.2026 22:46:25 : EVT APPLICATION : Zapp zzmoveen:Disable
#1145026 02.07.2026 22:46:25 : EVT ANALYTICS : Zapp disabled i:6 h:7aac0887 n:Movement
#1145027 02.07.2026 22:46:25 : ERR APPLICATION : Zapp 3:RelMem->unload
#1145028 02.07.2026 22:46:25 : ERR APPLICATION : Zapp:relMemCb (exec:zapp)
#1145029 02.07.2026 22:46:25 : ERR APPLICATION : Zapp:RelMem->None avail
#1145030 02.07.2026 22:46:25 : ERR DUKTAPE : JSalloc:3124
#1145031 02.07.2026 22:46:25 : ERR APPLICATION : Zapp:relMemCb (exec:zapp)
#1145032 02.07.2026 22:46:25 : ERR APPLICATION : Zapp:RelMem->None avail
#1145033 02.07.2026 22:46:25 : ERR DUKTAPE : JSalloc:3124
#1145034 02.07.2026 22:46:25 : ERR APPLICATION : Zapp:relMemCb (exec:zapp)
#1145035 02.07.2026 22:46:25 : ERR APPLICATION : Zapp:RelMem->None avail
#1145036 02.07.2026 22:46:25 : ERR DUKTAPE : JSalloc:3124
#1145037 02.07.2026 22:46:25 : EVT APPLICATION : Zapp climbl01:Enable
#1145038 02.07.2026 22:46:25 : EVT ANALYTICS : Zapp enabled i:5 h:a5e7afa5 n:climbl01 v:3.0
#1145039 02.07.2026 22:46:25 : EVT APPLICATION : Zapp clid:32880
#1145040 02.07.2026 22:46:25 : EVT OHR : S:start 0x2123
#1145041 02.07.2026 22:46:25 : EVT <Unknown> : 1783025185409:Meas start 0x2123
#1145042 02.07.2026 22:46:26 : EVT UI_FRAMEWORK : evalFile: b:/zapp/climbl01.fea/ext12.js from ui
#1145043 02.07.2026 22:46:26 : ERR APPLICATION : Zapp:relMemCb (exec:zapp)
#1145044 02.07.2026 22:46:26 : ERR APPLICATION : Zapp:RelMem->None avail
#1145045 02.07.2026 22:46:26 : ERR DUKTAPE : JSalloc:2068
#1145046 02.07.2026 22:46:26 : ERR APPLICATION : Zapp:relMemCb (exec:zapp)
#1145047 02.07.2026 22:46:26 : ERR APPLICATION : Zapp:RelMem->None avail
#1145048 02.07.2026 22:46:26 : ERR DUKTAPE : JSalloc:2068
#1145049 02.07.2026 22:46:26 : ERR APPLICATION : Zapp:relMemCb (exec:zapp)
#1145050 02.07.2026 22:46:26 : ERR APPLICATION : Zapp:RelMem->None avail
#1145051 02.07.2026 22:46:26 : ERR DUKTAPE : JSalloc:2068
#1145052 02.07.2026 22:46:26 : ERR APPLICATION : Zapp:relMemCb (exec:zapp)
#1145053 02.07.2026 22:46:26 : ERR APPLICATION : Zapp:RelMem->None avail
#1145054 02.07.2026 22:46:26 : ERR DUKTAPE : JSalloc:2068
#1145055 02.07.2026 22:46:26 : ERR APPLICATION : Zapp:relMemCb (exec:zapp)
#1145056 02.07.2026 22:46:26 : ERR APPLICATION : Zapp:RelMem->None avail
#1145057 02.07.2026 22:46:26 : ERR DUKTAPE : JSalloc:2068
#1145058 02.07.2026 22:46:26 : ERR APPLICATION : Zapp:relMemCb (exec:zapp)
#1145059 02.07.2026 22:46:26 : ERR APPLICATION : Zapp:RelMem->None avail
#1145060 02.07.2026 22:46:26 : ERR DUKTAPE : JSalloc:2068
#1145061 02.07.2026 22:46:26 : ERR APPLICATION : Zapp:relMemCb (exec:zapp)
#1145062 02.07.2026 22:46:26 : ERR APPLICATION : Zapp:RelMem->None avail
#1145063 02.07.2026 22:46:26 : ERR DUKTAPE : JSalloc:2068
#1145064 02.07.2026 22:46:26 : ERR APPLICATION : Zapp:relMemCb (exec:zapp)
#1145065 02.07.2026 22:46:26 : ERR APPLICATION : Zapp:RelMem->None avail
#1145066 02.07.2026 22:46:26 : ERR DUKTAPE : JSalloc:2068
#1145067 02.07.2026 22:46:26 : ERR APPLICATION : Zapp:relMemCb (exec:zapp)
#1145068 02.07.2026 22:46:26 : ERR APPLICATION : Zapp:RelMem->None avail
#1145069 02.07.2026 22:46:26 : ERR DUKTAPE : JSalloc:2068
#1145070 02.07.2026 22:46:26 : ERR APPLICATION : Zapp:relMemCb (exec:zapp)
#1145071 02.07.2026 22:46:26 : ERR APPLICATION : Zapp:RelMem->None avail
#1145072 02.07.2026 22:46:26 : ERR DUKTAPE : JSalloc:2068
#1145073 02.07.2026 22:46:26 : ERR APPLICATION : Zapp:relMemCb (exec:zapp)
#1145074 02.07.2026 22:46:26 : ERR APPLICATION : Zapp:RelMem->None avail
#1145075 02.07.2026 22:46:26 : ERR DUKTAPE : JSalloc:2068
#1145076 02.07.2026 22:46:26 : ERR APPLICATION : Zapp climbl01:run evt 1
#1145077 02.07.2026 22:46:26 : EVT APPLICATION : Zapp climbl01:Disable
#1145078 02.07.2026 22:46:26 : EVT ANALYTICS : Zapp disabled i:5 h:a5e7afa5 n:Climb Log
#1145079 02.07.2026 22:46:30 : EVT EXT_FLASH : ExtFID 0xc2,0x25,0x39
#1145080 02.07.2026 22:46:30 : ERR FAULT : *ASSERT*
#1145081 02.07.2026 22:46:30 : ERR FAULT : Assert in: file.cpp:149
#1145082 02.07.2026 22:46:30 : ERR FAULT : Assert task:ui
#1145083 02.07.2026 22:46:30 : ERR FAULT : ===== Stack Dump (SP: 0x2003EEA8) =====
#1145084 02.07.2026 22:46:30 : ERR FAULT : Stack range: 0x2003AD98 - 0x2003F3E8
#1145085 02.07.2026 22:46:30 : ERR FAULT : Code range: 0x00450400 - 0x00626BCC
#1145086 02.07.2026 22:46:30 : ERR FAULT : 0x2003EEA8: 0x00462708 0x00462714 0x2003F3E8 0x2003AD98 
#1145087 02.07.2026 22:46:30 : ERR FAULT : 0x2003EEB8: 0x656C6966 0x7070632E 0x3934313A 0x00000000 
#1145088 02.07.2026 22:46:30 : ERR FAULT : 0x2003EEC8: 0x00000000 0x00000000 0x00000000 0x00000000 
#1145089 02.07.2026 22:46:30 : ERR FAULT : 0x2003EED8: 0x00000003 0x00000000 0x2003F028 0x00000000 
#1145090 02.07.2026 22:46:30 : ERR FAULT : 0x2003EEE8: 0x20023770 0x00000007 0x00000002 0x00000800 
#1145091 02.07.2026 22:46:30 : ERR FAULT : 0x2003EEF8: 0x2003F0D0 0x0045432B 0x20023770 0x00458E43 
#1145092 02.07.2026 22:46:30 : ERR FAULT : 0x2003EF08: 0x20013228 0x00000003 0x2003EFE0 0x004B136D 
#1145093 02.07.2026 22:46:30 : ERR FAULT : 0x2003EF18: 0x2003EF40 0x004B11EB 0x00000000 0x2003EF40 
#1145094 02.07.2026 22:46:30 : ERR FAULT : 0x2003EF28: 0x20025C7C 0x2003F028 0x00000000 0x004D031F 
#1145095 02.07.2026 22:46:30 : ERR FAULT : 0x2003EF38: 0x2003EFB8 0x004B93C1 0x00000000 0x00000001 
#1145096 02.07.2026 22:46:30 : ERR FAULT : 0x2003EF48: 0x2003EFE0 0x00000001 0x2001AC80 0x0049DD11 
#1145097 02.07.2026 22:46:30 : ERR FAULT : 0x2003EF58: 0x2003EFC0 0x00000000 0xFFFFFFFF 0x00495909 
#1145098 02.07.2026 22:46:30 : ERR FAULT : 0x2003EF68: 0x2001AC80 0x00496127 0x00002710 0x2003EFB8 
#1145099 02.07.2026 22:46:30 : ERR FAULT : 0x2003EF78: 0x2003F028 0x00000000 0x00000000 0x004CFFAF 
#1145100 02.07.2026 22:46:30 : ERR FAULT : 0x2003EF88: 0x00000000 0x2003EFB8 0x2003F028 0x00000000 
#1145101 02.07.2026 22:46:30 : ERR FAULT : 0x2003EF98: 0x00000000 0x004CFF7B 0x00000000 0x200F083C 
#1145102 02.07.2026 22:46:30 : ERR FAULT : ===== End of Stack Dump =====
#1145103 02.07.2026 22:46:30 : ERR FAULT : Possible Call Backtrace:
#1145104 02.07.2026 22:46:30 : ERR FAULT : #00 0x0045432A
#1145105 02.07.2026 22:46:30 : ERR FAULT : #01 0x00458E42
#1145106 02.07.2026 22:46:30 : ERR FAULT : *ASSERT*
#1145107 02.07.2026 22:46:30 : EVT BOOTLOOP : Faultcom c:58849464 ts:31233210 n:1783025190
#1145108 02.07.2026 22:46:30 : TRC APPLICATION : Start wuiapp 2.53.42 in mode 5 (asked 5 (5h))
#1145109 02.07.2026 22:46:30 : TRC APPLICATION : HwVersion: 1424B3
#1145110 02.07.2026 22:46:30 : TRC APPLICATION : BID: 8585924/09b8e246
#1145111 02.07.2026 22:46:30 : EVT ANALYTICS : #start bl:00000001 c:000002cd r:1000 s:00
#1145112 02.07.2026 22:46:30 : TRC FUEL_GAUGE : Initial batt voltage: 4424.218750 mV
#1145113 02.07.2026 22:46:30 : EVT FWUPDATE : onInputEvent 1
#1145114 02.07.2026 22:46:30 : EVT FILESYSTEM : Storage:init HccFat
#1145115 02.07.2026 22:46:30 : TRC FILESYSTEM : HCC Malloc:6304
#1145116 02.07.2026 22:46:30 : TRC FILESYSTEM : HCC init 7 cache
#1145117 02.07.2026 22:46:30 : TRC FILESYSTEM : HCC logblock daemon Init
#1145118 02.07.2026 22:46:30 : EVT FILESYSTEM : Ena eMMC vol (init)
#1145119 02.07.2026 22:46:30 : EVT FILESYSTEM : maxfh:1 30 1 c:volume0.inf
#1145120 02.07.2026 22:46:31 : EVT FILESYSTEM : maxfh:2 81 1 c:volume0.inf
#1145121 02.07.2026 22:46:31 : TRC FWUPDATE : FSS crc:4085972702[ok] sta:0 sec:65535 reb:0
#1145122 02.07.2026 22:46:31 : TRC FWUPDATE : FSS cu:8b67dbcf se:8b67dbcf in:4
#1145123 02.07.2026 22:46:35 : EVT POWER_STATE : HistoryStorage Construction
#1145124 02.07.2026 22:46:35 : TRC MAPS : Wait for req
#1145125 02.07.2026 22:46:35 : EVT <Unknown> : EXT_RTC correction 1783025195->1783025196
#1145126 02.07.2026 22:46:37 : EVT WBSTORAGE : PRELOAD_DONE Cache free:idx:20 mem:1336B
#1145127 02.07.2026 22:46:37 : EVT PRESSURE : ALPS HSPPAD143 pres sensor found
#1145128 02.07.2026 22:46:37 : EVT PRESSURE : PressCalib:Checksum not valid
#1145129 02.07.2026 22:46:37 : EVT PRESSURE : PressCalib read OK:-1.551000
#1145130 02.07.2026 22:46:37 : TRC PRESSURE : Sensor ALPS HSPPAD143 detected
#1145131 02.07.2026 22:46:37 : EVT WR_MAGN : TLI493D-W2BW HW-revision:0x9 (type 0x0)
#1145132 02.07.2026 22:46:38 : EVT PMIC : VBUS state is OFF
#1145133 02.07.2026 22:46:38 : EVT PMIC : chgCntl1:0x74
#1145134 02.07.2026 22:46:38 : EVT PMIC : check chgCntl1:0x74
#1145135 02.07.2026 22:46:38 : ERR WBMAIN : 0: app 679 Wait 0 00000000
#1145136 02.07.2026 22:46:38 : ERR WBMAIN : *1: mea 733 DPC 12 00457803
#1145137 02.07.2026 22:46:38 : ERR WBMAIN : 2: ui 7337 Wait 0 00000000
#1145138 02.07.2026 22:46:38 : EVT FUEL_GAUGE : init, force:0
#1145139 02.07.2026 22:46:38 : EVT FUEL_GAUGE : check:1 lrn_tempco reg:0x5d75, store:0x5d75 mode:0x5d75
#1145140 02.07.2026 22:46:39 : EVT OHR : SCD 1, SCDL 0, SPO2 0, HR 0, RR 0, GM 0, SRBT 0
#1145141 02.07.2026 22:46:39 : EVT OHR : S:ON 0->1
#1145142 02.07.2026 22:46:39 : TRC FUEL_GAUGE : Charging 3 Batt 1->5
#1145143 02.07.2026 22:46:39 : TRC FUEL_GAUGE : batFgLevel cur:100%, prev:75%
#1145144 02.07.2026 22:46:39 : EVT FUEL_GAUGE : Initial batt:4429 mV soc:100 %
#1145145 02.07.2026 22:46:39 : EVT FUEL_GAUGE : Charge 3 Batt 5
#1145146 02.07.2026 22:46:39 : TRC GPS : Power enabled
#1145147 02.07.2026 22:46:40 : TRC TOUCH : get ic info, chip id = 0x2390
#1145148 02.07.2026 22:46:40 : WRN OHR : Module test not passed (0x08)
#1145149 02.07.2026 22:46:41 : EVT OHR : APPINIT:caps 0x1f4, 6b738616
#1145150 02.07.2026 22:46:41 : EVT <Unknown> : 1783025201247:AI@1783025200980, tz120
#1145151 02.07.2026 22:46:41 : EVT WBSTORAGE : CACHE_DEFRAG (144->544, 7->7, 25)
#1145152 02.07.2026 22:46:41 : TRC GPS : Stat report:1
#1145153 02.07.2026 22:46:41 : EVT OHR : APP:0.9.82 BSL:0.1.4
#1145154 02.07.2026 22:46:41 : TRC GPS : @VER
#1145155 02.07.2026 22:46:41 : TRC GPS : Ver:v00.204
#1145156 02.07.2026 22:46:41 : TRC GPS : @CEPA
#1145157 02.07.2026 22:46:41 : EVT OHR : S:OFF 1->0
#1145158 02.07.2026 22:46:41 : TRC GPS : LLE GP:0207 QZ:0207 GL:0207 GA:0207 BE:0207
#1145159 02.07.2026 22:46:41 : TRC GPS : Power disabled
#1145160 02.07.2026 22:46:42 : EVT ALTIFUSION : Init AltiBaro
#1145161 02.07.2026 22:46:42 : EVT TRAININGLAB : TLab:Change mode 0->0
#1145162 02.07.2026 22:46:42 : TRC MAPS : UIResourceLoader::initModule()
#1145163 02.07.2026 22:46:42 : EVT GOMORE : GoMore Update User Info
#1145164 02.07.2026 22:46:42 : EVT GOMORE : AuthSdk Code:0
#1145165 02.07.2026 22:46:42 : EVT TRAININGZONE : Init done
#1145166 02.07.2026 22:46:42 : EVT GPS : LocationProviderImpl:sub Passive
#1145167 02.07.2026 22:46:42 : TRC GPS : Full GNSS data subd l:0 c:80160010
#1145168 02.07.2026 22:46:43 : EVT WBSTORAGE : CACHE_DEFRAG (8->776, 19->19, 25)
#1145169 02.07.2026 22:46:43 : WRN WBAPI : eID-69b7b8(99/19200): 403
#1145170 02.07.2026 22:46:43 : EVT WBSTORAGE : CACHE_DEFRAG (720->1136, 24->24, 25)
#1145171 02.07.2026 22:46:43 : TRC NAVIGATION : CG: no climb WP
#1145172 02.07.2026 22:46:43 : TRC NAVIGATION : CG:init ZoomType=0
#1145173 02.07.2026 22:46:43 : EVT NAVIGATION : initSeg Idx=0 D=1 T=0 3-0-4
#1145174 02.07.2026 22:46:43 : WRN WBAPI : eID-6952d0(99/773): 403
#1145175 02.07.2026 22:46:43 : EVT WBSTORAGE : CACHE_DEFRAG (1064->1080, 24->24, 25)
#1145176 02.07.2026 22:46:44 : EVT <Unknown> : init, c 0 0 0
#1145177 02.07.2026 22:46:44 : EVT WBSTORAGE : CACHE_DEFRAG (992->1016, 24->24, 25)
#1145178 02.07.2026 22:46:44 : EVT OHR : Found CP file 204
#1145179 02.07.2026 22:46:44 : EVT GOMORE : PD-f OK, sz 1464, H 0x0
#1145180 02.07.2026 22:46:44 : EVT FILESYSTEM : maxfh:3 1182 2 storage/ac100d90/data.jsn
#1145181 02.07.2026 22:46:44 : EVT GPS : GpsTimeSynchronizer:sub Best
#1145182 02.07.2026 22:46:44 : TRC GPS : Basic GNSS data subd l:15 c:80460010
#1145183 02.07.2026 22:46:44 : TRC GPS : Power enabled
#1145184 02.07.2026 22:46:45 : EVT ANALYTICS : SleepQ:Tracking:On
#1145185 02.07.2026 22:46:45 : EVT SLEEP : Discard possible sleep
#1145186 02.07.2026 22:46:45 : EVT SLEEP : No sleep ongoing, ineffective discard call
#1145187 02.07.2026 22:46:45 : TRC GPS : Stat report:1
#1145188 02.07.2026 22:46:45 : TRC GPS : GNS setting 0x1fcb
#1145189 02.07.2026 22:46:45 : TRC GPS : @GSR
#1145190 02.07.2026 22:46:46 : EVT FILESYSTEM : maxfh:4 11c3 1 sleepln/sstages.bin
#1145191 02.07.2026 22:46:46 : EVT SLEEP : GMSLEEP:Last stg 2 dur 2100 start at 1775538360000
#1145192 02.07.2026 22:46:46 : TRC GPS : Done:GSR
#1145193 02.07.2026 22:46:47 : EVT TRAININGLAB : TLab:Change mode 0->2
#1145194 02.07.2026 22:46:47 : EVT TRAININGLAB : TLab:Mode::userInfo 60, 200, 1, 37, 182, 950, 1990
#1145195 02.07.2026 22:46:47 : EVT TRAININGLAB : ModeUnsub:0000
#1145196 02.07.2026 22:46:47 : EVT TRAININGLAB : ModeSub:0400
#1145197 02.07.2026 22:46:47 : EVT OHR : S:ON 0->1
#1145198 02.07.2026 22:46:47 : EVT TRAININGLAB : Stress enabled
#1145199 02.07.2026 22:46:47 : TRC APPLICATION : 247: Day 0 1782943200 1260
#1145200 02.07.2026 22:46:47 : TRC APPLICATION : 247: Day 1 1782856800 0
#1145201 02.07.2026 22:46:47 : TRC APPLICATION : 247: Day 2 1782770400 0
#1145202 02.07.2026 22:46:47 : TRC APPLICATION : 247: Day 3 1782684000 0
#1145203 02.07.2026 22:46:47 : TRC APPLICATION : 247: Day 4 1782597600 0
#1145204 02.07.2026 22:46:47 : TRC APPLICATION : 247: Day 5 1782511200 0
#1145205 02.07.2026 22:46:47 : TRC APPLICATION : 247: Day 6 1782424800 0
#1145206 02.07.2026 22:46:47 : TRC APPLICATION : 247: Restore counters
#1145207 02.07.2026 22:46:47 : EVT WBSTORAGE : CACHE_DEFRAG (984->1000, 24->24, 25)
#1145208 02.07.2026 22:46:47 : EVT OHR : APPINIT:caps 0x1f4, 6b738616
#1145209 02.07.2026 22:46:47 : EVT NFC : Init NFC card enabled: 0
#1145210 02.07.2026 22:46:47 : EVT <Unknown> : 1783025207254:AI@1783025207230, tz120
#1145211 02.07.2026 22:46:47 : EVT APPLICATION : ExGui clid:805d
#1145212 02.07.2026 22:46:47 : EVT OHR : S:start 0x2123
#1145213 02.07.2026 22:46:48 : EVT <Unknown> : 1783025207639:Meas start 0x2123
#1145214 02.07.2026 22:46:48 : EVT <Unknown> : 1783025207689:PD1464, 0
#1145215 02.07.2026 22:46:48 : EVT <Unknown> : 1783025208020:Mi1.6.10, auth 0, hr_mode 0
#1145216 02.07.2026 22:46:48 : EVT <Unknown> : 1783025208021:On Skin Set.
#1145217 02.07.2026 22:46:48 : EVT APPLICATION : Int clid:8068
#1145218 02.07.2026 22:46:48 : EVT ANALYTICS : analytics enabled!
#1145219 02.07.2026 22:46:48 : TRC FUEL_GAUGE : Chg->0,B:5,C:-17.7,V:4429,U:0,bF:100%,bC:100%
#1145220 02.07.2026 22:46:48 : EVT ANALYTICS : Battery-> 0 soc:0
#1145221 02.07.2026 22:46:48 : WRN WBAPI : eID-691c70(396/15112): 429
#1145222 02.07.2026 22:46:48 : TRC BLE : PT settings cmd failed (429)
#1145223 02.07.2026 22:46:48 : WRN BLE : BLE Link 4D00F000 Disc (--E-:00:0)
#1145224 02.07.2026 22:46:48 : EVT WBSTORAGE : CACHE_DEFRAG (984->992, 24->24, 25)
#1145225 02.07.2026 22:46:48 : EVT APPLICATION : Zapp prv clid:32876
#1145226 02.07.2026 22:46:48 : EVT APPLICATION : Zapp Eng clid:32877
#1145227 02.07.2026 22:46:49 : EVT APPLICATION : Guide clid:32883
#1145228 02.07.2026 22:46:49 : TRC MAPS : UIResourceLoader::startModule()
#1145229 02.07.2026 22:46:49 : EVT WBSTORAGE : CACHE_DEFRAG (928->952, 24->24, 25)
#1145230 02.07.2026 22:46:49 : EVT WBSTORAGE : CACHE_DEFRAG (840->848, 24->24, 25)
#1145231 02.07.2026 22:46:49 : EVT WEATHER : t:495282, d:2
#1145232 02.07.2026 22:46:49 : EVT WBSTORAGE : CACHE_DEFRAG (736->744, 24->24, 25)
#1145233 02.07.2026 22:46:49 : EVT ANALYTICS : Weather sync ok d:0 f:0
#1145234 02.07.2026 22:46:49 : EVT WEATHER : t:495282, d:2
#1145235 02.07.2026 22:46:49 : EVT ANALYTICS : synced city:Eglisau
#1145236 02.07.2026 22:46:49 : WRN POWER_STATE : rewr:0 fbf:0 ii:1288 cmss:524292 cin:16384
#1145237 02.07.2026 22:46:49 : EVT OHR : S:start 0x2123
#1145238 02.07.2026 22:46:49 : EVT WBSTORAGE : CACHE_DEFRAG (680->688, 24->24, 25)
#1145239 02.07.2026 22:46:49 : EVT WBSTORAGE : CACHE_DEFRAG (616->624, 24->24, 25)
#1145240 02.07.2026 22:46:49 : EVT WBSTORAGE : CACHE_DEFRAG (560->584, 24->24, 25)
#1145241 02.07.2026 22:46:49 : EVT WBSTORAGE : CACHE_DEFRAG (344->352, 24->24, 25)
#1145242 02.07.2026 22:46:49 : EVT WBSTORAGE : CACHE_DEFRAG (336->344, 24->24, 25)
#1145243 02.07.2026 22:46:49 : EVT WBSTORAGE : CACHE_DEFRAG (320->352, 24->24, 25)
#1145244 02.07.2026 22:46:49 : EVT <Unknown> : Off-wrist det:on
#1145245 02.07.2026 22:46:49 : WRN WBAPI : eID-6935e8(99/42169): 403
#1145246 02.07.2026 22:46:49 : EVT WBSTORAGE : CACHE_DEFRAG (288->376, 24->24, 25)
#1145247 02.07.2026 22:46:49 : EVT <Unknown> : 1783025209373:Meas start 0x2123
#1145248 02.07.2026 22:46:49 : WRN WBAPI : eID-693fd4(99/48128): 403
#1145249 02.07.2026 22:46:49 : EVT <Unknown> : Update pres sampl intrvl:1
#1145250 02.07.2026 22:46:49 : EVT ANALYTICS : #heap h:10736 l:10688
#1145251 02.07.2026 22:46:49 : EVT ALTIFUSION : AltiBaroMode:2
#1145252 02.07.2026 22:46:51 : WRN WBAPI : eID-691468(277): /Dive/DesaturationTimes 404
#1145253 02.07.2026 22:46:51 : WRN WBAPI : eID-691468(277): /Dive/Statistics/ScubaSurfaceTime 404
#1145254 02.07.2026 22:46:51 : ERR WBMAIN : *0: app 1293 Event 7 8042037d
#1145255 02.07.2026 22:46:51 : ERR WBMAIN : 1: mea 228 Wait 0 00000000
#1145256 02.07.2026 22:46:51 : ERR WBMAIN : 2: ui 1296 DPC 1 004b17f1
#1145257 02.07.2026 22:46:51 : EVT ALTIFUSION : AltiBaroMode:2
#1145258 02.07.2026 22:46:51 : EVT SPEEDFUSION : INFO # IDLE mode(-1) set
#1145259 02.07.2026 22:46:51 : EVT UI_FRAMEWORK : UI cache reset
#1145260 02.07.2026 22:46:52 : EVT OHR : No HR update, invalidate by timer
#1145261 02.07.2026 22:46:52 : ERR WBMAIN : 0: app 1112 Wait 0 00000000
#1145262 02.07.2026 22:46:52 : ERR WBMAIN : 1: mea 339 Wait 0 00000000
#1145263 02.07.2026 22:46:52 : ERR WBMAIN : *2: ui 2432 DPC 1 004b17f1
#1145264 02.07.2026 22:46:52 : EVT OHR : MI CpData OK
#1145265 02.07.2026 22:46:52 : ERR <Unknown> : 1783025212183:Mi invalid call:100,code:0.
#1145266 02.07.2026 22:46:52 : EVT WIFI : Pwr up
#1145267 02.07.2026 22:46:52 : EVT ANALYTICS : Battery-> 1 soc:100
#1145268 02.07.2026 22:46:53 : EVT UI_FRAMEWORK : JS Widgets: kept=20 added=0
#1145269 02.07.2026 22:46:53 : EVT BRIGHTNESS : Custom state pwr:[3,-1] bri:[1.00,-1.00]
#1145270 02.07.2026 22:46:54 : EVT APPLICATION : Zapp zwc05901:Load script
#1145271 02.07.2026 22:46:54 : EVT <Unknown> : 1783025213732:GMV 20251126/1/4/0/395/46
#1145272 02.07.2026 22:46:54 : EVT APPLICATION : Zapp zwc05901:Enable
#1145273 02.07.2026 22:46:54 : EVT ANALYTICS : Zapp enabled i:3 h:ddb248f2 n:zwc05901 v:124f
#1145274 02.07.2026 22:46:54 : ERR WBMAIN : *0: app 772 Event 37 80995320
#1145275 02.07.2026 22:46:54 : ERR WBMAIN : 1: mea 66 Wait 0 00000000
#1145276 02.07.2026 22:46:54 : ERR WBMAIN : 2: ui 622 Wait 0 00000000
#1145277 02.07.2026 22:46:54 : EVT BLE : PT 2 items loaded
#1145278 02.07.2026 22:46:54 : EVT UI_FRAMEWORK : JS startup ready
#1145279 02.07.2026 22:46:54 : WRN BLE : BLE_CONTROL:1,0,0
#1145280 02.07.2026 22:46:54 : EVT BLE : State DISABLED->OFF
#1145281 02.07.2026 22:46:54 : EVT BLE : State OFF->START
#1145282 02.07.2026 22:46:55 : EVT BLE : APP 3.0.54/01F7/1.2.10
#1145283 02.07.2026 22:46:55 : EVT BLE : State START->ON
#1145284 02.07.2026 22:46:55 : TRC BLE : BLE Link Restore 4D00F000 (L-Ep:00:0)
#1145285 02.07.2026 22:46:55 : WRN BLE : sendConnect 61440
#1145286 02.07.2026 22:46:55 : EVT ANALYTICS : BLE-COMM SHWM 176 (01)
#1145287 02.07.2026 22:46:56 : EVT BRIGHTNESS : Custom state pwr:[-1,-1] bri:[-1.00,-1.00]
#1145288 02.07.2026 22:46:56 : EVT WBSTORAGE : CACHE_DEFRAG (352->640, 24->24, 25)
#1145289 02.07.2026 22:46:56 : WRN WBAPI : eID-691468(277): /Weather/Current/ValidWeatherData.temp 
#1145290 02.07.2026 22:46:59 : EVT WIFI : pwr up
#1145291 02.07.2026 22:46:59 : EVT WIFI : SDK Ver(3.2.8.1)
#1145292 02.07.2026 22:46:59 : EVT WIFI : Cur bootmode:0
#1145293 02.07.2026 22:46:59 : EVT WIFI : Cur MAC addr:0C:8C:DC:B1:E4:BA
#1145294 02.07.2026 22:46:59 : EVT WIFI : Cur cc:CH
#1145295 02.07.2026 22:46:59 : EVT WIFI : FW Ver(v001056)
#1145296 02.07.2026 22:47:01 : EVT OHR : new HR update
#1145297 02.07.2026 22:47:11 : EVT <Unknown> : Update pres sampl intrvl:5
#1145298 02.07.2026 22:47:12 : EVT WIFI : Pwr down idle wifi (TO:13se)
#1145299 02.07.2026 22:47:12 : EVT WIFI : pwr down OK
#1145300 02.07.2026 22:47:30 : EVT <Unknown> : 1783025250134:Off Skin Set.
#1145301 02.07.2026 22:47:34 : EVT OHR : No HR update, invalidate by timer
#1145302 02.07.2026 22:47:39 : EVT <Unknown> : 1783025259138:On Skin Set.
#1145303 02.07.2026 22:47:39 : EVT OHR : new HR update
#1145304 02.07.2026 22:47:43 : EVT <Unknown> : 1783025263848:Off Skin Set.
#1145305 02.07.2026 22:47:48 : EVT <Unknown> : 1783025268350:On Skin Set.
#1145306 02.07.2026 22:47:48 : EVT OHR : No HR update, invalidate by timer
#1145307 02.07.2026 22:47:49 : EVT OHR : new HR update
#1145308 02.07.2026 22:48:15 : EVT WBSTORAGE : CACHE_DEFRAG (512->576, 24->24, 25)
#1145309 02.07.2026 22:48:46 : EVT <Unknown> : 1783025326434:SCD DET STATE ON.
#1145310 02.07.2026 22:50:31 : EVT <Unknown> : 1783025431136:Off Skin Set.
#1145311 02.07.2026 22:50:31 : EVT <Unknown> : 1783025431638:On Skin Set.
#1145312 02.07.2026 22:50:53 : EVT OHR : No HR update, invalidate by timer
#1145313 02.07.2026 22:50:58 : ERR <Unknown> : 1783025458746:Hr_out conf_low:99/10.
#1145314 02.07.2026 22:51:00 : EVT SEDENTARY : stop monitoring
#1145315 02.07.2026 22:51:00 : EVT OHR : new HR update
#1145316 02.07.2026 22:51:06 : EVT OHR : No HR update, invalidate by timer
#1145317 02.07.2026 22:51:11 : ERR <Unknown> : 1783025471595:Hr_out conf_low:107/10.
#1145318 02.07.2026 22:51:18 : EVT OHR : new HR update
#1145319 02.07.2026 22:51:24 : EVT OHR : No HR update, invalidate by timer
#1145320 02.07.2026 22:51:26 : EVT OHR : new HR update
#1145321 02.07.2026 22:52:17 : EVT <Unknown> : 1783025536967:SCD DET STATE ON.
#1145322 02.07.2026 22:52:51 : EVT <Unknown> : 1783025571006:Off Skin Set.
#1145323 02.07.2026 22:52:55 : EVT OHR : No HR update, invalidate by timer
#1145324 02.07.2026 22:53:00 : EVT SEDENTARY : stop monitoring
#1145325 02.07.2026 22:53:08 : EVT <Unknown> : 1783025588387:On Skin Set.
#1145326 02.07.2026 22:53:09 : EVT OHR : new HR update
#1145327 02.07.2026 22:53:12 : EVT <Unknown> : 1783025592434:Off Skin Set.
#1145328 02.07.2026 22:53:17 : EVT OHR : No HR update, invalidate by timer
#1145329 02.07.2026 22:53:31 : WRN <Unknown> : 1783025610815:Device stationary, stopping optical meas
#1145330 02.07.2026 22:53:44 : EVT GPS : GpsTimeSynchronizer:sub Passive
#1145331 02.07.2026 22:53:44 : TRC GPS : Basic GNSS data subd l:0 c:80460010
#1145332 02.07.2026 22:53:44 : TRC GPS : GnssServiceLevel::PASSIVE
#1145333 02.07.2026 22:53:44 : TRC GPS : @GSTP
#1145334 02.07.2026 22:53:46 : TRC GPS : @BUP
#1145335 02.07.2026 22:53:47 : TRC GPS : Done:BUP
#1145336 02.07.2026 22:53:47 : TRC GPS : Power disabled
#1145337 02.07.2026 22:54:00 : EVT SEDENTARY : stop monitoring
#1145338 02.07.2026 22:54:23 : EVT <Unknown> : 1783025663334:xiaomi reset t:456104553/385190399.
#1145339 02.07.2026 22:54:23 : EVT <Unknown> : 1783025663335:On Skin Set.
#1145340 02.07.2026 22:54:26 : EVT <Unknown> : 1783025666087:Off Skin Set.
#1145341 02.07.2026 22:54:29 : EVT <Unknown> : 1783025669339:On Skin Set.
#1145342 02.07.2026 22:54:30 : ERR <Unknown> : 1783025670566:Mi invalid call:100,code:0.
#1145343 02.07.2026 22:54:42 : EVT OHR : new HR update
#1145344 02.07.2026 22:54:48 : EVT <Unknown> : 1783025687974:Off Skin Set.
#1145345 02.07.2026 22:54:48 : EVT <Unknown> : 1783025688476:On Skin Set.
#1145346 02.07.2026 22:55:00 : TRC FWUPDATE : Uptime 10 min
#1145347 02.07.2026 22:55:00 : EVT FWUPDATE : onInputEvent 4
#1145348 02.07.2026 22:55:07 : EVT OHR : No HR update, invalidate by timer
#1145349 02.07.2026 22:55:11 : EVT OHR : new HR update
#1145350 02.07.2026 22:55:21 : EVT OHR : No HR update, invalidate by timer
#1145351 02.07.2026 22:55:22 : EVT OHR : new HR update
#1145352 02.07.2026 22:55:32 : EVT OHR : No HR update, invalidate by timer
#1145353 02.07.2026 22:55:37 : ERR <Unknown> : 1783025737224:Hr_out conf_low:73/10.
#1145354 02.07.2026 22:55:57 : ERR <Unknown> : 1783025757224:Hr_out conf_low:75/30.
#1145355 02.07.2026 22:55:59 : EVT OHR : new HR update
#1145356 02.07.2026 22:56:00 : EVT WBSTORAGE : CACHE_DEFRAG (488->832, 24->24, 25)
#1145357 02.07.2026 22:56:00 : EVT WBSTORAGE : CACHE_DEFRAG (808->816, 24->24, 25)
#1145358 02.07.2026 22:56:00 : EVT WBSTORAGE : CACHE_DEFRAG (800->808, 24->24, 25)
#1145359 02.07.2026 22:56:00 : EVT WBSTORAGE : CACHE_DEFRAG (792->800, 24->24, 25)
#1145360 02.07.2026 22:56:00 : EVT WBSTORAGE : CACHE_DEFRAG (784->808, 24->24, 25)
#1145361 02.07.2026 22:56:00 : TRC NAVIGATION : CG: no climb WP
#1145362 02.07.2026 22:56:00 : TRC NAVIGATION : CG:init ZoomType=0
#1145363 02.07.2026 22:56:00 : EVT NAVIGATION : initSeg Idx=0 D=1 T=0 3-0-4
#1145364 02.07.2026 22:56:00 : EVT WBSTORAGE : CACHE_DEFRAG (728->968, 24->24, 25)
#1145365 02.07.2026 22:56:00 : EVT ALTIFUSION : AltiBaroMode:0
#1145366 02.07.2026 22:56:00 : EVT APPLICATION : Zapp zwc05901:Disable
#1145367 02.07.2026 22:56:01 : EVT ANALYTICS : Zapp disabled i:3 h:ddb248f2 n:Vector classic
#1145368 02.07.2026 22:56:01 : EVT ANALYTICS : SleepQ:Tracking:On
#1145369 02.07.2026 22:56:01 : EVT ALTIFUSION : AltiBaroMode:0
#1145370 02.07.2026 22:56:01 : EVT WBSTORAGE : CACHE_DEFRAG (944->952, 24->24, 25)
#1145371 02.07.2026 22:56:01 : EVT UI_FRAMEWORK : JS nsto enable zapp: zzwethen
#1145372 02.07.2026 22:56:01 : EVT UI_FRAMEWORK : JS nsto enable zapp: zzmoveen
#1145373 02.07.2026 22:56:01 : EVT APPLICATION : Zapp zzwethen:Load script
#1145374 02.07.2026 22:56:01 : EVT APPLICATION : Zapp zzwethen:Enable
#1145375 02.07.2026 22:56:01 : EVT ANALYTICS : Zapp enabled i:8 h:3f77f8ec n:zzwethen v:ade
#1145376 02.07.2026 22:56:01 : EVT APPLICATION : Zapp clid:32878
#1145377 02.07.2026 22:56:01 : EVT APPLICATION : Zapp zzmoveen:Load script
#1145378 02.07.2026 22:56:01 : EVT APPLICATION : Zapp zzmoveen:Enable
#1145379 02.07.2026 22:56:01 : EVT ANALYTICS : Zapp enabled i:6 h:7aac0887 n:zzmoveen v:8e0
#1145380 02.07.2026 22:56:01 : EVT UI_FRAMEWORK : evalFile: b:/zapp/zzmoveen.fea/ext1.js from ui
#1145381 02.07.2026 22:56:01 : EVT APPLICATION : Zapp clid:32879
#1145382 02.07.2026 22:56:01 : EVT UI_FRAMEWORK : JS nsto all zapps enabled.
#1145383 02.07.2026 22:56:01 : EVT UI_FRAMEWORK : JS Prestart Activity Id: 16.000
#1145384 02.07.2026 22:56:01 : EVT GOMORE : GoMore Update User Info
#1145385 02.07.2026 22:56:01 : WRN WBAPI : eID-691468(277): /Dive/Alarms/Acknowledge 404
#1145386 02.07.2026 22:56:01 : WRN WBAPI : eID-691468(277): /Dive/DiveGases 404
#1145387 02.07.2026 22:56:01 : WRN WBAPI : eID-691468(277): /Dive/Gauge/Next 404
#1145388 02.07.2026 22:56:01 : EVT WBSTORAGE : CACHE_DEFRAG (912->920, 24->24, 25)
#1145389 02.07.2026 22:56:01 : EVT WBSTORAGE : CACHE_DEFRAG (848->856, 24->24, 25)
#1145390 02.07.2026 22:56:01 : EVT WBSTORAGE : CACHE_DEFRAG (784->792, 24->24, 25)
#1145391 02.07.2026 22:56:01 : EVT BLE : BLE Sensor Link 4800180D Conn (--E-:00:1)
#1145392 02.07.2026 22:56:01 : WRN BLE : sendConnect 6157
#1145393 02.07.2026 22:56:01 : EVT GPS : LocationProviderImpl:sub Best
#1145394 02.07.2026 22:56:01 : TRC GPS : Full GNSS data subd l:15 c:80160010
#1145395 02.07.2026 22:56:01 : WRN WBAPI : eID-691468(277): /Dive/TankPressure/Alarm/Count 404
#1145396 02.07.2026 22:56:01 : TRC GPS : Power enabled
#1145397 02.07.2026 22:56:01 : EVT <Unknown> : Update pres sampl intrvl:1
#1145398 02.07.2026 22:56:02 : EVT SPEEDFUSION : INFO # start speed fusion
#1145399 02.07.2026 22:56:02 : EVT SPEEDFUSION : Act:16,Acc:0,BPod:0,FPod:0,PPod:0,BeltPod:1
#1145400 02.07.2026 22:56:02 : EVT SPEEDFUSION : INFO # Start algo without wrist acc
#1145401 02.07.2026 22:56:02 : EVT OHR : S:start 0x21a3
#1145402 02.07.2026 22:56:02 : EVT <Unknown> : 1783025762218:Meas start 0x21a3
#1145403 02.07.2026 22:56:03 : TRC GPS : Stat report:1
#1145404 02.07.2026 22:56:03 : TRC GPS : @GTIM 2026 7 2 20 56 3
#1145405 02.07.2026 22:56:03 : TRC GPS : Done:GTI
#1145406 02.07.2026 22:56:03 : TRC GPS : GNS setting 0x1fcb
#1145407 02.07.2026 22:56:03 : TRC GPS : @GSR
#1145408 02.07.2026 22:56:04 : TRC GPS : Done:GSR
#1145409 02.07.2026 22:56:07 : EVT GPS : Timesync:error_ms 1050
#1145410 02.07.2026 22:56:07 : EVT GPS : Timesync:sys 1783025767050ms gps 1783025766
#1145411 02.07.2026 22:56:07 : EVT GPS : Timesync:rel 1292996 relgps 1292996
#1145412 02.07.2026 22:56:06 : EVT GPS : Timesync:Dev time updated
#1145413 02.07.2026 22:56:06 : EVT WBSTORAGE : CACHE_DEFRAG (704->712, 24->24, 25)
#1145414 02.07.2026 22:56:06 : EVT WEATHER : t:495282, d:2
#1145415 02.07.2026 22:56:06 : EVT WBSTORAGE : CACHE_DEFRAG (600->616, 24->24, 25)
#1145416 02.07.2026 22:56:06 : EVT <Unknown> : No alarm clock today
#1145417 02.07.2026 22:56:06 : EVT OHR : APPINIT:caps 0x1f4, 6b738616
#1145418 02.07.2026 22:56:06 : EVT <Unknown> : 1783025767730::Dt -1730
#1145419 02.07.2026 22:56:10 : EVT BLE : lt,scan 1
#1145420 02.07.2026 22:56:10 : WRN BLE : sendDisconnect 6157
#1145421 02.07.2026 22:56:10 : ERR BLE : [AURA]No filters left, stopping scan
#1145422 02.07.2026 22:56:10 : ERR BLE : [AURA]Filter with handle 72 not found
#1145423 02.07.2026 22:56:10 : EVT BLE : packet 0 sensor found count 1
#1145424 02.07.2026 22:56:10 : EVT BLE : packet 0 sensor found count 2
#1145425 02.07.2026 22:56:11 : EVT APPLICATION : Zapp zzdecoen:Load script
#1145426 02.07.2026 22:56:11 : EVT APPLICATION : Zapp zzdecoen:Enable
#1145427 02.07.2026 22:56:11 : EVT ANALYTICS : Zapp enabled i:1 h:747c0027 n:zzdecoen v:e73
#1145428 02.07.2026 22:56:11 : EVT APPLICATION : Zapp clid:32880
#1145429 02.07.2026 22:56:11 : EVT WBSTORAGE : CACHE_DEFRAG (528->544, 24->24, 25)
#1145430 02.07.2026 22:56:11 : EVT WBSTORAGE : CACHE_DEFRAG (480->520, 25->24, 25)
#1145431 02.07.2026 22:56:11 : EVT ANALYTICS : #FusHr src:2 time:10721
#1145432 02.07.2026 22:56:21 : TRC GPS : Fix valid: 0 idx:16 sat:5 ehpe:100 -lim
#1145433 02.07.2026 22:56:22 : TRC GPS : Fix valid: 1 idx:17 sat:5 ehpe:46
#1145434 02.07.2026 22:56:40 : EVT ANALYTICS : #FusHr src:2 time:0
#1145435 02.07.2026 22:56:40 : WRN WBAPI : eID-691468(277): /Dive/Alarms/Acknowledge 404
#1145436 02.07.2026 22:56:40 : EVT GPS : LocationProviderImpl:sub Passive
#1145437 02.07.2026 22:56:40 : TRC GPS : Full GNSS data subd l:0 c:80160010
#1145438 02.07.2026 22:56:40 : WRN WBAPI : eID-691468(277): /Dive/DiveGases 404
#1145439 02.07.2026 22:56:40 : WRN WBAPI : eID-691468(277): /Dive/Gauge/Next 404
#1145440 02.07.2026 22:56:40 : EVT TRAININGLAB : TLab:~Mode T 7706 + 141 A 4160 + 10
#1145441 02.07.2026 22:56:40 : EVT TRAININGLAB : TLab:Change mode 2->3
#1145442 02.07.2026 22:56:40 : EVT TRAININGLAB : TLab:Mode::userInfo 60, 200, 1, 37, 182, 950, 1990
#1145443 02.07.2026 22:56:40 : ERR BLE : [AURA]No filters left, stopping scan
#1145444 02.07.2026 22:56:40 : EVT LOGGER : Log space:30462138 bytes free
#1145445 02.07.2026 22:56:40 : TRC GPS : GnssServiceLevel::PASSIVE
#1145446 02.07.2026 22:56:40 : TRC GPS : @GSTP
#1145447 02.07.2026 22:56:40 : EVT TRAININGLAB : ModeUnsub:2800
#1145448 02.07.2026 22:56:40 : EVT TRAININGLAB : ModeSub:9004
#1145449 02.07.2026 22:56:40 : EVT TRAININGLAB : TLab:Select input 0
#1145450 02.07.2026 22:56:40 : EVT TRAININGLAB : Tlab:HR src is 2
#1145451 02.07.2026 22:56:40 : EVT TRAININGLAB : TLab:Active input 0
#1145452 02.07.2026 22:56:40 : EVT LOGGER : Exercise started
#1145453 02.07.2026 22:56:40 : TRC GPS : Full GNSS data subd l:0 c:802b0000
#1145454 02.07.2026 22:56:40 : EVT TRAININGLAB : TLab:Active input 1
#1145455 02.07.2026 22:56:41 : TRC GPS : @BUP
#1145456 02.07.2026 22:56:42 : EVT ANALYTICS : Battery-> 3 soc:100
#1145457 02.07.2026 22:56:42 : EVT ANALYTICS : #FusHr src:2 time:0
#1145458 02.07.2026 22:56:42 : EVT ANALYTICS : #Act id:16
#1145459 02.07.2026 22:56:42 : EVT ANALYTICS : #powersave mode:p temp:31.8
#1145460 02.07.2026 22:56:42 : EVT ANALYTICS : GPSMODE:NOTUSED
#1145461 02.07.2026 22:56:42 : EVT ANALYTICS : #gnss d:2026-07-02T00:00:00Z
#1145462 02.07.2026 22:56:42 : EVT ANALYTICS : #zapp n:Weather e:1
#1145463 02.07.2026 22:56:42 : EVT ANALYTICS : #zapp n:Movement e:1
#1145464 02.07.2026 22:56:42 : EVT ANALYTICS : #zapp n:Aerobic decoupling e:1
#1145465 02.07.2026 22:56:43 : TRC GPS : Done:BUP
#1145466 02.07.2026 22:56:43 : TRC GPS : Power disabled
#1145467 02.07.2026 22:56:48 : EVT ANALYTICS : #ws AID:16 BM:1 NS:1 SP:3 ZN:0 TG:0 BL:0 GPS:0
#1145468 02.07.2026 22:56:48 : EVT ANALYTICS : #2ws AID:16 WHR:1 INT:0 AL:0 AP:0 FE:1 MC:1 TH:0
#1145469 02.07.2026 22:56:58 : EVT LOGGER : Exercise paused
#1145470 02.07.2026 22:56:58 : EVT LOGGER : Exercise continue
#1145471 02.07.2026 22:56:59 : EVT LOGGER : Exercise paused
#1145472 02.07.2026 22:57:00 : EVT SEDENTARY : stop monitoring
#1145473 02.07.2026 22:57:05 : EVT APPLICATION : Zapp zzdecoen:Disable
#1145474 02.07.2026 22:57:05 : EVT ANALYTICS : Zapp disabled i:1 h:747c0027 n:Aerobic decoupling
#1145475 02.07.2026 22:57:05 : ERR APPLICATION : Zapp out type 0
#1145476 02.07.2026 22:57:05 : EVT APPLICATION : Zapp zzmoveen:Disable
#1145477 02.07.2026 22:57:05 : EVT ANALYTICS : Zapp disabled i:6 h:7aac0887 n:Movement
#1145478 02.07.2026 22:57:05 : EVT UI_FRAMEWORK : evalFile: b:/zapp/zzmoveen.fea/ext2.js from ui
#1145479 02.07.2026 22:57:05 : EVT APPLICATION : Zapp zzwethen:Disable
#1145480 02.07.2026 22:57:05 : EVT ANALYTICS : Zapp disabled i:8 h:3f77f8ec n:Weather
#1145481 02.07.2026 22:57:05 : EVT UI_FRAMEWORK : JS discard disable zapps
#1145482 02.07.2026 22:57:05 : EVT UI_FRAMEWORK : JS will discard
#1145483 02.07.2026 22:57:05 : EVT SPEEDFUSION : INFO # stop speed fusion
#1145484 02.07.2026 22:57:05 : EVT <Unknown> : Update pres sampl intrvl:5
#1145485 02.07.2026 22:57:05 : WRN APPLICATION : discard hrr meas l:3 d:0 sh:69 mh:69 v:0
#1145486 02.07.2026 22:57:05 : WRN WBAPI : eID-698eec(583/65535): 404
#1145487 02.07.2026 22:57:05 : EVT GPS : LocationProviderImpl:sub Best
#1145488 02.07.2026 22:57:05 : TRC GPS : Full GNSS data subd l:15 c:80160010
#1145489 02.07.2026 22:57:05 : EVT TRAININGZONE : User Define Mode:5
#1145490 02.07.2026 22:57:05 : EVT TRAININGZONE : Tss HR:0.17
#1145491 02.07.2026 22:57:05 : EVT TRAININGZONE : A:16,Tss:[-200.00,-200.00,-200.00,0.17]
#1145492 02.07.2026 22:57:05 : EVT TRAININGLAB : AppFeature Vo2Max 0.000000
#1145493 02.07.2026 22:57:05 : EVT TRAININGLAB : TLab:~Mode T 7847 + 5 A 4170 + 0
#1145494 02.07.2026 22:57:05 : EVT TRAININGLAB : TLab:Change mode 3->2
#1145495 02.07.2026 22:57:05 : EVT TRAININGLAB : TLab:Mode::userInfo 60, 200, 1, 37, 182, 950, 1990
#1145496 02.07.2026 22:57:05 : EVT LOGGER : LGR 934, 80
#1145497 02.07.2026 22:57:05 : EVT TRAININGLAB : ModeUnsub:9145
#1145498 02.07.2026 22:57:05 : EVT OHR : S:start 0x2123
#1145499 02.07.2026 22:57:05 : EVT TRAININGLAB : ModeSub:0400
#1145500 02.07.2026 22:57:05 : EVT ANALYTICS : WAOae:Activity WAOae:16
#1145501 02.07.2026 22:57:05 : EVT ANALYTICS : WAOae:TotalAcc WAOae:0,0,0
#1145502 02.07.2026 22:57:05 : EVT ANALYTICS : WAOae:AccCount WAOae:0,0,0
#1145503 02.07.2026 22:57:05 : EVT ANALYTICS : WAOae:Distance WAOae:0,0,0
#1145504 02.07.2026 22:57:05 : EVT ANALYTICS : WAOae:Duration WAOae:0,0,0
#1145505 02.07.2026 22:57:05 : EVT ANALYTICS : WAOae:Coeff WAOae:0,40,240,390,773,7524,7624
#1145506 02.07.2026 22:57:05 : EVT LOGGER : Exercise stopped
#1145507 02.07.2026 22:57:05 : EVT LOGGER : HrIbiLogger stop, off (0 ms)
#1145508 02.07.2026 22:57:05 : EVT LOGGER : HrIbiLogger stopped (0 ms)
#1145509 02.07.2026 22:57:05 : TRC GPS : Unsubd c:802b0000
#1145510 02.07.2026 22:57:05 : EVT LOGGER : LGR 934, 80
#1145511 02.07.2026 22:57:05 : TRC GPS : Power enabled
#1145512 02.07.2026 22:57:05 : EVT ANALYTICS : SleepQ:Tracking:On
#1145513 02.07.2026 22:57:05 : EVT LOGGER : Wr dpc on
#1145514 02.07.2026 22:57:06 : EVT <Unknown> : 1783025826808:Meas start 0x2123
#1145515 02.07.2026 22:57:06 : EVT LOGGER : LGR 20993, 56
#1145516 02.07.2026 22:57:06 : TRC NAVIGATION : CG: no climb WP
#1145517 02.07.2026 22:57:06 : TRC NAVIGATION : CG:init ZoomType=0
#1145518 02.07.2026 22:57:06 : EVT NAVIGATION : initSeg Idx=0 D=1 T=0 3-0-4
#1145519 02.07.2026 22:57:06 : EVT WBSTORAGE : CACHE_DEFRAG (472->1048, 24->24, 25)
#1145520 02.07.2026 22:57:06 : EVT SPEEDFUSION : INFO # IDLE mode(-1) set
#1145521 02.07.2026 22:57:06 : EVT ALTIFUSION : AltiBaroMode:2
#1145522 02.07.2026 22:57:06 : ERR WBMAIN : *0: app 812 Event 28 802c400e
#1145523 02.07.2026 22:57:06 : ERR WBMAIN : 1: mea 1 Wait 0 00000000
#1145524 02.07.2026 22:57:06 : ERR WBMAIN : 2: ui 4 Wait 0 00000000
#1145525 02.07.2026 22:57:07 : EVT BLE : Disconn sensor:1
#1145526 02.07.2026 22:57:07 : EVT BLE : BLE Sensor Link 4800180D Disc (L-E-:00:0)
#1145527 02.07.2026 22:57:07 : WRN BLE : sendDisconnect 6157
#1145528 02.07.2026 22:57:07 : ERR BLE : [AURA]Filter with handle 72 not found
#1145529 02.07.2026 22:57:07 : TRC GPS : Stat report:1
#1145530 02.07.2026 22:57:07 : TRC GPS : @GTIM 2026 7 2 20 57 7
#1145531 02.07.2026 22:57:07 : TRC GPS : Done:GTI
#1145532 02.07.2026 22:57:07 : TRC GPS : GNS setting 0x1fcb
#1145533 02.07.2026 22:57:07 : TRC GPS : @GSR
#1145534 02.07.2026 22:57:07 : EVT ANALYTICS : #powersave mode:p temp:31.8
#1145535 02.07.2026 22:57:07 : EVT ANALYTICS : Battery-> 4 soc:100
#1145536 02.07.2026 22:57:08 : TRC GPS : Done:GSR
#1145537 02.07.2026 22:57:09 : EVT GPS : LocationProviderImpl:sub Passive
#1145538 02.07.2026 22:57:10 : TRC GPS : Full GNSS data subd l:0 c:80160010
#1145539 02.07.2026 22:57:10 : EVT UI_FRAMEWORK : JS discard
#1145540 02.07.2026 22:57:10 : EVT ALTIFUSION : Init Search Kalman
#1145541 02.07.2026 22:57:10 : EVT GPS : AltitudeService:sub Best
#1145542 02.07.2026 22:57:10 : TRC GPS : Full GNSS data subd l:15 c:80420010
#1145543 02.07.2026 22:57:10 : WRN LOGGER : Delete b:logs/6A46D088
#1145544 02.07.2026 22:57:10 : TRC GPS : GnssServiceLevel Change: Should not be here 4
#1145545 02.07.2026 22:57:12 : EVT WBSTORAGE : CACHE_DEFRAG (1024->1032, 24->24, 25)
#1145546 02.07.2026 22:57:12 : EVT APPLICATION : Zapp zwc05901:Load script
#1145547 02.07.2026 22:57:12 : EVT APPLICATION : Zapp zwc05901:Enable
#1145548 02.07.2026 22:57:12 : EVT ANALYTICS : Zapp enabled i:3 h:ddb248f2 n:zwc05901 v:124f
#1145549 02.07.2026 22:57:12 : WRN WBAPI : eID-691468(277): /Weather/Current/ValidWeatherData.temp 
#1145550 02.07.2026 22:57:18 : EVT <Unknown> : 1783025839043:Off Skin Set.
#1145551 02.07.2026 22:57:22 : EVT OHR : No HR update, invalidate by timer
#1145552 02.07.2026 22:57:22 : EVT PMIC : VBUS state is ON
#1145553 02.07.2026 22:57:22 : EVT PMIC : chgCntl1:0x70
#1145554 02.07.2026 22:57:22 : EVT PMIC : check chgCntl1:0x74
#1145555 02.07.2026 22:57:22 : EVT PMIC : Turn charge ON since VBUS->ON
#1145556 02.07.2026 22:57:22 : EVT PMIC : PMIC temp zone:0x2
#1145557 02.07.2026 22:57:22 : EVT PMIC : PMIC Fast-charge constant cur
#1145558 02.07.2026 22:57:22 : EVT OHR : VBUS on
#1145559 02.07.2026 22:57:22 : EVT OHR : S:stop 23
#1145560 02.07.2026 22:57:22 : EVT <Unknown> : 1783025843678:Meas stop 0x2123
#1145561 02.07.2026 22:57:22 : EVT PMIC : PMIC Fast-charge constant voltage
#1145562 02.07.2026 22:57:22 : WRN <Unknown> : 1783025843678:FSM EVT STOP.
#1145563 02.07.2026 22:57:22 : EVT OHR : S:OFF 1->0
#1145564 02.07.2026 22:57:22 : EVT PMIC : VBUS state is ON
#1145565 02.07.2026 22:57:26 : TRC FUEL_GAUGE : Chg->1,B:5,C:7.0,V:4416,U:1,bF:100%,bC:100%
#1145566 02.07.2026 22:57:26 : EVT ANALYTICS : Battery-> 2 soc:100
#1145567 02.07.2026 22:57:33 : TRC GPS : Fix valid: 0 idx:23 sat:8 ehpe:100 -lim
#1145568 02.07.2026 22:57:34 : TRC GPS : Fix valid: 1 idx:24 sat:9 ehpe:6
#1145569 02.07.2026 22:57:34 : EVT WBCOMM : P-9 connection made to ECSD00000000
#1145570 02.07.2026 22:57:34 : EVT WBCOMM : New Route: ECSD00000000
#1145571 02.07.2026 22:57:35 : TRC GPS : NMEA parsed:4, handled:4, accepted:4 during 5s
#1145572 02.07.2026 22:57:37 : ERR WBMAIN : *0: app 997 Event 36 80005310
#1145573 02.07.2026 22:57:37 : ERR WBMAIN : 1: mea 66 Wait 0 00000000
#1145574 02.07.2026 22:57:37 : ERR WBMAIN : 2: ui 71 Wait 0 00000000
#1145575 02.07.2026 22:57:38 : EVT WBSTORAGE : CACHE_DEFRAG (904->912, 24->24, 25)
#1145576 02.07.2026 22:57:38 : EVT WBSTORAGE : CACHE_DEFRAG (880->888, 24->24, 25)
#1145577 02.07.2026 22:57:38 : EVT WBSTORAGE : CACHE_DEFRAG (840->848, 24->24, 25)
#1145578 02.07.2026 22:57:38 : EVT <Unknown> : DL Region List
#1145579 02.07.2026 22:57:38 : EVT WIFI : Pwr up
#1145580 02.07.2026 22:57:38 : ERR WBMAIN : *0: app 728 Event 36 80005310
#1145581 02.07.2026 22:57:38 : ERR WBMAIN : 1: mea 69 Wait 0 00000000
#1145582 02.07.2026 22:57:38 : ERR WBMAIN : 2: ui 69 Wait 0 00000000
#1145583 02.07.2026 22:57:39 : EVT ANALYTICS : Sync start
#1145584 02.07.2026 22:57:40 : EVT ANALYTICS : Sync start

