#1265356 07.07.2026 15:15:01 : EVT UI_FRAMEWORK : evalFile: b:/zapp/climbl01.fea/ext12.js from ui
#1265357 07.07.2026 15:15:01 : EVT APPLICATION : Zapp clid:32880
#1265358 07.07.2026 15:15:01 : ERR WBMAIN : *0: app 779 Event 37 80995318
#1265359 07.07.2026 15:15:01 : ERR WBMAIN : 1: mea 20 Wait 0 00000000
#1265360 07.07.2026 15:15:01 : ERR WBMAIN : 2: ui 25 Wait 0 00000000
#1265361 07.07.2026 15:15:01 : EVT UI_FRAMEWORK : JS nsto all zapps enabled.
#1265362 07.07.2026 15:15:01 : EVT UI_FRAMEWORK : JS Prestart Activity Id: 16.000
#1265363 07.07.2026 15:15:01 : WRN WBAPI : eID-691468(277): /Dive/Alarms/Acknowledge 404
#1265364 07.07.2026 15:15:01 : WRN WBAPI : eID-691468(277): /Dive/DiveGases 404
#1265365 07.07.2026 15:15:01 : WRN WBAPI : eID-691468(277): /Dive/Gauge/Next 404
#1265366 07.07.2026 15:15:01 : EVT WBSTORAGE : CACHE_DEFRAG (880->888, 24->24, 25)
#1265367 07.07.2026 15:15:01 : EVT WBSTORAGE : CACHE_DEFRAG (816->824, 24->24, 25)
#1265368 07.07.2026 15:15:01 : EVT WBSTORAGE : CACHE_DEFRAG (752->760, 24->24, 25)
#1265369 07.07.2026 15:15:01 : EVT BLE : BLE Sensor Link 4800180D Conn (--E-:00:1)
#1265370 07.07.2026 15:15:01 : WRN BLE : sendConnect 6157
#1265371 07.07.2026 15:15:02 : WRN WBAPI : eID-691468(277): /Dive/TankPressure/Alarm/Count 404
#1265372 07.07.2026 15:15:02 : EVT SPEEDFUSION : INFO # start speed fusion
#1265373 07.07.2026 15:15:02 : EVT SPEEDFUSION : Act:16,Acc:0,BPod:0,FPod:0,PPod:0,BeltPod:1
#1265374 07.07.2026 15:15:02 : EVT SPEEDFUSION : INFO # Start algo without wrist acc
#1265375 07.07.2026 15:15:02 : EVT <Unknown> : Update pres sampl intrvl:1
#1265376 07.07.2026 15:15:02 : EVT OHR : S:start 0x21a3
#1265377 07.07.2026 15:15:02 : EVT <Unknown> : 1783430102113:Meas start 0x21a3
#1265378 07.07.2026 15:15:02 : EVT TRAININGLAB : TLab:~Mode T 16152 + 218 A 4250 + 0
#1265379 07.07.2026 15:15:02 : EVT TRAININGLAB : TLab:Change mode 2->3
#1265380 07.07.2026 15:15:02 : EVT TRAININGLAB : TLab:Mode::userInfo 60, 200, 1, 37, 182, 950, 1990
#1265381 07.07.2026 15:15:02 : EVT LOGGER : Log space:30499506 bytes free
#1265382 07.07.2026 15:15:02 : EVT TRAININGLAB : ModeUnsub:2800
#1265383 07.07.2026 15:15:02 : EVT TRAININGLAB : ModeSub:9004
#1265384 07.07.2026 15:15:02 : EVT TRAININGLAB : TLab:Select input 0
#1265385 07.07.2026 15:15:02 : EVT TRAININGLAB : TLab:Active input 0
#1265386 07.07.2026 15:15:02 : EVT LOGGER : Exercise started
#1265387 07.07.2026 15:15:02 : EVT BLE : HR RR on (66026928)
#1265388 07.07.2026 15:15:02 : TRC GPS : Full GNSS data subd l:0 c:802b0000
#1265389 07.07.2026 15:15:05 : EVT ANALYTICS : Battery-> 3 soc:100
#1265390 07.07.2026 15:15:05 : EVT ANALYTICS : #FusHr src:0 time:0
#1265391 07.07.2026 15:15:05 : EVT ANALYTICS : #Act id:16
#1265392 07.07.2026 15:15:05 : EVT ANALYTICS : #powersave mode:p temp:28.2
#1265393 07.07.2026 15:15:05 : EVT ANALYTICS : GPSMODE:NOTUSED
#1265394 07.07.2026 15:15:05 : EVT ANALYTICS : #gnss d:2026-07-07T00:00:00Z
#1265395 07.07.2026 15:15:05 : EVT ANALYTICS : #zapp n:Weather e:1
#1265396 07.07.2026 15:15:05 : EVT ANALYTICS : #zapp n:Movement e:1
#1265397 07.07.2026 15:15:05 : EVT ANALYTICS : #zapp n:Climb Log e:1
#1265398 07.07.2026 15:15:06 : EVT LOGGER : Exercise paused
#1265399 07.07.2026 15:15:06 : WRN WBAPI : eID-691468(277): /Dive/Alarms/Acknowledge 404
#1265400 07.07.2026 15:15:06 : WRN WBAPI : eID-691468(277): /Dive/DiveGases 404
#1265401 07.07.2026 15:15:06 : WRN WBAPI : eID-691468(277): /Dive/Gauge/Next 404
#1265402 07.07.2026 15:15:09 : EVT <Unknown> : 1783430109626:Off Skin Set.
#1265403 07.07.2026 15:15:10 : EVT APPLICATION : Zapp climbl01:Disable
#1265404 07.07.2026 15:15:10 : EVT ANALYTICS : Zapp disabled i:5 h:a5e7afa5 n:Climb Log
#1265405 07.07.2026 15:15:10 : EVT APPLICATION : Zapp zzmoveen:Disable
#1265406 07.07.2026 15:15:10 : EVT ANALYTICS : Zapp disabled i:6 h:7aac0887 n:Movement
#1265407 07.07.2026 15:15:10 : EVT UI_FRAMEWORK : evalFile: b:/zapp/zzmoveen.fea/ext2.js from ui
#1265408 07.07.2026 15:15:10 : EVT APPLICATION : Zapp zzwethen:Disable
#1265409 07.07.2026 15:15:10 : EVT ANALYTICS : Zapp disabled i:8 h:3f77f8ec n:Weather
#1265410 07.07.2026 15:15:10 : EVT UI_FRAMEWORK : JS discard disable zapps
#1265411 07.07.2026 15:15:10 : EVT UI_FRAMEWORK : JS will discard
#1265412 07.07.2026 15:15:10 : EVT SPEEDFUSION : INFO # stop speed fusion
#1265413 07.07.2026 15:15:10 : EVT <Unknown> : Update pres sampl intrvl:5
#1265414 07.07.2026 15:15:10 : WRN APPLICATION : discard hrr meas l:3 d:0 sh:0 mh:0 v:0
#1265415 07.07.2026 15:15:10 : EVT TRAININGZONE : User Define Mode:5
#1265416 07.07.2026 15:15:10 : EVT TRAININGZONE : Tss HR:0.04
#1265417 07.07.2026 15:15:10 : EVT TRAININGZONE : A:16,Tss:[-200.00,-200.00,-200.00,0.04]
#1265418 07.07.2026 15:15:10 : EVT TRAININGLAB : AppFeature Vo2Max 0.000000
#1265419 07.07.2026 15:15:10 : EVT TRAININGLAB : TLab:~Mode T 16370 + 1 A 4250 + 0
#1265420 07.07.2026 15:15:10 : EVT TRAININGLAB : TLab:Change mode 3->2
#1265421 07.07.2026 15:15:10 : EVT TRAININGLAB : TLab:Mode::userInfo 60, 200, 1, 37, 182, 950, 1990
#1265422 07.07.2026 15:15:10 : EVT LOGGER : LGR 934, 80
#1265423 07.07.2026 15:15:10 : EVT TRAININGLAB : ModeUnsub:91C5
#1265424 07.07.2026 15:15:10 : EVT OHR : S:start 0x2123
#1265425 07.07.2026 15:15:10 : EVT TRAININGLAB : ModeSub:0400
#1265426 07.07.2026 15:15:10 : EVT ANALYTICS : WAOae:Activity WAOae:16
#1265427 07.07.2026 15:15:10 : EVT ANALYTICS : WAOae:TotalAcc WAOae:0,0,0
#1265428 07.07.2026 15:15:10 : EVT ANALYTICS : WAOae:AccCount WAOae:0,0,0
#1265429 07.07.2026 15:15:10 : EVT ANALYTICS : WAOae:Distance WAOae:0,0,0
#1265430 07.07.2026 15:15:10 : EVT ANALYTICS : WAOae:Duration WAOae:0,0,0
#1265431 07.07.2026 15:15:10 : EVT ANALYTICS : WAOae:Coeff WAOae:0,40,240,390,773,7524,7624
#1265432 07.07.2026 15:15:10 : EVT LOGGER : Exercise stopped
#1265433 07.07.2026 15:15:10 : EVT BLE : HR RR off (66034405, 7477 ms missing)
#1265434 07.07.2026 15:15:10 : EVT BLE : HR RR done
#1265435 07.07.2026 15:15:10 : EVT LOGGER : HrIbiLogger stop, off (0 ms)
#1265436 07.07.2026 15:15:10 : EVT LOGGER : HrIbiLogger stopped (0 ms)
#1265437 07.07.2026 15:15:10 : TRC GPS : Unsubd c:802b0000
#1265438 07.07.2026 15:15:10 : EVT LOGGER : LGR 934, 80
#1265439 07.07.2026 15:15:10 : EVT ANALYTICS : SleepQ:Tracking:On
#1265440 07.07.2026 15:15:10 : EVT LOGGER : Wr dpc on
#1265441 07.07.2026 15:15:10 : EVT LOGGER : LGR 20993, 56
#1265442 07.07.2026 15:15:10 : EVT <Unknown> : 1783430110002:On Skin Set.
#1265443 07.07.2026 15:15:10 : EVT <Unknown> : 1783430110400:Meas start 0x2123
#1265444 07.07.2026 15:15:11 : EVT WBSTORAGE : CACHE_DEFRAG (680->1016, 24->24, 25)
#1265445 07.07.2026 15:15:11 : TRC NAVIGATION : CG: no climb WP
#1265446 07.07.2026 15:15:11 : TRC NAVIGATION : CG:init ZoomType=0
#1265447 07.07.2026 15:15:11 : EVT NAVIGATION : initSeg Idx=0 D=1 T=0 3-0-4
#1265448 07.07.2026 15:15:11 : EVT WBSTORAGE : CACHE_DEFRAG (1000->1024, 24->24, 25)
#1265449 07.07.2026 15:15:11 : EVT SPEEDFUSION : INFO # IDLE mode(-1) set
#1265450 07.07.2026 15:15:11 : EVT ALTIFUSION : AltiBaroMode:2
#1265451 07.07.2026 15:15:11 : EVT BLE : Disconn sensor:1
#1265452 07.07.2026 15:15:11 : EVT BLE : BLE Sensor Link 4800180D Disc (L-E-:00:0)
#1265453 07.07.2026 15:15:11 : WRN BLE : sendDisconnect 6157
#1265454 07.07.2026 15:15:11 : ERR BLE : [AURA]No filters left, stopping scan
#1265455 07.07.2026 15:15:11 : ERR BLE : [AURA]Filter with handle 72 not found
#1265456 07.07.2026 15:15:11 : EVT WBSTORAGE : CACHE_DEFRAG (1000->1008, 24->24, 25)
#1265457 07.07.2026 15:15:11 : EVT WBSTORAGE : CACHE_DEFRAG (936->944, 24->24, 25)
#1265458 07.07.2026 15:15:11 : EVT BLE : lt,scan 1
#1265459 07.07.2026 15:15:11 : WRN BLE : sendDisconnect 6157
#1265460 07.07.2026 15:15:11 : ERR BLE : [AURA]Filter with handle 72 not found
#1265461 07.07.2026 15:15:11 : EVT BLE : packet 0 sensor found count 1
#1265462 07.07.2026 15:15:11 : EVT BLE : packet 0 sensor found count 2
#1265463 07.07.2026 15:15:12 : EVT ANALYTICS : #powersave mode:p temp:28.3
#1265464 07.07.2026 15:15:12 : EVT ANALYTICS : Battery-> 4 soc:100
#1265465 07.07.2026 15:15:14 : EVT UI_FRAMEWORK : JS discard
#1265466 07.07.2026 15:15:14 : WRN LOGGER : Delete b:logs/6A4CFBD6
#1265467 07.07.2026 15:15:14 : EVT OHR : No HR update, invalidate by timer
#1265468 07.07.2026 15:15:16 : EVT WBSTORAGE : CACHE_DEFRAG (872->880, 24->24, 25)
#1265469 07.07.2026 15:15:16 : EVT APPLICATION : Zapp zwc05901:Load script
#1265470 07.07.2026 15:15:16 : EVT APPLICATION : Zapp zwc05901:Enable
#1265471 07.07.2026 15:15:16 : EVT ANALYTICS : Zapp enabled i:3 h:ddb248f2 n:zwc05901 v:124f
#1265472 07.07.2026 15:15:16 : WRN WBAPI : eID-691468(277): /Weather/Current/ValidWeatherData.temp 
#1265473 07.07.2026 15:15:18 : EVT <Unknown> : 1783430118234:Off Skin Set.
#1265474 07.07.2026 15:15:18 : EVT WBSTORAGE : CACHE_DEFRAG (752->760, 24->24, 25)
#1265475 07.07.2026 15:15:19 : EVT WBSTORAGE : CACHE_DEFRAG (712->744, 24->24, 25)
#1265476 07.07.2026 15:15:19 : TRC NAVIGATION : CG: no climb WP
#1265477 07.07.2026 15:15:19 : TRC NAVIGATION : CG:init ZoomType=0
#1265478 07.07.2026 15:15:19 : EVT NAVIGATION : initSeg Idx=0 D=1 T=0 3-0-4
#1265479 07.07.2026 15:15:19 : EVT WBSTORAGE : CACHE_DEFRAG (720->944, 24->24, 25)
#1265480 07.07.2026 15:15:19 : EVT ALTIFUSION : AltiBaroMode:0
#1265481 07.07.2026 15:15:19 : EVT ALTIFUSION : Init AltiBaro
#1265482 07.07.2026 15:15:19 : EVT APPLICATION : Zapp zwc05901:Disable
#1265483 07.07.2026 15:15:19 : EVT ANALYTICS : Zapp disabled i:3 h:ddb248f2 n:Vector classic
#1265484 07.07.2026 15:15:19 : EVT ANALYTICS : SleepQ:Tracking:On
#1265485 07.07.2026 15:15:19 : EVT ALTIFUSION : AltiBaroMode:0
#1265486 07.07.2026 15:15:19 : EVT ALTIFUSION : Init AltiBaro
#1265487 07.07.2026 15:15:19 : EVT WBSTORAGE : CACHE_DEFRAG (920->928, 24->24, 25)
#1265488 07.07.2026 15:15:19 : EVT UI_FRAMEWORK : JS nsto enable zapp: zzwethen
#1265489 07.07.2026 15:15:19 : EVT UI_FRAMEWORK : JS nsto enable zapp: zzmoveen
#1265490 07.07.2026 15:15:19 : EVT UI_FRAMEWORK : JS nsto enable zapp: climbl01
#1265491 07.07.2026 15:15:19 : EVT APPLICATION : Zapp zzwethen:Load script
#1265492 07.07.2026 15:15:19 : EVT APPLICATION : Zapp zzwethen:Enable
#1265493 07.07.2026 15:15:19 : EVT ANALYTICS : Zapp enabled i:8 h:3f77f8ec n:zzwethen v:ade
#1265494 07.07.2026 15:15:19 : EVT APPLICATION : Zapp clid:32878
#1265495 07.07.2026 15:15:19 : EVT APPLICATION : Zapp zzmoveen:Load script
#1265496 07.07.2026 15:15:19 : EVT APPLICATION : Zapp zzmoveen:Enable
#1265497 07.07.2026 15:15:19 : EVT ANALYTICS : Zapp enabled i:6 h:7aac0887 n:zzmoveen v:8e0
#1265498 07.07.2026 15:15:19 : EVT UI_FRAMEWORK : evalFile: b:/zapp/zzmoveen.fea/ext1.js from ui
#1265499 07.07.2026 15:15:19 : EVT APPLICATION : Zapp clid:32879
#1265500 07.07.2026 15:15:19 : EVT APPLICATION : Zapp climbl01:Load script
#1265501 07.07.2026 15:15:20 : EVT APPLICATION : Zapp climbl01:Enable
#1265502 07.07.2026 15:15:20 : EVT ANALYTICS : Zapp enabled i:5 h:a5e7afa5 n:climbl01 v:3.0
#1265503 07.07.2026 15:15:20 : EVT UI_FRAMEWORK : evalFile: b:/zapp/climbl01.fea/ext12.js from ui
#1265504 07.07.2026 15:15:20 : EVT APPLICATION : Zapp clid:32880
#1265505 07.07.2026 15:15:20 : EVT UI_FRAMEWORK : JS nsto all zapps enabled.
#1265506 07.07.2026 15:15:20 : EVT UI_FRAMEWORK : JS Prestart Activity Id: 16.000
#1265507 07.07.2026 15:15:20 : WRN WBAPI : eID-691468(277): /Dive/Alarms/Acknowledge 404
#1265508 07.07.2026 15:15:20 : WRN WBAPI : eID-691468(277): /Dive/DiveGases 404
#1265509 07.07.2026 15:15:20 : WRN WBAPI : eID-691468(277): /Dive/Gauge/Next 404
#1265510 07.07.2026 15:15:20 : EVT WBSTORAGE : CACHE_DEFRAG (880->888, 24->24, 25)
#1265511 07.07.2026 15:15:20 : EVT WBSTORAGE : CACHE_DEFRAG (816->824, 24->24, 25)
#1265512 07.07.2026 15:15:20 : EVT WBSTORAGE : CACHE_DEFRAG (752->760, 24->24, 25)
#1265513 07.07.2026 15:15:20 : EVT BLE : BLE Sensor Link 4800180D Conn (--E-:00:1)
#1265514 07.07.2026 15:15:20 : WRN BLE : sendConnect 6157
#1265515 07.07.2026 15:15:20 : WRN WBAPI : eID-691468(277): /Dive/TankPressure/Alarm/Count 404
#1265516 07.07.2026 15:15:20 : EVT SPEEDFUSION : INFO # start speed fusion
#1265517 07.07.2026 15:15:20 : EVT SPEEDFUSION : Act:16,Acc:0,BPod:0,FPod:0,PPod:0,BeltPod:1
#1265518 07.07.2026 15:15:20 : EVT SPEEDFUSION : INFO # Start algo without wrist acc
#1265519 07.07.2026 15:15:20 : EVT <Unknown> : Update pres sampl intrvl:1
#1265520 07.07.2026 15:15:20 : EVT OHR : S:start 0x21a3
#1265521 07.07.2026 15:15:20 : EVT <Unknown> : 1783430120737:Meas start 0x21a3
#1265522 07.07.2026 15:15:20 : EVT TRAININGLAB : TLab:~Mode T 16371 + 2 A 4250 + 0
#1265523 07.07.2026 15:15:20 : EVT TRAININGLAB : TLab:Change mode 2->3
#1265524 07.07.2026 15:15:20 : EVT TRAININGLAB : TLab:Mode::userInfo 60, 200, 1, 37, 182, 950, 1990
#1265525 07.07.2026 15:15:20 : ERR BLE : [AURA]No filters left, stopping scan
#1265526 07.07.2026 15:15:20 : EVT LOGGER : Log space:30499506 bytes free
#1265527 07.07.2026 15:15:21 : EVT TRAININGLAB : ModeUnsub:2800
#1265528 07.07.2026 15:15:21 : EVT TRAININGLAB : ModeSub:9004
#1265529 07.07.2026 15:15:21 : EVT TRAININGLAB : TLab:Select input 0
#1265530 07.07.2026 15:15:21 : EVT TRAININGLAB : TLab:Active input 0
#1265531 07.07.2026 15:15:21 : EVT LOGGER : Exercise started
#1265532 07.07.2026 15:15:21 : EVT BLE : HR RR on (66045281)
#1265533 07.07.2026 15:15:21 : TRC GPS : Full GNSS data subd l:0 c:802b0000
#1265534 07.07.2026 15:15:21 : ERR WBMAIN : *0: app 534 Event 37 8099031a
#1265535 07.07.2026 15:15:21 : ERR WBMAIN : 1: mea 0 Wait 0 00000000
#1265536 07.07.2026 15:15:21 : ERR WBMAIN : 2: ui 4 Wait 0 00000000
#1265537 07.07.2026 15:15:21 : WRN WBMAIN : pool id:0 full! (S 120/120)
#1265538 07.07.2026 15:15:21 : WRN WBMAIN : pool id:0 full! (S 120/120)
#1265539 07.07.2026 15:15:21 : ERR WBMAIN : (0) Removed 106 non critical - size now=47
#1265540 07.07.2026 15:15:21 : ERR WBMAIN : (2) Removed 0 non critical - size now=0
#1265541 07.07.2026 15:15:21 : ERR WBMAIN : *0: app 677 Event 7 8099170c
#1265542 07.07.2026 15:15:21 : ERR WBMAIN : 1: mea 694 Wait 0 00000000
#1265543 07.07.2026 15:15:21 : ERR WBMAIN : 2: ui 1 Proc 0 00000000
#1265544 07.07.2026 15:15:23 : EVT ANALYTICS : Battery-> 3 soc:100
#1265545 07.07.2026 15:15:23 : EVT ANALYTICS : #FusHr src:0 time:0
#1265546 07.07.2026 15:15:23 : EVT ANALYTICS : #Act id:16
#1265547 07.07.2026 15:15:23 : EVT ANALYTICS : #powersave mode:p temp:28.5
#1265548 07.07.2026 15:15:23 : EVT ANALYTICS : GPSMODE:NOTUSED
#1265549 07.07.2026 15:15:23 : EVT ANALYTICS : #gnss d:2026-07-07T00:00:00Z
#1265550 07.07.2026 15:15:23 : EVT ANALYTICS : #zapp n:Weather e:1
#1265551 07.07.2026 15:15:23 : EVT ANALYTICS : #zapp n:Movement e:1
#1265552 07.07.2026 15:15:23 : EVT ANALYTICS : #zapp n:Climb Log e:1
#1265553 07.07.2026 15:15:25 : EVT OHR : No HR update, invalidate by timer
#1265554 07.07.2026 15:15:28 : EVT LOGGER : Exercise paused
#1265555 07.07.2026 15:15:28 : WRN WBAPI : eID-691468(277): /Dive/Alarms/Acknowledge 404
#1265556 07.07.2026 15:15:28 : WRN WBAPI : eID-691468(277): /Dive/DiveGases 404
#1265557 07.07.2026 15:15:28 : WRN WBAPI : eID-691468(277): /Dive/Gauge/Next 404
#1265558 07.07.2026 15:15:28 : EVT ANALYTICS : #ws AID:16 BM:1 NS:0 SP:3 ZN:0 TG:0 BL:0 GPS:0
#1265559 07.07.2026 15:15:28 : EVT ANALYTICS : #2ws AID:16 WHR:1 INT:0 AL:0 AP:0 FE:1 MC:1 TH:0
#1265560 07.07.2026 15:15:30 : TRC FUEL_GAUGE : Batt: 4435 mV (raw: 4434) soc: 100 %, T: 28.7 C,H:103
#1265561 07.07.2026 15:15:30 : EVT BLE : lt,scan 1
#1265562 07.07.2026 15:15:30 : WRN BLE : sendDisconnect 6157
#1265563 07.07.2026 15:15:30 : ERR BLE : [AURA]No filters left, stopping scan
#1265564 07.07.2026 15:15:30 : ERR BLE : [AURA]Filter with handle 72 not found
#1265565 07.07.2026 15:15:30 : EVT BLE : packet 0 sensor found count 1
#1265566 07.07.2026 15:15:30 : EVT BLE : packet 0 sensor found count 2
#1265567 07.07.2026 15:15:30 : EVT APPLICATION : Zapp climbl01:Disable
#1265568 07.07.2026 15:15:30 : EVT UI_FRAMEWORK : evalFile: b:/zapp/climbl01.fea/ext11.js from ui
#1265569 07.07.2026 15:15:30 : EVT ANALYTICS : Zapp disabled i:5 h:a5e7afa5 n:Climb Log
#1265570 07.07.2026 15:15:30 : EVT APPLICATION : Zapp zzmoveen:Disable
#1265571 07.07.2026 15:15:30 : EVT ANALYTICS : Zapp disabled i:6 h:7aac0887 n:Movement
#1265572 07.07.2026 15:15:30 : EVT UI_FRAMEWORK : evalFile: b:/zapp/zzmoveen.fea/ext2.js from ui
#1265573 07.07.2026 15:15:30 : EVT APPLICATION : Zapp zzwethen:Disable
#1265574 07.07.2026 15:15:30 : EVT ANALYTICS : Zapp disabled i:8 h:3f77f8ec n:Weather
#1265575 07.07.2026 15:15:30 : EVT UI_FRAMEWORK : JS discard disable zapps
#1265576 07.07.2026 15:15:30 : EVT UI_FRAMEWORK : JS will discard
#1265577 07.07.2026 15:15:30 : EVT SPEEDFUSION : INFO # stop speed fusion
#1265578 07.07.2026 15:15:30 : EVT <Unknown> : Update pres sampl intrvl:5
#1265579 07.07.2026 15:15:30 : WRN APPLICATION : discard hrr meas l:3 d:0 sh:0 mh:0 v:0
#1265580 07.07.2026 15:15:30 : WRN WBAPI : eID-698eec(583/65535): 404
#1265581 07.07.2026 15:15:30 : EVT TRAININGZONE : User Define Mode:5
#1265582 07.07.2026 15:15:30 : EVT TRAININGZONE : Tss HR:0.00
#1265583 07.07.2026 15:15:30 : EVT TRAININGZONE : A:16,Tss:[-200.00,-200.00,-200.00,0.00]
#1265584 07.07.2026 15:15:30 : EVT TRAININGLAB : AppFeature Vo2Max 0.000000
#1265585 07.07.2026 15:15:30 : EVT TRAININGLAB : TLab:~Mode T 16373 + 2 A 4250 + 0
#1265586 07.07.2026 15:15:30 : EVT TRAININGLAB : TLab:Change mode 3->2
#1265587 07.07.2026 15:15:30 : EVT TRAININGLAB : TLab:Mode::userInfo 60, 200, 1, 37, 182, 950, 1990
#1265588 07.07.2026 15:15:30 : EVT LOGGER : LGR 934, 80
#1265589 07.07.2026 15:15:30 : EVT TRAININGLAB : ModeUnsub:91C5
#1265590 07.07.2026 15:15:30 : EVT OHR : S:start 0x2123
#1265591 07.07.2026 15:15:30 : EVT TRAININGLAB : ModeSub:0400
#1265592 07.07.2026 15:15:30 : EVT ANALYTICS : WAOae:Activity WAOae:16
#1265593 07.07.2026 15:15:30 : EVT ANALYTICS : WAOae:TotalAcc WAOae:0,0,0
#1265594 07.07.2026 15:15:30 : EVT ANALYTICS : WAOae:AccCount WAOae:0,0,0
#1265595 07.07.2026 15:15:30 : EVT ANALYTICS : WAOae:Distance WAOae:0,0,0
#1265596 07.07.2026 15:15:30 : EVT ANALYTICS : WAOae:Duration WAOae:0,0,0
#1265597 07.07.2026 15:15:30 : EVT ANALYTICS : WAOae:Coeff WAOae:0,40,240,390,773,7524,7624
#1265598 07.07.2026 15:15:30 : EVT LOGGER : Exercise stopped
#1265599 07.07.2026 15:15:30 : EVT BLE : HR RR off (66054984, 9703 ms missing)
#1265600 07.07.2026 15:15:30 : EVT BLE : HR RR done
#1265601 07.07.2026 15:15:30 : EVT LOGGER : HrIbiLogger stop, off (0 ms)
#1265602 07.07.2026 15:15:30 : EVT LOGGER : HrIbiLogger stopped (0 ms)
#1265603 07.07.2026 15:15:30 : TRC GPS : Unsubd c:802b0000
#1265604 07.07.2026 15:15:30 : EVT LOGGER : LGR 934, 80
#1265605 07.07.2026 15:15:31 : EVT <Unknown> : 1783430130983:Meas start 0x2123
#1265606 07.07.2026 15:15:31 : EVT ANALYTICS : SleepQ:Tracking:On
#1265607 07.07.2026 15:15:31 : EVT LOGGER : Wr dpc on
#1265608 07.07.2026 15:15:31 : EVT LOGGER : LGR 20993, 56
#1265609 07.07.2026 15:15:31 : EVT WBSTORAGE : CACHE_DEFRAG (680->840, 24->24, 25)
#1265610 07.07.2026 15:15:31 : EVT WBSTORAGE : CACHE_DEFRAG (824->832, 24->24, 25)
#1265611 07.07.2026 15:15:31 : EVT WBSTORAGE : CACHE_DEFRAG (816->824, 24->24, 25)
#1265612 07.07.2026 15:15:31 : TRC NAVIGATION : CG: no climb WP
#1265613 07.07.2026 15:15:31 : TRC NAVIGATION : CG:init ZoomType=0
#1265614 07.07.2026 15:15:31 : EVT NAVIGATION : initSeg Idx=0 D=1 T=0 3-0-4
#1265615 07.07.2026 15:15:31 : EVT WBSTORAGE : CACHE_DEFRAG (808->1024, 24->24, 25)
#1265616 07.07.2026 15:15:31 : EVT SPEEDFUSION : INFO # IDLE mode(-1) set
#1265617 07.07.2026 15:15:31 : EVT ALTIFUSION : AltiBaroMode:2
#1265618 07.07.2026 15:15:32 : EVT BLE : Disconn sensor:1
#1265619 07.07.2026 15:15:32 : EVT BLE : BLE Sensor Link 4800180D Disc (L-E-:00:0)
#1265620 07.07.2026 15:15:32 : WRN BLE : sendDisconnect 6157
#1265621 07.07.2026 15:15:32 : ERR BLE : [AURA]No filters left, stopping scan
#1265622 07.07.2026 15:15:32 : EVT <Unknown> : 1783430131489:On Skin Set.
#1265623 07.07.2026 15:15:33 : EVT ANALYTICS : #powersave mode:p temp:28.6
#1265624 07.07.2026 15:15:33 : EVT ANALYTICS : Battery-> 4 soc:100
#1265625 07.07.2026 15:15:34 : EVT UI_FRAMEWORK : JS discard
#1265626 07.07.2026 15:15:34 : WRN LOGGER : Delete b:logs/6A4CFBE8
#1265627 07.07.2026 15:15:35 : EVT <Unknown> : 1783430134801:Off Skin Set.
#1265628 07.07.2026 15:15:36 : EVT <Unknown> : 1783430135677:On Skin Set.
#1265629 07.07.2026 15:15:36 : EVT WBSTORAGE : CACHE_DEFRAG (1000->1008, 24->24, 25)
#1265630 07.07.2026 15:15:36 : EVT APPLICATION : Zapp zwc05901:Load script
#1265631 07.07.2026 15:15:36 : EVT APPLICATION : Zapp zwc05901:Enable
#1265632 07.07.2026 15:15:37 : EVT ANALYTICS : Zapp enabled i:3 h:ddb248f2 n:zwc05901 v:124f
#1265633 07.07.2026 15:15:37 : WRN WBAPI : eID-691468(277): /Weather/Current/ValidWeatherData.temp 
#1265634 07.07.2026 15:15:38 : EVT OHR : No HR update, invalidate by timer
#1265635 07.07.2026 15:15:39 : EVT <Unknown> : 1783430138589:Off Skin Set.
#1265636 07.07.2026 15:15:39 : EVT WBSTORAGE : CACHE_DEFRAG (880->888, 24->24, 25)
#1265637 07.07.2026 15:15:39 : EVT WBSTORAGE : CACHE_DEFRAG (840->872, 24->24, 25)
#1265638 07.07.2026 15:15:39 : EVT WBSTORAGE : CACHE_DEFRAG (848->856, 24->24, 25)
#1265639 07.07.2026 15:15:39 : EVT WBSTORAGE : CACHE_DEFRAG (840->848, 24->24, 25)
#1265640 07.07.2026 15:15:39 : TRC NAVIGATION : CG: no climb WP
#1265641 07.07.2026 15:15:39 : TRC NAVIGATION : CG:init ZoomType=0
#1265642 07.07.2026 15:15:39 : EVT NAVIGATION : initSeg Idx=0 D=1 T=0 3-0-4
#1265643 07.07.2026 15:15:39 : EVT WBSTORAGE : CACHE_DEFRAG (832->944, 24->24, 25)
#1265644 07.07.2026 15:15:39 : EVT ALTIFUSION : AltiBaroMode:0
#1265645 07.07.2026 15:15:39 : EVT ALTIFUSION : Init AltiBaro
#1265646 07.07.2026 15:15:39 : EVT APPLICATION : Zapp zwc05901:Disable
#1265647 07.07.2026 15:15:39 : EVT ANALYTICS : Zapp disabled i:3 h:ddb248f2 n:Vector classic
#1265648 07.07.2026 15:15:40 : EVT ANALYTICS : SleepQ:Tracking:On
#1265649 07.07.2026 15:15:40 : EVT ALTIFUSION : AltiBaroMode:0
#1265650 07.07.2026 15:15:40 : EVT ALTIFUSION : Init AltiBaro
#1265651 07.07.2026 15:15:40 : EVT WBSTORAGE : CACHE_DEFRAG (920->928, 24->24, 25)
#1265652 07.07.2026 15:15:40 : EVT UI_FRAMEWORK : JS nsto enable zapp: zzwethen
#1265653 07.07.2026 15:15:40 : EVT UI_FRAMEWORK : JS nsto enable zapp: zzmoveen
#1265654 07.07.2026 15:15:40 : EVT UI_FRAMEWORK : JS nsto enable zapp: climbl01
#1265655 07.07.2026 15:15:40 : EVT APPLICATION : Zapp zzwethen:Load script
#1265656 07.07.2026 15:15:40 : EVT APPLICATION : Zapp zzwethen:Enable
#1265657 07.07.2026 15:15:40 : EVT ANALYTICS : Zapp enabled i:8 h:3f77f8ec n:zzwethen v:ade
#1265658 07.07.2026 15:15:40 : EVT APPLICATION : Zapp clid:32878
#1265659 07.07.2026 15:15:40 : EVT APPLICATION : Zapp zzmoveen:Load script
#1265660 07.07.2026 15:15:40 : EVT APPLICATION : Zapp zzmoveen:Enable
#1265661 07.07.2026 15:15:40 : EVT ANALYTICS : Zapp enabled i:6 h:7aac0887 n:zzmoveen v:8e0
#1265662 07.07.2026 15:15:40 : EVT UI_FRAMEWORK : evalFile: b:/zapp/zzmoveen.fea/ext1.js from ui
#1265663 07.07.2026 15:15:40 : EVT APPLICATION : Zapp clid:32879
#1265664 07.07.2026 15:15:40 : EVT APPLICATION : Zapp climbl01:Load script
#1265665 07.07.2026 15:15:40 : EVT APPLICATION : Zapp climbl01:Enable
#1265666 07.07.2026 15:15:40 : EVT ANALYTICS : Zapp enabled i:5 h:a5e7afa5 n:climbl01 v:3.0
#1265667 07.07.2026 15:15:40 : EVT UI_FRAMEWORK : evalFile: b:/zapp/climbl01.fea/ext12.js from ui
#1265668 07.07.2026 15:15:41 : EVT APPLICATION : Zapp clid:32880
#1265669 07.07.2026 15:15:41 : ERR WBMAIN : *0: app 760 Event 37 80995318
#1265670 07.07.2026 15:15:41 : ERR WBMAIN : 1: mea 20 Wait 0 00000000
#1265671 07.07.2026 15:15:41 : ERR WBMAIN : 2: ui 24 Wait 0 00000000
#1265672 07.07.2026 15:15:41 : EVT UI_FRAMEWORK : JS nsto all zapps enabled.
#1265673 07.07.2026 15:15:41 : EVT UI_FRAMEWORK : JS Prestart Activity Id: 16.000
#1265674 07.07.2026 15:15:41 : WRN WBAPI : eID-691468(277): /Dive/Alarms/Acknowledge 404
#1265675 07.07.2026 15:15:41 : WRN WBAPI : eID-691468(277): /Dive/DiveGases 404
#1265676 07.07.2026 15:15:41 : WRN WBAPI : eID-691468(277): /Dive/Gauge/Next 404
#1265677 07.07.2026 15:15:41 : EVT WBSTORAGE : CACHE_DEFRAG (880->888, 24->24, 25)
#1265678 07.07.2026 15:15:41 : EVT WBSTORAGE : CACHE_DEFRAG (816->824, 24->24, 25)
#1265679 07.07.2026 15:15:41 : EVT WBSTORAGE : CACHE_DEFRAG (752->760, 24->24, 25)
#1265680 07.07.2026 15:15:41 : EVT BLE : BLE Sensor Link 4800180D Conn (--E-:00:1)
#1265681 07.07.2026 15:15:41 : WRN BLE : sendConnect 6157
#1265682 07.07.2026 15:15:41 : WRN WBAPI : eID-691468(277): /Dive/TankPressure/Alarm/Count 404
#1265683 07.07.2026 15:15:41 : EVT SPEEDFUSION : INFO # start speed fusion
#1265684 07.07.2026 15:15:41 : EVT SPEEDFUSION : Act:16,Acc:0,BPod:0,FPod:0,PPod:0,BeltPod:1
#1265685 07.07.2026 15:15:41 : EVT SPEEDFUSION : INFO # Start algo without wrist acc
#1265686 07.07.2026 15:15:41 : EVT <Unknown> : Update pres sampl intrvl:1
#1265687 07.07.2026 15:15:41 : EVT OHR : S:start 0x21a3
#1265688 07.07.2026 15:15:41 : EVT TRAININGLAB : TLab:~Mode T 16375 + 2 A 4250 + 0
#1265689 07.07.2026 15:15:41 : EVT TRAININGLAB : TLab:Change mode 2->3
#1265690 07.07.2026 15:15:41 : EVT TRAININGLAB : TLab:Mode::userInfo 60, 200, 1, 37, 182, 950, 1990
#1265691 07.07.2026 15:15:41 : EVT LOGGER : Log space:30499506 bytes free
#1265692 07.07.2026 15:15:41 : EVT TRAININGLAB : ModeUnsub:2800
#1265693 07.07.2026 15:15:41 : EVT TRAININGLAB : ModeSub:9004
#1265694 07.07.2026 15:15:41 : EVT TRAININGLAB : TLab:Select input 0
#1265695 07.07.2026 15:15:41 : EVT TRAININGLAB : TLab:Active input 0
#1265696 07.07.2026 15:15:41 : EVT LOGGER : Exercise started
#1265697 07.07.2026 15:15:41 : EVT BLE : HR RR on (66065974)
#1265698 07.07.2026 15:15:41 : TRC GPS : Full GNSS data subd l:0 c:802b0000
#1265699 07.07.2026 15:15:42 : EVT <Unknown> : 1783430141766:Meas start 0x21a3
#1265700 07.07.2026 15:15:44 : EVT ANALYTICS : Battery-> 3 soc:100
#1265701 07.07.2026 15:15:44 : EVT ANALYTICS : #FusHr src:0 time:0
#1265702 07.07.2026 15:15:44 : EVT ANALYTICS : #Act id:16
#1265703 07.07.2026 15:15:44 : EVT ANALYTICS : #powersave mode:p temp:28.9
#1265704 07.07.2026 15:15:44 : EVT ANALYTICS : GPSMODE:NOTUSED
#1265705 07.07.2026 15:15:44 : EVT ANALYTICS : #gnss d:2026-07-07T00:00:00Z
#1265706 07.07.2026 15:15:44 : EVT ANALYTICS : #zapp n:Weather e:1
#1265707 07.07.2026 15:15:44 : EVT ANALYTICS : #zapp n:Movement e:1
#1265708 07.07.2026 15:15:44 : EVT ANALYTICS : #zapp n:Climb Log e:1
#1265709 07.07.2026 15:15:46 : EVT OHR : No HR update, invalidate by timer
#1265710 07.07.2026 15:15:47 : WRN WBAPI : eID-691468(277): /Dive/Alarms/Acknowledge 404
#1265711 07.07.2026 15:15:47 : WRN WBAPI : eID-691468(277): /Dive/DiveGases 404
#1265712 07.07.2026 15:15:47 : WRN WBAPI : eID-691468(277): /Dive/Gauge/Next 404
#1265713 07.07.2026 15:15:49 : EVT LOGGER : LGR 934, 80
#1265714 07.07.2026 15:15:49 : WRN WBAPI : eID-691468(277): /Dive/Alarms/Acknowledge 404
#1265715 07.07.2026 15:15:49 : WRN WBAPI : eID-691468(277): /Dive/DiveGases 404
#1265716 07.07.2026 15:15:49 : WRN WBAPI : eID-691468(277): /Dive/Gauge/Next 404
#1265717 07.07.2026 15:15:49 : EVT ANALYTICS : #ws AID:16 BM:1 NS:0 SP:3 ZN:0 TG:0 BL:0 GPS:0
#1265718 07.07.2026 15:15:49 : EVT ANALYTICS : #2ws AID:16 WHR:1 INT:0 AL:0 AP:0 FE:1 MC:1 TH:0
#1265719 07.07.2026 15:15:51 : EVT LOGGER : LGR 934, 80
#1265720 07.07.2026 15:15:51 : EVT BLE : lt,scan 1
#1265721 07.07.2026 15:15:51 : WRN BLE : sendDisconnect 6157
#1265722 07.07.2026 15:15:51 : ERR BLE : [AURA]No filters left, stopping scan
#1265723 07.07.2026 15:15:51 : ERR BLE : [AURA]Filter with handle 72 not found
#1265724 07.07.2026 15:15:51 : EVT BLE : packet 0 sensor found count 1
#1265725 07.07.2026 15:15:51 : EVT BLE : packet 0 sensor found count 2
#1265726 07.07.2026 15:15:51 : EVT TRAININGLAB : TLab:Input src 0 TO
#1265727 07.07.2026 15:15:51 : EVT TRAININGLAB : TLab:Active input 3
#1265728 07.07.2026 15:15:52 : EVT UI_FRAMEWORK : evalFile: b:/zapp/climbl01.fea/ext10.js from ui
#1265729 07.07.2026 15:15:53 : EVT LOGGER : Exercise paused
#1265730 07.07.2026 15:15:53 : WRN WBAPI : eID-691468(277): /Dive/Alarms/Acknowledge 404
#1265731 07.07.2026 15:15:53 : WRN WBAPI : eID-691468(277): /Dive/DiveGases 404
#1265732 07.07.2026 15:15:53 : WRN WBAPI : eID-691468(277): /Dive/Gauge/Next 404
#1265733 07.07.2026 15:15:55 : EVT APPLICATION : Zapp climbl01:Disable
#1265734 07.07.2026 15:15:55 : EVT UI_FRAMEWORK : evalFile: b:/zapp/climbl01.fea/ext11.js from ui
#1265735 07.07.2026 15:15:55 : EVT ANALYTICS : Zapp disabled i:5 h:a5e7afa5 n:Climb Log
#1265736 07.07.2026 15:15:55 : EVT APPLICATION : Zapp zzmoveen:Disable
#1265737 07.07.2026 15:15:55 : EVT ANALYTICS : Zapp disabled i:6 h:7aac0887 n:Movement
#1265738 07.07.2026 15:15:55 : EVT UI_FRAMEWORK : evalFile: b:/zapp/zzmoveen.fea/ext2.js from ui
#1265739 07.07.2026 15:15:55 : EVT APPLICATION : Zapp zzwethen:Disable
#1265740 07.07.2026 15:15:55 : EVT ANALYTICS : Zapp disabled i:8 h:3f77f8ec n:Weather
#1265741 07.07.2026 15:15:55 : EVT UI_FRAMEWORK : JS discard disable zapps
#1265742 07.07.2026 15:15:55 : EVT UI_FRAMEWORK : JS will discard
#1265743 07.07.2026 15:15:55 : EVT SPEEDFUSION : INFO # stop speed fusion
#1265744 07.07.2026 15:15:55 : EVT <Unknown> : Update pres sampl intrvl:5
#1265745 07.07.2026 15:15:55 : WRN APPLICATION : discard hrr meas l:3 d:0 sh:0 mh:0 v:0
#1265746 07.07.2026 15:15:55 : WRN WBAPI : eID-698eec(583/65535): 404
#1265747 07.07.2026 15:15:55 : EVT TRAININGZONE : User Define Mode:5
#1265748 07.07.2026 15:15:55 : EVT TRAININGZONE : Tss HR:0.05
#1265749 07.07.2026 15:15:55 : EVT TRAININGZONE : A:16,Tss:[-200.00,-200.00,-200.00,0.05]
#1265750 07.07.2026 15:15:55 : EVT TRAININGLAB : AppFeature Vo2Max 0.000000
#1265751 07.07.2026 15:15:55 : EVT TRAININGLAB : TLab:~Mode T 16377 + 3 A 4250 + 0
#1265752 07.07.2026 15:15:55 : EVT TRAININGLAB : TLab:Change mode 3->2
#1265753 07.07.2026 15:15:55 : EVT TRAININGLAB : TLab:Mode::userInfo 60, 200, 1, 37, 182, 950, 1990
#1265754 07.07.2026 15:15:55 : EVT LOGGER : LGR 934, 80
#1265755 07.07.2026 15:15:55 : EVT TRAININGLAB : ModeUnsub:9145
#1265756 07.07.2026 15:15:56 : WRN WBMAIN : pool id:0 full! (S 120/120)
#1265757 07.07.2026 15:15:56 : ERR WBMAIN : (0) Removed 113 non critical - size now=37
#1265758 07.07.2026 15:15:56 : ERR WBMAIN : 0: app 520 Event 37 8099031a
#1265759 07.07.2026 15:15:56 : ERR WBMAIN : *1: mea 511 Event 24 80493210
#1265760 07.07.2026 15:15:56 : ERR WBMAIN : 2: ui 501 Wait 0 00000000
#1265761 07.07.2026 15:15:56 : EVT TRAININGLAB : ModeSub:0400
#1265762 07.07.2026 15:15:56 : EVT LOGGER : Exercise stopped
#1265763 07.07.2026 15:15:56 : EVT BLE : HR RR off (66080488, 14514 ms missing)
#1265764 07.07.2026 15:15:56 : EVT BLE : HR RR done
#1265765 07.07.2026 15:15:56 : EVT LOGGER : HrIbiLogger stop, off (0 ms)
#1265766 07.07.2026 15:15:56 : EVT LOGGER : HrIbiLogger stopped (0 ms)
#1265767 07.07.2026 15:15:56 : ERR WBMAIN : *0: app 528 Event 37 8099031a
#1265768 07.07.2026 15:15:56 : ERR WBMAIN : 1: mea 6 DPC 0 00574f4f
#1265769 07.07.2026 15:15:56 : ERR WBMAIN : 2: ui 5 Wait 0 00000000
#1265770 07.07.2026 15:15:56 : EVT LOGGER : LGR 934, 80
#1265771 07.07.2026 15:15:56 : EVT OHR : S:start 0x2123
#1265772 07.07.2026 15:15:56 : EVT ANALYTICS : WAOae:Activity WAOae:16
#1265773 07.07.2026 15:15:56 : EVT ANALYTICS : WAOae:TotalAcc WAOae:0,0,0
#1265774 07.07.2026 15:15:56 : EVT ANALYTICS : WAOae:AccCount WAOae:0,0,0
#1265775 07.07.2026 15:15:56 : EVT ANALYTICS : WAOae:Distance WAOae:0,0,0
#1265776 07.07.2026 15:15:56 : EVT ANALYTICS : WAOae:Duration WAOae:0,0,0
#1265777 07.07.2026 15:15:56 : EVT ANALYTICS : WAOae:Coeff WAOae:0,40,240,390,773,7524,7624
#1265778 07.07.2026 15:15:56 : TRC GPS : Unsubd c:802b0000
#1265779 07.07.2026 15:15:56 : EVT <Unknown> : 1783430156523:Meas start 0x2123
#1265780 07.07.2026 15:15:56 : EVT ANALYTICS : SleepQ:Tracking:On
#1265781 07.07.2026 15:15:56 : EVT LOGGER : LGR 934, 80
#1265782 07.07.2026 15:15:56 : EVT LOGGER : Wr dpc on
#1265783 07.07.2026 15:15:56 : EVT LOGGER : LGR 20993, 56
#1265784 07.07.2026 15:15:57 : EVT WBSTORAGE : CACHE_DEFRAG (680->1016, 24->24, 25)
#1265785 07.07.2026 15:15:57 : TRC NAVIGATION : CG: no climb WP
#1265786 07.07.2026 15:15:57 : TRC NAVIGATION : CG:init ZoomType=0
#1265787 07.07.2026 15:15:57 : EVT NAVIGATION : initSeg Idx=0 D=1 T=0 3-0-4
#1265788 07.07.2026 15:15:57 : EVT WBSTORAGE : CACHE_DEFRAG (1000->1024, 24->24, 25)
#1265789 07.07.2026 15:15:57 : EVT SPEEDFUSION : INFO # IDLE mode(-1) set
#1265790 07.07.2026 15:15:57 : EVT ALTIFUSION : AltiBaroMode:2
#1265791 07.07.2026 15:15:57 : ERR WBMAIN : *0: app 793 Event 28 802c400e
#1265792 07.07.2026 15:15:57 : ERR WBMAIN : 1: mea 0 Wait 0 00000000
#1265793 07.07.2026 15:15:57 : ERR WBMAIN : 2: ui 1 Wait 0 00000000
#1265794 07.07.2026 15:15:57 : EVT BLE : Disconn sensor:1
#1265795 07.07.2026 15:15:57 : EVT BLE : BLE Sensor Link 4800180D Disc (L-E-:00:0)
#1265796 07.07.2026 15:15:57 : WRN BLE : sendDisconnect 6157
#1265797 07.07.2026 15:15:57 : ERR BLE : [AURA]No filters left, stopping scan
#1265798 07.07.2026 15:15:58 : EVT ANALYTICS : #powersave mode:p temp:29.0
#1265799 07.07.2026 15:15:58 : EVT ANALYTICS : Battery-> 4 soc:100
#1265800 07.07.2026 15:15:58 : EVT OHR : No HR update, invalidate by timer
#1265801 07.07.2026 15:15:58 : EVT PMIC : VBUS state is ON
#1265802 07.07.2026 15:15:58 : EVT PMIC : chgCntl1:0x70
#1265803 07.07.2026 15:15:58 : EVT PMIC : check chgCntl1:0x74
#1265804 07.07.2026 15:15:58 : EVT PMIC : Turn charge ON since VBUS->ON
#1265805 07.07.2026 15:15:58 : EVT PMIC : PMIC temp zone:0x2
#1265806 07.07.2026 15:15:58 : EVT PMIC : PMIC Fast-charge constant cur
#1265807 07.07.2026 15:15:58 : EVT OHR : VBUS on
#1265808 07.07.2026 15:15:58 : EVT OHR : S:stop 23
#1265809 07.07.2026 15:15:58 : EVT <Unknown> : 1783430158676:Meas stop 0x2123
#1265810 07.07.2026 15:15:58 : TRC APPLICATION : Notification n-char not allowed (247 < 255)
#1265811 07.07.2026 15:15:58 : WRN <Unknown> : 1783430158677:FSM EVT STOP.
#1265812 07.07.2026 15:15:58 : EVT OHR : S:OFF 1->0
#1265813 07.07.2026 15:15:58 : EVT PMIC : PMIC Maintain charge
#1265814 07.07.2026 15:16:00 : EVT SEDENTARY : stop monitoring
#1265815 07.07.2026 15:16:00 : EVT PMIC : PMIC temp zone:0x7
#1265816 07.07.2026 15:16:00 : EVT PMIC : VBUS state is OFF
#1265817 07.07.2026 15:16:00 : EVT PMIC : Turn charge OFF since VBUS->OFF
#1265818 07.07.2026 15:16:00 : EVT OHR : VBUS off
#1265819 07.07.2026 15:16:00 : EVT OHR : S:ON 0->1
#1265820 07.07.2026 15:16:00 : EVT UI_FRAMEWORK : JS discard
#1265821 07.07.2026 15:16:00 : WRN LOGGER : Delete b:logs/6A4CFBFD
#1265822 07.07.2026 15:16:00 : EVT OHR : APPINIT:caps 0x1f4, 6b738616
#1265823 07.07.2026 15:16:00 : EVT <Unknown> : 1783430160684:AI@1783430160660, tz120
#1265824 07.07.2026 15:16:00 : EVT OHR : S:start 0x2123
#1265825 07.07.2026 15:16:00 : EVT <Unknown> : 1783430160691:Meas start 0x2123
#1265826 07.07.2026 15:16:00 : EVT <Unknown> : 1783430160706:PD1464, 0
#1265827 07.07.2026 15:16:00 : EVT <Unknown> : 1783430160768:GMV 20251126/1/4/0/395/46
#1265828 07.07.2026 15:16:01 : EVT <Unknown> : 1783430161027:Mi1.6.10, auth 0, hr_mode 0
#1265829 07.07.2026 15:16:01 : EVT PMIC : VBUS state is ON
#1265830 07.07.2026 15:16:01 : EVT PMIC : chgCntl1:0x70
#1265831 07.07.2026 15:16:01 : EVT PMIC : check chgCntl1:0x74
#1265832 07.07.2026 15:16:01 : EVT PMIC : Turn charge ON since VBUS->ON
#1265833 07.07.2026 15:16:01 : EVT PMIC : PMIC temp zone:0x2
#1265834 07.07.2026 15:16:01 : EVT PMIC : PMIC Fast-charge constant cur
#1265835 07.07.2026 15:16:01 : EVT OHR : VBUS on
#1265836 07.07.2026 15:16:01 : EVT OHR : S:stop 23
#1265837 07.07.2026 15:16:01 : TRC APPLICATION : Notification n-char not allowed (247 < 255)
#1265838 07.07.2026 15:16:01 : EVT <Unknown> : 1783430161708:Meas stop 0x2123
#1265839 07.07.2026 15:16:01 : WRN <Unknown> : 1783430161709:FSM EVT STOP.
#1265840 07.07.2026 15:16:01 : EVT OHR : S:OFF 1->0
#1265841 07.07.2026 15:16:01 : EVT PMIC : PMIC Maintain charge
#1265842 07.07.2026 15:16:02 : EVT PMIC : PMIC Fast-charge constant cur
#1265843 07.07.2026 15:16:02 : EVT PMIC : PMIC Fast-charge constant cur
#1265844 07.07.2026 15:16:02 : EVT PMIC : PMIC Fast-charge constant cur
#1265845 07.07.2026 15:16:02 : EVT PMIC : PMIC Fast-charge constant cur
#1265846 07.07.2026 15:16:02 : EVT PMIC : PMIC Fast-charge constant cur
#1265847 07.07.2026 15:16:02 : EVT PMIC : PMIC Fast-charge constant cur
#1265848 07.07.2026 15:16:02 : EVT PMIC : PMIC Fast-charge constant cur
#1265849 07.07.2026 15:16:02 : EVT PMIC : PMIC Fast-charge constant cur
#1265850 07.07.2026 15:16:02 : EVT PMIC : PMIC Fast-charge constant cur
#1265851 07.07.2026 15:16:02 : EVT PMIC : PMIC Fast-charge constant cur
#1265852 07.07.2026 15:16:02 : EVT PMIC : PMIC Fast-charge constant cur
#1265853 07.07.2026 15:16:02 : EVT PMIC : PMIC Fast-charge constant cur
#1265854 07.07.2026 15:16:02 : EVT PMIC : PMIC Fast-charge constant cur
#1265855 07.07.2026 15:16:02 : EVT PMIC : PMIC Fast-charge constant cur
#1265856 07.07.2026 15:16:02 : EVT PMIC : PMIC Fast-charge constant cur
#1265857 07.07.2026 15:16:02 : EVT PMIC : PMIC Fast-charge constant cur
#1265858 07.07.2026 15:16:02 : EVT PMIC : PMIC Fast-charge constant cur
#1265859 07.07.2026 15:16:02 : EVT PMIC : PMIC Fast-charge constant cur
#1265860 07.07.2026 15:16:02 : EVT PMIC : PMIC Fast-charge constant cur
#1265861 07.07.2026 15:16:02 : EVT PMIC : PMIC Fast-charge constant cur
#1265862 07.07.2026 15:16:02 : EVT PMIC : PMIC Fast-charge constant cur
#1265863 07.07.2026 15:16:02 : EVT PMIC : PMIC Fast-charge constant cur
#1265864 07.07.2026 15:16:02 : EVT PMIC : PMIC Fast-charge constant cur
#1265865 07.07.2026 15:16:02 : EVT PMIC : PMIC Fast-charge constant cur
#1265866 07.07.2026 15:16:02 : EVT PMIC : PMIC Fast-charge constant cur
#1265867 07.07.2026 15:16:02 : EVT PMIC : PMIC Fast-charge constant cur
#1265868 07.07.2026 15:16:02 : EVT PMIC : PMIC Precharge
#1265869 07.07.2026 15:16:02 : EVT PMIC : PMIC Fast-charge constant cur
#1265870 07.07.2026 15:16:02 : EVT PMIC : PMIC Fast-charge constant cur
#1265871 07.07.2026 15:16:02 : EVT PMIC : PMIC Precharge
#1265872 07.07.2026 15:16:02 : EVT PMIC : PMIC Fast-charge constant cur
#1265873 07.07.2026 15:16:02 : EVT PMIC : PMIC Fast-charge constant cur
#1265874 07.07.2026 15:16:02 : EVT PMIC : PMIC Fast-charge constant cur
#1265875 07.07.2026 15:16:02 : EVT PMIC : PMIC Fast-charge constant cur
#1265876 07.07.2026 15:16:02 : EVT PMIC : PMIC Fast-charge constant cur
#1265877 07.07.2026 15:16:02 : EVT PMIC : PMIC Fast-charge constant cur
#1265878 07.07.2026 15:16:02 : EVT PMIC : PMIC Fast-charge constant cur
#1265879 07.07.2026 15:16:02 : EVT PMIC : PMIC Fast-charge constant cur
#1265880 07.07.2026 15:16:02 : EVT PMIC : PMIC Fast-charge constant cur
#1265881 07.07.2026 15:16:02 : EVT PMIC : PMIC Fast-charge constant cur
#1265882 07.07.2026 15:16:02 : EVT PMIC : PMIC Fast-charge constant cur
#1265883 07.07.2026 15:16:02 : EVT PMIC : PMIC Fast-charge constant cur
#1265884 07.07.2026 15:16:02 : EVT PMIC : PMIC Fast-charge constant cur
#1265885 07.07.2026 15:16:02 : EVT PMIC : PMIC Fast-charge constant cur
#1265886 07.07.2026 15:16:02 : EVT PMIC : PMIC Fast-charge constant cur
#1265887 07.07.2026 15:16:02 : EVT PMIC : PMIC Fast-charge constant cur
#1265888 07.07.2026 15:16:02 : EVT PMIC : PMIC Fast-charge constant cur
#1265889 07.07.2026 15:16:02 : EVT PMIC : PMIC Fast-charge constant cur
#1265890 07.07.2026 15:16:02 : EVT PMIC : PMIC Fast-charge constant cur
#1265891 07.07.2026 15:16:02 : EVT PMIC : PMIC Fast-charge constant cur
#1265892 07.07.2026 15:16:02 : EVT WBSTORAGE : CACHE_DEFRAG (1000->1008, 24->24, 25)
#1265893 07.07.2026 15:16:02 : EVT PMIC : PMIC Fast-charge constant cur
#1265894 07.07.2026 15:16:02 : EVT PMIC : PMIC Fast-charge constant cur
#1265895 07.07.2026 15:16:02 : EVT APPLICATION : Zapp zwc05901:Load script
#1265896 07.07.2026 15:16:02 : EVT PMIC : PMIC Fast-charge constant cur
#1265897 07.07.2026 15:16:02 : EVT PMIC : PMIC Fast-charge constant cur
#1265898 07.07.2026 15:16:02 : EVT PMIC : PMIC Fast-charge constant cur
#1265899 07.07.2026 15:16:02 : EVT PMIC : PMIC Fast-charge constant cur
#1265900 07.07.2026 15:16:02 : EVT APPLICATION : Zapp zwc05901:Enable
#1265901 07.07.2026 15:16:02 : EVT PMIC : PMIC Fast-charge constant cur
#1265902 07.07.2026 15:16:02 : EVT PMIC : PMIC Fast-charge constant cur
#1265903 07.07.2026 15:16:02 : EVT ANALYTICS : Zapp enabled i:3 h:ddb248f2 n:zwc05901 v:124f
#1265904 07.07.2026 15:16:02 : EVT PMIC : PMIC Fast-charge constant cur
#1265905 07.07.2026 15:16:02 : WRN WBAPI : eID-691468(277): /Weather/Current/ValidWeatherData.temp 
#1265906 07.07.2026 15:16:02 : EVT PMIC : PMIC Fast-charge constant cur
#1265907 07.07.2026 15:16:02 : EVT PMIC : PMIC Fast-charge constant cur
#1265908 07.07.2026 15:16:03 : EVT PMIC : PMIC Fast-charge constant cur
#1265909 07.07.2026 15:16:03 : EVT PMIC : PMIC Fast-charge constant cur
#1265910 07.07.2026 15:16:03 : EVT PMIC : PMIC Fast-charge constant cur
#1265911 07.07.2026 15:16:03 : EVT PMIC : PMIC Precharge
#1265912 07.07.2026 15:16:03 : EVT PMIC : PMIC Fast-charge constant cur
#1265913 07.07.2026 15:16:03 : EVT PMIC : PMIC Fast-charge constant cur
#1265914 07.07.2026 15:16:03 : EVT PMIC : PMIC Fast-charge constant cur
#1265915 07.07.2026 15:16:03 : EVT PMIC : PMIC Fast-charge constant cur
#1265916 07.07.2026 15:16:03 : EVT PMIC : PMIC Fast-charge constant cur
#1265917 07.07.2026 15:16:03 : EVT PMIC : PMIC Fast-charge constant cur
#1265918 07.07.2026 15:16:03 : EVT PMIC : PMIC Fast-charge constant cur
#1265919 07.07.2026 15:16:03 : EVT PMIC : PMIC Fast-charge constant cur
#1265920 07.07.2026 15:16:03 : EVT PMIC : PMIC Fast-charge constant cur
#1265921 07.07.2026 15:16:03 : EVT PMIC : PMIC Fast-charge constant cur
#1265922 07.07.2026 15:16:03 : EVT PMIC : PMIC Fast-charge constant cur
#1265923 07.07.2026 15:16:03 : EVT PMIC : PMIC Fast-charge constant cur
#1265924 07.07.2026 15:16:03 : EVT PMIC : PMIC Fast-charge constant cur
#1265925 07.07.2026 15:16:03 : EVT PMIC : PMIC Precharge
#1265926 07.07.2026 15:16:03 : EVT PMIC : PMIC Fast-charge constant cur
#1265927 07.07.2026 15:16:03 : EVT PMIC : PMIC Fast-charge constant cur
#1265928 07.07.2026 15:16:03 : EVT PMIC : PMIC Fast-charge constant cur
#1265929 07.07.2026 15:16:03 : EVT PMIC : PMIC Fast-charge constant cur
#1265930 07.07.2026 15:16:03 : EVT PMIC : PMIC Fast-charge constant cur
#1265931 07.07.2026 15:16:03 : EVT PMIC : PMIC Fast-charge constant cur
#1265932 07.07.2026 15:16:04 : EVT PMIC : PMIC Fast-charge constant cur
#1265933 07.07.2026 15:16:04 : EVT PMIC : PMIC Fast-charge constant cur
#1265934 07.07.2026 15:16:04 : EVT PMIC : PMIC Fast-charge constant cur
#1265935 07.07.2026 15:16:04 : EVT PMIC : PMIC Fast-charge constant cur
#1265936 07.07.2026 15:16:04 : EVT PMIC : PMIC Fast-charge constant cur
#1265937 07.07.2026 15:16:04 : EVT PMIC : PMIC Fast-charge constant cur
#1265938 07.07.2026 15:16:04 : EVT PMIC : PMIC Fast-charge constant cur
#1265939 07.07.2026 15:16:04 : EVT PMIC : PMIC Fast-charge constant cur
#1265940 07.07.2026 15:16:04 : EVT PMIC : PMIC Fast-charge constant cur
#1265941 07.07.2026 15:16:04 : EVT PMIC : PMIC Fast-charge constant cur
#1265942 07.07.2026 15:16:04 : EVT PMIC : PMIC Fast-charge constant cur
#1265943 07.07.2026 15:16:04 : EVT PMIC : PMIC Fast-charge constant cur
#1265944 07.07.2026 15:16:04 : EVT PMIC : PMIC Fast-charge constant cur
#1265945 07.07.2026 15:16:04 : EVT PMIC : PMIC Fast-charge constant cur
#1265946 07.07.2026 15:16:05 : EVT PMIC : PMIC Fast-charge constant cur
#1265947 07.07.2026 15:16:05 : EVT PMIC : PMIC Fast-charge constant cur
#1265948 07.07.2026 15:16:05 : EVT PMIC : PMIC Fast-charge constant cur
#1265949 07.07.2026 15:16:05 : EVT PMIC : PMIC Fast-charge constant cur
#1265950 07.07.2026 15:16:05 : EVT PMIC : PMIC Fast-charge constant cur
#1265951 07.07.2026 15:16:05 : EVT PMIC : PMIC Fast-charge constant cur
#1265952 07.07.2026 15:16:05 : EVT PMIC : PMIC Fast-charge constant cur
#1265953 07.07.2026 15:16:05 : EVT PMIC : PMIC Fast-charge constant cur
#1265954 07.07.2026 15:16:05 : EVT PMIC : PMIC Fast-charge constant cur
#1265955 07.07.2026 15:16:05 : EVT PMIC : PMIC Fast-charge constant cur
#1265956 07.07.2026 15:16:05 : EVT PMIC : PMIC Fast-charge constant cur
#1265957 07.07.2026 15:16:05 : EVT PMIC : PMIC Fast-charge constant cur
#1265958 07.07.2026 15:16:05 : EVT PMIC : PMIC Fast-charge constant cur
#1265959 07.07.2026 15:16:05 : EVT PMIC : PMIC Fast-charge constant cur
#1265960 07.07.2026 15:16:05 : EVT PMIC : PMIC Fast-charge constant cur
#1265961 07.07.2026 15:16:05 : EVT PMIC : PMIC Fast-charge constant cur
#1265962 07.07.2026 15:16:05 : EVT PMIC : PMIC Precharge
#1265963 07.07.2026 15:16:05 : EVT PMIC : PMIC Fast-charge constant cur
#1265964 07.07.2026 15:16:05 : EVT PMIC : PMIC Fast-charge constant cur
#1265965 07.07.2026 15:16:05 : EVT PMIC : PMIC Fast-charge constant cur
#1265966 07.07.2026 15:16:05 : EVT PMIC : PMIC Fast-charge constant cur
#1265967 07.07.2026 15:16:05 : EVT PMIC : PMIC Fast-charge constant cur
#1265968 07.07.2026 15:16:05 : EVT PMIC : PMIC Fast-charge constant cur
#1265969 07.07.2026 15:16:05 : EVT PMIC : PMIC Fast-charge constant cur
#1265970 07.07.2026 15:16:05 : EVT PMIC : PMIC Fast-charge constant cur
#1265971 07.07.2026 15:16:05 : EVT PMIC : PMIC Fast-charge constant cur
#1265972 07.07.2026 15:16:05 : EVT PMIC : PMIC Fast-charge constant cur
#1265973 07.07.2026 15:16:05 : EVT PMIC : PMIC Fast-charge constant cur
#1265974 07.07.2026 15:16:05 : EVT PMIC : PMIC Fast-charge constant cur
#1265975 07.07.2026 15:16:05 : EVT PMIC : PMIC Fast-charge constant cur
#1265976 07.07.2026 15:16:05 : EVT PMIC : PMIC Fast-charge constant cur
#1265977 07.07.2026 15:16:05 : EVT PMIC : PMIC Fast-charge constant cur
#1265978 07.07.2026 15:16:05 : EVT PMIC : PMIC Fast-charge constant cur
#1265979 07.07.2026 15:16:05 : EVT PMIC : PMIC Fast-charge constant cur
#1265980 07.07.2026 15:16:05 : EVT PMIC : PMIC Fast-charge constant cur
#1265981 07.07.2026 15:16:11 : TRC FUEL_GAUGE : Chg->1,B:5,C:1.4,V:4435,U:1,bF:100%,bC:100%
#1265982 07.07.2026 15:16:11 : EVT PMIC : PMIC Fast-charge constant cur
#1265983 07.07.2026 15:16:11 : EVT ANALYTICS : Battery-> 2 soc:100
#1265984 07.07.2026 15:16:12 : EVT PMIC : PMIC Maintain charge
#1265985 07.07.2026 15:16:17 : EVT WBSTORAGE : CACHE_DEFRAG (880->888, 24->24, 25)
#1265986 07.07.2026 15:16:17 : EVT WBSTORAGE : CACHE_DEFRAG (856->864, 24->24, 25)
#1265987 07.07.2026 15:16:17 : EVT WBSTORAGE : CACHE_DEFRAG (816->824, 24->24, 25)
#1265988 07.07.2026 15:16:17 : EVT <Unknown> : DL Region List
#1265989 07.07.2026 15:16:17 : EVT WIFI : Pwr up
#1265990 07.07.2026 15:16:18 : EVT PMIC : PMIC Fast-charge constant cur
#1265991 07.07.2026 15:16:18 : EVT PMIC : PMIC Fast-charge constant cur
#1265992 07.07.2026 15:16:18 : EVT PMIC : PMIC Precharge
#1265993 07.07.2026 15:16:18 : EVT PMIC : PMIC Fast-charge constant cur
#1265994 07.07.2026 15:16:18 : EVT WBCOMM : P-9 connection made to ECSD00000000
#1265995 07.07.2026 15:16:18 : EVT WBCOMM : New Route: ECSD00000000
#1265996 07.07.2026 15:16:18 : EVT PMIC : PMIC Maintain charge
#1265997 07.07.2026 15:16:20 : EVT PMIC : PMIC Fast-charge constant cur
#1265998 07.07.2026 15:16:20 : EVT PMIC : PMIC Precharge
#1265999 07.07.2026 15:16:20 : EVT PMIC : PMIC Fast-charge constant cur
#1266000 07.07.2026 15:16:20 : EVT PMIC : PMIC Fast-charge constant cur
#1266001 07.07.2026 15:16:20 : EVT PMIC : PMIC Fast-charge constant cur
#1266002 07.07.2026 15:16:20 : EVT PMIC : PMIC Fast-charge constant cur
#1266003 07.07.2026 15:16:20 : EVT PMIC : PMIC Fast-charge constant cur
#1266004 07.07.2026 15:16:20 : EVT PMIC : PMIC Fast-charge constant cur
#1266005 07.07.2026 15:16:20 : EVT PMIC : PMIC Fast-charge constant cur
#1266006 07.07.2026 15:16:20 : EVT PMIC : PMIC Fast-charge constant cur
#1266007 07.07.2026 15:16:20 : EVT PMIC : PMIC Fast-charge constant cur
#1266008 07.07.2026 15:16:20 : EVT PMIC : PMIC Fast-charge constant cur
#1266009 07.07.2026 15:16:20 : EVT PMIC : PMIC Fast-charge constant cur
#1266010 07.07.2026 15:16:20 : EVT PMIC : PMIC Fast-charge constant cur
#1266011 07.07.2026 15:16:20 : EVT PMIC : PMIC Fast-charge constant cur
#1266012 07.07.2026 15:16:20 : EVT PMIC : PMIC Fast-charge constant cur
#1266013 07.07.2026 15:16:20 : EVT PMIC : PMIC Fast-charge constant cur
#1266014 07.07.2026 15:16:20 : EVT PMIC : PMIC Fast-charge constant cur
#1266015 07.07.2026 15:16:20 : EVT PMIC : PMIC Precharge
#1266016 07.07.2026 15:16:20 : EVT PMIC : PMIC Fast-charge constant cur
#1266017 07.07.2026 15:16:20 : EVT PMIC : PMIC Fast-charge constant cur
#1266018 07.07.2026 15:16:21 : EVT PMIC : PMIC Fast-charge constant cur
#1266019 07.07.2026 15:16:21 : EVT PMIC : PMIC Fast-charge constant cur
#1266020 07.07.2026 15:16:21 : EVT PMIC : PMIC Fast-charge constant cur
#1266021 07.07.2026 15:16:21 : EVT PMIC : PMIC Fast-charge constant cur
#1266022 07.07.2026 15:16:21 : EVT PMIC : PMIC Fast-charge constant cur
#1266023 07.07.2026 15:16:21 : EVT PMIC : PMIC Fast-charge constant cur
#1266024 07.07.2026 15:16:21 : EVT PMIC : PMIC Fast-charge constant cur
#1266025 07.07.2026 15:16:21 : EVT PMIC : PMIC Fast-charge constant cur
#1266026 07.07.2026 15:16:21 : EVT PMIC : PMIC Fast-charge constant cur
#1266027 07.07.2026 15:16:21 : EVT PMIC : PMIC Fast-charge constant cur
#1266028 07.07.2026 15:16:21 : EVT PMIC : PMIC Fast-charge constant cur
#1266029 07.07.2026 15:16:21 : EVT PMIC : PMIC Fast-charge constant cur
#1266030 07.07.2026 15:16:21 : EVT PMIC : PMIC Fast-charge constant cur
#1266031 07.07.2026 15:16:21 : EVT PMIC : PMIC Fast-charge constant cur
#1266032 07.07.2026 15:16:21 : EVT PMIC : PMIC Fast-charge constant cur
#1266033 07.07.2026 15:16:21 : EVT PMIC : PMIC Fast-charge constant cur
#1266034 07.07.2026 15:16:21 : EVT PMIC : PMIC Fast-charge constant cur
#1266035 07.07.2026 15:16:21 : EVT PMIC : PMIC Precharge
#1266036 07.07.2026 15:16:21 : EVT PMIC : PMIC Fast-charge constant cur
#1266037 07.07.2026 15:16:21 : EVT PMIC : PMIC Fast-charge constant cur
#1266038 07.07.2026 15:16:21 : EVT PMIC : PMIC Precharge
#1266039 07.07.2026 15:16:21 : EVT PMIC : PMIC Fast-charge constant cur
#1266040 07.07.2026 15:16:21 : EVT PMIC : PMIC Fast-charge constant cur
#1266041 07.07.2026 15:16:21 : EVT PMIC : PMIC Fast-charge constant cur
#1266042 07.07.2026 15:16:21 : EVT PMIC : PMIC Fast-charge constant cur
#1266043 07.07.2026 15:16:21 : EVT PMIC : PMIC Fast-charge constant cur
#1266044 07.07.2026 15:16:21 : EVT PMIC : PMIC Precharge
#1266045 07.07.2026 15:16:21 : EVT PMIC : PMIC Fast-charge constant cur
#1266046 07.07.2026 15:16:21 : EVT PMIC : PMIC Fast-charge constant cur
#1266047 07.07.2026 15:16:21 : EVT PMIC : PMIC Fast-charge constant cur
#1266048 07.07.2026 15:16:21 : EVT PMIC : PMIC Fast-charge constant cur
#1266049 07.07.2026 15:16:21 : EVT PMIC : PMIC Fast-charge constant cur
#1266050 07.07.2026 15:16:21 : EVT PMIC : PMIC Fast-charge constant cur
#1266051 07.07.2026 15:16:21 : EVT PMIC : PMIC Fast-charge constant cur
#1266052 07.07.2026 15:16:21 : EVT PMIC : PMIC Fast-charge constant cur
#1266053 07.07.2026 15:16:21 : EVT PMIC : PMIC Fast-charge constant cur
#1266054 07.07.2026 15:16:21 : EVT PMIC : PMIC Fast-charge constant cur
#1266055 07.07.2026 15:16:21 : EVT PMIC : PMIC Fast-charge constant cur
#1266056 07.07.2026 15:16:21 : EVT PMIC : PMIC Fast-charge constant cur
#1266057 07.07.2026 15:16:21 : EVT PMIC : PMIC Fast-charge constant cur
#1266058 07.07.2026 15:16:21 : EVT PMIC : PMIC Precharge
#1266059 07.07.2026 15:16:21 : EVT PMIC : PMIC Fast-charge constant cur
#1266060 07.07.2026 15:16:21 : EVT PMIC : PMIC Fast-charge constant cur
#1266061 07.07.2026 15:16:21 : EVT PMIC : PMIC Fast-charge constant cur
#1266062 07.07.2026 15:16:21 : EVT PMIC : PMIC Fast-charge constant cur
#1266063 07.07.2026 15:16:21 : EVT PMIC : PMIC Fast-charge constant cur
#1266064 07.07.2026 15:16:21 : EVT PMIC : PMIC Fast-charge constant cur
#1266065 07.07.2026 15:16:21 : EVT PMIC : PMIC Fast-charge constant cur
#1266066 07.07.2026 15:16:21 : EVT PMIC : PMIC Precharge
#1266067 07.07.2026 15:16:21 : EVT PMIC : PMIC Fast-charge constant cur
#1266068 07.07.2026 15:16:21 : EVT PMIC : PMIC Fast-charge constant cur
#1266069 07.07.2026 15:16:21 : EVT PMIC : PMIC Fast-charge constant cur
#1266070 07.07.2026 15:16:21 : EVT PMIC : PMIC Fast-charge constant cur
#1266071 07.07.2026 15:16:21 : EVT PMIC : PMIC Fast-charge constant cur
#1266072 07.07.2026 15:16:21 : EVT PMIC : PMIC Fast-charge constant cur
#1266073 07.07.2026 15:16:21 : EVT PMIC : PMIC Fast-charge constant cur
#1266074 07.07.2026 15:16:21 : EVT PMIC : PMIC Fast-charge constant cur
#1266075 07.07.2026 15:16:21 : EVT PMIC : PMIC Fast-charge constant cur
#1266076 07.07.2026 15:16:21 : EVT PMIC : PMIC Fast-charge constant cur
#1266077 07.07.2026 15:16:21 : EVT PMIC : PMIC Fast-charge constant cur
#1266078 07.07.2026 15:16:21 : EVT PMIC : PMIC Fast-charge constant cur
#1266079 07.07.2026 15:16:21 : EVT PMIC : PMIC Fast-charge constant cur
#1266080 07.07.2026 15:16:21 : EVT PMIC : PMIC Fast-charge constant cur
#1266081 07.07.2026 15:16:21 : EVT PMIC : PMIC Fast-charge constant cur
#1266082 07.07.2026 15:16:21 : EVT PMIC : PMIC Fast-charge constant cur
#1266083 07.07.2026 15:16:21 : EVT PMIC : PMIC Fast-charge constant cur
#1266084 07.07.2026 15:16:21 : EVT PMIC : PMIC Fast-charge constant cur
#1266085 07.07.2026 15:16:21 : EVT PMIC : PMIC Fast-charge constant cur
#1266086 07.07.2026 15:16:21 : EVT PMIC : PMIC Fast-charge constant cur
#1266087 07.07.2026 15:16:21 : EVT PMIC : PMIC Fast-charge constant cur
#1266088 07.07.2026 15:16:21 : EVT PMIC : PMIC Fast-charge constant cur
#1266089 07.07.2026 15:16:21 : EVT PMIC : PMIC Fast-charge constant cur
#1266090 07.07.2026 15:16:21 : EVT PMIC : PMIC Precharge
#1266091 07.07.2026 15:16:21 : EVT PMIC : PMIC Fast-charge constant cur
#1266092 07.07.2026 15:16:21 : EVT PMIC : PMIC Fast-charge constant cur
#1266093 07.07.2026 15:16:21 : EVT PMIC : PMIC Fast-charge constant cur
#1266094 07.07.2026 15:16:21 : EVT PMIC : PMIC Fast-charge constant cur
#1266095 07.07.2026 15:16:21 : EVT PMIC : PMIC Fast-charge constant cur
#1266096 07.07.2026 15:16:21 : EVT PMIC : PMIC Precharge
#1266097 07.07.2026 15:16:21 : EVT PMIC : PMIC Fast-charge constant cur
#1266098 07.07.2026 15:16:21 : EVT PMIC : PMIC Fast-charge constant cur
#1266099 07.07.2026 15:16:21 : EVT PMIC : PMIC Fast-charge constant cur
#1266100 07.07.2026 15:16:21 : EVT PMIC : PMIC Fast-charge constant cur
#1266101 07.07.2026 15:16:21 : EVT PMIC : PMIC Precharge
#1266102 07.07.2026 15:16:21 : EVT PMIC : PMIC Fast-charge constant cur
#1266103 07.07.2026 15:16:21 : EVT PMIC : PMIC Fast-charge constant cur
#1266104 07.07.2026 15:16:21 : ERR WBMAIN : *0: app 919 Event 36 80005310
#1266105 07.07.2026 15:16:21 : ERR WBMAIN : 1: mea 0 DPC 1 0053d827
#1266106 07.07.2026 15:16:21 : ERR WBMAIN : 2: ui 37 Wait 0 00000000
#1266107 07.07.2026 15:16:21 : EVT PMIC : PMIC Fast-charge constant cur
#1266108 07.07.2026 15:16:21 : EVT PMIC : PMIC Fast-charge constant cur
#1266109 07.07.2026 15:16:21 : EVT PMIC : PMIC Fast-charge constant cur
#1266110 07.07.2026 15:16:21 : EVT PMIC : PMIC Precharge
#1266111 07.07.2026 15:16:21 : EVT PMIC : PMIC Fast-charge constant cur
#1266112 07.07.2026 15:16:21 : EVT PMIC : PMIC Fast-charge constant cur
#1266113 07.07.2026 15:16:21 : EVT PMIC : PMIC Fast-charge constant cur
#1266114 07.07.2026 15:16:21 : EVT PMIC : PMIC Fast-charge constant cur
#1266115 07.07.2026 15:16:21 : EVT PMIC : PMIC Fast-charge constant cur
#1266116 07.07.2026 15:16:21 : EVT PMIC : PMIC Fast-charge constant cur
#1266117 07.07.2026 15:16:21 : EVT PMIC : PMIC Fast-charge constant cur
#1266118 07.07.2026 15:16:21 : EVT PMIC : PMIC Precharge
#1266119 07.07.2026 15:16:21 : EVT PMIC : PMIC Fast-charge constant cur
#1266120 07.07.2026 15:16:21 : EVT PMIC : PMIC Fast-charge constant cur
#1266121 07.07.2026 15:16:21 : EVT PMIC : PMIC Fast-charge constant cur
#1266122 07.07.2026 15:16:21 : EVT PMIC : PMIC Fast-charge constant cur
#1266123 07.07.2026 15:16:21 : EVT PMIC : PMIC Fast-charge constant cur
#1266124 07.07.2026 15:16:21 : EVT PMIC : PMIC Fast-charge constant cur
#1266125 07.07.2026 15:16:21 : EVT PMIC : PMIC Fast-charge constant cur
#1266126 07.07.2026 15:16:22 : EVT PMIC : PMIC Fast-charge constant cur
#1266127 07.07.2026 15:16:22 : EVT PMIC : PMIC Fast-charge constant cur
#1266128 07.07.2026 15:16:22 : EVT PMIC : PMIC Fast-charge constant cur
#1266129 07.07.2026 15:16:22 : EVT PMIC : PMIC Fast-charge constant cur
#1266130 07.07.2026 15:16:22 : EVT PMIC : PMIC Fast-charge constant cur
#1266131 07.07.2026 15:16:22 : EVT PMIC : PMIC Fast-charge constant cur
#1266132 07.07.2026 15:16:22 : EVT PMIC : PMIC Fast-charge constant cur
#1266133 07.07.2026 15:16:22 : EVT PMIC : PMIC Fast-charge constant cur
#1266134 07.07.2026 15:16:22 : EVT PMIC : PMIC Fast-charge constant cur
#1266135 07.07.2026 15:16:22 : EVT PMIC : PMIC Fast-charge constant cur
#1266136 07.07.2026 15:16:22 : EVT PMIC : PMIC Precharge
#1266137 07.07.2026 15:16:22 : EVT PMIC : PMIC Fast-charge constant cur
#1266138 07.07.2026 15:16:22 : EVT PMIC : PMIC Fast-charge constant cur
#1266139 07.07.2026 15:16:22 : EVT PMIC : PMIC Fast-charge constant cur
#1266140 07.07.2026 15:16:22 : EVT PMIC : PMIC Fast-charge constant cur
#1266141 07.07.2026 15:16:22 : EVT PMIC : PMIC Fast-charge constant cur
#1266142 07.07.2026 15:16:22 : EVT PMIC : PMIC Fast-charge constant cur
#1266143 07.07.2026 15:16:22 : EVT PMIC : PMIC Fast-charge constant cur
#1266144 07.07.2026 15:16:22 : EVT PMIC : PMIC Fast-charge constant cur
#1266145 07.07.2026 15:16:22 : EVT PMIC : PMIC Precharge
#1266146 07.07.2026 15:16:22 : EVT PMIC : PMIC Fast-charge constant cur
#1266147 07.07.2026 15:16:22 : EVT PMIC : PMIC Fast-charge constant cur
#1266148 07.07.2026 15:16:22 : EVT PMIC : PMIC Fast-charge constant cur
#1266149 07.07.2026 15:16:22 : EVT PMIC : PMIC Fast-charge constant cur
#1266150 07.07.2026 15:16:22 : EVT PMIC : PMIC Fast-charge constant cur
#1266151 07.07.2026 15:16:22 : EVT PMIC : PMIC Fast-charge constant cur
#1266152 07.07.2026 15:16:22 : EVT PMIC : PMIC Fast-charge constant cur
#1266153 07.07.2026 15:16:22 : EVT PMIC : PMIC Fast-charge constant cur
#1266154 07.07.2026 15:16:22 : EVT PMIC : PMIC Fast-charge constant cur
#1266155 07.07.2026 15:16:22 : EVT PMIC : PMIC Fast-charge constant cur
#1266156 07.07.2026 15:16:22 : EVT PMIC : PMIC Fast-charge constant cur
#1266157 07.07.2026 15:16:22 : EVT PMIC : PMIC Fast-charge constant cur
#1266158 07.07.2026 15:16:22 : EVT PMIC : PMIC Fast-charge constant cur
#1266159 07.07.2026 15:16:22 : EVT PMIC : PMIC Precharge
#1266160 07.07.2026 15:16:22 : EVT PMIC : PMIC Fast-charge constant cur
#1266161 07.07.2026 15:16:22 : EVT PMIC : PMIC Fast-charge constant cur
#1266162 07.07.2026 15:16:22 : EVT PMIC : PMIC Precharge
#1266163 07.07.2026 15:16:22 : EVT PMIC : PMIC Fast-charge constant cur
#1266164 07.07.2026 15:16:22 : EVT PMIC : PMIC Precharge
#1266165 07.07.2026 15:16:22 : EVT PMIC : PMIC Fast-charge constant cur
#1266166 07.07.2026 15:16:22 : EVT PMIC : PMIC Precharge
#1266167 07.07.2026 15:16:22 : EVT PMIC : PMIC Fast-charge constant cur
#1266168 07.07.2026 15:16:22 : EVT PMIC : PMIC Fast-charge constant cur
#1266169 07.07.2026 15:16:22 : EVT PMIC : PMIC Precharge
#1266170 07.07.2026 15:16:22 : EVT PMIC : PMIC Fast-charge constant cur
#1266171 07.07.2026 15:16:22 : EVT PMIC : PMIC Fast-charge constant cur
#1266172 07.07.2026 15:16:22 : EVT PMIC : PMIC Fast-charge constant cur
#1266173 07.07.2026 15:16:22 : EVT PMIC : PMIC Fast-charge constant cur
#1266174 07.07.2026 15:16:22 : EVT PMIC : PMIC Fast-charge constant cur
#1266175 07.07.2026 15:16:22 : EVT PMIC : PMIC Fast-charge constant cur
#1266176 07.07.2026 15:16:22 : EVT PMIC : PMIC Fast-charge constant cur
#1266177 07.07.2026 15:16:22 : EVT PMIC : PMIC Fast-charge constant cur
#1266178 07.07.2026 15:16:22 : EVT PMIC : PMIC Fast-charge constant cur
#1266179 07.07.2026 15:16:22 : EVT PMIC : PMIC Fast-charge constant cur
#1266180 07.07.2026 15:16:22 : EVT PMIC : PMIC Fast-charge constant cur
#1266181 07.07.2026 15:16:22 : EVT PMIC : PMIC Fast-charge constant cur
#1266182 07.07.2026 15:16:22 : EVT PMIC : PMIC Fast-charge constant cur
#1266183 07.07.2026 15:16:22 : EVT PMIC : PMIC Fast-charge constant cur
#1266184 07.07.2026 15:16:22 : EVT PMIC : PMIC Fast-charge constant cur
#1266185 07.07.2026 15:16:22 : EVT PMIC : PMIC Fast-charge constant cur
#1266186 07.07.2026 15:16:22 : EVT PMIC : PMIC Fast-charge constant cur
#1266187 07.07.2026 15:16:22 : EVT PMIC : PMIC Fast-charge constant cur
#1266188 07.07.2026 15:16:22 : EVT PMIC : PMIC Fast-charge constant cur
#1266189 07.07.2026 15:16:22 : EVT PMIC : PMIC Fast-charge constant cur
#1266190 07.07.2026 15:16:22 : EVT PMIC : PMIC Fast-charge constant cur
#1266191 07.07.2026 15:16:22 : EVT PMIC : PMIC Fast-charge constant cur
#1266192 07.07.2026 15:16:22 : EVT PMIC : PMIC Precharge
#1266193 07.07.2026 15:16:22 : EVT PMIC : PMIC Fast-charge constant cur
#1266194 07.07.2026 15:16:22 : EVT PMIC : PMIC Fast-charge constant cur
#1266195 07.07.2026 15:16:22 : EVT PMIC : PMIC Fast-charge constant cur
#1266196 07.07.2026 15:16:22 : EVT PMIC : PMIC Fast-charge constant cur
#1266197 07.07.2026 15:16:22 : EVT PMIC : PMIC Fast-charge constant cur
#1266198 07.07.2026 15:16:22 : EVT PMIC : PMIC Precharge
#1266199 07.07.2026 15:16:22 : EVT PMIC : PMIC Fast-charge constant cur
#1266200 07.07.2026 15:16:22 : EVT PMIC : PMIC Precharge
#1266201 07.07.2026 15:16:22 : EVT PMIC : PMIC Fast-charge constant cur
#1266202 07.07.2026 15:16:22 : EVT ANALYTICS : Sync start
#1266203 07.07.2026 15:16:22 : EVT PMIC : PMIC Precharge
#1266204 07.07.2026 15:16:22 : EVT PMIC : PMIC Fast-charge constant cur
#1266205 07.07.2026 15:16:22 : EVT PMIC : PMIC Precharge
#1266206 07.07.2026 15:16:22 : EVT PMIC : PMIC Fast-charge constant cur
#1266207 07.07.2026 15:16:22 : EVT PMIC : PMIC Fast-charge constant cur
#1266208 07.07.2026 15:16:22 : EVT PMIC : PMIC Fast-charge constant cur
#1266209 07.07.2026 15:16:22 : EVT PMIC : PMIC Fast-charge constant cur
#1266210 07.07.2026 15:16:22 : EVT PMIC : PMIC Fast-charge constant cur
#1266211 07.07.2026 15:16:22 : EVT PMIC : PMIC Fast-charge constant cur
#1266212 07.07.2026 15:16:22 : EVT PMIC : PMIC Fast-charge constant cur
#1266213 07.07.2026 15:16:22 : EVT PMIC : PMIC Fast-charge constant cur
#1266214 07.07.2026 15:16:22 : EVT PMIC : PMIC Fast-charge constant cur
#1266215 07.07.2026 15:16:22 : EVT PMIC : PMIC Fast-charge constant cur
#1266216 07.07.2026 15:16:22 : EVT PMIC : PMIC Fast-charge constant cur
#1266217 07.07.2026 15:16:22 : EVT PMIC : PMIC Fast-charge constant cur
#1266218 07.07.2026 15:16:22 : EVT PMIC : PMIC Fast-charge constant cur
#1266219 07.07.2026 15:16:22 : EVT PMIC : PMIC Fast-charge constant cur
#1266220 07.07.2026 15:16:22 : EVT PMIC : PMIC Fast-charge constant cur
#1266221 07.07.2026 15:16:22 : EVT PMIC : PMIC Fast-charge constant cur
#1266222 07.07.2026 15:16:22 : EVT PMIC : PMIC Fast-charge constant cur
#1266223 07.07.2026 15:16:22 : EVT PMIC : PMIC Precharge
#1266224 07.07.2026 15:16:22 : EVT PMIC : PMIC Fast-charge constant cur
#1266225 07.07.2026 15:16:22 : EVT PMIC : PMIC Fast-charge constant cur
#1266226 07.07.2026 15:16:22 : EVT PMIC : PMIC Fast-charge constant cur
#1266227 07.07.2026 15:16:22 : EVT PMIC : PMIC Fast-charge constant cur
#1266228 07.07.2026 15:16:22 : EVT PMIC : PMIC Fast-charge constant cur
#1266229 07.07.2026 15:16:22 : EVT PMIC : PMIC Fast-charge constant cur
#1266230 07.07.2026 15:16:22 : EVT PMIC : PMIC Precharge
#1266231 07.07.2026 15:16:22 : EVT PMIC : PMIC Fast-charge constant cur
#1266232 07.07.2026 15:16:22 : EVT PMIC : PMIC Precharge
#1266233 07.07.2026 15:16:22 : EVT PMIC : PMIC Fast-charge constant cur
#1266234 07.07.2026 15:16:22 : EVT PMIC : PMIC Fast-charge constant cur
#1266235 07.07.2026 15:16:22 : EVT PMIC : PMIC Fast-charge constant cur
#1266236 07.07.2026 15:16:22 : EVT PMIC : PMIC Fast-charge constant cur
#1266237 07.07.2026 15:16:22 : EVT PMIC : PMIC Fast-charge constant cur
#1266238 07.07.2026 15:16:22 : EVT PMIC : PMIC Fast-charge constant cur
#1266239 07.07.2026 15:16:22 : EVT PMIC : PMIC Fast-charge constant cur
#1266240 07.07.2026 15:16:22 : EVT PMIC : PMIC Precharge
#1266241 07.07.2026 15:16:22 : EVT PMIC : PMIC Fast-charge constant cur
#1266242 07.07.2026 15:16:22 : EVT PMIC : PMIC Fast-charge constant cur
#1266243 07.07.2026 15:16:22 : EVT ANALYTICS : Sync start
#1266244 07.07.2026 15:16:22 : EVT PMIC : PMIC Fast-charge constant cur
#1266245 07.07.2026 15:16:22 : EVT PMIC : PMIC Fast-charge constant cur
#1266246 07.07.2026 15:16:22 : EVT PMIC : PMIC Fast-charge constant cur
#1266247 07.07.2026 15:16:22 : EVT PMIC : PMIC Fast-charge constant cur
#1266248 07.07.2026 15:16:22 : EVT PMIC : PMIC Fast-charge constant cur
#1266249 07.07.2026 15:16:23 : EVT PMIC : PMIC Fast-charge constant cur
#1266250 07.07.2026 15:16:23 : EVT PMIC : PMIC Fast-charge constant cur
#1266251 07.07.2026 15:16:23 : EVT PMIC : PMIC Fast-charge constant cur
#1266252 07.07.2026 15:16:23 : EVT PMIC : PMIC Fast-charge constant cur
#1266253 07.07.2026 15:16:23 : EVT PMIC : PMIC Fast-charge constant cur
#1266254 07.07.2026 15:16:23 : EVT PMIC : PMIC Fast-charge constant cur
#1266255 07.07.2026 15:16:23 : EVT PMIC : PMIC Fast-charge constant cur
#1266256 07.07.2026 15:16:23 : EVT PMIC : PMIC Fast-charge constant cur
#1266257 07.07.2026 15:16:23 : EVT PMIC : PMIC Fast-charge constant cur
#1266258 07.07.2026 15:16:23 : EVT PMIC : PMIC Fast-charge constant cur
#1266259 07.07.2026 15:16:23 : EVT PMIC : PMIC Fast-charge constant cur
#1266260 07.07.2026 15:16:23 : EVT PMIC : PMIC Fast-charge constant cur
#1266261 07.07.2026 15:16:23 : EVT PMIC : PMIC Fast-charge constant cur
#1266262 07.07.2026 15:16:23 : EVT PMIC : PMIC Fast-charge constant cur
#1266263 07.07.2026 15:16:23 : EVT PMIC : PMIC Fast-charge constant cur
#1266264 07.07.2026 15:16:23 : EVT PMIC : PMIC Fast-charge constant cur
#1266265 07.07.2026 15:16:23 : EVT PMIC : PMIC Fast-charge constant cur
#1266266 07.07.2026 15:16:23 : EVT PMIC : PMIC Fast-charge constant cur
#1266267 07.07.2026 15:16:23 : EVT PMIC : PMIC Fast-charge constant cur
#1266268 07.07.2026 15:16:23 : EVT PMIC : PMIC Fast-charge constant cur
#1266269 07.07.2026 15:16:23 : EVT PMIC : PMIC Fast-charge constant cur
#1266270 07.07.2026 15:16:23 : EVT PMIC : PMIC Fast-charge constant cur
#1266271 07.07.2026 15:16:23 : EVT PMIC : PMIC Fast-charge constant cur
#1266272 07.07.2026 15:16:23 : EVT PMIC : PMIC Fast-charge constant cur
#1266273 07.07.2026 15:16:23 : EVT PMIC : PMIC Fast-charge constant cur
#1266274 07.07.2026 15:16:23 : EVT PMIC : PMIC Precharge
#1266275 07.07.2026 15:16:23 : EVT PMIC : PMIC Fast-charge constant cur
#1266276 07.07.2026 15:16:23 : EVT PMIC : PMIC Fast-charge constant cur
#1266277 07.07.2026 15:16:23 : EVT PMIC : PMIC Fast-charge constant cur
#1266278 07.07.2026 15:16:23 : EVT PMIC : PMIC Fast-charge constant cur
#1266279 07.07.2026 15:16:23 : EVT PMIC : PMIC Fast-charge constant cur
#1266280 07.07.2026 15:16:23 : EVT PMIC : PMIC Fast-charge constant cur
#1266281 07.07.2026 15:16:23 : EVT PMIC : PMIC Fast-charge constant cur
#1266282 07.07.2026 15:16:23 : EVT PMIC : PMIC Fast-charge constant cur
#1266283 07.07.2026 15:16:23 : EVT PMIC : PMIC Fast-charge constant cur
#1266284 07.07.2026 15:16:23 : EVT PMIC : PMIC Fast-charge constant cur
#1266285 07.07.2026 15:16:23 : EVT PMIC : PMIC Precharge
#1266286 07.07.2026 15:16:23 : EVT PMIC : PMIC Fast-charge constant cur
#1266287 07.07.2026 15:16:23 : EVT PMIC : PMIC Precharge
#1266288 07.07.2026 15:16:23 : EVT PMIC : PMIC Fast-charge constant cur
#1266289 07.07.2026 15:16:23 : EVT PMIC : PMIC Fast-charge constant cur
#1266290 07.07.2026 15:16:23 : EVT PMIC : PMIC Fast-charge constant cur
#1266291 07.07.2026 15:16:23 : EVT PMIC : PMIC Fast-charge constant cur
#1266292 07.07.2026 15:16:23 : EVT PMIC : PMIC Fast-charge constant cur
#1266293 07.07.2026 15:16:23 : EVT PMIC : PMIC Precharge
#1266294 07.07.2026 15:16:23 : EVT PMIC : PMIC Fast-charge constant cur
#1266295 07.07.2026 15:16:23 : EVT PMIC : PMIC Fast-charge constant cur
#1266296 07.07.2026 15:16:23 : EVT PMIC : PMIC Fast-charge constant cur
#1266297 07.07.2026 15:16:24 : EVT WIFI : pwr up
#1266298 07.07.2026 15:16:24 : EVT WIFI : SDK Ver(3.2.8.1)
#1266299 07.07.2026 15:16:24 : EVT WIFI : Scann APs (1/3)
#1266300 07.07.2026 15:16:24 : EVT PMIC : PMIC Fast-charge constant cur
#1266301 07.07.2026 15:16:24 : EVT PMIC : PMIC Fast-charge constant cur
#1266302 07.07.2026 15:16:24 : EVT PMIC : PMIC Fast-charge constant cur
#1266303 07.07.2026 15:16:24 : EVT PMIC : PMIC Fast-charge constant cur
#1266304 07.07.2026 15:16:24 : EVT PMIC : PMIC Fast-charge constant cur
#1266305 07.07.2026 15:16:24 : EVT PMIC : PMIC Precharge
#1266306 07.07.2026 15:16:24 : EVT PMIC : PMIC Fast-charge constant cur
#1266307 07.07.2026 15:16:24 : EVT PMIC : PMIC Fast-charge constant cur
#1266308 07.07.2026 15:16:24 : EVT PMIC : PMIC Fast-charge constant cur
#1266309 07.07.2026 15:16:24 : EVT PMIC : PMIC Fast-charge constant cur
#1266310 07.07.2026 15:16:24 : EVT PMIC : PMIC Fast-charge constant cur
#1266311 07.07.2026 15:16:24 : EVT PMIC : PMIC Fast-charge constant cur
#1266312 07.07.2026 15:16:24 : EVT PMIC : PMIC Fast-charge constant cur
#1266313 07.07.2026 15:16:24 : EVT PMIC : PMIC Fast-charge constant cur
#1266314 07.07.2026 15:16:24 : EVT PMIC : PMIC Fast-charge constant cur
#1266315 07.07.2026 15:16:24 : EVT PMIC : PMIC Fast-charge constant cur
#1266316 07.07.2026 15:16:24 : EVT PMIC : PMIC Fast-charge constant cur
#1266317 07.07.2026 15:16:24 : EVT PMIC : PMIC Fast-charge constant cur
#1266318 07.07.2026 15:16:24 : EVT PMIC : PMIC Fast-charge constant cur
#1266319 07.07.2026 15:16:24 : EVT PMIC : PMIC Fast-charge constant cur
#1266320 07.07.2026 15:16:24 : EVT PMIC : PMIC Fast-charge constant cur
#1266321 07.07.2026 15:16:24 : EVT PMIC : PMIC Fast-charge constant cur
#1266322 07.07.2026 15:16:24 : EVT PMIC : PMIC Fast-charge constant cur
#1266323 07.07.2026 15:16:24 : EVT PMIC : PMIC Fast-charge constant cur
#1266324 07.07.2026 15:16:24 : EVT PMIC : PMIC Fast-charge constant cur
#1266325 07.07.2026 15:16:24 : EVT PMIC : PMIC Fast-charge constant cur
#1266326 07.07.2026 15:16:24 : EVT PMIC : PMIC Fast-charge constant cur
#1266327 07.07.2026 15:16:24 : EVT PMIC : PMIC Fast-charge constant cur
#1266328 07.07.2026 15:16:24 : EVT PMIC : PMIC Fast-charge constant cur
#1266329 07.07.2026 15:16:24 : EVT PMIC : PMIC Fast-charge constant cur
#1266330 07.07.2026 15:16:24 : EVT PMIC : PMIC Fast-charge constant cur
#1266331 07.07.2026 15:16:24 : EVT PMIC : PMIC Fast-charge constant cur
#1266332 07.07.2026 15:16:24 : EVT PMIC : PMIC Fast-charge constant cur
#1266333 07.07.2026 15:16:24 : EVT PMIC : PMIC Fast-charge constant cur
#1266334 07.07.2026 15:16:24 : EVT PMIC : PMIC Precharge
#1266335 07.07.2026 15:16:24 : EVT PMIC : PMIC Fast-charge constant cur
#1266336 07.07.2026 15:16:24 : EVT PMIC : PMIC Fast-charge constant cur
#1266337 07.07.2026 15:16:24 : EVT PMIC : PMIC Fast-charge constant cur
#1266338 07.07.2026 15:16:25 : EVT PMIC : PMIC Fast-charge constant cur
#1266339 07.07.2026 15:16:25 : EVT PMIC : PMIC Fast-charge constant cur
#1266340 07.07.2026 15:16:25 : EVT PMIC : PMIC Fast-charge constant cur
#1266341 07.07.2026 15:16:25 : EVT PMIC : PMIC Fast-charge constant cur
#1266342 07.07.2026 15:16:25 : EVT PMIC : PMIC Fast-charge constant cur
#1266343 07.07.2026 15:16:25 : EVT PMIC : PMIC Fast-charge constant cur
#1266344 07.07.2026 15:16:25 : EVT PMIC : PMIC Fast-charge constant cur
#1266345 07.07.2026 15:16:25 : EVT WIFI : APs scanned:15
#1266346 07.07.2026 15:16:25 : EVT WBSTORAGE : CACHE_DEFRAG (808->816, 24->24, 25)
#1266347 07.07.2026 15:16:25 : WRN WIFI : No APs matched to connect
#1266348 07.07.2026 15:16:25 : EVT WIFI : Scann APs (2/3)
#1266349 07.07.2026 15:16:25 : EVT PMIC : PMIC Fast-charge constant cur
#1266350 07.07.2026 15:16:25 : EVT PMIC : PMIC Precharge
#1266351 07.07.2026 15:16:25 : EVT PMIC : PMIC Fast-charge constant cur
#1266352 07.07.2026 15:16:25 : EVT PMIC : PMIC Precharge
#1266353 07.07.2026 15:16:25 : EVT PMIC : PMIC Fast-charge constant cur
#1266354 07.07.2026 15:16:25 : EVT PMIC : PMIC Fast-charge constant cur
#1266355 07.07.2026 15:16:25 : EVT PMIC : PMIC Fast-charge constant cur
#1266356 07.07.2026 15:16:25 : EVT PMIC : PMIC Fast-charge constant cur
#1266357 07.07.2026 15:16:25 : EVT PMIC : PMIC Fast-charge constant cur
#1266358 07.07.2026 15:16:25 : EVT PMIC : PMIC Fast-charge constant cur
#1266359 07.07.2026 15:16:25 : EVT PMIC : PMIC Fast-charge constant cur
#1266360 07.07.2026 15:16:25 : EVT PMIC : PMIC Fast-charge constant cur
#1266361 07.07.2026 15:16:25 : EVT PMIC : PMIC Fast-charge constant cur
#1266362 07.07.2026 15:16:25 : EVT PMIC : PMIC Fast-charge constant cur
#1266363 07.07.2026 15:16:25 : EVT PMIC : PMIC Fast-charge constant cur
#1266364 07.07.2026 15:16:25 : EVT PMIC : PMIC Fast-charge constant cur
#1266365 07.07.2026 15:16:25 : EVT PMIC : PMIC Fast-charge constant cur
#1266366 07.07.2026 15:16:25 : EVT PMIC : PMIC Fast-charge constant cur
#1266367 07.07.2026 15:16:25 : EVT PMIC : PMIC Fast-charge constant cur
#1266368 07.07.2026 15:16:25 : EVT PMIC : PMIC Fast-charge constant cur
#1266369 07.07.2026 15:16:25 : EVT PMIC : PMIC Fast-charge constant cur
#1266370 07.07.2026 15:16:25 : EVT PMIC : PMIC Fast-charge constant cur
#1266371 07.07.2026 15:16:25 : EVT PMIC : PMIC Fast-charge constant cur
#1266372 07.07.2026 15:16:25 : EVT PMIC : PMIC Fast-charge constant cur
#1266373 07.07.2026 15:16:25 : EVT PMIC : PMIC Fast-charge constant cur
#1266374 07.07.2026 15:16:25 : EVT PMIC : PMIC Fast-charge constant cur
#1266375 07.07.2026 15:16:25 : EVT PMIC : PMIC Fast-charge constant cur
#1266376 07.07.2026 15:16:25 : EVT PMIC : PMIC Fast-charge constant cur
#1266377 07.07.2026 15:16:25 : EVT PMIC : PMIC Fast-charge constant cur
#1266378 07.07.2026 15:16:25 : EVT PMIC : PMIC Fast-charge constant cur
#1266379 07.07.2026 15:16:25 : EVT PMIC : PMIC Fast-charge constant cur
#1266380 07.07.2026 15:16:25 : EVT PMIC : PMIC Fast-charge constant cur
#1266381 07.07.2026 15:16:25 : EVT PMIC : PMIC Fast-charge constant cur
#1266382 07.07.2026 15:16:25 : EVT PMIC : PMIC Fast-charge constant cur
#1266383 07.07.2026 15:16:25 : EVT PMIC : PMIC Fast-charge constant cur
#1266384 07.07.2026 15:16:25 : EVT PMIC : PMIC Fast-charge constant cur
#1266385 07.07.2026 15:16:25 : EVT PMIC : PMIC Fast-charge constant cur
#1266386 07.07.2026 15:16:25 : EVT PMIC : PMIC Fast-charge constant cur
#1266387 07.07.2026 15:16:25 : EVT PMIC : PMIC Fast-charge constant cur
#1266388 07.07.2026 15:16:25 : EVT PMIC : PMIC Fast-charge constant cur
#1266389 07.07.2026 15:16:25 : EVT PMIC : PMIC Fast-charge constant cur
#1266390 07.07.2026 15:16:25 : EVT PMIC : PMIC Fast-charge constant cur
#1266391 07.07.2026 15:16:25 : EVT PMIC : PMIC Fast-charge constant cur
#1266392 07.07.2026 15:16:25 : EVT PMIC : PMIC Fast-charge constant cur
#1266393 07.07.2026 15:16:25 : EVT PMIC : PMIC Precharge
#1266394 07.07.2026 15:16:25 : EVT PMIC : PMIC Fast-charge constant cur
#1266395 07.07.2026 15:16:25 : EVT PMIC : PMIC Fast-charge constant cur
#1266396 07.07.2026 15:16:26 : EVT PMIC : PMIC Fast-charge constant cur
#1266397 07.07.2026 15:16:26 : EVT PMIC : PMIC Fast-charge constant cur
#1266398 07.07.2026 15:16:26 : EVT PMIC : PMIC Fast-charge constant cur
#1266399 07.07.2026 15:16:26 : EVT PMIC : PMIC Fast-charge constant cur
#1266400 07.07.2026 15:16:26 : EVT WIFI : APs scanned:12
#1266401 07.07.2026 15:16:26 : WRN WIFI : No APs matched to connect
#1266402 07.07.2026 15:16:26 : EVT WIFI : Scann APs (3/3)
#1266403 07.07.2026 15:16:26 : EVT PMIC : PMIC Fast-charge constant cur
#1266404 07.07.2026 15:16:26 : EVT PMIC : PMIC Fast-charge constant cur
#1266405 07.07.2026 15:16:26 : EVT PMIC : PMIC Fast-charge constant cur
#1266406 07.07.2026 15:16:26 : EVT PMIC : PMIC Fast-charge constant cur
#1266407 07.07.2026 15:16:26 : EVT PMIC : PMIC Fast-charge constant cur
#1266408 07.07.2026 15:16:26 : EVT PMIC : PMIC Fast-charge constant cur
#1266409 07.07.2026 15:16:26 : EVT PMIC : PMIC Fast-charge constant cur
#1266410 07.07.2026 15:16:26 : EVT PMIC : PMIC Fast-charge constant cur
#1266411 07.07.2026 15:16:26 : EVT PMIC : PMIC Precharge
#1266412 07.07.2026 15:16:26 : EVT PMIC : PMIC Fast-charge constant cur
#1266413 07.07.2026 15:16:26 : EVT PMIC : PMIC Fast-charge constant cur
#1266414 07.07.2026 15:16:26 : EVT PMIC : PMIC Fast-charge constant cur
#1266415 07.07.2026 15:16:26 : EVT PMIC : PMIC Fast-charge constant cur
#1266416 07.07.2026 15:16:26 : EVT PMIC : PMIC Fast-charge constant cur
#1266417 07.07.2026 15:16:26 : EVT PMIC : PMIC Fast-charge constant cur
#1266418 07.07.2026 15:16:26 : EVT PMIC : PMIC Fast-charge constant cur
#1266419 07.07.2026 15:16:26 : EVT PMIC : PMIC Fast-charge constant cur
#1266420 07.07.2026 15:16:26 : EVT PMIC : PMIC Fast-charge constant cur
#1266421 07.07.2026 15:16:26 : EVT PMIC : PMIC Fast-charge constant cur
#1266422 07.07.2026 15:16:26 : EVT PMIC : PMIC Fast-charge constant cur
#1266423 07.07.2026 15:16:26 : EVT PMIC : PMIC Fast-charge constant cur
#1266424 07.07.2026 15:16:26 : EVT PMIC : PMIC Fast-charge constant cur
#1266425 07.07.2026 15:16:26 : EVT PMIC : PMIC Fast-charge constant cur
#1266426 07.07.2026 15:16:26 : EVT PMIC : PMIC Fast-charge constant cur
#1266427 07.07.2026 15:16:26 : EVT PMIC : PMIC Fast-charge constant cur
#1266428 07.07.2026 15:16:26 : EVT PMIC : PMIC Fast-charge constant cur
#1266429 07.07.2026 15:16:26 : EVT PMIC : PMIC Fast-charge constant cur
#1266430 07.07.2026 15:16:26 : EVT PMIC : PMIC Fast-charge constant cur
#1266431 07.07.2026 15:16:26 : EVT PMIC : PMIC Fast-charge constant cur
#1266432 07.07.2026 15:16:26 : EVT PMIC : PMIC Fast-charge constant cur
#1266433 07.07.2026 15:16:26 : EVT PMIC : PMIC Fast-charge constant cur
#1266434 07.07.2026 15:16:26 : EVT PMIC : PMIC Fast-charge constant cur
#1266435 07.07.2026 15:16:26 : EVT PMIC : PMIC Fast-charge constant cur
#1266436 07.07.2026 15:16:26 : EVT PMIC : PMIC Fast-charge constant cur
#1266437 07.07.2026 15:16:26 : EVT PMIC : PMIC Fast-charge constant cur
#1266438 07.07.2026 15:16:26 : EVT PMIC : PMIC Fast-charge constant cur
#1266439 07.07.2026 15:16:26 : EVT PMIC : PMIC Fast-charge constant cur
#1266440 07.07.2026 15:16:26 : EVT PMIC : PMIC Fast-charge constant cur
#1266441 07.07.2026 15:16:26 : EVT PMIC : PMIC Fast-charge constant cur
#1266442 07.07.2026 15:16:26 : EVT PMIC : PMIC Fast-charge constant cur
#1266443 07.07.2026 15:16:26 : EVT PMIC : PMIC Fast-charge constant cur
#1266444 07.07.2026 15:16:26 : EVT PMIC : PMIC Fast-charge constant cur
#1266445 07.07.2026 15:16:26 : EVT PMIC : PMIC Fast-charge constant cur
#1266446 07.07.2026 15:16:26 : EVT PMIC : PMIC Precharge
#1266447 07.07.2026 15:16:26 : EVT PMIC : PMIC Fast-charge constant cur
#1266448 07.07.2026 15:16:26 : EVT PMIC : PMIC Fast-charge constant cur
#1266449 07.07.2026 15:16:26 : EVT PMIC : PMIC Fast-charge constant cur
#1266450 07.07.2026 15:16:26 : EVT PMIC : PMIC Fast-charge constant cur
#1266451 07.07.2026 15:16:26 : EVT PMIC : PMIC Fast-charge constant cur
#1266452 07.07.2026 15:16:26 : EVT PMIC : PMIC Fast-charge constant cur
#1266453 07.07.2026 15:16:26 : EVT PMIC : PMIC Maintain charge
#1266454 07.07.2026 15:16:26 : EVT WIFI : APs scanned:15
#1266455 07.07.2026 15:16:26 : WRN WIFI : No APs matched to connect
#1266456 07.07.2026 15:16:26 : EVT WIFI : Internal connect ret:103
#1266457 07.07.2026 15:16:26 : ERR <Unknown> : DL GET resultCode=500
#1266458 07.07.2026 15:16:26 : EVT <Unknown> : DL try retry after 900000 ms
#1266459 07.07.2026 15:16:33 : EVT PMIC : PMIC Fast-charge constant cur
#1266460 07.07.2026 15:16:39 : EVT WIFI : Pwr down idle wifi (TO:13se)
#1266461 07.07.2026 15:16:39 : EVT WIFI : pwr down OK
#1266462 07.07.2026 15:16:42 : EVT PMIC : PMIC Maintain charge
#1266463 07.07.2026 15:17:02 : EVT PMIC : PMIC Fast-charge constant cur
#1266464 07.07.2026 15:17:02 : EVT PMIC : PMIC Precharge
#1266465 07.07.2026 15:17:02 : EVT PMIC : PMIC Fast-charge constant cur
#1266466 07.07.2026 15:17:02 : EVT PMIC : PMIC Fast-charge constant cur
#1266467 07.07.2026 15:17:02 : EVT PMIC : PMIC Fast-charge constant cur
#1266468 07.07.2026 15:17:02 : EVT PMIC : PMIC Fast-charge constant cur
#1266469 07.07.2026 15:17:02 : EVT PMIC : PMIC Fast-charge constant cur
#1266470 07.07.2026 15:17:02 : EVT PMIC : PMIC Fast-charge constant cur
#1266471 07.07.2026 15:17:02 : EVT PMIC : PMIC Precharge
#1266472 07.07.2026 15:17:02 : EVT PMIC : PMIC Fast-charge constant cur
#1266473 07.07.2026 15:17:02 : EVT PMIC : PMIC Fast-charge constant cur
#1266474 07.07.2026 15:17:02 : EVT PMIC : PMIC Fast-charge constant cur
#1266475 07.07.2026 15:17:02 : EVT PMIC : PMIC Fast-charge constant cur
#1266476 07.07.2026 15:17:02 : EVT PMIC : PMIC Fast-charge constant cur
#1266477 07.07.2026 15:17:02 : EVT PMIC : PMIC Fast-charge constant cur
#1266478 07.07.2026 15:17:02 : EVT PMIC : PMIC Fast-charge constant cur
#1266479 07.07.2026 15:17:02 : EVT PMIC : PMIC Fast-charge constant cur
#1266480 07.07.2026 15:17:02 : EVT PMIC : PMIC Fast-charge constant cur
#1266481 07.07.2026 15:17:02 : EVT PMIC : PMIC Fast-charge constant cur
#1266482 07.07.2026 15:17:02 : EVT PMIC : PMIC Fast-charge constant cur
#1266483 07.07.2026 15:17:02 : EVT PMIC : PMIC Fast-charge constant cur
#1266484 07.07.2026 15:17:02 : EVT PMIC : PMIC Fast-charge constant cur
#1266485 07.07.2026 15:17:02 : EVT PMIC : PMIC Fast-charge constant cur
#1266486 07.07.2026 15:17:02 : EVT PMIC : PMIC Fast-charge constant cur
#1266487 07.07.2026 15:17:02 : EVT PMIC : PMIC Fast-charge constant cur
#1266488 07.07.2026 15:17:02 : EVT PMIC : PMIC Fast-charge constant cur
#1266489 07.07.2026 15:17:02 : EVT PMIC : PMIC Fast-charge constant cur
#1266490 07.07.2026 15:17:02 : EVT PMIC : PMIC Fast-charge constant cur
#1266491 07.07.2026 15:17:02 : EVT PMIC : PMIC Fast-charge constant cur
#1266492 07.07.2026 15:17:02 : EVT PMIC : PMIC Fast-charge constant cur
#1266493 07.07.2026 15:17:02 : EVT PMIC : PMIC Fast-charge constant cur
#1266494 07.07.2026 15:17:03 : EVT PMIC : PMIC Fast-charge constant cur
#1266495 07.07.2026 15:17:03 : EVT PMIC : PMIC Fast-charge constant cur
#1266496 07.07.2026 15:17:03 : EVT PMIC : PMIC Fast-charge constant cur
#1266497 07.07.2026 15:17:03 : EVT PMIC : PMIC Fast-charge constant cur
#1266498 07.07.2026 15:17:03 : EVT PMIC : PMIC Fast-charge constant cur
#1266499 07.07.2026 15:17:03 : EVT PMIC : PMIC Fast-charge constant cur
#1266500 07.07.2026 15:17:03 : EVT PMIC : PMIC Fast-charge constant cur
#1266501 07.07.2026 15:17:03 : EVT PMIC : PMIC Fast-charge constant cur
#1266502 07.07.2026 15:17:03 : EVT PMIC : PMIC Fast-charge constant cur
#1266503 07.07.2026 15:17:03 : EVT PMIC : PMIC Fast-charge constant cur
#1266504 07.07.2026 15:17:03 : EVT PMIC : PMIC Fast-charge constant cur
#1266505 07.07.2026 15:17:03 : EVT PMIC : PMIC Fast-charge constant cur
#1266506 07.07.2026 15:17:03 : EVT PMIC : PMIC Fast-charge constant cur
#1266507 07.07.2026 15:17:03 : EVT PMIC : PMIC Fast-charge constant cur
#1266508 07.07.2026 15:17:03 : EVT PMIC : PMIC Fast-charge constant cur
#1266509 07.07.2026 15:17:03 : EVT PMIC : PMIC Fast-charge constant cur
#1266510 07.07.2026 15:17:03 : EVT PMIC : PMIC Fast-charge constant cur
#1266511 07.07.2026 15:17:03 : EVT PMIC : PMIC Fast-charge constant cur
#1266512 07.07.2026 15:17:03 : EVT PMIC : PMIC Fast-charge constant cur
#1266513 07.07.2026 15:17:03 : EVT PMIC : PMIC Fast-charge constant cur
#1266514 07.07.2026 15:17:03 : EVT PMIC : PMIC Fast-charge constant cur
#1266515 07.07.2026 15:17:03 : EVT PMIC : PMIC Fast-charge constant cur
#1266516 07.07.2026 15:17:03 : EVT PMIC : PMIC Fast-charge constant cur
#1266517 07.07.2026 15:17:03 : EVT PMIC : PMIC Fast-charge constant cur
#1266518 07.07.2026 15:17:03 : EVT PMIC : PMIC Fast-charge constant cur
#1266519 07.07.2026 15:17:03 : EVT PMIC : PMIC Fast-charge constant cur
#1266520 07.07.2026 15:17:03 : EVT PMIC : PMIC Fast-charge constant cur
#1266521 07.07.2026 15:17:03 : EVT PMIC : PMIC Fast-charge constant cur
#1266522 07.07.2026 15:17:03 : EVT PMIC : PMIC Fast-charge constant cur
#1266523 07.07.2026 15:17:03 : EVT PMIC : PMIC Fast-charge constant cur
#1266524 07.07.2026 15:17:03 : EVT PMIC : PMIC Fast-charge constant cur
#1266525 07.07.2026 15:17:03 : EVT PMIC : PMIC Precharge
#1266526 07.07.2026 15:17:03 : EVT PMIC : PMIC Fast-charge constant cur
#1266527 07.07.2026 15:17:03 : EVT PMIC : PMIC Fast-charge constant cur
#1266528 07.07.2026 15:17:03 : EVT PMIC : PMIC Fast-charge constant cur
#1266529 07.07.2026 15:17:03 : EVT PMIC : PMIC Fast-charge constant cur
#1266530 07.07.2026 15:17:03 : EVT PMIC : PMIC Fast-charge constant cur
#1266531 07.07.2026 15:17:03 : EVT PMIC : PMIC Fast-charge constant cur
#1266532 07.07.2026 15:17:03 : EVT PMIC : PMIC Fast-charge constant cur
#1266533 07.07.2026 15:17:03 : EVT PMIC : PMIC Fast-charge constant cur
#1266534 07.07.2026 15:17:03 : EVT PMIC : PMIC Fast-charge constant cur
#1266535 07.07.2026 15:17:03 : EVT PMIC : PMIC Fast-charge constant cur
#1266536 07.07.2026 15:17:03 : EVT PMIC : PMIC Fast-charge constant cur
#1266537 07.07.2026 15:17:03 : EVT PMIC : PMIC Fast-charge constant cur
#1266538 07.07.2026 15:17:03 : EVT PMIC : PMIC Fast-charge constant cur
#1266539 07.07.2026 15:17:03 : EVT PMIC : PMIC Fast-charge constant cur
#1266540 07.07.2026 15:17:03 : EVT PMIC : PMIC Precharge
#1266541 07.07.2026 15:17:03 : EVT PMIC : PMIC Fast-charge constant cur
#1266542 07.07.2026 15:17:03 : EVT PMIC : PMIC Fast-charge constant cur
#1266543 07.07.2026 15:17:03 : EVT PMIC : PMIC Fast-charge constant cur
#1266544 07.07.2026 15:17:03 : EVT PMIC : PMIC Fast-charge constant cur
#1266545 07.07.2026 15:17:03 : EVT PMIC : PMIC Fast-charge constant cur
#1266546 07.07.2026 15:17:03 : EVT PMIC : PMIC Fast-charge constant cur
#1266547 07.07.2026 15:17:03 : EVT PMIC : PMIC Precharge
#1266548 07.07.2026 15:17:03 : EVT PMIC : PMIC Fast-charge constant cur
#1266549 07.07.2026 15:17:03 : EVT PMIC : PMIC Fast-charge constant cur
#1266550 07.07.2026 15:17:03 : EVT PMIC : PMIC Precharge
#1266551 07.07.2026 15:17:03 : EVT PMIC : PMIC Fast-charge constant cur
#1266552 07.07.2026 15:17:03 : EVT PMIC : PMIC Fast-charge constant cur
#1266553 07.07.2026 15:17:03 : EVT PMIC : PMIC Fast-charge constant cur
#1266554 07.07.2026 15:17:03 : EVT PMIC : PMIC Fast-charge constant cur
#1266555 07.07.2026 15:17:03 : EVT PMIC : PMIC Fast-charge constant cur
#1266556 07.07.2026 15:17:03 : EVT PMIC : PMIC Fast-charge constant cur
#1266557 07.07.2026 15:17:03 : EVT PMIC : PMIC Fast-charge constant cur
#1266558 07.07.2026 15:17:03 : EVT PMIC : PMIC Fast-charge constant cur
#1266559 07.07.2026 15:17:03 : EVT PMIC : PMIC Precharge
#1266560 07.07.2026 15:17:03 : EVT PMIC : PMIC Fast-charge constant cur
#1266561 07.07.2026 15:17:03 : EVT PMIC : PMIC Fast-charge constant cur
#1266562 07.07.2026 15:17:04 : EVT PMIC : PMIC Maintain charge
#1266563 07.07.2026 15:17:26 : EVT PMIC : PMIC Fast-charge constant cur
#1266564 07.07.2026 15:17:26 : EVT PMIC : PMIC Fast-charge constant cur
#1266565 07.07.2026 15:17:26 : EVT PMIC : PMIC Fast-charge constant cur
#1266566 07.07.2026 15:17:26 : EVT PMIC : PMIC Fast-charge constant cur
#1266567 07.07.2026 15:17:26 : EVT PMIC : PMIC Fast-charge constant cur
#1266568 07.07.2026 15:17:26 : EVT PMIC : PMIC Precharge
#1266569 07.07.2026 15:17:26 : EVT PMIC : PMIC Fast-charge constant cur
#1266570 07.07.2026 15:17:26 : EVT PMIC : PMIC Fast-charge constant cur
#1266571 07.07.2026 15:17:26 : EVT PMIC : PMIC Fast-charge constant cur
#1266572 07.07.2026 15:17:26 : EVT PMIC : PMIC Fast-charge constant cur
#1266573 07.07.2026 15:17:26 : EVT PMIC : PMIC Fast-charge constant cur
#1266574 07.07.2026 15:17:26 : EVT PMIC : PMIC Fast-charge constant cur
#1266575 07.07.2026 15:17:26 : EVT PMIC : PMIC Fast-charge constant cur
#1266576 07.07.2026 15:17:26 : EVT PMIC : PMIC Fast-charge constant cur
#1266577 07.07.2026 15:17:26 : EVT PMIC : PMIC Fast-charge constant cur
#1266578 07.07.2026 15:17:26 : EVT PMIC : PMIC Fast-charge constant cur
#1266579 07.07.2026 15:17:26 : EVT PMIC : PMIC Fast-charge constant cur
#1266580 07.07.2026 15:17:26 : EVT PMIC : PMIC Fast-charge constant cur
#1266581 07.07.2026 15:17:26 : EVT PMIC : PMIC Fast-charge constant cur
#1266582 07.07.2026 15:17:26 : EVT PMIC : PMIC Fast-charge constant cur
#1266583 07.07.2026 15:17:26 : EVT PMIC : PMIC Fast-charge constant cur
#1266584 07.07.2026 15:17:26 : EVT PMIC : PMIC Fast-charge constant cur
#1266585 07.07.2026 15:17:26 : EVT PMIC : PMIC Fast-charge constant cur
#1266586 07.07.2026 15:17:26 : EVT PMIC : PMIC Fast-charge constant cur
#1266587 07.07.2026 15:17:26 : EVT PMIC : PMIC Fast-charge constant cur
#1266588 07.07.2026 15:17:26 : EVT PMIC : PMIC Fast-charge constant cur
#1266589 07.07.2026 15:17:26 : EVT PMIC : PMIC Fast-charge constant cur
#1266590 07.07.2026 15:17:26 : EVT PMIC : PMIC Fast-charge constant cur
#1266591 07.07.2026 15:17:26 : EVT PMIC : PMIC Fast-charge constant cur
#1266592 07.07.2026 15:17:26 : EVT PMIC : PMIC Precharge
#1266593 07.07.2026 15:17:26 : EVT PMIC : PMIC Fast-charge constant cur
#1266594 07.07.2026 15:17:26 : EVT PMIC : PMIC Fast-charge constant cur
#1266595 07.07.2026 15:17:26 : EVT PMIC : PMIC Precharge
#1266596 07.07.2026 15:17:26 : EVT PMIC : PMIC Fast-charge constant cur
#1266597 07.07.2026 15:17:26 : EVT PMIC : PMIC Fast-charge constant cur
#1266598 07.07.2026 15:17:26 : EVT PMIC : PMIC Fast-charge constant cur
#1266599 07.07.2026 15:17:26 : EVT PMIC : PMIC Fast-charge constant cur
#1266600 07.07.2026 15:17:26 : EVT PMIC : PMIC Fast-charge constant cur
#1266601 07.07.2026 15:17:26 : EVT PMIC : PMIC Fast-charge constant cur
#1266602 07.07.2026 15:17:26 : EVT PMIC : PMIC Fast-charge constant cur
#1266603 07.07.2026 15:17:26 : EVT PMIC : PMIC Fast-charge constant cur
#1266604 07.07.2026 15:17:26 : EVT PMIC : PMIC Fast-charge constant cur
#1266605 07.07.2026 15:17:26 : EVT PMIC : PMIC Fast-charge constant cur
#1266606 07.07.2026 15:17:26 : EVT PMIC : PMIC Fast-charge constant cur
#1266607 07.07.2026 15:17:26 : EVT PMIC : PMIC Precharge
#1266608 07.07.2026 15:17:26 : EVT PMIC : PMIC Fast-charge constant cur
#1266609 07.07.2026 15:17:26 : EVT PMIC : PMIC Fast-charge constant cur
#1266610 07.07.2026 15:17:26 : EVT PMIC : PMIC Fast-charge constant cur
#1266611 07.07.2026 15:17:26 : EVT PMIC : PMIC Fast-charge constant cur
#1266612 07.07.2026 15:17:26 : EVT PMIC : PMIC Fast-charge constant cur
#1266613 07.07.2026 15:17:26 : EVT PMIC : PMIC Fast-charge constant cur
#1266614 07.07.2026 15:17:26 : EVT PMIC : PMIC Fast-charge constant cur
#1266615 07.07.2026 15:17:26 : EVT PMIC : PMIC Fast-charge constant cur
#1266616 07.07.2026 15:17:27 : EVT PMIC : PMIC Fast-charge constant cur
#1266617 07.07.2026 15:17:27 : EVT PMIC : PMIC Fast-charge constant cur
#1266618 07.07.2026 15:17:27 : EVT PMIC : PMIC Fast-charge constant cur
#1266619 07.07.2026 15:17:27 : EVT PMIC : PMIC Fast-charge constant cur
#1266620 07.07.2026 15:17:27 : EVT PMIC : PMIC Fast-charge constant cur
#1266621 07.07.2026 15:17:27 : EVT PMIC : PMIC Fast-charge constant cur
#1266622 07.07.2026 15:17:27 : EVT PMIC : PMIC Fast-charge constant cur
#1266623 07.07.2026 15:17:27 : EVT PMIC : PMIC Fast-charge constant cur
#1266624 07.07.2026 15:17:27 : EVT PMIC : PMIC Fast-charge constant cur
#1266625 07.07.2026 15:17:27 : EVT PMIC : PMIC Fast-charge constant cur
#1266626 07.07.2026 15:17:27 : EVT PMIC : PMIC Fast-charge constant cur
#1266627 07.07.2026 15:17:27 : EVT PMIC : PMIC Fast-charge constant cur
#1266628 07.07.2026 15:17:27 : EVT PMIC : PMIC Fast-charge constant cur
#1266629 07.07.2026 15:17:27 : EVT PMIC : PMIC Fast-charge constant cur
#1266630 07.07.2026 15:17:27 : EVT PMIC : PMIC Precharge
#1266631 07.07.2026 15:17:27 : EVT PMIC : PMIC Fast-charge constant cur
#1266632 07.07.2026 15:17:27 : EVT PMIC : PMIC Fast-charge constant cur
#1266633 07.07.2026 15:17:27 : EVT PMIC : PMIC Precharge
#1266634 07.07.2026 15:17:27 : EVT PMIC : PMIC Fast-charge constant cur
#1266635 07.07.2026 15:17:27 : EVT PMIC : PMIC Fast-charge constant cur
#1266636 07.07.2026 15:17:27 : EVT PMIC : PMIC Fast-charge constant cur
#1266637 07.07.2026 15:17:27 : EVT PMIC : PMIC Fast-charge constant cur
#1266638 07.07.2026 15:17:27 : EVT PMIC : PMIC Fast-charge constant cur
#1266639 07.07.2026 15:17:27 : EVT PMIC : PMIC Fast-charge constant cur
#1266640 07.07.2026 15:17:27 : EVT PMIC : PMIC Fast-charge constant cur
#1266641 07.07.2026 15:17:27 : EVT PMIC : PMIC Fast-charge constant cur
#1266642 07.07.2026 15:17:27 : EVT PMIC : PMIC Fast-charge constant cur
#1266643 07.07.2026 15:17:27 : EVT PMIC : PMIC Fast-charge constant cur
#1266644 07.07.2026 15:17:27 : EVT PMIC : PMIC Fast-charge constant cur
#1266645 07.07.2026 15:17:27 : EVT PMIC : PMIC Fast-charge constant cur
#1266646 07.07.2026 15:17:27 : EVT PMIC : PMIC Fast-charge constant cur
#1266647 07.07.2026 15:17:27 : EVT PMIC : PMIC Fast-charge constant cur
#1266648 07.07.2026 15:17:27 : EVT PMIC : PMIC Fast-charge constant cur
#1266649 07.07.2026 15:17:27 : EVT PMIC : PMIC Fast-charge constant cur
#1266650 07.07.2026 15:17:27 : EVT PMIC : PMIC Fast-charge constant cur
#1266651 07.07.2026 15:17:27 : EVT PMIC : PMIC Fast-charge constant cur
#1266652 07.07.2026 15:17:27 : EVT PMIC : PMIC Fast-charge constant cur
#1266653 07.07.2026 15:17:27 : EVT PMIC : PMIC Fast-charge constant cur
#1266654 07.07.2026 15:17:27 : EVT PMIC : PMIC Fast-charge constant cur
#1266655 07.07.2026 15:17:27 : EVT PMIC : PMIC Fast-charge constant cur
#1266656 07.07.2026 15:17:27 : EVT PMIC : PMIC Fast-charge constant cur
#1266657 07.07.2026 15:17:27 : EVT PMIC : PMIC Precharge
#1266658 07.07.2026 15:17:27 : EVT PMIC : PMIC Fast-charge constant cur
#1266659 07.07.2026 15:17:27 : EVT PMIC : PMIC Fast-charge constant cur
#1266660 07.07.2026 15:17:27 : EVT PMIC : PMIC Fast-charge constant cur
#1266661 07.07.2026 15:17:27 : EVT PMIC : PMIC Fast-charge constant cur
#1266662 07.07.2026 15:17:27 : EVT PMIC : PMIC Fast-charge constant cur
#1266663 07.07.2026 15:17:27 : EVT PMIC : PMIC Fast-charge constant cur
#1266664 07.07.2026 15:17:27 : EVT PMIC : PMIC Fast-charge constant cur
#1266665 07.07.2026 15:17:27 : EVT PMIC : PMIC Fast-charge constant cur
#1266666 07.07.2026 15:17:27 : EVT PMIC : PMIC Fast-charge constant cur
#1266667 07.07.2026 15:17:27 : EVT PMIC : PMIC Precharge
#1266668 07.07.2026 15:17:27 : EVT PMIC : PMIC Fast-charge constant cur
#1266669 07.07.2026 15:17:27 : EVT PMIC : PMIC Fast-charge constant cur
#1266670 07.07.2026 15:17:27 : EVT PMIC : PMIC Fast-charge constant cur
#1266671 07.07.2026 15:17:27 : EVT PMIC : PMIC Fast-charge constant cur
#1266672 07.07.2026 15:17:27 : EVT PMIC : PMIC Fast-charge constant cur
#1266673 07.07.2026 15:17:27 : EVT PMIC : PMIC Fast-charge constant cur
#1266674 07.07.2026 15:17:27 : EVT PMIC : PMIC Fast-charge constant cur
#1266675 07.07.2026 15:17:27 : EVT PMIC : PMIC Fast-charge constant cur
#1266676 07.07.2026 15:17:27 : EVT PMIC : PMIC Fast-charge constant cur
#1266677 07.07.2026 15:17:27 : EVT PMIC : PMIC Fast-charge constant cur
#1266678 07.07.2026 15:17:27 : EVT PMIC : PMIC Fast-charge constant cur
#1266679 07.07.2026 15:17:27 : EVT PMIC : PMIC Fast-charge constant cur
#1266680 07.07.2026 15:17:27 : EVT PMIC : PMIC Fast-charge constant cur
#1266681 07.07.2026 15:17:27 : EVT PMIC : PMIC Fast-charge constant cur
#1266682 07.07.2026 15:17:27 : EVT PMIC : PMIC Fast-charge constant cur
#1266683 07.07.2026 15:17:27 : EVT PMIC : PMIC Fast-charge constant cur
#1266684 07.07.2026 15:17:27 : EVT PMIC : PMIC Fast-charge constant cur
#1266685 07.07.2026 15:17:27 : EVT PMIC : PMIC Fast-charge constant cur
#1266686 07.07.2026 15:17:27 : EVT PMIC : PMIC Fast-charge constant cur
#1266687 07.07.2026 15:17:27 : EVT PMIC : PMIC Fast-charge constant cur
#1266688 07.07.2026 15:17:27 : EVT PMIC : PMIC Fast-charge constant cur
#1266689 07.07.2026 15:17:27 : EVT PMIC : PMIC Fast-charge constant cur
#1266690 07.07.2026 15:17:27 : ERR WBMAIN : *0: app 764 Event 4 80990326
#1266691 07.07.2026 15:17:27 : ERR WBMAIN : 1: mea 1 Wait 0 00000000
#1266692 07.07.2026 15:17:27 : ERR WBMAIN : 2: ui 11 Event 24 80992903
#1266693 07.07.2026 15:17:27 : EVT PMIC : PMIC Fast-charge constant cur
#1266694 07.07.2026 15:17:28 : EVT PMIC : PMIC Fast-charge constant cur
#1266695 07.07.2026 15:17:28 : EVT PMIC : PMIC Fast-charge constant cur
#1266696 07.07.2026 15:17:28 : EVT PMIC : PMIC Fast-charge constant cur
#1266697 07.07.2026 15:17:28 : EVT PMIC : PMIC Fast-charge constant cur
#1266698 07.07.2026 15:17:28 : EVT PMIC : PMIC Fast-charge constant cur
#1266699 07.07.2026 15:17:28 : EVT PMIC : PMIC Fast-charge constant cur
#1266700 07.07.2026 15:17:28 : EVT PMIC : PMIC Fast-charge constant cur
#1266701 07.07.2026 15:17:29 : EVT PMIC : PMIC temp zone:0x7
#1266702 07.07.2026 15:17:29 : EVT PMIC : VBUS state is OFF
#1266703 07.07.2026 15:17:29 : EVT PMIC : Turn charge OFF since VBUS->OFF
#1266704 07.07.2026 15:17:29 : EVT WBCOMM : Route lost: ECSD00000000
#1266705 07.07.2026 15:17:29 : TRC FUEL_GAUGE : Chg->0,B:5,C:8.7,V:4442,U:0,bF:100%,bC:100%
#1266706 07.07.2026 15:17:29 : EVT OHR : VBUS off
#1266707 07.07.2026 15:17:29 : EVT OHR : S:ON 0->1
#1266708 07.07.2026 15:17:29 : EVT ANALYTICS : Battery-> 1 soc:100
#1266709 07.07.2026 15:17:29 : EVT OHR : APPINIT:caps 0x1f4, 6b738616
#1266710 07.07.2026 15:17:29 : EVT <Unknown> : 1783430249735:AI@1783430249710, tz120
#1266711 07.07.2026 15:17:29 : EVT OHR : S:start 0x2123
#1266712 07.07.2026 15:17:29 : EVT <Unknown> : 1783430249742:Meas start 0x2123
#1266713 07.07.2026 15:17:30 : EVT <Unknown> : 1783430249757:PD1464, 0
#1266714 07.07.2026 15:17:30 : EVT <Unknown> : 1783430249818:GMV 20251126/1/4/0/395/46
#1266715 07.07.2026 15:17:30 : EVT <Unknown> : 1783430250074:Mi1.6.10, auth 0, hr_mode 0
#1266716 07.07.2026 15:17:30 : EVT <Unknown> : 1783430250325:On Skin Set.
#1266717 07.07.2026 15:17:31 : EVT WBSTORAGE : CACHE_DEFRAG (776->792, 24->24, 25)
#1266718 07.07.2026 15:17:31 : TRC NAVIGATION : CG: no climb WP
#1266719 07.07.2026 15:17:31 : TRC NAVIGATION : CG:init ZoomType=0
#1266720 07.07.2026 15:17:31 : EVT NAVIGATION : initSeg Idx=0 D=1 T=0 3-0-4
#1266721 07.07.2026 15:17:31 : EVT WBSTORAGE : CACHE_DEFRAG (744->904, 24->24, 25)
#1266722 07.07.2026 15:17:31 : EVT ALTIFUSION : AltiBaroMode:0
#1266723 07.07.2026 15:17:31 : EVT ALTIFUSION : Init AltiBaro
#1266724 07.07.2026 15:17:31 : EVT APPLICATION : Zapp zwc05901:Disable
#1266725 07.07.2026 15:17:31 : EVT ANALYTICS : Zapp disabled i:3 h:ddb248f2 n:Vector classic
#1266726 07.07.2026 15:17:32 : EVT ANALYTICS : SleepQ:Tracking:On
#1266727 07.07.2026 15:17:32 : EVT ALTIFUSION : AltiBaroMode:0
#1266728 07.07.2026 15:17:32 : EVT ALTIFUSION : Init AltiBaro
#1266729 07.07.2026 15:17:32 : EVT UI_FRAMEWORK : JS nsto enable zapp: zzwethen
#1266730 07.07.2026 15:17:32 : EVT UI_FRAMEWORK : JS nsto enable zapp: zzmoveen
#1266731 07.07.2026 15:17:32 : EVT UI_FRAMEWORK : JS nsto enable zapp: climbl01
#1266732 07.07.2026 15:17:32 : EVT APPLICATION : Zapp zzwethen:Load script
#1266733 07.07.2026 15:17:32 : EVT APPLICATION : Zapp zzwethen:Enable
#1266734 07.07.2026 15:17:32 : EVT ANALYTICS : Zapp enabled i:8 h:3f77f8ec n:zzwethen v:ade
#1266735 07.07.2026 15:17:32 : EVT APPLICATION : Zapp clid:32878
#1266736 07.07.2026 15:17:32 : EVT APPLICATION : Zapp zzmoveen:Load script
#1266737 07.07.2026 15:17:32 : EVT APPLICATION : Zapp zzmoveen:Enable
#1266738 07.07.2026 15:17:32 : EVT ANALYTICS : Zapp enabled i:6 h:7aac0887 n:zzmoveen v:8e0
#1266739 07.07.2026 15:17:32 : EVT UI_FRAMEWORK : evalFile: b:/zapp/zzmoveen.fea/ext1.js from ui
#1266740 07.07.2026 15:17:32 : EVT APPLICATION : Zapp clid:32879
#1266741 07.07.2026 15:17:32 : EVT APPLICATION : Zapp climbl01:Load script
#1266742 07.07.2026 15:17:32 : EVT APPLICATION : Zapp climbl01:Enable
#1266743 07.07.2026 15:17:33 : EVT ANALYTICS : Zapp enabled i:5 h:a5e7afa5 n:climbl01 v:3.0
#1266744 07.07.2026 15:17:33 : EVT UI_FRAMEWORK : evalFile: b:/zapp/climbl01.fea/ext12.js from ui
#1266745 07.07.2026 15:17:33 : EVT APPLICATION : Zapp clid:32880
#1266746 07.07.2026 15:17:33 : ERR WBMAIN : *0: app 773 Event 37 80995318
#1266747 07.07.2026 15:17:33 : EVT UI_FRAMEWORK : JS nsto all zapps enabled.
#1266748 07.07.2026 15:17:33 : ERR WBMAIN : 1: mea 20 Wait 0 00000000
#1266749 07.07.2026 15:17:33 : ERR WBMAIN : 2: ui 25 Wait 0 00000000
#1266750 07.07.2026 15:17:33 : EVT UI_FRAMEWORK : JS Prestart Activity Id: 16.000
#1266751 07.07.2026 15:17:33 : WRN WBAPI : eID-691468(277): /Dive/Alarms/Acknowledge 404
#1266752 07.07.2026 15:17:33 : WRN WBAPI : eID-691468(277): /Dive/DiveGases 404
#1266753 07.07.2026 15:17:33 : WRN WBAPI : eID-691468(277): /Dive/Gauge/Next 404
#1266754 07.07.2026 15:17:33 : EVT WBSTORAGE : CACHE_DEFRAG (880->888, 24->24, 25)
#1266755 07.07.2026 15:17:33 : EVT WBSTORAGE : CACHE_DEFRAG (816->824, 24->24, 25)
#1266756 07.07.2026 15:17:33 : EVT WBSTORAGE : CACHE_DEFRAG (752->760, 24->24, 25)
#1266757 07.07.2026 15:17:33 : EVT BLE : BLE Sensor Link 4800180D Conn (--E-:00:1)
#1266758 07.07.2026 15:17:33 : WRN BLE : sendConnect 6157
#1266759 07.07.2026 15:17:33 : WRN WBAPI : eID-691468(277): /Dive/TankPressure/Alarm/Count 404
#1266760 07.07.2026 15:17:33 : EVT SPEEDFUSION : INFO # start speed fusion
#1266761 07.07.2026 15:17:34 : EVT SPEEDFUSION : Act:16,Acc:0,BPod:0,FPod:0,PPod:0,BeltPod:1
#1266762 07.07.2026 15:17:34 : EVT SPEEDFUSION : INFO # Start algo without wrist acc
#1266763 07.07.2026 15:17:34 : EVT <Unknown> : Update pres sampl intrvl:1
#1266764 07.07.2026 15:17:34 : EVT OHR : S:start 0x21a3
#1266765 07.07.2026 15:17:34 : EVT <Unknown> : 1783430254126:Meas start 0x21a3
#1266766 07.07.2026 15:17:35 : ERR <Unknown> : 1783430254535:Mi invalid call:100,code:0.
#1266767 07.07.2026 15:17:38 : EVT OHR : No HR update, invalidate by timer
#1266768 07.07.2026 15:17:38 : EVT APPLICATION : Zapp climbl01:Disable
#1266769 07.07.2026 15:17:38 : EVT ANALYTICS : Zapp disabled i:5 h:a5e7afa5 n:Climb Log
#1266770 07.07.2026 15:17:38 : EVT WBSTORAGE : CACHE_DEFRAG (680->704, 24->24, 25)
#1266771 07.07.2026 15:17:43 : EVT BLE : lt,scan 1
#1266772 07.07.2026 15:17:43 : WRN BLE : sendDisconnect 6157
#1266773 07.07.2026 15:17:43 : ERR BLE : [AURA]No filters left, stopping scan
#1266774 07.07.2026 15:17:43 : ERR BLE : [AURA]Filter with handle 72 not found
#1266775 07.07.2026 15:17:43 : EVT BLE : packet 0 sensor found count 1
#1266776 07.07.2026 15:17:43 : EVT BLE : packet 0 sensor found count 2
#1266777 07.07.2026 15:17:43 : EVT APPLICATION : Zapp climbl01:Load script
#1266778 07.07.2026 15:17:43 : EVT APPLICATION : Zapp climbl01:Enable
#1266779 07.07.2026 15:17:43 : EVT ANALYTICS : Zapp enabled i:5 h:a5e7afa5 n:climbl01 v:3.0
#1266780 07.07.2026 15:17:43 : EVT UI_FRAMEWORK : evalFile: b:/zapp/climbl01.fea/ext12.js from ui
#1266781 07.07.2026 15:17:43 : ERR APPLICATION : Zapp:relMemCb (exec:zapp)
#1266782 07.07.2026 15:17:43 : EVT APPLICATION : Zapp zzwethen:Disable
#1266783 07.07.2026 15:17:43 : EVT ANALYTICS : Zapp disabled i:8 h:3f77f8ec n:Weather
#1266784 07.07.2026 15:17:43 : ERR APPLICATION : Zapp 3:RelMem->unload
#1266785 07.07.2026 15:17:43 : EVT APPLICATION : Zapp clid:32880
#1266786 07.07.2026 15:17:43 : EVT OHR : S:start 0x2123
#1266787 07.07.2026 15:17:44 : EVT <Unknown> : 1783430264019:Meas start 0x2123
#1266788 07.07.2026 15:17:46 : EVT ANALYTICS : #FusHr src:2 time:12228
#1266789 07.07.2026 15:17:47 : EVT <Unknown> : 1783430266612:Off Skin Set.
#1266790 07.07.2026 15:17:48 : EVT PMIC : VBUS state is ON
#1266791 07.07.2026 15:17:48 : EVT PMIC : chgCntl1:0x70
#1266792 07.07.2026 15:17:48 : EVT PMIC : check chgCntl1:0x74
#1266793 07.07.2026 15:17:48 : EVT PMIC : Turn charge ON since VBUS->ON
#1266794 07.07.2026 15:17:48 : EVT PMIC : PMIC temp zone:0x2
#1266795 07.07.2026 15:17:48 : EVT PMIC : PMIC Fast-charge constant cur
#1266796 07.07.2026 15:17:48 : EVT OHR : VBUS on
#1266797 07.07.2026 15:17:48 : EVT OHR : S:stop 23
#1266798 07.07.2026 15:17:48 : EVT <Unknown> : 1783430268911:Meas stop 0x2123
#1266799 07.07.2026 15:17:48 : WRN <Unknown> : 1783430268911:FSM EVT STOP.
#1266800 07.07.2026 15:17:48 : EVT OHR : S:OFF 1->0
#1266801 07.07.2026 15:17:49 : EVT PMIC : VBUS state is ON
#1266802 07.07.2026 15:17:49 : EVT PMIC : PMIC temp zone:0x7
#1266803 07.07.2026 15:17:49 : EVT PMIC : VBUS state is OFF
#1266804 07.07.2026 15:17:49 : EVT PMIC : Turn charge OFF since VBUS->OFF
#1266805 07.07.2026 15:17:49 : EVT OHR : VBUS off
#1266806 07.07.2026 15:17:49 : EVT OHR : S:ON 0->1
#1266807 07.07.2026 15:17:50 : EVT OHR : APPINIT:caps 0x1f4, 6b738616
#1266808 07.07.2026 15:17:50 : EVT <Unknown> : 1783430270014:AI@1783430269990, tz120
#1266809 07.07.2026 15:17:50 : EVT OHR : S:start 0x2123
#1266810 07.07.2026 15:17:50 : EVT <Unknown> : 1783430270046:Meas start 0x2123
#1266811 07.07.2026 15:17:50 : EVT <Unknown> : 1783430270061:PD1464, 0
#1266812 07.07.2026 15:17:50 : EVT <Unknown> : 1783430270122:GMV 20251126/1/4/0/395/46
#1266813 07.07.2026 15:17:50 : EVT <Unknown> : 1783430270376:Mi1.6.10, auth 0, hr_mode 0
#1266814 07.07.2026 15:17:51 : EVT OHR : No HR update, invalidate by timer
#1266815 07.07.2026 15:17:51 : EVT <Unknown> : 1783430271299:On Skin Set.
#1266816 07.07.2026 15:17:52 : WRN WBAPI : eID-691468(277): /Dive/TankPressure/Alarm/Count 404
#1266817 07.07.2026 15:17:53 : EVT OHR : S:start 0x21a3
#1266818 07.07.2026 15:17:53 : EVT <Unknown> : 1783430273041:Meas start 0x21a3
#1266819 07.07.2026 15:17:54 : EVT LOGGER : HrIbiLogger stop, off (0 ms)
#1266820 07.07.2026 15:17:55 : EVT WBSTORAGE : CACHE_DEFRAG (640->784, 24->24, 25)
#1266821 07.07.2026 15:17:55 : EVT WBSTORAGE : CACHE_DEFRAG (768->776, 24->24, 25)
#1266822 07.07.2026 15:17:55 : TRC NAVIGATION : CG: no climb WP
#1266823 07.07.2026 15:17:55 : TRC NAVIGATION : CG:init ZoomType=0
#1266824 07.07.2026 15:17:55 : EVT NAVIGATION : initSeg Idx=0 D=1 T=0 3-0-4
#1266825 07.07.2026 15:17:55 : EVT WBSTORAGE : CACHE_DEFRAG (760->1024, 24->24, 25)
#1266826 07.07.2026 15:17:55 : EVT SPEEDFUSION : INFO # IDLE mode(-1) set
#1266827 07.07.2026 15:17:55 : EVT ALTIFUSION : AltiBaroMode:2
#1266828 07.07.2026 15:17:55 : EVT APPLICATION : Zapp climbl01:Disable
#1266829 07.07.2026 15:17:55 : EVT ANALYTICS : Zapp disabled i:5 h:a5e7afa5 n:Climb Log
#1266830 07.07.2026 15:17:55 : EVT APPLICATION : Zapp zzmoveen:Disable
#1266831 07.07.2026 15:17:55 : EVT ANALYTICS : Zapp disabled i:6 h:7aac0887 n:Movement
#1266832 07.07.2026 15:17:55 : EVT UI_FRAMEWORK : evalFile: b:/zapp/zzmoveen.fea/ext2.js from ui
#1266833 07.07.2026 15:17:55 : EVT SPEEDFUSION : INFO # stop speed fusion
#1266834 07.07.2026 15:17:55 : EVT <Unknown> : Update pres sampl intrvl:5
#1266835 07.07.2026 15:17:55 : EVT ANALYTICS : SleepQ:Tracking:On
#1266836 07.07.2026 15:17:55 : EVT OHR : S:start 0x2123
#1266837 07.07.2026 15:17:55 : EVT WBSTORAGE : CACHE_DEFRAG (1000->1008, 24->24, 25)
#1266838 07.07.2026 15:17:55 : EVT <Unknown> : 1783430275314:Meas start 0x2123
#1266839 07.07.2026 15:17:55 : ERR <Unknown> : 1783430275721:Mi invalid call:100,code:0.
#1266840 07.07.2026 15:17:56 : EVT APPLICATION : Zapp zwc05901:Load script
#1266841 07.07.2026 15:17:56 : EVT APPLICATION : Zapp zwc05901:Enable
#1266842 07.07.2026 15:17:56 : EVT ANALYTICS : Zapp enabled i:3 h:ddb248f2 n:zwc05901 v:124f
#1266843 07.07.2026 15:17:56 : WRN WBAPI : eID-691468(277): /Weather/Current/ValidWeatherData.temp 
#1266844 07.07.2026 15:17:56 : EVT BLE : Disconn sensor:1
#1266845 07.07.2026 15:17:56 : EVT BLE : BLE Sensor Link 4800180D Disc (L-E-:00:0)
#1266846 07.07.2026 15:17:56 : WRN BLE : sendDisconnect 6157
#1266847 07.07.2026 15:17:56 : ERR BLE : [AURA]No filters left, stopping scan
#1266848 07.07.2026 15:17:58 : EVT OHR : No HR update, invalidate by timer
#1266849 07.07.2026 15:17:58 : EVT WBSTORAGE : CACHE_DEFRAG (880->888, 24->24, 25)
#1266850 07.07.2026 15:17:58 : EVT WBSTORAGE : CACHE_DEFRAG (848->880, 24->24, 25)
#1266851 07.07.2026 15:17:58 : EVT WBSTORAGE : CACHE_DEFRAG (856->864, 24->24, 25)
#1266852 07.07.2026 15:17:58 : EVT WBSTORAGE : CACHE_DEFRAG (848->856, 24->24, 25)
#1266853 07.07.2026 15:17:58 : EVT WBSTORAGE : CACHE_DEFRAG (840->984, 24->24, 25)
#1266854 07.07.2026 15:17:58 : TRC NAVIGATION : CG: no climb WP
#1266855 07.07.2026 15:17:58 : TRC NAVIGATION : CG:init ZoomType=0
#1266856 07.07.2026 15:17:58 : EVT NAVIGATION : initSeg Idx=0 D=1 T=0 3-0-4
#1266857 07.07.2026 15:17:58 : EVT WBSTORAGE : CACHE_DEFRAG (904->944, 24->24, 25)
#1266858 07.07.2026 15:17:58 : EVT ALTIFUSION : AltiBaroMode:0
#1266859 07.07.2026 15:17:58 : EVT ALTIFUSION : Init AltiBaro
#1266860 07.07.2026 15:17:58 : EVT APPLICATION : Zapp zwc05901:Disable
#1266861 07.07.2026 15:17:58 : EVT ANALYTICS : Zapp disabled i:3 h:ddb248f2 n:Vector classic
#1266862 07.07.2026 15:17:58 : EVT ANALYTICS : SleepQ:Tracking:On
#1266863 07.07.2026 15:17:58 : EVT ALTIFUSION : AltiBaroMode:0
#1266864 07.07.2026 15:17:58 : EVT ALTIFUSION : Init AltiBaro
#1266865 07.07.2026 15:17:58 : EVT WBSTORAGE : CACHE_DEFRAG (920->928, 24->24, 25)
#1266866 07.07.2026 15:17:58 : EVT UI_FRAMEWORK : JS nsto enable zapp: zzwethen
#1266867 07.07.2026 15:17:58 : EVT UI_FRAMEWORK : JS nsto enable zapp: zzmoveen
#1266868 07.07.2026 15:17:58 : EVT APPLICATION : Zapp zzwethen:Load script
#1266869 07.07.2026 15:17:58 : EVT APPLICATION : Zapp zzwethen:Enable
#1266870 07.07.2026 15:17:59 : EVT ANALYTICS : Zapp enabled i:8 h:3f77f8ec n:zzwethen v:ade
#1266871 07.07.2026 15:17:59 : EVT APPLICATION : Zapp clid:32878
#1266872 07.07.2026 15:17:59 : EVT APPLICATION : Zapp zzmoveen:Load script
#1266873 07.07.2026 15:17:59 : EVT APPLICATION : Zapp zzmoveen:Enable
#1266874 07.07.2026 15:17:59 : EVT ANALYTICS : Zapp enabled i:6 h:7aac0887 n:zzmoveen v:8e0
#1266875 07.07.2026 15:17:59 : EVT UI_FRAMEWORK : evalFile: b:/zapp/zzmoveen.fea/ext1.js from ui
#1266876 07.07.2026 15:17:59 : EVT APPLICATION : Zapp clid:32879
#1266877 07.07.2026 15:17:59 : EVT UI_FRAMEWORK : JS nsto all zapps enabled.
#1266878 07.07.2026 15:17:59 : EVT UI_FRAMEWORK : JS Prestart Activity Id: 16.000
#1266879 07.07.2026 15:17:59 : WRN WBAPI : eID-691468(277): /Dive/Alarms/Acknowledge 404
#1266880 07.07.2026 15:17:59 : WRN WBAPI : eID-691468(277): /Dive/DiveGases 404
#1266881 07.07.2026 15:17:59 : WRN WBAPI : eID-691468(277): /Dive/Gauge/Next 404
#1266882 07.07.2026 15:17:59 : EVT WBSTORAGE : CACHE_DEFRAG (888->896, 24->24, 25)
#1266883 07.07.2026 15:17:59 : EVT WBSTORAGE : CACHE_DEFRAG (824->832, 24->24, 25)
#1266884 07.07.2026 15:17:59 : EVT WBSTORAGE : CACHE_DEFRAG (760->768, 24->24, 25)
#1266885 07.07.2026 15:17:59 : EVT BLE : BLE Sensor Link 4800180D Conn (--E-:00:1)
#1266886 07.07.2026 15:17:59 : WRN BLE : sendConnect 6157
#1266887 07.07.2026 15:17:59 : WRN WBAPI : eID-691468(277): /Dive/TankPressure/Alarm/Count 404
#1266888 07.07.2026 15:17:59 : EVT SPEEDFUSION : INFO # start speed fusion
#1266889 07.07.2026 15:17:59 : EVT SPEEDFUSION : Act:16,Acc:0,BPod:0,FPod:0,PPod:0,BeltPod:1
#1266890 07.07.2026 15:17:59 : EVT SPEEDFUSION : INFO # Start algo without wrist acc
#1266891 07.07.2026 15:17:59 : EVT <Unknown> : Update pres sampl intrvl:1
#1266892 07.07.2026 15:17:59 : EVT OHR : S:start 0x21a3
#1266893 07.07.2026 15:17:59 : EVT <Unknown> : 1783430279708:Meas start 0x21a3
#1266894 07.07.2026 15:18:07 : EVT APPLICATION : Zapp climbl01:Load script
#1266895 07.07.2026 15:18:07 : EVT APPLICATION : Zapp climbl01:Enable
#1266896 07.07.2026 15:18:07 : EVT ANALYTICS : Zapp enabled i:5 h:a5e7afa5 n:climbl01 v:3.0
#1266897 07.07.2026 15:18:07 : EVT UI_FRAMEWORK : evalFile: b:/zapp/climbl01.fea/ext12.js from ui
#1266898 07.07.2026 15:18:07 : EVT APPLICATION : Zapp clid:32880
#1266899 07.07.2026 15:18:07 : EVT WBSTORAGE : CACHE_DEFRAG (688->712, 24->24, 25)
#1266900 07.07.2026 15:18:07 : EVT WBSTORAGE : CACHE_DEFRAG (648->688, 25->24, 25)
#1266901 07.07.2026 15:18:09 : EVT BLE : lt,scan 1
#1266902 07.07.2026 15:18:09 : WRN BLE : sendDisconnect 6157
#1266903 07.07.2026 15:18:09 : ERR BLE : [AURA]No filters left, stopping scan
#1266904 07.07.2026 15:18:09 : ERR BLE : [AURA]Filter with handle 72 not found
#1266905 07.07.2026 15:18:09 : EVT BLE : packet 0 sensor found count 1
#1266906 07.07.2026 15:18:09 : EVT BLE : packet 0 sensor found count 2
#1266907 07.07.2026 15:18:09 : EVT ANALYTICS : #FusHr src:2 time:10295
#1266908 07.07.2026 15:18:11 : EVT LOGGER : HrIbiLogger stop, off (0 ms)
#1266909 07.07.2026 15:18:11 : EVT WBSTORAGE : CACHE_DEFRAG (640->744, 24->24, 25)
#1266910 07.07.2026 15:18:11 : TRC NAVIGATION : CG: no climb WP
#1266911 07.07.2026 15:18:11 : TRC NAVIGATION : CG:init ZoomType=0
#1266912 07.07.2026 15:18:11 : EVT NAVIGATION : initSeg Idx=0 D=1 T=0 3-0-4
#1266913 07.07.2026 15:18:11 : EVT WBSTORAGE : CACHE_DEFRAG (728->1024, 24->24, 25)
#1266914 07.07.2026 15:18:11 : EVT SPEEDFUSION : INFO # IDLE mode(-1) set
#1266915 07.07.2026 15:18:11 : EVT ALTIFUSION : AltiBaroMode:2
#1266916 07.07.2026 15:18:11 : EVT APPLICATION : Zapp climbl01:Disable
#1266917 07.07.2026 15:18:11 : EVT ANALYTICS : Zapp disabled i:5 h:a5e7afa5 n:Climb Log
#1266918 07.07.2026 15:18:11 : EVT APPLICATION : Zapp zzmoveen:Disable
#1266919 07.07.2026 15:18:11 : EVT ANALYTICS : Zapp disabled i:6 h:7aac0887 n:Movement
#1266920 07.07.2026 15:18:11 : EVT UI_FRAMEWORK : evalFile: b:/zapp/zzmoveen.fea/ext2.js from ui
#1266921 07.07.2026 15:18:11 : EVT APPLICATION : Zapp zzwethen:Disable
#1266922 07.07.2026 15:18:11 : EVT ANALYTICS : Zapp disabled i:8 h:3f77f8ec n:Weather
#1266923 07.07.2026 15:18:11 : EVT SPEEDFUSION : INFO # stop speed fusion
#1266924 07.07.2026 15:18:11 : EVT <Unknown> : Update pres sampl intrvl:5
#1266925 07.07.2026 15:18:11 : EVT ANALYTICS : SleepQ:Tracking:On
#1266926 07.07.2026 15:18:11 : EVT OHR : S:start 0x2123
#1266927 07.07.2026 15:18:11 : EVT WBSTORAGE : CACHE_DEFRAG (1000->1008, 24->24, 25)
#1266928 07.07.2026 15:18:11 : EVT <Unknown> : 1783430291838:Meas start 0x2123
#1266929 07.07.2026 15:18:12 : EVT APPLICATION : Zapp zwc05901:Load script
#1266930 07.07.2026 15:18:12 : EVT APPLICATION : Zapp zwc05901:Enable
#1266931 07.07.2026 15:18:12 : EVT ANALYTICS : Zapp enabled i:3 h:ddb248f2 n:zwc05901 v:124f
#1266932 07.07.2026 15:18:12 : WRN WBAPI : eID-691468(277): /Weather/Current/ValidWeatherData.temp 
#1266933 07.07.2026 15:18:12 : EVT BLE : Disconn sensor:1
#1266934 07.07.2026 15:18:12 : EVT BLE : BLE Sensor Link 4800180D Disc (L-E-:00:0)
#1266935 07.07.2026 15:18:12 : WRN BLE : sendDisconnect 6157
#1266936 07.07.2026 15:18:12 : ERR BLE : [AURA]No filters left, stopping scan
#1266937 07.07.2026 15:18:14 : EVT WBSTORAGE : CACHE_DEFRAG (880->888, 24->24, 25)
#1266938 07.07.2026 15:18:14 : EVT WBSTORAGE : CACHE_DEFRAG (840->872, 24->24, 25)
#1266939 07.07.2026 15:18:14 : EVT WBSTORAGE : CACHE_DEFRAG (848->856, 24->24, 25)
#1266940 07.07.2026 15:18:14 : EVT WBSTORAGE : CACHE_DEFRAG (840->848, 24->24, 25)
#1266941 07.07.2026 15:18:14 : EVT WBSTORAGE : CACHE_DEFRAG (832->976, 24->24, 25)
#1266942 07.07.2026 15:18:14 : TRC NAVIGATION : CG: no climb WP
#1266943 07.07.2026 15:18:14 : TRC NAVIGATION : CG:init ZoomType=0
#1266944 07.07.2026 15:18:14 : EVT NAVIGATION : initSeg Idx=0 D=1 T=0 3-0-4
#1266945 07.07.2026 15:18:14 : EVT WBSTORAGE : CACHE_DEFRAG (896->944, 24->24, 25)
#1266946 07.07.2026 15:18:14 : EVT ALTIFUSION : AltiBaroMode:0
#1266947 07.07.2026 15:18:14 : EVT ALTIFUSION : Init AltiBaro
#1266948 07.07.2026 15:18:14 : EVT APPLICATION : Zapp zwc05901:Disable
#1266949 07.07.2026 15:18:14 : EVT ANALYTICS : Zapp disabled i:3 h:ddb248f2 n:Vector classic
#1266950 07.07.2026 15:18:15 : EVT ANALYTICS : SleepQ:Tracking:On
#1266951 07.07.2026 15:18:15 : EVT ALTIFUSION : AltiBaroMode:0
#1266952 07.07.2026 15:18:15 : EVT ALTIFUSION : Init AltiBaro
#1266953 07.07.2026 15:18:15 : EVT WBSTORAGE : CACHE_DEFRAG (920->928, 24->24, 25)
#1266954 07.07.2026 15:18:15 : EVT UI_FRAMEWORK : JS nsto enable zapp: zzwethen
#1266955 07.07.2026 15:18:15 : EVT UI_FRAMEWORK : JS nsto enable zapp: zzmoveen
#1266956 07.07.2026 15:18:15 : EVT UI_FRAMEWORK : JS nsto enable zapp: climbl01
#1266957 07.07.2026 15:18:15 : EVT APPLICATION : Zapp zzwethen:Load script
#1266958 07.07.2026 15:18:15 : EVT APPLICATION : Zapp zzwethen:Enable
#1266959 07.07.2026 15:18:15 : EVT ANALYTICS : Zapp enabled i:8 h:3f77f8ec n:zzwethen v:ade
#1266960 07.07.2026 15:18:15 : EVT APPLICATION : Zapp clid:32878
#1266961 07.07.2026 15:18:15 : EVT APPLICATION : Zapp zzmoveen:Load script
#1266962 07.07.2026 15:18:15 : EVT APPLICATION : Zapp zzmoveen:Enable
#1266963 07.07.2026 15:18:15 : EVT ANALYTICS : Zapp enabled i:6 h:7aac0887 n:zzmoveen v:8e0
#1266964 07.07.2026 15:18:15 : EVT UI_FRAMEWORK : evalFile: b:/zapp/zzmoveen.fea/ext1.js from ui
#1266965 07.07.2026 15:18:15 : EVT APPLICATION : Zapp clid:32879
#1266966 07.07.2026 15:18:15 : EVT APPLICATION : Zapp climbl01:Load script
#1266967 07.07.2026 15:18:15 : EVT APPLICATION : Zapp climbl01:Enable
#1266968 07.07.2026 15:18:15 : EVT ANALYTICS : Zapp enabled i:5 h:a5e7afa5 n:climbl01 v:3.0
#1266969 07.07.2026 15:18:15 : EVT UI_FRAMEWORK : evalFile: b:/zapp/climbl01.fea/ext12.js from ui
#1266970 07.07.2026 15:18:15 : EVT APPLICATION : Zapp clid:32880
#1266971 07.07.2026 15:18:15 : EVT UI_FRAMEWORK : JS nsto all zapps enabled.
#1266972 07.07.2026 15:18:15 : ERR WBMAIN : *0: app 697 Event 37 80995318
#1266973 07.07.2026 15:18:15 : ERR WBMAIN : 1: mea 20 Wait 0 00000000
#1266974 07.07.2026 15:18:15 : ERR WBMAIN : 2: ui 24 Wait 0 00000000
#1266975 07.07.2026 15:18:15 : EVT UI_FRAMEWORK : JS Prestart Activity Id: 16.000
#1266976 07.07.2026 15:18:15 : WRN WBAPI : eID-691468(277): /Dive/Alarms/Acknowledge 404
#1266977 07.07.2026 15:18:15 : WRN WBAPI : eID-691468(277): /Dive/DiveGases 404
#1266978 07.07.2026 15:18:16 : WRN WBAPI : eID-691468(277): /Dive/Gauge/Next 404
#1266979 07.07.2026 15:18:16 : EVT WBSTORAGE : CACHE_DEFRAG (880->888, 24->24, 25)
#1266980 07.07.2026 15:18:16 : EVT WBSTORAGE : CACHE_DEFRAG (816->824, 24->24, 25)
#1266981 07.07.2026 15:18:16 : EVT WBSTORAGE : CACHE_DEFRAG (752->760, 24->24, 25)
#1266982 07.07.2026 15:18:16 : EVT BLE : BLE Sensor Link 4800180D Conn (--E-:00:1)
#1266983 07.07.2026 15:18:16 : WRN BLE : sendConnect 6157
#1266984 07.07.2026 15:18:16 : WRN WBAPI : eID-691468(277): /Dive/TankPressure/Alarm/Count 404
#1266985 07.07.2026 15:18:16 : EVT SPEEDFUSION : INFO # start speed fusion
#1266986 07.07.2026 15:18:16 : EVT SPEEDFUSION : Act:16,Acc:0,BPod:0,FPod:0,PPod:0,BeltPod:1
#1266987 07.07.2026 15:18:16 : EVT SPEEDFUSION : INFO # Start algo without wrist acc
#1266988 07.07.2026 15:18:16 : EVT <Unknown> : Update pres sampl intrvl:1
#1266989 07.07.2026 15:18:16 : EVT OHR : S:start 0x21a3
#1266990 07.07.2026 15:18:17 : EVT <Unknown> : 1783430296563:Meas start 0x21a3
#1266991 07.07.2026 15:18:20 : EVT APPLICATION : Zapp climbl01:Disable
#1266992 07.07.2026 15:18:20 : EVT ANALYTICS : Zapp disabled i:5 h:a5e7afa5 n:Climb Log
#1266993 07.07.2026 15:18:20 : EVT WBSTORAGE : CACHE_DEFRAG (680->704, 24->24, 25)
#1266994 07.07.2026 15:18:25 : EVT APPLICATION : Zapp climbl01:Load script
#1266995 07.07.2026 15:18:25 : EVT APPLICATION : Zapp climbl01:Enable
#1266996 07.07.2026 15:18:25 : EVT ANALYTICS : Zapp enabled i:5 h:a5e7afa5 n:climbl01 v:3.0
#1266997 07.07.2026 15:18:25 : EVT UI_FRAMEWORK : evalFile: b:/zapp/climbl01.fea/ext12.js from ui
#1266998 07.07.2026 15:18:25 : ERR APPLICATION : Zapp:relMemCb (exec:zapp)
#1266999 07.07.2026 15:18:25 : EVT APPLICATION : Zapp zzwethen:Disable
#1267000 07.07.2026 15:18:25 : EVT ANALYTICS : Zapp disabled i:8 h:3f77f8ec n:Weather
#1267001 07.07.2026 15:18:25 : ERR APPLICATION : Zapp 3:RelMem->unload
#1267002 07.07.2026 15:18:25 : EVT APPLICATION : Zapp clid:32880
#1267003 07.07.2026 15:18:25 : EVT OHR : S:start 0x2123
#1267004 07.07.2026 15:18:26 : EVT <Unknown> : 1783430305511:Meas start 0x2123
#1267005 07.07.2026 15:18:26 : EVT BLE : lt,scan 1
#1267006 07.07.2026 15:18:26 : WRN BLE : sendDisconnect 6157
#1267007 07.07.2026 15:18:26 : ERR BLE : [AURA]No filters left, stopping scan
#1267008 07.07.2026 15:18:26 : ERR BLE : [AURA]Filter with handle 72 not found
#1267009 07.07.2026 15:18:26 : EVT BLE : packet 0 sensor found count 1
#1267010 07.07.2026 15:18:26 : EVT BLE : packet 0 sensor found count 2
#1267011 07.07.2026 15:18:27 : EVT ANALYTICS : #FusHr src:2 time:10444
#1267012 07.07.2026 15:18:28 : EVT <Unknown> : 1783430307224:Off Skin Set.
#1267013 07.07.2026 15:18:29 : EVT PMIC : VBUS state is ON
#1267014 07.07.2026 15:18:29 : EVT PMIC : chgCntl1:0x70
#1267015 07.07.2026 15:18:29 : EVT PMIC : check chgCntl1:0x74
#1267016 07.07.2026 15:18:29 : EVT PMIC : Turn charge ON since VBUS->ON
#1267017 07.07.2026 15:18:29 : EVT PMIC : PMIC temp zone:0x2
#1267018 07.07.2026 15:18:29 : EVT PMIC : PMIC Fast-charge constant cur
#1267019 07.07.2026 15:18:29 : EVT OHR : VBUS on
#1267020 07.07.2026 15:18:29 : EVT OHR : S:stop 23
#1267021 07.07.2026 15:18:29 : EVT <Unknown> : 1783430309891:Meas stop 0x2123
#1267022 07.07.2026 15:18:29 : WRN <Unknown> : 1783430309891:FSM EVT STOP.
#1267023 07.07.2026 15:18:29 : EVT OHR : S:OFF 1->0
#1267024 07.07.2026 15:18:29 : EVT PMIC : VBUS state is ON
#1267025 07.07.2026 15:18:30 : EVT PMIC : PMIC Fast-charge constant cur
#1267026 07.07.2026 15:18:30 : EVT PMIC : PMIC temp zone:0x7
#1267027 07.07.2026 15:18:30 : EVT PMIC : VBUS state is OFF
#1267028 07.07.2026 15:18:30 : EVT PMIC : Turn charge OFF since VBUS->OFF
#1267029 07.07.2026 15:18:30 : EVT OHR : VBUS off
#1267030 07.07.2026 15:18:30 : EVT OHR : S:ON 0->1
#1267031 07.07.2026 15:18:31 : EVT OHR : APPINIT:caps 0x1f4, 6b738616
#1267032 07.07.2026 15:18:31 : EVT <Unknown> : 1783430311013:AI@1783430310990, tz120
#1267033 07.07.2026 15:18:31 : EVT OHR : S:start 0x2123
#1267034 07.07.2026 15:18:31 : EVT <Unknown> : 1783430311044:Meas start 0x2123
#1267035 07.07.2026 15:18:31 : EVT <Unknown> : 1783430311059:PD1464, 0
#1267036 07.07.2026 15:18:31 : EVT <Unknown> : 1783430311119:GMV 20251126/1/4/0/395/46
#1267037 07.07.2026 15:18:31 : EVT <Unknown> : 1783430311373:Mi1.6.10, auth 0, hr_mode 0
#1267038 07.07.2026 15:18:32 : EVT OHR : No HR update, invalidate by timer
#1267039 07.07.2026 15:18:32 : EVT <Unknown> : 1783430312047:On Skin Set.
#1267040 07.07.2026 15:18:35 : EVT APPLICATION : Zapp zzwethen:Load script
#1267041 07.07.2026 15:18:35 : EVT APPLICATION : Zapp zzwethen:Enable
#1267042 07.07.2026 15:18:35 : EVT ANALYTICS : Zapp enabled i:8 h:3f77f8ec n:zzwethen v:ade
#1267043 07.07.2026 15:18:35 : EVT APPLICATION : Zapp clid:32878
#1267044 07.07.2026 15:18:36 : ERR <Unknown> : 1783430316062:Mi invalid call:100,code:0.
#1267045 07.07.2026 15:18:37 : EVT APPLICATION : Zapp climbl01:Disable
#1267046 07.07.2026 15:18:37 : EVT ANALYTICS : Zapp disabled i:5 h:a5e7afa5 n:Climb Log
#1267047 07.07.2026 15:18:43 : EVT APPLICATION : Zapp climbl01:Load script
#1267048 07.07.2026 15:18:43 : ERR APPLICATION : Zapp:relMemCb (exec:zapp)
#1267049 07.07.2026 15:18:43 : EVT APPLICATION : Zapp zzwethen:Disable
#1267050 07.07.2026 15:18:43 : EVT ANALYTICS : Zapp disabled i:8 h:3f77f8ec n:Weather
#1267051 07.07.2026 15:18:43 : ERR APPLICATION : Zapp 3:RelMem->unload
#1267052 07.07.2026 15:18:43 : ERR APPLICATION : Zapp:relMemCb (exec:zapp)
#1267053 07.07.2026 15:18:43 : EVT APPLICATION : Zapp zzmoveen:Disable
#1267054 07.07.2026 15:18:43 : EVT ANALYTICS : Zapp disabled i:6 h:7aac0887 n:Movement
#1267055 07.07.2026 15:18:43 : ERR APPLICATION : Zapp 3:RelMem->unload
#1267056 07.07.2026 15:18:43 : ERR APPLICATION : Zapp:relMemCb (exec:zapp)
#1267057 07.07.2026 15:18:43 : ERR APPLICATION : Zapp:RelMem->None avail
#1267058 07.07.2026 15:18:43 : ERR DUKTAPE : JSalloc:2348
#1267059 07.07.2026 15:18:43 : ERR APPLICATION : Zapp:relMemCb (exec:zapp)
#1267060 07.07.2026 15:18:43 : ERR APPLICATION : Zapp:RelMem->None avail
#1267061 07.07.2026 15:18:43 : ERR DUKTAPE : JSalloc:2348
#1267062 07.07.2026 15:18:43 : ERR APPLICATION : Zapp:relMemCb (exec:zapp)
#1267063 07.07.2026 15:18:43 : ERR APPLICATION : Zapp:RelMem->None avail
#1267064 07.07.2026 15:18:43 : ERR DUKTAPE : JSalloc:2348
#1267065 07.07.2026 15:18:43 : ERR APPLICATION : Zapp:relMemCb (exec:zapp)
#1267066 07.07.2026 15:18:43 : ERR APPLICATION : Zapp:RelMem->None avail
#1267067 07.07.2026 15:18:43 : ERR DUKTAPE : JSalloc:2348
#1267068 07.07.2026 15:18:43 : ERR APPLICATION : Zapp:relMemCb (exec:zapp)
#1267069 07.07.2026 15:18:43 : ERR APPLICATION : Zapp:RelMem->None avail
#1267070 07.07.2026 15:18:43 : ERR DUKTAPE : JSalloc:2348
#1267071 07.07.2026 15:18:43 : ERR APPLICATION : Zapp:relMemCb (exec:zapp)
#1267072 07.07.2026 15:18:43 : ERR APPLICATION : Zapp:RelMem->None avail
#1267073 07.07.2026 15:18:43 : ERR DUKTAPE : JSalloc:2348
#1267074 07.07.2026 15:18:43 : ERR APPLICATION : Zapp:relMemCb (exec:zapp)
#1267075 07.07.2026 15:18:43 : ERR APPLICATION : Zapp:RelMem->None avail
#1267076 07.07.2026 15:18:43 : ERR DUKTAPE : JSalloc:2348
#1267077 07.07.2026 15:18:43 : ERR APPLICATION : Zapp:relMemCb (exec:zapp)
#1267078 07.07.2026 15:18:43 : ERR APPLICATION : Zapp:RelMem->None avail
#1267079 07.07.2026 15:18:43 : ERR DUKTAPE : JSalloc:2348
#1267080 07.07.2026 15:18:43 : ERR APPLICATION : Zapp:relMemCb (exec:zapp)
#1267081 07.07.2026 15:18:43 : ERR APPLICATION : Zapp:RelMem->None avail
#1267082 07.07.2026 15:18:43 : ERR DUKTAPE : JSalloc:2348
#1267083 07.07.2026 15:18:43 : ERR APPLICATION : Zapp:relMemCb (exec:zapp)
#1267084 07.07.2026 15:18:43 : ERR APPLICATION : Zapp:RelMem->None avail
#1267085 07.07.2026 15:18:43 : ERR DUKTAPE : JSalloc:2348
#1267086 07.07.2026 15:18:43 : ERR APPLICATION : Zapp:relMemCb (exec:zapp)
#1267087 07.07.2026 15:18:43 : ERR APPLICATION : Zapp:RelMem->None avail
#1267088 07.07.2026 15:18:43 : ERR DUKTAPE : JSalloc:2348
#1267089 07.07.2026 15:18:43 : ERR DUKTAPE : Compiling js failed: Error: 1
#1267090 07.07.2026 15:18:43 : WRN APPLICATION : Script load:other
#1267091 07.07.2026 15:18:43 : WRN APPLICATION : Zapp 5 load
#1267092 07.07.2026 15:18:43 : EVT APPLICATION : Zapp climbl01:Disable
#1267093 07.07.2026 15:18:43 : TRC APPLICATION : Zapp ?: Exec. event 1024 failed (zapp disabled)
#1267094 07.07.2026 15:18:43 : EVT ANALYTICS : Zapp disabled i:5 h:a5e7afa5 n:Climb Log
#1267095 07.07.2026 15:18:44 : EVT <Unknown> : 1783430324601:Off Skin Set.
#1267096 07.07.2026 15:18:46 : EVT PMIC : VBUS state is ON
#1267097 07.07.2026 15:18:46 : EVT PMIC : chgCntl1:0x70
#1267098 07.07.2026 15:18:46 : EVT PMIC : check chgCntl1:0x74
#1267099 07.07.2026 15:18:46 : EVT PMIC : Turn charge ON since VBUS->ON
#1267100 07.07.2026 15:18:46 : EVT PMIC : PMIC temp zone:0x2
#1267101 07.07.2026 15:18:46 : EVT PMIC : PMIC Fast-charge constant cur
#1267102 07.07.2026 15:18:46 : EVT OHR : VBUS on
#1267103 07.07.2026 15:18:46 : EVT OHR : S:stop 23
#1267104 07.07.2026 15:18:46 : EVT <Unknown> : 1783430326578:Meas stop 0x2123
#1267105 07.07.2026 15:18:46 : WRN <Unknown> : 1783430326578:FSM EVT STOP.
#1267106 07.07.2026 15:18:46 : EVT OHR : S:OFF 1->0
#1267107 07.07.2026 15:18:46 : EVT PMIC : VBUS state is ON
#1267108 07.07.2026 15:18:47 : EVT PMIC : PMIC Maintain charge
#1267109 07.07.2026 15:18:49 : EVT PMIC : PMIC temp zone:0x7
#1267110 07.07.2026 15:18:49 : EVT PMIC : VBUS state is OFF
#1267111 07.07.2026 15:18:49 : EVT PMIC : Turn charge OFF since VBUS->OFF
#1267112 07.07.2026 15:18:49 : EVT OHR : VBUS off
#1267113 07.07.2026 15:18:49 : EVT OHR : S:ON 0->1
#1267114 07.07.2026 15:18:49 : EVT OHR : APPINIT:caps 0x1f4, 6b738616
#1267115 07.07.2026 15:18:49 : EVT <Unknown> : 1783430329984:AI@1783430329960, tz120
#1267116 07.07.2026 15:18:49 : EVT OHR : S:start 0x2123
#1267117 07.07.2026 15:18:49 : EVT <Unknown> : 1783430329990:Meas start 0x2123
#1267118 07.07.2026 15:18:50 : EVT <Unknown> : 1783430330004:PD1464, 0
#1267119 07.07.2026 15:18:50 : EVT <Unknown> : 1783430330089:GMV 20251126/1/4/0/395/46
#1267120 07.07.2026 15:18:50 : EVT <Unknown> : 1783430330343:Mi1.6.10, auth 0, hr_mode 0
#1267121 07.07.2026 15:18:51 : EVT PMIC : VBUS state is ON
#1267122 07.07.2026 15:18:51 : EVT PMIC : chgCntl1:0x70
#1267123 07.07.2026 15:18:51 : EVT PMIC : check chgCntl1:0x74
#1267124 07.07.2026 15:18:51 : EVT PMIC : Turn charge ON since VBUS->ON
#1267125 07.07.2026 15:18:51 : EVT PMIC : PMIC temp zone:0x2
#1267126 07.07.2026 15:18:51 : EVT PMIC : PMIC Fast-charge constant cur
#1267127 07.07.2026 15:18:51 : EVT OHR : VBUS on
#1267128 07.07.2026 15:18:51 : EVT OHR : S:stop 23
#1267129 07.07.2026 15:18:51 : EVT <Unknown> : 1783430331603:Meas stop 0x2123
#1267130 07.07.2026 15:18:51 : WRN <Unknown> : 1783430331603:FSM EVT STOP.
#1267131 07.07.2026 15:18:51 : EVT OHR : S:OFF 1->0
#1267132 07.07.2026 15:18:51 : EVT PMIC : VBUS state is ON
#1267133 07.07.2026 15:18:54 : EVT PMIC : PMIC Maintain charge
#1267134 07.07.2026 15:18:54 : EVT PMIC : PMIC Fast-charge constant cur
#1267135 07.07.2026 15:18:54 : EVT PMIC : PMIC Precharge
#1267136 07.07.2026 15:18:54 : EVT PMIC : PMIC Fast-charge constant cur
#1267137 07.07.2026 15:18:57 : EVT PMIC : PMIC Maintain charge
#1267138 07.07.2026 15:18:58 : EVT WBCOMM : P-9 connection made to ECSD00000000
#1267139 07.07.2026 15:18:58 : EVT WBCOMM : New Route: ECSD00000000
#1267140 07.07.2026 15:18:59 : TRC FUEL_GAUGE : Chg->1,B:5,C:3.0,V:4436,U:1,bF:100%,bC:100%
#1267141 07.07.2026 15:18:59 : EVT PMIC : PMIC Fast-charge constant cur
#1267142 07.07.2026 15:18:59 : EVT ANALYTICS : Battery-> 2 soc:100
#1267143 07.07.2026 15:19:00 : EVT SEDENTARY : stop monitoring
#1267144 07.07.2026 15:19:01 : EVT PMIC : PMIC Precharge
#1267145 07.07.2026 15:19:01 : EVT PMIC : PMIC Fast-charge constant cur
#1267146 07.07.2026 15:19:01 : EVT PMIC : PMIC Precharge
#1267147 07.07.2026 15:19:01 : EVT PMIC : PMIC Fast-charge constant cur
#1267148 07.07.2026 15:19:01 : EVT PMIC : PMIC Fast-charge constant cur
#1267149 07.07.2026 15:19:01 : EVT PMIC : PMIC Fast-charge constant cur
#1267150 07.07.2026 15:19:01 : EVT PMIC : PMIC Fast-charge constant cur
#1267151 07.07.2026 15:19:01 : EVT PMIC : PMIC Precharge
#1267152 07.07.2026 15:19:01 : EVT PMIC : PMIC Fast-charge constant cur
#1267153 07.07.2026 15:19:01 : EVT PMIC : PMIC Fast-charge constant cur
#1267154 07.07.2026 15:19:01 : EVT PMIC : PMIC Fast-charge constant cur
#1267155 07.07.2026 15:19:01 : EVT PMIC : PMIC Precharge
#1267156 07.07.2026 15:19:01 : EVT PMIC : PMIC Fast-charge constant cur
#1267157 07.07.2026 15:19:01 : EVT PMIC : PMIC Precharge
#1267158 07.07.2026 15:19:01 : EVT PMIC : PMIC Fast-charge constant cur
#1267159 07.07.2026 15:19:01 : EVT PMIC : PMIC Fast-charge constant cur
#1267160 07.07.2026 15:19:01 : EVT PMIC : PMIC Fast-charge constant cur
#1267161 07.07.2026 15:19:01 : EVT PMIC : PMIC Fast-charge constant cur
#1267162 07.07.2026 15:19:01 : EVT PMIC : PMIC Fast-charge constant cur
#1267163 07.07.2026 15:19:01 : EVT PMIC : PMIC Fast-charge constant cur
#1267164 07.07.2026 15:19:01 : EVT PMIC : PMIC Fast-charge constant cur
#1267165 07.07.2026 15:19:01 : EVT PMIC : PMIC Fast-charge constant cur
#1267166 07.07.2026 15:19:01 : EVT PMIC : PMIC Fast-charge constant cur
#1267167 07.07.2026 15:19:01 : EVT PMIC : PMIC Fast-charge constant cur
#1267168 07.07.2026 15:19:01 : EVT PMIC : PMIC Fast-charge constant cur
#1267169 07.07.2026 15:19:01 : EVT PMIC : PMIC Fast-charge constant cur
#1267170 07.07.2026 15:19:01 : EVT PMIC : PMIC Fast-charge constant cur
#1267171 07.07.2026 15:19:01 : EVT PMIC : PMIC Fast-charge constant cur
#1267172 07.07.2026 15:19:01 : EVT PMIC : PMIC Fast-charge constant cur
#1267173 07.07.2026 15:19:01 : EVT PMIC : PMIC Precharge
#1267174 07.07.2026 15:19:01 : EVT PMIC : PMIC Fast-charge constant cur
#1267175 07.07.2026 15:19:01 : EVT PMIC : PMIC Fast-charge constant cur
#1267176 07.07.2026 15:19:01 : EVT PMIC : PMIC Precharge
#1267177 07.07.2026 15:19:01 : EVT PMIC : PMIC Fast-charge constant cur
#1267178 07.07.2026 15:19:01 : EVT PMIC : PMIC Precharge
#1267179 07.07.2026 15:19:01 : EVT PMIC : PMIC Fast-charge constant cur
#1267180 07.07.2026 15:19:01 : EVT PMIC : PMIC Precharge
#1267181 07.07.2026 15:19:01 : EVT PMIC : PMIC Fast-charge constant cur
#1267182 07.07.2026 15:19:01 : EVT PMIC : PMIC Fast-charge constant cur
#1267183 07.07.2026 15:19:01 : EVT PMIC : PMIC Fast-charge constant cur
#1267184 07.07.2026 15:19:01 : EVT PMIC : PMIC Fast-charge constant cur
#1267185 07.07.2026 15:19:01 : EVT PMIC : PMIC Fast-charge constant cur
#1267186 07.07.2026 15:19:01 : EVT PMIC : PMIC Fast-charge constant cur
#1267187 07.07.2026 15:19:01 : EVT PMIC : PMIC Fast-charge constant cur
#1267188 07.07.2026 15:19:01 : EVT PMIC : PMIC Fast-charge constant cur
#1267189 07.07.2026 15:19:01 : EVT PMIC : PMIC Fast-charge constant cur
#1267190 07.07.2026 15:19:01 : EVT PMIC : PMIC Fast-charge constant cur
#1267191 07.07.2026 15:19:01 : EVT PMIC : PMIC Fast-charge constant cur
#1267192 07.07.2026 15:19:01 : EVT PMIC : PMIC Precharge
#1267193 07.07.2026 15:19:01 : EVT PMIC : PMIC Fast-charge constant cur
#1267194 07.07.2026 15:19:01 : EVT PMIC : PMIC Fast-charge constant cur
#1267195 07.07.2026 15:19:01 : EVT PMIC : PMIC Fast-charge constant cur
#1267196 07.07.2026 15:19:01 : EVT PMIC : PMIC Fast-charge constant cur
#1267197 07.07.2026 15:19:01 : EVT PMIC : PMIC Fast-charge constant cur
#1267198 07.07.2026 15:19:01 : EVT PMIC : PMIC Fast-charge constant cur
#1267199 07.07.2026 15:19:01 : EVT PMIC : PMIC Fast-charge constant cur
#1267200 07.07.2026 15:19:01 : EVT PMIC : PMIC Precharge
#1267201 07.07.2026 15:19:01 : EVT PMIC : PMIC Fast-charge constant cur
#1267202 07.07.2026 15:19:01 : EVT PMIC : PMIC Fast-charge constant cur
#1267203 07.07.2026 15:19:01 : EVT PMIC : PMIC Fast-charge constant cur
#1267204 07.07.2026 15:19:01 : EVT PMIC : PMIC Fast-charge constant cur
#1267205 07.07.2026 15:19:01 : EVT PMIC : PMIC Fast-charge constant cur
#1267206 07.07.2026 15:19:01 : EVT PMIC : PMIC Fast-charge constant cur
#1267207 07.07.2026 15:19:01 : EVT PMIC : PMIC Fast-charge constant cur
#1267208 07.07.2026 15:19:01 : EVT PMIC : PMIC Fast-charge constant cur
#1267209 07.07.2026 15:19:01 : ERR WBMAIN : *0: app 803 Event 36 80005310
#1267210 07.07.2026 15:19:01 : ERR WBMAIN : 1: mea 8 Wait 0 00000000
#1267211 07.07.2026 15:19:01 : ERR WBMAIN : 2: ui 825 Wait 0 00000000
#1267212 07.07.2026 15:19:01 : EVT PMIC : PMIC Precharge
#1267213 07.07.2026 15:19:01 : EVT PMIC : PMIC Fast-charge constant cur
#1267214 07.07.2026 15:19:01 : EVT PMIC : PMIC Fast-charge constant cur
#1267215 07.07.2026 15:19:01 : EVT PMIC : PMIC Fast-charge constant cur
#1267216 07.07.2026 15:19:01 : EVT PMIC : PMIC Fast-charge constant cur
#1267217 07.07.2026 15:19:01 : EVT PMIC : PMIC Fast-charge constant cur
#1267218 07.07.2026 15:19:01 : EVT PMIC : PMIC Fast-charge constant cur
#1267219 07.07.2026 15:19:01 : EVT PMIC : PMIC Fast-charge constant cur
#1267220 07.07.2026 15:19:01 : EVT PMIC : PMIC Precharge
#1267221 07.07.2026 15:19:01 : EVT PMIC : PMIC Fast-charge constant cur
#1267222 07.07.2026 15:19:01 : EVT PMIC : PMIC Precharge
#1267223 07.07.2026 15:19:01 : EVT PMIC : PMIC Fast-charge constant cur
#1267224 07.07.2026 15:19:01 : EVT PMIC : PMIC Fast-charge constant cur
#1267225 07.07.2026 15:19:01 : EVT PMIC : PMIC Fast-charge constant cur
#1267226 07.07.2026 15:19:01 : EVT PMIC : PMIC Fast-charge constant cur
#1267227 07.07.2026 15:19:02 : EVT PMIC : PMIC Fast-charge constant cur
#1267228 07.07.2026 15:19:02 : EVT PMIC : PMIC Precharge
#1267229 07.07.2026 15:19:02 : EVT PMIC : PMIC Fast-charge constant cur
#1267230 07.07.2026 15:19:02 : EVT PMIC : PMIC Precharge
#1267231 07.07.2026 15:19:02 : EVT PMIC : PMIC Fast-charge constant cur
#1267232 07.07.2026 15:19:02 : EVT PMIC : PMIC Fast-charge constant cur
#1267233 07.07.2026 15:19:02 : EVT PMIC : PMIC Fast-charge constant cur
#1267234 07.07.2026 15:19:02 : EVT PMIC : PMIC Fast-charge constant cur
#1267235 07.07.2026 15:19:02 : EVT PMIC : PMIC Fast-charge constant cur
#1267236 07.07.2026 15:19:02 : EVT PMIC : PMIC Fast-charge constant cur
#1267237 07.07.2026 15:19:02 : EVT PMIC : PMIC Fast-charge constant cur
#1267238 07.07.2026 15:19:02 : EVT PMIC : PMIC Fast-charge constant cur
#1267239 07.07.2026 15:19:02 : EVT PMIC : PMIC Fast-charge constant cur
#1267240 07.07.2026 15:19:02 : EVT PMIC : PMIC Fast-charge constant cur
#1267241 07.07.2026 15:19:02 : EVT PMIC : PMIC Fast-charge constant cur
#1267242 07.07.2026 15:19:02 : EVT PMIC : PMIC Fast-charge constant cur
#1267243 07.07.2026 15:19:02 : EVT PMIC : PMIC Fast-charge constant cur
#1267244 07.07.2026 15:19:02 : EVT PMIC : PMIC Fast-charge constant cur
#1267245 07.07.2026 15:19:02 : EVT PMIC : PMIC Fast-charge constant cur
#1267246 07.07.2026 15:19:02 : EVT PMIC : PMIC Fast-charge constant cur
#1267247 07.07.2026 15:19:02 : EVT PMIC : PMIC Fast-charge constant cur
#1267248 07.07.2026 15:19:02 : EVT PMIC : PMIC Fast-charge constant cur
#1267249 07.07.2026 15:19:02 : EVT PMIC : PMIC Fast-charge constant cur
#1267250 07.07.2026 15:19:02 : EVT PMIC : PMIC Fast-charge constant cur
#1267251 07.07.2026 15:19:02 : EVT PMIC : PMIC Fast-charge constant cur
#1267252 07.07.2026 15:19:02 : EVT PMIC : PMIC Fast-charge constant cur
#1267253 07.07.2026 15:19:02 : EVT PMIC : PMIC Precharge
#1267254 07.07.2026 15:19:02 : EVT PMIC : PMIC Fast-charge constant cur
#1267255 07.07.2026 15:19:02 : EVT PMIC : PMIC Precharge
#1267256 07.07.2026 15:19:02 : EVT PMIC : PMIC Fast-charge constant cur
#1267257 07.07.2026 15:19:02 : EVT PMIC : PMIC Fast-charge constant cur
#1267258 07.07.2026 15:19:02 : EVT PMIC : PMIC Fast-charge constant cur
#1267259 07.07.2026 15:19:02 : EVT PMIC : PMIC Fast-charge constant cur
#1267260 07.07.2026 15:19:02 : EVT PMIC : PMIC Fast-charge constant cur
#1267261 07.07.2026 15:19:02 : EVT PMIC : PMIC Fast-charge constant cur
#1267262 07.07.2026 15:19:02 : EVT PMIC : PMIC Fast-charge constant cur
#1267263 07.07.2026 15:19:02 : EVT PMIC : PMIC Fast-charge constant cur
#1267264 07.07.2026 15:19:02 : EVT PMIC : PMIC Fast-charge constant cur
#1267265 07.07.2026 15:19:02 : EVT PMIC : PMIC Precharge
#1267266 07.07.2026 15:19:02 : EVT PMIC : PMIC Fast-charge constant cur
#1267267 07.07.2026 15:19:02 : EVT PMIC : PMIC Fast-charge constant cur
#1267268 07.07.2026 15:19:02 : EVT PMIC : PMIC Fast-charge constant cur
#1267269 07.07.2026 15:19:02 : EVT PMIC : PMIC Fast-charge constant cur
#1267270 07.07.2026 15:19:02 : EVT PMIC : PMIC Fast-charge constant cur
#1267271 07.07.2026 15:19:02 : EVT PMIC : PMIC Fast-charge constant cur
#1267272 07.07.2026 15:19:02 : EVT PMIC : PMIC Fast-charge constant cur
#1267273 07.07.2026 15:19:02 : EVT PMIC : PMIC Fast-charge constant cur
#1267274 07.07.2026 15:19:02 : EVT PMIC : PMIC Fast-charge constant cur
#1267275 07.07.2026 15:19:02 : EVT PMIC : PMIC Fast-charge constant cur
#1267276 07.07.2026 15:19:02 : EVT PMIC : PMIC Fast-charge constant cur
#1267277 07.07.2026 15:19:02 : EVT PMIC : PMIC Precharge
#1267278 07.07.2026 15:19:02 : EVT PMIC : PMIC Fast-charge constant cur
#1267279 07.07.2026 15:19:02 : EVT PMIC : PMIC Fast-charge constant cur
#1267280 07.07.2026 15:19:02 : EVT PMIC : PMIC Fast-charge constant cur
#1267281 07.07.2026 15:19:02 : EVT PMIC : PMIC Fast-charge constant cur
#1267282 07.07.2026 15:19:02 : EVT PMIC : PMIC Fast-charge constant cur
#1267283 07.07.2026 15:19:02 : EVT PMIC : PMIC Fast-charge constant cur
#1267284 07.07.2026 15:19:02 : EVT PMIC : PMIC Precharge
#1267285 07.07.2026 15:19:02 : EVT PMIC : PMIC Fast-charge constant cur
#1267286 07.07.2026 15:19:02 : EVT PMIC : PMIC Fast-charge constant cur
#1267287 07.07.2026 15:19:02 : EVT PMIC : PMIC Fast-charge constant cur
#1267288 07.07.2026 15:19:02 : EVT ANALYTICS : Sync start
#1267289 07.07.2026 15:19:02 : EVT PMIC : PMIC Fast-charge constant cur
#1267290 07.07.2026 15:19:02 : EVT PMIC : PMIC Fast-charge constant cur
#1267291 07.07.2026 15:19:02 : EVT PMIC : PMIC Precharge
#1267292 07.07.2026 15:19:02 : EVT PMIC : PMIC Fast-charge constant cur
#1267293 07.07.2026 15:19:02 : EVT PMIC : PMIC Fast-charge constant cur
#1267294 07.07.2026 15:19:02 : EVT PMIC : PMIC Fast-charge constant cur
#1267295 07.07.2026 15:19:02 : EVT PMIC : PMIC Fast-charge constant cur
#1267296 07.07.2026 15:19:02 : EVT PMIC : PMIC Fast-charge constant cur
#1267297 07.07.2026 15:19:02 : EVT PMIC : PMIC Fast-charge constant cur
#1267298 07.07.2026 15:19:02 : EVT PMIC : PMIC Fast-charge constant cur
#1267299 07.07.2026 15:19:02 : EVT PMIC : PMIC Fast-charge constant cur
#1267300 07.07.2026 15:19:02 : EVT PMIC : PMIC Fast-charge constant cur
#1267301 07.07.2026 15:19:02 : EVT PMIC : PMIC Fast-charge constant cur
#1267302 07.07.2026 15:19:02 : EVT PMIC : PMIC Fast-charge constant cur
#1267303 07.07.2026 15:19:02 : EVT PMIC : PMIC Fast-charge constant cur
#1267304 07.07.2026 15:19:02 : EVT PMIC : PMIC Fast-charge constant cur
#1267305 07.07.2026 15:19:02 : EVT PMIC : PMIC Fast-charge constant cur
#1267306 07.07.2026 15:19:02 : EVT PMIC : PMIC Precharge
#1267307 07.07.2026 15:19:02 : EVT PMIC : PMIC Fast-charge constant cur
#1267308 07.07.2026 15:19:02 : EVT PMIC : PMIC Fast-charge constant cur
#1267309 07.07.2026 15:19:02 : EVT PMIC : PMIC Fast-charge constant cur
#1267310 07.07.2026 15:19:02 : EVT PMIC : PMIC Fast-charge constant cur
#1267311 07.07.2026 15:19:02 : EVT PMIC : PMIC Fast-charge constant cur
#1267312 07.07.2026 15:19:02 : EVT PMIC : PMIC Fast-charge constant cur
#1267313 07.07.2026 15:19:02 : EVT ANALYTICS : Sync start
#1267314 07.07.2026 15:19:03 : EVT PMIC : PMIC Fast-charge constant cur
#1267315 07.07.2026 15:19:03 : EVT PMIC : PMIC Fast-charge constant cur
#1267316 07.07.2026 15:19:03 : EVT PMIC : PMIC Fast-charge constant cur
#1267317 07.07.2026 15:19:03 : EVT PMIC : PMIC Fast-charge constant cur
#1267318 07.07.2026 15:19:03 : EVT PMIC : PMIC Precharge
#1267319 07.07.2026 15:19:03 : EVT PMIC : PMIC Fast-charge constant cur
#1267320 07.07.2026 15:19:03 : EVT PMIC : PMIC Fast-charge constant cur
#1267321 07.07.2026 15:19:03 : EVT PMIC : PMIC Fast-charge constant cur
#1267322 07.07.2026 15:19:03 : EVT PMIC : PMIC Fast-charge constant cur
#1267323 07.07.2026 15:19:03 : EVT PMIC : PMIC Fast-charge constant cur
#1267324 07.07.2026 15:19:03 : EVT PMIC : PMIC Fast-charge constant cur
#1267325 07.07.2026 15:19:03 : EVT PMIC : PMIC Fast-charge constant cur
#1267326 07.07.2026 15:19:03 : EVT PMIC : PMIC Fast-charge constant cur
#1267327 07.07.2026 15:19:03 : EVT PMIC : PMIC Fast-charge constant cur
#1267328 07.07.2026 15:19:03 : EVT PMIC : PMIC Precharge
#1267329 07.07.2026 15:19:03 : EVT PMIC : PMIC Fast-charge constant cur
#1267330 07.07.2026 15:19:03 : EVT PMIC : PMIC Fast-charge constant cur
#1267331 07.07.2026 15:19:03 : EVT PMIC : PMIC Fast-charge constant cur
#1267332 07.07.2026 15:19:03 : EVT PMIC : PMIC Fast-charge constant cur
#1267333 07.07.2026 15:19:03 : EVT PMIC : PMIC Fast-charge constant cur
#1267334 07.07.2026 15:19:03 : EVT PMIC : PMIC Fast-charge constant cur
#1267335 07.07.2026 15:19:03 : EVT PMIC : PMIC Fast-charge constant cur
#1267336 07.07.2026 15:19:03 : EVT PMIC : PMIC Fast-charge constant cur
#1267337 07.07.2026 15:19:03 : EVT PMIC : PMIC Precharge
#1267338 07.07.2026 15:19:03 : EVT PMIC : PMIC Fast-charge constant cur
#1267339 07.07.2026 15:19:03 : EVT PMIC : PMIC Fast-charge constant cur
#1267340 07.07.2026 15:19:03 : EVT PMIC : PMIC Fast-charge constant cur
#1267341 07.07.2026 15:19:03 : EVT PMIC : PMIC Fast-charge constant cur
#1267342 07.07.2026 15:19:03 : EVT PMIC : PMIC Fast-charge constant cur
#1267343 07.07.2026 15:19:03 : EVT PMIC : PMIC Fast-charge constant cur
#1267344 07.07.2026 15:19:03 : EVT PMIC : PMIC Fast-charge constant cur
#1267345 07.07.2026 15:19:03 : EVT PMIC : PMIC Fast-charge constant cur
#1267346 07.07.2026 15:19:03 : EVT PMIC : PMIC Fast-charge constant cur
#1267347 07.07.2026 15:19:03 : EVT PMIC : PMIC Fast-charge constant cur
#1267348 07.07.2026 15:19:03 : EVT PMIC : PMIC Precharge
#1267349 07.07.2026 15:19:03 : EVT PMIC : PMIC Fast-charge constant cur
#1267350 07.07.2026 15:19:03 : EVT PMIC : PMIC Fast-charge constant cur
#1267351 07.07.2026 15:19:03 : EVT PMIC : PMIC Fast-charge constant cur
#1267352 07.07.2026 15:19:03 : EVT PMIC : PMIC Fast-charge constant cur
#1267353 07.07.2026 15:19:03 : EVT PMIC : PMIC Fast-charge constant cur
#1267354 07.07.2026 15:19:03 : EVT PMIC : PMIC Fast-charge constant cur
#1267355 07.07.2026 15:19:03 : EVT PMIC : PMIC Fast-charge constant cur
#1267356 07.07.2026 15:19:05 : EVT PMIC : PMIC Maintain charge

