#1396270 26.07.2026 03:46:24 : EVT <Unknown> : 1785030386075:Meas start 0x2123
#1396271 26.07.2026 03:46:32 : EVT OHR : new HR update
#1396272 26.07.2026 03:49:05 : WRN BLE : BLE Link 4D00F000 Disc (L-E-:21:0)
#1396273 26.07.2026 03:49:05 : WRN BLE : sendDisconnect 61440
#1396274 26.07.2026 03:49:05 : EVT BLE : State ON->TIMER
#1396275 26.07.2026 03:49:05 : TRC BLE : SVC M/F000 disabled
#1396276 26.07.2026 03:49:05 : EVT WBCOMM : Route lost: ECSD00000003
#1396277 26.07.2026 03:49:05 : EVT BLE : DEV M disconnected
#1396278 26.07.2026 03:49:05 : EVT APPLICATION : Zapp lock disconn wbId:4
#1396279 26.07.2026 03:49:05 : EVT APPLICATION : Zapp lock disconn wbId:4
#1396280 26.07.2026 03:49:05 : EVT WBSTORAGE : CACHE_DEFRAG (640->872, 24->24, 25)
#1396281 26.07.2026 03:49:05 : EVT WBSTORAGE : CACHE_DEFRAG (800->856, 24->24, 25)
#1396282 26.07.2026 03:49:10 : EVT BLE : State TIMER->OFF
#1396283 26.07.2026 03:53:17 : TRC FUEL_GAUGE : batFgLevel cur:40%, prev:41%
#1396284 26.07.2026 04:00:00 : EVT <Unknown> : pwr daily,ontime:4
#1396285 26.07.2026 04:00:00 : EVT WBSTORAGE : CACHE_DEFRAG (784->856, 24->24, 25)
#1396286 26.07.2026 04:00:00 : EVT WEATHER : t:495841, d:1
#1396287 26.07.2026 04:03:52 : EVT BLE : State OFF->START
#1396288 26.07.2026 04:03:52 : EVT BLE : APP 3.0.54/01F7/1.2.10
#1396289 26.07.2026 04:03:52 : EVT BLE : State START->ON
#1396290 26.07.2026 04:03:52 : TRC BLE : BLE Link Restore 4D00F000 (L-Ep:00:0)
#1396291 26.07.2026 04:03:55 : EVT BLE : DEV M connected
#1396292 26.07.2026 04:03:55 : TRC BLE : SVC M/F000 enabled
#1396293 26.07.2026 04:03:55 : EVT WBCOMM : P-9 connection made to ECSD00000003
#1396294 26.07.2026 04:03:55 : EVT WBCOMM : New Route: ECSD00000003
#1396295 26.07.2026 04:03:56 : EVT APPLICATION : MCP:remote resources mapped
#1396296 26.07.2026 04:03:58 : EVT ANALYTICS : #sf R:5 A:Xiamen-fw_2.56.18.31896-V-a8f49e99
#1396297 26.07.2026 04:03:58 : EVT ANALYTICS : #sf R:5 A:Xiamen-fw_2.56.18.31896-V-a8f49e99
#1396298 26.07.2026 04:03:58 : EVT ANALYTICS : #sf R:5 A:Xiamen-fw_2.56.18.31896-V-a8f49e99
#1396299 26.07.2026 04:03:59 : EVT ANALYTICS : Sync start
#1396300 26.07.2026 04:04:19 : TRC GPS : Power enabled
#1396301 26.07.2026 04:04:20 : EVT ANALYTICS : #sf R:5 A:Xiamen-fw_2.56.18.31896-V-a8f49e99
#1396302 26.07.2026 04:04:21 : TRC GPS : Stat report:1
#1396303 26.07.2026 04:04:21 : EVT ANALYTICS : Weather sync ok d:2700 f:0
#1396304 26.07.2026 04:04:21 : EVT ANALYTICS : synced city:Winterthur
#1396305 26.07.2026 04:04:21 : EVT GPS : Last known coordinate:lat:474944768, lon:87139016
#1396306 26.07.2026 04:04:21 : EVT ANALYTICS : Weather sync ok d:0 f:0
#1396307 26.07.2026 04:04:21 : EVT ANALYTICS : synced city:Winterthur
#1396308 26.07.2026 04:04:22 : EVT GPS : Last known coordinate:lat:474944768, lon:87139016
#1396309 26.07.2026 04:04:31 : TRC GPS : LLE GP:2607 QZ:2607 GL:2607 GA:2607 BE:2607
#1396310 26.07.2026 04:04:32 : TRC GPS : Power disabled
#1396311 26.07.2026 04:06:02 : EVT OHR : SUB SpO2 c:8074
#1396312 26.07.2026 04:06:02 : EVT OHR : S:start 0x2133
#1396313 26.07.2026 04:06:03 : EVT OHR : new HR update
#1396314 26.07.2026 04:06:03 : EVT <Unknown> : 1785031565579:Meas start 0x2130
#1396315 26.07.2026 04:06:24 : EVT <Unknown> : 1785031586456:SpO2 f:1/7/1/0,v:97.72/98.0.
#1396316 26.07.2026 04:06:24 : EVT OHR : UNSUB SpO2 c:8074
#1396317 26.07.2026 04:06:24 : EVT <Unknown> : 1785031586456:SpO2 s:479/0/25,o:97.72/93.95.
#1396318 26.07.2026 04:06:24 : EVT OHR : S:start 0x2123
#1396319 26.07.2026 04:06:25 : EVT <Unknown> : 1785031587041:Meas start 0x2123
#1396320 26.07.2026 04:06:33 : EVT OHR : new HR update
#1396321 26.07.2026 04:19:02 : EVT ANALYTICS : #sf R:5 A:Xiamen-fw_2.56.18.31896-V-a8f49e99
#1396322 26.07.2026 04:19:05 : EVT ANALYTICS : Weather sync ok d:900 f:0
#1396323 26.07.2026 04:19:05 : EVT ANALYTICS : synced city:Winterthur
#1396324 26.07.2026 04:19:05 : EVT GPS : Last known coordinate:lat:474944768, lon:87139016
#1396325 26.07.2026 04:22:00 : EVT <Unknown> : dl emphemerides data
#1396326 26.07.2026 04:22:00 : EVT <Unknown> : dl satellite 0
#1396327 26.07.2026 04:22:00 : EVT WIFI : Pwr up
#1396328 26.07.2026 04:22:06 : EVT WIFI : pwr up
#1396329 26.07.2026 04:22:06 : EVT WIFI : SDK Ver(3.2.8.1)
#1396330 26.07.2026 04:22:06 : EVT WIFI : Scann APs (1/3)
#1396331 26.07.2026 04:22:07 : EVT WIFI : APs scanned:5
#1396332 26.07.2026 04:22:07 : EVT WIFI : Known network:WN-CE0F30
#1396333 26.07.2026 04:22:09 : EVT WIFI : Conn:WN-CE0F30 (-77dBm)
#1396334 26.07.2026 04:22:10 : EVT EXTRAM : Init extram 4
#1396335 26.07.2026 04:22:10 : ERR WBMAIN : *0: app 645 DPC 4 00572f41
#1396336 26.07.2026 04:22:10 : ERR WBMAIN : 1: mea 66 Wait 0 00000000
#1396337 26.07.2026 04:22:10 : ERR WBMAIN : 2: ui 509 Wait 0 00000000
#1396338 26.07.2026 04:22:11 : EVT WIFI : DL:HTTP 200 (23748/23748 bytes at 18kB/s)
#1396339 26.07.2026 04:22:11 : EVT EXTRAM : Deinit extram 4
#1396340 26.07.2026 04:22:11 : EVT <Unknown> : dl satellite 1
#1396341 26.07.2026 04:22:11 : EVT EXTRAM : Init extram 4
#1396342 26.07.2026 04:22:12 : EVT WIFI : DL:HTTP 200 (19188/19188 bytes at 79kB/s)
#1396343 26.07.2026 04:22:12 : EVT EXTRAM : Deinit extram 4
#1396344 26.07.2026 04:22:12 : EVT <Unknown> : dl satellite 2
#1396345 26.07.2026 04:22:12 : EVT EXTRAM : Init extram 4
#1396346 26.07.2026 04:22:12 : EVT WIFI : DL:HTTP 200 (28308/28308 bytes at 61kB/s)
#1396347 26.07.2026 04:22:12 : EVT EXTRAM : Deinit extram 4
#1396348 26.07.2026 04:22:12 : EVT <Unknown> : dl satellite 3
#1396349 26.07.2026 04:22:12 : EVT EXTRAM : Init extram 4
#1396350 26.07.2026 04:22:12 : EVT WIFI : DL:HTTP 200 (13716/13716 bytes at 73kB/s)
#1396351 26.07.2026 04:22:13 : EVT EXTRAM : Deinit extram 4
#1396352 26.07.2026 04:22:13 : EVT <Unknown> : dl satellite 4
#1396353 26.07.2026 04:22:13 : EVT EXTRAM : Init extram 4
#1396354 26.07.2026 04:22:13 : EVT WIFI : DL:HTTP 200 (1860/1860 bytes at 11kB/s)
#1396355 26.07.2026 04:22:13 : EVT EXTRAM : Deinit extram 4
#1396356 26.07.2026 04:22:13 : EVT ANALYTICS : WifiDl eph succ v:40
#1396357 26.07.2026 04:22:13 : EVT <Unknown> : dl ephemerides done
#1396358 26.07.2026 04:22:13 : TRC GPS : Power enabled
#1396359 26.07.2026 04:22:15 : TRC GPS : Stat report:1
#1396360 26.07.2026 04:22:25 : TRC GPS : LLE GP:2607 QZ:2607 GL:2607 GA:2607 BE:2607
#1396361 26.07.2026 04:22:25 : TRC GPS : Power disabled
#1396362 26.07.2026 04:22:26 : EVT WIFI : Pwr down idle wifi (TO:13se)
#1396363 26.07.2026 04:22:26 : EVT WIFI : Disconn:-1000 
#1396364 26.07.2026 04:22:26 : EVT WIFI : pwr down OK
#1396365 26.07.2026 04:23:00 : EVT <Unknown> : dl start
#1396366 26.07.2026 04:23:00 : EVT <Unknown> : Url:https://weather.sports-tracker.com/weather/watch/com
#1396367 26.07.2026 04:23:00 : EVT WIFI : Pwr up
#1396368 26.07.2026 04:23:06 : EVT WIFI : pwr up
#1396369 26.07.2026 04:23:06 : EVT WIFI : SDK Ver(3.2.8.1)
#1396370 26.07.2026 04:23:06 : EVT WIFI : Scann APs (1/3)
#1396371 26.07.2026 04:23:07 : EVT WIFI : APs scanned:6
#1396372 26.07.2026 04:23:07 : EVT WIFI : Known network:WN-CE0F30
#1396373 26.07.2026 04:23:10 : EVT WIFI : Conn:WN-CE0F30 (-77dBm)
#1396374 26.07.2026 04:23:10 : EVT EXTRAM : Init extram 4
#1396375 26.07.2026 04:23:10 : ERR WBMAIN : *0: app 735 DPC 4 00572f41
#1396376 26.07.2026 04:23:10 : ERR WBMAIN : 1: mea 115 Wait 0 00000000
#1396377 26.07.2026 04:23:10 : ERR WBMAIN : 2: ui 810 Wait 0 00000000
#1396378 26.07.2026 04:23:23 : EVT WIFI : DL:HTTP 504 (101/101 bytes at 0kB/s)
#1396379 26.07.2026 04:23:23 : EVT EXTRAM : Deinit extram 4
#1396380 26.07.2026 04:23:23 : ERR <Unknown> : dl:(500, 200)
#1396381 26.07.2026 04:23:36 : EVT WIFI : Pwr down idle wifi (TO:13se)
#1396382 26.07.2026 04:23:36 : EVT WIFI : Disconn:-1000 
#1396383 26.07.2026 04:23:36 : EVT WIFI : pwr down OK
#1396384 26.07.2026 04:26:02 : EVT OHR : SUB SpO2 c:8074
#1396385 26.07.2026 04:26:02 : EVT OHR : S:start 0x2133
#1396386 26.07.2026 04:26:03 : EVT <Unknown> : 1785032765594:Meas start 0x2130
#1396387 26.07.2026 04:26:24 : EVT <Unknown> : 1785032786478:SpO2 f:1/7/1/0,v:97.62/98.0.
#1396388 26.07.2026 04:26:24 : EVT OHR : UNSUB SpO2 c:8074
#1396389 26.07.2026 04:26:24 : EVT <Unknown> : 1785032786478:SpO2 s:479/0/0,o:97.62/91.50.
#1396390 26.07.2026 04:26:24 : EVT OHR : S:start 0x2123
#1396391 26.07.2026 04:26:25 : EVT <Unknown> : 1785032787447:Meas start 0x2123
#1396392 26.07.2026 04:26:33 : EVT OHR : new HR update
#1396393 26.07.2026 04:35:17 : TRC FUEL_GAUGE : Batt: 3841 mV (raw: 3842) soc: 40 %, T: 32.4 C,H:103
#1396394 26.07.2026 04:46:02 : EVT OHR : SUB SpO2 c:8074
#1396395 26.07.2026 04:46:02 : EVT OHR : S:start 0x2133
#1396396 26.07.2026 04:46:03 : EVT OHR : new HR update
#1396397 26.07.2026 04:46:03 : EVT <Unknown> : 1785033965659:Meas start 0x2130
#1396398 26.07.2026 04:47:05 : WRN <Unknown> : 1785034027352:Str2-SpO2 v:92.0/0.0/240/1500.
#1396399 26.07.2026 04:47:05 : EVT OHR : UNSUB SpO2 c:8074
#1396400 26.07.2026 04:47:05 : EVT OHR : S:start 0x2123
#1396401 26.07.2026 04:47:06 : EVT <Unknown> : 1785034027977:Meas start 0x2123
#1396402 26.07.2026 04:47:06 : EVT <Unknown> : 1785034027978:xiaomi reset t:473213677917/473151359069
#1396403 26.07.2026 04:47:10 : ERR <Unknown> : 1785034031988:Mi invalid call:100,code:0.
#1396404 26.07.2026 04:47:14 : EVT OHR : new HR update
#1396405 26.07.2026 04:47:15 : ERR <Unknown> : 1785034037192:Mi invalid call:100,code:0.
#1396406 26.07.2026 05:00:00 : EVT <Unknown> : pwr daily,ontime:5
#1396407 26.07.2026 05:00:00 : EVT WBSTORAGE : CACHE_DEFRAG (744->1000, 24->24, 25)
#1396408 26.07.2026 05:00:00 : EVT WEATHER : t:495842, d:1
#1396409 26.07.2026 05:01:00 : TRC APPLICATION : Removing: b:/syslogs/systemevent_1383485.log
#1396410 26.07.2026 05:06:02 : EVT OHR : SUB SpO2 c:8074
#1396411 26.07.2026 05:06:02 : EVT OHR : S:start 0x2133
#1396412 26.07.2026 05:06:03 : EVT OHR : new HR update
#1396413 26.07.2026 05:06:03 : EVT OHR : new HR update
#1396414 26.07.2026 05:06:03 : EVT <Unknown> : 1785035165749:Meas start 0x2130
#1396415 26.07.2026 05:06:26 : EVT <Unknown> : 1785035188635:SpO2 f:1/7/1/0,v:96.37/97.0.
#1396416 26.07.2026 05:06:26 : EVT OHR : UNSUB SpO2 c:8074
#1396417 26.07.2026 05:06:26 : EVT <Unknown> : 1785035188635:SpO2 s:479/0/0,o:96.37/92.71.
#1396418 26.07.2026 05:06:26 : EVT OHR : S:start 0x2123
#1396419 26.07.2026 05:06:27 : EVT <Unknown> : 1785035189144:Meas start 0x2123
#1396420 26.07.2026 05:06:35 : EVT OHR : new HR update
#1396421 26.07.2026 05:19:01 : EVT WBSTORAGE : CACHE_DEFRAG (888->928, 24->24, 25)
#1396422 26.07.2026 05:19:02 : EVT WBSTORAGE : CACHE_DEFRAG (864->880, 24->24, 25)
#1396423 26.07.2026 05:19:02 : EVT ANALYTICS : #sf R:5 A:Xiamen-fw_2.56.18.31896-V-a8f49e99
#1396424 26.07.2026 05:19:04 : EVT ANALYTICS : Weather sync ok d:3600 f:0
#1396425 26.07.2026 05:19:04 : EVT WBSTORAGE : CACHE_DEFRAG (824->832, 24->24, 25)
#1396426 26.07.2026 05:19:04 : EVT ANALYTICS : synced city:Winterthur
#1396427 26.07.2026 05:19:04 : EVT GPS : Last known coordinate:lat:474944768, lon:87139016
#1396428 26.07.2026 05:26:02 : EVT OHR : SUB SpO2 c:8074
#1396429 26.07.2026 05:26:02 : EVT OHR : S:start 0x2133
#1396430 26.07.2026 05:26:03 : EVT <Unknown> : 1785036365754:Meas start 0x2130
#1396431 26.07.2026 05:26:44 : EVT <Unknown> : 1785036406657:SpO2 f:1/7/1/0,v:98.03/99.0.
#1396432 26.07.2026 05:26:44 : EVT OHR : UNSUB SpO2 c:8074
#1396433 26.07.2026 05:26:44 : EVT <Unknown> : 1785036406657:SpO2 s:979/0/0,o:98.03/93.97.
#1396434 26.07.2026 05:26:44 : EVT OHR : S:start 0x2123
#1396435 26.07.2026 05:26:45 : EVT <Unknown> : 1785036407248:Meas start 0x2123
#1396436 26.07.2026 05:26:53 : EVT OHR : new HR update
#1396437 26.07.2026 05:36:17 : TRC FUEL_GAUGE : Batt: 3840 mV (raw: 3839) soc: 40 %, T: 31.8 C,H:103
#1396438 26.07.2026 05:46:02 : EVT OHR : SUB SpO2 c:8074
#1396439 26.07.2026 05:46:02 : EVT OHR : S:start 0x2133
#1396440 26.07.2026 05:46:03 : EVT OHR : new HR update
#1396441 26.07.2026 05:46:03 : EVT <Unknown> : 1785037565841:Meas start 0x2130
#1396442 26.07.2026 05:46:28 : WRN <Unknown> : 1785037590728:SpO2:219/91.47/#.#/#.#/0.0/98.0/98.0/98.
#1396443 26.07.2026 05:47:05 : WRN <Unknown> : 1785037627534:Str2-SpO2 v:92.0/0.0/0/1500.
#1396444 26.07.2026 05:47:05 : EVT OHR : UNSUB SpO2 c:8074
#1396445 26.07.2026 05:47:05 : EVT OHR : S:start 0x2123
#1396446 26.07.2026 05:47:06 : EVT <Unknown> : 1785037628240:Meas start 0x2123
#1396447 26.07.2026 05:47:06 : EVT <Unknown> : 1785037628241:xiaomi reset t:476813941253/476751541198
#1396448 26.07.2026 05:47:10 : ERR <Unknown> : 1785037632250:Mi invalid call:100,code:0.
#1396449 26.07.2026 05:47:15 : EVT OHR : new HR update
#1396450 26.07.2026 05:47:15 : ERR <Unknown> : 1785037637455:Mi invalid call:100,code:0.
#1396451 26.07.2026 06:00:00 : EVT <Unknown> : pwr daily,ontime:6
#1396452 26.07.2026 06:00:00 : EVT WBSTORAGE : CACHE_DEFRAG (760->928, 24->24, 25)
#1396453 26.07.2026 06:00:00 : EVT WEATHER : t:495843, d:1
#1396454 26.07.2026 06:06:02 : EVT OHR : SUB SpO2 c:8074
#1396455 26.07.2026 06:06:02 : EVT OHR : S:start 0x2133
#1396456 26.07.2026 06:06:03 : EVT OHR : new HR update
#1396457 26.07.2026 06:06:03 : EVT <Unknown> : 1785038765665:Meas start 0x2130
#1396458 26.07.2026 06:06:24 : EVT <Unknown> : 1785038786541:SpO2 f:1/7/1/0,v:96.05/97.0.
#1396459 26.07.2026 06:06:24 : EVT OHR : UNSUB SpO2 c:8074
#1396460 26.07.2026 06:06:24 : EVT <Unknown> : 1785038786542:SpO2 s:479/0/0,o:96.05/89.31.
#1396461 26.07.2026 06:06:24 : EVT OHR : S:start 0x2123
#1396462 26.07.2026 06:06:25 : EVT <Unknown> : 1785038787094:Meas start 0x2123
#1396463 26.07.2026 06:06:34 : EVT OHR : new HR update
#1396464 26.07.2026 06:15:43 : EVT ACCELEROMETER : Gyro bias:-0.161700 0.039900 -0.228200
#1396465 26.07.2026 06:19:01 : EVT WBSTORAGE : CACHE_DEFRAG (816->872, 24->24, 25)
#1396466 26.07.2026 06:19:02 : EVT ANALYTICS : #sf R:5 A:Xiamen-fw_2.56.18.31896-V-a8f49e99
#1396467 26.07.2026 06:19:05 : EVT ANALYTICS : Weather sync ok d:3600 f:0
#1396468 26.07.2026 06:19:05 : EVT WBSTORAGE : CACHE_DEFRAG (808->832, 24->24, 25)
#1396469 26.07.2026 06:19:05 : EVT ANALYTICS : synced city:Winterthur
#1396470 26.07.2026 06:19:05 : EVT GPS : Last known coordinate:lat:474944640, lon:87137604
#1396471 26.07.2026 06:26:02 : EVT OHR : SUB SpO2 c:8074
#1396472 26.07.2026 06:26:02 : EVT OHR : S:start 0x2133
#1396473 26.07.2026 06:26:03 : EVT <Unknown> : 1785039965679:Meas start 0x2130
#1396474 26.07.2026 06:26:30 : EVT <Unknown> : 1785039992589:SpO2 f:1/6/1/0,v:89.87/90.0.
#1396475 26.07.2026 06:26:30 : EVT OHR : UNSUB SpO2 c:8074
#1396476 26.07.2026 06:26:30 : EVT <Unknown> : 1785039992589:SpO2 s:629/0/0,o:89.87/85.94.
#1396477 26.07.2026 06:26:30 : EVT OHR : S:start 0x2123
#1396478 26.07.2026 06:26:31 : EVT <Unknown> : 1785039993202:Meas start 0x2123
#1396479 26.07.2026 06:26:37 : EVT OHR : new HR update
#1396480 26.07.2026 06:36:17 : TRC FUEL_GAUGE : Batt: 3839 mV (raw: 3839) soc: 40 %, T: 32.8 C,H:103
#1396481 26.07.2026 06:46:02 : EVT OHR : SUB SpO2 c:8074
#1396482 26.07.2026 06:46:02 : EVT OHR : S:start 0x2133
#1396483 26.07.2026 06:46:03 : EVT <Unknown> : 1785041165693:Meas start 0x2130
#1396484 26.07.2026 06:46:26 : EVT <Unknown> : 1785041188602:SpO2 f:1/6/1/0,v:94.02/95.0.
#1396485 26.07.2026 06:46:26 : EVT OHR : UNSUB SpO2 c:8074
#1396486 26.07.2026 06:46:26 : EVT <Unknown> : 1785041188602:SpO2 s:529/0/0,o:94.02/89.39.
#1396487 26.07.2026 06:46:26 : EVT OHR : S:start 0x2123
#1396488 26.07.2026 06:46:27 : EVT <Unknown> : 1785041189301:Meas start 0x2123
#1396489 26.07.2026 06:46:35 : EVT OHR : new HR update
#1396490 26.07.2026 06:55:17 : TRC FUEL_GAUGE : batFgLevel cur:39%, prev:40%
#1396491 26.07.2026 07:00:00 : EVT <Unknown> : pwr daily,ontime:7
#1396492 26.07.2026 07:00:00 : EVT WBSTORAGE : CACHE_DEFRAG (760->920, 24->24, 25)
#1396493 26.07.2026 07:00:00 : EVT WEATHER : t:495844, d:1
#1396494 26.07.2026 07:06:02 : EVT OHR : SUB SpO2 c:8074
#1396495 26.07.2026 07:06:02 : EVT OHR : S:start 0x2133
#1396496 26.07.2026 07:06:03 : EVT <Unknown> : 1785042365707:Meas start 0x2130
#1396497 26.07.2026 07:06:23 : EVT <Unknown> : 1785042386583:SpO2 f:1/7/1/0,v:95.70/96.0.
#1396498 26.07.2026 07:06:23 : EVT OHR : UNSUB SpO2 c:8074
#1396499 26.07.2026 07:06:23 : EVT <Unknown> : 1785042386583:SpO2 s:479/0/0,o:95.70/90.66.
#1396500 26.07.2026 07:06:23 : EVT OHR : S:start 0x2123
#1396501 26.07.2026 07:06:24 : EVT <Unknown> : 1785042386645:Meas start 0x2123
#1396502 26.07.2026 07:06:31 : EVT OHR : new HR update
#1396503 26.07.2026 07:19:02 : EVT ANALYTICS : #sf R:5 A:Xiamen-fw_2.56.18.31896-V-a8f49e99
#1396504 26.07.2026 07:19:03 : EVT ANALYTICS : Weather sync ok d:3600 f:0
#1396505 26.07.2026 07:19:03 : EVT WBSTORAGE : CACHE_DEFRAG (808->832, 24->24, 25)
#1396506 26.07.2026 07:19:03 : EVT ANALYTICS : synced city:Winterthur
#1396507 26.07.2026 07:19:03 : EVT GPS : Last known coordinate:lat:474944271, lon:87139995
#1396508 26.07.2026 07:26:02 : EVT OHR : SUB SpO2 c:8074
#1396509 26.07.2026 07:26:02 : EVT OHR : S:start 0x2133
#1396510 26.07.2026 07:26:03 : EVT OHR : new HR update
#1396511 26.07.2026 07:26:03 : EVT <Unknown> : 1785043565721:Meas start 0x2130
#1396512 26.07.2026 07:26:23 : EVT <Unknown> : 1785043586597:SpO2 f:1/7/1/0,v:97.17/98.0.
#1396513 26.07.2026 07:26:23 : EVT OHR : UNSUB SpO2 c:8074
#1396514 26.07.2026 07:26:23 : EVT <Unknown> : 1785043586597:SpO2 s:479/0/0,o:97.17/92.50.
#1396515 26.07.2026 07:26:23 : EVT OHR : S:start 0x2123
#1396516 26.07.2026 07:26:24 : EVT <Unknown> : 1785043586661:Meas start 0x2123
#1396517 26.07.2026 07:26:31 : EVT OHR : new HR update
#1396518 26.07.2026 07:30:00 : EVT SLEEP : DND OFF
#1396519 26.07.2026 07:30:00 : EVT BRIGHTNESS : Custom state pwr:[1,-1] bri:[-1.00,-1.00]
#1396520 26.07.2026 07:30:05 : EVT BRIGHTNESS : Custom state pwr:[-1,-1] bri:[-1.00,-1.00]
#1396521 26.07.2026 07:37:17 : TRC FUEL_GAUGE : Batt: 3837 mV (raw: 3838) soc: 39 %, T: 32.8 C,H:103
#1396522 26.07.2026 07:46:02 : EVT OHR : SUB SpO2 c:8074
#1396523 26.07.2026 07:46:02 : EVT OHR : S:start 0x2133
#1396524 26.07.2026 07:46:03 : EVT <Unknown> : 1785044765760:Meas start 0x2130
#1396525 26.07.2026 07:46:27 : EVT <Unknown> : 1785044790637:SpO2 f:1/6/1/0,v:91.87/92.0.
#1396526 26.07.2026 07:46:27 : EVT OHR : UNSUB SpO2 c:8074
#1396527 26.07.2026 07:46:27 : EVT <Unknown> : 1785044790637:SpO2 s:579/0/0,o:91.87/87.75.
#1396528 26.07.2026 07:46:27 : EVT OHR : S:start 0x2123
#1396529 26.07.2026 07:46:28 : EVT <Unknown> : 1785044790706:Meas start 0x2123
#1396530 26.07.2026 07:46:37 : EVT OHR : new HR update
#1396531 26.07.2026 07:49:04 : WRN BLE : BLE Link 4D00F000 Disc (L-E-:21:0)
#1396532 26.07.2026 07:49:04 : WRN BLE : sendDisconnect 61440
#1396533 26.07.2026 07:49:04 : EVT BLE : State ON->TIMER
#1396534 26.07.2026 07:49:04 : TRC BLE : SVC M/F000 disabled
#1396535 26.07.2026 07:49:04 : EVT WBCOMM : Route lost: ECSD00000003
#1396536 26.07.2026 07:49:04 : EVT BLE : DEV M disconnected
#1396537 26.07.2026 07:49:04 : EVT APPLICATION : Zapp lock disconn wbId:4
#1396538 26.07.2026 07:49:04 : EVT APPLICATION : Zapp lock disconn wbId:4
#1396539 26.07.2026 07:49:04 : EVT WBSTORAGE : CACHE_DEFRAG (760->824, 24->24, 25)
#1396540 26.07.2026 07:49:04 : EVT WBSTORAGE : CACHE_DEFRAG (752->808, 24->24, 25)
#1396541 26.07.2026 07:49:09 : EVT BLE : State TIMER->OFF
#1396542 26.07.2026 08:00:00 : EVT <Unknown> : pwr daily,ontime:8
#1396543 26.07.2026 08:00:00 : EVT WEATHER : t:495845, d:1
#1396544 26.07.2026 08:04:26 : EVT BLE : State OFF->START
#1396545 26.07.2026 08:04:26 : EVT BLE : APP 3.0.54/01F7/1.2.10
#1396546 26.07.2026 08:04:26 : EVT BLE : State START->ON
#1396547 26.07.2026 08:04:26 : TRC BLE : BLE Link Restore 4D00F000 (L-Ep:00:0)
#1396548 26.07.2026 08:04:27 : EVT WBSTORAGE : CACHE_DEFRAG (736->920, 24->24, 25)
#1396549 26.07.2026 08:04:28 : EVT BLE : DEV M connected
#1396550 26.07.2026 08:04:28 : TRC BLE : SVC M/F000 enabled
#1396551 26.07.2026 08:04:28 : EVT WBCOMM : P-9 connection made to ECSD00000003
#1396552 26.07.2026 08:04:28 : EVT WBCOMM : New Route: ECSD00000003
#1396553 26.07.2026 08:04:28 : EVT APPLICATION : MCP:remote resources mapped
#1396554 26.07.2026 08:04:31 : EVT ANALYTICS : #sf R:5 A:Xiamen-fw_2.56.18.31896-V-a8f49e99
#1396555 26.07.2026 08:04:31 : EVT ANALYTICS : #sf R:5 A:Xiamen-fw_2.56.18.31896-V-a8f49e99
#1396556 26.07.2026 08:04:31 : EVT ANALYTICS : Sync start
#1396557 26.07.2026 08:04:32 : EVT ANALYTICS : #sf R:5 A:Xiamen-fw_2.56.18.31896-V-a8f49e99
#1396558 26.07.2026 08:04:33 : EVT WBSTORAGE : CACHE_DEFRAG (792->912, 24->24, 25)
#1396559 26.07.2026 08:04:34 : EVT WBSTORAGE : CACHE_DEFRAG (856->864, 24->24, 25)
#1396560 26.07.2026 08:04:36 : EVT ANALYTICS : #sf R:5 A:Xiamen-fw_2.56.18.31896-V-a8f49e99
#1396561 26.07.2026 08:04:37 : EVT ANALYTICS : Weather sync ok d:2700 f:0
#1396562 26.07.2026 08:04:37 : EVT WBSTORAGE : CACHE_DEFRAG (800->816, 24->24, 25)
#1396563 26.07.2026 08:04:37 : EVT ANALYTICS : synced city:Winterthur
#1396564 26.07.2026 08:04:37 : EVT GPS : Last known coordinate:lat:474944128, lon:87139569
#1396565 26.07.2026 08:04:38 : EVT ANALYTICS : Weather sync ok d:0 f:0
#1396566 26.07.2026 08:04:38 : EVT ANALYTICS : synced city:Winterthur
#1396567 26.07.2026 08:04:38 : EVT GPS : Last known coordinate:lat:474944128, lon:87139569
#1396568 26.07.2026 08:05:27 : EVT APPLICATION : Zapp zwc05901:templ load:b:/zapp/zwc05901.wfa/wf-lowp-q.
#1396569 26.07.2026 08:06:02 : EVT OHR : SUB SpO2 c:8074
#1396570 26.07.2026 08:06:02 : EVT OHR : S:start 0x2133
#1396571 26.07.2026 08:06:02 : EVT OHR : new HR update
#1396572 26.07.2026 08:06:02 : EVT <Unknown> : 1785045965769:Meas start 0x2130
#1396573 26.07.2026 08:06:37 : EVT <Unknown> : 1785045999849:SpO2 f:1/5/1/0,v:89.59/90.0.
#1396574 26.07.2026 08:06:37 : EVT OHR : UNSUB SpO2 c:8074
#1396575 26.07.2026 08:06:37 : EVT <Unknown> : 1785045999849:SpO2 s:579/84/0,o:89.59/70.45.
#1396576 26.07.2026 08:06:37 : EVT OHR : S:start 0x2123
#1396577 26.07.2026 08:06:39 : EVT <Unknown> : 1785046000791:Meas start 0x2123
#1396578 26.07.2026 08:06:47 : EVT OHR : new HR update
#1396579 26.07.2026 08:09:00 : EVT SEDENTARY : stop monitoring
#1396580 26.07.2026 08:14:18 : EVT WBSTORAGE : CACHE_DEFRAG (744->928, 24->24, 25)
#1396581 26.07.2026 08:15:18 : EVT APPLICATION : Zapp zwc05901:templ load:b:/zapp/zwc05901.wfa/wf-lowp-q.
#1396582 26.07.2026 08:17:57 : EVT APPLICATION : Zapp zwc05901:templ load:b:/zapp/zwc05901.wfa/wf-lowp-q.
#1396583 26.07.2026 08:19:01 : EVT ANALYTICS : Weather sync ok d:900 f:0
#1396584 26.07.2026 08:19:01 : EVT ANALYTICS : synced city:Winterthur
#1396585 26.07.2026 08:19:01 : EVT WBSTORAGE : CACHE_DEFRAG (800->856, 24->24, 25)
#1396586 26.07.2026 08:19:02 : EVT GPS : Last known coordinate:lat:474944128, lon:87139569
#1396587 26.07.2026 08:19:02 : EVT ANALYTICS : #sf R:5 A:Xiamen-fw_2.56.18.31896-V-a8f49e99
#1396588 26.07.2026 08:19:30 : EVT ANALYTICS : Weather sync TO
#1396589 26.07.2026 08:22:24 : EVT APPLICATION : Zapp zwc05901:templ load:b:/zapp/zwc05901.wfa/wf-lowp-q.
#1396590 26.07.2026 08:26:02 : EVT OHR : SUB SpO2 c:8074
#1396591 26.07.2026 08:26:02 : EVT OHR : S:start 0x2133
#1396592 26.07.2026 08:26:03 : EVT OHR : new HR update
#1396593 26.07.2026 08:26:03 : EVT <Unknown> : 1785047165768:Meas start 0x2130
#1396594 26.07.2026 08:26:07 : EVT APPLICATION : Zapp zwc05901:templ load:b:/zapp/zwc05901.wfa/wf-lowp-q.
#1396595 26.07.2026 08:26:30 : EVT <Unknown> : 1785047192645:SpO2 f:1/4/1/0,v:91.39/92.0.
#1396596 26.07.2026 08:26:30 : EVT OHR : UNSUB SpO2 c:8074
#1396597 26.07.2026 08:26:30 : EVT <Unknown> : 1785047192646:SpO2 s:579/0/0,o:91.39/87.87.
#1396598 26.07.2026 08:26:30 : EVT OHR : S:start 0x2123
#1396599 26.07.2026 08:26:31 : EVT <Unknown> : 1785047193203:Meas start 0x2123
#1396600 26.07.2026 08:26:39 : EVT OHR : new HR update
#1396601 26.07.2026 08:28:20 : EVT APPLICATION : Zapp zwc05901:templ load:b:/zapp/zwc05901.wfa/wf-lowp-q.
#1396602 26.07.2026 08:36:34 : EVT APPLICATION : Zapp zwc05901:templ load:b:/zapp/zwc05901.wfa/wf-lowp-q.
#1396603 26.07.2026 08:36:47 : EVT OHR : No HR update, invalidate by timer
#1396604 26.07.2026 08:36:47 : EVT OHR : new HR update
#1396605 26.07.2026 08:37:38 : EVT APPLICATION : Zapp zwc05901:templ load:b:/zapp/zwc05901.wfa/wf-lowp-q.
#1396606 26.07.2026 08:38:17 : TRC FUEL_GAUGE : Batt: 3835 mV (raw: 3836) soc: 39 %, T: 32.4 C,H:103
#1396607 26.07.2026 08:46:02 : EVT OHR : SUB SpO2 c:8074
#1396608 26.07.2026 08:46:02 : EVT OHR : S:start 0x2133
#1396609 26.07.2026 08:46:03 : EVT <Unknown> : 1785048365777:Meas start 0x2130
#1396610 26.07.2026 08:46:24 : EVT <Unknown> : 1785048386685:SpO2 f:1/7/1/0,v:96.97/97.0.
#1396611 26.07.2026 08:46:24 : EVT OHR : UNSUB SpO2 c:8074
#1396612 26.07.2026 08:46:24 : EVT <Unknown> : 1785048386685:SpO2 s:479/0/0,o:96.97/93.34.
#1396613 26.07.2026 08:46:24 : EVT OHR : S:start 0x2123
#1396614 26.07.2026 08:46:25 : EVT <Unknown> : 1785048387398:Meas start 0x2123
#1396615 26.07.2026 08:46:33 : EVT OHR : new HR update
#1396616 26.07.2026 08:50:16 : EVT APPLICATION : Zapp zwc05901:templ load:b:/zapp/zwc05901.wfa/wf-lowp-q.
#1396617 26.07.2026 08:59:14 : EVT APPLICATION : Zapp zwc05901:templ load:b:/zapp/zwc05901.wfa/wf-lowp-q.
#1396618 26.07.2026 09:00:00 : EVT <Unknown> : pwr daily,ontime:9
#1396619 26.07.2026 09:00:00 : EVT WBSTORAGE : CACHE_DEFRAG (792->864, 24->24, 25)
#1396620 26.07.2026 09:00:00 : EVT WEATHER : t:495846, d:1
#1396621 26.07.2026 09:01:16 : EVT BLE : ANCS #893596685 S02 C6 f02 t1785056475 s50
#1396622 26.07.2026 09:01:16 : WRN WBAPI : eID-662ac4(277): /Settings/General/BacklightDailyForced 
#1396623 26.07.2026 09:01:16 : WRN WBAPI : eID-662ac4(277): /Settings/General/BacklightDailyForced 
#1396624 26.07.2026 09:01:16 : WRN WBAPI : eID-662ac4(277): /Settings/General/BacklightDailyForced 
#1396625 26.07.2026 09:01:16 : EVT BRIGHTNESS : Custom state pwr:[3,-1] bri:[-1.00,-1.00]
#1396626 26.07.2026 09:01:26 : EVT BRIGHTNESS : Custom state pwr:[-1,-1] bri:[-1.00,-1.00]
#1396627 26.07.2026 09:06:02 : EVT OHR : SUB SpO2 c:8074
#1396628 26.07.2026 09:06:02 : EVT OHR : S:start 0x2133
#1396629 26.07.2026 09:06:03 : EVT <Unknown> : 1785049565791:Meas start 0x2130
#1396630 26.07.2026 09:06:23 : EVT <Unknown> : 1785049586707:SpO2 f:1/7/1/0,v:97.38/98.0.
#1396631 26.07.2026 09:06:23 : EVT OHR : UNSUB SpO2 c:8074
#1396632 26.07.2026 09:06:23 : EVT <Unknown> : 1785049586707:SpO2 s:479/0/25,o:97.38/92.71.
#1396633 26.07.2026 09:06:23 : EVT OHR : S:start 0x2123
#1396634 26.07.2026 09:06:24 : EVT <Unknown> : 1785049586752:Meas start 0x2123
#1396635 26.07.2026 09:06:33 : EVT OHR : new HR update
#1396636 26.07.2026 09:06:41 : EVT APPLICATION : Zapp zwc05901:templ load:b:/zapp/zwc05901.wfa/wf-lowp-q.
#1396637 26.07.2026 09:12:00 : EVT ANALYTICS : Sync start
#1396638 26.07.2026 09:12:01 : EVT ANALYTICS : #sf R:5 A:Xiamen-fw_2.56.18.31896-V-a8f49e99
#1396639 26.07.2026 09:19:02 : EVT ANALYTICS : #sf R:5 A:Xiamen-fw_2.56.18.31896-V-a8f49e99
#1396640 26.07.2026 09:19:06 : EVT ANALYTICS : Weather sync ok d:3600 f:1
#1396641 26.07.2026 09:19:06 : EVT ANALYTICS : synced city:Winterthur
#1396642 26.07.2026 09:19:06 : EVT GPS : Last known coordinate:lat:474944998, lon:87139062
#1396643 26.07.2026 09:26:02 : EVT OHR : SUB SpO2 c:8074
#1396644 26.07.2026 09:26:02 : EVT OHR : S:start 0x2133
#1396645 26.07.2026 09:26:03 : EVT <Unknown> : 1785050765805:Meas start 0x2130
#1396646 26.07.2026 09:26:24 : EVT <Unknown> : 1785050786689:SpO2 f:1/7/1/0,v:97.39/98.0.
#1396647 26.07.2026 09:26:24 : EVT OHR : UNSUB SpO2 c:8074
#1396648 26.07.2026 09:26:24 : EVT <Unknown> : 1785050786689:SpO2 s:479/0/0,o:97.39/92.97.
#1396649 26.07.2026 09:26:24 : EVT OHR : S:start 0x2123
#1396650 26.07.2026 09:26:25 : EVT <Unknown> : 1785050787508:Meas start 0x2123
#1396651 26.07.2026 09:26:34 : EVT OHR : new HR update
#1396652 26.07.2026 09:39:17 : TRC FUEL_GAUGE : Batt: 3835 mV (raw: 3834) soc: 39 %, T: 32.7 C,H:103
#1396653 26.07.2026 09:43:54 : EVT WBSTORAGE : CACHE_DEFRAG (752->928, 24->24, 25)
#1396654 26.07.2026 09:44:02 : EVT SLEEP : GMSLEEP:Got GMSLEEPSTATUS 28
#1396655 26.07.2026 09:44:02 : EVT SLEEP : GMSLEEP:Rest Offset + Valid Sleep
#1396656 26.07.2026 09:44:03 : EVT SLEEP : GMSLEEP:Got GMSLEEPSTATUS 0
#1396657 26.07.2026 09:44:04 : EVT <Unknown> : 1785051846124:T:1,sS:1785025260,eS:1785051720,SS:882
#1396658 26.07.2026 09:44:04 : EVT SLEEP : GMSLEEP:Got Sleep Summary, type == 1
#1396659 26.07.2026 09:44:04 : EVT <Unknown> : 1785051846124:GMV 20251126/1/4/0/395/46
#1396660 26.07.2026 09:44:04 : EVT SLEEP : GMSLEEP:Start-End TS 1785025260-1785051720, dur 26460
#1396661 26.07.2026 09:44:04 : EVT <Unknown> : 1785051846124:ST:1785025260,FT:1785051720,nM:441
#1396662 26.07.2026 09:44:04 : EVT <Unknown> : 1785051846124:tT:441.0,w:0.0,sP:441.0
#1396663 26.07.2026 09:44:04 : EVT SLEEP : GMSLEEP:SOL 0, WASO 0, WBOB 0
#1396664 26.07.2026 09:44:04 : EVT <Unknown> : 1785051846124:wR:0.0,r:0.216553,lR:0.477324,wM:0.0
#1396665 26.07.2026 09:44:04 : EVT <Unknown> : 1785051846124:wM:0.0,rM:95.500000,lM:210.500000
#1396666 26.07.2026 09:44:04 : EVT <Unknown> : 1785051846124:dM:135.0,sc:85.810669
#1396667 26.07.2026 09:44:04 : EVT SLEEP : GMSLEEP:Got 160 of 882 sleep stages
#1396668 26.07.2026 09:44:04 : EVT SLEEP : GMSLEEP:Got 320 of 882 sleep stages
#1396669 26.07.2026 09:44:04 : EVT SLEEP : GMSLEEP:Got 480 of 882 sleep stages
#1396670 26.07.2026 09:44:04 : EVT SLEEP : GMSLEEP:Got 640 of 882 sleep stages
#1396671 26.07.2026 09:44:04 : EVT SLEEP : GMSLEEP:Got 800 of 882 sleep stages
#1396672 26.07.2026 09:44:04 : EVT SLEEP : GMSLEEP:Got 882 of 882 sleep stages
#1396673 26.07.2026 09:44:04 : EVT SLEEP : sleep dur 26460 secs; deep 8100 light 12630 rem 5730
#1396674 26.07.2026 09:44:04 : EVT SLEEP : SleepQ:DetectedSleepType:Long Sleep
#1396675 26.07.2026 09:44:04 : EVT SLEEP : SleepQ:SleepQuality:86 %
#1396676 26.07.2026 09:44:04 : EVT SLEEP : SleepQ:AverageHeartRate:61 bpm
#1396677 26.07.2026 09:44:04 : EVT SLEEP : SleepQ:MinimumHeartRate:55 bpm
#1396678 26.07.2026 09:44:04 : EVT SLEEP : SleepQ:MaximumSpO2:99 %
#1396679 26.07.2026 09:44:04 : EVT SLEEP : SleepQ:Altitude:478 m
#1396680 26.07.2026 09:44:04 : EVT SLEEP : SleepQ:AverageHrvRmssd:48 ms
#1396681 26.07.2026 09:44:04 : EVT SLEEP : SleepQ:AverageHrvCount:82
#1396682 26.07.2026 09:44:04 : EVT SLEEP : SleepQ:FallAsleepTime:02:21.00
#1396683 26.07.2026 09:44:04 : EVT SLEEP : SleepQ:WakeUpTime:09:42.00
#1396684 26.07.2026 09:44:04 : EVT SLEEP : SleepQ:TotalSleepDuration:7:21.00
#1396685 26.07.2026 09:44:04 : EVT SLEEP : SleepQ:DeepSleepDur:2:15.00
#1396686 26.07.2026 09:44:04 : EVT SLEEP : SleepQ:LightSleepDur:3:30.00
#1396687 26.07.2026 09:44:04 : EVT SLEEP : SleepQ:RemSleepDur:1:36.00
#1396688 26.07.2026 09:44:04 : EVT SLEEP : SleepQ:AwakeMidSleepDur:0:00.00
#1396689 26.07.2026 09:44:04 : EVT WBSTORAGE : CACHE_DEFRAG (800->856, 24->24, 25)
#1396690 26.07.2026 09:44:04 : EVT ANALYTICS : WakeUpDet 09:42.00 > SleepSumm 09:44.04 > Notif 09:44.04
#1396691 26.07.2026 09:44:04 : WRN WBAPI : eID-662ac4(277): /Outdoor/SunEvent/Next.event 404
#1396692 26.07.2026 09:44:04 : EVT UI_FRAMEWORK : JS sl-hello onActivate, is_close: 0
#1396693 26.07.2026 09:44:05 : EVT WBSTORAGE : CACHE_DEFRAG (616->688, 24->24, 25)
#1396694 26.07.2026 09:46:57 : TRC SETTINGS : UTC:1785052016|60 DST:1|120|1774746000|1792890000
#1396695 26.07.2026 09:46:57 : TRC SETTINGS : TMZ:|Europe/Zurich|
#1396696 26.07.2026 09:46:58 : EVT ANALYTICS : #sf R:5 A:Xiamen-fw_2.56.18.31896-V-a8f49e99
#1396697 26.07.2026 09:46:59 : EVT ANALYTICS : Sync start
#1396698 26.07.2026 09:47:01 : EVT WBSTORAGE : CACHE_DEFRAG (600->952, 24->24, 25)
#1396699 26.07.2026 09:47:01 : EVT SLEEP : sleep backup file created count 1
#1396700 26.07.2026 09:47:01 : EVT SLEEP : sleepstages backup file created count 20
#1396701 26.07.2026 09:47:08 : EVT ANALYTICS : Weather sync ok d:1680 f:0
#1396702 26.07.2026 09:47:08 : EVT WBSTORAGE : CACHE_DEFRAG (888->936, 24->24, 25)
#1396703 26.07.2026 09:47:08 : EVT ANALYTICS : synced city:Winterthur
#1396704 26.07.2026 09:47:08 : EVT GPS : Last known coordinate:lat:474943587, lon:87139392
#1396705 26.07.2026 09:47:08 : EVT WBSTORAGE : CACHE_DEFRAG (864->872, 24->24, 25)
#1396706 26.07.2026 09:47:09 : ERR WBMAIN : *0: app 657 Event 37 8000c8b8
#1396707 26.07.2026 09:47:09 : ERR WBMAIN : 1: mea 14 Wait 0 00000000
#1396708 26.07.2026 09:47:09 : ERR WBMAIN : 2: ui 13 Wait 0 00000000
#1396709 26.07.2026 09:49:04 : EVT APPLICATION : Zapp zwc05901:Disable
#1396710 26.07.2026 09:49:04 : EVT ANALYTICS : Zapp disabled i:4 h:ddb248f2 n:Vector classic
#1396711 26.07.2026 09:49:04 : TRC APPLICATION : The zapp watch face was closed due to TO
#1396712 26.07.2026 09:49:17 : EVT BLE : ANCS #1553907314 S02 C1 f02 t1785059356 s1
#1396713 26.07.2026 09:49:17 : EVT BRIGHTNESS : Custom state pwr:[2,-1] bri:[-1.00,-1.00]
#1396714 26.07.2026 09:49:27 : EVT BRIGHTNESS : Custom state pwr:[-1,-1] bri:[-1.00,-1.00]
#1396715 26.07.2026 09:49:27 : EVT WBSTORAGE : CACHE_DEFRAG (632->808, 24->24, 25)
#1396716 26.07.2026 09:49:27 : WRN WBAPI : eID-662ac4(277): /Outdoor/SunEvent/Next.event 404
#1396717 26.07.2026 09:49:27 : EVT UI_FRAMEWORK : JS sl-hello onActivate, is_close: 0
#1396718 26.07.2026 09:53:33 : TRC SETTINGS : UTC:1785052412|60 DST:1|120|1774746000|1792890000
#1396719 26.07.2026 09:53:33 : TRC SETTINGS : TMZ:|Europe/Zurich|
#1396720 26.07.2026 09:53:34 : EVT WBSTORAGE : CACHE_DEFRAG (680->920, 24->24, 25)
#1396721 26.07.2026 09:53:36 : ERR WBMAIN : *0: app 932 Event 36 80005311
#1396722 26.07.2026 09:53:36 : ERR WBMAIN : 1: mea 10 Wait 0 00000000
#1396723 26.07.2026 09:53:36 : ERR WBMAIN : 2: ui 9 Wait 0 00000000
#1396724 26.07.2026 09:53:36 : EVT ANALYTICS : Sync start
#1396725 26.07.2026 09:53:38 : EVT ANALYTICS : Weather sync ok d:360 f:0
#1396726 26.07.2026 09:53:38 : EVT WBSTORAGE : CACHE_DEFRAG (904->976, 24->24, 25)
#1396727 26.07.2026 09:53:38 : EVT ANALYTICS : synced city:Winterthur
#1396728 26.07.2026 09:53:38 : EVT GPS : Last known coordinate:lat:474944571, lon:87138015
#1396729 26.07.2026 09:53:38 : EVT ANALYTICS : #sf R:5 A:Xiamen-fw_2.56.18.31896-V-a8f49e99
#1396730 26.07.2026 09:53:53 : EVT ANALYTICS : #sf R:5 A:Xiamen-fw_2.56.18.31896-V-a8f49e99
#1396731 26.07.2026 09:53:55 : EVT ANALYTICS : #sf R:5 A:Xiamen-fw_2.56.18.31896-V-a8f49e99
#1396732 26.07.2026 09:54:27 : TRC APPLICATION : The zapp watch face was closed due to TO
#1396733 26.07.2026 10:00:00 : EVT <Unknown> : pwr daily,ontime:10
#1396734 26.07.2026 10:00:00 : EVT WBSTORAGE : CACHE_DEFRAG (904->976, 24->24, 25)
#1396735 26.07.2026 10:00:00 : EVT WEATHER : t:495847, d:1
#1396736 26.07.2026 10:05:45 : TRC SETTINGS : UTC:1785053144|60 DST:1|120|1774746000|1792890000
#1396737 26.07.2026 10:05:45 : TRC SETTINGS : TMZ:|Europe/Zurich|
#1396738 26.07.2026 10:05:46 : ERR WBMAIN : *0: app 960 Event 36 80005311
#1396739 26.07.2026 10:05:46 : ERR WBMAIN : 1: mea 37 Wait 0 00000000
#1396740 26.07.2026 10:05:46 : ERR WBMAIN : 2: ui 35 Wait 0 00000000
#1396741 26.07.2026 10:05:46 : EVT ANALYTICS : Sync start
#1396742 26.07.2026 10:05:48 : EVT WBSTORAGE : CACHE_DEFRAG (864->928, 24->24, 25)
#1396743 26.07.2026 10:05:48 : EVT WBSTORAGE : CACHE_DEFRAG (864->872, 24->24, 25)
#1396744 26.07.2026 10:05:51 : EVT ANALYTICS : Weather sync ok d:720 f:0
#1396745 26.07.2026 10:05:51 : EVT WBSTORAGE : CACHE_DEFRAG (816->832, 24->24, 25)
#1396746 26.07.2026 10:05:51 : EVT ANALYTICS : synced city:Winterthur
#1396747 26.07.2026 10:05:51 : EVT GPS : Last known coordinate:lat:474944713, lon:87137866
#1396748 26.07.2026 10:05:52 : EVT ANALYTICS : #sf R:5 A:Xiamen-fw_2.56.18.31896-V-a8f49e99
#1396749 26.07.2026 10:06:08 : EVT ANALYTICS : #sf R:5 A:Xiamen-fw_2.56.18.31896-V-a8f49e99
#1396750 26.07.2026 10:06:18 : EVT ANALYTICS : #sf R:5 A:Xiamen-fw_2.56.18.31896-V-a8f49e99
#1396751 26.07.2026 10:06:30 : EVT ANALYTICS : #sf R:5 A:Xiamen-fw_2.56.18.31896-V-a8f49e99
#1396752 26.07.2026 10:06:52 : EVT WBSTORAGE : CACHE_DEFRAG (760->976, 24->24, 25)
#1396753 26.07.2026 10:06:56 : EVT ANALYTICS : #sf R:5 A:Xiamen-fw_2.56.18.31896-V-a8f49e99
#1396754 26.07.2026 10:07:04 : EVT ANALYTICS : #sf R:5 A:Xiamen-fw_2.56.18.31896-V-a8f49e99
#1396755 26.07.2026 10:07:09 : EVT ANALYTICS : #sf R:5 A:Xiamen-fw_2.56.18.31896-V-a8f49e99
#1396756 26.07.2026 10:07:10 : EVT ANALYTICS : #sf R:5 A:Xiamen-fw_2.56.18.31896-V-a8f49e99
#1396757 26.07.2026 10:07:20 : EVT ANALYTICS : #sf R:5 A:Xiamen-fw_2.56.18.31896-V-a8f49e99
#1396758 26.07.2026 10:07:29 : EVT ANALYTICS : #sf R:5 A:Xiamen-fw_2.56.18.31896-V-a8f49e99
#1396759 26.07.2026 10:07:53 : EVT APPLICATION : Zapp zwc05901:Load script
#1396760 26.07.2026 10:07:53 : EVT APPLICATION : Zapp zwc05901:Enable
#1396761 26.07.2026 10:07:53 : EVT ANALYTICS : Zapp enabled i:4 h:ddb248f2 n:zwc05901 v:124f
#1396762 26.07.2026 10:07:53 : EVT APPLICATION : Zapp zwc05901:templ load:b:/zapp/zwc05901.wfa/wf-lowp-q.
#1396763 26.07.2026 10:07:56 : EVT ANALYTICS : #sf R:5 A:Xiamen-fw_2.56.18.31896-V-a8f49e99
#1396764 26.07.2026 10:08:17 : EVT ANALYTICS : #sf R:5 A:Xiamen-fw_2.56.18.31896-V-a8f49e99
#1396765 26.07.2026 10:09:17 : TRC FUEL_GAUGE : batFgLevel cur:38%, prev:39%
#1396766 26.07.2026 10:10:00 : ERR WBMAIN : *0: app 542 Event 24 808b2700
#1396767 26.07.2026 10:10:00 : ERR WBMAIN : 1: mea 0 Event 3 808b1701
#1396768 26.07.2026 10:10:00 : ERR WBMAIN : 2: ui 79 Wait 0 00000000
#1396769 26.07.2026 10:10:48 : EVT APPLICATION : Zapp zwc05901:templ load:b:/zapp/zwc05901.wfa/wf-lowp-q.
#1396770 26.07.2026 10:14:49 : EVT APPLICATION : Zapp zwc05901:templ load:b:/zapp/zwc05901.wfa/wf-lowp-q.
#1396771 26.07.2026 10:17:28 : EVT APPLICATION : Zapp zwc05901:templ load:b:/zapp/zwc05901.wfa/wf-lowp-q.
#1396772 26.07.2026 10:19:01 : EVT ANALYTICS : Weather sync ok d:840 f:0
#1396773 26.07.2026 10:19:01 : EVT WBSTORAGE : CACHE_DEFRAG (848->912, 24->24, 25)
#1396774 26.07.2026 10:19:01 : EVT ANALYTICS : synced city:Winterthur
#1396775 26.07.2026 10:19:01 : EVT WBSTORAGE : CACHE_DEFRAG (840->856, 24->24, 25)
#1396776 26.07.2026 10:19:01 : EVT GPS : Last known coordinate:lat:474944778, lon:87138262
#1396777 26.07.2026 10:19:01 : EVT ANALYTICS : #sf R:5 A:Xiamen-fw_2.56.18.31896-V-a8f49e99
#1396778 26.07.2026 10:19:30 : EVT ANALYTICS : Weather sync TO
#1396779 26.07.2026 10:27:57 : EVT APPLICATION : Zapp zwc05901:templ load:b:/zapp/zwc05901.wfa/wf-lowp-q.
#1396780 26.07.2026 10:29:54 : EVT APPLICATION : Zapp zwc05901:templ load:b:/zapp/zwc05901.wfa/wf-lowp-q.
#1396781 26.07.2026 10:37:44 : EVT APPLICATION : Zapp zwc05901:templ load:b:/zapp/zwc05901.wfa/wf-lowp-q.
#1396782 26.07.2026 10:38:58 : TRC BLE : SVC M/F000 disabled
#1396783 26.07.2026 10:38:58 : EVT WBCOMM : Route lost: ECSD00000003
#1396784 26.07.2026 10:38:58 : EVT BLE : DEV M disconnected
#1396785 26.07.2026 10:38:58 : EVT APPLICATION : Zapp lock disconn wbId:4
#1396786 26.07.2026 10:38:58 : EVT APPLICATION : Zapp lock disconn wbId:4
#1396787 26.07.2026 10:38:58 : EVT WBSTORAGE : CACHE_DEFRAG (792->920, 24->24, 25)
#1396788 26.07.2026 10:38:58 : EVT WBSTORAGE : CACHE_DEFRAG (848->856, 24->24, 25)
#1396789 26.07.2026 10:39:15 : TRC BLE : SVC M/F000 enabled
#1396790 26.07.2026 10:39:16 : EVT BLE : DEV M connected
#1396791 26.07.2026 10:39:16 : EVT WBCOMM : P-9 connection made to ECSD00000003
#1396792 26.07.2026 10:39:16 : EVT WBCOMM : New Route: ECSD00000003
#1396793 26.07.2026 10:39:16 : EVT APPLICATION : MCP:remote resources mapped
#1396794 26.07.2026 10:39:23 : EVT ANALYTICS : #sf R:5 A:Xiamen-fw_2.56.18.31896-V-a8f49e99
#1396795 26.07.2026 10:39:23 : EVT ANALYTICS : #sf R:5 A:Xiamen-fw_2.56.18.31896-V-a8f49e99
#1396796 26.07.2026 10:39:24 : EVT ANALYTICS : Sync start
#1396797 26.07.2026 10:39:32 : EVT ANALYTICS : #sf R:5 A:Xiamen-fw_2.56.18.31896-V-a8f49e99
#1396798 26.07.2026 10:39:37 : EVT APPLICATION : Zapp zwc05901:templ load:b:/zapp/zwc05901.wfa/wf-lowp-q.
#1396799 26.07.2026 10:39:40 : EVT ANALYTICS : Weather sync ok d:1200 f:1
#1396800 26.07.2026 10:39:40 : EVT WBSTORAGE : CACHE_DEFRAG (784->984, 24->24, 25)
#1396801 26.07.2026 10:39:40 : EVT ANALYTICS : synced city:Winterthur
#1396802 26.07.2026 10:39:40 : EVT GPS : Last known coordinate:lat:474944883, lon:87139583
#1396803 26.07.2026 10:39:40 : EVT ANALYTICS : Weather sync ok d:0 f:0
#1396804 26.07.2026 10:39:40 : EVT ANALYTICS : synced city:Winterthur
#1396805 26.07.2026 10:39:40 : EVT GPS : Last known coordinate:lat:474944883, lon:87139583
#1396806 26.07.2026 10:39:50 : EVT WBSTORAGE : CACHE_DEFRAG (912->920, 24->24, 25)
#1396807 26.07.2026 10:40:17 : TRC FUEL_GAUGE : Batt: 3832 mV (raw: 3832) soc: 38 %, T: 32.5 C,H:103
#1396808 26.07.2026 10:40:50 : EVT APPLICATION : Zapp zwc05901:templ load:b:/zapp/zwc05901.wfa/wf-lowp-q.
#1396809 26.07.2026 10:42:20 : ERR WBMAIN : *0: app 995 Event 36 80005311
#1396810 26.07.2026 10:42:20 : ERR WBMAIN : 1: mea 28 Wait 0 00000000
#1396811 26.07.2026 10:42:20 : ERR WBMAIN : 2: ui 16 Wait 0 00000000
#1396812 26.07.2026 10:42:21 : EVT ANALYTICS : #sf R:5 A:Xiamen-fw_2.56.18.31896-V-a8f49e99
#1396813 26.07.2026 10:42:24 : EVT APPLICATION : Zapp zwc05901:templ load:b:/zapp/zwc05901.wfa/wf-lowp-q.
#1396814 26.07.2026 10:50:39 : EVT APPLICATION : Zapp zwc05901:templ load:b:/zapp/zwc05901.wfa/wf-lowp-q.
#1396815 26.07.2026 10:51:59 : EVT APPLICATION : Zapp zwc05901:templ load:b:/zapp/zwc05901.wfa/wf-lowp-q.
#1396816 26.07.2026 10:53:09 : EVT APPLICATION : Zapp zwc05901:templ load:b:/zapp/zwc05901.wfa/wf-lowp-q.
#1396817 26.07.2026 10:54:45 : EVT APPLICATION : Zapp zwc05901:templ load:b:/zapp/zwc05901.wfa/wf-lowp-q.
#1396818 26.07.2026 10:55:43 : ERR WBMAIN : *0: app 876 Event 24 808b2700
#1396819 26.07.2026 10:55:43 : ERR WBMAIN : 1: mea 20 Wait 0 00000000
#1396820 26.07.2026 10:55:43 : ERR WBMAIN : 2: ui 12 Wait 0 00000000
#1396821 26.07.2026 10:56:38 : EVT APPLICATION : Zapp zwc05901:templ load:b:/zapp/zwc05901.wfa/wf-lowp-q.
#1396822 26.07.2026 10:58:08 : EVT APPLICATION : Zapp zwc05901:templ load:b:/zapp/zwc05901.wfa/wf-lowp-q.
#1396823 26.07.2026 11:00:00 : ERR WBMAIN : *0: app 763 Event 24 808b2700
#1396824 26.07.2026 11:00:00 : ERR WBMAIN : 1: mea 0 Event 3 808b1701
#1396825 26.07.2026 11:00:00 : ERR WBMAIN : 2: ui 19 Wait 0 00000000
#1396826 26.07.2026 11:00:00 : EVT <Unknown> : pwr daily,ontime:11
#1396827 26.07.2026 11:00:00 : EVT WBSTORAGE : CACHE_DEFRAG (792->920, 24->24, 25)
#1396828 26.07.2026 11:00:00 : EVT WEATHER : t:495848, d:1
#1396829 26.07.2026 11:03:54 : EVT APPLICATION : Zapp zwc05901:templ load:b:/zapp/zwc05901.wfa/wf-lowp-q.
#1396830 26.07.2026 11:04:57 : EVT APPLICATION : Zapp zwc05901:templ load:b:/zapp/zwc05901.wfa/wf-lowp-q.
#1396831 26.07.2026 11:06:53 : EVT APPLICATION : Zapp zwc05901:templ load:b:/zapp/zwc05901.wfa/wf-lowp-q.
#1396832 26.07.2026 11:10:00 : ERR WBMAIN : *0: app 593 Event 24 808b2700
#1396833 26.07.2026 11:10:00 : ERR WBMAIN : 1: mea 0 Event 3 808b1701
#1396834 26.07.2026 11:10:00 : ERR WBMAIN : 2: ui 58 Wait 0 00000000
#1396835 26.07.2026 11:10:28 : EVT APPLICATION : Zapp zwc05901:templ load:b:/zapp/zwc05901.wfa/wf-lowp-q.
#1396836 26.07.2026 11:11:44 : EVT APPLICATION : Zapp zwc05901:templ load:b:/zapp/zwc05901.wfa/wf-lowp-q.
#1396837 26.07.2026 11:11:52 : EVT OHR : No HR update, invalidate by timer
#1396838 26.07.2026 11:11:57 : EVT OHR : new HR update
#1396839 26.07.2026 11:12:05 : EVT OHR : No HR update, invalidate by timer
#1396840 26.07.2026 11:12:06 : EVT OHR : new HR update
#1396841 26.07.2026 11:12:17 : EVT OHR : No HR update, invalidate by timer
#1396842 26.07.2026 11:12:22 : ERR <Unknown> : 1785057145242:Hr_out conf_low:104/10.
#1396843 26.07.2026 11:12:23 : EVT OHR : new HR update
#1396844 26.07.2026 11:12:45 : EVT APPLICATION : Zapp zwc05901:templ load:b:/zapp/zwc05901.wfa/wf-lowp-q.
#1396845 26.07.2026 11:14:06 : EVT APPLICATION : Zapp zwc05901:templ load:b:/zapp/zwc05901.wfa/wf-lowp-q.
#1396846 26.07.2026 11:14:16 : EVT ANALYTICS : #sf R:5 A:Xiamen-fw_2.56.18.31896-V-a8f49e99
#1396847 26.07.2026 11:15:17 : EVT APPLICATION : Zapp zwc05901:templ load:b:/zapp/zwc05901.wfa/wf-lowp-q.
#1396848 26.07.2026 11:16:46 : EVT APPLICATION : Zapp zwc05901:templ load:b:/zapp/zwc05901.wfa/wf-lowp-q.
#1396849 26.07.2026 11:17:02 : ERR WBMAIN : *0: app 955 Event 24 808b2700
#1396850 26.07.2026 11:17:02 : ERR WBMAIN : 1: mea 24 Wait 0 00000000
#1396851 26.07.2026 11:17:02 : ERR WBMAIN : 2: ui 17 Wait 0 00000000
#1396852 26.07.2026 11:17:46 : EVT APPLICATION : Zapp zwc05901:templ load:b:/zapp/zwc05901.wfa/wf-lowp-q.
#1396853 26.07.2026 11:19:00 : EVT APPLICATION : Zapp zwc05901:templ load:b:/zapp/zwc05901.wfa/wf-lowp-q.
#1396854 26.07.2026 11:19:01 : EVT WBSTORAGE : CACHE_DEFRAG (808->840, 24->24, 25)
#1396855 26.07.2026 11:19:02 : EVT ANALYTICS : #sf R:5 A:Xiamen-fw_2.56.18.31896-V-a8f49e99
#1396856 26.07.2026 11:19:04 : EVT ANALYTICS : Weather sync ok d:2400 f:0
#1396857 26.07.2026 11:19:04 : EVT ANALYTICS : synced city:Winterthur
#1396858 26.07.2026 11:19:04 : EVT GPS : Last known coordinate:lat:474889436, lon:87047603
#1396859 26.07.2026 11:19:54 : EVT WBSTORAGE : CACHE_DEFRAG (776->872, 24->24, 25)
#1396860 26.07.2026 11:20:54 : EVT APPLICATION : Zapp zwc05901:templ load:b:/zapp/zwc05901.wfa/wf-lowp-q.
#1396861 26.07.2026 11:22:26 : EVT WBSTORAGE : CACHE_DEFRAG (744->1024, 24->24, 25)
#1396862 26.07.2026 11:22:26 : EVT WBSTORAGE : CACHE_DEFRAG (944->968, 24->24, 25)
#1396863 26.07.2026 11:22:26 : EVT ALTIFUSION : AltiBaroMode:0
#1396864 26.07.2026 11:22:26 : EVT ALTIFUSION : Init AltiBaro
#1396865 26.07.2026 11:22:26 : EVT WBSTORAGE : CACHE_DEFRAG (944->952, 24->24, 25)
#1396866 26.07.2026 11:22:26 : EVT WBSTORAGE : CACHE_DEFRAG (920->928, 24->24, 25)
#1396867 26.07.2026 11:22:26 : EVT WBSTORAGE : CACHE_DEFRAG (896->904, 24->24, 25)
#1396868 26.07.2026 11:22:26 : ERR WBMAIN : *0: app 662 Event 37 809c331f
#1396869 26.07.2026 11:22:26 : ERR WBMAIN : 1: mea 15 Wait 0 00000000
#1396870 26.07.2026 11:22:26 : ERR WBMAIN : 2: ui 7 Proc 0 00000000
#1396871 26.07.2026 11:22:26 : EVT APPLICATION : Zapp zwc05901:Disable
#1396872 26.07.2026 11:22:26 : EVT ANALYTICS : Zapp disabled i:4 h:ddb248f2 n:Vector classic
#1396873 26.07.2026 11:22:26 : EVT ANALYTICS : SleepQ:Tracking:On
#1396874 26.07.2026 11:22:26 : EVT ALTIFUSION : AltiBaroMode:0
#1396875 26.07.2026 11:22:26 : EVT ALTIFUSION : Init AltiBaro
#1396876 26.07.2026 11:22:26 : EVT UI_FRAMEWORK : JS nsto enable zapp: zzmoveen
#1396877 26.07.2026 11:22:26 : EVT UI_FRAMEWORK : JS nsto enable zapp: zzwethen
#1396878 26.07.2026 11:22:26 : EVT UI_FRAMEWORK : JS nsto enable zapp: zzclimen
#1396879 26.07.2026 11:22:26 : EVT APPLICATION : Zapp zzmoveen:Load script
#1396880 26.07.2026 11:22:26 : EVT APPLICATION : Zapp zzmoveen:Enable
#1396881 26.07.2026 11:22:26 : EVT ANALYTICS : Zapp enabled i:6 h:7aac0887 n:zzmoveen v:8e0
#1396882 26.07.2026 11:22:26 : EVT UI_FRAMEWORK : evalFile: b:/zapp/zzmoveen.fea/ext1.js from ui
#1396883 26.07.2026 11:22:26 : EVT APPLICATION : Zapp clid:32878
#1396884 26.07.2026 11:22:26 : EVT APPLICATION : Zapp zzwethen:Load script
#1396885 26.07.2026 11:22:27 : EVT APPLICATION : Zapp zzwethen:Enable
#1396886 26.07.2026 11:22:27 : EVT ANALYTICS : Zapp enabled i:8 h:3f77f8ec n:zzwethen v:ade
#1396887 26.07.2026 11:22:27 : EVT APPLICATION : Zapp clid:32879
#1396888 26.07.2026 11:22:27 : EVT APPLICATION : Zapp zzclimen:Load script
#1396889 26.07.2026 11:22:27 : EVT APPLICATION : Zapp zzclimen:Enable
#1396890 26.07.2026 11:22:27 : EVT ANALYTICS : Zapp enabled i:0 h:22837ce3 n:zzclimen v:3.1
#1396891 26.07.2026 11:22:27 : EVT APPLICATION : Zapp clid:32880
#1396892 26.07.2026 11:22:27 : EVT UI_FRAMEWORK : JS nsto all zapps enabled.
#1396893 26.07.2026 11:22:27 : ERR WBMAIN : *0: app 588 Event 37 809c5319
#1396894 26.07.2026 11:22:27 : ERR WBMAIN : 1: mea 28 Wait 0 00000000
#1396895 26.07.2026 11:22:27 : ERR WBMAIN : 2: ui 29 Wait 0 00000000
#1396896 26.07.2026 11:22:27 : EVT UI_FRAMEWORK : JS Prestart Activity Id: 16.000
#1396897 26.07.2026 11:22:27 : EVT WBSTORAGE : CACHE_DEFRAG (872->1000, 24->24, 25)
#1396898 26.07.2026 11:22:27 : WRN WBAPI : eID-662ac4(277): /Dive/Alarms/Acknowledge 404
#1396899 26.07.2026 11:22:27 : EVT WBSTORAGE : CACHE_DEFRAG (920->968, 24->24, 25)
#1396900 26.07.2026 11:22:27 : EVT WBSTORAGE : CACHE_DEFRAG (896->904, 24->24, 25)
#1396901 26.07.2026 11:22:28 : EVT WBSTORAGE : CACHE_DEFRAG (832->840, 24->24, 25)
#1396902 26.07.2026 11:22:28 : EVT WBSTORAGE : CACHE_DEFRAG (760->768, 24->24, 25)
#1396903 26.07.2026 11:22:28 : EVT BLE : BLE Sensor Link 4800180D Conn (--E-:00:1)
#1396904 26.07.2026 11:22:28 : EVT GPS : LocationProviderImpl:sub Best
#1396905 26.07.2026 11:22:28 : TRC GPS : Full GNSS data subd l:15 c:80160010
#1396906 26.07.2026 11:22:28 : TRC GPS : PP sub loc best n:1 w:0
#1396907 26.07.2026 11:22:28 : WRN WBAPI : eID-662ac4(277): /Dive/TankPressure/Alarm/Count 404
#1396908 26.07.2026 11:22:28 : TRC GPS : Power enabled
#1396909 26.07.2026 11:22:28 : EVT <Unknown> : Update pres sampl intrvl:1
#1396910 26.07.2026 11:22:28 : EVT SPEEDFUSION : INFO # start speed fusion
#1396911 26.07.2026 11:22:29 : EVT SPEEDFUSION : Act:16,Acc:0,BPod:0,FPod:0,PPod:0,BeltPod:1
#1396912 26.07.2026 11:22:29 : EVT SPEEDFUSION : INFO # Start algo without wrist acc
#1396913 26.07.2026 11:22:29 : EVT OHR : S:start 0x21a3
#1396914 26.07.2026 11:22:29 : EVT UI_FRAMEWORK : evalFile: b:/zapp/zzclimen.fea/ext22.js from ui
#1396915 26.07.2026 11:22:29 : EVT <Unknown> : 1785057752068:Meas start 0x21a3
#1396916 26.07.2026 11:22:30 : EVT BLE : DEV H connected
#1396917 26.07.2026 11:22:30 : TRC GPS : Stat report:1
#1396918 26.07.2026 11:22:30 : TRC GPS : @GTIM 2026 7 26 9 22 30
#1396919 26.07.2026 11:22:30 : TRC GPS : Done:GTI
#1396920 26.07.2026 11:22:30 : TRC GPS : GNS setting 0x1fcb
#1396921 26.07.2026 11:22:30 : TRC GPS : @GSR
#1396922 26.07.2026 11:22:30 : EVT WBSTORAGE : CACHE_DEFRAG (744->904, 24->24, 25)
#1396923 26.07.2026 11:22:30 : EVT WBSTORAGE : CACHE_DEFRAG (832->840, 24->24, 25)
#1396924 26.07.2026 11:22:30 : TRC BLE : SVC H/F200 enabled
#1396925 26.07.2026 11:22:30 : TRC BLE : SVC H/180D enabled
#1396926 26.07.2026 11:22:30 : TRC BLE : HR connected (0 ms missing)
#1396927 26.07.2026 11:22:31 : EVT BLE : HR BlueBelt 2550100113 (1.1.0/F2. )
#1396928 26.07.2026 11:22:31 : EVT BLE : report state:552092618
#1396929 26.07.2026 11:22:31 : EVT WBSTORAGE : CACHE_DEFRAG (824->904, 24->24, 25)
#1396930 26.07.2026 11:22:31 : TRC GPS : Done:GSR
#1396931 26.07.2026 11:22:31 : EVT ANALYTICS : #FusHr src:1 time:0
#1396932 26.07.2026 11:22:31 : EVT OHR : S:start 0x20
#1396933 26.07.2026 11:22:31 : TRC BLE : HR time resync bt=1480993 D=550612284
#1396934 26.07.2026 11:22:31 : EVT BLE : HR RR done
#1396935 26.07.2026 11:22:31 : TRC BLE : HR belt slow conn
#1396936 26.07.2026 11:22:31 : EVT OHR : new HR update
#1396937 26.07.2026 11:22:31 : EVT <Unknown> : 1785057754733:Meas start 0x20
#1396938 26.07.2026 11:22:31 : EVT BLE : type 1 is conn, set
#1396939 26.07.2026 11:22:36 : EVT OHR : No HR update, invalidate by timer
#1396940 26.07.2026 11:22:41 : EVT APPLICATION : Zapp zzwethen:Disable
#1396941 26.07.2026 11:22:41 : EVT ANALYTICS : Zapp disabled i:8 h:3f77f8ec n:Weather
#1396942 26.07.2026 11:22:47 : EVT BRIGHTNESS : Custom state pwr:[-1,-1] bri:[-1.00,-1.00]
#1396943 26.07.2026 11:22:47 : EVT OHR : S:start 0x2123
#1396944 26.07.2026 11:22:47 : EVT LOGGER : HrIbiLogger stop, off (0 ms)
#1396945 26.07.2026 11:22:47 : EVT WBSTORAGE : CACHE_DEFRAG (824->1016, 24->24, 25)
#1396946 26.07.2026 11:22:47 : EVT WBSTORAGE : CACHE_DEFRAG (1000->1032, 24->24, 25)
#1396947 26.07.2026 11:22:47 : EVT SPEEDFUSION : INFO # IDLE mode(-1) set
#1396948 26.07.2026 11:22:47 : EVT ALTIFUSION : AltiBaroMode:2
#1396949 26.07.2026 11:22:47 : EVT GPS : LocationProviderImpl:sub Passive
#1396950 26.07.2026 11:22:47 : TRC GPS : Full GNSS data subd l:0 c:80160010
#1396951 26.07.2026 11:22:47 : TRC GPS : PP unsub loc
#1396952 26.07.2026 11:22:47 : EVT APPLICATION : Zapp zzmoveen:Disable
#1396953 26.07.2026 11:22:47 : EVT ANALYTICS : Zapp disabled i:6 h:7aac0887 n:Movement
#1396954 26.07.2026 11:22:47 : EVT UI_FRAMEWORK : evalFile: b:/zapp/zzmoveen.fea/ext2.js from ui
#1396955 26.07.2026 11:22:47 : EVT SPEEDFUSION : INFO # stop speed fusion
#1396956 26.07.2026 11:22:47 : EVT <Unknown> : Update pres sampl intrvl:5
#1396957 26.07.2026 11:22:47 : TRC GPS : GnssServiceLevel::PASSIVE
#1396958 26.07.2026 11:22:47 : TRC GPS : @GSTP
#1396959 26.07.2026 11:22:47 : EVT ANALYTICS : SleepQ:Tracking:On
#1396960 26.07.2026 11:22:47 : EVT <Unknown> : 1785057770290:Meas start 0x2123
#1396961 26.07.2026 11:22:47 : WRN DUKTAPE : ic_mem_peak:80352
#1396962 26.07.2026 11:22:47 : EVT WBSTORAGE : CACHE_DEFRAG (1008->1016, 24->24, 25)
#1396963 26.07.2026 11:22:48 : EVT APPLICATION : Zapp zwc05901:Load script
#1396964 26.07.2026 11:22:48 : EVT APPLICATION : Zapp zwc05901:Enable
#1396965 26.07.2026 11:22:48 : EVT ANALYTICS : Zapp enabled i:4 h:ddb248f2 n:zwc05901 v:124f
#1396966 26.07.2026 11:22:48 : EVT APPLICATION : Zapp zwc05901:templ load:b:/zapp/zwc05901.wfa/wf.xml
#1396967 26.07.2026 11:22:48 : WRN WBAPI : eID-662ac4(277): /Weather/Current/ValidWeatherData.temp 
#1396968 26.07.2026 11:22:48 : EVT WBSTORAGE : CACHE_DEFRAG (888->920, 24->24, 25)
#1396969 26.07.2026 11:22:48 : EVT BLE : Disconn sensor:1
#1396970 26.07.2026 11:22:48 : EVT BLE : BLE Sensor Link 4800180D Disc (L-E-:25:0)
#1396971 26.07.2026 11:22:48 : WRN BLE : sendDisconnect 6157
#1396972 26.07.2026 11:22:48 : ERR BLE : [AURA]Filter with handle 72 not found
#1396973 26.07.2026 11:22:49 : TRC GPS : @BUP
#1396974 26.07.2026 11:22:49 : TRC BLE : SVC H/180D disabled
#1396975 26.07.2026 11:22:49 : TRC BLE : SVC H/F200 disabled
#1396976 26.07.2026 11:22:49 : EVT BLE : DEV H disconnected
#1396977 26.07.2026 11:22:49 : EVT WBSTORAGE : CACHE_DEFRAG (904->912, 24->24, 25)
#1396978 26.07.2026 11:22:49 : EVT BLE : report state:552110878
#1396979 26.07.2026 11:22:49 : EVT ANALYTICS : #sf R:5 A:Xiamen-fw_2.56.18.31896-V-a8f49e99
#1396980 26.07.2026 11:22:50 : TRC GPS : Done:BUP
#1396981 26.07.2026 11:22:50 : TRC GPS : Power disabled
#1396982 26.07.2026 11:23:49 : EVT APPLICATION : Zapp zwc05901:templ load:b:/zapp/zwc05901.wfa/wf-lowp-q.
#1396983 26.07.2026 11:23:49 : EVT WBSTORAGE : CACHE_DEFRAG (840->912, 24->24, 25)
#1396984 26.07.2026 11:23:58 : EVT WBSTORAGE : CACHE_DEFRAG (784->920, 24->24, 25)
#1396985 26.07.2026 11:23:58 : EVT WBSTORAGE : CACHE_DEFRAG (896->904, 24->24, 25)
#1396986 26.07.2026 11:23:59 : EVT WBSTORAGE : CACHE_DEFRAG (888->896, 24->24, 25)
#1396987 26.07.2026 11:23:59 : EVT WBSTORAGE : CACHE_DEFRAG (880->1024, 24->24, 25)
#1396988 26.07.2026 11:23:59 : EVT WBSTORAGE : CACHE_DEFRAG (944->968, 24->24, 25)
#1396989 26.07.2026 11:23:59 : EVT GPS : LocationProviderImpl:sub Best
#1396990 26.07.2026 11:23:59 : TRC GPS : Full GNSS data subd l:15 c:80160010
#1396991 26.07.2026 11:23:59 : TRC GPS : PP sub loc best n:1 w:0
#1396992 26.07.2026 11:23:59 : EVT ALTIFUSION : AltiBaroMode:0
#1396993 26.07.2026 11:23:59 : EVT ALTIFUSION : Init AltiBaro
#1396994 26.07.2026 11:23:59 : EVT WBSTORAGE : CACHE_DEFRAG (944->952, 24->24, 25)
#1396995 26.07.2026 11:23:59 : EVT WBSTORAGE : CACHE_DEFRAG (920->928, 24->24, 25)
#1396996 26.07.2026 11:23:59 : TRC GPS : Power enabled
#1396997 26.07.2026 11:23:59 : EVT WBSTORAGE : CACHE_DEFRAG (896->968, 24->24, 25)
#1396998 26.07.2026 11:23:59 : ERR WBMAIN : *0: app 767 Event 37 809c331f
#1396999 26.07.2026 11:23:59 : ERR WBMAIN : 1: mea 51 Wait 0 00000000
#1397000 26.07.2026 11:23:59 : ERR WBMAIN : 2: ui 44 Wait 0 00000000
#1397001 26.07.2026 11:23:59 : EVT APPLICATION : Zapp zwc05901:Disable
#1397002 26.07.2026 11:23:59 : EVT ANALYTICS : Zapp disabled i:4 h:ddb248f2 n:Vector classic
#1397003 26.07.2026 11:23:59 : EVT GPS : LocationProviderImpl:sub Passive
#1397004 26.07.2026 11:23:59 : TRC GPS : Full GNSS data subd l:0 c:80160010
#1397005 26.07.2026 11:23:59 : TRC GPS : PP unsub loc
#1397006 26.07.2026 11:23:59 : EVT ANALYTICS : SleepQ:Tracking:On
#1397007 26.07.2026 11:23:59 : EVT ALTIFUSION : AltiBaroMode:0
#1397008 26.07.2026 11:23:59 : EVT ALTIFUSION : Init AltiBaro
#1397009 26.07.2026 11:23:59 : EVT WBSTORAGE : CACHE_DEFRAG (936->968, 24->24, 25)
#1397010 26.07.2026 11:23:59 : EVT UI_FRAMEWORK : JS nsto enable zapp: zzmoveen
#1397011 26.07.2026 11:23:59 : EVT UI_FRAMEWORK : JS nsto enable zapp: zzclimen
#1397012 26.07.2026 11:23:59 : EVT APPLICATION : Zapp zzmoveen:Load script
#1397013 26.07.2026 11:24:00 : EVT APPLICATION : Zapp zzmoveen:Enable
#1397014 26.07.2026 11:24:00 : EVT ANALYTICS : Zapp enabled i:6 h:7aac0887 n:zzmoveen v:8e0
#1397015 26.07.2026 11:24:00 : EVT UI_FRAMEWORK : evalFile: b:/zapp/zzmoveen.fea/ext1.js from ui
#1397016 26.07.2026 11:24:00 : EVT APPLICATION : Zapp clid:32878
#1397017 26.07.2026 11:24:00 : EVT APPLICATION : Zapp zzclimen:Enable
#1397018 26.07.2026 11:24:00 : EVT ANALYTICS : Zapp enabled i:0 h:22837ce3 n:zzclimen v:3.1
#1397019 26.07.2026 11:24:00 : EVT APPLICATION : Zapp clid:32880
#1397020 26.07.2026 11:24:00 : EVT UI_FRAMEWORK : JS nsto all zapps enabled.
#1397021 26.07.2026 11:24:00 : EVT SEDENTARY : stop monitoring
#1397022 26.07.2026 11:24:00 : EVT UI_FRAMEWORK : JS Prestart Activity Id: 16.000
#1397023 26.07.2026 11:24:00 : WRN WBAPI : eID-662ac4(277): /Dive/Alarms/Acknowledge 404
#1397024 26.07.2026 11:24:00 : EVT WBSTORAGE : CACHE_DEFRAG (928->1008, 24->24, 25)
#1397025 26.07.2026 11:24:00 : EVT WBSTORAGE : CACHE_DEFRAG (928->936, 24->24, 25)
#1397026 26.07.2026 11:24:00 : EVT WBSTORAGE : CACHE_DEFRAG (864->872, 24->24, 25)
#1397027 26.07.2026 11:24:00 : EVT WBSTORAGE : CACHE_DEFRAG (800->808, 24->24, 25)
#1397028 26.07.2026 11:24:00 : EVT BLE : BLE Sensor Link 4800180D Conn (--E-:00:1)
#1397029 26.07.2026 11:24:00 : TRC GPS : Stat report:1
#1397030 26.07.2026 11:24:00 : TRC GPS : @GTIM 2026 7 26 9 24 0
#1397031 26.07.2026 11:24:00 : TRC GPS : Done:GTI
#1397032 26.07.2026 11:24:00 : TRC GPS : GNS setting 0x1fcb
#1397033 26.07.2026 11:24:00 : TRC GPS : @GSR
#1397034 26.07.2026 11:24:00 : WRN WBAPI : eID-662ac4(277): /Dive/TankPressure/Alarm/Count 404
#1397035 26.07.2026 11:24:01 : EVT SPEEDFUSION : INFO # start speed fusion
#1397036 26.07.2026 11:24:01 : EVT SPEEDFUSION : Act:16,Acc:0,BPod:0,FPod:0,PPod:0,BeltPod:1
#1397037 26.07.2026 11:24:01 : EVT SPEEDFUSION : INFO # Start algo without wrist acc
#1397038 26.07.2026 11:24:01 : EVT <Unknown> : Update pres sampl intrvl:1
#1397039 26.07.2026 11:24:01 : EVT OHR : S:start 0x21a3
#1397040 26.07.2026 11:24:01 : EVT WBSTORAGE : CACHE_DEFRAG (728->968, 24->24, 25)
#1397041 26.07.2026 11:24:01 : EVT BLE : DEV H connected
#1397042 26.07.2026 11:24:01 : EVT WBSTORAGE : CACHE_DEFRAG (944->952, 24->24, 25)
#1397043 26.07.2026 11:24:01 : TRC GPS : Done:GSR
#1397044 26.07.2026 11:24:01 : EVT WBSTORAGE : CACHE_DEFRAG (888->896, 24->24, 25)
#1397045 26.07.2026 11:24:01 : TRC BLE : SVC H/F200 enabled
#1397046 26.07.2026 11:24:01 : EVT WBSTORAGE : CACHE_DEFRAG (824->832, 24->24, 25)
#1397047 26.07.2026 11:24:01 : TRC BLE : SVC H/180D enabled
#1397048 26.07.2026 11:24:01 : TRC GPS : GnssServiceLevel::PASSIVE
#1397049 26.07.2026 11:24:01 : TRC BLE : HR connected (0 ms missing)
#1397050 26.07.2026 11:24:01 : EVT BLE : HR BlueBelt 2550100113 (1.1.0/F2. )
#1397051 26.07.2026 11:24:01 : TRC GPS : @GSTP
#1397052 26.07.2026 11:24:01 : EVT BLE : report state:552183200
#1397053 26.07.2026 11:24:01 : EVT WBSTORAGE : CACHE_DEFRAG (760->848, 24->24, 25)
#1397054 26.07.2026 11:24:01 : EVT <Unknown> : 1785057844036:Meas start 0x21a3
#1397055 26.07.2026 11:24:02 : EVT ANALYTICS : #FusHr src:1 time:442
#1397056 26.07.2026 11:24:02 : EVT OHR : S:start 0x20
#1397057 26.07.2026 11:24:02 : EVT BLE : HR RR done
#1397058 26.07.2026 11:24:02 : TRC BLE : HR belt slow conn
#1397059 26.07.2026 11:24:02 : EVT UI_FRAMEWORK : evalFile: b:/zapp/zzclimen.fea/ext22.js from ui
#1397060 26.07.2026 11:24:02 : EVT BLE : type 1 is conn, set
#1397061 26.07.2026 11:24:02 : EVT <Unknown> : 1785057845226:Meas start 0x20
#1397062 26.07.2026 11:24:03 : TRC GPS : @BUP
#1397063 26.07.2026 11:24:04 : TRC GPS : Done:BUP
#1397064 26.07.2026 11:24:04 : TRC GPS : Power disabled
#1397065 26.07.2026 11:24:06 : EVT ANALYTICS : #FusHr src:1 time:0
#1397066 26.07.2026 11:24:06 : EVT WBSTORAGE : CACHE_DEFRAG (768->928, 24->24, 25)
#1397067 26.07.2026 11:24:06 : WRN WBAPI : eID-662ac4(277): /Dive/Alarms/Acknowledge 404
#1397068 26.07.2026 11:24:06 : EVT WBSTORAGE : CACHE_DEFRAG (896->920, 24->24, 25)
#1397069 26.07.2026 11:24:06 : EVT TRAININGLAB : TLab:~Mode T 0 + 9777 A 0 + 690
#1397070 26.07.2026 11:24:06 : EVT TRAININGLAB : TLab:Change mode 2->3
#1397071 26.07.2026 11:24:06 : EVT TRAININGLAB : TLab:Mode::userInfo 50, 200, 1, 37, 182, 950, 1990
#1397072 26.07.2026 11:24:06 : EVT LOGGER : Log space:32098565 bytes free
#1397073 26.07.2026 11:24:06 : EVT TRAININGLAB : ModeUnsub:2800
#1397074 26.07.2026 11:24:06 : EVT TRAININGLAB : ModeSub:9004
#1397075 26.07.2026 11:24:06 : EVT TRAININGLAB : TLab:Select input 0
#1397076 26.07.2026 11:24:06 : EVT TRAININGLAB : Tlab:HR src is 1
#1397077 26.07.2026 11:24:06 : EVT TRAININGLAB : TLab:Active input 0
#1397078 26.07.2026 11:24:06 : EVT WBSTORAGE : CACHE_DEFRAG (888->968, 24->24, 25)
#1397079 26.07.2026 11:24:06 : EVT LOGGER : Exercise started
#1397080 26.07.2026 11:24:06 : EVT BLE : HR RR on (552187796)
#1397081 26.07.2026 11:24:06 : TRC GPS : Full GNSS data subd l:0 c:802b0000
#1397082 26.07.2026 11:24:07 : TRC BLE : HR belt fast conn
#1397083 26.07.2026 11:24:07 : EVT APPLICATION : Zapp zzmoveen:templ load:b:/zapp/zzmoveen.fea/t.xml
#1397084 26.07.2026 11:24:08 : EVT ANALYTICS : Battery-> 3 soc:38
#1397085 26.07.2026 11:24:08 : EVT ANALYTICS : #FusHr src:1 time:0
#1397086 26.07.2026 11:24:08 : EVT ANALYTICS : #Act id:16
#1397087 26.07.2026 11:24:08 : EVT ANALYTICS : #powersave mode:p temp:31.0
#1397088 26.07.2026 11:24:08 : EVT ANALYTICS : GPSMODE:NOTUSED
#1397089 26.07.2026 11:24:08 : EVT ANALYTICS : #gnss d:2026-07-26T00:00:00Z
#1397090 26.07.2026 11:24:08 : EVT ANALYTICS : #zapp n:Movement e:1
#1397091 26.07.2026 11:24:08 : EVT ANALYTICS : #zapp n:Climb Log e:1
#1397092 26.07.2026 11:24:08 : EVT APPLICATION : Zapp zzclimen:templ load:b:/zapp/zzclimen.fea/ready.xml
#1397093 26.07.2026 11:24:14 : EVT ANALYTICS : #ws AID:16 BM:1 NS:0 SP:2 ZN:0 TG:0 GPS:0
#1397094 26.07.2026 11:24:14 : EVT ANALYTICS : #2ws AID:16 WHR:1 INT:0 AL:0 AP:0 FE:1 MC:1 TH:0
#1397095 26.07.2026 11:24:18 : EVT LOGGER : LGR 934, 80
#1397096 26.07.2026 11:24:18 : WRN WBAPI : eID-662ac4(277): /Dive/Alarms/Acknowledge 404
#1397097 26.07.2026 11:24:18 : EVT APPLICATION : Zapp zzclimen:templ load:b:/zapp/zzclimen.fea/active.xml
#1397098 26.07.2026 11:24:19 : EVT UI_FRAMEWORK : evalFile: b:/zapp/zzclimen.fea/ext10.js from ui
#1397099 26.07.2026 11:24:19 : EVT UI_FRAMEWORK : evalFile: b:/zapp/zzclimen.fea/ext30.js from ui
#1397100 26.07.2026 11:24:23 : WRN WBAPI : eID-662ac4(277): /Dive/Alarms/Acknowledge 404
#1397101 26.07.2026 11:24:24 : EVT APPLICATION : Zapp zzclimen:templ load:b:/zapp/zzclimen.fea/ready.xml
#1397102 26.07.2026 11:24:24 : TRC BLE : HR belt slow conn
#1397103 26.07.2026 11:24:27 : EVT LOGGER : LGR 934, 80
#1397104 26.07.2026 11:24:27 : WRN WBAPI : eID-662ac4(277): /Dive/Alarms/Acknowledge 404
#1397105 26.07.2026 11:24:27 : EVT APPLICATION : Zapp zzclimen:templ load:b:/zapp/zzclimen.fea/active.xml
#1397106 26.07.2026 11:28:26 : EVT LOGGER : LGR 934, 80
#1397107 26.07.2026 11:30:00 : ERR WBMAIN : *0: app 697 Event 24 808b2700
#1397108 26.07.2026 11:30:00 : ERR WBMAIN : 1: mea 0 Event 3 808b1701
#1397109 26.07.2026 11:30:00 : ERR WBMAIN : 2: ui 59 Wait 0 00000000
#1397110 26.07.2026 11:30:27 : TRC BLE : SVC M/F000 disabled
#1397111 26.07.2026 11:30:27 : EVT WBCOMM : Route lost: ECSD00000003
#1397112 26.07.2026 11:30:27 : EVT BLE : DEV M disconnected
#1397113 26.07.2026 11:30:27 : EVT APPLICATION : Zapp lock disconn wbId:4
#1397114 26.07.2026 11:30:27 : EVT APPLICATION : Zapp lock disconn wbId:4
#1397115 26.07.2026 11:30:27 : EVT WBSTORAGE : CACHE_DEFRAG (936->1040, 24->24, 25)
#1397116 26.07.2026 11:30:27 : EVT WBSTORAGE : CACHE_DEFRAG (968->976, 24->24, 25)
#1397117 26.07.2026 11:30:52 : EVT BLE : DEV M connected
#1397118 26.07.2026 11:30:53 : TRC BLE : SVC M/F000 enabled
#1397119 26.07.2026 11:30:53 : EVT WBCOMM : P-9 connection made to ECSD00000003
#1397120 26.07.2026 11:30:53 : EVT WBCOMM : New Route: ECSD00000003
#1397121 26.07.2026 11:30:53 : EVT APPLICATION : MCP:remote resources mapped
#1397122 26.07.2026 11:30:57 : EVT ANALYTICS : #sf R:5 A:Xiamen-fw_2.56.18.31896-V-a8f49e99
#1397123 26.07.2026 11:30:57 : EVT ANALYTICS : #sf R:5 A:Xiamen-fw_2.56.18.31896-V-a8f49e99
#1397124 26.07.2026 11:30:57 : EVT ANALYTICS : Weather sync ok d:660 f:0
#1397125 26.07.2026 11:30:57 : EVT ANALYTICS : synced city:Winterthur
#1397126 26.07.2026 11:30:58 : EVT GPS : Last known coordinate:lat:474889409, lon:87047622
#1397127 26.07.2026 11:30:59 : EVT ANALYTICS : Weather sync ok d:0 f:0
#1397128 26.07.2026 11:30:59 : EVT ANALYTICS : synced city:Winterthur
#1397129 26.07.2026 11:31:00 : EVT GPS : Last known coordinate:lat:474889409, lon:87047622
#1397130 26.07.2026 11:40:00 : ERR WBMAIN : *0: app 609 Event 24 808b2700
#1397131 26.07.2026 11:40:00 : ERR WBMAIN : 1: mea 0 Event 3 808b1701
#1397132 26.07.2026 11:40:00 : ERR WBMAIN : 2: ui 71 Wait 0 00000000
#1397133 26.07.2026 11:40:19 : TRC FUEL_GAUGE : Batt: 3829 mV (raw: 3829) soc: 38 %, T: 30.9 C,H:103
#1397134 26.07.2026 11:40:25 : WRN WBAPI : eID-662ac4(277): /Dive/Alarms/Acknowledge 404
#1397135 26.07.2026 11:40:25 : EVT APPLICATION : Zapp zzclimen:templ load:b:/zapp/zzclimen.fea/ready.xml
#1397136 26.07.2026 11:40:27 : EVT UI_FRAMEWORK : evalFile: b:/zapp/zzclimen.fea/ext21.js from ui
#1397137 26.07.2026 11:45:19 : EVT LOGGER : LGR 934, 80
#1397138 26.07.2026 11:45:19 : WRN WBAPI : eID-662ac4(277): /Dive/Alarms/Acknowledge 404
#1397139 26.07.2026 11:45:20 : EVT APPLICATION : Zapp zzclimen:templ load:b:/zapp/zzclimen.fea/active.xml
#1397140 26.07.2026 11:45:25 : WRN WBAPI : eID-662ac4(277): /Dive/Alarms/Acknowledge 404
#1397141 26.07.2026 11:45:25 : EVT APPLICATION : Zapp zzclimen:templ load:b:/zapp/zzclimen.fea/ready.xml
#1397142 26.07.2026 11:45:28 : EVT LOGGER : LGR 934, 80
#1397143 26.07.2026 11:45:28 : WRN WBAPI : eID-662ac4(277): /Dive/Alarms/Acknowledge 404
#1397144 26.07.2026 11:45:28 : EVT APPLICATION : Zapp zzclimen:templ load:b:/zapp/zzclimen.fea/active.xml
#1397145 26.07.2026 11:49:14 : EVT BLE : ANCS #1553907314 S02 C1 f02 t1785066552 s1
#1397146 26.07.2026 11:49:15 : EVT BRIGHTNESS : Custom state pwr:[2,-1] bri:[-1.00,-1.00]
#1397147 26.07.2026 11:49:33 : EVT BRIGHTNESS : Custom state pwr:[-1,-1] bri:[-1.00,-1.00]
#1397148 26.07.2026 11:49:33 : EVT BLE : ANCS #1553908306 S03 C2 f02 t1785066572 s1
#1397149 26.07.2026 11:50:01 : ERR WBMAIN : *0: app 968 Event 24 808b2700
#1397150 26.07.2026 11:50:01 : ERR WBMAIN : 1: mea 0 Event 3 808b1701
#1397151 26.07.2026 11:50:01 : ERR WBMAIN : 2: ui 31 Wait 0 00000000
#1397152 26.07.2026 11:54:02 : EVT LOGGER : LGR 934, 80
#1397153 26.07.2026 11:59:07 : TRC FUEL_GAUGE : batFgLevel cur:37%, prev:38%
#1397154 26.07.2026 12:00:00 : ERR WBMAIN : *0: app 769 Event 24 808b2700
#1397155 26.07.2026 12:00:00 : ERR WBMAIN : 1: mea 1 Event 3 808b1701
#1397156 26.07.2026 12:00:00 : ERR WBMAIN : 2: ui 33 Wait 0 00000000
#1397157 26.07.2026 12:00:00 : EVT <Unknown> : pwr daily,ontime:12
#1397158 26.07.2026 12:00:00 : EVT WBSTORAGE : CACHE_DEFRAG (904->1024, 24->24, 25)
#1397159 26.07.2026 12:00:00 : EVT WEATHER : t:495849, d:1
#1397160 26.07.2026 12:10:00 : ERR WBMAIN : *0: app 819 Event 24 808b2700
#1397161 26.07.2026 12:10:00 : ERR WBMAIN : 1: mea 0 Event 3 808b1701
#1397162 26.07.2026 12:10:00 : ERR WBMAIN : 2: ui 82 Wait 0 00000000
#1397163 26.07.2026 12:16:45 : WRN WBAPI : eID-662ac4(277): /Dive/Alarms/Acknowledge 404
#1397164 26.07.2026 12:16:45 : EVT APPLICATION : Zapp zzclimen:templ load:b:/zapp/zzclimen.fea/ready.xml
#1397165 26.07.2026 12:16:53 : EVT LOGGER : LGR 934, 80
#1397166 26.07.2026 12:16:53 : WRN WBAPI : eID-662ac4(277): /Dive/Alarms/Acknowledge 404
#1397167 26.07.2026 12:16:53 : EVT APPLICATION : Zapp zzclimen:templ load:b:/zapp/zzclimen.fea/active.xml
#1397168 26.07.2026 12:19:02 : EVT WBSTORAGE : CACHE_DEFRAG (912->1040, 24->24, 25)
#1397169 26.07.2026 12:19:04 : EVT ANALYTICS : Weather sync ok d:2940 f:0
#1397170 26.07.2026 12:19:04 : EVT WBSTORAGE : CACHE_DEFRAG (984->992, 24->24, 25)
#1397171 26.07.2026 12:19:04 : EVT ANALYTICS : synced city:Winterthur
#1397172 26.07.2026 12:19:04 : EVT GPS : Last known coordinate:lat:474889409, lon:87047622
#1397173 26.07.2026 12:20:01 : ERR WBMAIN : *0: app 1068 Event 24 808b2700
#1397174 26.07.2026 12:20:01 : ERR WBMAIN : 1: mea 0 Event 3 808b1701
#1397175 26.07.2026 12:20:01 : ERR WBMAIN : 2: ui 30 Wait 0 00000000
#1397176 26.07.2026 12:20:19 : EVT LOGGER : LGR 934, 80
#1397177 26.07.2026 12:30:00 : ERR WBMAIN : *0: app 572 Event 24 808b2700
#1397178 26.07.2026 12:30:00 : ERR WBMAIN : 1: mea 0 Event 3 808b1701
#1397179 26.07.2026 12:30:00 : ERR WBMAIN : 2: ui 34 Wait 0 00000000
#1397180 26.07.2026 12:38:01 : WRN WBAPI : eID-662ac4(277): /Dive/Alarms/Acknowledge 404
#1397181 26.07.2026 12:38:02 : EVT APPLICATION : Zapp zzclimen:templ load:b:/zapp/zzclimen.fea/ready.xml
#1397182 26.07.2026 12:38:19 : EVT LOGGER : LGR 934, 80
#1397183 26.07.2026 12:38:19 : WRN WBAPI : eID-662ac4(277): /Dive/Alarms/Acknowledge 404
#1397184 26.07.2026 12:38:19 : EVT APPLICATION : Zapp zzclimen:templ load:b:/zapp/zzclimen.fea/active.xml
#1397185 26.07.2026 12:40:01 : ERR WBMAIN : *0: app 973 Event 24 808b2700
#1397186 26.07.2026 12:40:01 : ERR WBMAIN : 1: mea 0 Event 3 808b1701
#1397187 26.07.2026 12:40:01 : ERR WBMAIN : 2: ui 36 Wait 0 00000000
#1397188 26.07.2026 12:40:21 : TRC FUEL_GAUGE : Batt: 3826 mV (raw: 3827) soc: 37 %, T: 30.9 C,H:103
#1397189 26.07.2026 12:41:59 : EVT LOGGER : LGR 934, 80
#1397190 26.07.2026 12:43:56 : EVT UI_FRAMEWORK : evalFile: b:/zapp/zzclimen.fea/ext25.js from ui
#1397191 26.07.2026 12:43:56 : EVT LOGGER : Exercise paused
#1397192 26.07.2026 12:43:56 : WRN WBAPI : eID-662ac4(277): /Dive/Alarms/Acknowledge 404
#1397193 26.07.2026 12:43:58 : WRN WBAPI : eID-662ac4(277): /Settings/General/BacklightForced 404
#1397194 26.07.2026 12:44:00 : EVT APPLICATION : Zapp zzmoveen:Disable
#1397195 26.07.2026 12:44:00 : EVT ANALYTICS : Zapp disabled i:6 h:7aac0887 n:Movement
#1397196 26.07.2026 12:44:00 : EVT UI_FRAMEWORK : evalFile: b:/zapp/zzmoveen.fea/ext2.js from ui
#1397197 26.07.2026 12:44:00 : EVT UI_FRAMEWORK : JS discard disable zapps
#1397198 26.07.2026 12:44:00 : EVT UI_FRAMEWORK : JS will discard
#1397199 26.07.2026 12:44:00 : EVT BRIGHTNESS : Custom state pwr:[-1,-1] bri:[-1.00,-1.00]
#1397200 26.07.2026 12:44:00 : EVT SPEEDFUSION : INFO # stop speed fusion
#1397201 26.07.2026 12:44:00 : EVT <Unknown> : Update pres sampl intrvl:5
#1397202 26.07.2026 12:44:00 : EVT UI_FRAMEWORK : evalFile: b:/zapp/zzclimen.fea/ext11.js from ui
#1397203 26.07.2026 12:44:00 : WRN APPLICATION : discard hrr meas l:3 d:0 sh:96 mh:96 v:0
#1397204 26.07.2026 12:44:00 : WRN WBAPI : eID-66abdc(583/65535): 404
#1397205 26.07.2026 12:44:00 : EVT TRAININGZONE : User Define Mode:5
#1397206 26.07.2026 12:44:00 : EVT TRAININGZONE : Tss HR:51.33
#1397207 26.07.2026 12:44:00 : EVT TRAININGZONE : A:16,Tss:[-200.00,-200.00,-200.00,51.33]
#1397208 26.07.2026 12:44:00 : EVT ANALYTICS : WAOae:Activity WAOae:16
#1397209 26.07.2026 12:44:00 : EVT ANALYTICS : WAOae:TotalAcc WAOae:0,0,0
#1397210 26.07.2026 12:44:00 : EVT ANALYTICS : WAOae:AccCount WAOae:0,0,0
#1397211 26.07.2026 12:44:00 : EVT ANALYTICS : WAOae:Distance WAOae:0,0,0
#1397212 26.07.2026 12:44:00 : EVT ANALYTICS : WAOae:Duration WAOae:0,0,0
#1397213 26.07.2026 12:44:00 : EVT ANALYTICS : WAOae:Coeff WAOae:0,40,164,314,773,7524,7624
#1397214 26.07.2026 12:44:00 : EVT LOGGER : Exercise stopped
#1397215 26.07.2026 12:44:00 : EVT BLE : HR RR off (556981732, 3541 ms missing)
#1397216 26.07.2026 12:44:00 : EVT LOGGER : HrIbiLogger stop, wait (4790395 ms)
#1397217 26.07.2026 12:44:00 : TRC GPS : Unsubd c:802b0000
#1397218 26.07.2026 12:44:00 : EVT ANALYTICS : SleepQ:Tracking:On
#1397219 26.07.2026 12:44:01 : TRC BLE : HR belt fast conn
#1397220 26.07.2026 12:44:02 : EVT ANALYTICS : #powersave mode:p temp:30.9
#1397221 26.07.2026 12:44:02 : EVT ANALYTICS : Battery-> 4 soc:37
#1397222 26.07.2026 12:44:02 : EVT BLE : HR RR done
#1397223 26.07.2026 12:44:02 : TRC BLE : HR belt slow conn
#1397224 26.07.2026 12:44:03 : EVT TRAININGLAB : AppFeature Vo2Max 0.000000
#1397225 26.07.2026 12:44:03 : EVT TRAININGLAB : TLab:~Mode T 9777 + 5091 A 690 + 4030
#1397226 26.07.2026 12:44:03 : EVT TRAININGLAB : TLab:Change mode 3->2
#1397227 26.07.2026 12:44:03 : EVT TRAININGLAB : TLab:Mode::userInfo 50, 200, 1, 37, 182, 950, 1990
#1397228 26.07.2026 12:44:03 : EVT TRAININGLAB : ModeUnsub:91C5
#1397229 26.07.2026 12:44:03 : EVT TRAININGLAB : ModeSub:0400
#1397230 26.07.2026 12:44:03 : EVT LOGGER : HrIbiLogger stopped (4793936 ms)
#1397231 26.07.2026 12:44:03 : EVT LOGGER : LGR 934, 80
#1397232 26.07.2026 12:44:03 : EVT LOGGER : LGR 934, 80
#1397233 26.07.2026 12:44:03 : EVT LOGGER : LGR 934, 80
#1397234 26.07.2026 12:44:03 : EVT LOGGER : Wr dpc on
#1397235 26.07.2026 12:44:03 : EVT LOGGER : LGR 20993, 56
#1397236 26.07.2026 12:44:04 : EVT BLE : Disconn sensor:1
#1397237 26.07.2026 12:44:04 : EVT BLE : BLE Sensor Link 4800180D Disc (L-E-:25:0)
#1397238 26.07.2026 12:44:04 : WRN BLE : sendDisconnect 6157
#1397239 26.07.2026 12:44:04 : ERR BLE : [AURA]Filter with handle 72 not found
#1397240 26.07.2026 12:44:04 : TRC BLE : SVC H/180D disabled
#1397241 26.07.2026 12:44:04 : TRC BLE : SVC H/F200 disabled
#1397242 26.07.2026 12:44:04 : EVT BLE : DEV H disconnected
#1397243 26.07.2026 12:44:04 : EVT WBSTORAGE : CACHE_DEFRAG (920->1008, 24->24, 25)
#1397244 26.07.2026 12:44:04 : EVT WBSTORAGE : CACHE_DEFRAG (936->944, 24->24, 25)
#1397245 26.07.2026 12:44:04 : EVT BLE : report state:556986034
#1397246 26.07.2026 12:44:05 : EVT UI_FRAMEWORK : JS feeling vs idle 1
#1397247 26.07.2026 12:44:05 : EVT WBSTORAGE : CACHE_DEFRAG (872->880, 25->24, 25)
#1397248 26.07.2026 12:44:05 : EVT WBSTORAGE : CACHE_DEFRAG (864->888, 24->24, 25)
#1397249 26.07.2026 12:44:05 : EVT UI_FRAMEWORK : JS feeling open ex-saving
#1397250 26.07.2026 12:44:05 : WRN WBAPI : eID-662ac4(277): /Activity/Log/-1/Move/-1/DynamicApneaDi
#1397251 26.07.2026 12:44:06 : EVT WBSTORAGE : CACHE_DEFRAG (648->1040, 24->24, 25)
#1397252 26.07.2026 12:44:06 : EVT SPEEDFUSION : INFO # IDLE mode(-1) set
#1397253 26.07.2026 12:44:06 : EVT ALTIFUSION : AltiBaroMode:2
#1397254 26.07.2026 12:44:06 : ERR WBMAIN : *0: app 904 Event 37 809c031c
#1397255 26.07.2026 12:44:06 : ERR WBMAIN : 1: mea 0 Wait 0 00000000
#1397256 26.07.2026 12:44:06 : ERR WBMAIN : 2: ui 2 Wait 0 00000000
#1397257 26.07.2026 12:44:06 : EVT OHR : S:start 0x2123
#1397258 26.07.2026 12:44:06 : EVT <Unknown> : 1785062649171:Meas start 0x2123
#1397259 26.07.2026 12:44:07 : EVT <Unknown> : 1785062649172:xiaomi reset t:501834872406/497030544250
#1397260 26.07.2026 12:44:09 : EVT ANALYTICS : Duration ExSaving:3880
#1397261 26.07.2026 12:44:09 : ERR <Unknown> : 1785062652780:Mi invalid call:100,code:0.
#1397262 26.07.2026 12:44:10 : EVT ANALYTICS : Duration ExSumBroker:733
#1397263 26.07.2026 12:44:11 : EVT OHR : No HR update, invalidate by timer
#1397264 26.07.2026 12:44:11 : EVT OHR : new HR update
#1397265 26.07.2026 12:44:15 : ERR <Unknown> : 1785062658386:Mi invalid call:100,code:0.
#1397266 26.07.2026 12:44:16 : EVT OHR : No HR update, invalidate by timer
#1397267 26.07.2026 12:44:18 : EVT APPLICATION : Zapp zwc05901:Load script
#1397268 26.07.2026 12:44:18 : EVT APPLICATION : Zapp zwc05901:Enable
#1397269 26.07.2026 12:44:18 : EVT ANALYTICS : Zapp enabled i:4 h:ddb248f2 n:zwc05901 v:124f
#1397270 26.07.2026 12:44:18 : EVT APPLICATION : Zapp zwc05901:templ load:b:/zapp/zwc05901.wfa/wf.xml
#1397271 26.07.2026 12:44:18 : WRN WBAPI : eID-662ac4(277): /Weather/Current/ValidWeatherData.temp 
#1397272 26.07.2026 12:44:19 : EVT OHR : new HR update
#1397273 26.07.2026 12:44:19 : EVT TRAININGZONE : Update TSS:51.33
#1397274 26.07.2026 12:44:19 : EVT APPLICATION : Zapp zwc05901:templ load:b:/zapp/zwc05901.wfa/wf.xml
#1397275 26.07.2026 12:44:19 : EVT WBSTORAGE : CACHE_DEFRAG (1016->1024, 24->24, 25)
#1397276 26.07.2026 12:44:19 : WRN WBAPI : eID-662ac4(277): /Weather/Current/ValidWeatherData.temp 
#1397277 26.07.2026 12:44:19 : EVT ANALYTICS : Sync start
#1397278 26.07.2026 12:44:22 : ERR WBMAIN : 0: app 557 Wait 0 00000000
#1397279 26.07.2026 12:44:22 : ERR WBMAIN : 1: mea 10 Wait 0 00000000
#1397280 26.07.2026 12:44:22 : ERR WBMAIN : 2: ui 0 Wait 0 00000000
#1397281 26.07.2026 12:44:29 : EVT ANALYTICS : #sf R:5 A:Xiamen-fw_2.56.18.31896-V-a8f49e99
#1397282 26.07.2026 12:44:33 : EVT ANALYTICS : #sf R:5 A:Xiamen-fw_2.56.18.31896-V-a8f49e99
#1397283 26.07.2026 12:44:34 : EVT WBSTORAGE : CACHE_DEFRAG (896->920, 24->24, 25)
#1397284 26.07.2026 12:44:34 : EVT WBSTORAGE : CACHE_DEFRAG (680->688, 24->24, 25)
#1397285 26.07.2026 12:44:34 : EVT WBSTORAGE : CACHE_DEFRAG (672->680, 24->24, 25)
#1397286 26.07.2026 12:44:35 : EVT ANALYTICS : #sf R:5 A:Xiamen-fw_2.56.18.31896-V-a8f49e99
#1397287 26.07.2026 12:44:38 : EVT ANALYTICS : #sf R:5 A:Xiamen-fw_2.56.18.31896-V-a8f49e99
#1397288 26.07.2026 12:44:47 : TRC SETTINGS : UTC:1785062687|60 DST:1|120|1774746000|1792890000
#1397289 26.07.2026 12:44:47 : TRC SETTINGS : TMZ:|Europe/Zurich|
#1397290 26.07.2026 12:44:48 : EVT ANALYTICS : #sf R:5 A:Xiamen-fw_2.56.18.31896-V-a8f49e99
#1397291 26.07.2026 12:44:49 : ERR WBMAIN : *0: app 898 Event 36 80005311
#1397292 26.07.2026 12:44:49 : ERR WBMAIN : 1: mea 79 Wait 0 00000000
#1397293 26.07.2026 12:44:49 : ERR WBMAIN : 2: ui 67 Wait 0 00000000
#1397294 26.07.2026 12:44:49 : EVT ANALYTICS : Sync start
#1397295 26.07.2026 12:44:53 : EVT ANALYTICS : Weather sync ok d:1500 f:0
#1397296 26.07.2026 12:44:53 : EVT WBSTORAGE : CACHE_DEFRAG (664->928, 24->24, 25)
#1397297 26.07.2026 12:44:53 : EVT ANALYTICS : synced city:Winterthur
#1397298 26.07.2026 12:44:54 : EVT GPS : Last known coordinate:lat:474889462, lon:87047470
#1397299 26.07.2026 12:44:54 : EVT WBSTORAGE : CACHE_DEFRAG (856->872, 24->24, 25)
#1397300 26.07.2026 12:44:54 : EVT ANALYTICS : #sf R:5 A:Xiamen-fw_2.56.18.31896-V-a8f49e99
#1397301 26.07.2026 12:45:08 : EVT ANALYTICS : #sf R:5 A:Xiamen-fw_2.56.18.31896-V-a8f49e99
#1397302 26.07.2026 12:45:08 : EVT ANALYTICS : #sf R:5 A:Xiamen-fw_2.56.18.31896-V-a8f49e99
#1397303 26.07.2026 12:45:13 : EVT ANALYTICS : #sf R:5 A:Xiamen-fw_2.56.18.31896-V-a8f49e99
#1397304 26.07.2026 12:45:19 : EVT APPLICATION : Zapp zwc05901:templ load:b:/zapp/zwc05901.wfa/wf-lowp-q.
#1397305 26.07.2026 12:45:19 : EVT WBSTORAGE : CACHE_DEFRAG (632->808, 24->24, 25)
#1397306 26.07.2026 12:46:19 : EVT APPLICATION : Zapp zwc05901:templ load:b:/zapp/zwc05901.wfa/wf-lowp-q.
#1397307 26.07.2026 12:51:04 : EVT APPLICATION : Zapp zwc05901:templ load:b:/zapp/zwc05901.wfa/wf-lowp-q.
#1397308 26.07.2026 12:53:45 : TRC SETTINGS : UTC:1785063223|60 DST:1|120|1774746000|1792890000
#1397309 26.07.2026 12:53:45 : TRC SETTINGS : TMZ:|Europe/Zurich|
#1397310 26.07.2026 12:53:47 : ERR WBMAIN : *0: app 922 Event 36 80005311
#1397311 26.07.2026 12:53:47 : ERR WBMAIN : 1: mea 58 Wait 0 00000000
#1397312 26.07.2026 12:53:47 : ERR WBMAIN : 2: ui 59 Wait 0 00000000
#1397313 26.07.2026 12:53:47 : EVT ANALYTICS : Sync start
#1397314 26.07.2026 12:53:49 : EVT ANALYTICS : Weather sync ok d:540 f:0
#1397315 26.07.2026 12:53:49 : EVT ANALYTICS : synced city:Winterthur
#1397316 26.07.2026 12:53:49 : EVT GPS : Last known coordinate:lat:474888767, lon:87046548
#1397317 26.07.2026 12:53:50 : EVT ANALYTICS : #sf R:5 A:Xiamen-fw_2.56.18.31896-V-a8f49e99
#1397318 26.07.2026 12:55:09 : EVT ACCELEROMETER : Gyro bias:-0.253400 -0.030100 -0.112000
#1397319 26.07.2026 12:55:11 : EVT ACCELEROMETER : Gyro bias:-0.214900 -0.091700 -0.028700
#1397320 26.07.2026 12:55:14 : EVT ACCELEROMETER : Gyro bias:-0.319900 0.063700 -0.178500
#1397321 26.07.2026 12:57:52 : TRC BLE : SVC M/F000 disabled
#1397322 26.07.2026 12:57:52 : EVT WBCOMM : Route lost: ECSD00000003
#1397323 26.07.2026 12:57:52 : EVT BLE : DEV M disconnected
#1397324 26.07.2026 12:57:52 : EVT APPLICATION : Zapp lock disconn wbId:4
#1397325 26.07.2026 12:57:52 : EVT APPLICATION : Zapp lock disconn wbId:4
#1397326 26.07.2026 12:57:52 : EVT WBSTORAGE : CACHE_DEFRAG (680->968, 24->24, 25)
#1397327 26.07.2026 12:57:52 : EVT WBSTORAGE : CACHE_DEFRAG (896->912, 24->24, 25)
#1397328 26.07.2026 12:58:56 : EVT WBSTORAGE : CACHE_DEFRAG (840->976, 24->24, 25)
#1397329 26.07.2026 12:59:56 : EVT APPLICATION : Zapp zwc05901:templ load:b:/zapp/zwc05901.wfa/wf-lowp-q.
#1397330 26.07.2026 13:00:00 : ERR WBMAIN : *0: app 634 Event 24 808b2700
#1397331 26.07.2026 13:00:00 : ERR WBMAIN : 1: mea 0 Event 3 808b1701
#1397332 26.07.2026 13:00:00 : ERR WBMAIN : 2: ui 40 Wait 0 00000000
#1397333 26.07.2026 13:00:00 : EVT <Unknown> : pwr daily,ontime:13
#1397334 26.07.2026 13:00:00 : EVT WBSTORAGE : CACHE_DEFRAG (848->920, 24->24, 25)
#1397335 26.07.2026 13:00:00 : EVT WEATHER : t:495850, d:1
#1397336 26.07.2026 13:01:25 : EVT BLE : DEV M connected
#1397337 26.07.2026 13:01:25 : TRC BLE : SVC M/F000 enabled
#1397338 26.07.2026 13:01:25 : EVT WBCOMM : P-9 connection made to ECSD00000003
#1397339 26.07.2026 13:01:25 : EVT WBCOMM : New Route: ECSD00000003
#1397340 26.07.2026 13:01:25 : EVT APPLICATION : MCP:remote resources mapped
#1397341 26.07.2026 13:01:28 : EVT ANALYTICS : #sf R:5 A:Xiamen-fw_2.56.18.31896-V-a8f49e99
#1397342 26.07.2026 13:01:28 : EVT ANALYTICS : #sf R:5 A:Xiamen-fw_2.56.18.31896-V-a8f49e99
#1397343 26.07.2026 13:01:28 : EVT ANALYTICS : Sync start
#1397344 26.07.2026 13:01:30 : EVT ANALYTICS : #sf R:5 A:Xiamen-fw_2.56.18.31896-V-a8f49e99
#1397345 26.07.2026 13:01:30 : EVT WBSTORAGE : CACHE_DEFRAG (808->936, 24->24, 25)
#1397346 26.07.2026 13:01:32 : EVT ANALYTICS : #sf R:5 A:Xiamen-fw_2.56.18.31896-V-a8f49e99
#1397347 26.07.2026 13:01:34 : ERR WBMAIN : *0: app 895 Event 36 80005311
#1397348 26.07.2026 13:01:34 : ERR WBMAIN : 1: mea 1 Wait 0 00000000
#1397349 26.07.2026 13:01:34 : ERR WBMAIN : 2: ui 1 Event 24 809c2903
#1397350 26.07.2026 13:01:34 : EVT ANALYTICS : Weather sync ok d:480 f:0
#1397351 26.07.2026 13:01:34 : EVT WBSTORAGE : CACHE_DEFRAG (880->984, 24->24, 25)
#1397352 26.07.2026 13:01:34 : EVT ANALYTICS : synced city:Winterthur
#1397353 26.07.2026 13:01:35 : EVT GPS : Last known coordinate:lat:474889066, lon:87047326
#1397354 26.07.2026 13:01:35 : EVT ANALYTICS : #sf R:5 A:Xiamen-fw_2.56.18.31896-V-a8f49e99
#1397355 26.07.2026 13:01:35 : EVT ANALYTICS : Weather sync ok d:0 f:0
#1397356 26.07.2026 13:01:35 : EVT ANALYTICS : synced city:Winterthur
#1397357 26.07.2026 13:01:35 : EVT GPS : Last known coordinate:lat:474889066, lon:87047326
#1397358 26.07.2026 13:01:35 : EVT APPLICATION : Zapp zwc05901:templ load:b:/zapp/zwc05901.wfa/wf-lowp-q.
#1397359 26.07.2026 13:01:57 : TRC SETTINGS : UTC:1785063716|60 DST:1|120|1774746000|1792890000
#1397360 26.07.2026 13:01:57 : TRC SETTINGS : TMZ:|Europe/Zurich|
#1397361 26.07.2026 13:01:58 : EVT ANALYTICS : Sync start
#1397362 26.07.2026 13:02:01 : EVT ANALYTICS : Weather sync ok d:60 f:0
#1397363 26.07.2026 13:02:01 : EVT WBSTORAGE : CACHE_DEFRAG (912->984, 24->24, 25)
#1397364 26.07.2026 13:02:01 : EVT ANALYTICS : synced city:Winterthur
#1397365 26.07.2026 13:02:01 : EVT GPS : Last known coordinate:lat:474889357, lon:87047513
#1397366 26.07.2026 13:02:01 : EVT ANALYTICS : #sf R:5 A:Xiamen-fw_2.56.18.31896-V-a8f49e99
#1397367 26.07.2026 13:02:03 : EVT WBSTORAGE : CACHE_DEFRAG (912->920, 24->24, 25)
#1397368 26.07.2026 13:02:03 : EVT ANALYTICS : #sf R:5 A:Xiamen-fw_2.56.18.31896-V-a8f49e99
#1397369 26.07.2026 13:02:10 : EVT ANALYTICS : #sf R:5 A:Xiamen-fw_2.56.18.31896-V-a8f49e99
#1397370 26.07.2026 13:02:36 : EVT ANALYTICS : #sf R:5 A:Xiamen-fw_2.56.18.31896-V-a8f49e99
#1397371 26.07.2026 13:05:29 : EVT WBSTORAGE : CACHE_DEFRAG (904->1032, 24->24, 25)
#1397372 26.07.2026 13:06:04 : TRC SETTINGS : UTC:1785063963|60 DST:1|120|1774746000|1792890000
#1397373 26.07.2026 13:06:04 : TRC SETTINGS : TMZ:|Europe/Zurich|
#1397374 26.07.2026 13:06:06 : ERR WBMAIN : *0: app 985 Event 36 80005311
#1397375 26.07.2026 13:06:06 : ERR WBMAIN : 1: mea 43 Wait 0 00000000
#1397376 26.07.2026 13:06:06 : ERR WBMAIN : 2: ui 33 Wait 0 00000000
#1397377 26.07.2026 13:06:07 : EVT ANALYTICS : Sync start
#1397378 26.07.2026 13:06:08 : EVT ANALYTICS : Weather sync ok d:240 f:0
#1397379 26.07.2026 13:06:09 : EVT WBSTORAGE : CACHE_DEFRAG (904->912, 24->24, 25)
#1397380 26.07.2026 13:06:09 : EVT ANALYTICS : synced city:Winterthur
#1397381 26.07.2026 13:06:09 : EVT GPS : Last known coordinate:lat:474889078, lon:87047456
#1397382 26.07.2026 13:06:09 : EVT ANALYTICS : #sf R:5 A:Xiamen-fw_2.56.18.31896-V-a8f49e99
#1397383 26.07.2026 13:06:12 : EVT ANALYTICS : #sf R:5 A:Xiamen-fw_2.56.18.31896-V-a8f49e99
#1397384 26.07.2026 13:06:30 : EVT APPLICATION : Zapp zwc05901:templ load:b:/zapp/zwc05901.wfa/wf-lowp-q.
#1397385 26.07.2026 13:07:16 : EVT WBSTORAGE : CACHE_DEFRAG (840->856, 24->24, 25)
#1397386 26.07.2026 13:07:16 : EVT WBSTORAGE : CACHE_DEFRAG (816->1008, 24->24, 25)
#1397387 26.07.2026 13:07:16 : EVT WBSTORAGE : CACHE_DEFRAG (984->992, 24->24, 25)
#1397388 26.07.2026 13:07:16 : EVT WBSTORAGE : CACHE_DEFRAG (976->984, 24->24, 25)
#1397389 26.07.2026 13:07:16 : EVT WBSTORAGE : CACHE_DEFRAG (968->1024, 24->24, 25)
#1397390 26.07.2026 13:07:16 : EVT WBSTORAGE : CACHE_DEFRAG (944->968, 24->24, 25)
#1397391 26.07.2026 13:07:16 : EVT ALTIFUSION : AltiBaroMode:0
#1397392 26.07.2026 13:07:16 : EVT ALTIFUSION : Init AltiBaro
#1397393 26.07.2026 13:07:17 : EVT WBSTORAGE : CACHE_DEFRAG (944->952, 24->24, 25)
#1397394 26.07.2026 13:07:17 : EVT WBSTORAGE : CACHE_DEFRAG (920->928, 24->24, 25)
#1397395 26.07.2026 13:07:17 : EVT WBSTORAGE : CACHE_DEFRAG (896->968, 24->24, 25)
#1397396 26.07.2026 13:07:17 : ERR WBMAIN : *0: app 752 Event 37 809c331f
#1397397 26.07.2026 13:07:17 : ERR WBMAIN : 1: mea 9 Wait 0 00000000
#1397398 26.07.2026 13:07:17 : ERR WBMAIN : 2: ui 26 Wait 0 00000000
#1397399 26.07.2026 13:07:17 : EVT APPLICATION : Zapp zwc05901:Disable
#1397400 26.07.2026 13:07:17 : EVT ANALYTICS : Zapp disabled i:4 h:ddb248f2 n:Vector classic
#1397401 26.07.2026 13:07:17 : EVT ANALYTICS : SleepQ:Tracking:On
#1397402 26.07.2026 13:07:17 : EVT ALTIFUSION : AltiBaroMode:0
#1397403 26.07.2026 13:07:17 : EVT ALTIFUSION : Init AltiBaro
#1397404 26.07.2026 13:07:17 : EVT WBSTORAGE : CACHE_DEFRAG (936->968, 24->24, 25)
#1397405 26.07.2026 13:07:17 : EVT UI_FRAMEWORK : JS nsto enable zapp: zzmoveen
#1397406 26.07.2026 13:07:17 : EVT UI_FRAMEWORK : JS nsto enable zapp: zzclimen
#1397407 26.07.2026 13:07:17 : EVT APPLICATION : Zapp zzmoveen:Load script
#1397408 26.07.2026 13:07:17 : EVT APPLICATION : Zapp zzmoveen:Enable
#1397409 26.07.2026 13:07:17 : EVT ANALYTICS : Zapp enabled i:6 h:7aac0887 n:zzmoveen v:8e0
#1397410 26.07.2026 13:07:17 : EVT UI_FRAMEWORK : evalFile: b:/zapp/zzmoveen.fea/ext1.js from ui
#1397411 26.07.2026 13:07:17 : EVT APPLICATION : Zapp clid:32878
#1397412 26.07.2026 13:07:17 : EVT APPLICATION : Zapp zzclimen:Enable
#1397413 26.07.2026 13:07:17 : EVT ANALYTICS : Zapp enabled i:0 h:22837ce3 n:zzclimen v:3.1
#1397414 26.07.2026 13:07:18 : EVT APPLICATION : Zapp clid:32880
#1397415 26.07.2026 13:07:18 : EVT UI_FRAMEWORK : JS nsto all zapps enabled.
#1397416 26.07.2026 13:07:18 : EVT UI_FRAMEWORK : JS Prestart Activity Id: 16.000
#1397417 26.07.2026 13:07:18 : WRN WBAPI : eID-662ac4(277): /Dive/Alarms/Acknowledge 404
#1397418 26.07.2026 13:07:18 : EVT WBSTORAGE : CACHE_DEFRAG (928->1008, 24->24, 25)
#1397419 26.07.2026 13:07:18 : EVT WBSTORAGE : CACHE_DEFRAG (928->936, 24->24, 25)
#1397420 26.07.2026 13:07:18 : EVT WBSTORAGE : CACHE_DEFRAG (864->872, 24->24, 25)
#1397421 26.07.2026 13:07:18 : EVT WBSTORAGE : CACHE_DEFRAG (800->808, 24->24, 25)
#1397422 26.07.2026 13:07:18 : EVT BLE : BLE Sensor Link 4800180D Conn (--E-:00:1)
#1397423 26.07.2026 13:07:18 : WRN WBAPI : eID-662ac4(277): /Dive/TankPressure/Alarm/Count 404
#1397424 26.07.2026 13:07:18 : EVT SPEEDFUSION : INFO # start speed fusion
#1397425 26.07.2026 13:07:18 : EVT SPEEDFUSION : Act:16,Acc:0,BPod:0,FPod:0,PPod:0,BeltPod:1
#1397426 26.07.2026 13:07:18 : EVT SPEEDFUSION : INFO # Start algo without wrist acc
#1397427 26.07.2026 13:07:18 : EVT <Unknown> : Update pres sampl intrvl:1
#1397428 26.07.2026 13:07:18 : EVT OHR : S:start 0x21a3
#1397429 26.07.2026 13:07:19 : EVT <Unknown> : 1785064042042:Meas start 0x21a3
#1397430 26.07.2026 13:07:19 : EVT BLE : DEV H connected
#1397431 26.07.2026 13:07:19 : EVT WBSTORAGE : CACHE_DEFRAG (728->1024, 24->24, 25)
#1397432 26.07.2026 13:07:19 : EVT WBSTORAGE : CACHE_DEFRAG (960->968, 24->24, 25)
#1397433 26.07.2026 13:07:19 : EVT WBSTORAGE : CACHE_DEFRAG (896->904, 24->24, 25)
#1397434 26.07.2026 13:07:19 : TRC BLE : SVC H/F200 enabled
#1397435 26.07.2026 13:07:20 : TRC BLE : SVC H/180D enabled
#1397436 26.07.2026 13:07:20 : TRC BLE : HR connected (0 ms missing)
#1397437 26.07.2026 13:07:20 : EVT BLE : HR BlueBelt 2550100113 (1.1.0/F2. )
#1397438 26.07.2026 13:07:20 : EVT BLE : report state:558381727
#1397439 26.07.2026 13:07:20 : EVT WBSTORAGE : CACHE_DEFRAG (832->848, 24->24, 25)
#1397440 26.07.2026 13:07:20 : EVT ANALYTICS : #FusHr src:1 time:208
#1397441 26.07.2026 13:07:20 : EVT OHR : S:start 0x20
#1397442 26.07.2026 13:07:20 : EVT BLE : HR RR done
#1397443 26.07.2026 13:07:20 : TRC BLE : HR belt slow conn
#1397444 26.07.2026 13:07:20 : EVT BLE : type 1 is conn, set
#1397445 26.07.2026 13:07:21 : EVT <Unknown> : 1785064043757:Meas start 0x20
#1397446 26.07.2026 13:08:00 : EVT SEDENTARY : stop monitoring
#1397447 26.07.2026 13:08:09 : TRC BLE : SVC M/F000 disabled
#1397448 26.07.2026 13:08:09 : EVT WBCOMM : Route lost: ECSD00000003
#1397449 26.07.2026 13:08:09 : EVT BLE : DEV M disconnected
#1397450 26.07.2026 13:08:09 : EVT APPLICATION : Zapp lock disconn wbId:4
#1397451 26.07.2026 13:08:09 : EVT APPLICATION : Zapp lock disconn wbId:4
#1397452 26.07.2026 13:08:09 : EVT WBSTORAGE : CACHE_DEFRAG (768->952, 24->24, 25)
#1397453 26.07.2026 13:08:43 : EVT <Unknown> : 1785064125804:Off Skin Set.
#1397454 26.07.2026 13:08:44 : EVT <Unknown> : 1785064126431:On Skin Set.
#1397455 26.07.2026 13:08:46 : EVT <Unknown> : 1785064128583:Off Skin Set.
#1397456 26.07.2026 13:08:46 : EVT <Unknown> : 1785064129334:On Skin Set.
#1397457 26.07.2026 13:08:53 : EVT ANALYTICS : #FusHr src:1 time:0
#1397458 26.07.2026 13:08:53 : WRN WBAPI : eID-662ac4(277): /Dive/Alarms/Acknowledge 404
#1397459 26.07.2026 13:08:53 : EVT WBSTORAGE : CACHE_DEFRAG (880->912, 24->24, 25)
#1397460 26.07.2026 13:08:53 : EVT WBSTORAGE : CACHE_DEFRAG (880->888, 24->24, 25)
#1397461 26.07.2026 13:08:53 : EVT TRAININGLAB : TLab:~Mode T 14868 + 449 A 4720 + 120
#1397462 26.07.2026 13:08:53 : EVT TRAININGLAB : TLab:Change mode 2->3
#1397463 26.07.2026 13:08:53 : EVT TRAININGLAB : TLab:Mode::userInfo 50, 200, 1, 37, 182, 950, 1990
#1397464 26.07.2026 13:08:53 : EVT LOGGER : Log space:31997260 bytes free
#1397465 26.07.2026 13:08:53 : EVT TRAININGLAB : ModeUnsub:2800
#1397466 26.07.2026 13:08:53 : EVT TRAININGLAB : ModeSub:9004
#1397467 26.07.2026 13:08:53 : EVT TRAININGLAB : TLab:Select input 0
#1397468 26.07.2026 13:08:53 : EVT TRAININGLAB : Tlab:HR src is 1
#1397469 26.07.2026 13:08:53 : EVT TRAININGLAB : TLab:Active input 0
#1397470 26.07.2026 13:08:54 : EVT WBSTORAGE : CACHE_DEFRAG (856->992, 24->24, 25)
#1397471 26.07.2026 13:08:54 : EVT WBSTORAGE : CACHE_DEFRAG (960->968, 24->24, 25)
#1397472 26.07.2026 13:08:54 : EVT LOGGER : Exercise started
#1397473 26.07.2026 13:08:54 : EVT BLE : HR RR on (558475687)
#1397474 26.07.2026 13:08:54 : TRC GPS : Full GNSS data subd l:0 c:802b0000
#1397475 26.07.2026 13:08:54 : ERR WBMAIN : *0: app 770 Event 37 809c031a
#1397476 26.07.2026 13:08:54 : ERR WBMAIN : 1: mea 0 Wait 0 00000000
#1397477 26.07.2026 13:08:54 : ERR WBMAIN : 2: ui 1 Event 11 038d809c
#1397478 26.07.2026 13:08:55 : TRC BLE : HR belt fast conn
#1397479 26.07.2026 13:08:55 : EVT ANALYTICS : Battery-> 3 soc:37
#1397480 26.07.2026 13:08:55 : EVT ANALYTICS : #FusHr src:1 time:0
#1397481 26.07.2026 13:08:55 : EVT ANALYTICS : #Act id:16
#1397482 26.07.2026 13:08:55 : EVT APPLICATION : Zapp zzmoveen:templ load:b:/zapp/zzmoveen.fea/t.xml
#1397483 26.07.2026 13:08:55 : EVT ANALYTICS : #powersave mode:p temp:31.1
#1397484 26.07.2026 13:08:55 : EVT ANALYTICS : GPSMODE:NOTUSED
#1397485 26.07.2026 13:08:55 : EVT ANALYTICS : #gnss d:2026-07-26T00:00:00Z
#1397486 26.07.2026 13:08:55 : EVT ANALYTICS : #zapp n:Movement e:1
#1397487 26.07.2026 13:08:55 : EVT ANALYTICS : #zapp n:Climb Log e:1
#1397488 26.07.2026 13:08:55 : EVT APPLICATION : Zapp zzclimen:templ load:b:/zapp/zzclimen.fea/setup.xml
#1397489 26.07.2026 13:09:01 : EVT ANALYTICS : #ws AID:16 BM:1 NS:0 SP:2 ZN:0 TG:0 GPS:0
#1397490 26.07.2026 13:09:01 : EVT ANALYTICS : #2ws AID:16 WHR:1 INT:0 AL:0 AP:0 FE:1 MC:1 TH:0
#1397491 26.07.2026 13:09:11 : TRC BLE : HR belt slow conn
#1397492 26.07.2026 13:09:23 : EVT LOGGER : Exercise paused
#1397493 26.07.2026 13:09:23 : WRN WBAPI : eID-662ac4(277): /Dive/Alarms/Acknowledge 404
#1397494 26.07.2026 13:09:24 : WRN WBAPI : eID-662ac4(277): /Settings/General/BacklightForced 404
#1397495 26.07.2026 13:09:25 : EVT APPLICATION : Zapp zzmoveen:Disable
#1397496 26.07.2026 13:09:25 : EVT ANALYTICS : Zapp disabled i:6 h:7aac0887 n:Movement
#1397497 26.07.2026 13:09:26 : EVT UI_FRAMEWORK : evalFile: b:/zapp/zzmoveen.fea/ext2.js from ui
#1397498 26.07.2026 13:09:26 : EVT UI_FRAMEWORK : JS discard disable zapps
#1397499 26.07.2026 13:09:26 : EVT UI_FRAMEWORK : JS will discard
#1397500 26.07.2026 13:09:26 : EVT BRIGHTNESS : Custom state pwr:[-1,-1] bri:[-1.00,-1.00]
#1397501 26.07.2026 13:09:26 : EVT SPEEDFUSION : INFO # stop speed fusion
#1397502 26.07.2026 13:09:26 : EVT <Unknown> : Update pres sampl intrvl:5
#1397503 26.07.2026 13:09:26 : WRN APPLICATION : discard hrr meas l:3 d:0 sh:99 mh:99 v:0
#1397504 26.07.2026 13:09:26 : WRN WBAPI : eID-66abdc(583/65535): 404
#1397505 26.07.2026 13:09:26 : EVT TRAININGZONE : User Define Mode:5
#1397506 26.07.2026 13:09:26 : EVT TRAININGZONE : Tss HR:0.26
#1397507 26.07.2026 13:09:26 : EVT TRAININGZONE : A:16,Tss:[-200.00,-200.00,-200.00,0.26]
#1397508 26.07.2026 13:09:26 : EVT ANALYTICS : WAOae:Activity WAOae:16
#1397509 26.07.2026 13:09:26 : EVT ANALYTICS : WAOae:TotalAcc WAOae:0,0,0
#1397510 26.07.2026 13:09:26 : EVT ANALYTICS : WAOae:AccCount WAOae:0,0,0
#1397511 26.07.2026 13:09:26 : EVT ANALYTICS : WAOae:Distance WAOae:0,0,0
#1397512 26.07.2026 13:09:26 : EVT ANALYTICS : WAOae:Duration WAOae:0,0,0
#1397513 26.07.2026 13:09:26 : EVT ANALYTICS : WAOae:Coeff WAOae:0,40,164,314,773,7524,7624
#1397514 26.07.2026 13:09:26 : EVT LOGGER : Exercise stopped
#1397515 26.07.2026 13:09:26 : EVT BLE : HR RR off (558507613, 2161 ms missing)
#1397516 26.07.2026 13:09:26 : EVT LOGGER : HrIbiLogger stop, wait (29765 ms)
#1397517 26.07.2026 13:09:26 : TRC GPS : Unsubd c:802b0000
#1397518 26.07.2026 13:09:26 : EVT ANALYTICS : SleepQ:Tracking:On
#1397519 26.07.2026 13:09:26 : WRN LOGGER : feeling: not save sum,f:119,got:1
#1397520 26.07.2026 13:09:27 : TRC BLE : HR belt fast conn
#1397521 26.07.2026 13:09:28 : EVT ANALYTICS : #powersave mode:p temp:31.1
#1397522 26.07.2026 13:09:28 : EVT ANALYTICS : Battery-> 4 soc:37
#1397523 26.07.2026 13:09:28 : EVT BLE : HR RR done
#1397524 26.07.2026 13:09:28 : TRC BLE : HR belt slow conn
#1397525 26.07.2026 13:09:28 : EVT TRAININGLAB : AppFeature Vo2Max 0.000000
#1397526 26.07.2026 13:09:28 : EVT TRAININGLAB : TLab:~Mode T 15317 + 16 A 4840 + 10
#1397527 26.07.2026 13:09:28 : EVT TRAININGLAB : TLab:Change mode 3->2
#1397528 26.07.2026 13:09:28 : EVT TRAININGLAB : TLab:Mode::userInfo 50, 200, 1, 37, 182, 950, 1990
#1397529 26.07.2026 13:09:28 : EVT LOGGER : LGR 934, 80
#1397530 26.07.2026 13:09:28 : EVT TRAININGLAB : ModeUnsub:91C5
#1397531 26.07.2026 13:09:28 : EVT TRAININGLAB : ModeSub:0400
#1397532 26.07.2026 13:09:28 : EVT LOGGER : HrIbiLogger stopped (31926 ms)
#1397533 26.07.2026 13:09:28 : EVT LOGGER : LGR 934, 80
#1397534 26.07.2026 13:09:28 : EVT LOGGER : Wr dpc on
#1397535 26.07.2026 13:09:28 : EVT LOGGER : LGR 20993, 56
#1397536 26.07.2026 13:09:29 : EVT SPEEDFUSION : INFO # IDLE mode(-1) set
#1397537 26.07.2026 13:09:29 : EVT ALTIFUSION : AltiBaroMode:2
#1397538 26.07.2026 13:09:29 : ERR WBMAIN : *0: app 852 Event 28 802c400e
#1397539 26.07.2026 13:09:29 : ERR WBMAIN : 1: mea 0 Wait 0 00000000
#1397540 26.07.2026 13:09:29 : ERR WBMAIN : 2: ui 4 Wait 0 00000000
#1397541 26.07.2026 13:09:29 : EVT OHR : S:start 0x2123
#1397542 26.07.2026 13:09:29 : EVT BLE : Disconn sensor:1
#1397543 26.07.2026 13:09:29 : EVT BLE : BLE Sensor Link 4800180D Disc (L-E-:25:0)
#1397544 26.07.2026 13:09:29 : WRN BLE : sendDisconnect 6157
#1397545 26.07.2026 13:09:29 : ERR BLE : [AURA]Filter with handle 72 not found
#1397546 26.07.2026 13:09:30 : TRC BLE : SVC H/180D disabled
#1397547 26.07.2026 13:09:30 : TRC BLE : SVC H/F200 disabled
#1397548 26.07.2026 13:09:30 : EVT BLE : DEV H disconnected
#1397549 26.07.2026 13:09:30 : EVT WBSTORAGE : CACHE_DEFRAG (936->1016, 24->24, 25)
#1397550 26.07.2026 13:09:30 : EVT WBSTORAGE : CACHE_DEFRAG (944->952, 24->24, 25)
#1397551 26.07.2026 13:09:30 : EVT BLE : report state:558511796
#1397552 26.07.2026 13:09:30 : EVT <Unknown> : 1785064172660:Meas start 0x2123
#1397553 26.07.2026 13:09:30 : EVT <Unknown> : 1785064172661:xiaomi reset t:503358361572/503229351135
#1397554 26.07.2026 13:09:32 : EVT UI_FRAMEWORK : JS discard
#1397555 26.07.2026 13:09:32 : WRN LOGGER : Delete b:logs/6A65EAC5
#1397556 26.07.2026 13:09:33 : ERR <Unknown> : 1785064175891:Mi invalid call:100,code:0.
#1397557 26.07.2026 13:09:34 : EVT OHR : No HR update, invalidate by timer
#1397558 26.07.2026 13:09:34 : EVT WBSTORAGE : CACHE_DEFRAG (880->904, 24->24, 25)
#1397559 26.07.2026 13:09:34 : EVT APPLICATION : Zapp zwc05901:Load script
#1397560 26.07.2026 13:09:34 : EVT APPLICATION : Zapp zwc05901:Enable
#1397561 26.07.2026 13:09:35 : EVT ANALYTICS : Zapp enabled i:4 h:ddb248f2 n:zwc05901 v:124f
#1397562 26.07.2026 13:09:35 : EVT APPLICATION : Zapp zwc05901:templ load:b:/zapp/zwc05901.wfa/wf.xml
#1397563 26.07.2026 13:09:35 : WRN WBAPI : eID-662ac4(277): /Weather/Current/ValidWeatherData.temp 
#1397564 26.07.2026 13:09:37 : EVT WBSTORAGE : CACHE_DEFRAG (776->920, 24->24, 25)
#1397565 26.07.2026 13:09:37 : EVT WBSTORAGE : CACHE_DEFRAG (896->904, 24->24, 25)
#1397566 26.07.2026 13:09:37 : EVT WBSTORAGE : CACHE_DEFRAG (888->896, 24->24, 25)
#1397567 26.07.2026 13:09:37 : EVT WBSTORAGE : CACHE_DEFRAG (880->1024, 24->24, 25)
#1397568 26.07.2026 13:09:37 : EVT WBSTORAGE : CACHE_DEFRAG (944->968, 24->24, 25)
#1397569 26.07.2026 13:09:37 : EVT ALTIFUSION : AltiBaroMode:0
#1397570 26.07.2026 13:09:37 : EVT ALTIFUSION : Init AltiBaro
#1397571 26.07.2026 13:09:38 : EVT WBSTORAGE : CACHE_DEFRAG (944->952, 24->24, 25)
#1397572 26.07.2026 13:09:38 : EVT WBSTORAGE : CACHE_DEFRAG (920->928, 24->24, 25)
#1397573 26.07.2026 13:09:38 : EVT WBSTORAGE : CACHE_DEFRAG (896->968, 24->24, 25)
#1397574 26.07.2026 13:09:38 : ERR WBMAIN : *0: app 703 Event 37 809c331f
#1397575 26.07.2026 13:09:38 : ERR WBMAIN : 1: mea 9 Wait 0 00000000
#1397576 26.07.2026 13:09:38 : ERR WBMAIN : 2: ui 13 Wait 0 00000000
#1397577 26.07.2026 13:09:38 : EVT APPLICATION : Zapp zwc05901:Disable
#1397578 26.07.2026 13:09:38 : EVT ANALYTICS : Zapp disabled i:4 h:ddb248f2 n:Vector classic
#1397579 26.07.2026 13:09:38 : EVT ANALYTICS : SleepQ:Tracking:On
#1397580 26.07.2026 13:09:38 : EVT ALTIFUSION : AltiBaroMode:0
#1397581 26.07.2026 13:09:38 : EVT ALTIFUSION : Init AltiBaro
#1397582 26.07.2026 13:09:38 : EVT WBSTORAGE : CACHE_DEFRAG (936->968, 24->24, 25)
#1397583 26.07.2026 13:09:38 : EVT UI_FRAMEWORK : JS nsto enable zapp: zzmoveen
#1397584 26.07.2026 13:09:38 : EVT UI_FRAMEWORK : JS nsto enable zapp: zzclimen
#1397585 26.07.2026 13:09:38 : EVT APPLICATION : Zapp zzmoveen:Load script
#1397586 26.07.2026 13:09:38 : EVT APPLICATION : Zapp zzmoveen:Enable
#1397587 26.07.2026 13:09:38 : EVT ANALYTICS : Zapp enabled i:6 h:7aac0887 n:zzmoveen v:8e0
#1397588 26.07.2026 13:09:38 : EVT UI_FRAMEWORK : evalFile: b:/zapp/zzmoveen.fea/ext1.js from ui
#1397589 26.07.2026 13:09:38 : EVT APPLICATION : Zapp clid:32878
#1397590 26.07.2026 13:09:38 : EVT APPLICATION : Zapp zzclimen:Enable
#1397591 26.07.2026 13:09:38 : EVT ANALYTICS : Zapp enabled i:0 h:22837ce3 n:zzclimen v:3.1
#1397592 26.07.2026 13:09:38 : EVT APPLICATION : Zapp clid:32880
#1397593 26.07.2026 13:09:38 : EVT UI_FRAMEWORK : JS nsto all zapps enabled.
#1397594 26.07.2026 13:09:38 : EVT UI_FRAMEWORK : JS Prestart Activity Id: 16.000
#1397595 26.07.2026 13:09:38 : WRN WBAPI : eID-662ac4(277): /Dive/Alarms/Acknowledge 404
#1397596 26.07.2026 13:09:38 : EVT WBSTORAGE : CACHE_DEFRAG (928->1008, 24->24, 25)
#1397597 26.07.2026 13:09:38 : EVT WBSTORAGE : CACHE_DEFRAG (928->936, 24->24, 25)
#1397598 26.07.2026 13:09:38 : EVT WBSTORAGE : CACHE_DEFRAG (864->872, 24->24, 25)
#1397599 26.07.2026 13:09:38 : EVT WBSTORAGE : CACHE_DEFRAG (800->808, 24->24, 25)
#1397600 26.07.2026 13:09:39 : EVT BLE : BLE Sensor Link 4800180D Conn (--E-:00:1)
#1397601 26.07.2026 13:09:39 : WRN WBAPI : eID-662ac4(277): /Dive/TankPressure/Alarm/Count 404
#1397602 26.07.2026 13:09:39 : EVT SPEEDFUSION : INFO # start speed fusion
#1397603 26.07.2026 13:09:39 : EVT SPEEDFUSION : Act:16,Acc:0,BPod:0,FPod:0,PPod:0,BeltPod:1
#1397604 26.07.2026 13:09:39 : EVT SPEEDFUSION : INFO # Start algo without wrist acc
#1397605 26.07.2026 13:09:39 : EVT <Unknown> : Update pres sampl intrvl:1
#1397606 26.07.2026 13:09:39 : EVT OHR : S:start 0x21a3
#1397607 26.07.2026 13:09:40 : EVT <Unknown> : 1785064182501:Meas start 0x21a3
#1397608 26.07.2026 13:09:40 : EVT TRAININGLAB : TLab:~Mode T 15333 + 2 A 4850 + 0
#1397609 26.07.2026 13:09:40 : EVT TRAININGLAB : TLab:Change mode 2->3
#1397610 26.07.2026 13:09:40 : EVT TRAININGLAB : TLab:Mode::userInfo 50, 200, 1, 37, 182, 950, 1990
#1397611 26.07.2026 13:09:40 : EVT LOGGER : Log space:31997260 bytes free
#1397612 26.07.2026 13:09:40 : EVT TRAININGLAB : ModeUnsub:2800
#1397613 26.07.2026 13:09:40 : EVT TRAININGLAB : ModeSub:9004
#1397614 26.07.2026 13:09:40 : EVT TRAININGLAB : TLab:Select input 0
#1397615 26.07.2026 13:09:40 : EVT TRAININGLAB : TLab:Active input 0
#1397616 26.07.2026 13:09:40 : EVT BLE : DEV H connected
#1397617 26.07.2026 13:09:40 : EVT WBSTORAGE : CACHE_DEFRAG (728->968, 24->24, 25)
#1397618 26.07.2026 13:09:40 : EVT LOGGER : Exercise started
#1397619 26.07.2026 13:09:40 : EVT BLE : HR RR on (558522091)
#1397620 26.07.2026 13:09:40 : TRC GPS : Full GNSS data subd l:0 c:802b0000
#1397621 26.07.2026 13:09:40 : TRC BLE : SVC H/F200 enabled
#1397622 26.07.2026 13:09:40 : EVT WBSTORAGE : CACHE_DEFRAG (936->1016, 24->24, 25)
#1397623 26.07.2026 13:09:40 : TRC BLE : SVC H/180D enabled
#1397624 26.07.2026 13:09:40 : TRC BLE : HR connected (61 ms missing)
#1397625 26.07.2026 13:09:40 : EVT BLE : HR BlueBelt 2550100113 (1.1.0/F2. )
#1397626 26.07.2026 13:09:40 : EVT WBSTORAGE : CACHE_DEFRAG (952->984, 24->24, 25)
#1397627 26.07.2026 13:09:40 : EVT WBSTORAGE : CACHE_DEFRAG (912->920, 24->24, 25)
#1397628 26.07.2026 13:09:40 : EVT WBSTORAGE : CACHE_DEFRAG (848->856, 24->24, 25)
#1397629 26.07.2026 13:09:40 : EVT BLE : report state:558522337
#1397630 26.07.2026 13:09:41 : EVT ANALYTICS : #FusHr src:1 time:728
#1397631 26.07.2026 13:09:41 : EVT OHR : S:start 0x20
#1397632 26.07.2026 13:09:41 : EVT TRAININGLAB : Tlab:HR src is 1
#1397633 26.07.2026 13:09:41 : EVT ANALYTICS : #FusHr src:1 time:0
#1397634 26.07.2026 13:09:41 : EVT <Unknown> : 1785064184326:Meas start 0x20
#1397635 26.07.2026 13:09:41 : EVT WBSTORAGE : CACHE_DEFRAG (840->952, 24->24, 25)
#1397636 26.07.2026 13:09:41 : EVT BLE : type 1 is conn, set
#1397637 26.07.2026 13:09:42 : EVT ANALYTICS : Battery-> 3 soc:37
#1397638 26.07.2026 13:09:42 : EVT ANALYTICS : #FusHr src:1 time:0
#1397639 26.07.2026 13:09:42 : EVT ANALYTICS : #Act id:16
#1397640 26.07.2026 13:09:42 : EVT ANALYTICS : #powersave mode:p temp:31.1
#1397641 26.07.2026 13:09:42 : EVT ANALYTICS : GPSMODE:NOTUSED
#1397642 26.07.2026 13:09:42 : EVT LOGGER : Exercise paused
#1397643 26.07.2026 13:09:42 : WRN WBAPI : eID-662ac4(277): /Dive/Alarms/Acknowledge 404
#1397644 26.07.2026 13:09:42 : EVT ANALYTICS : #gnss d:2026-07-26T00:00:00Z
#1397645 26.07.2026 13:09:42 : EVT ANALYTICS : #zapp n:Movement e:1
#1397646 26.07.2026 13:09:42 : EVT ANALYTICS : #zapp n:Climb Log e:1
#1397647 26.07.2026 13:09:44 : EVT LOGGER : Exercise continue
#1397648 26.07.2026 13:09:44 : WRN WBAPI : eID-662ac4(277): /Dive/Alarms/Acknowledge 404
#1397649 26.07.2026 13:09:44 : EVT APPLICATION : Zapp zzmoveen:templ load:b:/zapp/zzmoveen.fea/t.xml
#1397650 26.07.2026 13:09:44 : WRN WBAPI : eID-662ac4(277): /Dive/Alarms/Acknowledge 404
#1397651 26.07.2026 13:09:45 : EVT APPLICATION : Zapp zzmoveen:templ load:b:/zapp/zzmoveen.fea/t.xml
#1397652 26.07.2026 13:09:45 : EVT UI_FRAMEWORK : evalFile: b:/zapp/zzclimen.fea/ext22.js from ui
#1397653 26.07.2026 13:09:45 : EVT APPLICATION : Zapp zzclimen:templ load:b:/zapp/zzclimen.fea/ready.xml
#1397654 26.07.2026 13:09:48 : EVT ANALYTICS : #ws AID:16 BM:1 NS:0 SP:2 ZN:0 TG:0 GPS:0
#1397655 26.07.2026 13:09:48 : EVT ANALYTICS : #2ws AID:16 WHR:1 INT:0 AL:0 AP:0 FE:1 MC:1 TH:0
#1397656 26.07.2026 13:09:48 : EVT LOGGER : Exercise paused
#1397657 26.07.2026 13:09:48 : WRN WBAPI : eID-662ac4(277): /Dive/Alarms/Acknowledge 404
#1397658 26.07.2026 13:09:49 : WRN WBAPI : eID-662ac4(277): /Settings/General/BacklightForced 404
#1397659 26.07.2026 13:09:50 : EVT APPLICATION : Zapp zzmoveen:Disable
#1397660 26.07.2026 13:09:50 : EVT ANALYTICS : Zapp disabled i:6 h:7aac0887 n:Movement
#1397661 26.07.2026 13:09:50 : EVT UI_FRAMEWORK : evalFile: b:/zapp/zzmoveen.fea/ext2.js from ui
#1397662 26.07.2026 13:09:50 : EVT UI_FRAMEWORK : JS discard disable zapps
#1397663 26.07.2026 13:09:50 : EVT UI_FRAMEWORK : JS will discard
#1397664 26.07.2026 13:09:50 : EVT SPEEDFUSION : INFO # stop speed fusion
#1397665 26.07.2026 13:09:50 : EVT BRIGHTNESS : Custom state pwr:[-1,-1] bri:[-1.00,-1.00]
#1397666 26.07.2026 13:09:50 : EVT <Unknown> : Update pres sampl intrvl:5
#1397667 26.07.2026 13:09:50 : WRN APPLICATION : discard hrr meas l:3 d:0 sh:99 mh:99 v:0
#1397668 26.07.2026 13:09:50 : WRN WBAPI : eID-66abdc(583/65535): 404
#1397669 26.07.2026 13:09:50 : EVT TRAININGZONE : User Define Mode:5
#1397670 26.07.2026 13:09:50 : EVT TRAININGZONE : Tss HR:0.07
#1397671 26.07.2026 13:09:50 : EVT TRAININGZONE : A:16,Tss:[-200.00,-200.00,-200.00,0.07]
#1397672 26.07.2026 13:09:50 : EVT ANALYTICS : WAOae:Activity WAOae:16
#1397673 26.07.2026 13:09:50 : EVT ANALYTICS : WAOae:TotalAcc WAOae:0,0,0
#1397674 26.07.2026 13:09:50 : EVT ANALYTICS : WAOae:AccCount WAOae:0,0,0
#1397675 26.07.2026 13:09:50 : EVT ANALYTICS : WAOae:Distance WAOae:0,0,0
#1397676 26.07.2026 13:09:50 : EVT ANALYTICS : WAOae:Duration WAOae:0,0,0
#1397677 26.07.2026 13:09:50 : EVT ANALYTICS : WAOae:Coeff WAOae:0,40,164,314,773,7524,7624
#1397678 26.07.2026 13:09:50 : EVT LOGGER : Exercise stopped
#1397679 26.07.2026 13:09:50 : EVT BLE : HR RR off (558532529, 2435 ms missing)
#1397680 26.07.2026 13:09:50 : EVT LOGGER : HrIbiLogger stop, wait (8003 ms)
#1397681 26.07.2026 13:09:50 : TRC GPS : Unsubd c:802b0000
#1397682 26.07.2026 13:09:51 : EVT ANALYTICS : SleepQ:Tracking:On
#1397683 26.07.2026 13:09:51 : WRN LOGGER : feeling: not save sum,f:119,got:1
#1397684 26.07.2026 13:09:52 : EVT BLE : HR RR done
#1397685 26.07.2026 13:09:52 : TRC BLE : HR belt slow conn
#1397686 26.07.2026 13:09:52 : EVT TRAININGLAB : AppFeature Vo2Max 0.000000
#1397687 26.07.2026 13:09:52 : EVT TRAININGLAB : TLab:~Mode T 15335 + 2 A 4850 + 0
#1397688 26.07.2026 13:09:52 : EVT TRAININGLAB : TLab:Change mode 3->2
#1397689 26.07.2026 13:09:52 : EVT TRAININGLAB : TLab:Mode::userInfo 50, 200, 1, 37, 182, 950, 1990
#1397690 26.07.2026 13:09:52 : EVT LOGGER : LGR 934, 80
#1397691 26.07.2026 13:09:52 : EVT TRAININGLAB : ModeUnsub:91C5
#1397692 26.07.2026 13:09:52 : EVT TRAININGLAB : ModeSub:0400
#1397693 26.07.2026 13:09:52 : EVT LOGGER : HrIbiLogger stopped (10438 ms)
#1397694 26.07.2026 13:09:52 : EVT LOGGER : LGR 934, 80
#1397695 26.07.2026 13:09:52 : EVT LOGGER : Wr dpc on
#1397696 26.07.2026 13:09:52 : EVT LOGGER : LGR 20993, 56
#1397697 26.07.2026 13:09:53 : EVT WBSTORAGE : CACHE_DEFRAG (872->1024, 24->24, 25)
#1397698 26.07.2026 13:09:53 : EVT WBSTORAGE : CACHE_DEFRAG (1008->1016, 24->24, 25)
#1397699 26.07.2026 13:09:53 : EVT WBSTORAGE : CACHE_DEFRAG (1000->1040, 24->24, 25)
#1397700 26.07.2026 13:09:53 : EVT SPEEDFUSION : INFO # IDLE mode(-1) set
#1397701 26.07.2026 13:09:53 : EVT ALTIFUSION : AltiBaroMode:2
#1397702 26.07.2026 13:09:53 : ERR WBMAIN : *0: app 1104 Event 28 802c400e
#1397703 26.07.2026 13:09:53 : ERR WBMAIN : 1: mea 0 Wait 0 00000000
#1397704 26.07.2026 13:09:53 : ERR WBMAIN : 2: ui 4 Wait 0 00000000
#1397705 26.07.2026 13:09:54 : EVT WBSTORAGE : CACHE_DEFRAG (1016->1024, 24->24, 25)
#1397706 26.07.2026 13:09:54 : EVT BLE : Disconn sensor:1
#1397707 26.07.2026 13:09:54 : EVT BLE : BLE Sensor Link 4800180D Disc (L-E-:25:0)
#1397708 26.07.2026 13:09:54 : WRN BLE : sendDisconnect 6157
#1397709 26.07.2026 13:09:54 : ERR BLE : [AURA]Filter with handle 72 not found
#1397710 26.07.2026 13:09:54 : EVT OHR : S:start 0x2123
#1397711 26.07.2026 13:09:54 : EVT ANALYTICS : #powersave mode:p temp:31.1
#1397712 26.07.2026 13:09:54 : EVT ANALYTICS : Battery-> 4 soc:37
#1397713 26.07.2026 13:09:54 : TRC BLE : SVC H/180D disabled
#1397714 26.07.2026 13:09:54 : EVT <Unknown> : 1785064197082:Meas start 0x2123
#1397715 26.07.2026 13:09:54 : TRC BLE : SVC H/F200 disabled
#1397716 26.07.2026 13:09:54 : EVT BLE : DEV H disconnected
#1397717 26.07.2026 13:09:54 : EVT WBSTORAGE : CACHE_DEFRAG (1008->1016, 24->24, 25)
#1397718 26.07.2026 13:09:54 : EVT WBSTORAGE : CACHE_DEFRAG (944->952, 24->24, 25)
#1397719 26.07.2026 13:09:54 : EVT BLE : report state:558536131
#1397720 26.07.2026 13:09:57 : EVT UI_FRAMEWORK : JS discard
#1397721 26.07.2026 13:09:57 : WRN LOGGER : Delete b:logs/6A65EAF4
#1397722 26.07.2026 13:09:59 : EVT WBSTORAGE : CACHE_DEFRAG (880->904, 24->24, 25)
#1397723 26.07.2026 13:09:59 : EVT APPLICATION : Zapp zwc05901:Load script
#1397724 26.07.2026 13:09:59 : EVT APPLICATION : Zapp zwc05901:Enable
#1397725 26.07.2026 13:09:59 : EVT ANALYTICS : Zapp enabled i:4 h:ddb248f2 n:zwc05901 v:124f
#1397726 26.07.2026 13:09:59 : EVT APPLICATION : Zapp zwc05901:templ load:b:/zapp/zwc05901.wfa/wf.xml
#1397727 26.07.2026 13:09:59 : WRN WBAPI : eID-662ac4(277): /Weather/Current/ValidWeatherData.temp 
#1397728 26.07.2026 13:10:00 : ERR WBMAIN : *0: app 699 Event 24 808b2700
#1397729 26.07.2026 13:10:00 : ERR WBMAIN : 1: mea 0 Event 3 808b1701
#1397730 26.07.2026 13:10:00 : ERR WBMAIN : 2: ui 57 Wait 0 00000000
#1397731 26.07.2026 13:10:03 : EVT WBSTORAGE : CACHE_DEFRAG (776->920, 24->24, 25)
#1397732 26.07.2026 13:10:03 : EVT WBSTORAGE : CACHE_DEFRAG (880->1008, 24->24, 25)
#1397733 26.07.2026 13:10:03 : EVT WBSTORAGE : CACHE_DEFRAG (984->992, 24->24, 25)
#1397734 26.07.2026 13:10:03 : EVT WBSTORAGE : CACHE_DEFRAG (976->984, 24->24, 25)
#1397735 26.07.2026 13:10:03 : EVT WBSTORAGE : CACHE_DEFRAG (968->976, 24->24, 25)
#1397736 26.07.2026 13:10:03 : EVT WBSTORAGE : CACHE_DEFRAG (960->1000, 24->24, 25)
#1397737 26.07.2026 13:10:03 : EVT ALTIFUSION : AltiBaroMode:0
#1397738 26.07.2026 13:10:03 : EVT ALTIFUSION : Init AltiBaro
#1397739 26.07.2026 13:10:03 : EVT WBSTORAGE : CACHE_DEFRAG (920->1000, 24->24, 25)
#1397740 26.07.2026 13:10:03 : EVT WBSTORAGE : CACHE_DEFRAG (968->976, 24->24, 25)
#1397741 26.07.2026 13:10:03 : EVT WBSTORAGE : CACHE_DEFRAG (944->952, 24->24, 25)
#1397742 26.07.2026 13:10:04 : ERR WBMAIN : *0: app 661 Event 37 809c331f
#1397743 26.07.2026 13:10:04 : ERR WBMAIN : 1: mea 7 Wait 0 00000000
#1397744 26.07.2026 13:10:04 : ERR WBMAIN : 2: ui 76 Wait 0 00000000
#1397745 26.07.2026 13:10:04 : EVT APPLICATION : Zapp zwc05901:Disable
#1397746 26.07.2026 13:10:04 : EVT ANALYTICS : Zapp disabled i:4 h:ddb248f2 n:Vector classic
#1397747 26.07.2026 13:10:04 : EVT ANALYTICS : SleepQ:Tracking:On
#1397748 26.07.2026 13:10:04 : EVT ALTIFUSION : AltiBaroMode:0
#1397749 26.07.2026 13:10:04 : EVT ALTIFUSION : Init AltiBaro
#1397750 26.07.2026 13:10:04 : EVT WBSTORAGE : CACHE_DEFRAG (920->976, 24->24, 25)
#1397751 26.07.2026 13:10:04 : EVT WBSTORAGE : CACHE_DEFRAG (944->952, 24->24, 25)
#1397752 26.07.2026 13:10:04 : EVT WBSTORAGE : CACHE_DEFRAG (920->944, 24->24, 25)
#1397753 26.07.2026 13:10:04 : EVT UI_FRAMEWORK : JS nsto enable zapp: zzmoveen
#1397754 26.07.2026 13:10:04 : EVT UI_FRAMEWORK : JS nsto enable zapp: zzclimen
#1397755 26.07.2026 13:10:04 : EVT APPLICATION : Zapp zzmoveen:Load script
#1397756 26.07.2026 13:10:04 : EVT APPLICATION : Zapp zzmoveen:Enable
#1397757 26.07.2026 13:10:04 : EVT ANALYTICS : Zapp enabled i:6 h:7aac0887 n:zzmoveen v:8e0
#1397758 26.07.2026 13:10:04 : EVT UI_FRAMEWORK : evalFile: b:/zapp/zzmoveen.fea/ext1.js from ui
#1397759 26.07.2026 13:10:04 : EVT APPLICATION : Zapp clid:32878
#1397760 26.07.2026 13:10:04 : EVT APPLICATION : Zapp zzclimen:Enable
#1397761 26.07.2026 13:10:04 : EVT ANALYTICS : Zapp enabled i:0 h:22837ce3 n:zzclimen v:3.1
#1397762 26.07.2026 13:10:04 : EVT APPLICATION : Zapp clid:32880
#1397763 26.07.2026 13:10:04 : EVT UI_FRAMEWORK : JS nsto all zapps enabled.
#1397764 26.07.2026 13:10:04 : EVT UI_FRAMEWORK : JS Prestart Activity Id: 16.000
#1397765 26.07.2026 13:10:04 : WRN WBAPI : eID-662ac4(277): /Dive/Alarms/Acknowledge 404
#1397766 26.07.2026 13:10:04 : EVT WBSTORAGE : CACHE_DEFRAG (904->984, 24->24, 25)
#1397767 26.07.2026 13:10:04 : EVT WBSTORAGE : CACHE_DEFRAG (904->968, 24->24, 25)
#1397768 26.07.2026 13:10:04 : EVT WBSTORAGE : CACHE_DEFRAG (896->904, 24->24, 25)
#1397769 26.07.2026 13:10:04 : EVT WBSTORAGE : CACHE_DEFRAG (832->840, 24->24, 25)
#1397770 26.07.2026 13:10:05 : EVT WBSTORAGE : CACHE_DEFRAG (760->768, 24->24, 25)
#1397771 26.07.2026 13:10:05 : EVT BLE : BLE Sensor Link 4800180D Conn (--E-:00:1)
#1397772 26.07.2026 13:10:05 : WRN WBAPI : eID-662ac4(277): /Dive/TankPressure/Alarm/Count 404
#1397773 26.07.2026 13:10:05 : EVT SPEEDFUSION : INFO # start speed fusion
#1397774 26.07.2026 13:10:05 : EVT SPEEDFUSION : Act:16,Acc:0,BPod:0,FPod:0,PPod:0,BeltPod:1
#1397775 26.07.2026 13:10:05 : EVT SPEEDFUSION : INFO # Start algo without wrist acc
#1397776 26.07.2026 13:10:05 : EVT <Unknown> : Update pres sampl intrvl:1
#1397777 26.07.2026 13:10:05 : EVT OHR : S:start 0x21a3
#1397778 26.07.2026 13:10:06 : EVT BLE : DEV H connected
#1397779 26.07.2026 13:10:06 : TRC BLE : SVC H/F200 enabled
#1397780 26.07.2026 13:10:06 : EVT WBSTORAGE : CACHE_DEFRAG (744->904, 24->24, 25)
#1397781 26.07.2026 13:10:06 : TRC BLE : SVC H/180D enabled
#1397782 26.07.2026 13:10:06 : TRC BLE : HR connected (0 ms missing)
#1397783 26.07.2026 13:10:06 : EVT WBSTORAGE : CACHE_DEFRAG (832->840, 24->24, 25)
#1397784 26.07.2026 13:10:06 : EVT BLE : HR BlueBelt 2550100113 (1.1.0/F2. )
#1397785 26.07.2026 13:10:06 : EVT <Unknown> : 1785064208564:Meas start 0x21a3
#1397786 26.07.2026 13:10:06 : EVT BLE : report state:558548259
#1397787 26.07.2026 13:10:06 : EVT WBSTORAGE : CACHE_DEFRAG (824->904, 24->24, 25)
#1397788 26.07.2026 13:10:07 : EVT ANALYTICS : #FusHr src:1 time:0
#1397789 26.07.2026 13:10:07 : EVT OHR : S:start 0x20
#1397790 26.07.2026 13:10:07 : EVT BLE : HR RR done
#1397791 26.07.2026 13:10:07 : TRC BLE : HR belt slow conn
#1397792 26.07.2026 13:10:07 : EVT OHR : new HR update
#1397793 26.07.2026 13:10:07 : EVT <Unknown> : 1785064210448:Meas start 0x20
#1397794 26.07.2026 13:10:07 : EVT BLE : type 1 is conn, set
#1397795 26.07.2026 13:10:07 : EVT ANALYTICS : #FusHr src:1 time:0
#1397796 26.07.2026 13:10:08 : EVT WBSTORAGE : CACHE_DEFRAG (824->928, 24->24, 25)
#1397797 26.07.2026 13:10:08 : EVT WBSTORAGE : CACHE_DEFRAG (896->920, 24->24, 25)
#1397798 26.07.2026 13:10:08 : EVT TRAININGLAB : TLab:~Mode T 15337 + 3 A 4850 + 0
#1397799 26.07.2026 13:10:08 : EVT TRAININGLAB : TLab:Change mode 2->3
#1397800 26.07.2026 13:10:08 : EVT TRAININGLAB : TLab:Mode::userInfo 50, 200, 1, 37, 182, 950, 1990
#1397801 26.07.2026 13:10:08 : EVT LOGGER : Log space:31997260 bytes free
#1397802 26.07.2026 13:10:08 : EVT TRAININGLAB : ModeUnsub:2800
#1397803 26.07.2026 13:10:08 : EVT TRAININGLAB : ModeSub:9004
#1397804 26.07.2026 13:10:08 : EVT TRAININGLAB : TLab:Select input 0
#1397805 26.07.2026 13:10:08 : EVT TRAININGLAB : Tlab:HR src is 1
#1397806 26.07.2026 13:10:08 : EVT TRAININGLAB : TLab:Active input 0
#1397807 26.07.2026 13:10:08 : EVT WBSTORAGE : CACHE_DEFRAG (888->968, 24->24, 25)
#1397808 26.07.2026 13:10:08 : EVT LOGGER : Exercise started
#1397809 26.07.2026 13:10:08 : EVT BLE : HR RR on (558549724)
#1397810 26.07.2026 13:10:08 : TRC GPS : Full GNSS data subd l:0 c:802b0000
#1397811 26.07.2026 13:10:08 : EVT APPLICATION : Zapp zzmoveen:templ load:b:/zapp/zzmoveen.fea/t.xml
#1397812 26.07.2026 13:10:09 : TRC BLE : HR belt fast conn
#1397813 26.07.2026 13:10:09 : EVT APPLICATION : Zapp zzclimen:templ load:b:/zapp/zzclimen.fea/setup.xml
#1397814 26.07.2026 13:10:10 : EVT ANALYTICS : Battery-> 3 soc:37
#1397815 26.07.2026 13:10:10 : EVT ANALYTICS : #FusHr src:1 time:0
#1397816 26.07.2026 13:10:10 : EVT ANALYTICS : #Act id:16
#1397817 26.07.2026 13:10:10 : EVT ANALYTICS : #powersave mode:p temp:31.3
#1397818 26.07.2026 13:10:10 : EVT ANALYTICS : GPSMODE:NOTUSED
#1397819 26.07.2026 13:10:10 : EVT ANALYTICS : #gnss d:2026-07-26T00:00:00Z
#1397820 26.07.2026 13:10:10 : EVT ANALYTICS : #zapp n:Movement e:1
#1397821 26.07.2026 13:10:10 : EVT ANALYTICS : #zapp n:Climb Log e:1
#1397822 26.07.2026 13:10:12 : EVT OHR : No HR update, invalidate by timer
#1397823 26.07.2026 13:10:14 : EVT LOGGER : Exercise paused
#1397824 26.07.2026 13:10:14 : WRN WBAPI : eID-662ac4(277): /Dive/Alarms/Acknowledge 404
#1397825 26.07.2026 13:10:14 : WRN WBAPI : eID-662ac4(277): /Settings/General/BacklightForced 404
#1397826 26.07.2026 13:10:15 : EVT ANALYTICS : #ws AID:16 BM:1 NS:0 SP:2 ZN:0 TG:0 GPS:0
#1397827 26.07.2026 13:10:15 : EVT ANALYTICS : #2ws AID:16 WHR:1 INT:0 AL:0 AP:0 FE:1 MC:1 TH:0
#1397828 26.07.2026 13:10:16 : EVT APPLICATION : Zapp zzmoveen:Disable
#1397829 26.07.2026 13:10:16 : EVT ANALYTICS : Zapp disabled i:6 h:7aac0887 n:Movement
#1397830 26.07.2026 13:10:16 : EVT UI_FRAMEWORK : evalFile: b:/zapp/zzmoveen.fea/ext2.js from ui
#1397831 26.07.2026 13:10:16 : EVT UI_FRAMEWORK : JS discard disable zapps
#1397832 26.07.2026 13:10:16 : EVT UI_FRAMEWORK : JS will discard
#1397833 26.07.2026 13:10:16 : EVT SPEEDFUSION : INFO # stop speed fusion
#1397834 26.07.2026 13:10:16 : EVT BRIGHTNESS : Custom state pwr:[-1,-1] bri:[-1.00,-1.00]
#1397835 26.07.2026 13:10:16 : EVT <Unknown> : Update pres sampl intrvl:5
#1397836 26.07.2026 13:10:16 : WRN APPLICATION : discard hrr meas l:3 d:0 sh:97 mh:97 v:0
#1397837 26.07.2026 13:10:16 : WRN WBAPI : eID-66abdc(583/65535): 404
#1397838 26.07.2026 13:10:16 : EVT TRAININGZONE : User Define Mode:5
#1397839 26.07.2026 13:10:16 : EVT TRAININGZONE : Tss HR:0.06
#1397840 26.07.2026 13:10:16 : EVT TRAININGZONE : A:16,Tss:[-200.00,-200.00,-200.00,0.06]
#1397841 26.07.2026 13:10:16 : EVT ANALYTICS : WAOae:Activity WAOae:16
#1397842 26.07.2026 13:10:16 : EVT ANALYTICS : WAOae:TotalAcc WAOae:0,0,0
#1397843 26.07.2026 13:10:16 : EVT ANALYTICS : WAOae:AccCount WAOae:0,0,0
#1397844 26.07.2026 13:10:16 : EVT ANALYTICS : WAOae:Distance WAOae:0,0,0
#1397845 26.07.2026 13:10:16 : EVT ANALYTICS : WAOae:Duration WAOae:0,0,0
#1397846 26.07.2026 13:10:16 : EVT ANALYTICS : WAOae:Coeff WAOae:0,40,164,314,773,7524,7624
#1397847 26.07.2026 13:10:16 : EVT LOGGER : Exercise stopped
#1397848 26.07.2026 13:10:16 : EVT BLE : HR RR off (558557943, 4000 ms missing)
#1397849 26.07.2026 13:10:16 : EVT LOGGER : HrIbiLogger stop, wait (4219 ms)
#1397850 26.07.2026 13:10:16 : TRC GPS : Unsubd c:802b0000
#1397851 26.07.2026 13:10:16 : EVT WBSTORAGE : CACHE_DEFRAG (936->1040, 24->24, 25)
#1397852 26.07.2026 13:10:16 : EVT ANALYTICS : SleepQ:Tracking:On
#1397853 26.07.2026 13:10:16 : WRN LOGGER : feeling: not save sum,f:119,got:1
#1397854 26.07.2026 13:10:18 : EVT BLE : HR RR done
#1397855 26.07.2026 13:10:18 : TRC BLE : HR belt slow conn
#1397856 26.07.2026 13:10:18 : EVT TRAININGLAB : AppFeature Vo2Max 0.000000
#1397857 26.07.2026 13:10:18 : EVT TRAININGLAB : TLab:~Mode T 15340 + 1 A 4850 + 0
#1397858 26.07.2026 13:10:18 : EVT TRAININGLAB : TLab:Change mode 3->2
#1397859 26.07.2026 13:10:18 : EVT TRAININGLAB : TLab:Mode::userInfo 50, 200, 1, 37, 182, 950, 1990
#1397860 26.07.2026 13:10:18 : EVT LOGGER : LGR 934, 80
#1397861 26.07.2026 13:10:18 : EVT TRAININGLAB : ModeUnsub:91C5
#1397862 26.07.2026 13:10:18 : EVT TRAININGLAB : ModeSub:0400
#1397863 26.07.2026 13:10:18 : EVT LOGGER : HrIbiLogger stopped (8219 ms)
#1397864 26.07.2026 13:10:18 : EVT LOGGER : LGR 934, 80
#1397865 26.07.2026 13:10:18 : EVT LOGGER : Wr dpc on
#1397866 26.07.2026 13:10:18 : EVT LOGGER : LGR 20993, 56
#1397867 26.07.2026 13:10:18 : EVT WBSTORAGE : CACHE_DEFRAG (1016->1040, 24->24, 25)
#1397868 26.07.2026 13:10:18 : EVT WBSTORAGE : CACHE_DEFRAG (1024->1032, 24->24, 25)
#1397869 26.07.2026 13:10:18 : EVT WBSTORAGE : CACHE_DEFRAG (1016->1024, 24->24, 25)
#1397870 26.07.2026 13:10:18 : EVT WBSTORAGE : CACHE_DEFRAG (1008->1016, 24->24, 25)
#1397871 26.07.2026 13:10:19 : EVT WBSTORAGE : CACHE_DEFRAG (1000->1040, 24->24, 25)
#1397872 26.07.2026 13:10:19 : EVT SPEEDFUSION : INFO # IDLE mode(-1) set
#1397873 26.07.2026 13:10:19 : EVT ALTIFUSION : AltiBaroMode:2
#1397874 26.07.2026 13:10:19 : ERR WBMAIN : *0: app 863 Event 28 802c400e
#1397875 26.07.2026 13:10:19 : ERR WBMAIN : 1: mea 1 Wait 0 00000000
#1397876 26.07.2026 13:10:19 : ERR WBMAIN : 2: ui 9 Proc 0 00000000
#1397877 26.07.2026 13:10:19 : EVT OHR : S:start 0x2123
#1397878 26.07.2026 13:10:19 : EVT ANALYTICS : #powersave mode:p temp:31.3
#1397879 26.07.2026 13:10:19 : EVT ANALYTICS : Battery-> 4 soc:37
#1397880 26.07.2026 13:10:19 : EVT WBSTORAGE : CACHE_DEFRAG (1016->1024, 24->24, 25)
#1397881 26.07.2026 13:10:19 : EVT BLE : Disconn sensor:1
#1397882 26.07.2026 13:10:19 : EVT BLE : BLE Sensor Link 4800180D Disc (L-E-:25:0)
#1397883 26.07.2026 13:10:19 : WRN BLE : sendDisconnect 6157
#1397884 26.07.2026 13:10:19 : ERR BLE : [AURA]Filter with handle 72 not found
#1397885 26.07.2026 13:10:19 : EVT <Unknown> : 1785064222241:Meas start 0x2123
#1397886 26.07.2026 13:10:19 : TRC BLE : SVC H/180D disabled
#1397887 26.07.2026 13:10:19 : TRC BLE : SVC H/F200 disabled
#1397888 26.07.2026 13:10:19 : EVT BLE : DEV H disconnected
#1397889 26.07.2026 13:10:19 : EVT WBSTORAGE : CACHE_DEFRAG (1008->1016, 24->24, 25)
#1397890 26.07.2026 13:10:19 : EVT WBSTORAGE : CACHE_DEFRAG (944->952, 24->24, 25)
#1397891 26.07.2026 13:10:19 : EVT BLE : report state:558561377
#1397892 26.07.2026 13:10:22 : EVT UI_FRAMEWORK : JS discard
#1397893 26.07.2026 13:10:22 : WRN LOGGER : Delete b:logs/6A65EB10
#1397894 26.07.2026 13:10:24 : EVT WBSTORAGE : CACHE_DEFRAG (880->888, 24->24, 25)
#1397895 26.07.2026 13:10:24 : EVT APPLICATION : Zapp zwc05901:Load script
#1397896 26.07.2026 13:10:24 : EVT APPLICATION : Zapp zwc05901:Enable
#1397897 26.07.2026 13:10:24 : EVT ANALYTICS : Zapp enabled i:4 h:ddb248f2 n:zwc05901 v:124f
#1397898 26.07.2026 13:10:24 : EVT APPLICATION : Zapp zwc05901:templ load:b:/zapp/zwc05901.wfa/wf.xml
#1397899 26.07.2026 13:10:24 : WRN WBAPI : eID-662ac4(277): /Weather/Current/ValidWeatherData.temp 
#1397900 26.07.2026 13:10:28 : EVT WBSTORAGE : CACHE_DEFRAG (760->896, 24->24, 25)
#1397901 26.07.2026 13:10:28 : EVT WBSTORAGE : CACHE_DEFRAG (816->968, 24->24, 25)
#1397902 26.07.2026 13:10:28 : EVT ALTIFUSION : AltiBaroMode:0
#1397903 26.07.2026 13:10:28 : EVT ALTIFUSION : Init AltiBaro
#1397904 26.07.2026 13:10:28 : EVT WBSTORAGE : CACHE_DEFRAG (944->952, 24->24, 25)
#1397905 26.07.2026 13:10:28 : EVT WBSTORAGE : CACHE_DEFRAG (920->928, 24->24, 25)
#1397906 26.07.2026 13:10:28 : EVT WBSTORAGE : CACHE_DEFRAG (896->968, 24->24, 25)
#1397907 26.07.2026 13:10:28 : ERR WBMAIN : *0: app 725 Event 37 809c331f
#1397908 26.07.2026 13:10:28 : ERR WBMAIN : 1: mea 9 Wait 0 00000000
#1397909 26.07.2026 13:10:28 : ERR WBMAIN : 2: ui 18 Wait 0 00000000
#1397910 26.07.2026 13:10:28 : EVT APPLICATION : Zapp zwc05901:Disable
#1397911 26.07.2026 13:10:28 : EVT ANALYTICS : Zapp disabled i:4 h:ddb248f2 n:Vector classic
#1397912 26.07.2026 13:10:29 : EVT ANALYTICS : SleepQ:Tracking:On
#1397913 26.07.2026 13:10:29 : EVT ALTIFUSION : AltiBaroMode:0
#1397914 26.07.2026 13:10:29 : EVT ALTIFUSION : Init AltiBaro
#1397915 26.07.2026 13:10:29 : EVT WBSTORAGE : CACHE_DEFRAG (936->968, 24->24, 25)
#1397916 26.07.2026 13:10:29 : EVT UI_FRAMEWORK : JS nsto enable zapp: zzmoveen
#1397917 26.07.2026 13:10:29 : EVT UI_FRAMEWORK : JS nsto enable zapp: zzclimen
#1397918 26.07.2026 13:10:29 : EVT APPLICATION : Zapp zzmoveen:Load script
#1397919 26.07.2026 13:10:29 : EVT APPLICATION : Zapp zzmoveen:Enable
#1397920 26.07.2026 13:10:29 : EVT ANALYTICS : Zapp enabled i:6 h:7aac0887 n:zzmoveen v:8e0
#1397921 26.07.2026 13:10:29 : EVT UI_FRAMEWORK : evalFile: b:/zapp/zzmoveen.fea/ext1.js from ui
#1397922 26.07.2026 13:10:29 : EVT APPLICATION : Zapp clid:32878
#1397923 26.07.2026 13:10:29 : EVT APPLICATION : Zapp zzclimen:Enable
#1397924 26.07.2026 13:10:29 : EVT ANALYTICS : Zapp enabled i:0 h:22837ce3 n:zzclimen v:3.1
#1397925 26.07.2026 13:10:29 : EVT APPLICATION : Zapp clid:32880
#1397926 26.07.2026 13:10:29 : EVT UI_FRAMEWORK : JS nsto all zapps enabled.
#1397927 26.07.2026 13:10:29 : EVT UI_FRAMEWORK : JS Prestart Activity Id: 16.000
#1397928 26.07.2026 13:10:29 : WRN WBAPI : eID-662ac4(277): /Dive/Alarms/Acknowledge 404
#1397929 26.07.2026 13:10:29 : EVT WBSTORAGE : CACHE_DEFRAG (928->1008, 24->24, 25)
#1397930 26.07.2026 13:10:29 : EVT WBSTORAGE : CACHE_DEFRAG (928->936, 24->24, 25)
#1397931 26.07.2026 13:10:29 : EVT WBSTORAGE : CACHE_DEFRAG (864->872, 24->24, 25)
#1397932 26.07.2026 13:10:29 : EVT WBSTORAGE : CACHE_DEFRAG (800->808, 24->24, 25)
#1397933 26.07.2026 13:10:29 : EVT BLE : BLE Sensor Link 4800180D Conn (--E-:00:1)
#1397934 26.07.2026 13:10:30 : WRN WBAPI : eID-662ac4(277): /Dive/TankPressure/Alarm/Count 404
#1397935 26.07.2026 13:10:30 : EVT SPEEDFUSION : INFO # start speed fusion
#1397936 26.07.2026 13:10:30 : EVT SPEEDFUSION : Act:16,Acc:0,BPod:0,FPod:0,PPod:0,BeltPod:1
#1397937 26.07.2026 13:10:30 : EVT SPEEDFUSION : INFO # Start algo without wrist acc
#1397938 26.07.2026 13:10:30 : EVT <Unknown> : Update pres sampl intrvl:1
#1397939 26.07.2026 13:10:30 : EVT OHR : S:start 0x21a3
#1397940 26.07.2026 13:10:30 : EVT <Unknown> : 1785064233292:Meas start 0x21a3
#1397941 26.07.2026 13:10:30 : EVT BLE : DEV H connected
#1397942 26.07.2026 13:10:30 : EVT WBSTORAGE : CACHE_DEFRAG (728->1024, 24->24, 25)
#1397943 26.07.2026 13:10:30 : TRC BLE : SVC H/F200 enabled
#1397944 26.07.2026 13:10:30 : TRC BLE : SVC H/180D enabled
#1397945 26.07.2026 13:10:30 : EVT WBSTORAGE : CACHE_DEFRAG (960->968, 24->24, 25)
#1397946 26.07.2026 13:10:30 : TRC BLE : HR connected (0 ms missing)
#1397947 26.07.2026 13:10:30 : EVT WBSTORAGE : CACHE_DEFRAG (896->904, 24->24, 25)
#1397948 26.07.2026 13:10:30 : EVT WBSTORAGE : CACHE_DEFRAG (832->840, 24->24, 25)
#1397949 26.07.2026 13:10:30 : EVT BLE : HR BlueBelt 2550100113 (1.1.0/F2. )
#1397950 26.07.2026 13:10:30 : EVT BLE : report state:558572347
#1397951 26.07.2026 13:10:30 : EVT WBSTORAGE : CACHE_DEFRAG (824->848, 24->24, 25)
#1397952 26.07.2026 13:10:31 : EVT BLE : HR RR done
#1397953 26.07.2026 13:10:31 : TRC BLE : HR belt slow conn
#1397954 26.07.2026 13:10:31 : EVT TRAININGLAB : TLab:~Mode T 15341 + 2 A 4850 + 0
#1397955 26.07.2026 13:10:31 : EVT TRAININGLAB : TLab:Change mode 2->3
#1397956 26.07.2026 13:10:31 : EVT TRAININGLAB : TLab:Mode::userInfo 50, 200, 1, 37, 182, 950, 1990
#1397957 26.07.2026 13:10:31 : EVT LOGGER : Log space:31997260 bytes free
#1397958 26.07.2026 13:10:31 : EVT TRAININGLAB : ModeUnsub:2800
#1397959 26.07.2026 13:10:31 : EVT TRAININGLAB : ModeSub:9004
#1397960 26.07.2026 13:10:31 : EVT TRAININGLAB : TLab:Select input 0
#1397961 26.07.2026 13:10:31 : EVT TRAININGLAB : TLab:Active input 0
#1397962 26.07.2026 13:10:31 : EVT WBSTORAGE : CACHE_DEFRAG (768->968, 24->24, 25)
#1397963 26.07.2026 13:10:31 : EVT LOGGER : Exercise started
#1397964 26.07.2026 13:10:31 : EVT BLE : HR RR on (558573256)
#1397965 26.07.2026 13:10:31 : EVT ANALYTICS : #FusHr src:1 time:59
#1397966 26.07.2026 13:10:31 : EVT OHR : S:start 0x20
#1397967 26.07.2026 13:10:31 : EVT TRAININGLAB : Tlab:HR src is 1
#1397968 26.07.2026 13:10:31 : EVT ANALYTICS : #FusHr src:1 time:0
#1397969 26.07.2026 13:10:31 : TRC GPS : Full GNSS data subd l:0 c:802b0000
#1397970 26.07.2026 13:10:31 : EVT WBSTORAGE : CACHE_DEFRAG (936->1024, 24->24, 25)
#1397971 26.07.2026 13:10:31 : EVT BLE : type 1 is conn, set
#1397972 26.07.2026 13:10:32 : EVT APPLICATION : Zapp zzmoveen:templ load:b:/zapp/zzmoveen.fea/t.xml
#1397973 26.07.2026 13:10:32 : EVT OHR : new HR update
#1397974 26.07.2026 13:10:32 : EVT <Unknown> : 1785064234776:Meas start 0x20
#1397975 26.07.2026 13:10:32 : EVT APPLICATION : Zapp zzclimen:templ load:b:/zapp/zzclimen.fea/setup.xml
#1397976 26.07.2026 13:10:32 : TRC BLE : HR belt fast conn
#1397977 26.07.2026 13:10:33 : EVT ANALYTICS : Battery-> 3 soc:37
#1397978 26.07.2026 13:10:33 : EVT ANALYTICS : #FusHr src:1 time:0
#1397979 26.07.2026 13:10:33 : EVT ANALYTICS : #Act id:16
#1397980 26.07.2026 13:10:33 : EVT ANALYTICS : #powersave mode:p temp:31.4
#1397981 26.07.2026 13:10:33 : EVT ANALYTICS : GPSMODE:NOTUSED
#1397982 26.07.2026 13:10:33 : EVT ANALYTICS : #gnss d:2026-07-26T00:00:00Z
#1397983 26.07.2026 13:10:33 : EVT ANALYTICS : #zapp n:Movement e:1
#1397984 26.07.2026 13:10:33 : EVT ANALYTICS : #zapp n:Climb Log e:1
#1397985 26.07.2026 13:10:37 : EVT OHR : No HR update, invalidate by timer
#1397986 26.07.2026 13:10:39 : EVT ANALYTICS : #ws AID:16 BM:1 NS:0 SP:2 ZN:0 TG:0 GPS:0
#1397987 26.07.2026 13:10:39 : EVT ANALYTICS : #2ws AID:16 WHR:1 INT:0 AL:0 AP:0 FE:1 MC:1 TH:0
#1397988 26.07.2026 13:10:49 : TRC BLE : HR belt slow conn
#1397989 26.07.2026 13:11:00 : EVT SEDENTARY : stop monitoring
#1397990 26.07.2026 13:12:33 : TRC APPLICATION : Notification n-act-e-tdy not allowed (5 < 150)
#1397991 26.07.2026 13:19:30 : EVT ANALYTICS : Weather sync TO
#1397992 26.07.2026 13:19:50 : TRC FUEL_GAUGE : batFgLevel cur:36%, prev:37%
#1397993 26.07.2026 13:20:00 : ERR WBMAIN : *0: app 513 Event 24 808b2700
#1397994 26.07.2026 13:20:00 : ERR WBMAIN : 1: mea 0 Event 3 808b1701
#1397995 26.07.2026 13:20:00 : ERR WBMAIN : 2: ui 79 Wait 0 00000000
#1397996 26.07.2026 13:20:16 : EVT <Unknown> : 1785064819445:Off Skin Set.
#1397997 26.07.2026 13:20:18 : EVT <Unknown> : 1785064820572:On Skin Set.
#1397998 26.07.2026 13:21:10 : EVT <Unknown> : 1785064872611:Off Skin Set.
#1397999 26.07.2026 13:21:10 : EVT <Unknown> : 1785064873237:On Skin Set.
#1398000 26.07.2026 13:22:56 : TRC BLE : SVC M/F000 enabled
#1398001 26.07.2026 13:22:56 : EVT BLE : DEV M connected
#1398002 26.07.2026 13:22:56 : EVT WBCOMM : P-9 connection made to ECSD00000003
#1398003 26.07.2026 13:22:56 : EVT WBCOMM : New Route: ECSD00000003
#1398004 26.07.2026 13:22:57 : EVT APPLICATION : MCP:remote resources mapped
#1398005 26.07.2026 13:23:02 : EVT ANALYTICS : #sf R:5 A:Xiamen-fw_2.56.18.31896-V-a8f49e99
#1398006 26.07.2026 13:23:03 : EVT ANALYTICS : #sf R:5 A:Xiamen-fw_2.56.18.31896-V-a8f49e99
#1398007 26.07.2026 13:23:04 : EVT WBSTORAGE : CACHE_DEFRAG (944->1032, 24->24, 25)
#1398008 26.07.2026 13:23:08 : EVT ANALYTICS : Weather sync ok d:1020 f:1
#1398009 26.07.2026 13:23:08 : EVT WBSTORAGE : CACHE_DEFRAG (976->984, 24->24, 25)
#1398010 26.07.2026 13:23:08 : EVT ANALYTICS : synced city:Winterthur
#1398011 26.07.2026 13:23:08 : EVT GPS : Last known coordinate:lat:474889078, lon:87047456
#1398012 26.07.2026 13:23:08 : EVT ANALYTICS : Weather sync ok d:0 f:0
#1398013 26.07.2026 13:23:08 : EVT ANALYTICS : synced city:Winterthur
#1398014 26.07.2026 13:23:08 : EVT GPS : Last known coordinate:lat:474889078, lon:87047456
#1398015 26.07.2026 13:27:43 : TRC APPLICATION : Notification n-act-e-tdy not allowed (5 < 150)
#1398016 26.07.2026 13:27:52 : EVT LOGGER : Exercise paused
#1398017 26.07.2026 13:27:52 : WRN WBAPI : eID-662ac4(277): /Dive/Alarms/Acknowledge 404
#1398018 26.07.2026 13:27:53 : WRN WBAPI : eID-662ac4(277): /Settings/General/BacklightForced 404
#1398019 26.07.2026 13:27:54 : EVT APPLICATION : Zapp zzmoveen:Disable
#1398020 26.07.2026 13:27:54 : EVT ANALYTICS : Zapp disabled i:6 h:7aac0887 n:Movement
#1398021 26.07.2026 13:27:54 : EVT UI_FRAMEWORK : evalFile: b:/zapp/zzmoveen.fea/ext2.js from ui
#1398022 26.07.2026 13:27:54 : EVT UI_FRAMEWORK : JS discard disable zapps
#1398023 26.07.2026 13:27:54 : EVT UI_FRAMEWORK : JS will discard
#1398024 26.07.2026 13:27:54 : EVT SPEEDFUSION : INFO # stop speed fusion
#1398025 26.07.2026 13:27:54 : EVT BRIGHTNESS : Custom state pwr:[-1,-1] bri:[-1.00,-1.00]
#1398026 26.07.2026 13:27:54 : EVT <Unknown> : Update pres sampl intrvl:5
#1398027 26.07.2026 13:27:54 : WRN APPLICATION : discard hrr meas l:3 d:0 sh:137 mh:137 v:0
#1398028 26.07.2026 13:27:54 : WRN WBAPI : eID-66abdc(583/65535): 404
#1398029 26.07.2026 13:27:54 : EVT TRAININGZONE : User Define Mode:5
#1398030 26.07.2026 13:27:54 : EVT TRAININGZONE : Tss HR:10.88
#1398031 26.07.2026 13:27:54 : EVT TRAININGZONE : A:16,Tss:[-200.00,-200.00,-200.00,10.88]
#1398032 26.07.2026 13:27:54 : EVT ANALYTICS : WAOae:Activity WAOae:16
#1398033 26.07.2026 13:27:54 : EVT ANALYTICS : WAOae:TotalAcc WAOae:0,0,0
#1398034 26.07.2026 13:27:54 : EVT ANALYTICS : WAOae:AccCount WAOae:0,0,0
#1398035 26.07.2026 13:27:54 : EVT ANALYTICS : WAOae:Distance WAOae:0,0,0
#1398036 26.07.2026 13:27:54 : EVT ANALYTICS : WAOae:Duration WAOae:0,0,0
#1398037 26.07.2026 13:27:54 : EVT ANALYTICS : WAOae:Coeff WAOae:0,40,164,314,773,7524,7624
#1398038 26.07.2026 13:27:54 : EVT LOGGER : Exercise stopped
#1398039 26.07.2026 13:27:54 : EVT BLE : HR RR off (559616225, 2937 ms missing)
#1398040 26.07.2026 13:27:54 : EVT LOGGER : HrIbiLogger stop, wait (1040032 ms)
#1398041 26.07.2026 13:27:54 : TRC GPS : Unsubd c:802b0000
#1398042 26.07.2026 13:27:54 : EVT ANALYTICS : SleepQ:Tracking:On
#1398043 26.07.2026 13:27:55 : TRC BLE : HR belt fast conn
#1398044 26.07.2026 13:27:56 : EVT ANALYTICS : #powersave mode:p temp:30.2
#1398045 26.07.2026 13:27:56 : EVT ANALYTICS : Battery-> 4 soc:36
#1398046 26.07.2026 13:27:57 : EVT UI_FRAMEWORK : JS feeling vs idle 1
#1398047 26.07.2026 13:27:57 : EVT WBSTORAGE : CACHE_DEFRAG (912->1016, 24->24, 25)
#1398048 26.07.2026 13:27:57 : EVT UI_FRAMEWORK : JS feeling open ex-saving
#1398049 26.07.2026 13:27:57 : WRN LOGGER : feeling: not save sum,f:119,got:1
#1398050 26.07.2026 13:27:57 : WRN WBAPI : eID-662ac4(277): /Activity/Log/-1/Move/-1/DynamicApneaDi
#1398051 26.07.2026 13:27:57 : EVT BLE : HR RR done
#1398052 26.07.2026 13:27:57 : TRC BLE : HR belt slow conn
#1398053 26.07.2026 13:27:57 : EVT TRAININGLAB : AppFeature Vo2Max 0.000000
#1398054 26.07.2026 13:27:57 : EVT TRAININGLAB : TLab:~Mode T 15343 + 1300 A 4850 + 1070
#1398055 26.07.2026 13:27:57 : EVT TRAININGLAB : TLab:Change mode 3->2
#1398056 26.07.2026 13:27:57 : EVT TRAININGLAB : TLab:Mode::userInfo 50, 200, 1, 37, 182, 950, 1990
#1398057 26.07.2026 13:27:57 : EVT LOGGER : LGR 934, 80
#1398058 26.07.2026 13:27:57 : EVT TRAININGLAB : ModeUnsub:91C5
#1398059 26.07.2026 13:27:57 : EVT TRAININGLAB : ModeSub:0400
#1398060 26.07.2026 13:27:57 : EVT LOGGER : HrIbiLogger stopped (1042969 ms)
#1398061 26.07.2026 13:27:57 : EVT LOGGER : LGR 934, 80
#1398062 26.07.2026 13:27:57 : EVT LOGGER : Wr dpc on
#1398063 26.07.2026 13:27:57 : EVT LOGGER : LGR 20993, 56
#1398064 26.07.2026 13:27:58 : EVT WBSTORAGE : CACHE_DEFRAG (776->1040, 24->24, 25)
#1398065 26.07.2026 13:27:58 : EVT WBSTORAGE : CACHE_DEFRAG (1024->1032, 24->24, 25)
#1398066 26.07.2026 13:27:58 : EVT WBSTORAGE : CACHE_DEFRAG (1016->1024, 24->24, 25)
#1398067 26.07.2026 13:27:58 : EVT WBSTORAGE : CACHE_DEFRAG (1008->1016, 24->24, 25)
#1398068 26.07.2026 13:27:58 : EVT WBSTORAGE : CACHE_DEFRAG (1000->1040, 24->24, 25)
#1398069 26.07.2026 13:27:58 : EVT SPEEDFUSION : INFO # IDLE mode(-1) set
#1398070 26.07.2026 13:27:58 : EVT ALTIFUSION : AltiBaroMode:2
#1398071 26.07.2026 13:27:58 : ERR WBMAIN : *0: app 1064 Event 28 802c400e
#1398072 26.07.2026 13:27:58 : ERR WBMAIN : 1: mea 0 Wait 0 00000000
#1398073 26.07.2026 13:27:58 : ERR WBMAIN : 2: ui 11 Proc 0 00000000
#1398074 26.07.2026 13:27:58 : EVT WBSTORAGE : CACHE_DEFRAG (1016->1024, 24->24, 25)
#1398075 26.07.2026 13:27:58 : EVT BLE : Disconn sensor:1
#1398076 26.07.2026 13:27:58 : EVT BLE : BLE Sensor Link 4800180D Disc (L-E-:25:0)
#1398077 26.07.2026 13:27:58 : WRN BLE : sendDisconnect 6157
#1398078 26.07.2026 13:27:58 : ERR BLE : [AURA]Filter with handle 72 not found
#1398079 26.07.2026 13:27:58 : EVT OHR : S:start 0x2123
#1398080 26.07.2026 13:27:58 : TRC BLE : SVC H/180D disabled
#1398081 26.07.2026 13:27:58 : TRC BLE : SVC H/F200 disabled
#1398082 26.07.2026 13:27:58 : EVT BLE : DEV H disconnected
#1398083 26.07.2026 13:27:59 : EVT WBSTORAGE : CACHE_DEFRAG (1008->1016, 24->24, 25)
#1398084 26.07.2026 13:27:59 : EVT WBSTORAGE : CACHE_DEFRAG (944->952, 24->24, 25)
#1398085 26.07.2026 13:27:59 : EVT BLE : report state:559620721
#1398086 26.07.2026 13:27:59 : EVT <Unknown> : 1785065281633:Meas start 0x2123
#1398087 26.07.2026 13:27:59 : EVT <Unknown> : 1785065281634:xiaomi reset t:504467333923/503420475982
#1398088 26.07.2026 13:28:01 : EVT ANALYTICS : Duration ExSaving:4610
#1398089 26.07.2026 13:28:02 : EVT ANALYTICS : Duration ExSumBroker:437
#1398090 26.07.2026 13:28:03 : ERR <Unknown> : 1785065285675:Mi invalid call:100,code:0.
#1398091 26.07.2026 13:28:03 : EVT OHR : No HR update, invalidate by timer
#1398092 26.07.2026 13:28:17 : EVT OHR : new HR update
#1398093 26.07.2026 13:28:41 : EVT <Unknown> : 1785065324503:SCD DET STATE ON.
#1398094 26.07.2026 13:29:11 : EVT APPLICATION : Zapp zwc05901:Load script
#1398095 26.07.2026 13:29:11 : EVT APPLICATION : Zapp zwc05901:Enable
#1398096 26.07.2026 13:29:11 : EVT ANALYTICS : Zapp enabled i:4 h:ddb248f2 n:zwc05901 v:124f
#1398097 26.07.2026 13:29:11 : EVT APPLICATION : Zapp zwc05901:templ load:b:/zapp/zwc05901.wfa/wf.xml
#1398098 26.07.2026 13:29:11 : WRN WBAPI : eID-662ac4(277): /Weather/Current/ValidWeatherData.temp 
#1398099 26.07.2026 13:29:12 : EVT TRAININGZONE : Update TSS:10.88
#1398100 26.07.2026 13:29:12 : EVT APPLICATION : Zapp zwc05901:templ load:b:/zapp/zwc05901.wfa/wf.xml
#1398101 26.07.2026 13:29:12 : WRN WBAPI : eID-662ac4(277): /Weather/Current/ValidWeatherData.temp 
#1398102 26.07.2026 13:29:12 : EVT WBSTORAGE : CACHE_DEFRAG (880->1040, 24->24, 25)
#1398103 26.07.2026 13:29:13 : EVT ANALYTICS : Sync start
#1398104 26.07.2026 13:29:14 : EVT ANALYTICS : #sf R:5 A:Xiamen-fw_2.56.18.31896-V-a8f49e99
#1398105 26.07.2026 13:29:22 : EVT ANALYTICS : #sf R:5 A:Xiamen-fw_2.56.18.31896-V-a8f49e99
#1398106 26.07.2026 13:29:23 : EVT WBSTORAGE : CACHE_DEFRAG (912->920, 24->24, 25)
#1398107 26.07.2026 13:29:23 : EVT WBSTORAGE : CACHE_DEFRAG (680->688, 24->24, 25)
#1398108 26.07.2026 13:29:23 : EVT WBSTORAGE : CACHE_DEFRAG (672->680, 24->24, 25)
#1398109 26.07.2026 13:29:23 : EVT ANALYTICS : #sf R:5 A:Xiamen-fw_2.56.18.31896-V-a8f49e99
#1398110 26.07.2026 13:29:27 : EVT ANALYTICS : #sf R:5 A:Xiamen-fw_2.56.18.31896-V-a8f49e99
#1398111 26.07.2026 13:30:00 : ERR WBMAIN : *0: app 767 Event 24 808b2700
#1398112 26.07.2026 13:30:00 : ERR WBMAIN : 1: mea 1 Wait 0 00000000
#1398113 26.07.2026 13:30:00 : ERR WBMAIN : 2: ui 0 Wait 0 00000000
#1398114 26.07.2026 13:30:12 : EVT APPLICATION : Zapp zwc05901:templ load:b:/zapp/zwc05901.wfa/wf-lowp-q.
#1398115 26.07.2026 13:37:05 : EVT APPLICATION : Zapp zwc05901:templ load:b:/zapp/zwc05901.wfa/wf-lowp-q.
#1398116 26.07.2026 13:38:35 : EVT APPLICATION : Zapp zwc05901:templ load:b:/zapp/zwc05901.wfa/wf-lowp-q.
#1398117 26.07.2026 13:39:56 : EVT APPLICATION : Zapp zwc05901:templ load:b:/zapp/zwc05901.wfa/wf-lowp-q.
#1398118 26.07.2026 13:40:54 : TRC FUEL_GAUGE : Batt: 3824 mV (raw: 3824) soc: 36 %, T: 32.2 C,H:103
#1398119 26.07.2026 13:41:22 : EVT APPLICATION : Zapp zwc05901:templ load:b:/zapp/zwc05901.wfa/wf-lowp-q.
#1398120 26.07.2026 13:42:22 : EVT APPLICATION : Zapp zwc05901:templ load:b:/zapp/zwc05901.wfa/wf-lowp-q.
#1398121 26.07.2026 13:45:00 : TRC APPLICATION : Notification n-act-e-tdy not allowed (5 < 10)
#1398122 26.07.2026 13:45:19 : EVT APPLICATION : Zapp zwc05901:templ load:b:/zapp/zwc05901.wfa/wf-lowp-q.
#1398123 26.07.2026 13:46:06 : ERR WBMAIN : *0: app 1261 Event 24 808b2700
#1398124 26.07.2026 13:46:06 : ERR WBMAIN : 1: mea 0 Wait 0 00000000
#1398125 26.07.2026 13:46:06 : ERR WBMAIN : 2: ui 4 Event 24 809c2903
#1398126 26.07.2026 13:46:21 : EVT APPLICATION : Zapp zwc05901:templ load:b:/zapp/zwc05901.wfa/wf-lowp-q.
#1398127 26.07.2026 13:46:50 : TRC SETTINGS : UTC:1785066408|60 DST:1|120|1774746000|1792890000
#1398128 26.07.2026 13:46:50 : TRC SETTINGS : TMZ:|Europe/Zurich|
#1398129 26.07.2026 13:46:52 : ERR WBMAIN : *0: app 1003 Event 36 80005311
#1398130 26.07.2026 13:46:52 : ERR WBMAIN : 1: mea 18 Wait 0 00000000
#1398131 26.07.2026 13:46:52 : ERR WBMAIN : 2: ui 4 Wait 0 00000000
#1398132 26.07.2026 13:46:52 : EVT ANALYTICS : Sync start
#1398133 26.07.2026 13:47:17 : EVT WBSTORAGE : CACHE_DEFRAG (672->984, 24->24, 25)
#1398134 26.07.2026 13:47:19 : EVT ANALYTICS : Weather sync ok d:1440 f:0
#1398135 26.07.2026 13:47:19 : EVT WBSTORAGE : CACHE_DEFRAG (928->992, 24->24, 25)
#1398136 26.07.2026 13:47:19 : EVT ANALYTICS : synced city:Winterthur
#1398137 26.07.2026 13:47:19 : EVT GPS : Last known coordinate:lat:474941938, lon:87132250
#1398138 26.07.2026 13:47:20 : EVT WBSTORAGE : CACHE_DEFRAG (920->928, 24->24, 25)
#1398139 26.07.2026 13:47:25 : EVT ANALYTICS : #sf R:5 A:Xiamen-fw_2.56.18.31896-V-a8f49e99
#1398140 26.07.2026 13:47:25 : EVT ANALYTICS : #sf R:5 A:Xiamen-fw_2.56.18.31896-V-a8f49e99
#1398141 26.07.2026 13:47:25 : EVT ANALYTICS : #sf R:5 A:Xiamen-fw_2.56.18.31896-V-a8f49e99
#1398142 26.07.2026 13:47:25 : EVT ANALYTICS : #sf R:5 A:Xiamen-fw_2.56.18.31896-V-a8f49e99
#1398143 26.07.2026 13:47:26 : EVT ANALYTICS : #sf R:5 A:Xiamen-fw_2.56.18.31896-V-a8f49e99
#1398144 26.07.2026 13:47:29 : EVT ANALYTICS : #sf R:5 A:Xiamen-fw_2.56.18.31896-V-a8f49e99
#1398145 26.07.2026 13:47:35 : EVT APPLICATION : Zapp zwc05901:templ load:b:/zapp/zwc05901.wfa/wf-lowp-q.
#1398146 26.07.2026 13:47:44 : EVT WBSTORAGE : CACHE_DEFRAG (912->920, 24->24, 25)
#1398147 26.07.2026 13:48:45 : EVT APPLICATION : Zapp zwc05901:templ load:b:/zapp/zwc05901.wfa/wf-lowp-q.
#1398148 26.07.2026 13:49:54 : EVT APPLICATION : Zapp zwc05901:templ load:b:/zapp/zwc05901.wfa/wf-lowp-q.
#1398149 26.07.2026 13:50:00 : ERR WBMAIN : *0: app 505 Event 24 808b2700
#1398150 26.07.2026 13:50:00 : ERR WBMAIN : 1: mea 0 Event 3 808b1701
#1398151 26.07.2026 13:50:00 : ERR WBMAIN : 2: ui 48 Wait 0 00000000
#1398152 26.07.2026 13:52:24 : EVT APPLICATION : Zapp zwc05901:templ load:b:/zapp/zwc05901.wfa/wf-lowp-q.
#1398153 26.07.2026 13:52:41 : TRC SETTINGS : UTC:1785066760|60 DST:1|120|1774746000|1792890000
#1398154 26.07.2026 13:52:41 : TRC SETTINGS : TMZ:|Europe/Zurich|
#1398155 26.07.2026 13:52:43 : ERR WBMAIN : *0: app 904 Event 36 80005311
#1398156 26.07.2026 13:52:43 : ERR WBMAIN : 1: mea 15 Wait 0 00000000
#1398157 26.07.2026 13:52:43 : ERR WBMAIN : 2: ui 3 Wait 0 00000000
#1398158 26.07.2026 13:52:44 : EVT ANALYTICS : Sync start
#1398159 26.07.2026 13:52:46 : EVT ANALYTICS : Weather sync ok d:300 f:0
#1398160 26.07.2026 13:52:46 : EVT ANALYTICS : synced city:Winterthur
#1398161 26.07.2026 13:52:46 : EVT GPS : Last known coordinate:lat:474944559, lon:87138299
#1398162 26.07.2026 13:52:46 : EVT ANALYTICS : #sf R:5 A:Xiamen-fw_2.56.18.31896-V-a8f49e99
#1398163 26.07.2026 13:52:52 : EVT ANALYTICS : #sf R:5 A:Xiamen-fw_2.56.18.31896-V-a8f49e99
#1398164 26.07.2026 13:53:35 : EVT APPLICATION : Zapp zwc05901:templ load:b:/zapp/zwc05901.wfa/wf-lowp-q.
#1398165 26.07.2026 14:00:00 : EVT <Unknown> : pwr daily,ontime:14
#1398166 26.07.2026 14:00:00 : EVT WBSTORAGE : CACHE_DEFRAG (792->976, 24->24, 25)
#1398167 26.07.2026 14:00:00 : EVT WEATHER : t:495851, d:1
#1398168 26.07.2026 14:03:54 : EVT WBSTORAGE : CACHE_DEFRAG (864->936, 24->24, 25)
#1398169 26.07.2026 14:05:00 : TRC APPLICATION : Notification n-act-e-tdy not allowed (5 < 10)
#1398170 26.07.2026 14:10:00 : ERR WBMAIN : *0: app 637 Event 24 808b2700
#1398171 26.07.2026 14:10:00 : ERR WBMAIN : 1: mea 0 Event 3 808b1701
#1398172 26.07.2026 14:10:00 : ERR WBMAIN : 2: ui 81 Wait 0 00000000
#1398173 26.07.2026 14:11:03 : EVT <Unknown> : 1785067866058:Off Skin Set.
#1398174 26.07.2026 14:11:04 : EVT <Unknown> : 1785067866684:On Skin Set.
#1398175 26.07.2026 14:11:06 : EVT <Unknown> : 1785067868996:Off Skin Set.
#1398176 26.07.2026 14:11:08 : EVT <Unknown> : 1785067871373:On Skin Set.
#1398177 26.07.2026 14:11:09 : EVT <Unknown> : 1785067871604:Off Skin Set.
#1398178 26.07.2026 14:11:10 : EVT OHR : No HR update, invalidate by timer
#1398179 26.07.2026 14:11:11 : EVT <Unknown> : 1785067873606:On Skin Set.
#1398180 26.07.2026 14:11:11 : EVT <Unknown> : 1785067873877:Off Skin Set.
#1398181 26.07.2026 14:11:11 : EVT PMIC : VBUS state is ON
#1398182 26.07.2026 14:11:11 : EVT PMIC : chgCntl1:0x70
#1398183 26.07.2026 14:11:11 : EVT PMIC : check chgCntl1:0x74
#1398184 26.07.2026 14:11:11 : EVT PMIC : Turn charge ON since VBUS->ON
#1398185 26.07.2026 14:11:11 : EVT PMIC : PMIC temp zone:0x2
#1398186 26.07.2026 14:11:11 : EVT OHR : VBUS on
#1398187 26.07.2026 14:11:11 : EVT OHR : S:stop 23
#1398188 26.07.2026 14:11:11 : EVT <Unknown> : 1785067874879:On Skin Set.
#1398189 26.07.2026 14:11:11 : EVT <Unknown> : 1785067875044:Meas stop 0x2123
#1398190 26.07.2026 14:11:12 : WRN <Unknown> : 1785067875045:FSM EVT STOP.
#1398191 26.07.2026 14:11:12 : EVT OHR : S:OFF 1->0
#1398192 26.07.2026 14:11:12 : EVT PMIC : VBUS state is ON
#1398193 26.07.2026 14:11:13 : EVT PMIC : PMIC temp zone:0x7
#1398194 26.07.2026 14:11:13 : EVT PMIC : VBUS state is OFF
#1398195 26.07.2026 14:11:13 : EVT PMIC : Turn charge OFF since VBUS->OFF
#1398196 26.07.2026 14:11:13 : EVT OHR : VBUS off
#1398197 26.07.2026 14:11:13 : EVT OHR : S:ON 0->1
#1398198 26.07.2026 14:11:13 : EVT OHR : APPINIT:caps 0x1f4, befd5e61
#1398199 26.07.2026 14:11:13 : EVT <Unknown> : 1785067873604:AI@1785067873580, tz120
#1398200 26.07.2026 14:11:13 : EVT OHR : S:start 0x2123
#1398201 26.07.2026 14:11:13 : EVT <Unknown> : 1785067873610:Meas start 0x2123
#1398202 26.07.2026 14:11:13 : EVT <Unknown> : 1785067873623:PD1464, 0
#1398203 26.07.2026 14:11:13 : EVT <Unknown> : 1785067873684:GMV 20251126/1/4/0/395/46
#1398204 26.07.2026 14:11:13 : EVT <Unknown> : 1785067873937:Mi1.6.10, auth 0, hr_mode 0
#1398205 26.07.2026 14:11:14 : EVT PMIC : VBUS state is ON
#1398206 26.07.2026 14:11:14 : EVT PMIC : chgCntl1:0x70
#1398207 26.07.2026 14:11:14 : EVT PMIC : check chgCntl1:0x74
#1398208 26.07.2026 14:11:14 : EVT PMIC : Turn charge ON since VBUS->ON
#1398209 26.07.2026 14:11:14 : EVT PMIC : PMIC temp zone:0x2
#1398210 26.07.2026 14:11:14 : EVT OHR : VBUS on
#1398211 26.07.2026 14:11:14 : EVT OHR : S:stop 23
#1398212 26.07.2026 14:11:14 : EVT <Unknown> : 1785067874188:On Skin Set.
#1398213 26.07.2026 14:11:14 : EVT <Unknown> : 1785067874348:Meas stop 0x2123
#1398214 26.07.2026 14:11:14 : EVT PMIC : VBUS state is ON
#1398215 26.07.2026 14:11:14 : WRN <Unknown> : 1785067874349:FSM EVT STOP.
#1398216 26.07.2026 14:11:14 : EVT OHR : S:OFF 1->0
#1398217 26.07.2026 14:11:17 : EVT WBCOMM : P-9 connection made to ECSD00000000
#1398218 26.07.2026 14:11:17 : EVT WBCOMM : New Route: ECSD00000000
#1398219 26.07.2026 14:11:18 : TRC FUEL_GAUGE : Chg->1,B:5,C:261.5,V:3824,U:1,bF:36%,bC:36%
#1398220 26.07.2026 14:11:18 : EVT ANALYTICS : Battery-> 2 soc:36
#1398221 26.07.2026 14:11:20 : ERR WBMAIN : *0: app 842 Event 36 80005311
#1398222 26.07.2026 14:11:20 : ERR WBMAIN : 1: mea 62 Wait 0 00000000
#1398223 26.07.2026 14:11:20 : ERR WBMAIN : 2: ui 61 Wait 0 00000000
#1398224 26.07.2026 14:11:21 : EVT ANALYTICS : Sync start

