#1305424 10.07.2026 15:15:51 : ERR <Unknown> : DL GET resultCode=500
#1305425 10.07.2026 15:15:51 : EVT <Unknown> : DL try retry after 900000 ms
#1305426 10.07.2026 15:15:54 : EVT ACCELEROMETER : Gyro bias:-0.254100 -0.072800 -0.100100
#1305427 10.07.2026 15:15:56 : EVT PMIC : PMIC Maintain charge
#1305428 10.07.2026 15:15:57 : EVT ACCELEROMETER : Gyro bias:-0.247800 -0.059500 -0.095200
#1305429 10.07.2026 15:15:59 : EVT ACCELEROMETER : Gyro bias:-0.242200 -0.065800 -0.087500
#1305430 10.07.2026 15:16:01 : EVT ACCELEROMETER : Gyro bias:-0.233800 -0.086100 -0.099400
#1305431 10.07.2026 15:16:04 : EVT ACCELEROMETER : Gyro bias:-0.241500 -0.067900 -0.115500
#1305432 10.07.2026 15:16:04 : EVT WIFI : Pwr down idle wifi (TO:13se)
#1305433 10.07.2026 15:16:04 : EVT WIFI : pwr down OK
#1305434 10.07.2026 15:19:30 : EVT ANALYTICS : Weather sync TO
#1305435 10.07.2026 15:20:00 : ERR WBMAIN : *0: app 630 Event 24 80892700
#1305436 10.07.2026 15:20:00 : ERR WBMAIN : 1: mea 0 Event 3 80891701
#1305437 10.07.2026 15:20:00 : ERR WBMAIN : 2: ui 83 Wait 0 00000000
#1305438 10.07.2026 15:28:56 : EVT PMIC : PMIC Maintain charge
#1305439 10.07.2026 15:29:35 : EVT PMIC : PMIC temp zone:0x7
#1305440 10.07.2026 15:29:35 : EVT PMIC : VBUS state is OFF
#1305441 10.07.2026 15:29:35 : EVT PMIC : Turn charge OFF since VBUS->OFF
#1305442 10.07.2026 15:29:35 : EVT WBCOMM : Route lost: ECSD00000000
#1305443 10.07.2026 15:29:35 : TRC FUEL_GAUGE : Chg->0,B:5,C:7.5,V:4445,U:0,bF:100%,bC:100%
#1305444 10.07.2026 15:29:35 : EVT OHR : VBUS off
#1305445 10.07.2026 15:29:35 : EVT OHR : S:ON 0->1
#1305446 10.07.2026 15:29:35 : EVT OHR : APPINIT:caps 0x1f4, 6b738616
#1305447 10.07.2026 15:29:35 : EVT <Unknown> : 1783690175903:AI@1783690175880, tz120
#1305448 10.07.2026 15:29:35 : EVT OHR : S:start 0x2123
#1305449 10.07.2026 15:29:35 : EVT ANALYTICS : Battery-> 1 soc:100
#1305450 10.07.2026 15:29:35 : EVT <Unknown> : 1783690175909:Meas start 0x2123
#1305451 10.07.2026 15:29:36 : EVT <Unknown> : 1783690175923:PD1464, 0
#1305452 10.07.2026 15:29:36 : EVT <Unknown> : 1783690175983:GMV 20251126/1/4/0/395/46
#1305453 10.07.2026 15:29:36 : EVT <Unknown> : 1783690176236:Mi1.6.10, auth 0, hr_mode 0
#1305454 10.07.2026 15:29:36 : EVT <Unknown> : 1783690176487:On Skin Set.
#1305455 10.07.2026 15:29:40 : ERR <Unknown> : 1783690180502:Mi invalid call:100,code:0.
#1305456 10.07.2026 15:29:52 : EVT OHR : new HR update
#1305457 10.07.2026 15:30:12 : EVT <Unknown> : 1783690211329:SCD DET STATE ON.
#1305458 10.07.2026 15:30:35 : EVT APPLICATION : Zapp zwc05901:Load script
#1305459 10.07.2026 15:30:35 : EVT APPLICATION : Zapp zwc05901:Enable
#1305460 10.07.2026 15:30:35 : EVT ANALYTICS : Zapp enabled i:3 h:ddb248f2 n:zwc05901 v:124f
#1305461 10.07.2026 15:39:27 : EVT OHR : No HR update, invalidate by timer
#1305462 10.07.2026 15:39:28 : EVT OHR : new HR update
#1305463 10.07.2026 15:40:00 : ERR WBMAIN : *0: app 748 Event 24 80892700
#1305464 10.07.2026 15:40:00 : ERR WBMAIN : 1: mea 0 Event 3 80891701
#1305465 10.07.2026 15:40:00 : ERR WBMAIN : 2: ui 7 Wait 0 00000000
#1305466 10.07.2026 15:50:00 : ERR WBMAIN : *0: app 968 Event 24 80892700
#1305467 10.07.2026 15:50:00 : ERR WBMAIN : 1: mea 0 Event 3 80891701
#1305468 10.07.2026 15:50:00 : ERR WBMAIN : 2: ui 3 Wait 0 00000000
#1305469 10.07.2026 16:00:00 : ERR WBMAIN : *0: app 674 Event 24 80892700
#1305470 10.07.2026 16:00:00 : ERR WBMAIN : 1: mea 0 Event 3 80891701
#1305471 10.07.2026 16:00:00 : ERR WBMAIN : 2: ui 16 Wait 0 00000000
#1305472 10.07.2026 16:00:00 : EVT <Unknown> : pwr daily,ontime:16
#1305473 10.07.2026 16:00:00 : EVT WBSTORAGE : CACHE_DEFRAG (696->704, 24->24, 25)
#1305474 10.07.2026 16:00:00 : EVT WEATHER : t:495462, d:8
#1305475 10.07.2026 16:01:00 : TRC APPLICATION : Removing: b:/syslogs/systemevent_1288171.log
#1305476 10.07.2026 16:10:00 : ERR WBMAIN : *0: app 814 Event 24 80892700
#1305477 10.07.2026 16:10:00 : ERR WBMAIN : 1: mea 0 Event 3 80891701
#1305478 10.07.2026 16:10:00 : ERR WBMAIN : 2: ui 54 Wait 0 00000000
#1305479 10.07.2026 16:16:35 : TRC FUEL_GAUGE : Batt: 4435 mV (raw: 4435) soc: 100 %, T: 33.1 C,H:104
#1305480 10.07.2026 16:19:30 : EVT ANALYTICS : Weather sync TO
#1305481 10.07.2026 16:20:00 : ERR WBMAIN : *0: app 885 Event 24 80892700
#1305482 10.07.2026 16:20:00 : ERR WBMAIN : 1: mea 0 Event 3 80891701
#1305483 10.07.2026 16:20:00 : ERR WBMAIN : 2: ui 23 Wait 0 00000000
#1305484 10.07.2026 16:30:00 : ERR WBMAIN : *0: app 809 Event 24 80892700
#1305485 10.07.2026 16:30:00 : ERR WBMAIN : 1: mea 0 Event 3 80891701
#1305486 10.07.2026 16:30:00 : ERR WBMAIN : 2: ui 43 Wait 0 00000000
#1305487 10.07.2026 16:40:01 : ERR WBMAIN : *0: app 1165 Event 24 80892700
#1305488 10.07.2026 16:40:01 : ERR WBMAIN : 1: mea 0 Event 3 80891701
#1305489 10.07.2026 16:40:01 : ERR WBMAIN : 2: ui 6 Wait 0 00000000
#1305490 10.07.2026 16:50:01 : ERR WBMAIN : *0: app 1048 Event 24 80892700
#1305491 10.07.2026 16:50:01 : ERR WBMAIN : 1: mea 0 Event 3 80891701
#1305492 10.07.2026 16:50:01 : ERR WBMAIN : 2: ui 48 Wait 0 00000000
#1305493 10.07.2026 17:00:00 : ERR WBMAIN : *0: app 629 Event 24 80892700
#1305494 10.07.2026 17:00:00 : ERR WBMAIN : 1: mea 0 Event 3 80891701
#1305495 10.07.2026 17:00:00 : ERR WBMAIN : 2: ui 55 Wait 0 00000000
#1305496 10.07.2026 17:00:00 : EVT <Unknown> : pwr daily,ontime:17
#1305497 10.07.2026 17:00:00 : EVT WBSTORAGE : CACHE_DEFRAG (592->608, 24->24, 25)
#1305498 10.07.2026 17:00:00 : EVT WEATHER : t:495462, d:9
#1305499 10.07.2026 17:10:01 : ERR WBMAIN : *0: app 1532 Event 24 80892700
#1305500 10.07.2026 17:10:01 : ERR WBMAIN : 1: mea 0 Event 3 80891701
#1305501 10.07.2026 17:10:01 : ERR WBMAIN : 2: ui 61 Wait 0 00000000
#1305502 10.07.2026 17:17:35 : TRC FUEL_GAUGE : Batt: 4431 mV (raw: 4431) soc: 100 %, T: 33.2 C,H:104
#1305503 10.07.2026 17:19:30 : EVT ANALYTICS : Weather sync TO
#1305504 10.07.2026 17:20:00 : ERR WBMAIN : *0: app 655 Event 24 80892700
#1305505 10.07.2026 17:20:00 : ERR WBMAIN : 1: mea 0 Event 3 80891701
#1305506 10.07.2026 17:20:00 : ERR WBMAIN : 2: ui 78 Wait 0 00000000
#1305507 10.07.2026 17:40:00 : ERR WBMAIN : *0: app 785 Event 24 80892700
#1305508 10.07.2026 17:40:00 : ERR WBMAIN : 1: mea 0 Event 3 80891701
#1305509 10.07.2026 17:40:00 : ERR WBMAIN : 2: ui 13 Wait 0 00000000
#1305510 10.07.2026 17:40:45 : EVT BLE : DEV M connected
#1305511 10.07.2026 17:40:45 : TRC BLE : SVC M/F000 enabled
#1305512 10.07.2026 17:40:45 : EVT WBCOMM : P-9 connection made to ECSD00000000
#1305513 10.07.2026 17:40:45 : EVT WBCOMM : New Route: ECSD00000000
#1305514 10.07.2026 17:40:53 : EVT APPLICATION : Plugin prbp4000.zip as type:[2]
#1305515 10.07.2026 17:40:54 : TRC BLE : SVC M/F000 disabled
#1305516 10.07.2026 17:40:54 : EVT WBCOMM : Route lost: ECSD00000000
#1305517 10.07.2026 17:40:56 : EVT BLE : DEV M disconnected
#1305518 10.07.2026 17:40:56 : EVT WBSTORAGE : CACHE_DEFRAG (496->512, 24->24, 25)
#1305519 10.07.2026 17:40:56 : EVT WBSTORAGE : CACHE_DEFRAG (440->456, 24->24, 25)
#1305520 10.07.2026 17:44:33 : EVT WBSTORAGE : CACHE_DEFRAG (384->392, 24->24, 25)
#1305521 10.07.2026 17:44:34 : WRN WBAPI : eID-691468(277): /Augmented/HeartRate/Average 404
#1305522 10.07.2026 17:44:39 : EVT WBSTORAGE : CACHE_DEFRAG (304->312, 24->24, 25)
#1305523 10.07.2026 17:44:40 : TRC NAVIGATION : CG: no climb WP
#1305524 10.07.2026 17:44:40 : TRC NAVIGATION : CG:init ZoomType=0
#1305525 10.07.2026 17:44:40 : EVT NAVIGATION : initSeg Idx=0 D=1 T=0 3-0-4
#1305526 10.07.2026 17:44:40 : EVT WBSTORAGE : CACHE_DEFRAG (272->936, 24->24, 25)
#1305527 10.07.2026 17:44:40 : EVT ALTIFUSION : AltiBaroMode:0
#1305528 10.07.2026 17:44:40 : EVT ALTIFUSION : Init AltiBaro
#1305529 10.07.2026 17:44:40 : EVT APPLICATION : Zapp zwc05901:Disable
#1305530 10.07.2026 17:44:40 : EVT ANALYTICS : Zapp disabled i:3 h:ddb248f2 n:Vector classic
#1305531 10.07.2026 17:44:40 : EVT ANALYTICS : SleepQ:Tracking:On
#1305532 10.07.2026 17:44:40 : EVT ALTIFUSION : AltiBaroMode:0
#1305533 10.07.2026 17:44:40 : EVT ALTIFUSION : Init AltiBaro
#1305534 10.07.2026 17:44:40 : EVT UI_FRAMEWORK : JS nsto enable zapp: zzwethen
#1305535 10.07.2026 17:44:40 : EVT UI_FRAMEWORK : JS nsto enable zapp: zzmoveen
#1305536 10.07.2026 17:44:40 : EVT APPLICATION : Zapp zzwethen:Load script
#1305537 10.07.2026 17:44:40 : EVT APPLICATION : Zapp zzwethen:Enable
#1305538 10.07.2026 17:44:40 : EVT ANALYTICS : Zapp enabled i:8 h:3f77f8ec n:zzwethen v:ade
#1305539 10.07.2026 17:44:40 : EVT APPLICATION : Zapp clid:32878
#1305540 10.07.2026 17:44:40 : EVT APPLICATION : Zapp zzmoveen:Load script
#1305541 10.07.2026 17:44:40 : EVT APPLICATION : Zapp zzmoveen:Enable
#1305542 10.07.2026 17:44:40 : EVT ANALYTICS : Zapp enabled i:6 h:7aac0887 n:zzmoveen v:8e0
#1305543 10.07.2026 17:44:40 : EVT UI_FRAMEWORK : evalFile: b:/zapp/zzmoveen.fea/ext1.js from ui
#1305544 10.07.2026 17:44:40 : EVT APPLICATION : Zapp clid:32879
#1305545 10.07.2026 17:44:40 : EVT UI_FRAMEWORK : JS nsto all zapps enabled.
#1305546 10.07.2026 17:44:40 : EVT UI_FRAMEWORK : JS Prestart Activity Id: 16.000
#1305547 10.07.2026 17:44:40 : WRN WBAPI : eID-691468(277): /Dive/Alarms/Acknowledge 404
#1305548 10.07.2026 17:44:40 : WRN WBAPI : eID-691468(277): /Dive/DiveGases 404
#1305549 10.07.2026 17:44:40 : WRN WBAPI : eID-691468(277): /Dive/Gauge/Next 404
#1305550 10.07.2026 17:44:40 : EVT WBSTORAGE : CACHE_DEFRAG (912->920, 24->24, 25)
#1305551 10.07.2026 17:44:41 : EVT WBSTORAGE : CACHE_DEFRAG (848->856, 24->24, 25)
#1305552 10.07.2026 17:44:41 : EVT WBSTORAGE : CACHE_DEFRAG (784->792, 24->24, 25)
#1305553 10.07.2026 17:44:41 : EVT BLE : BLE Sensor Link 4800180D Conn (--E-:00:1)
#1305554 10.07.2026 17:44:41 : WRN BLE : sendConnect 6157
#1305555 10.07.2026 17:44:41 : WRN WBAPI : eID-691468(277): /Dive/TankPressure/Alarm/Count 404
#1305556 10.07.2026 17:44:41 : EVT SPEEDFUSION : INFO # start speed fusion
#1305557 10.07.2026 17:44:41 : EVT SPEEDFUSION : Act:16,Acc:0,BPod:0,FPod:0,PPod:0,BeltPod:1
#1305558 10.07.2026 17:44:41 : EVT SPEEDFUSION : INFO # Start algo without wrist acc
#1305559 10.07.2026 17:44:41 : EVT <Unknown> : Update pres sampl intrvl:1
#1305560 10.07.2026 17:44:41 : EVT OHR : S:start 0x21a3
#1305561 10.07.2026 17:44:42 : EVT <Unknown> : 1783698281576:Meas start 0x21a3
#1305562 10.07.2026 17:44:51 : EVT BLE : lt,scan 1
#1305563 10.07.2026 17:44:51 : WRN BLE : sendDisconnect 6157
#1305564 10.07.2026 17:44:51 : ERR BLE : [AURA]No filters left, stopping scan
#1305565 10.07.2026 17:44:51 : ERR BLE : [AURA]Filter with handle 72 not found
#1305566 10.07.2026 17:44:51 : EVT BLE : packet 0 sensor found count 1
#1305567 10.07.2026 17:44:51 : EVT BLE : packet 0 sensor found count 2
#1305568 10.07.2026 17:44:52 : EVT ANALYTICS : #FusHr src:2 time:10937
#1305569 10.07.2026 17:45:00 : EVT SEDENTARY : stop monitoring
#1305570 10.07.2026 17:45:21 : EVT APPLICATION : Zapp prbp4000:Load script
#1305571 10.07.2026 17:45:22 : EVT APPLICATION : Zapp prbp4000:Enable
#1305572 10.07.2026 17:45:22 : EVT ANALYTICS : Zapp enabled i:20 h:3b1dca41 n:prbp4000 v:1.0
#1305573 10.07.2026 17:45:22 : EVT APPLICATION : Zapp clid:32880
#1305574 10.07.2026 17:45:22 : EVT WBSTORAGE : CACHE_DEFRAG (712->720, 24->24, 25)
#1305575 10.07.2026 17:45:22 : EVT WBSTORAGE : CACHE_DEFRAG (656->696, 25->24, 25)
#1305576 10.07.2026 17:45:24 : EVT APPLICATION : Zapp prbp4000:Disable
#1305577 10.07.2026 17:45:24 : EVT ANALYTICS : Zapp disabled i:20 h:3b1dca41 n:PrbP4
#1305578 10.07.2026 17:45:25 : EVT APPLICATION : Zapp prbp4000:Load script
#1305579 10.07.2026 17:45:25 : EVT APPLICATION : Zapp prbp4000:Enable
#1305580 10.07.2026 17:45:25 : EVT ANALYTICS : Zapp enabled i:20 h:3b1dca41 n:prbp4000 v:1.0
#1305581 10.07.2026 17:45:25 : EVT APPLICATION : Zapp clid:32880
#1305582 10.07.2026 17:45:26 : EVT APPLICATION : Zapp prbp4000:Disable
#1305583 10.07.2026 17:45:26 : EVT ANALYTICS : Zapp disabled i:20 h:3b1dca41 n:PrbP4
#1305584 10.07.2026 17:45:27 : EVT APPLICATION : Zapp prbp4000:Load script
#1305585 10.07.2026 17:45:27 : EVT APPLICATION : Zapp prbp4000:Enable
#1305586 10.07.2026 17:45:27 : EVT ANALYTICS : Zapp enabled i:20 h:3b1dca41 n:prbp4000 v:1.0
#1305587 10.07.2026 17:45:27 : EVT APPLICATION : Zapp clid:32880
#1305588 10.07.2026 17:45:28 : EVT APPLICATION : Zapp prbp4000:Disable
#1305589 10.07.2026 17:45:28 : EVT ANALYTICS : Zapp disabled i:20 h:3b1dca41 n:PrbP4
#1305590 10.07.2026 17:45:28 : EVT APPLICATION : Zapp prbp4000:Load script
#1305591 10.07.2026 17:45:28 : EVT APPLICATION : Zapp prbp4000:Enable
#1305592 10.07.2026 17:45:28 : EVT ANALYTICS : Zapp enabled i:20 h:3b1dca41 n:prbp4000 v:1.0
#1305593 10.07.2026 17:45:28 : EVT APPLICATION : Zapp clid:32880
#1305594 10.07.2026 17:45:29 : EVT OHR : S:start 0x2123
#1305595 10.07.2026 17:45:29 : EVT <Unknown> : 1783698329135:Meas start 0x2123
#1305596 10.07.2026 17:45:29 : EVT APPLICATION : Zapp prbp4000:Disable
#1305597 10.07.2026 17:45:29 : EVT ANALYTICS : Zapp disabled i:20 h:3b1dca41 n:PrbP4
#1305598 10.07.2026 17:45:30 : EVT APPLICATION : Zapp prbp4000:Load script
#1305599 10.07.2026 17:45:30 : EVT APPLICATION : Zapp prbp4000:Enable
#1305600 10.07.2026 17:45:30 : EVT ANALYTICS : Zapp enabled i:20 h:3b1dca41 n:prbp4000 v:1.0
#1305601 10.07.2026 17:45:30 : EVT APPLICATION : Zapp clid:32880
#1305602 10.07.2026 17:45:30 : EVT APPLICATION : Zapp prbp4000:Disable
#1305603 10.07.2026 17:45:31 : EVT ANALYTICS : Zapp disabled i:20 h:3b1dca41 n:PrbP4
#1305604 10.07.2026 17:45:31 : EVT APPLICATION : Zapp prbp4000:Load script
#1305605 10.07.2026 17:45:31 : EVT APPLICATION : Zapp prbp4000:Enable
#1305606 10.07.2026 17:45:31 : EVT ANALYTICS : Zapp enabled i:20 h:3b1dca41 n:prbp4000 v:1.0
#1305607 10.07.2026 17:45:31 : EVT APPLICATION : Zapp clid:32880
#1305608 10.07.2026 17:45:32 : EVT APPLICATION : Zapp prbp4000:Disable
#1305609 10.07.2026 17:45:32 : EVT ANALYTICS : Zapp disabled i:20 h:3b1dca41 n:PrbP4
#1305610 10.07.2026 17:45:32 : EVT APPLICATION : Zapp prbp4000:Load script
#1305611 10.07.2026 17:45:33 : EVT APPLICATION : Zapp prbp4000:Enable
#1305612 10.07.2026 17:45:33 : EVT ANALYTICS : Zapp enabled i:20 h:3b1dca41 n:prbp4000 v:1.0
#1305613 10.07.2026 17:45:33 : EVT APPLICATION : Zapp clid:32880
#1305614 10.07.2026 17:45:37 : EVT UI_FRAMEWORK : evalFile: b:/zapp/prbp4000.fea/ext90.js from ui
#1305615 10.07.2026 17:45:38 : EVT UI_FRAMEWORK : evalFile: b:/zapp/prbp4000.fea/ext91.js from ui
#1305616 10.07.2026 17:45:42 : EVT <Unknown> : 1783698342250:Off Skin Set.
#1305617 10.07.2026 17:45:43 : EVT <Unknown> : 1783698342627:On Skin Set.
#1305618 10.07.2026 17:45:44 : EVT <Unknown> : 1783698343818:Off Skin Set.
#1305619 10.07.2026 17:45:45 : EVT PMIC : VBUS state is ON
#1305620 10.07.2026 17:45:45 : EVT PMIC : chgCntl1:0x70
#1305621 10.07.2026 17:45:45 : EVT PMIC : check chgCntl1:0x74
#1305622 10.07.2026 17:45:45 : EVT PMIC : Turn charge ON since VBUS->ON
#1305623 10.07.2026 17:45:45 : EVT PMIC : PMIC temp zone:0x2
#1305624 10.07.2026 17:45:45 : EVT PMIC : PMIC Fast-charge constant cur
#1305625 10.07.2026 17:45:45 : EVT OHR : VBUS on
#1305626 10.07.2026 17:45:45 : EVT OHR : S:stop 23
#1305627 10.07.2026 17:45:45 : EVT <Unknown> : 1783698345241:Meas stop 0x2123
#1305628 10.07.2026 17:45:45 : EVT PMIC : PMIC Fast-charge constant voltage
#1305629 10.07.2026 17:45:45 : EVT PMIC : VBUS state is ON
#1305630 10.07.2026 17:45:45 : WRN <Unknown> : 1783698345242:FSM EVT STOP.
#1305631 10.07.2026 17:45:45 : EVT OHR : S:OFF 1->0
#1305632 10.07.2026 17:45:45 : EVT PMIC : PMIC Maintain charge
#1305633 10.07.2026 17:45:47 : TRC FUEL_GAUGE : Chg->1,B:5,C:7.7,V:4425,U:1,bF:100%,bC:100%
#1305634 10.07.2026 17:45:47 : EVT PMIC : PMIC temp zone:0x7
#1305635 10.07.2026 17:45:47 : EVT ANALYTICS : Battery-> 2 soc:100
#1305636 10.07.2026 17:45:47 : EVT PMIC : VBUS state is OFF
#1305637 10.07.2026 17:45:47 : EVT PMIC : Turn charge OFF since VBUS->OFF
#1305638 10.07.2026 17:45:47 : TRC FUEL_GAUGE : Chg->0,B:5,C:7.7,V:4425,U:0,bF:100%,bC:100%
#1305639 10.07.2026 17:45:47 : EVT OHR : VBUS off
#1305640 10.07.2026 17:45:47 : EVT OHR : S:ON 0->1
#1305641 10.07.2026 17:45:47 : EVT ANALYTICS : Battery-> 1 soc:100
#1305642 10.07.2026 17:45:47 : EVT OHR : APPINIT:caps 0x1f4, 6b738616
#1305643 10.07.2026 17:45:47 : EVT <Unknown> : 1783698347843:AI@1783698347820, tz120
#1305644 10.07.2026 17:45:47 : EVT OHR : S:start 0x2123
#1305645 10.07.2026 17:45:47 : EVT <Unknown> : 1783698347849:Meas start 0x2123
#1305646 10.07.2026 17:45:48 : EVT <Unknown> : 1783698347863:PD1464, 0
#1305647 10.07.2026 17:45:48 : EVT <Unknown> : 1783698347922:GMV 20251126/1/4/0/395/46
#1305648 10.07.2026 17:45:48 : EVT <Unknown> : 1783698348175:Mi1.6.10, auth 0, hr_mode 0
#1305649 10.07.2026 17:45:48 : EVT OHR : No HR update, invalidate by timer
#1305650 10.07.2026 17:45:50 : EVT <Unknown> : 1783698349477:On Skin Set.
#1305651 10.07.2026 17:45:54 : ERR <Unknown> : 1783698353492:Mi invalid call:100,code:0.
#1305652 10.07.2026 17:45:56 : WRN WBAPI : eID-691468(277): /Dive/TankPressure/Alarm/Count 404
#1305653 10.07.2026 17:45:56 : EVT OHR : S:start 0x21a3
#1305654 10.07.2026 17:45:57 : EVT <Unknown> : 1783698356397:Meas start 0x21a3
#1305655 10.07.2026 17:46:00 : EVT APPLICATION : Zapp prbp4000:Disable
#1305656 10.07.2026 17:46:00 : EVT ANALYTICS : Zapp disabled i:20 h:3b1dca41 n:PrbP4
#1305657 10.07.2026 17:46:01 : EVT OHR : No HR update, invalidate by timer
#1305658 10.07.2026 17:46:01 : EVT APPLICATION : Zapp prbp4000:Load script
#1305659 10.07.2026 17:46:01 : EVT APPLICATION : Zapp prbp4000:Enable
#1305660 10.07.2026 17:46:02 : EVT ANALYTICS : Zapp enabled i:20 h:3b1dca41 n:prbp4000 v:1.0
#1305661 10.07.2026 17:46:02 : EVT APPLICATION : Zapp clid:32880
#1305662 10.07.2026 17:46:02 : EVT APPLICATION : Zapp prbp4000:Disable
#1305663 10.07.2026 17:46:02 : EVT ANALYTICS : Zapp disabled i:20 h:3b1dca41 n:PrbP4
#1305664 10.07.2026 17:46:03 : EVT APPLICATION : Zapp prbp4000:Load script
#1305665 10.07.2026 17:46:03 : EVT APPLICATION : Zapp prbp4000:Enable
#1305666 10.07.2026 17:46:03 : EVT ANALYTICS : Zapp enabled i:20 h:3b1dca41 n:prbp4000 v:1.0
#1305667 10.07.2026 17:46:03 : EVT APPLICATION : Zapp clid:32880
#1305668 10.07.2026 17:46:04 : EVT APPLICATION : Zapp prbp4000:Disable
#1305669 10.07.2026 17:46:04 : EVT ANALYTICS : Zapp disabled i:20 h:3b1dca41 n:PrbP4
#1305670 10.07.2026 17:46:05 : EVT APPLICATION : Zapp prbp4000:Load script
#1305671 10.07.2026 17:46:05 : EVT APPLICATION : Zapp prbp4000:Enable
#1305672 10.07.2026 17:46:05 : EVT OHR : new HR update
#1305673 10.07.2026 17:46:05 : EVT ANALYTICS : Zapp enabled i:20 h:3b1dca41 n:prbp4000 v:1.0
#1305674 10.07.2026 17:46:05 : EVT APPLICATION : Zapp clid:32880
#1305675 10.07.2026 17:46:05 : EVT OHR : S:start 0x2123
#1305676 10.07.2026 17:46:06 : EVT APPLICATION : Zapp prbp4000:Disable
#1305677 10.07.2026 17:46:06 : EVT ANALYTICS : Zapp disabled i:20 h:3b1dca41 n:PrbP4
#1305678 10.07.2026 17:46:06 : EVT <Unknown> : 1783698365417:Meas start 0x2123
#1305679 10.07.2026 17:46:06 : EVT APPLICATION : Zapp prbp4000:Load script
#1305680 10.07.2026 17:46:07 : EVT APPLICATION : Zapp prbp4000:Enable
#1305681 10.07.2026 17:46:07 : EVT ANALYTICS : Zapp enabled i:20 h:3b1dca41 n:prbp4000 v:1.0
#1305682 10.07.2026 17:46:07 : EVT APPLICATION : Zapp clid:32880
#1305683 10.07.2026 17:46:07 : EVT APPLICATION : Zapp prbp4000:Disable
#1305684 10.07.2026 17:46:07 : EVT ANALYTICS : Zapp disabled i:20 h:3b1dca41 n:PrbP4
#1305685 10.07.2026 17:46:08 : EVT APPLICATION : Zapp prbp4000:Load script
#1305686 10.07.2026 17:46:08 : EVT APPLICATION : Zapp prbp4000:Enable
#1305687 10.07.2026 17:46:08 : EVT ANALYTICS : Zapp enabled i:20 h:3b1dca41 n:prbp4000 v:1.0
#1305688 10.07.2026 17:46:08 : EVT APPLICATION : Zapp clid:32880
#1305689 10.07.2026 17:46:09 : EVT APPLICATION : Zapp prbp4000:Disable
#1305690 10.07.2026 17:46:09 : EVT ANALYTICS : Zapp disabled i:20 h:3b1dca41 n:PrbP4
#1305691 10.07.2026 17:46:10 : EVT APPLICATION : Zapp prbp4000:Load script
#1305692 10.07.2026 17:46:10 : EVT APPLICATION : Zapp prbp4000:Enable
#1305693 10.07.2026 17:46:10 : EVT ANALYTICS : Zapp enabled i:20 h:3b1dca41 n:prbp4000 v:1.0
#1305694 10.07.2026 17:46:10 : EVT APPLICATION : Zapp clid:32880
#1305695 10.07.2026 17:46:12 : EVT <Unknown> : 1783698371611:Off Skin Set.
#1305696 10.07.2026 17:46:13 : EVT <Unknown> : 1783698372487:On Skin Set.
#1305697 10.07.2026 17:46:14 : EVT UI_FRAMEWORK : evalFile: b:/zapp/prbp4000.fea/ext90.js from ui
#1305698 10.07.2026 17:46:15 : EVT UI_FRAMEWORK : evalFile: b:/zapp/prbp4000.fea/ext91.js from ui
#1305699 10.07.2026 17:46:22 : EVT OHR : No HR update, invalidate by timer
#1305700 10.07.2026 17:46:22 : EVT <Unknown> : 1783698382081:Off Skin Set.
#1305701 10.07.2026 17:46:23 : EVT PMIC : VBUS state is ON
#1305702 10.07.2026 17:46:23 : EVT PMIC : chgCntl1:0x70
#1305703 10.07.2026 17:46:23 : EVT PMIC : check chgCntl1:0x74
#1305704 10.07.2026 17:46:23 : EVT PMIC : Turn charge ON since VBUS->ON
#1305705 10.07.2026 17:46:23 : EVT PMIC : PMIC temp zone:0x2
#1305706 10.07.2026 17:46:23 : EVT PMIC : PMIC Fast-charge constant cur
#1305707 10.07.2026 17:46:23 : EVT OHR : VBUS on
#1305708 10.07.2026 17:46:23 : EVT OHR : S:stop 23
#1305709 10.07.2026 17:46:23 : EVT <Unknown> : 1783698383428:Meas stop 0x2123
#1305710 10.07.2026 17:46:23 : WRN <Unknown> : 1783698383429:FSM EVT STOP.
#1305711 10.07.2026 17:46:23 : EVT OHR : S:OFF 1->0
#1305712 10.07.2026 17:46:23 : EVT PMIC : VBUS state is ON
#1305713 10.07.2026 17:46:23 : EVT PMIC : PMIC temp zone:0x7
#1305714 10.07.2026 17:46:24 : EVT PMIC : VBUS state is OFF
#1305715 10.07.2026 17:46:24 : EVT PMIC : Turn charge OFF since VBUS->OFF
#1305716 10.07.2026 17:46:24 : EVT OHR : VBUS off
#1305717 10.07.2026 17:46:24 : EVT OHR : S:ON 0->1
#1305718 10.07.2026 17:46:24 : EVT OHR : APPINIT:caps 0x1f4, 6b738616
#1305719 10.07.2026 17:46:24 : EVT <Unknown> : 1783698384354:AI@1783698384330, tz120
#1305720 10.07.2026 17:46:24 : EVT OHR : S:start 0x2123
#1305721 10.07.2026 17:46:24 : EVT <Unknown> : 1783698384360:Meas start 0x2123
#1305722 10.07.2026 17:46:24 : EVT <Unknown> : 1783698384371:PD1464, 0
#1305723 10.07.2026 17:46:24 : EVT <Unknown> : 1783698384432:GMV 20251126/1/4/0/395/46
#1305724 10.07.2026 17:46:24 : EVT <Unknown> : 1783698384686:Mi1.6.10, auth 0, hr_mode 0
#1305725 10.07.2026 17:46:25 : EVT <Unknown> : 1783698384938:On Skin Set.
#1305726 10.07.2026 17:46:29 : ERR <Unknown> : 1783698388952:Mi invalid call:100,code:0.
#1305727 10.07.2026 17:46:33 : EVT APPLICATION : Zapp prbp4000:Disable
#1305728 10.07.2026 17:46:34 : EVT ANALYTICS : Zapp disabled i:20 h:3b1dca41 n:PrbP4
#1305729 10.07.2026 17:46:35 : EVT <Unknown> : 1783698394987:Off Skin Set.
#1305730 10.07.2026 17:46:35 : EVT <Unknown> : 1783698395363:On Skin Set.
#1305731 10.07.2026 17:46:41 : EVT OHR : new HR update
#1305732 10.07.2026 17:46:46 : EVT OHR : No HR update, invalidate by timer
#1305733 10.07.2026 17:46:46 : EVT APPLICATION : Zapp prbp4000:Load script
#1305734 10.07.2026 17:46:46 : EVT APPLICATION : Zapp prbp4000:Enable
#1305735 10.07.2026 17:46:46 : EVT ANALYTICS : Zapp enabled i:20 h:3b1dca41 n:prbp4000 v:1.0
#1305736 10.07.2026 17:46:46 : EVT APPLICATION : Zapp clid:32880
#1305737 10.07.2026 17:46:48 : WRN WBAPI : eID-691468(277): /Dive/TankPressure/Alarm/Count 404
#1305738 10.07.2026 17:46:48 : EVT OHR : S:start 0x21a3
#1305739 10.07.2026 17:46:48 : EVT <Unknown> : 1783698408250:Meas start 0x21a3
#1305740 10.07.2026 17:46:49 : EVT ANALYTICS : #FusHr src:2 time:0
#1305741 10.07.2026 17:46:49 : WRN WBAPI : eID-691468(277): /Dive/Alarms/Acknowledge 404
#1305742 10.07.2026 17:46:49 : WRN WBAPI : eID-691468(277): /Dive/DiveGases 404
#1305743 10.07.2026 17:46:49 : WRN WBAPI : eID-691468(277): /Dive/Gauge/Next 404
#1305744 10.07.2026 17:46:49 : ERR BLE : [AURA]No filters left, stopping scan
#1305745 10.07.2026 17:46:49 : EVT TRAININGLAB : TLab:~Mode T 10517 + 6522 A 2990 + 640
#1305746 10.07.2026 17:46:49 : EVT TRAININGLAB : TLab:Change mode 2->3
#1305747 10.07.2026 17:46:49 : EVT TRAININGLAB : TLab:Mode::userInfo 60, 200, 1, 37, 182, 950, 1990
#1305748 10.07.2026 17:46:49 : EVT LOGGER : Log space:30500460 bytes free
#1305749 10.07.2026 17:46:49 : EVT TRAININGLAB : ModeUnsub:2800
#1305750 10.07.2026 17:46:49 : EVT TRAININGLAB : ModeSub:9004
#1305751 10.07.2026 17:46:49 : EVT TRAININGLAB : TLab:Select input 0
#1305752 10.07.2026 17:46:49 : EVT TRAININGLAB : Tlab:HR src is 2
#1305753 10.07.2026 17:46:49 : EVT TRAININGLAB : TLab:Active input 0
#1305754 10.07.2026 17:46:49 : EVT LOGGER : Exercise started
#1305755 10.07.2026 17:46:49 : TRC GPS : Full GNSS data subd l:0 c:802b0000
#1305756 10.07.2026 17:46:49 : EVT TRAININGLAB : TLab:Active input 1
#1305757 10.07.2026 17:46:50 : EVT UI_FRAMEWORK : evalFile: b:/zapp/prbp4000.fea/ext90.js from ui
#1305758 10.07.2026 17:46:51 : EVT ANALYTICS : Battery-> 3 soc:100
#1305759 10.07.2026 17:46:51 : EVT ANALYTICS : #FusHr src:2 time:0
#1305760 10.07.2026 17:46:51 : EVT ANALYTICS : #Act id:16
#1305761 10.07.2026 17:46:51 : EVT ANALYTICS : #powersave mode:p temp:33.2
#1305762 10.07.2026 17:46:51 : EVT ANALYTICS : GPSMODE:NOTUSED
#1305763 10.07.2026 17:46:51 : EVT ANALYTICS : #gnss d:2026-07-10T00:00:00Z
#1305764 10.07.2026 17:46:51 : EVT ANALYTICS : #zapp n:PrbP4 e:1
#1305765 10.07.2026 17:46:51 : EVT ANALYTICS : #zapp n:Weather e:1
#1305766 10.07.2026 17:46:51 : EVT ANALYTICS : #zapp n:Movement e:1
#1305767 10.07.2026 17:46:51 : EVT UI_FRAMEWORK : evalFile: b:/zapp/prbp4000.fea/ext91.js from ui
#1305768 10.07.2026 17:46:57 : EVT ANALYTICS : #ws AID:16 BM:1 NS:0 SP:3 ZN:0 TG:0 BL:0 GPS:0
#1305769 10.07.2026 17:46:57 : EVT ANALYTICS : #2ws AID:16 WHR:1 INT:0 AL:0 AP:0 FE:1 MC:1 TH:0
#1305770 10.07.2026 17:47:15 : EVT <Unknown> : 1783698435081:SCD DET STATE ON.
#1305771 10.07.2026 17:48:14 : EVT LOGGER : LGR 934, 80
#1305772 10.07.2026 17:48:16 : TRC FUEL_GAUGE : batFgLevel cur:99%, prev:100%
#1305773 10.07.2026 17:48:16 : EVT LOGGER : LGR 934, 80
#1305774 10.07.2026 17:48:18 : EVT LOGGER : LGR 934, 80
#1305775 10.07.2026 17:48:48 : EVT LOGGER : Exercise paused
#1305776 10.07.2026 17:48:51 : EVT APPLICATION : Zapp zzmoveen:Disable
#1305777 10.07.2026 17:48:51 : EVT ANALYTICS : Zapp disabled i:6 h:7aac0887 n:Movement
#1305778 10.07.2026 17:48:51 : EVT UI_FRAMEWORK : evalFile: b:/zapp/zzmoveen.fea/ext2.js from ui
#1305779 10.07.2026 17:48:51 : EVT APPLICATION : Zapp zzwethen:Disable
#1305780 10.07.2026 17:48:51 : EVT ANALYTICS : Zapp disabled i:8 h:3f77f8ec n:Weather
#1305781 10.07.2026 17:48:51 : EVT APPLICATION : Zapp prbp4000:Disable
#1305782 10.07.2026 17:48:51 : EVT ANALYTICS : Zapp disabled i:20 h:3b1dca41 n:PrbP4
#1305783 10.07.2026 17:48:51 : EVT UI_FRAMEWORK : JS discard disable zapps
#1305784 10.07.2026 17:48:51 : EVT UI_FRAMEWORK : JS will discard
#1305785 10.07.2026 17:48:51 : EVT SPEEDFUSION : INFO # stop speed fusion
#1305786 10.07.2026 17:48:51 : EVT <Unknown> : Update pres sampl intrvl:5
#1305787 10.07.2026 17:48:51 : WRN APPLICATION : discard hrr meas l:3 d:0 sh:70 mh:70 v:0
#1305788 10.07.2026 17:48:51 : WRN WBAPI : eID-698eec(583/65535): 404
#1305789 10.07.2026 17:48:51 : EVT TRAININGZONE : User Define Mode:5
#1305790 10.07.2026 17:48:51 : EVT TRAININGZONE : Tss HR:1.00
#1305791 10.07.2026 17:48:51 : EVT TRAININGZONE : A:16,Tss:[-200.00,-200.00,-200.00,1.00]
#1305792 10.07.2026 17:48:51 : EVT TRAININGLAB : AppFeature Vo2Max 0.000000
#1305793 10.07.2026 17:48:51 : EVT TRAININGLAB : TLab:~Mode T 17039 + 37 A 3630 + 10
#1305794 10.07.2026 17:48:51 : EVT TRAININGLAB : TLab:Change mode 3->2
#1305795 10.07.2026 17:48:51 : EVT TRAININGLAB : TLab:Mode::userInfo 60, 200, 1, 37, 182, 950, 1990
#1305796 10.07.2026 17:48:51 : EVT LOGGER : LGR 934, 80
#1305797 10.07.2026 17:48:51 : EVT TRAININGLAB : ModeUnsub:9145
#1305798 10.07.2026 17:48:51 : EVT TRAININGLAB : ModeSub:0400
#1305799 10.07.2026 17:48:51 : EVT ANALYTICS : WAOae:Activity WAOae:16
#1305800 10.07.2026 17:48:51 : EVT ANALYTICS : WAOae:TotalAcc WAOae:0,0,0
#1305801 10.07.2026 17:48:51 : EVT ANALYTICS : WAOae:AccCount WAOae:0,0,0
#1305802 10.07.2026 17:48:51 : EVT ANALYTICS : WAOae:Distance WAOae:0,0,0
#1305803 10.07.2026 17:48:51 : EVT ANALYTICS : WAOae:Duration WAOae:0,0,0
#1305804 10.07.2026 17:48:51 : EVT ANALYTICS : WAOae:Coeff WAOae:0,40,240,390,773,7524,7624
#1305805 10.07.2026 17:48:51 : EVT LOGGER : Exercise stopped
#1305806 10.07.2026 17:48:51 : EVT LOGGER : HrIbiLogger stop, off (0 ms)
#1305807 10.07.2026 17:48:51 : EVT LOGGER : HrIbiLogger stopped (0 ms)
#1305808 10.07.2026 17:48:51 : TRC GPS : Unsubd c:802b0000
#1305809 10.07.2026 17:48:51 : EVT LOGGER : LGR 934, 80
#1305810 10.07.2026 17:48:51 : EVT LOGGER : LGR 934, 80
#1305811 10.07.2026 17:48:51 : EVT ANALYTICS : SleepQ:Tracking:On
#1305812 10.07.2026 17:48:51 : EVT LOGGER : Wr dpc on
#1305813 10.07.2026 17:48:51 : EVT LOGGER : LGR 20993, 56
#1305814 10.07.2026 17:48:51 : EVT OHR : S:start 0x2123
#1305815 10.07.2026 17:48:52 : EVT <Unknown> : 1783698531836:Meas start 0x2123
#1305816 10.07.2026 17:48:52 : EVT BLE : Disconn sensor:1
#1305817 10.07.2026 17:48:52 : EVT BLE : BLE Sensor Link 4800180D Disc (L-E-:00:0)
#1305818 10.07.2026 17:48:52 : WRN BLE : sendDisconnect 6157
#1305819 10.07.2026 17:48:52 : ERR BLE : [AURA]Filter with handle 72 not found
#1305820 10.07.2026 17:48:52 : EVT UI_FRAMEWORK : JS feeling vs idle 1
#1305821 10.07.2026 17:48:52 : EVT UI_FRAMEWORK : JS feeling open ex-saving
#1305822 10.07.2026 17:48:53 : TRC NAVIGATION : CG: no climb WP
#1305823 10.07.2026 17:48:53 : TRC NAVIGATION : CG:init ZoomType=0
#1305824 10.07.2026 17:48:53 : EVT NAVIGATION : initSeg Idx=0 D=1 T=0 3-0-4
#1305825 10.07.2026 17:48:53 : EVT WBSTORAGE : CACHE_DEFRAG (648->1048, 24->24, 25)
#1305826 10.07.2026 17:48:53 : EVT SPEEDFUSION : INFO # IDLE mode(-1) set
#1305827 10.07.2026 17:48:53 : EVT ALTIFUSION : AltiBaroMode:2
#1305828 10.07.2026 17:48:53 : EVT ANALYTICS : #powersave mode:p temp:33.2
#1305829 10.07.2026 17:48:53 : EVT ANALYTICS : Battery-> 4 soc:99
#1305830 10.07.2026 17:48:56 : EVT ANALYTICS : Duration ExSaving:3537
#1305831 10.07.2026 17:48:56 : EVT ANALYTICS : Duration ExSumBroker:374
#1305832 10.07.2026 17:49:13 : EVT APPLICATION : Zapp zwc05901:Load script
#1305833 10.07.2026 17:49:13 : EVT APPLICATION : Zapp zwc05901:Enable
#1305834 10.07.2026 17:49:13 : EVT ANALYTICS : Zapp enabled i:3 h:ddb248f2 n:zwc05901 v:124f
#1305835 10.07.2026 17:49:13 : WRN WBAPI : eID-691468(277): /Weather/Current/ValidWeatherData.temp 
#1305836 10.07.2026 17:49:14 : EVT TRAININGZONE : Update TSS:1.00
#1305837 10.07.2026 17:49:14 : EVT WBSTORAGE : CACHE_DEFRAG (1024->1032, 24->24, 25)
#1305838 10.07.2026 17:49:14 : WRN WBAPI : eID-691468(277): /Weather/Current/ValidWeatherData.temp 
#1305839 10.07.2026 17:49:16 : EVT <Unknown> : 1783698556314:Off Skin Set.
#1305840 10.07.2026 17:49:17 : EVT WBSTORAGE : CACHE_DEFRAG (904->912, 24->24, 25)
#1305841 10.07.2026 17:49:18 : EVT WBSTORAGE : CACHE_DEFRAG (824->832, 24->24, 25)
#1305842 10.07.2026 17:49:18 : EVT PMIC : VBUS state is ON
#1305843 10.07.2026 17:49:18 : EVT PMIC : chgCntl1:0x70
#1305844 10.07.2026 17:49:18 : EVT PMIC : check chgCntl1:0x74
#1305845 10.07.2026 17:49:18 : EVT PMIC : Turn charge ON since VBUS->ON
#1305846 10.07.2026 17:49:18 : EVT PMIC : PMIC temp zone:0x2
#1305847 10.07.2026 17:49:18 : EVT PMIC : PMIC Fast-charge constant cur
#1305848 10.07.2026 17:49:18 : EVT OHR : VBUS on
#1305849 10.07.2026 17:49:18 : EVT OHR : S:stop 23
#1305850 10.07.2026 17:49:18 : EVT <Unknown> : 1783698558958:Meas stop 0x2123
#1305851 10.07.2026 17:49:19 : EVT PMIC : VBUS state is ON
#1305852 10.07.2026 17:49:19 : WRN <Unknown> : 1783698558958:FSM EVT STOP.
#1305853 10.07.2026 17:49:19 : EVT OHR : S:OFF 1->0
#1305854 10.07.2026 17:49:19 : EVT PMIC : PMIC Maintain charge
#1305855 10.07.2026 17:49:20 : EVT PMIC : PMIC temp zone:0x7
#1305856 10.07.2026 17:49:20 : EVT PMIC : VBUS state is OFF
#1305857 10.07.2026 17:49:20 : EVT PMIC : Turn charge OFF since VBUS->OFF
#1305858 10.07.2026 17:49:20 : EVT OHR : VBUS off
#1305859 10.07.2026 17:49:20 : EVT OHR : S:ON 0->1
#1305860 10.07.2026 17:49:20 : EVT OHR : APPINIT:caps 0x1f4, 6b738616
#1305861 10.07.2026 17:49:20 : EVT <Unknown> : 1783698560534:AI@1783698560510, tz120
#1305862 10.07.2026 17:49:20 : EVT OHR : S:start 0x2123
#1305863 10.07.2026 17:49:20 : EVT <Unknown> : 1783698560544:Meas start 0x2123
#1305864 10.07.2026 17:49:20 : EVT <Unknown> : 1783698560565:PD1464, 0
#1305865 10.07.2026 17:49:20 : EVT <Unknown> : 1783698560625:GMV 20251126/1/4/0/395/46
#1305866 10.07.2026 17:49:20 : EVT <Unknown> : 1783698560884:Mi1.6.10, auth 0, hr_mode 0
#1305867 10.07.2026 17:49:21 : EVT OHR : No HR update, invalidate by timer
#1305868 10.07.2026 17:49:21 : ERR WBMAIN : *0: app 1195 Event 24 80892700
#1305869 10.07.2026 17:49:21 : ERR WBMAIN : 1: mea 0 Event 3 80891701
#1305870 10.07.2026 17:49:21 : ERR WBMAIN : 2: ui 4 Wait 0 00000000
#1305871 10.07.2026 17:49:21 : EVT PMIC : VBUS state is ON
#1305872 10.07.2026 17:49:21 : EVT PMIC : chgCntl1:0x70
#1305873 10.07.2026 17:49:21 : EVT PMIC : check chgCntl1:0x74
#1305874 10.07.2026 17:49:21 : EVT PMIC : Turn charge ON since VBUS->ON
#1305875 10.07.2026 17:49:21 : EVT PMIC : PMIC temp zone:0x2
#1305876 10.07.2026 17:49:21 : EVT PMIC : PMIC Fast-charge constant cur
#1305877 10.07.2026 17:49:21 : EVT OHR : VBUS on
#1305878 10.07.2026 17:49:21 : EVT OHR : S:stop 23
#1305879 10.07.2026 17:49:21 : EVT <Unknown> : 1783698561731:Meas stop 0x2123
#1305880 10.07.2026 17:49:21 : WRN <Unknown> : 1783698561732:FSM EVT STOP.
#1305881 10.07.2026 17:49:21 : EVT OHR : S:OFF 1->0
#1305882 10.07.2026 17:49:21 : EVT PMIC : PMIC Maintain charge
#1305883 10.07.2026 17:49:21 : EVT PMIC : VBUS state is ON
#1305884 10.07.2026 17:49:23 : TRC FUEL_GAUGE : Chg->1,B:5,C:10.5,V:4424,U:1,bF:99%,bC:99%
#1305885 10.07.2026 17:49:23 : EVT PMIC : PMIC Fast-charge constant cur
#1305886 10.07.2026 17:49:23 : EVT ANALYTICS : Battery-> 2 soc:99
#1305887 10.07.2026 17:49:24 : EVT PMIC : PMIC Maintain charge
#1305888 10.07.2026 17:49:34 : EVT WBCOMM : P-9 connection made to ECSD00000000
#1305889 10.07.2026 17:49:34 : EVT WBCOMM : New Route: ECSD00000000
#1305890 10.07.2026 17:49:34 : EVT PMIC : PMIC Fast-charge constant cur
#1305891 10.07.2026 17:49:34 : EVT PMIC : PMIC Fast-charge constant cur
#1305892 10.07.2026 17:49:34 : EVT PMIC : PMIC Fast-charge constant cur
#1305893 10.07.2026 17:49:36 : EVT PMIC : PMIC Fast-charge constant cur
#1305894 10.07.2026 17:49:36 : EVT PMIC : PMIC Fast-charge constant cur
#1305895 10.07.2026 17:49:36 : EVT PMIC : PMIC Fast-charge constant cur
#1305896 10.07.2026 17:49:36 : EVT PMIC : PMIC Fast-charge constant cur
#1305897 10.07.2026 17:49:36 : EVT PMIC : PMIC Fast-charge constant cur
#1305898 10.07.2026 17:49:36 : EVT PMIC : PMIC Fast-charge constant cur
#1305899 10.07.2026 17:49:36 : EVT PMIC : PMIC Fast-charge constant cur
#1305900 10.07.2026 17:49:36 : EVT PMIC : PMIC Fast-charge constant cur
#1305901 10.07.2026 17:49:36 : EVT PMIC : PMIC Fast-charge constant cur
#1305902 10.07.2026 17:49:36 : EVT PMIC : PMIC Precharge
#1305903 10.07.2026 17:49:36 : EVT PMIC : PMIC Fast-charge constant cur
#1305904 10.07.2026 17:49:36 : EVT PMIC : PMIC Fast-charge constant cur
#1305905 10.07.2026 17:49:36 : EVT PMIC : PMIC Precharge
#1305906 10.07.2026 17:49:36 : EVT PMIC : PMIC Fast-charge constant cur
#1305907 10.07.2026 17:49:36 : EVT PMIC : PMIC Precharge
#1305908 10.07.2026 17:49:36 : EVT PMIC : PMIC Fast-charge constant cur
#1305909 10.07.2026 17:49:36 : EVT PMIC : PMIC Precharge
#1305910 10.07.2026 17:49:36 : EVT PMIC : PMIC Fast-charge constant cur
#1305911 10.07.2026 17:49:36 : EVT PMIC : PMIC Fast-charge constant cur
#1305912 10.07.2026 17:49:36 : EVT PMIC : PMIC Fast-charge constant cur
#1305913 10.07.2026 17:49:36 : EVT PMIC : PMIC Fast-charge constant cur
#1305914 10.07.2026 17:49:36 : EVT PMIC : PMIC Fast-charge constant cur
#1305915 10.07.2026 17:49:37 : EVT PMIC : PMIC Precharge
#1305916 10.07.2026 17:49:37 : EVT PMIC : PMIC Fast-charge constant cur
#1305917 10.07.2026 17:49:37 : EVT PMIC : PMIC Fast-charge constant cur
#1305918 10.07.2026 17:49:37 : EVT PMIC : PMIC Maintain charge
#1305919 10.07.2026 17:49:37 : EVT PMIC : PMIC Precharge
#1305920 10.07.2026 17:49:37 : EVT PMIC : PMIC Fast-charge constant cur
#1305921 10.07.2026 17:49:37 : EVT PMIC : PMIC Fast-charge constant cur
#1305922 10.07.2026 17:49:37 : EVT PMIC : PMIC Fast-charge constant cur
#1305923 10.07.2026 17:49:37 : EVT PMIC : PMIC Fast-charge constant cur
#1305924 10.07.2026 17:49:37 : EVT PMIC : PMIC Fast-charge constant cur
#1305925 10.07.2026 17:49:37 : EVT PMIC : PMIC Precharge
#1305926 10.07.2026 17:49:37 : EVT PMIC : PMIC Fast-charge constant cur
#1305927 10.07.2026 17:49:37 : EVT PMIC : PMIC Fast-charge constant cur
#1305928 10.07.2026 17:49:37 : EVT PMIC : PMIC Precharge
#1305929 10.07.2026 17:49:37 : EVT PMIC : PMIC Fast-charge constant cur
#1305930 10.07.2026 17:49:37 : EVT PMIC : PMIC Fast-charge constant cur
#1305931 10.07.2026 17:49:37 : EVT PMIC : PMIC Fast-charge constant cur
#1305932 10.07.2026 17:49:37 : EVT PMIC : PMIC Fast-charge constant cur
#1305933 10.07.2026 17:49:37 : EVT PMIC : PMIC Fast-charge constant cur
#1305934 10.07.2026 17:49:37 : EVT PMIC : PMIC Fast-charge constant cur
#1305935 10.07.2026 17:49:37 : EVT PMIC : PMIC Fast-charge constant cur
#1305936 10.07.2026 17:49:37 : EVT PMIC : PMIC Precharge
#1305937 10.07.2026 17:49:37 : EVT PMIC : PMIC Fast-charge constant cur
#1305938 10.07.2026 17:49:37 : EVT PMIC : PMIC Fast-charge constant cur
#1305939 10.07.2026 17:49:37 : EVT PMIC : PMIC Fast-charge constant cur
#1305940 10.07.2026 17:49:37 : EVT PMIC : PMIC Precharge
#1305941 10.07.2026 17:49:37 : EVT PMIC : PMIC Fast-charge constant cur
#1305942 10.07.2026 17:49:37 : EVT PMIC : PMIC Fast-charge constant cur
#1305943 10.07.2026 17:49:37 : EVT PMIC : PMIC Fast-charge constant cur
#1305944 10.07.2026 17:49:37 : EVT PMIC : PMIC Fast-charge constant cur
#1305945 10.07.2026 17:49:37 : ERR WBMAIN : *0: app 985 Event 36 80005310
#1305946 10.07.2026 17:49:37 : ERR WBMAIN : 1: mea 0 Wait 0 00000000
#1305947 10.07.2026 17:49:37 : ERR WBMAIN : 2: ui 36 Wait 0 00000000
#1305948 10.07.2026 17:49:37 : EVT PMIC : PMIC Precharge
#1305949 10.07.2026 17:49:37 : EVT PMIC : PMIC Fast-charge constant cur
#1305950 10.07.2026 17:49:37 : EVT PMIC : PMIC Fast-charge constant cur
#1305951 10.07.2026 17:49:37 : EVT PMIC : PMIC Fast-charge constant cur
#1305952 10.07.2026 17:49:37 : EVT PMIC : PMIC Fast-charge constant cur
#1305953 10.07.2026 17:49:37 : EVT PMIC : PMIC Fast-charge constant cur
#1305954 10.07.2026 17:49:37 : EVT PMIC : PMIC Fast-charge constant cur
#1305955 10.07.2026 17:49:37 : EVT PMIC : PMIC Fast-charge constant cur
#1305956 10.07.2026 17:49:38 : EVT PMIC : PMIC Precharge
#1305957 10.07.2026 17:49:38 : EVT PMIC : PMIC Fast-charge constant cur
#1305958 10.07.2026 17:49:38 : EVT PMIC : PMIC Fast-charge constant cur
#1305959 10.07.2026 17:49:38 : ERR WBMAIN : *0: app 612 Event 36 80005310
#1305960 10.07.2026 17:49:38 : ERR WBMAIN : 1: mea 45 Wait 0 00000000
#1305961 10.07.2026 17:49:38 : ERR WBMAIN : 2: ui 56 Wait 0 00000000
#1305962 10.07.2026 17:49:38 : EVT PMIC : PMIC Fast-charge constant cur
#1305963 10.07.2026 17:49:38 : EVT PMIC : PMIC Fast-charge constant cur
#1305964 10.07.2026 17:49:38 : EVT PMIC : PMIC Precharge
#1305965 10.07.2026 17:49:38 : EVT PMIC : PMIC Fast-charge constant cur
#1305966 10.07.2026 17:49:38 : EVT PMIC : PMIC Fast-charge constant cur
#1305967 10.07.2026 17:49:38 : EVT PMIC : PMIC Precharge
#1305968 10.07.2026 17:49:38 : EVT PMIC : PMIC Fast-charge constant cur
#1305969 10.07.2026 17:49:38 : EVT PMIC : PMIC Fast-charge constant cur
#1305970 10.07.2026 17:49:38 : EVT PMIC : PMIC Precharge
#1305971 10.07.2026 17:49:38 : EVT PMIC : PMIC Fast-charge constant cur
#1305972 10.07.2026 17:49:38 : EVT PMIC : PMIC Fast-charge constant cur
#1305973 10.07.2026 17:49:38 : EVT PMIC : PMIC Precharge
#1305974 10.07.2026 17:49:38 : EVT PMIC : PMIC Fast-charge constant cur
#1305975 10.07.2026 17:49:38 : EVT PMIC : PMIC Fast-charge constant cur
#1305976 10.07.2026 17:49:38 : EVT PMIC : PMIC Fast-charge constant cur
#1305977 10.07.2026 17:49:38 : EVT PMIC : PMIC Fast-charge constant cur
#1305978 10.07.2026 17:49:38 : EVT PMIC : PMIC Fast-charge constant cur
#1305979 10.07.2026 17:49:38 : EVT PMIC : PMIC Fast-charge constant cur
#1305980 10.07.2026 17:49:38 : EVT PMIC : PMIC Fast-charge constant cur
#1305981 10.07.2026 17:49:38 : EVT PMIC : PMIC Precharge
#1305982 10.07.2026 17:49:38 : EVT PMIC : PMIC Fast-charge constant cur
#1305983 10.07.2026 17:49:38 : EVT PMIC : PMIC Precharge
#1305984 10.07.2026 17:49:38 : EVT PMIC : PMIC Fast-charge constant cur
#1305985 10.07.2026 17:49:38 : EVT PMIC : PMIC Precharge
#1305986 10.07.2026 17:49:38 : EVT PMIC : PMIC Fast-charge constant cur
#1305987 10.07.2026 17:49:38 : EVT PMIC : PMIC Fast-charge constant cur
#1305988 10.07.2026 17:49:38 : EVT PMIC : PMIC Fast-charge constant cur
#1305989 10.07.2026 17:49:38 : EVT PMIC : PMIC Fast-charge constant cur
#1305990 10.07.2026 17:49:38 : EVT PMIC : PMIC Fast-charge constant cur
#1305991 10.07.2026 17:49:38 : EVT PMIC : PMIC Fast-charge constant cur
#1305992 10.07.2026 17:49:38 : EVT PMIC : PMIC Fast-charge constant cur
#1305993 10.07.2026 17:49:38 : EVT PMIC : PMIC Fast-charge constant cur
#1305994 10.07.2026 17:49:38 : EVT PMIC : PMIC Precharge
#1305995 10.07.2026 17:49:38 : EVT PMIC : PMIC Fast-charge constant cur
#1305996 10.07.2026 17:49:38 : EVT PMIC : PMIC Fast-charge constant cur
#1305997 10.07.2026 17:49:38 : EVT PMIC : PMIC Fast-charge constant cur
#1305998 10.07.2026 17:49:38 : EVT PMIC : PMIC Fast-charge constant cur
#1305999 10.07.2026 17:49:38 : EVT PMIC : PMIC Fast-charge constant cur
#1306000 10.07.2026 17:49:38 : EVT PMIC : PMIC Fast-charge constant cur
#1306001 10.07.2026 17:49:38 : EVT PMIC : PMIC Fast-charge constant cur
#1306002 10.07.2026 17:49:38 : EVT PMIC : PMIC Precharge
#1306003 10.07.2026 17:49:38 : EVT PMIC : PMIC Fast-charge constant cur
#1306004 10.07.2026 17:49:38 : EVT PMIC : PMIC Fast-charge constant cur
#1306005 10.07.2026 17:49:39 : EVT PMIC : PMIC Maintain charge
#1306006 10.07.2026 17:49:39 : EVT PMIC : PMIC Fast-charge constant cur
#1306007 10.07.2026 17:49:39 : EVT PMIC : PMIC Fast-charge constant cur
#1306008 10.07.2026 17:49:39 : EVT PMIC : PMIC Fast-charge constant cur
#1306009 10.07.2026 17:49:39 : EVT PMIC : PMIC Fast-charge constant cur
#1306010 10.07.2026 17:49:39 : EVT PMIC : PMIC Fast-charge constant cur
#1306011 10.07.2026 17:49:39 : EVT PMIC : PMIC Fast-charge constant cur
#1306012 10.07.2026 17:49:39 : EVT PMIC : PMIC Fast-charge constant cur
#1306013 10.07.2026 17:49:39 : EVT PMIC : PMIC Fast-charge constant cur
#1306014 10.07.2026 17:49:39 : EVT PMIC : PMIC Fast-charge constant cur
#1306015 10.07.2026 17:49:39 : EVT PMIC : PMIC Fast-charge constant cur
#1306016 10.07.2026 17:49:39 : EVT ANALYTICS : Sync start
#1306017 10.07.2026 17:49:39 : EVT PMIC : PMIC Precharge
#1306018 10.07.2026 17:49:39 : EVT PMIC : PMIC Fast-charge constant cur
#1306019 10.07.2026 17:49:39 : EVT PMIC : PMIC Fast-charge constant cur
#1306020 10.07.2026 17:49:39 : EVT PMIC : PMIC Fast-charge constant cur
#1306021 10.07.2026 17:49:39 : EVT PMIC : PMIC Fast-charge constant cur
#1306022 10.07.2026 17:49:39 : EVT PMIC : PMIC Fast-charge constant cur
#1306023 10.07.2026 17:49:39 : EVT PMIC : PMIC Fast-charge constant cur
#1306024 10.07.2026 17:49:39 : EVT PMIC : PMIC Fast-charge constant cur
#1306025 10.07.2026 17:49:39 : EVT PMIC : PMIC Fast-charge constant cur
#1306026 10.07.2026 17:49:39 : EVT PMIC : PMIC Fast-charge constant cur
#1306027 10.07.2026 17:49:39 : EVT PMIC : PMIC Precharge
#1306028 10.07.2026 17:49:39 : EVT PMIC : PMIC Fast-charge constant cur
#1306029 10.07.2026 17:49:39 : EVT PMIC : PMIC Fast-charge constant cur
#1306030 10.07.2026 17:49:39 : EVT PMIC : PMIC Fast-charge constant cur
#1306031 10.07.2026 17:49:39 : EVT PMIC : PMIC Fast-charge constant cur
#1306032 10.07.2026 17:49:39 : EVT PMIC : PMIC Fast-charge constant cur
#1306033 10.07.2026 17:49:39 : EVT PMIC : PMIC Precharge
#1306034 10.07.2026 17:49:39 : EVT PMIC : PMIC Fast-charge constant cur
#1306035 10.07.2026 17:49:39 : EVT PMIC : PMIC Fast-charge constant cur
#1306036 10.07.2026 17:49:39 : EVT ANALYTICS : Sync start
#1306037 10.07.2026 17:49:39 : EVT PMIC : PMIC Fast-charge constant cur
#1306038 10.07.2026 17:49:39 : EVT PMIC : PMIC Fast-charge constant cur
#1306039 10.07.2026 17:49:39 : EVT PMIC : PMIC Fast-charge constant cur
#1306040 10.07.2026 17:49:39 : EVT PMIC : PMIC Fast-charge constant voltage
#1306041 10.07.2026 17:49:39 : EVT PMIC : PMIC Fast-charge constant cur
#1306042 10.07.2026 17:49:39 : EVT PMIC : PMIC Fast-charge constant cur
#1306043 10.07.2026 17:49:39 : EVT PMIC : PMIC Fast-charge constant cur
#1306044 10.07.2026 17:49:39 : EVT PMIC : PMIC Fast-charge constant cur
#1306045 10.07.2026 17:49:39 : EVT PMIC : PMIC Fast-charge constant cur
#1306046 10.07.2026 17:49:39 : EVT PMIC : PMIC Fast-charge constant cur
#1306047 10.07.2026 17:49:39 : EVT PMIC : PMIC Fast-charge constant cur
#1306048 10.07.2026 17:49:39 : EVT PMIC : PMIC Precharge
#1306049 10.07.2026 17:49:39 : EVT PMIC : PMIC Fast-charge constant cur
#1306050 10.07.2026 17:49:39 : EVT PMIC : PMIC Fast-charge constant cur
#1306051 10.07.2026 17:49:39 : EVT PMIC : PMIC Fast-charge constant cur
#1306052 10.07.2026 17:49:39 : EVT PMIC : PMIC Precharge
#1306053 10.07.2026 17:49:39 : EVT PMIC : PMIC Fast-charge constant cur
#1306054 10.07.2026 17:49:39 : EVT PMIC : PMIC Fast-charge constant cur
#1306055 10.07.2026 17:49:39 : EVT PMIC : PMIC Fast-charge constant cur
#1306056 10.07.2026 17:49:40 : EVT PMIC : PMIC Fast-charge constant cur
#1306057 10.07.2026 17:49:41 : EVT PMIC : PMIC Maintain charge
#1306058 10.07.2026 17:49:47 : TRC FUEL_GAUGE : batFgLevel cur:100%, prev:99%
#1306059 10.07.2026 17:50:00 : EVT SEDENTARY : stop monitoring
#1306060 10.07.2026 17:50:25 : EVT PMIC : PMIC Fast-charge constant cur
#1306061 10.07.2026 17:50:25 : EVT PMIC : PMIC Fast-charge constant cur
#1306062 10.07.2026 17:50:25 : EVT PMIC : PMIC Fast-charge constant cur
#1306063 10.07.2026 17:50:30 : EVT PMIC : PMIC Maintain charge
#1306064 10.07.2026 17:50:39 : EVT WBSTORAGE : CACHE_DEFRAG (768->776, 24->24, 25)
#1306065 10.07.2026 17:50:39 : EVT WBSTORAGE : CACHE_DEFRAG (744->752, 24->24, 25)
#1306066 10.07.2026 17:50:39 : EVT <Unknown> : DL Region List
#1306067 10.07.2026 17:50:39 : EVT WIFI : Pwr up
#1306068 10.07.2026 17:50:40 : EVT PMIC : PMIC Fast-charge constant cur
#1306069 10.07.2026 17:50:40 : EVT PMIC : PMIC Maintain charge
#1306070 10.07.2026 17:50:46 : EVT WIFI : pwr up
#1306071 10.07.2026 17:50:46 : EVT WIFI : SDK Ver(3.2.8.1)
#1306072 10.07.2026 17:50:46 : EVT WIFI : Scann APs (1/3)
#1306073 10.07.2026 17:50:46 : EVT PMIC : PMIC Fast-charge constant cur
#1306074 10.07.2026 17:50:47 : EVT PMIC : PMIC Fast-charge constant cur
#1306075 10.07.2026 17:50:47 : EVT PMIC : PMIC Fast-charge constant cur
#1306076 10.07.2026 17:50:47 : EVT PMIC : PMIC Fast-charge constant cur
#1306077 10.07.2026 17:50:47 : EVT PMIC : PMIC Fast-charge constant cur
#1306078 10.07.2026 17:50:47 : EVT PMIC : PMIC Maintain charge
#1306079 10.07.2026 17:50:47 : EVT WIFI : APs scanned:14
#1306080 10.07.2026 17:50:47 : EVT WBSTORAGE : CACHE_DEFRAG (704->720, 24->24, 25)
#1306081 10.07.2026 17:50:47 : WRN WIFI : No APs matched to connect
#1306082 10.07.2026 17:50:47 : EVT WIFI : Scann APs (2/3)
#1306083 10.07.2026 17:50:47 : EVT PMIC : PMIC Fast-charge constant cur
#1306084 10.07.2026 17:50:48 : EVT PMIC : PMIC Fast-charge constant cur
#1306085 10.07.2026 17:50:48 : EVT PMIC : PMIC Fast-charge constant cur
#1306086 10.07.2026 17:50:48 : EVT WIFI : APs scanned:13
#1306087 10.07.2026 17:50:48 : WRN WIFI : No APs matched to connect
#1306088 10.07.2026 17:50:48 : EVT WIFI : Scann APs (3/3)
#1306089 10.07.2026 17:50:48 : EVT PMIC : PMIC Fast-charge constant cur
#1306090 10.07.2026 17:50:48 : EVT PMIC : PMIC Fast-charge constant cur
#1306091 10.07.2026 17:50:48 : EVT PMIC : PMIC Fast-charge constant cur
#1306092 10.07.2026 17:50:48 : EVT PMIC : PMIC Maintain charge
#1306093 10.07.2026 17:50:48 : EVT WIFI : APs scanned:14
#1306094 10.07.2026 17:50:48 : WRN WIFI : No APs matched to connect
#1306095 10.07.2026 17:50:48 : EVT WIFI : Internal connect ret:103
#1306096 10.07.2026 17:50:48 : ERR <Unknown> : DL GET resultCode=500
#1306097 10.07.2026 17:50:48 : EVT <Unknown> : DL try retry after 900000 ms
#1306098 10.07.2026 17:50:54 : EVT PMIC : PMIC Fast-charge constant cur
#1306099 10.07.2026 17:50:55 : EVT PMIC : PMIC temp zone:0x7
#1306100 10.07.2026 17:50:55 : EVT PMIC : VBUS state is OFF
#1306101 10.07.2026 17:50:55 : EVT PMIC : Turn charge OFF since VBUS->OFF
#1306102 10.07.2026 17:50:55 : EVT WBCOMM : Route lost: ECSD00000000
#1306103 10.07.2026 17:50:55 : TRC FUEL_GAUGE : Chg->0,B:5,C:25.3,V:4438,U:0,bF:100%,bC:100%
#1306104 10.07.2026 17:50:55 : EVT OHR : VBUS off
#1306105 10.07.2026 17:50:55 : EVT OHR : S:ON 0->1
#1306106 10.07.2026 17:50:55 : EVT ANALYTICS : Battery-> 1 soc:100
#1306107 10.07.2026 17:50:55 : EVT OHR : APPINIT:caps 0x1f4, 6b738616
#1306108 10.07.2026 17:50:55 : EVT <Unknown> : 1783698655774:AI@1783698655750, tz120
#1306109 10.07.2026 17:50:55 : EVT OHR : S:start 0x2123
#1306110 10.07.2026 17:50:55 : EVT <Unknown> : 1783698655781:Meas start 0x2123
#1306111 10.07.2026 17:50:56 : EVT <Unknown> : 1783698655796:PD1464, 0
#1306112 10.07.2026 17:50:56 : EVT <Unknown> : 1783698655856:GMV 20251126/1/4/0/395/46
#1306113 10.07.2026 17:50:56 : EVT <Unknown> : 1783698656110:Mi1.6.10, auth 0, hr_mode 0
#1306114 10.07.2026 17:50:57 : EVT <Unknown> : 1783698656362:On Skin Set.
#1306115 10.07.2026 17:50:58 : EVT WBSTORAGE : CACHE_DEFRAG (680->696, 24->24, 25)
#1306116 10.07.2026 17:50:58 : EVT WBSTORAGE : CACHE_DEFRAG (648->720, 24->24, 25)
#1306117 10.07.2026 17:50:59 : EVT WBSTORAGE : CACHE_DEFRAG (696->952, 24->24, 25)
#1306118 10.07.2026 17:50:59 : TRC NAVIGATION : CG: no climb WP
#1306119 10.07.2026 17:50:59 : TRC NAVIGATION : CG:init ZoomType=0
#1306120 10.07.2026 17:50:59 : EVT NAVIGATION : initSeg Idx=0 D=1 T=0 3-0-4
#1306121 10.07.2026 17:50:59 : EVT WBSTORAGE : CACHE_DEFRAG (872->928, 24->24, 25)
#1306122 10.07.2026 17:50:59 : EVT ALTIFUSION : AltiBaroMode:0
#1306123 10.07.2026 17:50:59 : EVT ALTIFUSION : Init AltiBaro
#1306124 10.07.2026 17:50:59 : EVT APPLICATION : Zapp zwc05901:Disable
#1306125 10.07.2026 17:50:59 : EVT ANALYTICS : Zapp disabled i:3 h:ddb248f2 n:Vector classic
#1306126 10.07.2026 17:50:59 : EVT ANALYTICS : SleepQ:Tracking:On
#1306127 10.07.2026 17:50:59 : EVT ALTIFUSION : AltiBaroMode:0
#1306128 10.07.2026 17:50:59 : EVT ALTIFUSION : Init AltiBaro
#1306129 10.07.2026 17:50:59 : EVT UI_FRAMEWORK : JS nsto enable zapp: zzwethen
#1306130 10.07.2026 17:50:59 : EVT UI_FRAMEWORK : JS nsto enable zapp: zzmoveen
#1306131 10.07.2026 17:50:59 : EVT UI_FRAMEWORK : JS nsto enable zapp: prbp4000
#1306132 10.07.2026 17:50:59 : EVT APPLICATION : Zapp zzwethen:Load script
#1306133 10.07.2026 17:50:59 : EVT APPLICATION : Zapp zzwethen:Enable
#1306134 10.07.2026 17:50:59 : EVT ANALYTICS : Zapp enabled i:8 h:3f77f8ec n:zzwethen v:ade
#1306135 10.07.2026 17:50:59 : EVT APPLICATION : Zapp clid:32878
#1306136 10.07.2026 17:50:59 : EVT APPLICATION : Zapp zzmoveen:Load script
#1306137 10.07.2026 17:50:59 : EVT APPLICATION : Zapp zzmoveen:Enable
#1306138 10.07.2026 17:50:59 : EVT ANALYTICS : Zapp enabled i:6 h:7aac0887 n:zzmoveen v:8e0
#1306139 10.07.2026 17:50:59 : EVT UI_FRAMEWORK : evalFile: b:/zapp/zzmoveen.fea/ext1.js from ui
#1306140 10.07.2026 17:50:59 : EVT APPLICATION : Zapp clid:32879
#1306141 10.07.2026 17:50:59 : EVT APPLICATION : Zapp prbp4000:Load script
#1306142 10.07.2026 17:51:00 : EVT APPLICATION : Zapp prbp4000:Enable
#1306143 10.07.2026 17:51:00 : EVT ANALYTICS : Zapp enabled i:20 h:3b1dca41 n:prbp4000 v:1.0
#1306144 10.07.2026 17:51:00 : EVT APPLICATION : Zapp clid:32880
#1306145 10.07.2026 17:51:00 : EVT UI_FRAMEWORK : JS nsto all zapps enabled.
#1306146 10.07.2026 17:51:00 : EVT UI_FRAMEWORK : JS Prestart Activity Id: 16.000
#1306147 10.07.2026 17:51:00 : WRN WBAPI : eID-691468(277): /Dive/Alarms/Acknowledge 404
#1306148 10.07.2026 17:51:00 : WRN WBAPI : eID-691468(277): /Dive/DiveGases 404
#1306149 10.07.2026 17:51:00 : WRN WBAPI : eID-691468(277): /Dive/Gauge/Next 404
#1306150 10.07.2026 17:51:00 : EVT WBSTORAGE : CACHE_DEFRAG (904->912, 24->24, 25)
#1306151 10.07.2026 17:51:00 : EVT WBSTORAGE : CACHE_DEFRAG (840->848, 24->24, 25)
#1306152 10.07.2026 17:51:00 : EVT WBSTORAGE : CACHE_DEFRAG (776->784, 24->24, 25)
#1306153 10.07.2026 17:51:00 : EVT BLE : BLE Sensor Link 4800180D Conn (--E-:00:1)
#1306154 10.07.2026 17:51:00 : WRN BLE : sendConnect 6157
#1306155 10.07.2026 17:51:00 : WRN WBAPI : eID-691468(277): /Dive/TankPressure/Alarm/Count 404
#1306156 10.07.2026 17:51:00 : EVT SPEEDFUSION : INFO # start speed fusion
#1306157 10.07.2026 17:51:00 : EVT SPEEDFUSION : Act:16,Acc:0,BPod:0,FPod:0,PPod:0,BeltPod:1
#1306158 10.07.2026 17:51:00 : EVT SPEEDFUSION : INFO # Start algo without wrist acc
#1306159 10.07.2026 17:51:00 : EVT <Unknown> : Update pres sampl intrvl:1
#1306160 10.07.2026 17:51:00 : EVT OHR : S:start 0x21a3
#1306161 10.07.2026 17:51:01 : ERR <Unknown> : 1783698660376:Mi invalid call:100,code:0.
#1306162 10.07.2026 17:51:01 : EVT <Unknown> : 1783698660796:Meas start 0x21a3
#1306163 10.07.2026 17:51:01 : EVT WIFI : Pwr down idle wifi (TO:13se)
#1306164 10.07.2026 17:51:01 : EVT WIFI : pwr down OK
#1306165 10.07.2026 17:51:04 : EVT UI_FRAMEWORK : evalFile: b:/zapp/prbp4000.fea/ext90.js from ui
#1306166 10.07.2026 17:51:05 : EVT UI_FRAMEWORK : evalFile: b:/zapp/prbp4000.fea/ext91.js from ui
#1306167 10.07.2026 17:51:05 : EVT OHR : No HR update, invalidate by timer
#1306168 10.07.2026 17:51:06 : EVT APPLICATION : Zapp prbp4000:Disable
#1306169 10.07.2026 17:51:06 : EVT ANALYTICS : Zapp disabled i:20 h:3b1dca41 n:PrbP4
#1306170 10.07.2026 17:51:06 : EVT WBSTORAGE : CACHE_DEFRAG (704->712, 24->24, 25)
#1306171 10.07.2026 17:51:10 : EVT BLE : lt,scan 1
#1306172 10.07.2026 17:51:10 : WRN BLE : sendDisconnect 6157
#1306173 10.07.2026 17:51:10 : ERR BLE : [AURA]No filters left, stopping scan
#1306174 10.07.2026 17:51:10 : ERR BLE : [AURA]Filter with handle 72 not found
#1306175 10.07.2026 17:51:10 : EVT BLE : packet 0 sensor found count 1
#1306176 10.07.2026 17:51:10 : EVT BLE : packet 0 sensor found count 2
#1306177 10.07.2026 17:51:11 : EVT APPLICATION : Zapp prbp4000:Load script
#1306178 10.07.2026 17:51:11 : EVT APPLICATION : Zapp prbp4000:Enable
#1306179 10.07.2026 17:51:11 : EVT ANALYTICS : Zapp enabled i:20 h:3b1dca41 n:prbp4000 v:1.0
#1306180 10.07.2026 17:51:11 : EVT APPLICATION : Zapp clid:32880
#1306181 10.07.2026 17:51:12 : EVT OHR : new HR update
#1306182 10.07.2026 17:51:12 : EVT ANALYTICS : #FusHr src:2 time:11325
#1306183 10.07.2026 17:51:15 : EVT UI_FRAMEWORK : evalFile: b:/zapp/prbp4000.fea/ext90.js from ui
#1306184 10.07.2026 17:51:16 : EVT UI_FRAMEWORK : evalFile: b:/zapp/prbp4000.fea/ext91.js from ui
#1306185 10.07.2026 17:51:22 : EVT APPLICATION : Zapp prbp4000:Disable
#1306186 10.07.2026 17:51:22 : EVT ANALYTICS : Zapp disabled i:20 h:3b1dca41 n:PrbP4
#1306187 10.07.2026 17:51:24 : EVT APPLICATION : Zapp prbp4000:Load script
#1306188 10.07.2026 17:51:24 : EVT APPLICATION : Zapp prbp4000:Enable
#1306189 10.07.2026 17:51:24 : EVT ANALYTICS : Zapp enabled i:20 h:3b1dca41 n:prbp4000 v:1.0
#1306190 10.07.2026 17:51:24 : EVT APPLICATION : Zapp clid:32880
#1306191 10.07.2026 17:51:28 : EVT UI_FRAMEWORK : evalFile: b:/zapp/prbp4000.fea/ext90.js from ui
#1306192 10.07.2026 17:51:29 : EVT UI_FRAMEWORK : evalFile: b:/zapp/prbp4000.fea/ext91.js from ui
#1306193 10.07.2026 17:51:33 : EVT APPLICATION : Zapp prbp4000:Disable
#1306194 10.07.2026 17:51:33 : EVT ANALYTICS : Zapp disabled i:20 h:3b1dca41 n:PrbP4
#1306195 10.07.2026 17:51:35 : EVT <Unknown> : 1783698694276:Off Skin Set.
#1306196 10.07.2026 17:51:35 : EVT <Unknown> : 1783698694778:On Skin Set.
#1306197 10.07.2026 17:51:35 : EVT APPLICATION : Zapp prbp4000:Load script
#1306198 10.07.2026 17:51:35 : EVT APPLICATION : Zapp prbp4000:Enable
#1306199 10.07.2026 17:51:35 : EVT ANALYTICS : Zapp enabled i:20 h:3b1dca41 n:prbp4000 v:1.0
#1306200 10.07.2026 17:51:35 : EVT APPLICATION : Zapp clid:32880
#1306201 10.07.2026 17:51:39 : EVT UI_FRAMEWORK : evalFile: b:/zapp/prbp4000.fea/ext90.js from ui
#1306202 10.07.2026 17:51:40 : EVT UI_FRAMEWORK : evalFile: b:/zapp/prbp4000.fea/ext91.js from ui
#1306203 10.07.2026 17:51:43 : EVT APPLICATION : Zapp prbp4000:Disable
#1306204 10.07.2026 17:51:43 : EVT ANALYTICS : Zapp disabled i:20 h:3b1dca41 n:PrbP4
#1306205 10.07.2026 17:51:51 : EVT APPLICATION : Zapp prbp4000:Load script
#1306206 10.07.2026 17:51:51 : EVT APPLICATION : Zapp prbp4000:Enable
#1306207 10.07.2026 17:51:51 : EVT ANALYTICS : Zapp enabled i:20 h:3b1dca41 n:prbp4000 v:1.0
#1306208 10.07.2026 17:51:51 : EVT APPLICATION : Zapp clid:32880
#1306209 10.07.2026 17:51:55 : EVT UI_FRAMEWORK : evalFile: b:/zapp/prbp4000.fea/ext90.js from ui
#1306210 10.07.2026 17:51:56 : EVT UI_FRAMEWORK : evalFile: b:/zapp/prbp4000.fea/ext91.js from ui
#1306211 10.07.2026 17:51:59 : EVT APPLICATION : Zapp prbp4000:Disable
#1306212 10.07.2026 17:51:59 : EVT ANALYTICS : Zapp disabled i:20 h:3b1dca41 n:PrbP4
#1306213 10.07.2026 17:52:07 : EVT APPLICATION : Zapp prbp4000:Load script
#1306214 10.07.2026 17:52:07 : EVT APPLICATION : Zapp prbp4000:Enable
#1306215 10.07.2026 17:52:07 : EVT ANALYTICS : Zapp enabled i:20 h:3b1dca41 n:prbp4000 v:1.0
#1306216 10.07.2026 17:52:07 : EVT APPLICATION : Zapp clid:32880
#1306217 10.07.2026 17:52:07 : EVT OHR : S:start 0x2123
#1306218 10.07.2026 17:52:08 : EVT <Unknown> : 1783698727513:Meas start 0x2123
#1306219 10.07.2026 17:52:11 : EVT UI_FRAMEWORK : evalFile: b:/zapp/prbp4000.fea/ext90.js from ui
#1306220 10.07.2026 17:52:11 : ERR APPLICATION : Zapp:relMemCb (exec:zapp)
#1306221 10.07.2026 17:52:11 : EVT APPLICATION : Zapp zzwethen:Disable
#1306222 10.07.2026 17:52:11 : EVT ANALYTICS : Zapp disabled i:8 h:3f77f8ec n:Weather
#1306223 10.07.2026 17:52:11 : ERR APPLICATION : Zapp 3:RelMem->unload
#1306224 10.07.2026 17:52:11 : ERR APPLICATION : Zapp:relMemCb (exec:zapp)
#1306225 10.07.2026 17:52:11 : EVT APPLICATION : Zapp zzmoveen:Disable
#1306226 10.07.2026 17:52:11 : EVT ANALYTICS : Zapp disabled i:6 h:7aac0887 n:Movement
#1306227 10.07.2026 17:52:11 : ERR APPLICATION : Zapp 3:RelMem->unload
#1306228 10.07.2026 17:52:11 : ERR APPLICATION : Zapp:relMemCb (exec:zapp)
#1306229 10.07.2026 17:52:11 : ERR APPLICATION : Zapp:RelMem->None avail
#1306230 10.07.2026 17:52:11 : ERR DUKTAPE : JSalloc:2095
#1306231 10.07.2026 17:52:11 : ERR APPLICATION : Zapp:relMemCb (exec:zapp)
#1306232 10.07.2026 17:52:11 : ERR APPLICATION : Zapp:RelMem->None avail
#1306233 10.07.2026 17:52:11 : ERR DUKTAPE : JSalloc:2095
#1306234 10.07.2026 17:52:11 : ERR APPLICATION : Zapp:relMemCb (exec:zapp)
#1306235 10.07.2026 17:52:11 : ERR APPLICATION : Zapp:RelMem->None avail
#1306236 10.07.2026 17:52:11 : ERR DUKTAPE : JSalloc:2095
#1306237 10.07.2026 17:52:12 : EVT UI_FRAMEWORK : evalFile: b:/zapp/prbp4000.fea/ext91.js from ui
#1306238 10.07.2026 17:52:19 : EVT <Unknown> : 1783698738148:Off Skin Set.
#1306239 10.07.2026 17:52:19 : EVT PMIC : VBUS state is ON
#1306240 10.07.2026 17:52:19 : EVT PMIC : chgCntl1:0x70
#1306241 10.07.2026 17:52:19 : EVT PMIC : check chgCntl1:0x74
#1306242 10.07.2026 17:52:19 : EVT PMIC : Turn charge ON since VBUS->ON
#1306243 10.07.2026 17:52:19 : EVT PMIC : PMIC temp zone:0x2
#1306244 10.07.2026 17:52:19 : EVT PMIC : PMIC Fast-charge constant cur
#1306245 10.07.2026 17:52:19 : EVT OHR : VBUS on
#1306246 10.07.2026 17:52:19 : EVT OHR : S:stop 23
#1306247 10.07.2026 17:52:19 : EVT <Unknown> : 1783698739564:Meas stop 0x2123
#1306248 10.07.2026 17:52:19 : EVT PMIC : VBUS state is ON
#1306249 10.07.2026 17:52:19 : WRN <Unknown> : 1783698739564:FSM EVT STOP.
#1306250 10.07.2026 17:52:19 : EVT OHR : S:OFF 1->0
#1306251 10.07.2026 17:52:20 : EVT PMIC : PMIC temp zone:0x7
#1306252 10.07.2026 17:52:20 : EVT PMIC : VBUS state is OFF
#1306253 10.07.2026 17:52:20 : EVT PMIC : Turn charge OFF since VBUS->OFF
#1306254 10.07.2026 17:52:20 : EVT OHR : VBUS off
#1306255 10.07.2026 17:52:20 : EVT OHR : S:ON 0->1
#1306256 10.07.2026 17:52:20 : EVT OHR : APPINIT:caps 0x1f4, 6b738616
#1306257 10.07.2026 17:52:20 : EVT <Unknown> : 1783698740544:AI@1783698740520, tz120
#1306258 10.07.2026 17:52:20 : EVT OHR : S:start 0x2123
#1306259 10.07.2026 17:52:20 : EVT <Unknown> : 1783698740550:Meas start 0x2123
#1306260 10.07.2026 17:52:20 : EVT <Unknown> : 1783698740560:PD1464, 0
#1306261 10.07.2026 17:52:20 : EVT <Unknown> : 1783698740623:GMV 20251126/1/4/0/395/46
#1306262 10.07.2026 17:52:20 : EVT <Unknown> : 1783698740877:Mi1.6.10, auth 0, hr_mode 0
#1306263 10.07.2026 17:52:21 : EVT <Unknown> : 1783698741178:On Skin Set.
#1306264 10.07.2026 17:52:23 : EVT OHR : No HR update, invalidate by timer
#1306265 10.07.2026 17:52:23 : WRN WBAPI : eID-691468(277): /Dive/TankPressure/Alarm/Count 404
#1306266 10.07.2026 17:52:23 : EVT OHR : S:start 0x21a3
#1306267 10.07.2026 17:52:24 : EVT <Unknown> : 1783698743865:Meas start 0x21a3
#1306268 10.07.2026 17:52:25 : ERR <Unknown> : 1783698745474:Mi invalid call:100,code:0.
#1306269 10.07.2026 17:52:28 : EVT OHR : No HR update, invalidate by timer
#1306270 10.07.2026 17:52:37 : EVT OHR : new HR update
#1306271 10.07.2026 17:54:24 : WRN <Unknown> : 1783698863896:Device stationary, stopping optical meas
#1306272 10.07.2026 17:54:24 : EVT <Unknown> : 1783698863896:SCD DET STATE OFF cnt:0/0.
#1306273 10.07.2026 17:54:28 : EVT OHR : No HR update, invalidate by timer
#1306274 10.07.2026 17:56:19 : EVT BRIGHTNESS : pwr bright:1 250
#1306275 10.07.2026 17:56:20 : EVT <Unknown> : 1783698979806:xiaomi reset t:239285858/123377502.
#1306276 10.07.2026 17:56:20 : EVT <Unknown> : 1783698979806:On Skin Set.
#1306277 10.07.2026 17:56:24 : ERR <Unknown> : 1783698983818:Mi invalid call:100,code:0.
#1306278 10.07.2026 17:56:35 : EVT OHR : new HR update
#1306279 10.07.2026 17:56:37 : EVT LOGGER : HrIbiLogger stop, off (0 ms)
#1306280 10.07.2026 17:56:37 : EVT WBSTORAGE : CACHE_DEFRAG (648->792, 24->24, 25)
#1306281 10.07.2026 17:56:37 : EVT WBSTORAGE : CACHE_DEFRAG (776->784, 24->24, 25)
#1306282 10.07.2026 17:56:37 : TRC NAVIGATION : CG: no climb WP
#1306283 10.07.2026 17:56:37 : TRC NAVIGATION : CG:init ZoomType=0
#1306284 10.07.2026 17:56:37 : EVT NAVIGATION : initSeg Idx=0 D=1 T=0 3-0-4
#1306285 10.07.2026 17:56:37 : EVT WBSTORAGE : CACHE_DEFRAG (768->1048, 24->24, 25)
#1306286 10.07.2026 17:56:37 : EVT SPEEDFUSION : INFO # IDLE mode(-1) set
#1306287 10.07.2026 17:56:37 : EVT ALTIFUSION : AltiBaroMode:2
#1306288 10.07.2026 17:56:37 : EVT APPLICATION : Zapp prbp4000:Disable
#1306289 10.07.2026 17:56:37 : EVT ANALYTICS : Zapp disabled i:20 h:3b1dca41 n:PrbP4
#1306290 10.07.2026 17:56:37 : EVT SPEEDFUSION : INFO # stop speed fusion
#1306291 10.07.2026 17:56:37 : EVT <Unknown> : Update pres sampl intrvl:5
#1306292 10.07.2026 17:56:37 : EVT ANALYTICS : SleepQ:Tracking:On
#1306293 10.07.2026 17:56:37 : EVT OHR : S:start 0x2123
#1306294 10.07.2026 17:56:37 : EVT WBSTORAGE : CACHE_DEFRAG (1024->1032, 24->24, 25)
#1306295 10.07.2026 17:56:37 : EVT <Unknown> : 1783698997455:Meas start 0x2123
#1306296 10.07.2026 17:56:38 : EVT APPLICATION : Zapp zwc05901:Load script
#1306297 10.07.2026 17:56:38 : EVT APPLICATION : Zapp zwc05901:Enable
#1306298 10.07.2026 17:56:38 : EVT ANALYTICS : Zapp enabled i:3 h:ddb248f2 n:zwc05901 v:124f
#1306299 10.07.2026 17:56:38 : WRN WBAPI : eID-691468(277): /Weather/Current/ValidWeatherData.temp 
#1306300 10.07.2026 17:56:38 : EVT BLE : Disconn sensor:1
#1306301 10.07.2026 17:56:38 : EVT BLE : BLE Sensor Link 4800180D Disc (L-E-:00:0)
#1306302 10.07.2026 17:56:38 : WRN BLE : sendDisconnect 6157
#1306303 10.07.2026 17:56:38 : ERR BLE : [AURA]No filters left, stopping scan
#1306304 10.07.2026 17:56:43 : EVT OHR : No HR update, invalidate by timer
#1306305 10.07.2026 17:56:46 : EVT OHR : new HR update
#1306306 10.07.2026 17:57:03 : EVT OHR : No HR update, invalidate by timer
#1306307 10.07.2026 17:57:08 : ERR <Unknown> : 1783699028207:Hr_out conf_low:82/10.
#1306308 10.07.2026 17:57:12 : EVT OHR : new HR update
#1306309 10.07.2026 17:57:30 : EVT OHR : No HR update, invalidate by timer
#1306310 10.07.2026 17:57:31 : EVT OHR : new HR update
#1306311 10.07.2026 17:57:53 : EVT OHR : No HR update, invalidate by timer
#1306312 10.07.2026 17:57:57 : EVT OHR : new HR update
#1306313 10.07.2026 17:58:28 : EVT OHR : No HR update, invalidate by timer
#1306314 10.07.2026 17:58:33 : ERR <Unknown> : 1783699113422:Hr_out conf_low:73/10.
#1306315 10.07.2026 17:58:37 : WRN <Unknown> : 1783699117484:Device stationary, stopping optical meas
#1306316 10.07.2026 17:58:37 : EVT <Unknown> : 1783699117484:SCD DET STATE OFF cnt:0/0.
#1306317 10.07.2026 17:59:00 : EVT SEDENTARY : stop monitoring
#1306318 10.07.2026 18:00:01 : ERR WBMAIN : *0: app 1079 Event 24 80892700
#1306319 10.07.2026 18:00:01 : ERR WBMAIN : 1: mea 0 Event 3 80891701
#1306320 10.07.2026 18:00:01 : ERR WBMAIN : 2: ui 9 Wait 0 00000000
#1306321 10.07.2026 18:00:01 : EVT <Unknown> : pwr daily,ontime:18
#1306322 10.07.2026 18:00:01 : EVT WBSTORAGE : CACHE_DEFRAG (904->912, 24->24, 25)
#1306323 10.07.2026 18:00:01 : EVT WEATHER : t:495462, d:10
#1306324 10.07.2026 18:00:31 : EVT <Unknown> : 1783699230768:xiaomi reset t:490248107/376965423.
#1306325 10.07.2026 18:00:31 : EVT <Unknown> : 1783699230768:On Skin Set.
#1306326 10.07.2026 18:00:35 : ERR <Unknown> : 1783699234778:Mi invalid call:100,code:0.
#1306327 10.07.2026 18:00:46 : EVT OHR : new HR update
#1306328 10.07.2026 18:01:02 : EVT OHR : No HR update, invalidate by timer
#1306329 10.07.2026 18:01:07 : ERR <Unknown> : 1783699267088:Hr_out conf_low:73/10.
#1306330 10.07.2026 18:01:16 : EVT OHR : new HR update
#1306331 10.07.2026 18:01:21 : EVT OHR : No HR update, invalidate by timer
#1306332 10.07.2026 18:01:26 : ERR <Unknown> : 1783699286305:Hr_out conf_low:73/10.
#1306333 10.07.2026 18:01:46 : ERR <Unknown> : 1783699306303:Hr_out conf_low:75/30.
#1306334 10.07.2026 18:01:48 : EVT OHR : new HR update
#1306335 10.07.2026 18:01:53 : EVT OHR : No HR update, invalidate by timer
#1306336 10.07.2026 18:01:58 : ERR <Unknown> : 1783699318315:Hr_out conf_low:77/10.
#1306337 10.07.2026 18:02:00 : EVT SEDENTARY : stop monitoring
#1306338 10.07.2026 18:02:03 : EVT OHR : new HR update
#1306339 10.07.2026 18:02:31 : WRN <Unknown> : 1783699350796:Device stationary, stopping optical meas
#1306340 10.07.2026 18:02:31 : EVT <Unknown> : 1783699350797:SCD DET STATE OFF cnt:0/0.
#1306341 10.07.2026 18:02:35 : EVT OHR : No HR update, invalidate by timer
#1306342 10.07.2026 18:03:00 : EVT SEDENTARY : stop monitoring
#1306343 10.07.2026 18:03:38 : EVT <Unknown> : 1783699417944:xiaomi reset t:677424407/610277984.
#1306344 10.07.2026 18:03:38 : EVT <Unknown> : 1783699417945:On Skin Set.
#1306345 10.07.2026 18:03:41 : ERR <Unknown> : 1783699421554:Mi invalid call:100,code:0.
#1306346 10.07.2026 18:03:47 : EVT OHR : new HR update
#1306347 10.07.2026 18:03:59 : EVT OHR : No HR update, invalidate by timer
#1306348 10.07.2026 18:04:00 : EVT SEDENTARY : stop monitoring
#1306349 10.07.2026 18:04:02 : EVT OHR : new HR update
#1306350 10.07.2026 18:04:07 : EVT OHR : No HR update, invalidate by timer
#1306351 10.07.2026 18:04:12 : ERR <Unknown> : 1783699452260:Hr_out conf_low:66/10.
#1306352 10.07.2026 18:04:32 : ERR <Unknown> : 1783699472279:Hr_out conf_low:69/30.
#1306353 10.07.2026 18:05:00 : EVT SEDENTARY : stop monitoring
#1306354 10.07.2026 18:05:02 : EVT OHR : new HR update
#1306355 10.07.2026 18:05:15 : EVT OHR : No HR update, invalidate by timer
#1306356 10.07.2026 18:05:19 : EVT OHR : new HR update
#1306357 10.07.2026 18:05:36 : EVT OHR : No HR update, invalidate by timer
#1306358 10.07.2026 18:05:37 : WRN <Unknown> : 1783699537973:Device stationary, stopping optical meas
#1306359 10.07.2026 18:05:37 : EVT <Unknown> : 1783699537973:SCD DET STATE OFF cnt:0/0.
#1306360 10.07.2026 18:06:00 : EVT SEDENTARY : stop monitoring
#1306361 10.07.2026 18:10:01 : ERR WBMAIN : *0: app 1036 Event 24 80892700
#1306362 10.07.2026 18:10:01 : ERR WBMAIN : 1: mea 0 Event 3 80891701
#1306363 10.07.2026 18:10:01 : ERR WBMAIN : 2: ui 36 Wait 0 00000000
#1306364 10.07.2026 18:11:28 : EVT <Unknown> : 1783699887564:xiaomi reset t:1147044647/797454284.
#1306365 10.07.2026 18:11:28 : EVT <Unknown> : 1783699887565:On Skin Set.
#1306366 10.07.2026 18:11:31 : ERR <Unknown> : 1783699891174:Mi invalid call:100,code:0.
#1306367 10.07.2026 18:11:32 : EVT WBSTORAGE : CACHE_DEFRAG (800->808, 24->24, 25)
#1306368 10.07.2026 18:11:32 : EVT WBSTORAGE : CACHE_DEFRAG (760->792, 24->24, 25)
#1306369 10.07.2026 18:11:32 : EVT WBSTORAGE : CACHE_DEFRAG (768->776, 24->24, 25)
#1306370 10.07.2026 18:11:32 : EVT WBSTORAGE : CACHE_DEFRAG (760->768, 24->24, 25)
#1306371 10.07.2026 18:11:32 : EVT WBSTORAGE : CACHE_DEFRAG (752->760, 24->24, 25)
#1306372 10.07.2026 18:11:32 : EVT WBSTORAGE : CACHE_DEFRAG (744->776, 24->24, 25)
#1306373 10.07.2026 18:11:32 : TRC NAVIGATION : CG: no climb WP
#1306374 10.07.2026 18:11:32 : TRC NAVIGATION : CG:init ZoomType=0
#1306375 10.07.2026 18:11:32 : EVT NAVIGATION : initSeg Idx=0 D=1 T=0 3-0-4
#1306376 10.07.2026 18:11:32 : EVT WBSTORAGE : CACHE_DEFRAG (696->968, 24->24, 25)
#1306377 10.07.2026 18:11:32 : EVT ALTIFUSION : AltiBaroMode:0
#1306378 10.07.2026 18:11:32 : EVT ALTIFUSION : Init AltiBaro
#1306379 10.07.2026 18:11:33 : EVT APPLICATION : Zapp zwc05901:Disable
#1306380 10.07.2026 18:11:33 : EVT ANALYTICS : Zapp disabled i:3 h:ddb248f2 n:Vector classic
#1306381 10.07.2026 18:11:33 : EVT ANALYTICS : SleepQ:Tracking:On
#1306382 10.07.2026 18:11:33 : EVT ALTIFUSION : AltiBaroMode:0
#1306383 10.07.2026 18:11:33 : EVT ALTIFUSION : Init AltiBaro
#1306384 10.07.2026 18:11:33 : EVT WBSTORAGE : CACHE_DEFRAG (944->952, 24->24, 25)
#1306385 10.07.2026 18:11:33 : EVT UI_FRAMEWORK : JS nsto enable zapp: zzwethen
#1306386 10.07.2026 18:11:33 : EVT UI_FRAMEWORK : JS nsto enable zapp: zzmoveen
#1306387 10.07.2026 18:11:33 : EVT UI_FRAMEWORK : JS nsto enable zapp: prbp4000
#1306388 10.07.2026 18:11:33 : EVT APPLICATION : Zapp zzwethen:Load script
#1306389 10.07.2026 18:11:33 : EVT APPLICATION : Zapp zzwethen:Enable
#1306390 10.07.2026 18:11:33 : EVT ANALYTICS : Zapp enabled i:8 h:3f77f8ec n:zzwethen v:ade
#1306391 10.07.2026 18:11:33 : EVT APPLICATION : Zapp clid:32878
#1306392 10.07.2026 18:11:33 : EVT APPLICATION : Zapp zzmoveen:Load script
#1306393 10.07.2026 18:11:33 : EVT APPLICATION : Zapp zzmoveen:Enable
#1306394 10.07.2026 18:11:33 : EVT ANALYTICS : Zapp enabled i:6 h:7aac0887 n:zzmoveen v:8e0
#1306395 10.07.2026 18:11:33 : EVT UI_FRAMEWORK : evalFile: b:/zapp/zzmoveen.fea/ext1.js from ui
#1306396 10.07.2026 18:11:33 : EVT APPLICATION : Zapp clid:32879
#1306397 10.07.2026 18:11:33 : EVT APPLICATION : Zapp prbp4000:Load script
#1306398 10.07.2026 18:11:33 : EVT APPLICATION : Zapp prbp4000:Enable
#1306399 10.07.2026 18:11:34 : EVT ANALYTICS : Zapp enabled i:20 h:3b1dca41 n:prbp4000 v:1.0
#1306400 10.07.2026 18:11:34 : EVT APPLICATION : Zapp clid:32880
#1306401 10.07.2026 18:11:34 : EVT UI_FRAMEWORK : JS nsto all zapps enabled.
#1306402 10.07.2026 18:11:34 : EVT UI_FRAMEWORK : JS Prestart Activity Id: 16.000
#1306403 10.07.2026 18:11:34 : WRN WBAPI : eID-691468(277): /Dive/Alarms/Acknowledge 404
#1306404 10.07.2026 18:11:34 : WRN WBAPI : eID-691468(277): /Dive/DiveGases 404
#1306405 10.07.2026 18:11:34 : WRN WBAPI : eID-691468(277): /Dive/Gauge/Next 404
#1306406 10.07.2026 18:11:34 : EVT WBSTORAGE : CACHE_DEFRAG (904->912, 24->24, 25)
#1306407 10.07.2026 18:11:34 : EVT WBSTORAGE : CACHE_DEFRAG (840->848, 24->24, 25)
#1306408 10.07.2026 18:11:34 : EVT WBSTORAGE : CACHE_DEFRAG (776->784, 24->24, 25)
#1306409 10.07.2026 18:11:34 : EVT BLE : BLE Sensor Link 4800180D Conn (--E-:00:1)
#1306410 10.07.2026 18:11:34 : WRN BLE : sendConnect 6157
#1306411 10.07.2026 18:11:34 : WRN WBAPI : eID-691468(277): /Dive/TankPressure/Alarm/Count 404
#1306412 10.07.2026 18:11:34 : EVT SPEEDFUSION : INFO # start speed fusion
#1306413 10.07.2026 18:11:35 : EVT SPEEDFUSION : Act:16,Acc:0,BPod:0,FPod:0,PPod:0,BeltPod:1
#1306414 10.07.2026 18:11:35 : EVT SPEEDFUSION : INFO # Start algo without wrist acc
#1306415 10.07.2026 18:11:35 : EVT <Unknown> : Update pres sampl intrvl:1
#1306416 10.07.2026 18:11:35 : EVT OHR : S:start 0x21a3
#1306417 10.07.2026 18:11:35 : EVT <Unknown> : 1783699895103:Meas start 0x21a3
#1306418 10.07.2026 18:11:38 : EVT UI_FRAMEWORK : evalFile: b:/zapp/prbp4000.fea/ext90.js from ui
#1306419 10.07.2026 18:11:39 : EVT UI_FRAMEWORK : evalFile: b:/zapp/prbp4000.fea/ext91.js from ui
#1306420 10.07.2026 18:11:39 : EVT OHR : No HR update, invalidate by timer
#1306421 10.07.2026 18:11:43 : EVT OHR : new HR update
#1306422 10.07.2026 18:11:44 : EVT BLE : lt,scan 1
#1306423 10.07.2026 18:11:44 : WRN BLE : sendDisconnect 6157
#1306424 10.07.2026 18:11:44 : ERR BLE : [AURA]No filters left, stopping scan
#1306425 10.07.2026 18:11:44 : ERR BLE : [AURA]Filter with handle 72 not found
#1306426 10.07.2026 18:11:44 : EVT BLE : packet 0 sensor found count 1
#1306427 10.07.2026 18:11:44 : EVT BLE : packet 0 sensor found count 2
#1306428 10.07.2026 18:11:45 : EVT ANALYTICS : #FusHr src:2 time:10433
#1306429 10.07.2026 18:11:52 : EVT APPLICATION : Zapp prbp4000:Disable
#1306430 10.07.2026 18:11:52 : EVT ANALYTICS : Zapp disabled i:20 h:3b1dca41 n:PrbP4
#1306431 10.07.2026 18:11:52 : EVT WBSTORAGE : CACHE_DEFRAG (704->712, 24->24, 25)
#1306432 10.07.2026 18:11:56 : EVT APPLICATION : Zapp prbp4000:Load script
#1306433 10.07.2026 18:11:56 : EVT APPLICATION : Zapp prbp4000:Enable
#1306434 10.07.2026 18:11:56 : EVT ANALYTICS : Zapp enabled i:20 h:3b1dca41 n:prbp4000 v:1.0
#1306435 10.07.2026 18:11:56 : EVT APPLICATION : Zapp clid:32880
#1306436 10.07.2026 18:12:00 : EVT UI_FRAMEWORK : evalFile: b:/zapp/prbp4000.fea/ext90.js from ui
#1306437 10.07.2026 18:12:01 : EVT UI_FRAMEWORK : evalFile: b:/zapp/prbp4000.fea/ext91.js from ui
#1306438 10.07.2026 18:12:08 : EVT APPLICATION : Zapp prbp4000:Disable
#1306439 10.07.2026 18:12:08 : EVT ANALYTICS : Zapp disabled i:20 h:3b1dca41 n:PrbP4
#1306440 10.07.2026 18:12:12 : EVT APPLICATION : Zapp prbp4000:Load script
#1306441 10.07.2026 18:12:13 : EVT APPLICATION : Zapp prbp4000:Enable
#1306442 10.07.2026 18:12:13 : EVT ANALYTICS : Zapp enabled i:20 h:3b1dca41 n:prbp4000 v:1.0
#1306443 10.07.2026 18:12:13 : EVT APPLICATION : Zapp clid:32880
#1306444 10.07.2026 18:12:17 : EVT UI_FRAMEWORK : evalFile: b:/zapp/prbp4000.fea/ext90.js from ui
#1306445 10.07.2026 18:12:18 : EVT UI_FRAMEWORK : evalFile: b:/zapp/prbp4000.fea/ext91.js from ui
#1306446 10.07.2026 18:12:27 : EVT APPLICATION : Zapp prbp4000:Disable
#1306447 10.07.2026 18:12:27 : EVT ANALYTICS : Zapp disabled i:20 h:3b1dca41 n:PrbP4
#1306448 10.07.2026 18:12:29 : EVT APPLICATION : Zapp prbp4000:Load script
#1306449 10.07.2026 18:12:29 : EVT APPLICATION : Zapp prbp4000:Enable
#1306450 10.07.2026 18:12:29 : EVT ANALYTICS : Zapp enabled i:20 h:3b1dca41 n:prbp4000 v:1.0
#1306451 10.07.2026 18:12:29 : EVT APPLICATION : Zapp clid:32880
#1306452 10.07.2026 18:12:33 : EVT UI_FRAMEWORK : evalFile: b:/zapp/prbp4000.fea/ext90.js from ui
#1306453 10.07.2026 18:12:34 : EVT UI_FRAMEWORK : evalFile: b:/zapp/prbp4000.fea/ext91.js from ui
#1306454 10.07.2026 18:12:41 : EVT APPLICATION : Zapp prbp4000:Disable
#1306455 10.07.2026 18:12:41 : EVT ANALYTICS : Zapp disabled i:20 h:3b1dca41 n:PrbP4
#1306456 10.07.2026 18:12:43 : EVT APPLICATION : Zapp prbp4000:Load script
#1306457 10.07.2026 18:12:43 : EVT APPLICATION : Zapp prbp4000:Enable
#1306458 10.07.2026 18:12:43 : EVT ANALYTICS : Zapp enabled i:20 h:3b1dca41 n:prbp4000 v:1.0
#1306459 10.07.2026 18:12:43 : EVT APPLICATION : Zapp clid:32880
#1306460 10.07.2026 18:12:47 : EVT UI_FRAMEWORK : evalFile: b:/zapp/prbp4000.fea/ext90.js from ui
#1306461 10.07.2026 18:12:48 : EVT UI_FRAMEWORK : evalFile: b:/zapp/prbp4000.fea/ext91.js from ui
#1306462 10.07.2026 18:12:53 : EVT APPLICATION : Zapp prbp4000:Disable
#1306463 10.07.2026 18:12:53 : EVT ANALYTICS : Zapp disabled i:20 h:3b1dca41 n:PrbP4
#1306464 10.07.2026 18:12:59 : EVT APPLICATION : Zapp prbp4000:Load script
#1306465 10.07.2026 18:12:59 : EVT APPLICATION : Zapp prbp4000:Enable
#1306466 10.07.2026 18:12:59 : EVT ANALYTICS : Zapp enabled i:20 h:3b1dca41 n:prbp4000 v:1.0
#1306467 10.07.2026 18:12:59 : EVT APPLICATION : Zapp clid:32880
#1306468 10.07.2026 18:12:59 : EVT OHR : S:start 0x2123
#1306469 10.07.2026 18:13:00 : EVT <Unknown> : 1783699979521:Meas start 0x2123
#1306470 10.07.2026 18:13:03 : EVT UI_FRAMEWORK : evalFile: b:/zapp/prbp4000.fea/ext90.js from ui
#1306471 10.07.2026 18:13:03 : ERR APPLICATION : Zapp:relMemCb (exec:zapp)
#1306472 10.07.2026 18:13:03 : EVT APPLICATION : Zapp zzwethen:Disable
#1306473 10.07.2026 18:13:03 : EVT ANALYTICS : Zapp disabled i:8 h:3f77f8ec n:Weather
#1306474 10.07.2026 18:13:03 : ERR APPLICATION : Zapp 3:RelMem->unload
#1306475 10.07.2026 18:13:03 : ERR APPLICATION : Zapp:relMemCb (exec:zapp)
#1306476 10.07.2026 18:13:03 : EVT APPLICATION : Zapp zzmoveen:Disable
#1306477 10.07.2026 18:13:03 : EVT ANALYTICS : Zapp disabled i:6 h:7aac0887 n:Movement
#1306478 10.07.2026 18:13:03 : ERR APPLICATION : Zapp 3:RelMem->unload
#1306479 10.07.2026 18:13:03 : ERR APPLICATION : Zapp:relMemCb (exec:zapp)
#1306480 10.07.2026 18:13:03 : ERR APPLICATION : Zapp:RelMem->None avail
#1306481 10.07.2026 18:13:03 : ERR DUKTAPE : JSalloc:2095
#1306482 10.07.2026 18:13:03 : ERR APPLICATION : Zapp:relMemCb (exec:zapp)
#1306483 10.07.2026 18:13:03 : ERR APPLICATION : Zapp:RelMem->None avail
#1306484 10.07.2026 18:13:03 : ERR DUKTAPE : JSalloc:2095
#1306485 10.07.2026 18:13:03 : ERR APPLICATION : Zapp:relMemCb (exec:zapp)
#1306486 10.07.2026 18:13:03 : ERR APPLICATION : Zapp:RelMem->None avail
#1306487 10.07.2026 18:13:03 : ERR DUKTAPE : JSalloc:2095
#1306488 10.07.2026 18:13:03 : ERR APPLICATION : Zapp:relMemCb (exec:zapp)
#1306489 10.07.2026 18:13:03 : ERR APPLICATION : Zapp:RelMem->None avail
#1306490 10.07.2026 18:13:03 : ERR DUKTAPE : JSalloc:2095
#1306491 10.07.2026 18:13:03 : ERR APPLICATION : Zapp:relMemCb (exec:zapp)
#1306492 10.07.2026 18:13:03 : ERR APPLICATION : Zapp:RelMem->None avail
#1306493 10.07.2026 18:13:03 : ERR DUKTAPE : JSalloc:2095
#1306494 10.07.2026 18:13:03 : ERR APPLICATION : Zapp:relMemCb (exec:zapp)
#1306495 10.07.2026 18:13:03 : ERR APPLICATION : Zapp:RelMem->None avail
#1306496 10.07.2026 18:13:03 : ERR DUKTAPE : JSalloc:2095
#1306497 10.07.2026 18:13:03 : ERR APPLICATION : Zapp:relMemCb (exec:zapp)
#1306498 10.07.2026 18:13:03 : ERR APPLICATION : Zapp:RelMem->None avail
#1306499 10.07.2026 18:13:03 : ERR DUKTAPE : JSalloc:2095
#1306500 10.07.2026 18:13:03 : ERR APPLICATION : Zapp:relMemCb (exec:zapp)
#1306501 10.07.2026 18:13:03 : ERR APPLICATION : Zapp:RelMem->None avail
#1306502 10.07.2026 18:13:03 : ERR DUKTAPE : JSalloc:2095
#1306503 10.07.2026 18:13:03 : ERR APPLICATION : Zapp:relMemCb (exec:zapp)
#1306504 10.07.2026 18:13:03 : ERR APPLICATION : Zapp:RelMem->None avail
#1306505 10.07.2026 18:13:03 : ERR DUKTAPE : JSalloc:2095
#1306506 10.07.2026 18:13:03 : ERR APPLICATION : Zapp:relMemCb (exec:zapp)
#1306507 10.07.2026 18:13:03 : ERR APPLICATION : Zapp:RelMem->None avail
#1306508 10.07.2026 18:13:03 : ERR DUKTAPE : JSalloc:2095
#1306509 10.07.2026 18:13:03 : ERR APPLICATION : Zapp:relMemCb (exec:zapp)
#1306510 10.07.2026 18:13:03 : ERR APPLICATION : Zapp:RelMem->None avail
#1306511 10.07.2026 18:13:03 : ERR DUKTAPE : JSalloc:2095
#1306512 10.07.2026 18:13:03 : ERR APPLICATION : evalFile: failed to eval b:/zapp/prbp4000.fea/ext90.js
#1306513 10.07.2026 18:13:06 : EVT UI_FRAMEWORK : evalFile: b:/zapp/prbp4000.fea/ext90.js from ui
#1306514 10.07.2026 18:13:06 : ERR APPLICATION : Zapp:relMemCb (exec:zapp)
#1306515 10.07.2026 18:13:06 : ERR APPLICATION : Zapp:RelMem->None avail
#1306516 10.07.2026 18:13:06 : ERR DUKTAPE : JSalloc:2095
#1306517 10.07.2026 18:13:06 : ERR APPLICATION : Zapp:relMemCb (exec:zapp)
#1306518 10.07.2026 18:13:06 : ERR APPLICATION : Zapp:RelMem->None avail
#1306519 10.07.2026 18:13:06 : ERR DUKTAPE : JSalloc:2095
#1306520 10.07.2026 18:13:06 : ERR APPLICATION : Zapp:relMemCb (exec:zapp)
#1306521 10.07.2026 18:13:06 : ERR APPLICATION : Zapp:RelMem->None avail
#1306522 10.07.2026 18:13:06 : ERR DUKTAPE : JSalloc:2095
#1306523 10.07.2026 18:13:06 : ERR APPLICATION : Zapp:relMemCb (exec:zapp)
#1306524 10.07.2026 18:13:06 : ERR APPLICATION : Zapp:RelMem->None avail
#1306525 10.07.2026 18:13:06 : ERR DUKTAPE : JSalloc:2095
#1306526 10.07.2026 18:13:06 : ERR APPLICATION : Zapp:relMemCb (exec:zapp)
#1306527 10.07.2026 18:13:06 : ERR APPLICATION : Zapp:RelMem->None avail
#1306528 10.07.2026 18:13:06 : ERR DUKTAPE : JSalloc:2095
#1306529 10.07.2026 18:13:06 : ERR APPLICATION : Zapp:relMemCb (exec:zapp)
#1306530 10.07.2026 18:13:06 : ERR APPLICATION : Zapp:RelMem->None avail
#1306531 10.07.2026 18:13:06 : ERR DUKTAPE : JSalloc:2095
#1306532 10.07.2026 18:13:06 : ERR APPLICATION : Zapp:relMemCb (exec:zapp)
#1306533 10.07.2026 18:13:06 : ERR APPLICATION : Zapp:RelMem->None avail
#1306534 10.07.2026 18:13:06 : ERR DUKTAPE : JSalloc:2095
#1306535 10.07.2026 18:13:06 : ERR APPLICATION : Zapp:relMemCb (exec:zapp)
#1306536 10.07.2026 18:13:06 : ERR APPLICATION : Zapp:RelMem->None avail
#1306537 10.07.2026 18:13:06 : ERR DUKTAPE : JSalloc:2095
#1306538 10.07.2026 18:13:06 : ERR APPLICATION : Zapp:relMemCb (exec:zapp)
#1306539 10.07.2026 18:13:06 : ERR APPLICATION : Zapp:RelMem->None avail
#1306540 10.07.2026 18:13:06 : ERR DUKTAPE : JSalloc:2095
#1306541 10.07.2026 18:13:06 : ERR APPLICATION : Zapp:relMemCb (exec:zapp)
#1306542 10.07.2026 18:13:06 : ERR APPLICATION : Zapp:RelMem->None avail
#1306543 10.07.2026 18:13:06 : ERR DUKTAPE : JSalloc:2095
#1306544 10.07.2026 18:13:06 : ERR APPLICATION : Zapp:relMemCb (exec:zapp)
#1306545 10.07.2026 18:13:06 : ERR APPLICATION : Zapp:RelMem->None avail
#1306546 10.07.2026 18:13:06 : ERR DUKTAPE : JSalloc:2095
#1306547 10.07.2026 18:13:06 : ERR APPLICATION : evalFile: failed to eval b:/zapp/prbp4000.fea/ext90.js
#1306548 10.07.2026 18:13:09 : EVT UI_FRAMEWORK : evalFile: b:/zapp/prbp4000.fea/ext90.js from ui
#1306549 10.07.2026 18:13:09 : ERR APPLICATION : Zapp:relMemCb (exec:zapp)
#1306550 10.07.2026 18:13:09 : ERR APPLICATION : Zapp:RelMem->None avail
#1306551 10.07.2026 18:13:09 : ERR DUKTAPE : JSalloc:2095
#1306552 10.07.2026 18:13:09 : ERR APPLICATION : Zapp:relMemCb (exec:zapp)
#1306553 10.07.2026 18:13:09 : ERR APPLICATION : Zapp:RelMem->None avail
#1306554 10.07.2026 18:13:09 : ERR DUKTAPE : JSalloc:2095
#1306555 10.07.2026 18:13:09 : ERR APPLICATION : Zapp:relMemCb (exec:zapp)
#1306556 10.07.2026 18:13:09 : ERR APPLICATION : Zapp:RelMem->None avail
#1306557 10.07.2026 18:13:09 : ERR DUKTAPE : JSalloc:2095
#1306558 10.07.2026 18:13:09 : ERR APPLICATION : Zapp:relMemCb (exec:zapp)
#1306559 10.07.2026 18:13:09 : ERR APPLICATION : Zapp:RelMem->None avail
#1306560 10.07.2026 18:13:09 : ERR DUKTAPE : JSalloc:2095
#1306561 10.07.2026 18:13:09 : ERR APPLICATION : Zapp:relMemCb (exec:zapp)
#1306562 10.07.2026 18:13:09 : ERR APPLICATION : Zapp:RelMem->None avail
#1306563 10.07.2026 18:13:09 : ERR DUKTAPE : JSalloc:2095
#1306564 10.07.2026 18:13:09 : ERR APPLICATION : Zapp:relMemCb (exec:zapp)
#1306565 10.07.2026 18:13:09 : ERR APPLICATION : Zapp:RelMem->None avail
#1306566 10.07.2026 18:13:09 : ERR DUKTAPE : JSalloc:2095
#1306567 10.07.2026 18:13:09 : ERR APPLICATION : Zapp:relMemCb (exec:zapp)
#1306568 10.07.2026 18:13:09 : ERR APPLICATION : Zapp:RelMem->None avail
#1306569 10.07.2026 18:13:09 : ERR DUKTAPE : JSalloc:2095
#1306570 10.07.2026 18:13:09 : ERR APPLICATION : Zapp:relMemCb (exec:zapp)
#1306571 10.07.2026 18:13:09 : ERR APPLICATION : Zapp:RelMem->None avail
#1306572 10.07.2026 18:13:09 : ERR DUKTAPE : JSalloc:2095
#1306573 10.07.2026 18:13:09 : ERR APPLICATION : Zapp:relMemCb (exec:zapp)
#1306574 10.07.2026 18:13:09 : ERR APPLICATION : Zapp:RelMem->None avail
#1306575 10.07.2026 18:13:09 : ERR DUKTAPE : JSalloc:2095
#1306576 10.07.2026 18:13:09 : ERR APPLICATION : Zapp:relMemCb (exec:zapp)
#1306577 10.07.2026 18:13:09 : ERR APPLICATION : Zapp:RelMem->None avail
#1306578 10.07.2026 18:13:09 : ERR DUKTAPE : JSalloc:2095
#1306579 10.07.2026 18:13:09 : ERR APPLICATION : Zapp:relMemCb (exec:zapp)
#1306580 10.07.2026 18:13:09 : ERR APPLICATION : Zapp:RelMem->None avail
#1306581 10.07.2026 18:13:09 : ERR DUKTAPE : JSalloc:2095
#1306582 10.07.2026 18:13:09 : ERR APPLICATION : evalFile: failed to eval b:/zapp/prbp4000.fea/ext90.js
#1306583 10.07.2026 18:13:12 : EVT UI_FRAMEWORK : evalFile: b:/zapp/prbp4000.fea/ext90.js from ui
#1306584 10.07.2026 18:13:12 : ERR APPLICATION : Zapp:relMemCb (exec:zapp)
#1306585 10.07.2026 18:13:12 : ERR APPLICATION : Zapp:RelMem->None avail
#1306586 10.07.2026 18:13:12 : ERR DUKTAPE : JSalloc:2095
#1306587 10.07.2026 18:13:12 : ERR APPLICATION : Zapp:relMemCb (exec:zapp)
#1306588 10.07.2026 18:13:12 : ERR APPLICATION : Zapp:RelMem->None avail
#1306589 10.07.2026 18:13:12 : ERR DUKTAPE : JSalloc:2095
#1306590 10.07.2026 18:13:12 : ERR APPLICATION : Zapp:relMemCb (exec:zapp)
#1306591 10.07.2026 18:13:12 : ERR APPLICATION : Zapp:RelMem->None avail
#1306592 10.07.2026 18:13:12 : ERR DUKTAPE : JSalloc:2095
#1306593 10.07.2026 18:13:12 : ERR APPLICATION : Zapp:relMemCb (exec:zapp)
#1306594 10.07.2026 18:13:12 : ERR APPLICATION : Zapp:RelMem->None avail
#1306595 10.07.2026 18:13:12 : ERR DUKTAPE : JSalloc:2095
#1306596 10.07.2026 18:13:12 : ERR APPLICATION : Zapp:relMemCb (exec:zapp)
#1306597 10.07.2026 18:13:12 : ERR APPLICATION : Zapp:RelMem->None avail
#1306598 10.07.2026 18:13:12 : ERR DUKTAPE : JSalloc:2095
#1306599 10.07.2026 18:13:12 : ERR APPLICATION : Zapp:relMemCb (exec:zapp)
#1306600 10.07.2026 18:13:12 : ERR APPLICATION : Zapp:RelMem->None avail
#1306601 10.07.2026 18:13:12 : ERR DUKTAPE : JSalloc:2095
#1306602 10.07.2026 18:13:12 : ERR APPLICATION : Zapp:relMemCb (exec:zapp)
#1306603 10.07.2026 18:13:12 : ERR APPLICATION : Zapp:RelMem->None avail
#1306604 10.07.2026 18:13:12 : ERR DUKTAPE : JSalloc:2095
#1306605 10.07.2026 18:13:12 : ERR APPLICATION : Zapp:relMemCb (exec:zapp)
#1306606 10.07.2026 18:13:12 : ERR APPLICATION : Zapp:RelMem->None avail
#1306607 10.07.2026 18:13:12 : ERR DUKTAPE : JSalloc:2095
#1306608 10.07.2026 18:13:12 : ERR APPLICATION : Zapp:relMemCb (exec:zapp)
#1306609 10.07.2026 18:13:12 : ERR APPLICATION : Zapp:RelMem->None avail
#1306610 10.07.2026 18:13:12 : ERR DUKTAPE : JSalloc:2095
#1306611 10.07.2026 18:13:12 : ERR APPLICATION : Zapp:relMemCb (exec:zapp)
#1306612 10.07.2026 18:13:12 : ERR APPLICATION : Zapp:RelMem->None avail
#1306613 10.07.2026 18:13:12 : ERR DUKTAPE : JSalloc:2095
#1306614 10.07.2026 18:13:12 : ERR APPLICATION : Zapp:relMemCb (exec:zapp)
#1306615 10.07.2026 18:13:12 : ERR APPLICATION : Zapp:RelMem->None avail
#1306616 10.07.2026 18:13:12 : ERR DUKTAPE : JSalloc:2095
#1306617 10.07.2026 18:13:12 : ERR APPLICATION : evalFile: failed to eval b:/zapp/prbp4000.fea/ext90.js
#1306618 10.07.2026 18:13:15 : EVT UI_FRAMEWORK : evalFile: b:/zapp/prbp4000.fea/ext90.js from ui
#1306619 10.07.2026 18:13:15 : ERR APPLICATION : Zapp:relMemCb (exec:zapp)
#1306620 10.07.2026 18:13:15 : ERR APPLICATION : Zapp:RelMem->None avail
#1306621 10.07.2026 18:13:15 : ERR DUKTAPE : JSalloc:2095
#1306622 10.07.2026 18:13:15 : ERR APPLICATION : Zapp:relMemCb (exec:zapp)
#1306623 10.07.2026 18:13:15 : ERR APPLICATION : Zapp:RelMem->None avail
#1306624 10.07.2026 18:13:15 : ERR DUKTAPE : JSalloc:2095
#1306625 10.07.2026 18:13:15 : ERR APPLICATION : Zapp:relMemCb (exec:zapp)
#1306626 10.07.2026 18:13:15 : ERR APPLICATION : Zapp:RelMem->None avail
#1306627 10.07.2026 18:13:15 : ERR DUKTAPE : JSalloc:2095
#1306628 10.07.2026 18:13:15 : ERR APPLICATION : Zapp:relMemCb (exec:zapp)
#1306629 10.07.2026 18:13:15 : ERR APPLICATION : Zapp:RelMem->None avail
#1306630 10.07.2026 18:13:15 : ERR DUKTAPE : JSalloc:2095
#1306631 10.07.2026 18:13:15 : ERR APPLICATION : Zapp:relMemCb (exec:zapp)
#1306632 10.07.2026 18:13:15 : ERR APPLICATION : Zapp:RelMem->None avail
#1306633 10.07.2026 18:13:15 : ERR DUKTAPE : JSalloc:2095
#1306634 10.07.2026 18:13:15 : ERR APPLICATION : Zapp:relMemCb (exec:zapp)
#1306635 10.07.2026 18:13:15 : ERR APPLICATION : Zapp:RelMem->None avail
#1306636 10.07.2026 18:13:15 : ERR DUKTAPE : JSalloc:2095
#1306637 10.07.2026 18:13:15 : ERR APPLICATION : Zapp:relMemCb (exec:zapp)
#1306638 10.07.2026 18:13:15 : ERR APPLICATION : Zapp:RelMem->None avail
#1306639 10.07.2026 18:13:15 : ERR DUKTAPE : JSalloc:2095
#1306640 10.07.2026 18:13:15 : ERR APPLICATION : Zapp:relMemCb (exec:zapp)
#1306641 10.07.2026 18:13:15 : ERR APPLICATION : Zapp:RelMem->None avail
#1306642 10.07.2026 18:13:15 : ERR DUKTAPE : JSalloc:2095
#1306643 10.07.2026 18:13:15 : ERR APPLICATION : Zapp:relMemCb (exec:zapp)
#1306644 10.07.2026 18:13:15 : ERR APPLICATION : Zapp:RelMem->None avail
#1306645 10.07.2026 18:13:15 : ERR DUKTAPE : JSalloc:2095
#1306646 10.07.2026 18:13:15 : ERR APPLICATION : Zapp:relMemCb (exec:zapp)
#1306647 10.07.2026 18:13:15 : ERR APPLICATION : Zapp:RelMem->None avail
#1306648 10.07.2026 18:13:15 : ERR DUKTAPE : JSalloc:2095
#1306649 10.07.2026 18:13:15 : ERR APPLICATION : Zapp:relMemCb (exec:zapp)
#1306650 10.07.2026 18:13:15 : ERR APPLICATION : Zapp:RelMem->None avail
#1306651 10.07.2026 18:13:15 : ERR DUKTAPE : JSalloc:2095
#1306652 10.07.2026 18:13:15 : ERR APPLICATION : evalFile: failed to eval b:/zapp/prbp4000.fea/ext90.js
#1306653 10.07.2026 18:13:16 : EVT <Unknown> : 1783699996197:Off Skin Set.
#1306654 10.07.2026 18:13:17 : EVT PMIC : VBUS state is ON
#1306655 10.07.2026 18:13:17 : EVT PMIC : chgCntl1:0x70
#1306656 10.07.2026 18:13:17 : EVT PMIC : check chgCntl1:0x74
#1306657 10.07.2026 18:13:17 : EVT PMIC : Turn charge ON since VBUS->ON
#1306658 10.07.2026 18:13:17 : EVT PMIC : PMIC temp zone:0x2
#1306659 10.07.2026 18:13:17 : EVT PMIC : PMIC Fast-charge constant cur
#1306660 10.07.2026 18:13:17 : EVT OHR : VBUS on
#1306661 10.07.2026 18:13:17 : EVT OHR : S:stop 23
#1306662 10.07.2026 18:13:17 : EVT <Unknown> : 1783699997565:Meas stop 0x2123
#1306663 10.07.2026 18:13:17 : WRN <Unknown> : 1783699997565:FSM EVT STOP.
#1306664 10.07.2026 18:13:17 : EVT OHR : S:OFF 1->0
#1306665 10.07.2026 18:13:17 : EVT PMIC : VBUS state is ON
#1306666 10.07.2026 18:13:18 : EVT PMIC : PMIC Maintain charge
#1306667 10.07.2026 18:13:18 : EVT UI_FRAMEWORK : evalFile: b:/zapp/prbp4000.fea/ext90.js from ui
#1306668 10.07.2026 18:13:18 : ERR APPLICATION : Zapp:relMemCb (exec:zapp)
#1306669 10.07.2026 18:13:18 : ERR APPLICATION : Zapp:RelMem->None avail
#1306670 10.07.2026 18:13:18 : ERR DUKTAPE : JSalloc:2095
#1306671 10.07.2026 18:13:18 : ERR APPLICATION : Zapp:relMemCb (exec:zapp)
#1306672 10.07.2026 18:13:18 : ERR APPLICATION : Zapp:RelMem->None avail
#1306673 10.07.2026 18:13:18 : ERR DUKTAPE : JSalloc:2095
#1306674 10.07.2026 18:13:18 : ERR APPLICATION : Zapp:relMemCb (exec:zapp)
#1306675 10.07.2026 18:13:18 : ERR APPLICATION : Zapp:RelMem->None avail
#1306676 10.07.2026 18:13:18 : ERR DUKTAPE : JSalloc:2095
#1306677 10.07.2026 18:13:18 : ERR APPLICATION : Zapp:relMemCb (exec:zapp)
#1306678 10.07.2026 18:13:18 : ERR APPLICATION : Zapp:RelMem->None avail
#1306679 10.07.2026 18:13:18 : ERR DUKTAPE : JSalloc:2095
#1306680 10.07.2026 18:13:18 : ERR APPLICATION : Zapp:relMemCb (exec:zapp)
#1306681 10.07.2026 18:13:18 : ERR APPLICATION : Zapp:RelMem->None avail
#1306682 10.07.2026 18:13:18 : ERR DUKTAPE : JSalloc:2095
#1306683 10.07.2026 18:13:18 : ERR APPLICATION : Zapp:relMemCb (exec:zapp)
#1306684 10.07.2026 18:13:18 : ERR APPLICATION : Zapp:RelMem->None avail
#1306685 10.07.2026 18:13:18 : ERR DUKTAPE : JSalloc:2095
#1306686 10.07.2026 18:13:18 : ERR APPLICATION : Zapp:relMemCb (exec:zapp)
#1306687 10.07.2026 18:13:18 : ERR APPLICATION : Zapp:RelMem->None avail
#1306688 10.07.2026 18:13:18 : ERR DUKTAPE : JSalloc:2095
#1306689 10.07.2026 18:13:18 : ERR APPLICATION : Zapp:relMemCb (exec:zapp)
#1306690 10.07.2026 18:13:18 : ERR APPLICATION : Zapp:RelMem->None avail
#1306691 10.07.2026 18:13:18 : ERR DUKTAPE : JSalloc:2095
#1306692 10.07.2026 18:13:18 : ERR APPLICATION : Zapp:relMemCb (exec:zapp)
#1306693 10.07.2026 18:13:18 : ERR APPLICATION : Zapp:RelMem->None avail
#1306694 10.07.2026 18:13:18 : ERR DUKTAPE : JSalloc:2095
#1306695 10.07.2026 18:13:18 : ERR APPLICATION : Zapp:relMemCb (exec:zapp)
#1306696 10.07.2026 18:13:18 : ERR APPLICATION : Zapp:RelMem->None avail
#1306697 10.07.2026 18:13:18 : ERR DUKTAPE : JSalloc:2095
#1306698 10.07.2026 18:13:18 : ERR APPLICATION : Zapp:relMemCb (exec:zapp)
#1306699 10.07.2026 18:13:18 : ERR APPLICATION : Zapp:RelMem->None avail
#1306700 10.07.2026 18:13:18 : ERR DUKTAPE : JSalloc:2095
#1306701 10.07.2026 18:13:18 : ERR APPLICATION : evalFile: failed to eval b:/zapp/prbp4000.fea/ext90.js
#1306702 10.07.2026 18:13:21 : EVT UI_FRAMEWORK : evalFile: b:/zapp/prbp4000.fea/ext90.js from ui
#1306703 10.07.2026 18:13:21 : EVT OHR : No HR update, invalidate by timer
#1306704 10.07.2026 18:13:21 : ERR APPLICATION : Zapp:relMemCb (exec:zapp)
#1306705 10.07.2026 18:13:21 : ERR APPLICATION : Zapp:RelMem->None avail
#1306706 10.07.2026 18:13:21 : ERR DUKTAPE : JSalloc:2095
#1306707 10.07.2026 18:13:21 : ERR APPLICATION : Zapp:relMemCb (exec:zapp)
#1306708 10.07.2026 18:13:21 : ERR APPLICATION : Zapp:RelMem->None avail
#1306709 10.07.2026 18:13:21 : ERR DUKTAPE : JSalloc:2095
#1306710 10.07.2026 18:13:21 : ERR APPLICATION : Zapp:relMemCb (exec:zapp)
#1306711 10.07.2026 18:13:21 : ERR APPLICATION : Zapp:RelMem->None avail
#1306712 10.07.2026 18:13:21 : ERR DUKTAPE : JSalloc:2095
#1306713 10.07.2026 18:13:21 : ERR APPLICATION : Zapp:relMemCb (exec:zapp)
#1306714 10.07.2026 18:13:21 : ERR APPLICATION : Zapp:RelMem->None avail
#1306715 10.07.2026 18:13:21 : ERR DUKTAPE : JSalloc:2095
#1306716 10.07.2026 18:13:21 : ERR APPLICATION : Zapp:relMemCb (exec:zapp)
#1306717 10.07.2026 18:13:21 : ERR APPLICATION : Zapp:RelMem->None avail
#1306718 10.07.2026 18:13:21 : ERR DUKTAPE : JSalloc:2095
#1306719 10.07.2026 18:13:21 : ERR APPLICATION : Zapp:relMemCb (exec:zapp)
#1306720 10.07.2026 18:13:21 : ERR APPLICATION : Zapp:RelMem->None avail
#1306721 10.07.2026 18:13:21 : ERR DUKTAPE : JSalloc:2095
#1306722 10.07.2026 18:13:21 : ERR APPLICATION : Zapp:relMemCb (exec:zapp)
#1306723 10.07.2026 18:13:21 : ERR APPLICATION : Zapp:RelMem->None avail
#1306724 10.07.2026 18:13:21 : ERR DUKTAPE : JSalloc:2095
#1306725 10.07.2026 18:13:21 : ERR APPLICATION : Zapp:relMemCb (exec:zapp)
#1306726 10.07.2026 18:13:21 : ERR APPLICATION : Zapp:RelMem->None avail
#1306727 10.07.2026 18:13:21 : ERR DUKTAPE : JSalloc:2095
#1306728 10.07.2026 18:13:21 : ERR APPLICATION : Zapp:relMemCb (exec:zapp)
#1306729 10.07.2026 18:13:21 : ERR APPLICATION : Zapp:RelMem->None avail
#1306730 10.07.2026 18:13:21 : ERR DUKTAPE : JSalloc:2095
#1306731 10.07.2026 18:13:21 : ERR APPLICATION : Zapp:relMemCb (exec:zapp)
#1306732 10.07.2026 18:13:21 : ERR APPLICATION : Zapp:RelMem->None avail
#1306733 10.07.2026 18:13:21 : ERR DUKTAPE : JSalloc:2095
#1306734 10.07.2026 18:13:21 : ERR APPLICATION : Zapp:relMemCb (exec:zapp)
#1306735 10.07.2026 18:13:21 : ERR APPLICATION : Zapp:RelMem->None avail
#1306736 10.07.2026 18:13:21 : ERR DUKTAPE : JSalloc:2095
#1306737 10.07.2026 18:13:21 : ERR APPLICATION : evalFile: failed to eval b:/zapp/prbp4000.fea/ext90.js
#1306738 10.07.2026 18:13:23 : TRC FUEL_GAUGE : Chg->1,B:5,C:16.2,V:4425,U:1,bF:100%,bC:100%
#1306739 10.07.2026 18:13:23 : EVT PMIC : PMIC Fast-charge constant cur
#1306740 10.07.2026 18:13:23 : EVT ANALYTICS : Battery-> 2 soc:100
#1306741 10.07.2026 18:13:24 : EVT PMIC : PMIC Maintain charge
#1306742 10.07.2026 18:13:24 : EVT UI_FRAMEWORK : evalFile: b:/zapp/prbp4000.fea/ext90.js from ui
#1306743 10.07.2026 18:13:24 : ERR APPLICATION : Zapp:relMemCb (exec:zapp)
#1306744 10.07.2026 18:13:24 : ERR APPLICATION : Zapp:RelMem->None avail
#1306745 10.07.2026 18:13:24 : ERR DUKTAPE : JSalloc:2095
#1306746 10.07.2026 18:13:24 : ERR APPLICATION : Zapp:relMemCb (exec:zapp)
#1306747 10.07.2026 18:13:24 : ERR APPLICATION : Zapp:RelMem->None avail
#1306748 10.07.2026 18:13:24 : ERR DUKTAPE : JSalloc:2095
#1306749 10.07.2026 18:13:24 : ERR APPLICATION : Zapp:relMemCb (exec:zapp)
#1306750 10.07.2026 18:13:24 : ERR APPLICATION : Zapp:RelMem->None avail
#1306751 10.07.2026 18:13:24 : ERR DUKTAPE : JSalloc:2095
#1306752 10.07.2026 18:13:24 : ERR APPLICATION : Zapp:relMemCb (exec:zapp)
#1306753 10.07.2026 18:13:24 : ERR APPLICATION : Zapp:RelMem->None avail
#1306754 10.07.2026 18:13:24 : ERR DUKTAPE : JSalloc:2095
#1306755 10.07.2026 18:13:24 : ERR APPLICATION : Zapp:relMemCb (exec:zapp)
#1306756 10.07.2026 18:13:24 : ERR APPLICATION : Zapp:RelMem->None avail
#1306757 10.07.2026 18:13:24 : ERR DUKTAPE : JSalloc:2095
#1306758 10.07.2026 18:13:24 : ERR APPLICATION : Zapp:relMemCb (exec:zapp)
#1306759 10.07.2026 18:13:24 : ERR APPLICATION : Zapp:RelMem->None avail
#1306760 10.07.2026 18:13:24 : ERR DUKTAPE : JSalloc:2095
#1306761 10.07.2026 18:13:24 : ERR APPLICATION : Zapp:relMemCb (exec:zapp)
#1306762 10.07.2026 18:13:24 : ERR APPLICATION : Zapp:RelMem->None avail
#1306763 10.07.2026 18:13:24 : ERR DUKTAPE : JSalloc:2095
#1306764 10.07.2026 18:13:24 : ERR APPLICATION : Zapp:relMemCb (exec:zapp)
#1306765 10.07.2026 18:13:24 : ERR APPLICATION : Zapp:RelMem->None avail
#1306766 10.07.2026 18:13:24 : ERR DUKTAPE : JSalloc:2095
#1306767 10.07.2026 18:13:24 : ERR APPLICATION : Zapp:relMemCb (exec:zapp)
#1306768 10.07.2026 18:13:24 : ERR APPLICATION : Zapp:RelMem->None avail
#1306769 10.07.2026 18:13:24 : ERR DUKTAPE : JSalloc:2095
#1306770 10.07.2026 18:13:24 : ERR APPLICATION : Zapp:relMemCb (exec:zapp)
#1306771 10.07.2026 18:13:24 : ERR APPLICATION : Zapp:RelMem->None avail
#1306772 10.07.2026 18:13:24 : ERR DUKTAPE : JSalloc:2095
#1306773 10.07.2026 18:13:24 : ERR APPLICATION : Zapp:relMemCb (exec:zapp)
#1306774 10.07.2026 18:13:24 : ERR APPLICATION : Zapp:RelMem->None avail
#1306775 10.07.2026 18:13:24 : ERR DUKTAPE : JSalloc:2095
#1306776 10.07.2026 18:13:24 : ERR APPLICATION : evalFile: failed to eval b:/zapp/prbp4000.fea/ext90.js
#1306777 10.07.2026 18:13:27 : EVT UI_FRAMEWORK : evalFile: b:/zapp/prbp4000.fea/ext90.js from ui
#1306778 10.07.2026 18:13:27 : ERR APPLICATION : Zapp:relMemCb (exec:zapp)
#1306779 10.07.2026 18:13:27 : ERR APPLICATION : Zapp:RelMem->None avail
#1306780 10.07.2026 18:13:27 : ERR DUKTAPE : JSalloc:2095
#1306781 10.07.2026 18:13:27 : ERR APPLICATION : Zapp:relMemCb (exec:zapp)
#1306782 10.07.2026 18:13:27 : ERR APPLICATION : Zapp:RelMem->None avail
#1306783 10.07.2026 18:13:27 : ERR DUKTAPE : JSalloc:2095
#1306784 10.07.2026 18:13:27 : ERR APPLICATION : Zapp:relMemCb (exec:zapp)
#1306785 10.07.2026 18:13:27 : ERR APPLICATION : Zapp:RelMem->None avail
#1306786 10.07.2026 18:13:27 : ERR DUKTAPE : JSalloc:2095
#1306787 10.07.2026 18:13:27 : ERR APPLICATION : Zapp:relMemCb (exec:zapp)
#1306788 10.07.2026 18:13:27 : ERR APPLICATION : Zapp:RelMem->None avail
#1306789 10.07.2026 18:13:27 : ERR DUKTAPE : JSalloc:2095
#1306790 10.07.2026 18:13:27 : ERR APPLICATION : Zapp:relMemCb (exec:zapp)
#1306791 10.07.2026 18:13:27 : ERR APPLICATION : Zapp:RelMem->None avail
#1306792 10.07.2026 18:13:27 : ERR DUKTAPE : JSalloc:2095
#1306793 10.07.2026 18:13:27 : ERR APPLICATION : Zapp:relMemCb (exec:zapp)
#1306794 10.07.2026 18:13:27 : ERR APPLICATION : Zapp:RelMem->None avail
#1306795 10.07.2026 18:13:27 : ERR DUKTAPE : JSalloc:2095
#1306796 10.07.2026 18:13:27 : ERR APPLICATION : Zapp:relMemCb (exec:zapp)
#1306797 10.07.2026 18:13:27 : ERR APPLICATION : Zapp:RelMem->None avail
#1306798 10.07.2026 18:13:27 : ERR DUKTAPE : JSalloc:2095
#1306799 10.07.2026 18:13:27 : ERR APPLICATION : Zapp:relMemCb (exec:zapp)
#1306800 10.07.2026 18:13:27 : ERR APPLICATION : Zapp:RelMem->None avail
#1306801 10.07.2026 18:13:27 : ERR DUKTAPE : JSalloc:2095
#1306802 10.07.2026 18:13:27 : ERR APPLICATION : Zapp:relMemCb (exec:zapp)
#1306803 10.07.2026 18:13:27 : ERR APPLICATION : Zapp:RelMem->None avail
#1306804 10.07.2026 18:13:27 : ERR DUKTAPE : JSalloc:2095
#1306805 10.07.2026 18:13:27 : ERR APPLICATION : Zapp:relMemCb (exec:zapp)
#1306806 10.07.2026 18:13:27 : ERR APPLICATION : Zapp:RelMem->None avail
#1306807 10.07.2026 18:13:27 : ERR DUKTAPE : JSalloc:2095
#1306808 10.07.2026 18:13:27 : ERR APPLICATION : Zapp:relMemCb (exec:zapp)
#1306809 10.07.2026 18:13:27 : ERR APPLICATION : Zapp:RelMem->None avail
#1306810 10.07.2026 18:13:27 : ERR DUKTAPE : JSalloc:2095
#1306811 10.07.2026 18:13:27 : ERR APPLICATION : evalFile: failed to eval b:/zapp/prbp4000.fea/ext90.js
#1306812 10.07.2026 18:13:30 : EVT UI_FRAMEWORK : evalFile: b:/zapp/prbp4000.fea/ext90.js from ui
#1306813 10.07.2026 18:13:30 : ERR APPLICATION : Zapp:relMemCb (exec:zapp)
#1306814 10.07.2026 18:13:30 : ERR APPLICATION : Zapp:RelMem->None avail
#1306815 10.07.2026 18:13:30 : ERR DUKTAPE : JSalloc:2095
#1306816 10.07.2026 18:13:30 : ERR APPLICATION : Zapp:relMemCb (exec:zapp)
#1306817 10.07.2026 18:13:30 : ERR APPLICATION : Zapp:RelMem->None avail
#1306818 10.07.2026 18:13:30 : ERR DUKTAPE : JSalloc:2095
#1306819 10.07.2026 18:13:30 : ERR APPLICATION : Zapp:relMemCb (exec:zapp)
#1306820 10.07.2026 18:13:30 : ERR APPLICATION : Zapp:RelMem->None avail
#1306821 10.07.2026 18:13:30 : ERR DUKTAPE : JSalloc:2095
#1306822 10.07.2026 18:13:30 : ERR APPLICATION : Zapp:relMemCb (exec:zapp)
#1306823 10.07.2026 18:13:30 : ERR APPLICATION : Zapp:RelMem->None avail
#1306824 10.07.2026 18:13:30 : ERR DUKTAPE : JSalloc:2095
#1306825 10.07.2026 18:13:30 : ERR APPLICATION : Zapp:relMemCb (exec:zapp)
#1306826 10.07.2026 18:13:30 : ERR APPLICATION : Zapp:RelMem->None avail
#1306827 10.07.2026 18:13:30 : ERR DUKTAPE : JSalloc:2095
#1306828 10.07.2026 18:13:30 : ERR APPLICATION : Zapp:relMemCb (exec:zapp)
#1306829 10.07.2026 18:13:30 : ERR APPLICATION : Zapp:RelMem->None avail
#1306830 10.07.2026 18:13:30 : ERR DUKTAPE : JSalloc:2095
#1306831 10.07.2026 18:13:30 : ERR APPLICATION : Zapp:relMemCb (exec:zapp)
#1306832 10.07.2026 18:13:30 : ERR APPLICATION : Zapp:RelMem->None avail
#1306833 10.07.2026 18:13:30 : ERR DUKTAPE : JSalloc:2095
#1306834 10.07.2026 18:13:30 : ERR APPLICATION : Zapp:relMemCb (exec:zapp)
#1306835 10.07.2026 18:13:30 : ERR APPLICATION : Zapp:RelMem->None avail
#1306836 10.07.2026 18:13:30 : ERR DUKTAPE : JSalloc:2095
#1306837 10.07.2026 18:13:30 : ERR APPLICATION : Zapp:relMemCb (exec:zapp)
#1306838 10.07.2026 18:13:30 : ERR APPLICATION : Zapp:RelMem->None avail
#1306839 10.07.2026 18:13:30 : ERR DUKTAPE : JSalloc:2095
#1306840 10.07.2026 18:13:30 : ERR APPLICATION : Zapp:relMemCb (exec:zapp)
#1306841 10.07.2026 18:13:30 : ERR APPLICATION : Zapp:RelMem->None avail
#1306842 10.07.2026 18:13:30 : ERR DUKTAPE : JSalloc:2095
#1306843 10.07.2026 18:13:30 : ERR APPLICATION : Zapp:relMemCb (exec:zapp)
#1306844 10.07.2026 18:13:30 : ERR APPLICATION : Zapp:RelMem->None avail
#1306845 10.07.2026 18:13:30 : ERR DUKTAPE : JSalloc:2095
#1306846 10.07.2026 18:13:30 : ERR APPLICATION : evalFile: failed to eval b:/zapp/prbp4000.fea/ext90.js
#1306847 10.07.2026 18:13:33 : EVT UI_FRAMEWORK : evalFile: b:/zapp/prbp4000.fea/ext90.js from ui
#1306848 10.07.2026 18:13:33 : ERR APPLICATION : Zapp:relMemCb (exec:zapp)
#1306849 10.07.2026 18:13:33 : ERR APPLICATION : Zapp:RelMem->None avail
#1306850 10.07.2026 18:13:33 : ERR DUKTAPE : JSalloc:2095
#1306851 10.07.2026 18:13:33 : ERR APPLICATION : Zapp:relMemCb (exec:zapp)
#1306852 10.07.2026 18:13:33 : ERR APPLICATION : Zapp:RelMem->None avail
#1306853 10.07.2026 18:13:33 : ERR DUKTAPE : JSalloc:2095
#1306854 10.07.2026 18:13:33 : ERR APPLICATION : Zapp:relMemCb (exec:zapp)
#1306855 10.07.2026 18:13:33 : ERR APPLICATION : Zapp:RelMem->None avail
#1306856 10.07.2026 18:13:33 : ERR DUKTAPE : JSalloc:2095
#1306857 10.07.2026 18:13:33 : ERR APPLICATION : Zapp:relMemCb (exec:zapp)
#1306858 10.07.2026 18:13:33 : ERR APPLICATION : Zapp:RelMem->None avail
#1306859 10.07.2026 18:13:33 : ERR DUKTAPE : JSalloc:2095
#1306860 10.07.2026 18:13:33 : ERR APPLICATION : Zapp:relMemCb (exec:zapp)
#1306861 10.07.2026 18:13:33 : ERR APPLICATION : Zapp:RelMem->None avail
#1306862 10.07.2026 18:13:33 : ERR DUKTAPE : JSalloc:2095
#1306863 10.07.2026 18:13:33 : ERR APPLICATION : Zapp:relMemCb (exec:zapp)
#1306864 10.07.2026 18:13:33 : ERR APPLICATION : Zapp:RelMem->None avail
#1306865 10.07.2026 18:13:33 : ERR DUKTAPE : JSalloc:2095
#1306866 10.07.2026 18:13:33 : ERR APPLICATION : Zapp:relMemCb (exec:zapp)
#1306867 10.07.2026 18:13:33 : ERR APPLICATION : Zapp:RelMem->None avail
#1306868 10.07.2026 18:13:33 : ERR DUKTAPE : JSalloc:2095
#1306869 10.07.2026 18:13:33 : ERR APPLICATION : Zapp:relMemCb (exec:zapp)
#1306870 10.07.2026 18:13:33 : ERR APPLICATION : Zapp:RelMem->None avail
#1306871 10.07.2026 18:13:33 : ERR DUKTAPE : JSalloc:2095
#1306872 10.07.2026 18:13:33 : ERR APPLICATION : Zapp:relMemCb (exec:zapp)
#1306873 10.07.2026 18:13:33 : ERR APPLICATION : Zapp:RelMem->None avail
#1306874 10.07.2026 18:13:33 : ERR DUKTAPE : JSalloc:2095
#1306875 10.07.2026 18:13:33 : ERR APPLICATION : Zapp:relMemCb (exec:zapp)
#1306876 10.07.2026 18:13:33 : ERR APPLICATION : Zapp:RelMem->None avail
#1306877 10.07.2026 18:13:33 : ERR DUKTAPE : JSalloc:2095
#1306878 10.07.2026 18:13:33 : ERR APPLICATION : Zapp:relMemCb (exec:zapp)
#1306879 10.07.2026 18:13:33 : ERR APPLICATION : Zapp:RelMem->None avail
#1306880 10.07.2026 18:13:33 : ERR DUKTAPE : JSalloc:2095
#1306881 10.07.2026 18:13:33 : ERR APPLICATION : evalFile: failed to eval b:/zapp/prbp4000.fea/ext90.js
#1306882 10.07.2026 18:13:36 : EVT UI_FRAMEWORK : evalFile: b:/zapp/prbp4000.fea/ext90.js from ui
#1306883 10.07.2026 18:13:36 : ERR APPLICATION : Zapp:relMemCb (exec:zapp)
#1306884 10.07.2026 18:13:36 : ERR APPLICATION : Zapp:RelMem->None avail
#1306885 10.07.2026 18:13:36 : ERR DUKTAPE : JSalloc:2095
#1306886 10.07.2026 18:13:36 : ERR APPLICATION : Zapp:relMemCb (exec:zapp)
#1306887 10.07.2026 18:13:36 : ERR APPLICATION : Zapp:RelMem->None avail
#1306888 10.07.2026 18:13:36 : ERR DUKTAPE : JSalloc:2095
#1306889 10.07.2026 18:13:36 : ERR APPLICATION : Zapp:relMemCb (exec:zapp)
#1306890 10.07.2026 18:13:36 : ERR APPLICATION : Zapp:RelMem->None avail
#1306891 10.07.2026 18:13:36 : ERR DUKTAPE : JSalloc:2095
#1306892 10.07.2026 18:13:36 : ERR APPLICATION : Zapp:relMemCb (exec:zapp)
#1306893 10.07.2026 18:13:36 : ERR APPLICATION : Zapp:RelMem->None avail
#1306894 10.07.2026 18:13:36 : ERR DUKTAPE : JSalloc:2095
#1306895 10.07.2026 18:13:36 : ERR APPLICATION : Zapp:relMemCb (exec:zapp)
#1306896 10.07.2026 18:13:36 : ERR APPLICATION : Zapp:RelMem->None avail
#1306897 10.07.2026 18:13:36 : ERR DUKTAPE : JSalloc:2095
#1306898 10.07.2026 18:13:36 : ERR APPLICATION : Zapp:relMemCb (exec:zapp)
#1306899 10.07.2026 18:13:36 : ERR APPLICATION : Zapp:RelMem->None avail
#1306900 10.07.2026 18:13:36 : ERR DUKTAPE : JSalloc:2095
#1306901 10.07.2026 18:13:36 : ERR APPLICATION : Zapp:relMemCb (exec:zapp)
#1306902 10.07.2026 18:13:36 : ERR APPLICATION : Zapp:RelMem->None avail
#1306903 10.07.2026 18:13:36 : ERR DUKTAPE : JSalloc:2095
#1306904 10.07.2026 18:13:36 : ERR APPLICATION : Zapp:relMemCb (exec:zapp)
#1306905 10.07.2026 18:13:36 : ERR APPLICATION : Zapp:RelMem->None avail
#1306906 10.07.2026 18:13:36 : ERR DUKTAPE : JSalloc:2095
#1306907 10.07.2026 18:13:36 : ERR APPLICATION : Zapp:relMemCb (exec:zapp)
#1306908 10.07.2026 18:13:36 : ERR APPLICATION : Zapp:RelMem->None avail
#1306909 10.07.2026 18:13:36 : ERR DUKTAPE : JSalloc:2095
#1306910 10.07.2026 18:13:36 : ERR APPLICATION : Zapp:relMemCb (exec:zapp)
#1306911 10.07.2026 18:13:36 : ERR APPLICATION : Zapp:RelMem->None avail
#1306912 10.07.2026 18:13:36 : ERR DUKTAPE : JSalloc:2095
#1306913 10.07.2026 18:13:36 : ERR APPLICATION : Zapp:relMemCb (exec:zapp)
#1306914 10.07.2026 18:13:36 : ERR APPLICATION : Zapp:RelMem->None avail
#1306915 10.07.2026 18:13:36 : ERR DUKTAPE : JSalloc:2095
#1306916 10.07.2026 18:13:36 : ERR APPLICATION : evalFile: failed to eval b:/zapp/prbp4000.fea/ext90.js
#1306917 10.07.2026 18:13:39 : EVT UI_FRAMEWORK : evalFile: b:/zapp/prbp4000.fea/ext90.js from ui
#1306918 10.07.2026 18:13:39 : ERR APPLICATION : Zapp:relMemCb (exec:zapp)
#1306919 10.07.2026 18:13:39 : ERR APPLICATION : Zapp:RelMem->None avail
#1306920 10.07.2026 18:13:39 : ERR DUKTAPE : JSalloc:2095
#1306921 10.07.2026 18:13:39 : ERR APPLICATION : Zapp:relMemCb (exec:zapp)
#1306922 10.07.2026 18:13:39 : ERR APPLICATION : Zapp:RelMem->None avail
#1306923 10.07.2026 18:13:39 : ERR DUKTAPE : JSalloc:2095
#1306924 10.07.2026 18:13:39 : ERR APPLICATION : Zapp:relMemCb (exec:zapp)
#1306925 10.07.2026 18:13:39 : ERR APPLICATION : Zapp:RelMem->None avail
#1306926 10.07.2026 18:13:39 : ERR DUKTAPE : JSalloc:2095
#1306927 10.07.2026 18:13:39 : ERR APPLICATION : Zapp:relMemCb (exec:zapp)
#1306928 10.07.2026 18:13:39 : ERR APPLICATION : Zapp:RelMem->None avail
#1306929 10.07.2026 18:13:39 : ERR DUKTAPE : JSalloc:2095
#1306930 10.07.2026 18:13:39 : ERR APPLICATION : Zapp:relMemCb (exec:zapp)
#1306931 10.07.2026 18:13:39 : ERR APPLICATION : Zapp:RelMem->None avail
#1306932 10.07.2026 18:13:39 : ERR DUKTAPE : JSalloc:2095
#1306933 10.07.2026 18:13:39 : ERR APPLICATION : Zapp:relMemCb (exec:zapp)
#1306934 10.07.2026 18:13:39 : ERR APPLICATION : Zapp:RelMem->None avail
#1306935 10.07.2026 18:13:39 : ERR DUKTAPE : JSalloc:2095
#1306936 10.07.2026 18:13:39 : ERR APPLICATION : Zapp:relMemCb (exec:zapp)
#1306937 10.07.2026 18:13:39 : ERR APPLICATION : Zapp:RelMem->None avail
#1306938 10.07.2026 18:13:39 : ERR DUKTAPE : JSalloc:2095
#1306939 10.07.2026 18:13:39 : ERR APPLICATION : Zapp:relMemCb (exec:zapp)
#1306940 10.07.2026 18:13:39 : ERR APPLICATION : Zapp:RelMem->None avail
#1306941 10.07.2026 18:13:39 : ERR DUKTAPE : JSalloc:2095
#1306942 10.07.2026 18:13:39 : ERR APPLICATION : Zapp:relMemCb (exec:zapp)
#1306943 10.07.2026 18:13:39 : ERR APPLICATION : Zapp:RelMem->None avail
#1306944 10.07.2026 18:13:39 : ERR DUKTAPE : JSalloc:2095
#1306945 10.07.2026 18:13:39 : ERR APPLICATION : Zapp:relMemCb (exec:zapp)
#1306946 10.07.2026 18:13:39 : ERR APPLICATION : Zapp:RelMem->None avail
#1306947 10.07.2026 18:13:39 : ERR DUKTAPE : JSalloc:2095
#1306948 10.07.2026 18:13:39 : ERR APPLICATION : Zapp:relMemCb (exec:zapp)
#1306949 10.07.2026 18:13:39 : ERR APPLICATION : Zapp:RelMem->None avail
#1306950 10.07.2026 18:13:39 : ERR DUKTAPE : JSalloc:2095
#1306951 10.07.2026 18:13:39 : ERR APPLICATION : evalFile: failed to eval b:/zapp/prbp4000.fea/ext90.js
#1306952 10.07.2026 18:13:40 : EVT PMIC : PMIC Fast-charge constant cur
#1306953 10.07.2026 18:13:42 : EVT UI_FRAMEWORK : evalFile: b:/zapp/prbp4000.fea/ext90.js from ui
#1306954 10.07.2026 18:13:42 : ERR APPLICATION : Zapp:relMemCb (exec:zapp)
#1306955 10.07.2026 18:13:42 : ERR APPLICATION : Zapp:RelMem->None avail
#1306956 10.07.2026 18:13:42 : ERR DUKTAPE : JSalloc:2095
#1306957 10.07.2026 18:13:42 : ERR APPLICATION : Zapp:relMemCb (exec:zapp)
#1306958 10.07.2026 18:13:42 : ERR APPLICATION : Zapp:RelMem->None avail
#1306959 10.07.2026 18:13:42 : ERR DUKTAPE : JSalloc:2095
#1306960 10.07.2026 18:13:42 : ERR APPLICATION : Zapp:relMemCb (exec:zapp)
#1306961 10.07.2026 18:13:42 : ERR APPLICATION : Zapp:RelMem->None avail
#1306962 10.07.2026 18:13:42 : ERR DUKTAPE : JSalloc:2095
#1306963 10.07.2026 18:13:42 : ERR APPLICATION : Zapp:relMemCb (exec:zapp)
#1306964 10.07.2026 18:13:42 : ERR APPLICATION : Zapp:RelMem->None avail
#1306965 10.07.2026 18:13:42 : ERR DUKTAPE : JSalloc:2095
#1306966 10.07.2026 18:13:42 : ERR APPLICATION : Zapp:relMemCb (exec:zapp)
#1306967 10.07.2026 18:13:42 : ERR APPLICATION : Zapp:RelMem->None avail
#1306968 10.07.2026 18:13:42 : ERR DUKTAPE : JSalloc:2095
#1306969 10.07.2026 18:13:42 : ERR APPLICATION : Zapp:relMemCb (exec:zapp)
#1306970 10.07.2026 18:13:42 : ERR APPLICATION : Zapp:RelMem->None avail
#1306971 10.07.2026 18:13:42 : ERR DUKTAPE : JSalloc:2095
#1306972 10.07.2026 18:13:42 : ERR APPLICATION : Zapp:relMemCb (exec:zapp)
#1306973 10.07.2026 18:13:42 : ERR APPLICATION : Zapp:RelMem->None avail
#1306974 10.07.2026 18:13:42 : ERR DUKTAPE : JSalloc:2095
#1306975 10.07.2026 18:13:42 : ERR APPLICATION : Zapp:relMemCb (exec:zapp)
#1306976 10.07.2026 18:13:42 : ERR APPLICATION : Zapp:RelMem->None avail
#1306977 10.07.2026 18:13:42 : ERR DUKTAPE : JSalloc:2095
#1306978 10.07.2026 18:13:42 : ERR APPLICATION : Zapp:relMemCb (exec:zapp)
#1306979 10.07.2026 18:13:42 : ERR APPLICATION : Zapp:RelMem->None avail
#1306980 10.07.2026 18:13:42 : ERR DUKTAPE : JSalloc:2095
#1306981 10.07.2026 18:13:42 : ERR APPLICATION : Zapp:relMemCb (exec:zapp)
#1306982 10.07.2026 18:13:42 : ERR APPLICATION : Zapp:RelMem->None avail
#1306983 10.07.2026 18:13:42 : ERR DUKTAPE : JSalloc:2095
#1306984 10.07.2026 18:13:42 : ERR APPLICATION : Zapp:relMemCb (exec:zapp)
#1306985 10.07.2026 18:13:42 : ERR APPLICATION : Zapp:RelMem->None avail
#1306986 10.07.2026 18:13:42 : ERR DUKTAPE : JSalloc:2095
#1306987 10.07.2026 18:13:42 : ERR APPLICATION : evalFile: failed to eval b:/zapp/prbp4000.fea/ext90.js
#1306988 10.07.2026 18:13:44 : EVT PMIC : PMIC Maintain charge
#1306989 10.07.2026 18:13:45 : EVT UI_FRAMEWORK : evalFile: b:/zapp/prbp4000.fea/ext90.js from ui
#1306990 10.07.2026 18:13:45 : EVT PMIC : PMIC Fast-charge constant cur
#1306991 10.07.2026 18:13:45 : ERR APPLICATION : Zapp:relMemCb (exec:zapp)
#1306992 10.07.2026 18:13:45 : ERR APPLICATION : Zapp:RelMem->None avail
#1306993 10.07.2026 18:13:45 : ERR DUKTAPE : JSalloc:2095
#1306994 10.07.2026 18:13:45 : ERR APPLICATION : Zapp:relMemCb (exec:zapp)
#1306995 10.07.2026 18:13:45 : ERR APPLICATION : Zapp:RelMem->None avail
#1306996 10.07.2026 18:13:45 : ERR DUKTAPE : JSalloc:2095
#1306997 10.07.2026 18:13:45 : ERR APPLICATION : Zapp:relMemCb (exec:zapp)
#1306998 10.07.2026 18:13:45 : ERR APPLICATION : Zapp:RelMem->None avail
#1306999 10.07.2026 18:13:45 : ERR DUKTAPE : JSalloc:2095
#1307000 10.07.2026 18:13:45 : ERR APPLICATION : Zapp:relMemCb (exec:zapp)
#1307001 10.07.2026 18:13:45 : ERR APPLICATION : Zapp:RelMem->None avail
#1307002 10.07.2026 18:13:45 : ERR DUKTAPE : JSalloc:2095
#1307003 10.07.2026 18:13:45 : ERR APPLICATION : Zapp:relMemCb (exec:zapp)
#1307004 10.07.2026 18:13:45 : ERR APPLICATION : Zapp:RelMem->None avail
#1307005 10.07.2026 18:13:45 : ERR DUKTAPE : JSalloc:2095
#1307006 10.07.2026 18:13:45 : ERR APPLICATION : Zapp:relMemCb (exec:zapp)
#1307007 10.07.2026 18:13:45 : ERR APPLICATION : Zapp:RelMem->None avail
#1307008 10.07.2026 18:13:45 : ERR DUKTAPE : JSalloc:2095
#1307009 10.07.2026 18:13:45 : ERR APPLICATION : Zapp:relMemCb (exec:zapp)
#1307010 10.07.2026 18:13:45 : ERR APPLICATION : Zapp:RelMem->None avail
#1307011 10.07.2026 18:13:45 : ERR DUKTAPE : JSalloc:2095
#1307012 10.07.2026 18:13:45 : ERR APPLICATION : Zapp:relMemCb (exec:zapp)
#1307013 10.07.2026 18:13:45 : ERR APPLICATION : Zapp:RelMem->None avail
#1307014 10.07.2026 18:13:45 : ERR DUKTAPE : JSalloc:2095
#1307015 10.07.2026 18:13:45 : ERR APPLICATION : Zapp:relMemCb (exec:zapp)
#1307016 10.07.2026 18:13:45 : ERR APPLICATION : Zapp:RelMem->None avail
#1307017 10.07.2026 18:13:45 : ERR DUKTAPE : JSalloc:2095
#1307018 10.07.2026 18:13:45 : ERR APPLICATION : Zapp:relMemCb (exec:zapp)
#1307019 10.07.2026 18:13:45 : ERR APPLICATION : Zapp:RelMem->None avail
#1307020 10.07.2026 18:13:45 : ERR DUKTAPE : JSalloc:2095
#1307021 10.07.2026 18:13:45 : ERR APPLICATION : Zapp:relMemCb (exec:zapp)
#1307022 10.07.2026 18:13:45 : ERR APPLICATION : Zapp:RelMem->None avail
#1307023 10.07.2026 18:13:45 : ERR DUKTAPE : JSalloc:2095
#1307024 10.07.2026 18:13:45 : ERR APPLICATION : evalFile: failed to eval b:/zapp/prbp4000.fea/ext90.js
#1307025 10.07.2026 18:13:47 : EVT WBCOMM : P-9 connection made to ECSD00000000
#1307026 10.07.2026 18:13:47 : EVT WBCOMM : New Route: ECSD00000000
#1307027 10.07.2026 18:13:48 : EVT UI_FRAMEWORK : evalFile: b:/zapp/prbp4000.fea/ext90.js from ui
#1307028 10.07.2026 18:13:48 : ERR APPLICATION : Zapp:relMemCb (exec:zapp)
#1307029 10.07.2026 18:13:48 : ERR APPLICATION : Zapp:RelMem->None avail
#1307030 10.07.2026 18:13:48 : ERR DUKTAPE : JSalloc:2095
#1307031 10.07.2026 18:13:48 : ERR APPLICATION : Zapp:relMemCb (exec:zapp)
#1307032 10.07.2026 18:13:48 : ERR APPLICATION : Zapp:RelMem->None avail
#1307033 10.07.2026 18:13:48 : ERR DUKTAPE : JSalloc:2095
#1307034 10.07.2026 18:13:48 : ERR APPLICATION : Zapp:relMemCb (exec:zapp)
#1307035 10.07.2026 18:13:48 : ERR APPLICATION : Zapp:RelMem->None avail
#1307036 10.07.2026 18:13:48 : ERR DUKTAPE : JSalloc:2095
#1307037 10.07.2026 18:13:48 : ERR APPLICATION : Zapp:relMemCb (exec:zapp)
#1307038 10.07.2026 18:13:48 : ERR APPLICATION : Zapp:RelMem->None avail
#1307039 10.07.2026 18:13:48 : ERR DUKTAPE : JSalloc:2095
#1307040 10.07.2026 18:13:48 : ERR APPLICATION : Zapp:relMemCb (exec:zapp)
#1307041 10.07.2026 18:13:48 : ERR APPLICATION : Zapp:RelMem->None avail
#1307042 10.07.2026 18:13:48 : ERR DUKTAPE : JSalloc:2095
#1307043 10.07.2026 18:13:48 : ERR APPLICATION : Zapp:relMemCb (exec:zapp)
#1307044 10.07.2026 18:13:48 : ERR APPLICATION : Zapp:RelMem->None avail
#1307045 10.07.2026 18:13:48 : ERR DUKTAPE : JSalloc:2095
#1307046 10.07.2026 18:13:48 : ERR APPLICATION : Zapp:relMemCb (exec:zapp)
#1307047 10.07.2026 18:13:48 : ERR APPLICATION : Zapp:RelMem->None avail
#1307048 10.07.2026 18:13:48 : ERR DUKTAPE : JSalloc:2095
#1307049 10.07.2026 18:13:48 : ERR APPLICATION : Zapp:relMemCb (exec:zapp)
#1307050 10.07.2026 18:13:48 : ERR APPLICATION : Zapp:RelMem->None avail
#1307051 10.07.2026 18:13:48 : ERR DUKTAPE : JSalloc:2095
#1307052 10.07.2026 18:13:48 : ERR APPLICATION : Zapp:relMemCb (exec:zapp)
#1307053 10.07.2026 18:13:48 : ERR APPLICATION : Zapp:RelMem->None avail
#1307054 10.07.2026 18:13:48 : ERR DUKTAPE : JSalloc:2095
#1307055 10.07.2026 18:13:48 : ERR APPLICATION : Zapp:relMemCb (exec:zapp)
#1307056 10.07.2026 18:13:48 : ERR APPLICATION : Zapp:RelMem->None avail
#1307057 10.07.2026 18:13:48 : ERR DUKTAPE : JSalloc:2095
#1307058 10.07.2026 18:13:48 : ERR APPLICATION : Zapp:relMemCb (exec:zapp)
#1307059 10.07.2026 18:13:48 : ERR APPLICATION : Zapp:RelMem->None avail
#1307060 10.07.2026 18:13:48 : ERR DUKTAPE : JSalloc:2095
#1307061 10.07.2026 18:13:48 : ERR APPLICATION : evalFile: failed to eval b:/zapp/prbp4000.fea/ext90.js
#1307062 10.07.2026 18:13:50 : EVT PMIC : PMIC Fast-charge constant cur
#1307063 10.07.2026 18:13:50 : EVT PMIC : PMIC Fast-charge constant cur
#1307064 10.07.2026 18:13:50 : EVT PMIC : PMIC Fast-charge constant cur
#1307065 10.07.2026 18:13:50 : EVT PMIC : PMIC Precharge
#1307066 10.07.2026 18:13:50 : EVT PMIC : PMIC Fast-charge constant cur
#1307067 10.07.2026 18:13:50 : EVT PMIC : PMIC Fast-charge constant cur
#1307068 10.07.2026 18:13:50 : EVT PMIC : PMIC Fast-charge constant cur
#1307069 10.07.2026 18:13:50 : EVT PMIC : PMIC Fast-charge constant cur
#1307070 10.07.2026 18:13:50 : EVT PMIC : PMIC Fast-charge constant cur
#1307071 10.07.2026 18:13:50 : EVT PMIC : PMIC Precharge
#1307072 10.07.2026 18:13:50 : EVT PMIC : PMIC Fast-charge constant cur
#1307073 10.07.2026 18:13:50 : EVT PMIC : PMIC Fast-charge constant cur
#1307074 10.07.2026 18:13:50 : EVT PMIC : PMIC Fast-charge constant cur
#1307075 10.07.2026 18:13:50 : EVT PMIC : PMIC Fast-charge constant cur
#1307076 10.07.2026 18:13:50 : EVT PMIC : PMIC Precharge
#1307077 10.07.2026 18:13:50 : EVT PMIC : PMIC Fast-charge constant cur
#1307078 10.07.2026 18:13:50 : EVT PMIC : PMIC Fast-charge constant cur
#1307079 10.07.2026 18:13:50 : EVT PMIC : PMIC Fast-charge constant cur
#1307080 10.07.2026 18:13:50 : EVT PMIC : PMIC Fast-charge constant cur
#1307081 10.07.2026 18:13:50 : EVT PMIC : PMIC Fast-charge constant cur
#1307082 10.07.2026 18:13:50 : EVT PMIC : PMIC Fast-charge constant cur
#1307083 10.07.2026 18:13:50 : EVT PMIC : PMIC Fast-charge constant cur
#1307084 10.07.2026 18:13:50 : EVT PMIC : PMIC Fast-charge constant cur
#1307085 10.07.2026 18:13:50 : EVT PMIC : PMIC Fast-charge constant cur
#1307086 10.07.2026 18:13:50 : EVT PMIC : PMIC Fast-charge constant cur
#1307087 10.07.2026 18:13:50 : EVT PMIC : PMIC Precharge
#1307088 10.07.2026 18:13:50 : EVT PMIC : PMIC Fast-charge constant cur
#1307089 10.07.2026 18:13:50 : EVT PMIC : PMIC Precharge
#1307090 10.07.2026 18:13:50 : EVT PMIC : PMIC Fast-charge constant cur
#1307091 10.07.2026 18:13:50 : EVT PMIC : PMIC Fast-charge constant cur
#1307092 10.07.2026 18:13:50 : EVT PMIC : PMIC Fast-charge constant cur
#1307093 10.07.2026 18:13:50 : EVT PMIC : PMIC Fast-charge constant cur
#1307094 10.07.2026 18:13:50 : EVT PMIC : PMIC Fast-charge constant cur
#1307095 10.07.2026 18:13:50 : EVT PMIC : PMIC Fast-charge constant cur
#1307096 10.07.2026 18:13:50 : EVT PMIC : PMIC Fast-charge constant cur
#1307097 10.07.2026 18:13:50 : EVT PMIC : PMIC Fast-charge constant cur
#1307098 10.07.2026 18:13:50 : EVT PMIC : PMIC Fast-charge constant cur
#1307099 10.07.2026 18:13:50 : EVT PMIC : PMIC Fast-charge constant cur
#1307100 10.07.2026 18:13:50 : EVT PMIC : PMIC Fast-charge constant cur
#1307101 10.07.2026 18:13:50 : EVT PMIC : PMIC Fast-charge constant cur
#1307102 10.07.2026 18:13:50 : EVT PMIC : PMIC Fast-charge constant cur
#1307103 10.07.2026 18:13:50 : EVT PMIC : PMIC Fast-charge constant cur
#1307104 10.07.2026 18:13:50 : EVT PMIC : PMIC Fast-charge constant cur
#1307105 10.07.2026 18:13:50 : EVT PMIC : PMIC Fast-charge constant cur
#1307106 10.07.2026 18:13:51 : EVT PMIC : PMIC Precharge
#1307107 10.07.2026 18:13:51 : EVT PMIC : PMIC Fast-charge constant cur
#1307108 10.07.2026 18:13:51 : EVT PMIC : PMIC Fast-charge constant cur
#1307109 10.07.2026 18:13:51 : EVT PMIC : PMIC Fast-charge constant cur
#1307110 10.07.2026 18:13:51 : EVT PMIC : PMIC Precharge
#1307111 10.07.2026 18:13:51 : EVT PMIC : PMIC Fast-charge constant cur
#1307112 10.07.2026 18:13:51 : EVT PMIC : PMIC Fast-charge constant cur
#1307113 10.07.2026 18:13:51 : EVT PMIC : PMIC Fast-charge constant cur
#1307114 10.07.2026 18:13:51 : EVT PMIC : PMIC Fast-charge constant cur
#1307115 10.07.2026 18:13:51 : EVT PMIC : PMIC Fast-charge constant cur
#1307116 10.07.2026 18:13:51 : EVT PMIC : PMIC Fast-charge constant cur
#1307117 10.07.2026 18:13:51 : EVT PMIC : PMIC Fast-charge constant cur
#1307118 10.07.2026 18:13:51 : ERR WBMAIN : *0: app 964 Event 36 80005310
#1307119 10.07.2026 18:13:51 : ERR WBMAIN : 1: mea 1 Wait 0 00000000
#1307120 10.07.2026 18:13:51 : ERR WBMAIN : 2: ui 64 Wait 0 00000000
#1307121 10.07.2026 18:13:51 : EVT PMIC : PMIC Fast-charge constant cur
#1307122 10.07.2026 18:13:51 : EVT PMIC : PMIC Fast-charge constant cur
#1307123 10.07.2026 18:13:51 : EVT PMIC : PMIC Fast-charge constant cur
#1307124 10.07.2026 18:13:51 : EVT PMIC : PMIC Fast-charge constant cur
#1307125 10.07.2026 18:13:51 : EVT PMIC : PMIC Fast-charge constant cur
#1307126 10.07.2026 18:13:51 : EVT PMIC : PMIC Fast-charge constant cur
#1307127 10.07.2026 18:13:51 : EVT PMIC : PMIC Precharge
#1307128 10.07.2026 18:13:51 : EVT PMIC : PMIC Fast-charge constant cur
#1307129 10.07.2026 18:13:51 : EVT PMIC : PMIC Fast-charge constant cur
#1307130 10.07.2026 18:13:51 : EVT PMIC : PMIC Precharge
#1307131 10.07.2026 18:13:51 : EVT PMIC : PMIC Fast-charge constant cur
#1307132 10.07.2026 18:13:51 : EVT PMIC : PMIC Fast-charge constant cur
#1307133 10.07.2026 18:13:51 : EVT PMIC : PMIC Fast-charge constant cur
#1307134 10.07.2026 18:13:51 : EVT PMIC : PMIC Fast-charge constant cur
#1307135 10.07.2026 18:13:51 : EVT PMIC : PMIC Fast-charge constant cur
#1307136 10.07.2026 18:13:51 : EVT PMIC : PMIC Fast-charge constant cur
#1307137 10.07.2026 18:13:51 : EVT PMIC : PMIC Precharge
#1307138 10.07.2026 18:13:51 : EVT PMIC : PMIC Fast-charge constant cur
#1307139 10.07.2026 18:13:51 : EVT PMIC : PMIC Fast-charge constant cur
#1307140 10.07.2026 18:13:51 : EVT PMIC : PMIC Fast-charge constant cur
#1307141 10.07.2026 18:13:51 : EVT PMIC : PMIC Fast-charge constant cur
#1307142 10.07.2026 18:13:51 : EVT PMIC : PMIC Fast-charge constant cur
#1307143 10.07.2026 18:13:51 : EVT PMIC : PMIC Fast-charge constant cur
#1307144 10.07.2026 18:13:51 : EVT PMIC : PMIC Fast-charge constant cur
#1307145 10.07.2026 18:13:51 : EVT PMIC : PMIC Fast-charge constant cur
#1307146 10.07.2026 18:13:51 : EVT PMIC : PMIC Fast-charge constant cur
#1307147 10.07.2026 18:13:51 : EVT PMIC : PMIC Fast-charge constant cur
#1307148 10.07.2026 18:13:51 : EVT PMIC : PMIC Fast-charge constant cur
#1307149 10.07.2026 18:13:51 : EVT PMIC : PMIC Fast-charge constant cur
#1307150 10.07.2026 18:13:51 : EVT PMIC : PMIC Precharge
#1307151 10.07.2026 18:13:51 : EVT PMIC : PMIC Fast-charge constant cur
#1307152 10.07.2026 18:13:51 : EVT PMIC : PMIC Fast-charge constant cur
#1307153 10.07.2026 18:13:51 : EVT PMIC : PMIC Fast-charge constant cur
#1307154 10.07.2026 18:13:51 : ERR WBMAIN : *0: app 622 Event 36 80005310
#1307155 10.07.2026 18:13:51 : ERR WBMAIN : 1: mea 63 Wait 0 00000000
#1307156 10.07.2026 18:13:51 : ERR WBMAIN : 2: ui 358 Wait 0 00000000
#1307157 10.07.2026 18:13:51 : EVT UI_FRAMEWORK : evalFile: b:/zapp/prbp4000.fea/ext90.js from ui
#1307158 10.07.2026 18:13:51 : ERR APPLICATION : Zapp:relMemCb (exec:zapp)
#1307159 10.07.2026 18:13:51 : ERR APPLICATION : Zapp:RelMem->None avail
#1307160 10.07.2026 18:13:51 : ERR DUKTAPE : JSalloc:2095
#1307161 10.07.2026 18:13:51 : ERR APPLICATION : Zapp:relMemCb (exec:zapp)
#1307162 10.07.2026 18:13:51 : ERR APPLICATION : Zapp:RelMem->None avail
#1307163 10.07.2026 18:13:51 : ERR DUKTAPE : JSalloc:2095
#1307164 10.07.2026 18:13:51 : ERR APPLICATION : Zapp:relMemCb (exec:zapp)
#1307165 10.07.2026 18:13:51 : ERR APPLICATION : Zapp:RelMem->None avail
#1307166 10.07.2026 18:13:51 : ERR DUKTAPE : JSalloc:2095
#1307167 10.07.2026 18:13:51 : ERR APPLICATION : Zapp:relMemCb (exec:zapp)
#1307168 10.07.2026 18:13:51 : ERR APPLICATION : Zapp:RelMem->None avail
#1307169 10.07.2026 18:13:51 : ERR DUKTAPE : JSalloc:2095
#1307170 10.07.2026 18:13:51 : ERR APPLICATION : Zapp:relMemCb (exec:zapp)
#1307171 10.07.2026 18:13:51 : ERR APPLICATION : Zapp:RelMem->None avail
#1307172 10.07.2026 18:13:51 : ERR DUKTAPE : JSalloc:2095
#1307173 10.07.2026 18:13:51 : ERR APPLICATION : Zapp:relMemCb (exec:zapp)
#1307174 10.07.2026 18:13:51 : ERR APPLICATION : Zapp:RelMem->None avail
#1307175 10.07.2026 18:13:51 : ERR DUKTAPE : JSalloc:2095
#1307176 10.07.2026 18:13:51 : ERR APPLICATION : Zapp:relMemCb (exec:zapp)
#1307177 10.07.2026 18:13:51 : ERR APPLICATION : Zapp:RelMem->None avail
#1307178 10.07.2026 18:13:51 : ERR DUKTAPE : JSalloc:2095
#1307179 10.07.2026 18:13:51 : ERR APPLICATION : Zapp:relMemCb (exec:zapp)
#1307180 10.07.2026 18:13:51 : ERR APPLICATION : Zapp:RelMem->None avail
#1307181 10.07.2026 18:13:51 : ERR DUKTAPE : JSalloc:2095
#1307182 10.07.2026 18:13:51 : ERR APPLICATION : Zapp:relMemCb (exec:zapp)
#1307183 10.07.2026 18:13:51 : ERR APPLICATION : Zapp:RelMem->None avail
#1307184 10.07.2026 18:13:51 : ERR DUKTAPE : JSalloc:2095
#1307185 10.07.2026 18:13:51 : ERR APPLICATION : Zapp:relMemCb (exec:zapp)
#1307186 10.07.2026 18:13:51 : ERR APPLICATION : Zapp:RelMem->None avail
#1307187 10.07.2026 18:13:51 : ERR DUKTAPE : JSalloc:2095
#1307188 10.07.2026 18:13:51 : ERR APPLICATION : Zapp:relMemCb (exec:zapp)
#1307189 10.07.2026 18:13:51 : ERR APPLICATION : Zapp:RelMem->None avail
#1307190 10.07.2026 18:13:51 : ERR DUKTAPE : JSalloc:2095
#1307191 10.07.2026 18:13:51 : ERR APPLICATION : evalFile: failed to eval b:/zapp/prbp4000.fea/ext90.js
#1307192 10.07.2026 18:13:51 : EVT PMIC : PMIC Fast-charge constant cur
#1307193 10.07.2026 18:13:51 : EVT PMIC : PMIC Fast-charge constant cur
#1307194 10.07.2026 18:13:52 : EVT PMIC : PMIC Fast-charge constant cur
#1307195 10.07.2026 18:13:52 : EVT PMIC : PMIC Fast-charge constant cur
#1307196 10.07.2026 18:13:52 : EVT PMIC : PMIC Fast-charge constant cur
#1307197 10.07.2026 18:13:52 : EVT PMIC : PMIC Fast-charge constant cur
#1307198 10.07.2026 18:13:52 : EVT PMIC : PMIC Fast-charge constant cur
#1307199 10.07.2026 18:13:52 : EVT PMIC : PMIC Fast-charge constant cur
#1307200 10.07.2026 18:13:52 : EVT PMIC : PMIC Fast-charge constant cur
#1307201 10.07.2026 18:13:52 : EVT PMIC : PMIC Fast-charge constant cur
#1307202 10.07.2026 18:13:52 : EVT PMIC : PMIC Fast-charge constant cur
#1307203 10.07.2026 18:13:52 : EVT PMIC : PMIC Fast-charge constant cur
#1307204 10.07.2026 18:13:52 : EVT PMIC : PMIC Fast-charge constant cur
#1307205 10.07.2026 18:13:52 : EVT PMIC : PMIC Fast-charge constant cur
#1307206 10.07.2026 18:13:52 : EVT PMIC : PMIC Fast-charge constant cur
#1307207 10.07.2026 18:13:52 : EVT PMIC : PMIC Fast-charge constant cur
#1307208 10.07.2026 18:13:52 : EVT PMIC : PMIC Fast-charge constant cur
#1307209 10.07.2026 18:13:52 : EVT PMIC : PMIC Precharge
#1307210 10.07.2026 18:13:52 : EVT PMIC : PMIC Fast-charge constant cur
#1307211 10.07.2026 18:13:52 : EVT PMIC : PMIC Fast-charge constant cur
#1307212 10.07.2026 18:13:52 : EVT PMIC : PMIC Fast-charge constant cur
#1307213 10.07.2026 18:13:52 : EVT PMIC : PMIC Fast-charge constant cur
#1307214 10.07.2026 18:13:52 : EVT PMIC : PMIC Fast-charge constant cur
#1307215 10.07.2026 18:13:52 : EVT PMIC : PMIC Fast-charge constant cur
#1307216 10.07.2026 18:13:52 : EVT PMIC : PMIC Fast-charge constant cur
#1307217 10.07.2026 18:13:52 : EVT PMIC : PMIC Fast-charge constant cur
#1307218 10.07.2026 18:13:52 : EVT PMIC : PMIC Fast-charge constant cur
#1307219 10.07.2026 18:13:52 : EVT PMIC : PMIC Fast-charge constant cur
#1307220 10.07.2026 18:13:52 : EVT PMIC : PMIC Fast-charge constant cur
#1307221 10.07.2026 18:13:52 : EVT PMIC : PMIC Fast-charge constant cur
#1307222 10.07.2026 18:13:52 : EVT PMIC : PMIC Fast-charge constant cur
#1307223 10.07.2026 18:13:52 : EVT PMIC : PMIC Precharge
#1307224 10.07.2026 18:13:52 : EVT PMIC : PMIC Fast-charge constant cur
#1307225 10.07.2026 18:13:52 : EVT PMIC : PMIC Fast-charge constant cur
#1307226 10.07.2026 18:13:52 : EVT PMIC : PMIC Fast-charge constant cur
#1307227 10.07.2026 18:13:52 : EVT PMIC : PMIC Fast-charge constant cur
#1307228 10.07.2026 18:13:52 : EVT PMIC : PMIC Fast-charge constant cur
#1307229 10.07.2026 18:13:52 : EVT PMIC : PMIC Fast-charge constant cur
#1307230 10.07.2026 18:13:52 : EVT PMIC : PMIC Fast-charge constant cur
#1307231 10.07.2026 18:13:52 : EVT PMIC : PMIC Precharge
#1307232 10.07.2026 18:13:52 : EVT PMIC : PMIC Fast-charge constant cur
#1307233 10.07.2026 18:13:52 : EVT PMIC : PMIC Fast-charge constant cur
#1307234 10.07.2026 18:13:52 : EVT PMIC : PMIC Fast-charge constant cur
#1307235 10.07.2026 18:13:52 : EVT PMIC : PMIC Fast-charge constant cur
#1307236 10.07.2026 18:13:52 : EVT PMIC : PMIC Fast-charge constant cur
#1307237 10.07.2026 18:13:52 : EVT PMIC : PMIC Precharge
#1307238 10.07.2026 18:13:52 : EVT PMIC : PMIC Fast-charge constant cur
#1307239 10.07.2026 18:13:52 : EVT PMIC : PMIC Precharge
#1307240 10.07.2026 18:13:52 : EVT PMIC : PMIC Fast-charge constant cur
#1307241 10.07.2026 18:13:52 : EVT PMIC : PMIC Fast-charge constant cur
#1307242 10.07.2026 18:13:52 : EVT PMIC : PMIC Fast-charge constant cur
#1307243 10.07.2026 18:13:52 : EVT PMIC : PMIC Fast-charge constant cur
#1307244 10.07.2026 18:13:52 : EVT PMIC : PMIC Precharge
#1307245 10.07.2026 18:13:52 : EVT PMIC : PMIC Fast-charge constant cur
#1307246 10.07.2026 18:13:52 : EVT PMIC : PMIC Fast-charge constant cur
#1307247 10.07.2026 18:13:52 : EVT PMIC : PMIC Fast-charge constant cur
#1307248 10.07.2026 18:13:52 : EVT PMIC : PMIC Fast-charge constant cur
#1307249 10.07.2026 18:13:52 : EVT PMIC : PMIC Fast-charge constant cur
#1307250 10.07.2026 18:13:52 : EVT PMIC : PMIC Fast-charge constant cur
#1307251 10.07.2026 18:13:52 : EVT PMIC : PMIC Fast-charge constant cur
#1307252 10.07.2026 18:13:52 : EVT PMIC : PMIC Fast-charge constant cur
#1307253 10.07.2026 18:13:52 : EVT PMIC : PMIC Fast-charge constant cur
#1307254 10.07.2026 18:13:52 : EVT PMIC : PMIC Fast-charge constant cur
#1307255 10.07.2026 18:13:53 : EVT ANALYTICS : Sync start
#1307256 10.07.2026 18:13:53 : EVT PMIC : PMIC Fast-charge constant cur
#1307257 10.07.2026 18:13:53 : EVT PMIC : PMIC Fast-charge constant cur
#1307258 10.07.2026 18:13:53 : EVT PMIC : PMIC Fast-charge constant cur
#1307259 10.07.2026 18:13:53 : EVT PMIC : PMIC Fast-charge constant cur
#1307260 10.07.2026 18:13:53 : EVT PMIC : PMIC Precharge
#1307261 10.07.2026 18:13:53 : EVT PMIC : PMIC Fast-charge constant cur
#1307262 10.07.2026 18:13:53 : EVT PMIC : PMIC Fast-charge constant cur
#1307263 10.07.2026 18:13:53 : EVT PMIC : PMIC Fast-charge constant cur
#1307264 10.07.2026 18:13:53 : EVT PMIC : PMIC Fast-charge constant cur
#1307265 10.07.2026 18:13:53 : EVT PMIC : PMIC Precharge
#1307266 10.07.2026 18:13:53 : EVT PMIC : PMIC Fast-charge constant cur
#1307267 10.07.2026 18:13:53 : EVT PMIC : PMIC Fast-charge constant cur
#1307268 10.07.2026 18:13:53 : EVT PMIC : PMIC Fast-charge constant cur
#1307269 10.07.2026 18:13:53 : EVT PMIC : PMIC Fast-charge constant cur
#1307270 10.07.2026 18:13:53 : EVT PMIC : PMIC Fast-charge constant cur
#1307271 10.07.2026 18:13:53 : EVT PMIC : PMIC Fast-charge constant cur
#1307272 10.07.2026 18:13:53 : EVT PMIC : PMIC Fast-charge constant cur
#1307273 10.07.2026 18:13:53 : EVT PMIC : PMIC Fast-charge constant cur
#1307274 10.07.2026 18:13:53 : EVT PMIC : PMIC Fast-charge constant cur
#1307275 10.07.2026 18:13:53 : EVT PMIC : PMIC Fast-charge constant cur
#1307276 10.07.2026 18:13:53 : EVT PMIC : PMIC Fast-charge constant cur
#1307277 10.07.2026 18:13:53 : EVT PMIC : PMIC Fast-charge constant cur
#1307278 10.07.2026 18:13:53 : EVT PMIC : PMIC Fast-charge constant cur
#1307279 10.07.2026 18:13:53 : EVT PMIC : PMIC Fast-charge constant cur
#1307280 10.07.2026 18:13:53 : EVT PMIC : PMIC Fast-charge constant cur
#1307281 10.07.2026 18:13:53 : EVT ANALYTICS : Sync start
#1307282 10.07.2026 18:13:53 : EVT PMIC : PMIC Maintain charge
#1307283 10.07.2026 18:13:53 : EVT PMIC : PMIC Fast-charge constant cur
#1307284 10.07.2026 18:13:53 : EVT PMIC : PMIC Fast-charge constant cur
#1307285 10.07.2026 18:13:53 : EVT PMIC : PMIC Fast-charge constant cur
#1307286 10.07.2026 18:13:53 : EVT PMIC : PMIC Fast-charge constant cur
#1307287 10.07.2026 18:13:53 : EVT PMIC : PMIC Fast-charge constant cur
#1307288 10.07.2026 18:13:53 : EVT PMIC : PMIC Fast-charge constant cur
#1307289 10.07.2026 18:13:53 : EVT PMIC : PMIC Precharge
#1307290 10.07.2026 18:13:53 : EVT PMIC : PMIC Fast-charge constant cur
#1307291 10.07.2026 18:13:53 : EVT PMIC : PMIC Fast-charge constant cur
#1307292 10.07.2026 18:13:53 : EVT PMIC : PMIC Fast-charge constant cur
#1307293 10.07.2026 18:13:53 : EVT PMIC : PMIC Fast-charge constant cur
#1307294 10.07.2026 18:13:53 : EVT PMIC : PMIC Fast-charge constant cur
#1307295 10.07.2026 18:13:53 : EVT PMIC : PMIC Fast-charge constant cur
#1307296 10.07.2026 18:13:53 : EVT PMIC : PMIC Fast-charge constant cur
#1307297 10.07.2026 18:13:53 : EVT PMIC : PMIC Precharge
#1307298 10.07.2026 18:13:53 : EVT PMIC : PMIC Fast-charge constant cur
#1307299 10.07.2026 18:13:53 : EVT PMIC : PMIC Fast-charge constant cur
#1307300 10.07.2026 18:13:53 : EVT PMIC : PMIC Fast-charge constant cur
#1307301 10.07.2026 18:13:53 : EVT PMIC : PMIC Precharge
#1307302 10.07.2026 18:13:53 : EVT PMIC : PMIC Fast-charge constant cur
#1307303 10.07.2026 18:13:53 : EVT PMIC : PMIC Fast-charge constant cur
#1307304 10.07.2026 18:13:53 : EVT PMIC : PMIC Fast-charge constant cur
#1307305 10.07.2026 18:13:53 : EVT PMIC : PMIC Fast-charge constant cur
#1307306 10.07.2026 18:13:53 : EVT PMIC : PMIC Precharge
#1307307 10.07.2026 18:13:53 : EVT PMIC : PMIC Fast-charge constant cur
#1307308 10.07.2026 18:13:53 : EVT PMIC : PMIC Precharge
#1307309 10.07.2026 18:13:53 : EVT PMIC : PMIC Fast-charge constant cur
#1307310 10.07.2026 18:13:53 : EVT PMIC : PMIC Fast-charge constant cur
#1307311 10.07.2026 18:13:53 : EVT PMIC : PMIC Fast-charge constant cur
#1307312 10.07.2026 18:13:53 : EVT PMIC : PMIC Fast-charge constant cur
#1307313 10.07.2026 18:13:53 : EVT PMIC : PMIC Fast-charge constant cur
#1307314 10.07.2026 18:13:53 : EVT PMIC : PMIC Fast-charge constant cur
#1307315 10.07.2026 18:13:53 : EVT PMIC : PMIC Fast-charge constant cur
#1307316 10.07.2026 18:13:53 : EVT PMIC : PMIC Fast-charge constant cur
#1307317 10.07.2026 18:13:53 : EVT PMIC : PMIC Fast-charge constant cur
#1307318 10.07.2026 18:13:53 : EVT PMIC : PMIC Fast-charge constant cur
#1307319 10.07.2026 18:13:53 : EVT PMIC : PMIC Fast-charge constant cur
#1307320 10.07.2026 18:13:53 : EVT PMIC : PMIC Fast-charge constant cur
#1307321 10.07.2026 18:13:54 : EVT PMIC : PMIC Maintain charge
#1307322 10.07.2026 18:13:54 : EVT UI_FRAMEWORK : evalFile: b:/zapp/prbp4000.fea/ext90.js from ui
#1307323 10.07.2026 18:13:54 : EVT PMIC : PMIC Fast-charge constant cur
#1307324 10.07.2026 18:13:54 : EVT PMIC : PMIC Fast-charge constant cur
#1307325 10.07.2026 18:13:54 : ERR APPLICATION : Zapp:relMemCb (exec:zapp)
#1307326 10.07.2026 18:13:54 : ERR APPLICATION : Zapp:RelMem->None avail
#1307327 10.07.2026 18:13:54 : ERR DUKTAPE : JSalloc:2095
#1307328 10.07.2026 18:13:54 : ERR APPLICATION : Zapp:relMemCb (exec:zapp)
#1307329 10.07.2026 18:13:54 : ERR APPLICATION : Zapp:RelMem->None avail
#1307330 10.07.2026 18:13:54 : ERR DUKTAPE : JSalloc:2095
#1307331 10.07.2026 18:13:54 : ERR APPLICATION : Zapp:relMemCb (exec:zapp)
#1307332 10.07.2026 18:13:54 : ERR APPLICATION : Zapp:RelMem->None avail
#1307333 10.07.2026 18:13:54 : ERR DUKTAPE : JSalloc:2095
#1307334 10.07.2026 18:13:54 : ERR APPLICATION : Zapp:relMemCb (exec:zapp)
#1307335 10.07.2026 18:13:54 : ERR APPLICATION : Zapp:RelMem->None avail
#1307336 10.07.2026 18:13:54 : ERR DUKTAPE : JSalloc:2095
#1307337 10.07.2026 18:13:54 : ERR APPLICATION : Zapp:relMemCb (exec:zapp)
#1307338 10.07.2026 18:13:54 : ERR APPLICATION : Zapp:RelMem->None avail
#1307339 10.07.2026 18:13:54 : ERR DUKTAPE : JSalloc:2095
#1307340 10.07.2026 18:13:54 : ERR APPLICATION : Zapp:relMemCb (exec:zapp)
#1307341 10.07.2026 18:13:54 : ERR APPLICATION : Zapp:RelMem->None avail
#1307342 10.07.2026 18:13:54 : ERR DUKTAPE : JSalloc:2095
#1307343 10.07.2026 18:13:54 : ERR APPLICATION : Zapp:relMemCb (exec:zapp)
#1307344 10.07.2026 18:13:54 : ERR APPLICATION : Zapp:RelMem->None avail
#1307345 10.07.2026 18:13:54 : ERR DUKTAPE : JSalloc:2095
#1307346 10.07.2026 18:13:54 : ERR APPLICATION : Zapp:relMemCb (exec:zapp)
#1307347 10.07.2026 18:13:54 : ERR APPLICATION : Zapp:RelMem->None avail
#1307348 10.07.2026 18:13:54 : ERR DUKTAPE : JSalloc:2095
#1307349 10.07.2026 18:13:54 : ERR APPLICATION : Zapp:relMemCb (exec:zapp)
#1307350 10.07.2026 18:13:54 : ERR APPLICATION : Zapp:RelMem->None avail
#1307351 10.07.2026 18:13:54 : ERR DUKTAPE : JSalloc:2095
#1307352 10.07.2026 18:13:54 : ERR APPLICATION : Zapp:relMemCb (exec:zapp)
#1307353 10.07.2026 18:13:54 : ERR APPLICATION : Zapp:RelMem->None avail
#1307354 10.07.2026 18:13:54 : ERR DUKTAPE : JSalloc:2095
#1307355 10.07.2026 18:13:54 : ERR APPLICATION : Zapp:relMemCb (exec:zapp)
#1307356 10.07.2026 18:13:54 : ERR APPLICATION : Zapp:RelMem->None avail
#1307357 10.07.2026 18:13:54 : ERR DUKTAPE : JSalloc:2095
#1307358 10.07.2026 18:13:54 : ERR APPLICATION : evalFile: failed to eval b:/zapp/prbp4000.fea/ext90.js
#1307359 10.07.2026 18:13:55 : EVT PMIC : PMIC Maintain charge
#1307360 10.07.2026 18:13:57 : EVT UI_FRAMEWORK : evalFile: b:/zapp/prbp4000.fea/ext90.js from ui
#1307361 10.07.2026 18:13:57 : ERR APPLICATION : Zapp:relMemCb (exec:zapp)
#1307362 10.07.2026 18:13:57 : ERR APPLICATION : Zapp:RelMem->None avail
#1307363 10.07.2026 18:13:57 : ERR DUKTAPE : JSalloc:2095
#1307364 10.07.2026 18:13:57 : ERR APPLICATION : Zapp:relMemCb (exec:zapp)
#1307365 10.07.2026 18:13:57 : ERR APPLICATION : Zapp:RelMem->None avail
#1307366 10.07.2026 18:13:57 : ERR DUKTAPE : JSalloc:2095
#1307367 10.07.2026 18:13:57 : ERR APPLICATION : Zapp:relMemCb (exec:zapp)
#1307368 10.07.2026 18:13:57 : ERR APPLICATION : Zapp:RelMem->None avail
#1307369 10.07.2026 18:13:57 : ERR DUKTAPE : JSalloc:2095
#1307370 10.07.2026 18:13:57 : ERR APPLICATION : Zapp:relMemCb (exec:zapp)
#1307371 10.07.2026 18:13:57 : ERR APPLICATION : Zapp:RelMem->None avail
#1307372 10.07.2026 18:13:57 : ERR DUKTAPE : JSalloc:2095
#1307373 10.07.2026 18:13:57 : ERR APPLICATION : Zapp:relMemCb (exec:zapp)
#1307374 10.07.2026 18:13:57 : ERR APPLICATION : Zapp:RelMem->None avail
#1307375 10.07.2026 18:13:57 : ERR DUKTAPE : JSalloc:2095
#1307376 10.07.2026 18:13:57 : ERR APPLICATION : Zapp:relMemCb (exec:zapp)
#1307377 10.07.2026 18:13:57 : ERR APPLICATION : Zapp:RelMem->None avail
#1307378 10.07.2026 18:13:57 : ERR DUKTAPE : JSalloc:2095
#1307379 10.07.2026 18:13:57 : ERR APPLICATION : Zapp:relMemCb (exec:zapp)
#1307380 10.07.2026 18:13:57 : ERR APPLICATION : Zapp:RelMem->None avail
#1307381 10.07.2026 18:13:57 : ERR DUKTAPE : JSalloc:2095
#1307382 10.07.2026 18:13:57 : ERR APPLICATION : Zapp:relMemCb (exec:zapp)
#1307383 10.07.2026 18:13:57 : ERR APPLICATION : Zapp:RelMem->None avail
#1307384 10.07.2026 18:13:57 : ERR DUKTAPE : JSalloc:2095
#1307385 10.07.2026 18:13:57 : ERR APPLICATION : Zapp:relMemCb (exec:zapp)
#1307386 10.07.2026 18:13:57 : ERR APPLICATION : Zapp:RelMem->None avail
#1307387 10.07.2026 18:13:57 : ERR DUKTAPE : JSalloc:2095
#1307388 10.07.2026 18:13:57 : ERR APPLICATION : Zapp:relMemCb (exec:zapp)
#1307389 10.07.2026 18:13:57 : ERR APPLICATION : Zapp:RelMem->None avail
#1307390 10.07.2026 18:13:57 : ERR DUKTAPE : JSalloc:2095
#1307391 10.07.2026 18:13:57 : ERR APPLICATION : Zapp:relMemCb (exec:zapp)
#1307392 10.07.2026 18:13:57 : ERR APPLICATION : Zapp:RelMem->None avail
#1307393 10.07.2026 18:13:57 : ERR DUKTAPE : JSalloc:2095
#1307394 10.07.2026 18:13:57 : ERR APPLICATION : evalFile: failed to eval b:/zapp/prbp4000.fea/ext90.js
#1307395 10.07.2026 18:14:00 : EVT UI_FRAMEWORK : evalFile: b:/zapp/prbp4000.fea/ext90.js from ui
#1307396 10.07.2026 18:14:00 : ERR APPLICATION : Zapp:relMemCb (exec:zapp)
#1307397 10.07.2026 18:14:00 : ERR APPLICATION : Zapp:RelMem->None avail
#1307398 10.07.2026 18:14:00 : ERR DUKTAPE : JSalloc:2095
#1307399 10.07.2026 18:14:00 : ERR APPLICATION : Zapp:relMemCb (exec:zapp)
#1307400 10.07.2026 18:14:00 : ERR APPLICATION : Zapp:RelMem->None avail
#1307401 10.07.2026 18:14:00 : ERR DUKTAPE : JSalloc:2095
#1307402 10.07.2026 18:14:00 : ERR APPLICATION : Zapp:relMemCb (exec:zapp)
#1307403 10.07.2026 18:14:00 : ERR APPLICATION : Zapp:RelMem->None avail
#1307404 10.07.2026 18:14:00 : ERR DUKTAPE : JSalloc:2095
#1307405 10.07.2026 18:14:00 : ERR APPLICATION : Zapp:relMemCb (exec:zapp)
#1307406 10.07.2026 18:14:00 : ERR APPLICATION : Zapp:RelMem->None avail
#1307407 10.07.2026 18:14:00 : ERR DUKTAPE : JSalloc:2095
#1307408 10.07.2026 18:14:00 : ERR APPLICATION : Zapp:relMemCb (exec:zapp)
#1307409 10.07.2026 18:14:00 : ERR APPLICATION : Zapp:RelMem->None avail
#1307410 10.07.2026 18:14:00 : ERR DUKTAPE : JSalloc:2095
#1307411 10.07.2026 18:14:00 : ERR APPLICATION : Zapp:relMemCb (exec:zapp)
#1307412 10.07.2026 18:14:00 : ERR APPLICATION : Zapp:RelMem->None avail
#1307413 10.07.2026 18:14:00 : ERR DUKTAPE : JSalloc:2095
#1307414 10.07.2026 18:14:00 : ERR APPLICATION : Zapp:relMemCb (exec:zapp)
#1307415 10.07.2026 18:14:00 : ERR APPLICATION : Zapp:RelMem->None avail
#1307416 10.07.2026 18:14:00 : ERR DUKTAPE : JSalloc:2095
#1307417 10.07.2026 18:14:00 : ERR APPLICATION : Zapp:relMemCb (exec:zapp)
#1307418 10.07.2026 18:14:00 : ERR APPLICATION : Zapp:RelMem->None avail
#1307419 10.07.2026 18:14:00 : ERR DUKTAPE : JSalloc:2095
#1307420 10.07.2026 18:14:00 : ERR APPLICATION : Zapp:relMemCb (exec:zapp)
#1307421 10.07.2026 18:14:00 : ERR APPLICATION : Zapp:RelMem->None avail
#1307422 10.07.2026 18:14:00 : ERR DUKTAPE : JSalloc:2095
#1307423 10.07.2026 18:14:00 : ERR APPLICATION : Zapp:relMemCb (exec:zapp)
#1307424 10.07.2026 18:14:00 : ERR APPLICATION : Zapp:RelMem->None avail
#1307425 10.07.2026 18:14:00 : ERR DUKTAPE : JSalloc:2095
#1307426 10.07.2026 18:14:00 : ERR APPLICATION : Zapp:relMemCb (exec:zapp)
#1307427 10.07.2026 18:14:00 : ERR APPLICATION : Zapp:RelMem->None avail
#1307428 10.07.2026 18:14:00 : ERR DUKTAPE : JSalloc:2095
#1307429 10.07.2026 18:14:00 : ERR APPLICATION : evalFile: failed to eval b:/zapp/prbp4000.fea/ext90.js

