#1280287 07.07.2026 23:10:25 : EVT <Unknown> : 1783458625485:PD1464, 0
#1280288 07.07.2026 23:10:25 : EVT <Unknown> : 1783458625549:GMV 20251126/1/4/0/395/46
#1280289 07.07.2026 23:10:25 : EVT <Unknown> : 1783458625803:Mi1.6.10, auth 0, hr_mode 0
#1280290 07.07.2026 23:14:24 : TRC FUEL_GAUGE : Batt: 4427 mV (raw: 4427) soc: 100 %, T: 30.0 C,H:102
#1280291 07.07.2026 23:16:34 : EVT PMIC : PMIC temp zone:0x2
#1280292 07.07.2026 23:16:34 : EVT PMIC : VBUS state is ON
#1280293 07.07.2026 23:16:34 : EVT PMIC : chgCntl1:0x70
#1280294 07.07.2026 23:16:34 : EVT PMIC : check chgCntl1:0x74
#1280295 07.07.2026 23:16:34 : EVT PMIC : Turn charge ON since VBUS->ON
#1280296 07.07.2026 23:16:34 : EVT PMIC : PMIC Fast-charge constant cur
#1280297 07.07.2026 23:16:34 : EVT OHR : VBUS on
#1280298 07.07.2026 23:16:34 : EVT OHR : S:stop 23
#1280299 07.07.2026 23:16:34 : EVT <Unknown> : 1783458994470:Meas stop 0x2123
#1280300 07.07.2026 23:16:34 : EVT PMIC : PMIC Fast-charge constant voltage
#1280301 07.07.2026 23:16:34 : WRN <Unknown> : 1783458994471:FSM EVT STOP.
#1280302 07.07.2026 23:16:34 : EVT OHR : S:OFF 1->0
#1280303 07.07.2026 23:16:34 : EVT PMIC : VBUS state is ON
#1280304 07.07.2026 23:16:36 : EVT WBCOMM : P-9 connection made to ECSD00000000
#1280305 07.07.2026 23:16:36 : EVT WBCOMM : New Route: ECSD00000000
#1280306 07.07.2026 23:16:40 : TRC FUEL_GAUGE : Chg->1,B:5,C:19.0,V:4426,U:1,bF:100%,bC:100%
#1280307 07.07.2026 23:16:40 : EVT ANALYTICS : Battery-> 2 soc:100
#1280308 07.07.2026 23:16:47 : WRN WBCOMM : Route ECSD00000000 error 504: Dropping existing connecti
#1280309 07.07.2026 23:16:47 : EVT WBCOMM : Route lost: ECSD00000000
#1280310 07.07.2026 23:16:47 : EVT WBCOMM : P-9 connection made to ECSD00000000
#1280311 07.07.2026 23:16:47 : EVT WBCOMM : New Route: ECSD00000000
#1280312 07.07.2026 23:16:50 : ERR WBMAIN : *0: app 680 Event 36 80005310
#1280313 07.07.2026 23:16:50 : ERR WBMAIN : 1: mea 44 Wait 0 00000000
#1280314 07.07.2026 23:16:50 : ERR WBMAIN : 2: ui 43 Wait 0 00000000
#1280315 07.07.2026 23:16:50 : EVT <Unknown> : DL Region List
#1280316 07.07.2026 23:16:50 : EVT WIFI : Pwr up
#1280317 07.07.2026 23:16:50 : EVT ANALYTICS : Sync start
#1280318 07.07.2026 23:16:50 : EVT ANALYTICS : Sync start
#1280319 07.07.2026 23:16:56 : EVT WIFI : pwr up
#1280320 07.07.2026 23:16:56 : EVT WIFI : SDK Ver(3.2.8.1)
#1280321 07.07.2026 23:16:56 : EVT WIFI : Scann APs (1/3)
#1280322 07.07.2026 23:16:57 : EVT WIFI : APs scanned:4
#1280323 07.07.2026 23:16:57 : WRN WIFI : No APs matched to connect
#1280324 07.07.2026 23:16:57 : EVT WIFI : Scann APs (2/3)
#1280325 07.07.2026 23:16:58 : EVT WIFI : APs scanned:3
#1280326 07.07.2026 23:16:58 : WRN WIFI : No APs matched to connect
#1280327 07.07.2026 23:16:58 : EVT WIFI : Scann APs (3/3)
#1280328 07.07.2026 23:16:58 : EVT WIFI : APs scanned:4
#1280329 07.07.2026 23:16:59 : WRN WIFI : No APs matched to connect
#1280330 07.07.2026 23:16:59 : EVT WIFI : Internal connect ret:103
#1280331 07.07.2026 23:16:59 : ERR <Unknown> : DL GET resultCode=500
#1280332 07.07.2026 23:16:59 : EVT <Unknown> : DL try retry after 900000 ms
#1280333 07.07.2026 23:17:00 : EVT APPLICATION : Plugin climbl01.zip as type:[2]
#1280334 07.07.2026 23:17:02 : ERR WBMAIN : *0: app 1175 Event 36 80005310
#1280335 07.07.2026 23:17:02 : ERR WBMAIN : 1: mea 53 Wait 0 00000000
#1280336 07.07.2026 23:17:02 : ERR WBMAIN : 2: ui 52 Wait 0 00000000
#1280337 07.07.2026 23:17:02 : EVT ANALYTICS : Sync start
#1280338 07.07.2026 23:17:03 : EVT ANALYTICS : Sync start
#1280339 07.07.2026 23:17:11 : EVT WIFI : Pwr down idle wifi (TO:13se)
#1280340 07.07.2026 23:17:12 : EVT WIFI : pwr down OK
#1280341 07.07.2026 23:18:54 : EVT PMIC : PMIC temp zone:0x7
#1280342 07.07.2026 23:18:54 : EVT PMIC : VBUS state is OFF
#1280343 07.07.2026 23:18:54 : EVT PMIC : Turn charge OFF since VBUS->OFF
#1280344 07.07.2026 23:18:54 : EVT WBCOMM : Route lost: ECSD00000000
#1280345 07.07.2026 23:18:54 : TRC FUEL_GAUGE : Chg->0,B:5,C:28.9,V:4442,U:0,bF:100%,bC:100%
#1280346 07.07.2026 23:18:54 : EVT OHR : VBUS off
#1280347 07.07.2026 23:18:54 : EVT OHR : S:ON 0->1
#1280348 07.07.2026 23:18:55 : EVT ANALYTICS : Battery-> 1 soc:100
#1280349 07.07.2026 23:18:55 : EVT OHR : APPINIT:caps 0x1f4, 6b738616
#1280350 07.07.2026 23:18:55 : EVT <Unknown> : 1783459135114:AI@1783459135090, tz120
#1280351 07.07.2026 23:18:55 : EVT OHR : S:start 0x2123
#1280352 07.07.2026 23:18:55 : EVT <Unknown> : 1783459135157:Meas start 0x2123
#1280353 07.07.2026 23:18:55 : EVT <Unknown> : 1783459135172:PD1464, 0
#1280354 07.07.2026 23:18:55 : EVT <Unknown> : 1783459135233:GMV 20251126/1/4/0/395/46
#1280355 07.07.2026 23:18:55 : EVT <Unknown> : 1783459135487:Mi1.6.10, auth 0, hr_mode 0
#1280356 07.07.2026 23:18:56 : EVT <Unknown> : 1783459135738:On Skin Set.
#1280357 07.07.2026 23:18:59 : EVT WBSTORAGE : CACHE_DEFRAG (776->792, 24->24, 25)
#1280358 07.07.2026 23:18:59 : EVT WBSTORAGE : CACHE_DEFRAG (744->792, 24->24, 25)
#1280359 07.07.2026 23:18:59 : TRC NAVIGATION : CG: no climb WP
#1280360 07.07.2026 23:18:59 : TRC NAVIGATION : CG:init ZoomType=0
#1280361 07.07.2026 23:18:59 : EVT NAVIGATION : initSeg Idx=0 D=1 T=0 3-0-4
#1280362 07.07.2026 23:19:00 : EVT WBSTORAGE : CACHE_DEFRAG (768->904, 24->24, 25)
#1280363 07.07.2026 23:19:00 : EVT ALTIFUSION : AltiBaroMode:0
#1280364 07.07.2026 23:19:00 : EVT ALTIFUSION : Init AltiBaro
#1280365 07.07.2026 23:19:00 : ERR <Unknown> : 1783459139752:Mi invalid call:100,code:0.
#1280366 07.07.2026 23:19:00 : EVT APPLICATION : Zapp zwc05901:Disable
#1280367 07.07.2026 23:19:00 : EVT ANALYTICS : Zapp disabled i:3 h:ddb248f2 n:Vector classic
#1280368 07.07.2026 23:19:00 : EVT ANALYTICS : SleepQ:Tracking:On
#1280369 07.07.2026 23:19:00 : EVT ALTIFUSION : AltiBaroMode:0
#1280370 07.07.2026 23:19:00 : EVT ALTIFUSION : Init AltiBaro
#1280371 07.07.2026 23:19:00 : EVT UI_FRAMEWORK : JS nsto enable zapp: zzwethen
#1280372 07.07.2026 23:19:00 : EVT UI_FRAMEWORK : JS nsto enable zapp: zzmoveen
#1280373 07.07.2026 23:19:00 : EVT UI_FRAMEWORK : JS nsto enable zapp: climbl01
#1280374 07.07.2026 23:19:00 : EVT APPLICATION : Zapp zzwethen:Load script
#1280375 07.07.2026 23:19:00 : EVT APPLICATION : Zapp zzwethen:Enable
#1280376 07.07.2026 23:19:00 : EVT ANALYTICS : Zapp enabled i:8 h:3f77f8ec n:zzwethen v:ade
#1280377 07.07.2026 23:19:00 : EVT APPLICATION : Zapp clid:32878
#1280378 07.07.2026 23:19:00 : EVT APPLICATION : Zapp zzmoveen:Load script
#1280379 07.07.2026 23:19:00 : EVT APPLICATION : Zapp zzmoveen:Enable
#1280380 07.07.2026 23:19:00 : EVT ANALYTICS : Zapp enabled i:6 h:7aac0887 n:zzmoveen v:8e0
#1280381 07.07.2026 23:19:00 : EVT UI_FRAMEWORK : evalFile: b:/zapp/zzmoveen.fea/ext1.js from ui
#1280382 07.07.2026 23:19:00 : EVT APPLICATION : Zapp clid:32879
#1280383 07.07.2026 23:19:00 : EVT APPLICATION : Zapp climbl01:Load script
#1280384 07.07.2026 23:19:00 : EVT APPLICATION : Zapp climbl01:Enable
#1280385 07.07.2026 23:19:00 : EVT ANALYTICS : Zapp enabled i:5 h:a5e7afa5 n:climbl01 v:3.0
#1280386 07.07.2026 23:19:01 : EVT APPLICATION : Zapp clid:32880
#1280387 07.07.2026 23:19:01 : EVT UI_FRAMEWORK : JS nsto all zapps enabled.
#1280388 07.07.2026 23:19:01 : EVT UI_FRAMEWORK : JS Prestart Activity Id: 16.000
#1280389 07.07.2026 23:19:01 : WRN WBAPI : eID-691468(277): /Dive/Alarms/Acknowledge 404
#1280390 07.07.2026 23:19:01 : WRN WBAPI : eID-691468(277): /Dive/DiveGases 404
#1280391 07.07.2026 23:19:01 : WRN WBAPI : eID-691468(277): /Dive/Gauge/Next 404
#1280392 07.07.2026 23:19:01 : EVT WBSTORAGE : CACHE_DEFRAG (880->888, 24->24, 25)
#1280393 07.07.2026 23:19:01 : EVT WBSTORAGE : CACHE_DEFRAG (816->824, 24->24, 25)
#1280394 07.07.2026 23:19:01 : EVT WBSTORAGE : CACHE_DEFRAG (752->760, 24->24, 25)
#1280395 07.07.2026 23:19:01 : EVT BLE : BLE Sensor Link 4800180D Conn (--E-:00:1)
#1280396 07.07.2026 23:19:01 : WRN BLE : sendConnect 6157
#1280397 07.07.2026 23:19:01 : WRN WBAPI : eID-691468(277): /Dive/TankPressure/Alarm/Count 404
#1280398 07.07.2026 23:19:01 : EVT SPEEDFUSION : INFO # start speed fusion
#1280399 07.07.2026 23:19:01 : EVT SPEEDFUSION : Act:16,Acc:0,BPod:0,FPod:0,PPod:0,BeltPod:1
#1280400 07.07.2026 23:19:01 : EVT SPEEDFUSION : INFO # Start algo without wrist acc
#1280401 07.07.2026 23:19:01 : EVT <Unknown> : Update pres sampl intrvl:1
#1280402 07.07.2026 23:19:01 : EVT OHR : S:start 0x21a3
#1280403 07.07.2026 23:19:02 : EVT <Unknown> : 1783459141708:Meas start 0x21a3
#1280404 07.07.2026 23:19:06 : EVT OHR : No HR update, invalidate by timer
#1280405 07.07.2026 23:19:07 : EVT TRAININGLAB : TLab:~Mode T 25451 + 171 A 7480 + 0
#1280406 07.07.2026 23:19:07 : EVT TRAININGLAB : TLab:Change mode 2->3
#1280407 07.07.2026 23:19:07 : EVT TRAININGLAB : TLab:Mode::userInfo 60, 200, 1, 37, 182, 950, 1990
#1280408 07.07.2026 23:19:07 : EVT LOGGER : Log space:30330755 bytes free
#1280409 07.07.2026 23:19:07 : EVT TRAININGLAB : ModeUnsub:2800
#1280410 07.07.2026 23:19:07 : EVT TRAININGLAB : ModeSub:9004
#1280411 07.07.2026 23:19:07 : EVT TRAININGLAB : TLab:Select input 0
#1280412 07.07.2026 23:19:07 : EVT TRAININGLAB : TLab:Active input 0
#1280413 07.07.2026 23:19:07 : EVT LOGGER : Exercise started
#1280414 07.07.2026 23:19:07 : EVT BLE : HR RR on (95072420)
#1280415 07.07.2026 23:19:07 : TRC GPS : Full GNSS data subd l:0 c:802b0000
#1280416 07.07.2026 23:19:09 : EVT ANALYTICS : Battery-> 3 soc:100
#1280417 07.07.2026 23:19:09 : EVT ANALYTICS : #FusHr src:0 time:0
#1280418 07.07.2026 23:19:09 : EVT ANALYTICS : #Act id:16
#1280419 07.07.2026 23:19:09 : EVT ANALYTICS : #powersave mode:p temp:29.6
#1280420 07.07.2026 23:19:09 : EVT ANALYTICS : GPSMODE:NOTUSED
#1280421 07.07.2026 23:19:09 : EVT ANALYTICS : #gnss d:2026-07-07T00:00:00Z
#1280422 07.07.2026 23:19:09 : EVT ANALYTICS : #zapp n:Weather e:1
#1280423 07.07.2026 23:19:09 : EVT ANALYTICS : #zapp n:Movement e:1
#1280424 07.07.2026 23:19:09 : EVT ANALYTICS : #zapp n:Climb Log e:1
#1280425 07.07.2026 23:19:11 : EVT BLE : lt,scan 1
#1280426 07.07.2026 23:19:11 : WRN BLE : sendDisconnect 6157
#1280427 07.07.2026 23:19:11 : ERR BLE : [AURA]No filters left, stopping scan
#1280428 07.07.2026 23:19:11 : ERR BLE : [AURA]Filter with handle 72 not found
#1280429 07.07.2026 23:19:11 : EVT BLE : packet 0 sensor found count 1
#1280430 07.07.2026 23:19:11 : EVT BLE : packet 0 sensor found count 2
#1280431 07.07.2026 23:19:15 : EVT ANALYTICS : #ws AID:16 BM:1 NS:0 SP:3 ZN:0 TG:0 BL:0 GPS:0
#1280432 07.07.2026 23:19:15 : EVT ANALYTICS : #2ws AID:16 WHR:1 INT:0 AL:0 AP:0 FE:1 MC:1 TH:0
#1280433 07.07.2026 23:19:18 : EVT ANALYTICS : #FusHr src:2 time:10668
#1280434 07.07.2026 23:19:18 : EVT TRAININGLAB : Tlab:HR src is 2
#1280435 07.07.2026 23:19:18 : EVT ANALYTICS : #FusHr src:2 time:0
#1280436 07.07.2026 23:19:18 : EVT TRAININGLAB : TLab:Active input 1
#1280437 07.07.2026 23:19:20 : WRN WBAPI : eID-691468(277): /Dive/Alarms/Acknowledge 404
#1280438 07.07.2026 23:19:20 : WRN WBAPI : eID-691468(277): /Dive/DiveGases 404
#1280439 07.07.2026 23:19:20 : WRN WBAPI : eID-691468(277): /Dive/Gauge/Next 404
#1280440 07.07.2026 23:19:24 : EVT LOGGER : LGR 934, 80
#1280441 07.07.2026 23:19:24 : WRN WBAPI : eID-691468(277): /Dive/Alarms/Acknowledge 404
#1280442 07.07.2026 23:19:24 : WRN WBAPI : eID-691468(277): /Dive/DiveGases 404
#1280443 07.07.2026 23:19:24 : WRN WBAPI : eID-691468(277): /Dive/Gauge/Next 404
#1280444 07.07.2026 23:19:26 : EVT LOGGER : LGR 934, 80
#1280445 07.07.2026 23:19:27 : WRN WBAPI : eID-691468(277): /Dive/Alarms/Acknowledge 404
#1280446 07.07.2026 23:19:27 : WRN WBAPI : eID-691468(277): /Dive/DiveGases 404
#1280447 07.07.2026 23:19:27 : WRN WBAPI : eID-691468(277): /Dive/Gauge/Next 404
#1280448 07.07.2026 23:19:28 : EVT <Unknown> : 1783459167618:Off Skin Set.
#1280449 07.07.2026 23:19:29 : EVT <Unknown> : 1783459168870:On Skin Set.
#1280450 07.07.2026 23:19:29 : EVT LOGGER : LGR 934, 80
#1280451 07.07.2026 23:19:29 : WRN WBAPI : eID-691468(277): /Dive/Alarms/Acknowledge 404
#1280452 07.07.2026 23:19:29 : WRN WBAPI : eID-691468(277): /Dive/DiveGases 404
#1280453 07.07.2026 23:19:29 : WRN WBAPI : eID-691468(277): /Dive/Gauge/Next 404
#1280454 07.07.2026 23:19:30 : EVT ANALYTICS : Weather sync TO
#1280455 07.07.2026 23:19:31 : EVT LOGGER : LGR 934, 80
#1280456 07.07.2026 23:19:33 : WRN WBAPI : eID-691468(277): /Dive/Alarms/Acknowledge 404
#1280457 07.07.2026 23:19:33 : WRN WBAPI : eID-691468(277): /Dive/DiveGases 404
#1280458 07.07.2026 23:19:33 : WRN WBAPI : eID-691468(277): /Dive/Gauge/Next 404
#1280459 07.07.2026 23:19:36 : EVT LOGGER : LGR 934, 80
#1280460 07.07.2026 23:19:36 : WRN WBAPI : eID-691468(277): /Dive/Alarms/Acknowledge 404
#1280461 07.07.2026 23:19:36 : WRN WBAPI : eID-691468(277): /Dive/DiveGases 404
#1280462 07.07.2026 23:19:36 : WRN WBAPI : eID-691468(277): /Dive/Gauge/Next 404
#1280463 07.07.2026 23:19:38 : EVT LOGGER : LGR 934, 80
#1280464 07.07.2026 23:20:01 : ERR WBMAIN : *0: app 1009 Event 24 80892700
#1280465 07.07.2026 23:20:01 : ERR WBMAIN : 1: mea 1 Event 3 80891701
#1280466 07.07.2026 23:20:01 : ERR WBMAIN : 2: ui 4 Wait 0 00000000
#1280467 07.07.2026 23:20:03 : EVT LOGGER : Exercise paused
#1280468 07.07.2026 23:20:03 : WRN WBAPI : eID-691468(277): /Dive/Alarms/Acknowledge 404
#1280469 07.07.2026 23:20:03 : WRN WBAPI : eID-691468(277): /Dive/DiveGases 404
#1280470 07.07.2026 23:20:03 : WRN WBAPI : eID-691468(277): /Dive/Gauge/Next 404
#1280471 07.07.2026 23:20:12 : EVT <Unknown> : 1783459211738:SCD DET STATE ON.
#1280472 07.07.2026 23:20:17 : EVT APPLICATION : Zapp climbl01:Disable
#1280473 07.07.2026 23:20:17 : EVT ANALYTICS : Zapp disabled i:5 h:a5e7afa5 n:Climb Log
#1280474 07.07.2026 23:20:18 : EVT APPLICATION : Zapp zzmoveen:Disable
#1280475 07.07.2026 23:20:18 : EVT ANALYTICS : Zapp disabled i:6 h:7aac0887 n:Movement
#1280476 07.07.2026 23:20:18 : EVT UI_FRAMEWORK : evalFile: b:/zapp/zzmoveen.fea/ext2.js from ui
#1280477 07.07.2026 23:20:18 : EVT APPLICATION : Zapp zzwethen:Disable
#1280478 07.07.2026 23:20:18 : EVT ANALYTICS : Zapp disabled i:8 h:3f77f8ec n:Weather
#1280479 07.07.2026 23:20:18 : EVT UI_FRAMEWORK : JS discard disable zapps
#1280480 07.07.2026 23:20:18 : EVT UI_FRAMEWORK : JS will discard
#1280481 07.07.2026 23:20:18 : EVT SPEEDFUSION : INFO # stop speed fusion
#1280482 07.07.2026 23:20:18 : EVT <Unknown> : Update pres sampl intrvl:5
#1280483 07.07.2026 23:20:18 : WRN APPLICATION : discard hrr meas l:3 d:0 sh:67 mh:67 v:0
#1280484 07.07.2026 23:20:18 : WRN WBAPI : eID-698eec(583/65535): 404
#1280485 07.07.2026 23:20:18 : EVT TRAININGZONE : User Define Mode:5
#1280486 07.07.2026 23:20:18 : EVT TRAININGZONE : Tss HR:0.47
#1280487 07.07.2026 23:20:18 : EVT TRAININGZONE : A:16,Tss:[-200.00,-200.00,-200.00,0.47]
#1280488 07.07.2026 23:20:18 : EVT TRAININGLAB : AppFeature Vo2Max 0.000000
#1280489 07.07.2026 23:20:18 : EVT TRAININGLAB : TLab:~Mode T 25622 + 15 A 7480 + 0
#1280490 07.07.2026 23:20:18 : EVT TRAININGLAB : TLab:Change mode 3->2
#1280491 07.07.2026 23:20:18 : EVT TRAININGLAB : TLab:Mode::userInfo 60, 200, 1, 37, 182, 950, 1990
#1280492 07.07.2026 23:20:18 : EVT LOGGER : LGR 934, 80
#1280493 07.07.2026 23:20:18 : EVT TRAININGLAB : ModeUnsub:9145
#1280494 07.07.2026 23:20:18 : EVT OHR : S:start 0x2123
#1280495 07.07.2026 23:20:18 : EVT TRAININGLAB : ModeSub:0400
#1280496 07.07.2026 23:20:18 : EVT ANALYTICS : WAOae:Activity WAOae:16
#1280497 07.07.2026 23:20:18 : EVT ANALYTICS : WAOae:TotalAcc WAOae:0,0,0
#1280498 07.07.2026 23:20:18 : EVT ANALYTICS : WAOae:AccCount WAOae:0,0,0
#1280499 07.07.2026 23:20:18 : EVT ANALYTICS : WAOae:Distance WAOae:0,0,0
#1280500 07.07.2026 23:20:18 : EVT ANALYTICS : WAOae:Duration WAOae:0,0,0
#1280501 07.07.2026 23:20:18 : EVT ANALYTICS : WAOae:Coeff WAOae:0,40,240,390,773,7524,7624
#1280502 07.07.2026 23:20:18 : EVT LOGGER : Exercise stopped
#1280503 07.07.2026 23:20:18 : EVT BLE : HR RR off (95143218, 70798 ms missing)
#1280504 07.07.2026 23:20:18 : EVT BLE : HR RR done
#1280505 07.07.2026 23:20:18 : EVT LOGGER : HrIbiLogger stop, off (0 ms)
#1280506 07.07.2026 23:20:18 : EVT LOGGER : HrIbiLogger stopped (0 ms)
#1280507 07.07.2026 23:20:18 : TRC GPS : Unsubd c:802b0000
#1280508 07.07.2026 23:20:18 : EVT LOGGER : LGR 934, 80
#1280509 07.07.2026 23:20:18 : EVT LOGGER : LGR 934, 80
#1280510 07.07.2026 23:20:18 : EVT ANALYTICS : SleepQ:Tracking:On
#1280511 07.07.2026 23:20:18 : EVT LOGGER : Wr dpc on
#1280512 07.07.2026 23:20:18 : EVT LOGGER : LGR 20993, 56
#1280513 07.07.2026 23:20:19 : EVT <Unknown> : 1783459218183:Meas start 0x2123
#1280514 07.07.2026 23:20:19 : EVT BLE : Disconn sensor:1
#1280515 07.07.2026 23:20:19 : EVT BLE : BLE Sensor Link 4800180D Disc (L-E-:00:0)
#1280516 07.07.2026 23:20:19 : WRN BLE : sendDisconnect 6157
#1280517 07.07.2026 23:20:19 : ERR BLE : [AURA]No filters left, stopping scan
#1280518 07.07.2026 23:20:19 : EVT UI_FRAMEWORK : JS feeling vs idle 1
#1280519 07.07.2026 23:20:19 : EVT UI_FRAMEWORK : JS feeling open ex-saving
#1280520 07.07.2026 23:20:20 : EVT WBSTORAGE : CACHE_DEFRAG (680->1008, 24->24, 25)
#1280521 07.07.2026 23:20:20 : EVT WBSTORAGE : CACHE_DEFRAG (992->1000, 24->24, 25)
#1280522 07.07.2026 23:20:20 : TRC NAVIGATION : CG: no climb WP
#1280523 07.07.2026 23:20:20 : TRC NAVIGATION : CG:init ZoomType=0
#1280524 07.07.2026 23:20:20 : EVT NAVIGATION : initSeg Idx=0 D=1 T=0 3-0-4
#1280525 07.07.2026 23:20:20 : EVT WBSTORAGE : CACHE_DEFRAG (984->1024, 24->24, 25)
#1280526 07.07.2026 23:20:20 : EVT SPEEDFUSION : INFO # IDLE mode(-1) set
#1280527 07.07.2026 23:20:20 : EVT ALTIFUSION : AltiBaroMode:2
#1280528 07.07.2026 23:20:20 : ERR WBMAIN : *0: app 512 Event 37 8099031c
#1280529 07.07.2026 23:20:20 : ERR WBMAIN : 1: mea 1 Wait 0 00000000
#1280530 07.07.2026 23:20:20 : ERR WBMAIN : 2: ui 3 Wait 0 00000000
#1280531 07.07.2026 23:20:20 : EVT ANALYTICS : #powersave mode:p temp:29.7
#1280532 07.07.2026 23:20:20 : EVT ANALYTICS : Battery-> 4 soc:100
#1280533 07.07.2026 23:20:23 : EVT OHR : No HR update, invalidate by timer
#1280534 07.07.2026 23:20:23 : EVT ANALYTICS : Duration ExSaving:3716
#1280535 07.07.2026 23:20:24 : EVT ANALYTICS : Duration ExSumBroker:365
#1280536 07.07.2026 23:20:28 : ERR <Unknown> : 1783459228087:Hr_out conf_low:69/10.
#1280537 07.07.2026 23:20:29 : EVT UI_FRAMEWORK : JS delete log
#1280538 07.07.2026 23:20:29 : WRN LOGGER : Delete b:logs/6A4D6D4B
#1280539 07.07.2026 23:20:32 : EVT WBSTORAGE : CACHE_DEFRAG (1000->1008, 24->24, 25)
#1280540 07.07.2026 23:20:32 : EVT APPLICATION : Zapp zwc05901:Load script
#1280541 07.07.2026 23:20:32 : EVT APPLICATION : Zapp zwc05901:Enable
#1280542 07.07.2026 23:20:32 : EVT ANALYTICS : Zapp enabled i:3 h:ddb248f2 n:zwc05901 v:124f
#1280543 07.07.2026 23:20:32 : WRN WBAPI : eID-691468(277): /Weather/Current/ValidWeatherData.temp 
#1280544 07.07.2026 23:20:37 : EVT OHR : new HR update
#1280545 07.07.2026 23:20:47 : EVT OHR : No HR update, invalidate by timer
#1280546 07.07.2026 23:20:48 : EVT WBSTORAGE : CACHE_DEFRAG (880->888, 24->24, 25)
#1280547 07.07.2026 23:20:48 : EVT WBSTORAGE : CACHE_DEFRAG (840->880, 24->24, 25)
#1280548 07.07.2026 23:20:48 : EVT WBSTORAGE : CACHE_DEFRAG (856->864, 24->24, 25)
#1280549 07.07.2026 23:20:48 : EVT WBSTORAGE : CACHE_DEFRAG (848->856, 24->24, 25)
#1280550 07.07.2026 23:20:48 : EVT WBSTORAGE : CACHE_DEFRAG (840->848, 24->24, 25)
#1280551 07.07.2026 23:20:49 : TRC NAVIGATION : CG: no climb WP
#1280552 07.07.2026 23:20:49 : TRC NAVIGATION : CG:init ZoomType=0
#1280553 07.07.2026 23:20:49 : EVT NAVIGATION : initSeg Idx=0 D=1 T=0 3-0-4
#1280554 07.07.2026 23:20:49 : EVT WBSTORAGE : CACHE_DEFRAG (832->944, 24->24, 25)
#1280555 07.07.2026 23:20:49 : EVT ALTIFUSION : AltiBaroMode:0
#1280556 07.07.2026 23:20:49 : EVT ALTIFUSION : Init AltiBaro
#1280557 07.07.2026 23:20:49 : EVT APPLICATION : Zapp zwc05901:Disable
#1280558 07.07.2026 23:20:49 : EVT ANALYTICS : Zapp disabled i:3 h:ddb248f2 n:Vector classic
#1280559 07.07.2026 23:20:49 : EVT ANALYTICS : SleepQ:Tracking:On
#1280560 07.07.2026 23:20:49 : EVT ALTIFUSION : AltiBaroMode:0
#1280561 07.07.2026 23:20:49 : EVT ALTIFUSION : Init AltiBaro
#1280562 07.07.2026 23:20:49 : EVT WBSTORAGE : CACHE_DEFRAG (920->928, 24->24, 25)
#1280563 07.07.2026 23:20:49 : EVT UI_FRAMEWORK : JS nsto enable zapp: zzwethen
#1280564 07.07.2026 23:20:49 : EVT UI_FRAMEWORK : JS nsto enable zapp: zzmoveen
#1280565 07.07.2026 23:20:49 : EVT UI_FRAMEWORK : JS nsto enable zapp: climbl01
#1280566 07.07.2026 23:20:49 : EVT APPLICATION : Zapp zzwethen:Load script
#1280567 07.07.2026 23:20:49 : EVT APPLICATION : Zapp zzwethen:Enable
#1280568 07.07.2026 23:20:49 : EVT ANALYTICS : Zapp enabled i:8 h:3f77f8ec n:zzwethen v:ade
#1280569 07.07.2026 23:20:49 : EVT APPLICATION : Zapp clid:32878
#1280570 07.07.2026 23:20:49 : EVT APPLICATION : Zapp zzmoveen:Load script
#1280571 07.07.2026 23:20:49 : EVT APPLICATION : Zapp zzmoveen:Enable
#1280572 07.07.2026 23:20:49 : EVT ANALYTICS : Zapp enabled i:6 h:7aac0887 n:zzmoveen v:8e0
#1280573 07.07.2026 23:20:49 : EVT UI_FRAMEWORK : evalFile: b:/zapp/zzmoveen.fea/ext1.js from ui
#1280574 07.07.2026 23:20:49 : EVT APPLICATION : Zapp clid:32879
#1280575 07.07.2026 23:20:49 : EVT APPLICATION : Zapp climbl01:Load script
#1280576 07.07.2026 23:20:50 : EVT APPLICATION : Zapp climbl01:Enable
#1280577 07.07.2026 23:20:50 : EVT ANALYTICS : Zapp enabled i:5 h:a5e7afa5 n:climbl01 v:3.0
#1280578 07.07.2026 23:20:50 : EVT APPLICATION : Zapp clid:32880
#1280579 07.07.2026 23:20:50 : EVT UI_FRAMEWORK : JS nsto all zapps enabled.
#1280580 07.07.2026 23:20:50 : EVT UI_FRAMEWORK : JS Prestart Activity Id: 16.000
#1280581 07.07.2026 23:20:50 : WRN WBAPI : eID-691468(277): /Dive/Alarms/Acknowledge 404
#1280582 07.07.2026 23:20:50 : WRN WBAPI : eID-691468(277): /Dive/DiveGases 404
#1280583 07.07.2026 23:20:50 : WRN WBAPI : eID-691468(277): /Dive/Gauge/Next 404
#1280584 07.07.2026 23:20:50 : EVT WBSTORAGE : CACHE_DEFRAG (880->888, 24->24, 25)
#1280585 07.07.2026 23:20:50 : EVT WBSTORAGE : CACHE_DEFRAG (816->824, 24->24, 25)
#1280586 07.07.2026 23:20:50 : EVT WBSTORAGE : CACHE_DEFRAG (752->760, 24->24, 25)
#1280587 07.07.2026 23:20:50 : EVT BLE : BLE Sensor Link 4800180D Conn (--E-:00:1)
#1280588 07.07.2026 23:20:50 : WRN BLE : sendConnect 6157
#1280589 07.07.2026 23:20:50 : WRN WBAPI : eID-691468(277): /Dive/TankPressure/Alarm/Count 404
#1280590 07.07.2026 23:20:50 : EVT SPEEDFUSION : INFO # start speed fusion
#1280591 07.07.2026 23:20:50 : EVT SPEEDFUSION : Act:16,Acc:0,BPod:0,FPod:0,PPod:0,BeltPod:1
#1280592 07.07.2026 23:20:50 : EVT SPEEDFUSION : INFO # Start algo without wrist acc
#1280593 07.07.2026 23:20:50 : EVT <Unknown> : Update pres sampl intrvl:1
#1280594 07.07.2026 23:20:51 : EVT OHR : S:start 0x21a3
#1280595 07.07.2026 23:20:51 : EVT <Unknown> : 1783459251012:Meas start 0x21a3
#1280596 07.07.2026 23:20:58 : EVT TRAININGLAB : TLab:~Mode T 25637 + 8 A 7480 + 0
#1280597 07.07.2026 23:20:58 : EVT TRAININGLAB : TLab:Change mode 2->3
#1280598 07.07.2026 23:20:58 : EVT TRAININGLAB : TLab:Mode::userInfo 60, 200, 1, 37, 182, 950, 1990
#1280599 07.07.2026 23:20:58 : EVT LOGGER : Log space:30330755 bytes free
#1280600 07.07.2026 23:20:58 : EVT TRAININGLAB : ModeUnsub:2800
#1280601 07.07.2026 23:20:58 : EVT TRAININGLAB : ModeSub:9004
#1280602 07.07.2026 23:20:58 : EVT TRAININGLAB : TLab:Select input 0
#1280603 07.07.2026 23:20:58 : EVT TRAININGLAB : TLab:Active input 0
#1280604 07.07.2026 23:20:58 : EVT LOGGER : Exercise started
#1280605 07.07.2026 23:20:58 : EVT BLE : HR RR on (95183244)
#1280606 07.07.2026 23:20:58 : TRC GPS : Full GNSS data subd l:0 c:802b0000
#1280607 07.07.2026 23:21:00 : EVT ANALYTICS : Battery-> 3 soc:100
#1280608 07.07.2026 23:21:00 : EVT ANALYTICS : #FusHr src:0 time:0
#1280609 07.07.2026 23:21:00 : EVT ANALYTICS : #Act id:16
#1280610 07.07.2026 23:21:00 : EVT ANALYTICS : #powersave mode:p temp:30.1
#1280611 07.07.2026 23:21:00 : EVT ANALYTICS : GPSMODE:NOTUSED
#1280612 07.07.2026 23:21:00 : EVT ANALYTICS : #gnss d:2026-07-07T00:00:00Z
#1280613 07.07.2026 23:21:00 : EVT ANALYTICS : #zapp n:Weather e:1
#1280614 07.07.2026 23:21:00 : EVT ANALYTICS : #zapp n:Movement e:1
#1280615 07.07.2026 23:21:00 : EVT ANALYTICS : #zapp n:Climb Log e:1
#1280616 07.07.2026 23:21:00 : EVT BLE : lt,scan 1
#1280617 07.07.2026 23:21:00 : WRN BLE : sendDisconnect 6157
#1280618 07.07.2026 23:21:00 : ERR BLE : [AURA]No filters left, stopping scan
#1280619 07.07.2026 23:21:00 : ERR BLE : [AURA]Filter with handle 72 not found
#1280620 07.07.2026 23:21:00 : EVT BLE : packet 0 sensor found count 1
#1280621 07.07.2026 23:21:00 : EVT BLE : packet 0 sensor found count 2
#1280622 07.07.2026 23:21:02 : EVT ANALYTICS : #FusHr src:2 time:11476
#1280623 07.07.2026 23:21:02 : EVT TRAININGLAB : Tlab:HR src is 2
#1280624 07.07.2026 23:21:02 : EVT ANALYTICS : #FusHr src:2 time:0
#1280625 07.07.2026 23:21:02 : EVT TRAININGLAB : TLab:Active input 1
#1280626 07.07.2026 23:21:02 : WRN WBAPI : eID-691468(277): /Dive/Alarms/Acknowledge 404
#1280627 07.07.2026 23:21:02 : WRN WBAPI : eID-691468(277): /Dive/DiveGases 404
#1280628 07.07.2026 23:21:02 : WRN WBAPI : eID-691468(277): /Dive/Gauge/Next 404
#1280629 07.07.2026 23:21:04 : EVT LOGGER : LGR 934, 80
#1280630 07.07.2026 23:21:04 : WRN WBAPI : eID-691468(277): /Dive/Alarms/Acknowledge 404
#1280631 07.07.2026 23:21:04 : WRN WBAPI : eID-691468(277): /Dive/DiveGases 404
#1280632 07.07.2026 23:21:04 : WRN WBAPI : eID-691468(277): /Dive/Gauge/Next 404
#1280633 07.07.2026 23:21:05 : EVT LOGGER : LGR 934, 80
#1280634 07.07.2026 23:21:06 : EVT ANALYTICS : #ws AID:16 BM:1 NS:0 SP:3 ZN:0 TG:0 BL:0 GPS:0
#1280635 07.07.2026 23:21:06 : EVT ANALYTICS : #2ws AID:16 WHR:1 INT:0 AL:0 AP:0 FE:1 MC:1 TH:0
#1280636 07.07.2026 23:21:07 : WRN WBAPI : eID-691468(277): /Dive/Alarms/Acknowledge 404
#1280637 07.07.2026 23:21:07 : WRN WBAPI : eID-691468(277): /Dive/DiveGases 404
#1280638 07.07.2026 23:21:07 : WRN WBAPI : eID-691468(277): /Dive/Gauge/Next 404
#1280639 07.07.2026 23:21:09 : EVT LOGGER : LGR 934, 80
#1280640 07.07.2026 23:21:09 : WRN WBAPI : eID-691468(277): /Dive/Alarms/Acknowledge 404
#1280641 07.07.2026 23:21:09 : WRN WBAPI : eID-691468(277): /Dive/DiveGases 404
#1280642 07.07.2026 23:21:09 : WRN WBAPI : eID-691468(277): /Dive/Gauge/Next 404
#1280643 07.07.2026 23:21:12 : EVT LOGGER : LGR 934, 80
#1280644 07.07.2026 23:21:13 : WRN WBAPI : eID-691468(277): /Dive/Alarms/Acknowledge 404
#1280645 07.07.2026 23:21:13 : WRN WBAPI : eID-691468(277): /Dive/DiveGases 404
#1280646 07.07.2026 23:21:13 : WRN WBAPI : eID-691468(277): /Dive/Gauge/Next 404
#1280647 07.07.2026 23:21:18 : EVT LOGGER : Exercise paused
#1280648 07.07.2026 23:21:18 : WRN WBAPI : eID-691468(277): /Dive/Alarms/Acknowledge 404
#1280649 07.07.2026 23:21:18 : WRN WBAPI : eID-691468(277): /Dive/DiveGases 404
#1280650 07.07.2026 23:21:18 : WRN WBAPI : eID-691468(277): /Dive/Gauge/Next 404
#1280651 07.07.2026 23:21:21 : EVT APPLICATION : Zapp climbl01:Disable
#1280652 07.07.2026 23:21:21 : EVT ANALYTICS : Zapp disabled i:5 h:a5e7afa5 n:Climb Log
#1280653 07.07.2026 23:21:21 : EVT APPLICATION : Zapp zzmoveen:Disable
#1280654 07.07.2026 23:21:21 : EVT ANALYTICS : Zapp disabled i:6 h:7aac0887 n:Movement
#1280655 07.07.2026 23:21:21 : EVT UI_FRAMEWORK : evalFile: b:/zapp/zzmoveen.fea/ext2.js from ui
#1280656 07.07.2026 23:21:21 : EVT APPLICATION : Zapp zzwethen:Disable
#1280657 07.07.2026 23:21:21 : EVT ANALYTICS : Zapp disabled i:8 h:3f77f8ec n:Weather
#1280658 07.07.2026 23:21:21 : EVT UI_FRAMEWORK : JS discard disable zapps
#1280659 07.07.2026 23:21:21 : EVT UI_FRAMEWORK : JS will discard
#1280660 07.07.2026 23:21:21 : EVT SPEEDFUSION : INFO # stop speed fusion
#1280661 07.07.2026 23:21:21 : EVT <Unknown> : Update pres sampl intrvl:5
#1280662 07.07.2026 23:21:21 : WRN APPLICATION : discard hrr meas l:3 d:0 sh:71 mh:71 v:0
#1280663 07.07.2026 23:21:21 : WRN WBAPI : eID-698eec(583/65535): 404
#1280664 07.07.2026 23:21:21 : EVT TRAININGZONE : User Define Mode:5
#1280665 07.07.2026 23:21:21 : EVT TRAININGZONE : Tss HR:0.17
#1280666 07.07.2026 23:21:21 : EVT TRAININGZONE : A:16,Tss:[-200.00,-200.00,-200.00,0.17]
#1280667 07.07.2026 23:21:21 : EVT TRAININGLAB : AppFeature Vo2Max 0.000000
#1280668 07.07.2026 23:21:21 : EVT TRAININGLAB : TLab:~Mode T 25645 + 5 A 7480 + 0
#1280669 07.07.2026 23:21:21 : EVT TRAININGLAB : TLab:Change mode 3->2
#1280670 07.07.2026 23:21:21 : EVT TRAININGLAB : TLab:Mode::userInfo 60, 200, 1, 37, 182, 950, 1990
#1280671 07.07.2026 23:21:21 : EVT LOGGER : LGR 934, 80
#1280672 07.07.2026 23:21:21 : EVT TRAININGLAB : ModeUnsub:9145
#1280673 07.07.2026 23:21:21 : EVT OHR : S:start 0x2123
#1280674 07.07.2026 23:21:21 : EVT TRAININGLAB : ModeSub:0400
#1280675 07.07.2026 23:21:21 : EVT ANALYTICS : WAOae:Activity WAOae:16
#1280676 07.07.2026 23:21:21 : EVT ANALYTICS : WAOae:TotalAcc WAOae:0,0,0
#1280677 07.07.2026 23:21:21 : EVT ANALYTICS : WAOae:AccCount WAOae:0,0,0
#1280678 07.07.2026 23:21:21 : EVT ANALYTICS : WAOae:Distance WAOae:0,0,0
#1280679 07.07.2026 23:21:21 : EVT ANALYTICS : WAOae:Duration WAOae:0,0,0
#1280680 07.07.2026 23:21:21 : EVT ANALYTICS : WAOae:Coeff WAOae:0,40,240,390,773,7524,7624
#1280681 07.07.2026 23:21:21 : EVT LOGGER : Exercise stopped
#1280682 07.07.2026 23:21:21 : EVT BLE : HR RR off (95206900, 23656 ms missing)
#1280683 07.07.2026 23:21:21 : EVT BLE : HR RR done
#1280684 07.07.2026 23:21:21 : EVT LOGGER : HrIbiLogger stop, off (0 ms)
#1280685 07.07.2026 23:21:21 : EVT LOGGER : HrIbiLogger stopped (0 ms)
#1280686 07.07.2026 23:21:21 : TRC GPS : Unsubd c:802b0000
#1280687 07.07.2026 23:21:21 : EVT LOGGER : LGR 934, 80
#1280688 07.07.2026 23:21:21 : EVT LOGGER : LGR 934, 80
#1280689 07.07.2026 23:21:21 : EVT ANALYTICS : SleepQ:Tracking:On
#1280690 07.07.2026 23:21:22 : EVT LOGGER : Wr dpc on
#1280691 07.07.2026 23:21:22 : EVT LOGGER : LGR 20993, 56
#1280692 07.07.2026 23:21:22 : EVT <Unknown> : 1783459281866:Meas start 0x2123
#1280693 07.07.2026 23:21:23 : EVT BLE : Disconn sensor:1
#1280694 07.07.2026 23:21:23 : EVT BLE : BLE Sensor Link 4800180D Disc (L-E-:00:0)
#1280695 07.07.2026 23:21:23 : WRN BLE : sendDisconnect 6157
#1280696 07.07.2026 23:21:23 : ERR BLE : [AURA]No filters left, stopping scan
#1280697 07.07.2026 23:21:23 : EVT UI_FRAMEWORK : JS feeling vs idle 1
#1280698 07.07.2026 23:21:23 : EVT UI_FRAMEWORK : JS feeling open ex-saving
#1280699 07.07.2026 23:21:23 : EVT WBSTORAGE : CACHE_DEFRAG (680->1008, 24->24, 25)
#1280700 07.07.2026 23:21:23 : EVT WBSTORAGE : CACHE_DEFRAG (992->1000, 24->24, 25)
#1280701 07.07.2026 23:21:23 : TRC NAVIGATION : CG: no climb WP
#1280702 07.07.2026 23:21:23 : TRC NAVIGATION : CG:init ZoomType=0
#1280703 07.07.2026 23:21:23 : EVT NAVIGATION : initSeg Idx=0 D=1 T=0 3-0-4
#1280704 07.07.2026 23:21:23 : EVT WBSTORAGE : CACHE_DEFRAG (984->1024, 24->24, 25)
#1280705 07.07.2026 23:21:23 : EVT SPEEDFUSION : INFO # IDLE mode(-1) set
#1280706 07.07.2026 23:21:23 : EVT ALTIFUSION : AltiBaroMode:2
#1280707 07.07.2026 23:21:23 : ERR WBMAIN : *0: app 505 Event 37 8099031c
#1280708 07.07.2026 23:21:23 : ERR WBMAIN : 1: mea 1 Wait 0 00000000
#1280709 07.07.2026 23:21:23 : ERR WBMAIN : 2: ui 2 Proc 0 00000000
#1280710 07.07.2026 23:21:23 : EVT ANALYTICS : #powersave mode:p temp:30.2
#1280711 07.07.2026 23:21:23 : EVT ANALYTICS : Battery-> 4 soc:100
#1280712 07.07.2026 23:21:26 : EVT ANALYTICS : Duration ExSaving:3570
#1280713 07.07.2026 23:21:27 : EVT ANALYTICS : Duration ExSumBroker:363
#1280714 07.07.2026 23:21:32 : EVT UI_FRAMEWORK : JS delete log
#1280715 07.07.2026 23:21:32 : WRN LOGGER : Delete b:logs/6A4D6DBA
#1280716 07.07.2026 23:21:34 : EVT WBSTORAGE : CACHE_DEFRAG (1000->1008, 24->24, 25)
#1280717 07.07.2026 23:21:34 : EVT APPLICATION : Zapp zwc05901:Load script
#1280718 07.07.2026 23:21:34 : EVT APPLICATION : Zapp zwc05901:Enable
#1280719 07.07.2026 23:21:34 : EVT ANALYTICS : Zapp enabled i:3 h:ddb248f2 n:zwc05901 v:124f
#1280720 07.07.2026 23:21:34 : WRN WBAPI : eID-691468(277): /Weather/Current/ValidWeatherData.temp 
#1280721 07.07.2026 23:21:38 : EVT WBSTORAGE : CACHE_DEFRAG (880->888, 24->24, 25)
#1280722 07.07.2026 23:21:38 : EVT WBSTORAGE : CACHE_DEFRAG (840->880, 24->24, 25)
#1280723 07.07.2026 23:21:38 : EVT WBSTORAGE : CACHE_DEFRAG (856->864, 24->24, 25)
#1280724 07.07.2026 23:21:38 : EVT WBSTORAGE : CACHE_DEFRAG (848->856, 24->24, 25)
#1280725 07.07.2026 23:21:38 : EVT WBSTORAGE : CACHE_DEFRAG (840->848, 24->24, 25)
#1280726 07.07.2026 23:21:38 : TRC NAVIGATION : CG: no climb WP
#1280727 07.07.2026 23:21:38 : TRC NAVIGATION : CG:init ZoomType=0
#1280728 07.07.2026 23:21:38 : EVT NAVIGATION : initSeg Idx=0 D=1 T=0 3-0-4
#1280729 07.07.2026 23:21:38 : EVT WBSTORAGE : CACHE_DEFRAG (832->944, 24->24, 25)
#1280730 07.07.2026 23:21:38 : EVT ALTIFUSION : AltiBaroMode:0
#1280731 07.07.2026 23:21:38 : EVT ALTIFUSION : Init AltiBaro
#1280732 07.07.2026 23:21:39 : EVT APPLICATION : Zapp zwc05901:Disable
#1280733 07.07.2026 23:21:39 : EVT ANALYTICS : Zapp disabled i:3 h:ddb248f2 n:Vector classic
#1280734 07.07.2026 23:21:39 : EVT ANALYTICS : SleepQ:Tracking:On
#1280735 07.07.2026 23:21:39 : EVT ALTIFUSION : AltiBaroMode:0
#1280736 07.07.2026 23:21:39 : EVT ALTIFUSION : Init AltiBaro
#1280737 07.07.2026 23:21:39 : EVT WBSTORAGE : CACHE_DEFRAG (920->928, 24->24, 25)
#1280738 07.07.2026 23:21:39 : EVT UI_FRAMEWORK : JS nsto enable zapp: zzwethen
#1280739 07.07.2026 23:21:39 : EVT UI_FRAMEWORK : JS nsto enable zapp: zzmoveen
#1280740 07.07.2026 23:21:39 : EVT UI_FRAMEWORK : JS nsto enable zapp: climbl01
#1280741 07.07.2026 23:21:39 : EVT APPLICATION : Zapp zzwethen:Load script
#1280742 07.07.2026 23:21:39 : EVT APPLICATION : Zapp zzwethen:Enable
#1280743 07.07.2026 23:21:39 : EVT ANALYTICS : Zapp enabled i:8 h:3f77f8ec n:zzwethen v:ade
#1280744 07.07.2026 23:21:39 : EVT APPLICATION : Zapp clid:32878
#1280745 07.07.2026 23:21:39 : EVT APPLICATION : Zapp zzmoveen:Load script
#1280746 07.07.2026 23:21:39 : EVT APPLICATION : Zapp zzmoveen:Enable
#1280747 07.07.2026 23:21:39 : EVT ANALYTICS : Zapp enabled i:6 h:7aac0887 n:zzmoveen v:8e0
#1280748 07.07.2026 23:21:39 : EVT UI_FRAMEWORK : evalFile: b:/zapp/zzmoveen.fea/ext1.js from ui
#1280749 07.07.2026 23:21:39 : EVT APPLICATION : Zapp clid:32879
#1280750 07.07.2026 23:21:39 : EVT APPLICATION : Zapp climbl01:Load script
#1280751 07.07.2026 23:21:39 : EVT APPLICATION : Zapp climbl01:Enable
#1280752 07.07.2026 23:21:39 : EVT ANALYTICS : Zapp enabled i:5 h:a5e7afa5 n:climbl01 v:3.0
#1280753 07.07.2026 23:21:39 : EVT APPLICATION : Zapp clid:32880
#1280754 07.07.2026 23:21:39 : EVT UI_FRAMEWORK : JS nsto all zapps enabled.
#1280755 07.07.2026 23:21:39 : EVT UI_FRAMEWORK : JS Prestart Activity Id: 16.000
#1280756 07.07.2026 23:21:39 : WRN WBAPI : eID-691468(277): /Dive/Alarms/Acknowledge 404
#1280757 07.07.2026 23:21:39 : WRN WBAPI : eID-691468(277): /Dive/DiveGases 404
#1280758 07.07.2026 23:21:39 : WRN WBAPI : eID-691468(277): /Dive/Gauge/Next 404
#1280759 07.07.2026 23:21:40 : EVT WBSTORAGE : CACHE_DEFRAG (880->888, 24->24, 25)
#1280760 07.07.2026 23:21:40 : EVT WBSTORAGE : CACHE_DEFRAG (816->824, 24->24, 25)
#1280761 07.07.2026 23:21:40 : EVT WBSTORAGE : CACHE_DEFRAG (752->760, 24->24, 25)
#1280762 07.07.2026 23:21:40 : EVT BLE : BLE Sensor Link 4800180D Conn (--E-:00:1)
#1280763 07.07.2026 23:21:40 : WRN BLE : sendConnect 6157
#1280764 07.07.2026 23:21:40 : WRN WBAPI : eID-691468(277): /Dive/TankPressure/Alarm/Count 404
#1280765 07.07.2026 23:21:40 : EVT SPEEDFUSION : INFO # start speed fusion
#1280766 07.07.2026 23:21:40 : EVT SPEEDFUSION : Act:16,Acc:0,BPod:0,FPod:0,PPod:0,BeltPod:1
#1280767 07.07.2026 23:21:40 : EVT SPEEDFUSION : INFO # Start algo without wrist acc
#1280768 07.07.2026 23:21:40 : EVT <Unknown> : Update pres sampl intrvl:1
#1280769 07.07.2026 23:21:40 : EVT OHR : S:start 0x21a3
#1280770 07.07.2026 23:21:40 : EVT TRAININGLAB : TLab:~Mode T 25650 + 3 A 7480 + 0
#1280771 07.07.2026 23:21:40 : EVT TRAININGLAB : TLab:Change mode 2->3
#1280772 07.07.2026 23:21:40 : EVT TRAININGLAB : TLab:Mode::userInfo 60, 200, 1, 37, 182, 950, 1990
#1280773 07.07.2026 23:21:40 : EVT LOGGER : Log space:30330755 bytes free
#1280774 07.07.2026 23:21:40 : EVT TRAININGLAB : ModeUnsub:2800
#1280775 07.07.2026 23:21:40 : EVT TRAININGLAB : ModeSub:9004
#1280776 07.07.2026 23:21:40 : EVT TRAININGLAB : TLab:Select input 0
#1280777 07.07.2026 23:21:40 : EVT TRAININGLAB : TLab:Active input 0
#1280778 07.07.2026 23:21:40 : EVT LOGGER : Exercise started
#1280779 07.07.2026 23:21:40 : EVT BLE : HR RR on (95225759)
#1280780 07.07.2026 23:21:40 : TRC GPS : Full GNSS data subd l:0 c:802b0000
#1280781 07.07.2026 23:21:41 : EVT <Unknown> : 1783459300583:Meas start 0x21a3
#1280782 07.07.2026 23:21:42 : EVT ANALYTICS : Battery-> 3 soc:100
#1280783 07.07.2026 23:21:42 : EVT ANALYTICS : #FusHr src:0 time:0
#1280784 07.07.2026 23:21:42 : EVT ANALYTICS : #Act id:16
#1280785 07.07.2026 23:21:42 : EVT ANALYTICS : #powersave mode:p temp:30.3
#1280786 07.07.2026 23:21:42 : EVT ANALYTICS : GPSMODE:NOTUSED
#1280787 07.07.2026 23:21:42 : EVT ANALYTICS : #gnss d:2026-07-07T00:00:00Z
#1280788 07.07.2026 23:21:42 : EVT ANALYTICS : #zapp n:Weather e:1
#1280789 07.07.2026 23:21:43 : EVT ANALYTICS : #zapp n:Movement e:1
#1280790 07.07.2026 23:21:43 : EVT ANALYTICS : #zapp n:Climb Log e:1
#1280791 07.07.2026 23:21:43 : EVT LOGGER : Exercise paused
#1280792 07.07.2026 23:21:43 : WRN WBAPI : eID-691468(277): /Dive/Alarms/Acknowledge 404
#1280793 07.07.2026 23:21:43 : WRN WBAPI : eID-691468(277): /Dive/DiveGases 404
#1280794 07.07.2026 23:21:43 : WRN WBAPI : eID-691468(277): /Dive/Gauge/Next 404
#1280795 07.07.2026 23:21:46 : EVT APPLICATION : Zapp climbl01:Disable
#1280796 07.07.2026 23:21:46 : EVT ANALYTICS : Zapp disabled i:5 h:a5e7afa5 n:Climb Log
#1280797 07.07.2026 23:21:46 : EVT APPLICATION : Zapp zzmoveen:Disable
#1280798 07.07.2026 23:21:46 : EVT ANALYTICS : Zapp disabled i:6 h:7aac0887 n:Movement
#1280799 07.07.2026 23:21:46 : EVT UI_FRAMEWORK : evalFile: b:/zapp/zzmoveen.fea/ext2.js from ui
#1280800 07.07.2026 23:21:46 : EVT APPLICATION : Zapp zzwethen:Disable
#1280801 07.07.2026 23:21:46 : EVT ANALYTICS : Zapp disabled i:8 h:3f77f8ec n:Weather
#1280802 07.07.2026 23:21:46 : EVT UI_FRAMEWORK : JS discard disable zapps
#1280803 07.07.2026 23:21:46 : EVT UI_FRAMEWORK : JS will discard
#1280804 07.07.2026 23:21:46 : EVT SPEEDFUSION : INFO # stop speed fusion
#1280805 07.07.2026 23:21:46 : EVT <Unknown> : Update pres sampl intrvl:5
#1280806 07.07.2026 23:21:46 : WRN APPLICATION : discard hrr meas l:3 d:0 sh:0 mh:0 v:0
#1280807 07.07.2026 23:21:46 : EVT TRAININGZONE : User Define Mode:5
#1280808 07.07.2026 23:21:46 : EVT TRAININGZONE : Tss HR:0.03
#1280809 07.07.2026 23:21:46 : EVT TRAININGZONE : A:16,Tss:[-200.00,-200.00,-200.00,0.03]
#1280810 07.07.2026 23:21:46 : EVT TRAININGLAB : AppFeature Vo2Max 0.000000
#1280811 07.07.2026 23:21:46 : EVT TRAININGLAB : TLab:~Mode T 25653 + 1 A 7480 + 0
#1280812 07.07.2026 23:21:46 : EVT TRAININGLAB : TLab:Change mode 3->2
#1280813 07.07.2026 23:21:46 : EVT TRAININGLAB : TLab:Mode::userInfo 60, 200, 1, 37, 182, 950, 1990
#1280814 07.07.2026 23:21:46 : EVT LOGGER : LGR 934, 80
#1280815 07.07.2026 23:21:46 : EVT TRAININGLAB : ModeUnsub:91C5
#1280816 07.07.2026 23:21:46 : EVT OHR : S:start 0x2123
#1280817 07.07.2026 23:21:46 : EVT TRAININGLAB : ModeSub:0400
#1280818 07.07.2026 23:21:46 : EVT ANALYTICS : WAOae:Activity WAOae:16
#1280819 07.07.2026 23:21:46 : EVT ANALYTICS : WAOae:TotalAcc WAOae:0,0,0
#1280820 07.07.2026 23:21:46 : EVT ANALYTICS : WAOae:AccCount WAOae:0,0,0
#1280821 07.07.2026 23:21:46 : EVT ANALYTICS : WAOae:Distance WAOae:0,0,0
#1280822 07.07.2026 23:21:46 : EVT ANALYTICS : WAOae:Duration WAOae:0,0,0
#1280823 07.07.2026 23:21:46 : EVT ANALYTICS : WAOae:Coeff WAOae:0,40,240,390,773,7524,7624
#1280824 07.07.2026 23:21:46 : EVT LOGGER : Exercise stopped
#1280825 07.07.2026 23:21:46 : EVT BLE : HR RR off (95231848, 6089 ms missing)
#1280826 07.07.2026 23:21:46 : EVT BLE : HR RR done
#1280827 07.07.2026 23:21:46 : EVT LOGGER : HrIbiLogger stop, off (0 ms)
#1280828 07.07.2026 23:21:46 : EVT LOGGER : HrIbiLogger stopped (0 ms)
#1280829 07.07.2026 23:21:46 : TRC GPS : Unsubd c:802b0000
#1280830 07.07.2026 23:21:46 : EVT LOGGER : LGR 934, 80
#1280831 07.07.2026 23:21:46 : EVT ANALYTICS : SleepQ:Tracking:On
#1280832 07.07.2026 23:21:46 : EVT LOGGER : Wr dpc on
#1280833 07.07.2026 23:21:46 : EVT LOGGER : LGR 20993, 56
#1280834 07.07.2026 23:21:47 : EVT <Unknown> : 1783459306851:Meas start 0x2123
#1280835 07.07.2026 23:21:47 : EVT WBSTORAGE : CACHE_DEFRAG (680->1016, 24->24, 25)
#1280836 07.07.2026 23:21:47 : TRC NAVIGATION : CG: no climb WP
#1280837 07.07.2026 23:21:47 : TRC NAVIGATION : CG:init ZoomType=0
#1280838 07.07.2026 23:21:47 : EVT NAVIGATION : initSeg Idx=0 D=1 T=0 3-0-4
#1280839 07.07.2026 23:21:47 : EVT WBSTORAGE : CACHE_DEFRAG (1000->1024, 24->24, 25)
#1280840 07.07.2026 23:21:47 : EVT SPEEDFUSION : INFO # IDLE mode(-1) set
#1280841 07.07.2026 23:21:47 : EVT ALTIFUSION : AltiBaroMode:2
#1280842 07.07.2026 23:21:47 : ERR WBMAIN : *0: app 562 Event 28 802c400e
#1280843 07.07.2026 23:21:47 : ERR WBMAIN : 1: mea 1 Wait 0 00000000
#1280844 07.07.2026 23:21:47 : ERR WBMAIN : 2: ui 1 Wait 0 00000000
#1280845 07.07.2026 23:21:47 : EVT BLE : Disconn sensor:1
#1280846 07.07.2026 23:21:48 : EVT BLE : BLE Sensor Link 4800180D Disc (L-E-:00:0)
#1280847 07.07.2026 23:21:48 : WRN BLE : sendDisconnect 6157
#1280848 07.07.2026 23:21:48 : ERR BLE : [AURA]No filters left, stopping scan
#1280849 07.07.2026 23:21:48 : ERR BLE : [AURA]Filter with handle 72 not found
#1280850 07.07.2026 23:21:48 : EVT ANALYTICS : #powersave mode:p temp:30.3
#1280851 07.07.2026 23:21:48 : EVT ANALYTICS : Battery-> 4 soc:100
#1280852 07.07.2026 23:21:50 : EVT WBSTORAGE : CACHE_DEFRAG (1000->1008, 24->24, 25)
#1280853 07.07.2026 23:21:50 : EVT WBSTORAGE : CACHE_DEFRAG (936->944, 24->24, 25)
#1280854 07.07.2026 23:21:50 : EVT BLE : lt,scan 1
#1280855 07.07.2026 23:21:50 : WRN BLE : sendDisconnect 6157
#1280856 07.07.2026 23:21:50 : ERR BLE : [AURA]Filter with handle 72 not found
#1280857 07.07.2026 23:21:50 : EVT BLE : packet 0 sensor found count 1
#1280858 07.07.2026 23:21:50 : EVT BLE : packet 0 sensor found count 2
#1280859 07.07.2026 23:21:50 : EVT UI_FRAMEWORK : JS discard
#1280860 07.07.2026 23:21:50 : WRN LOGGER : Delete b:logs/6A4D6DE4
#1280861 07.07.2026 23:21:52 : EVT WBSTORAGE : CACHE_DEFRAG (872->880, 24->24, 25)
#1280862 07.07.2026 23:21:52 : EVT APPLICATION : Zapp zwc05901:Load script
#1280863 07.07.2026 23:21:52 : EVT APPLICATION : Zapp zwc05901:Enable
#1280864 07.07.2026 23:21:52 : EVT ANALYTICS : Zapp enabled i:3 h:ddb248f2 n:zwc05901 v:124f
#1280865 07.07.2026 23:21:52 : WRN WBAPI : eID-691468(277): /Weather/Current/ValidWeatherData.temp 
#1280866 07.07.2026 23:21:56 : EVT WBSTORAGE : CACHE_DEFRAG (752->760, 24->24, 25)
#1280867 07.07.2026 23:21:56 : EVT WBSTORAGE : CACHE_DEFRAG (712->744, 24->24, 25)
#1280868 07.07.2026 23:21:56 : TRC NAVIGATION : CG: no climb WP
#1280869 07.07.2026 23:21:56 : TRC NAVIGATION : CG:init ZoomType=0
#1280870 07.07.2026 23:21:56 : EVT NAVIGATION : initSeg Idx=0 D=1 T=0 3-0-4
#1280871 07.07.2026 23:21:56 : EVT WBSTORAGE : CACHE_DEFRAG (720->944, 24->24, 25)
#1280872 07.07.2026 23:21:56 : EVT ALTIFUSION : AltiBaroMode:0
#1280873 07.07.2026 23:21:56 : EVT ALTIFUSION : Init AltiBaro
#1280874 07.07.2026 23:21:56 : EVT APPLICATION : Zapp zwc05901:Disable
#1280875 07.07.2026 23:21:56 : EVT ANALYTICS : Zapp disabled i:3 h:ddb248f2 n:Vector classic
#1280876 07.07.2026 23:21:57 : EVT ANALYTICS : SleepQ:Tracking:On
#1280877 07.07.2026 23:21:57 : EVT ALTIFUSION : AltiBaroMode:0
#1280878 07.07.2026 23:21:57 : EVT ALTIFUSION : Init AltiBaro
#1280879 07.07.2026 23:21:57 : EVT WBSTORAGE : CACHE_DEFRAG (920->928, 24->24, 25)
#1280880 07.07.2026 23:21:57 : EVT UI_FRAMEWORK : JS nsto enable zapp: zzwethen
#1280881 07.07.2026 23:21:57 : EVT UI_FRAMEWORK : JS nsto enable zapp: zzmoveen
#1280882 07.07.2026 23:21:57 : EVT UI_FRAMEWORK : JS nsto enable zapp: climbl01
#1280883 07.07.2026 23:21:57 : EVT APPLICATION : Zapp zzwethen:Load script
#1280884 07.07.2026 23:21:57 : EVT APPLICATION : Zapp zzwethen:Enable
#1280885 07.07.2026 23:21:57 : EVT ANALYTICS : Zapp enabled i:8 h:3f77f8ec n:zzwethen v:ade
#1280886 07.07.2026 23:21:57 : EVT APPLICATION : Zapp clid:32878
#1280887 07.07.2026 23:21:57 : EVT APPLICATION : Zapp zzmoveen:Load script
#1280888 07.07.2026 23:21:57 : EVT APPLICATION : Zapp zzmoveen:Enable
#1280889 07.07.2026 23:21:57 : EVT ANALYTICS : Zapp enabled i:6 h:7aac0887 n:zzmoveen v:8e0
#1280890 07.07.2026 23:21:57 : EVT UI_FRAMEWORK : evalFile: b:/zapp/zzmoveen.fea/ext1.js from ui
#1280891 07.07.2026 23:21:57 : EVT APPLICATION : Zapp clid:32879
#1280892 07.07.2026 23:21:57 : EVT APPLICATION : Zapp climbl01:Load script
#1280893 07.07.2026 23:21:57 : EVT APPLICATION : Zapp climbl01:Enable
#1280894 07.07.2026 23:21:57 : EVT ANALYTICS : Zapp enabled i:5 h:a5e7afa5 n:climbl01 v:3.0
#1280895 07.07.2026 23:21:58 : EVT APPLICATION : Zapp clid:32880
#1280896 07.07.2026 23:21:58 : EVT UI_FRAMEWORK : JS nsto all zapps enabled.
#1280897 07.07.2026 23:21:58 : EVT UI_FRAMEWORK : JS Prestart Activity Id: 16.000
#1280898 07.07.2026 23:21:58 : WRN WBAPI : eID-691468(277): /Dive/Alarms/Acknowledge 404
#1280899 07.07.2026 23:21:58 : WRN WBAPI : eID-691468(277): /Dive/DiveGases 404
#1280900 07.07.2026 23:21:58 : WRN WBAPI : eID-691468(277): /Dive/Gauge/Next 404
#1280901 07.07.2026 23:21:58 : EVT WBSTORAGE : CACHE_DEFRAG (880->888, 24->24, 25)
#1280902 07.07.2026 23:21:58 : EVT WBSTORAGE : CACHE_DEFRAG (816->824, 24->24, 25)
#1280903 07.07.2026 23:21:58 : EVT WBSTORAGE : CACHE_DEFRAG (752->760, 24->24, 25)
#1280904 07.07.2026 23:21:58 : EVT BLE : BLE Sensor Link 4800180D Conn (--E-:00:1)
#1280905 07.07.2026 23:21:58 : WRN BLE : sendConnect 6157
#1280906 07.07.2026 23:21:58 : WRN WBAPI : eID-691468(277): /Dive/TankPressure/Alarm/Count 404
#1280907 07.07.2026 23:21:58 : EVT SPEEDFUSION : INFO # start speed fusion
#1280908 07.07.2026 23:21:58 : EVT SPEEDFUSION : Act:16,Acc:0,BPod:0,FPod:0,PPod:0,BeltPod:1
#1280909 07.07.2026 23:21:58 : EVT SPEEDFUSION : INFO # Start algo without wrist acc
#1280910 07.07.2026 23:21:58 : EVT <Unknown> : Update pres sampl intrvl:1
#1280911 07.07.2026 23:21:58 : EVT OHR : S:start 0x21a3
#1280912 07.07.2026 23:21:59 : EVT <Unknown> : 1783459319190:Meas start 0x21a3
#1280913 07.07.2026 23:22:02 : TRC APPLICATION : Removing: b:/syslogs/systemevent_1259546.log
#1280914 07.07.2026 23:22:08 : EVT BLE : lt,scan 1
#1280915 07.07.2026 23:22:08 : WRN BLE : sendDisconnect 6157
#1280916 07.07.2026 23:22:08 : ERR BLE : [AURA]No filters left, stopping scan
#1280917 07.07.2026 23:22:08 : EVT BLE : packet 0 sensor found count 1
#1280918 07.07.2026 23:22:08 : EVT BLE : packet 0 sensor found count 2
#1280919 07.07.2026 23:22:09 : EVT ANALYTICS : #FusHr src:2 time:11235
#1280920 07.07.2026 23:22:14 : EVT APPLICATION : Zapp climbl01:Disable
#1280921 07.07.2026 23:22:14 : EVT ANALYTICS : Zapp disabled i:5 h:a5e7afa5 n:Climb Log
#1280922 07.07.2026 23:22:14 : EVT WBSTORAGE : CACHE_DEFRAG (680->712, 24->24, 25)
#1280923 07.07.2026 23:22:26 : EVT APPLICATION : Zapp climbl01:Load script
#1280924 07.07.2026 23:22:26 : EVT APPLICATION : Zapp climbl01:Enable
#1280925 07.07.2026 23:22:26 : EVT ANALYTICS : Zapp enabled i:5 h:a5e7afa5 n:climbl01 v:3.0
#1280926 07.07.2026 23:22:26 : EVT APPLICATION : Zapp clid:32880
#1280927 07.07.2026 23:22:38 : EVT APPLICATION : Zapp climbl01:Disable
#1280928 07.07.2026 23:22:38 : EVT ANALYTICS : Zapp disabled i:5 h:a5e7afa5 n:Climb Log
#1280929 07.07.2026 23:22:45 : EVT APPLICATION : Zapp climbl01:Load script
#1280930 07.07.2026 23:22:46 : EVT APPLICATION : Zapp climbl01:Enable
#1280931 07.07.2026 23:22:46 : EVT ANALYTICS : Zapp enabled i:5 h:a5e7afa5 n:climbl01 v:3.0
#1280932 07.07.2026 23:22:46 : EVT APPLICATION : Zapp clid:32880
#1280933 07.07.2026 23:22:48 : EVT APPLICATION : Zapp climbl01:Disable
#1280934 07.07.2026 23:22:48 : EVT ANALYTICS : Zapp disabled i:5 h:a5e7afa5 n:Climb Log
#1280935 07.07.2026 23:22:52 : EVT APPLICATION : Zapp climbl01:Load script
#1280936 07.07.2026 23:22:52 : EVT APPLICATION : Zapp climbl01:Enable
#1280937 07.07.2026 23:22:52 : EVT ANALYTICS : Zapp enabled i:5 h:a5e7afa5 n:climbl01 v:3.0
#1280938 07.07.2026 23:22:52 : EVT APPLICATION : Zapp clid:32880
#1280939 07.07.2026 23:22:52 : EVT OHR : S:start 0x2123
#1280940 07.07.2026 23:22:53 : EVT <Unknown> : 1783459372894:Meas start 0x2123
#1280941 07.07.2026 23:22:53 : WRN WBAPI : eID-691468(277): /Dive/TankPressure/Alarm/Count 404
#1280942 07.07.2026 23:22:53 : EVT OHR : S:start 0x21a3
#1280943 07.07.2026 23:22:54 : EVT <Unknown> : 1783459373974:Meas start 0x21a3
#1280944 07.07.2026 23:22:58 : EVT LOGGER : HrIbiLogger stop, off (0 ms)
#1280945 07.07.2026 23:22:58 : EVT WBSTORAGE : CACHE_DEFRAG (648->784, 24->24, 25)
#1280946 07.07.2026 23:22:58 : TRC NAVIGATION : CG: no climb WP
#1280947 07.07.2026 23:22:58 : TRC NAVIGATION : CG:init ZoomType=0
#1280948 07.07.2026 23:22:58 : EVT NAVIGATION : initSeg Idx=0 D=1 T=0 3-0-4
#1280949 07.07.2026 23:22:58 : EVT WBSTORAGE : CACHE_DEFRAG (768->1024, 24->24, 25)
#1280950 07.07.2026 23:22:58 : EVT SPEEDFUSION : INFO # IDLE mode(-1) set
#1280951 07.07.2026 23:22:58 : EVT ALTIFUSION : AltiBaroMode:2
#1280952 07.07.2026 23:22:58 : EVT APPLICATION : Zapp climbl01:Disable
#1280953 07.07.2026 23:22:58 : EVT ANALYTICS : Zapp disabled i:5 h:a5e7afa5 n:Climb Log
#1280954 07.07.2026 23:22:58 : EVT APPLICATION : Zapp zzmoveen:Disable
#1280955 07.07.2026 23:22:58 : EVT ANALYTICS : Zapp disabled i:6 h:7aac0887 n:Movement
#1280956 07.07.2026 23:22:58 : EVT UI_FRAMEWORK : evalFile: b:/zapp/zzmoveen.fea/ext2.js from ui
#1280957 07.07.2026 23:22:58 : EVT APPLICATION : Zapp zzwethen:Disable
#1280958 07.07.2026 23:22:58 : EVT ANALYTICS : Zapp disabled i:8 h:3f77f8ec n:Weather
#1280959 07.07.2026 23:22:58 : EVT SPEEDFUSION : INFO # stop speed fusion
#1280960 07.07.2026 23:22:58 : EVT <Unknown> : Update pres sampl intrvl:5
#1280961 07.07.2026 23:22:58 : EVT ANALYTICS : SleepQ:Tracking:On
#1280962 07.07.2026 23:22:58 : EVT OHR : S:start 0x2123
#1280963 07.07.2026 23:22:58 : EVT WBSTORAGE : CACHE_DEFRAG (1000->1008, 24->24, 25)
#1280964 07.07.2026 23:22:59 : EVT <Unknown> : 1783459378777:Meas start 0x2123
#1280965 07.07.2026 23:22:59 : EVT BLE : Disconn sensor:1
#1280966 07.07.2026 23:22:59 : EVT BLE : BLE Sensor Link 4800180D Disc (L-E-:00:0)
#1280967 07.07.2026 23:22:59 : WRN BLE : sendDisconnect 6157
#1280968 07.07.2026 23:22:59 : ERR BLE : [AURA]No filters left, stopping scan
#1280969 07.07.2026 23:23:00 : EVT WBSTORAGE : CACHE_DEFRAG (880->888, 24->24, 25)
#1280970 07.07.2026 23:23:00 : EVT WBSTORAGE : CACHE_DEFRAG (840->872, 24->24, 25)
#1280971 07.07.2026 23:23:00 : EVT WBSTORAGE : CACHE_DEFRAG (848->856, 24->24, 25)
#1280972 07.07.2026 23:23:00 : EVT WBSTORAGE : CACHE_DEFRAG (840->848, 24->24, 25)
#1280973 07.07.2026 23:23:00 : EVT WBSTORAGE : CACHE_DEFRAG (832->976, 24->24, 25)
#1280974 07.07.2026 23:23:00 : TRC NAVIGATION : CG: no climb WP
#1280975 07.07.2026 23:23:00 : TRC NAVIGATION : CG:init ZoomType=0
#1280976 07.07.2026 23:23:00 : EVT NAVIGATION : initSeg Idx=0 D=1 T=0 3-0-4
#1280977 07.07.2026 23:23:00 : EVT WBSTORAGE : CACHE_DEFRAG (896->944, 24->24, 25)
#1280978 07.07.2026 23:23:00 : EVT ALTIFUSION : AltiBaroMode:0
#1280979 07.07.2026 23:23:00 : EVT ALTIFUSION : Init AltiBaro
#1280980 07.07.2026 23:23:00 : EVT ANALYTICS : SleepQ:Tracking:On
#1280981 07.07.2026 23:23:00 : EVT ALTIFUSION : AltiBaroMode:0
#1280982 07.07.2026 23:23:00 : EVT ALTIFUSION : Init AltiBaro
#1280983 07.07.2026 23:23:00 : EVT WBSTORAGE : CACHE_DEFRAG (920->928, 24->24, 25)
#1280984 07.07.2026 23:23:00 : EVT UI_FRAMEWORK : JS nsto enable zapp: zzwethen
#1280985 07.07.2026 23:23:00 : EVT UI_FRAMEWORK : JS nsto enable zapp: zzmoveen
#1280986 07.07.2026 23:23:00 : EVT UI_FRAMEWORK : JS nsto enable zapp: climbl01
#1280987 07.07.2026 23:23:00 : EVT APPLICATION : Zapp zzwethen:Load script
#1280988 07.07.2026 23:23:00 : EVT APPLICATION : Zapp zzwethen:Enable
#1280989 07.07.2026 23:23:00 : EVT ANALYTICS : Zapp enabled i:8 h:3f77f8ec n:zzwethen v:ade
#1280990 07.07.2026 23:23:00 : EVT APPLICATION : Zapp clid:32878
#1280991 07.07.2026 23:23:00 : EVT APPLICATION : Zapp zzmoveen:Load script
#1280992 07.07.2026 23:23:00 : EVT APPLICATION : Zapp zzmoveen:Enable
#1280993 07.07.2026 23:23:00 : EVT ANALYTICS : Zapp enabled i:6 h:7aac0887 n:zzmoveen v:8e0
#1280994 07.07.2026 23:23:00 : EVT UI_FRAMEWORK : evalFile: b:/zapp/zzmoveen.fea/ext1.js from ui
#1280995 07.07.2026 23:23:00 : EVT APPLICATION : Zapp clid:32879
#1280996 07.07.2026 23:23:00 : EVT APPLICATION : Zapp climbl01:Load script
#1280997 07.07.2026 23:23:01 : EVT APPLICATION : Zapp climbl01:Enable
#1280998 07.07.2026 23:23:01 : EVT ANALYTICS : Zapp enabled i:5 h:a5e7afa5 n:climbl01 v:3.0
#1280999 07.07.2026 23:23:01 : EVT APPLICATION : Zapp clid:32880
#1281000 07.07.2026 23:23:01 : EVT UI_FRAMEWORK : JS nsto all zapps enabled.
#1281001 07.07.2026 23:23:01 : EVT UI_FRAMEWORK : JS Prestart Activity Id: 16.000
#1281002 07.07.2026 23:23:01 : WRN WBAPI : eID-691468(277): /Dive/Alarms/Acknowledge 404
#1281003 07.07.2026 23:23:01 : WRN WBAPI : eID-691468(277): /Dive/DiveGases 404
#1281004 07.07.2026 23:23:01 : WRN WBAPI : eID-691468(277): /Dive/Gauge/Next 404
#1281005 07.07.2026 23:23:01 : EVT WBSTORAGE : CACHE_DEFRAG (880->888, 24->24, 25)
#1281006 07.07.2026 23:23:01 : EVT WBSTORAGE : CACHE_DEFRAG (816->824, 24->24, 25)
#1281007 07.07.2026 23:23:01 : EVT WBSTORAGE : CACHE_DEFRAG (752->760, 24->24, 25)
#1281008 07.07.2026 23:23:01 : EVT WBSTORAGE : CACHE_DEFRAG (680->712, 24->24, 25)
#1281009 07.07.2026 23:23:01 : EVT BLE : BLE Sensor Link 4800180D Conn (--E-:00:1)
#1281010 07.07.2026 23:23:01 : WRN BLE : sendConnect 6157
#1281011 07.07.2026 23:23:01 : WRN WBAPI : eID-691468(277): /Dive/TankPressure/Alarm/Count 404
#1281012 07.07.2026 23:23:01 : EVT SPEEDFUSION : INFO # start speed fusion
#1281013 07.07.2026 23:23:01 : EVT SPEEDFUSION : Act:16,Acc:0,BPod:0,FPod:0,PPod:0,BeltPod:1
#1281014 07.07.2026 23:23:01 : EVT SPEEDFUSION : INFO # Start algo without wrist acc
#1281015 07.07.2026 23:23:01 : EVT <Unknown> : Update pres sampl intrvl:1
#1281016 07.07.2026 23:23:01 : EVT OHR : S:start 0x21a3
#1281017 07.07.2026 23:23:02 : EVT <Unknown> : 1783459381803:Meas start 0x21a3
#1281018 07.07.2026 23:23:05 : EVT LOGGER : HrIbiLogger stop, off (0 ms)
#1281019 07.07.2026 23:23:05 : TRC NAVIGATION : CG: no climb WP
#1281020 07.07.2026 23:23:05 : TRC NAVIGATION : CG:init ZoomType=0
#1281021 07.07.2026 23:23:05 : EVT NAVIGATION : initSeg Idx=0 D=1 T=0 3-0-4
#1281022 07.07.2026 23:23:05 : EVT WBSTORAGE : CACHE_DEFRAG (688->1024, 24->24, 25)
#1281023 07.07.2026 23:23:05 : EVT SPEEDFUSION : INFO # IDLE mode(-1) set
#1281024 07.07.2026 23:23:05 : EVT ALTIFUSION : AltiBaroMode:2
#1281025 07.07.2026 23:23:05 : EVT APPLICATION : Zapp climbl01:Disable
#1281026 07.07.2026 23:23:05 : EVT ANALYTICS : Zapp disabled i:5 h:a5e7afa5 n:Climb Log
#1281027 07.07.2026 23:23:05 : EVT APPLICATION : Zapp zzmoveen:Disable
#1281028 07.07.2026 23:23:05 : EVT ANALYTICS : Zapp disabled i:6 h:7aac0887 n:Movement
#1281029 07.07.2026 23:23:05 : EVT UI_FRAMEWORK : evalFile: b:/zapp/zzmoveen.fea/ext2.js from ui
#1281030 07.07.2026 23:23:05 : EVT APPLICATION : Zapp zzwethen:Disable
#1281031 07.07.2026 23:23:05 : EVT ANALYTICS : Zapp disabled i:8 h:3f77f8ec n:Weather
#1281032 07.07.2026 23:23:05 : EVT SPEEDFUSION : INFO # stop speed fusion
#1281033 07.07.2026 23:23:05 : EVT <Unknown> : Update pres sampl intrvl:5
#1281034 07.07.2026 23:23:05 : EVT ANALYTICS : SleepQ:Tracking:On
#1281035 07.07.2026 23:23:05 : EVT OHR : S:start 0x2123
#1281036 07.07.2026 23:23:05 : EVT WBSTORAGE : CACHE_DEFRAG (1000->1008, 24->24, 25)
#1281037 07.07.2026 23:23:06 : EVT <Unknown> : 1783459385758:Meas start 0x2123
#1281038 07.07.2026 23:23:06 : EVT BLE : Disconn sensor:1
#1281039 07.07.2026 23:23:06 : EVT BLE : BLE Sensor Link 4800180D Disc (L-E-:00:0)
#1281040 07.07.2026 23:23:06 : WRN BLE : sendDisconnect 6157
#1281041 07.07.2026 23:23:06 : ERR BLE : [AURA]No filters left, stopping scan
#1281042 07.07.2026 23:23:06 : ERR BLE : [AURA]Filter with handle 72 not found
#1281043 07.07.2026 23:23:11 : EVT WBSTORAGE : CACHE_DEFRAG (880->888, 24->24, 25)
#1281044 07.07.2026 23:23:11 : EVT WBSTORAGE : CACHE_DEFRAG (816->824, 24->24, 25)
#1281045 07.07.2026 23:23:11 : EVT BLE : lt,scan 1
#1281046 07.07.2026 23:23:11 : WRN BLE : sendDisconnect 6157
#1281047 07.07.2026 23:23:11 : ERR BLE : [AURA]Filter with handle 72 not found
#1281048 07.07.2026 23:23:11 : EVT BLE : packet 0 sensor found count 1
#1281049 07.07.2026 23:23:11 : EVT BLE : packet 0 sensor found count 2
#1281050 07.07.2026 23:23:15 : EVT WBSTORAGE : CACHE_DEFRAG (752->760, 24->24, 25)
#1281051 07.07.2026 23:23:15 : EVT WBSTORAGE : CACHE_DEFRAG (712->744, 24->24, 25)
#1281052 07.07.2026 23:23:16 : EVT WBSTORAGE : CACHE_DEFRAG (720->976, 24->24, 25)
#1281053 07.07.2026 23:23:16 : TRC NAVIGATION : CG: no climb WP
#1281054 07.07.2026 23:23:16 : TRC NAVIGATION : CG:init ZoomType=0
#1281055 07.07.2026 23:23:16 : EVT NAVIGATION : initSeg Idx=0 D=1 T=0 3-0-4
#1281056 07.07.2026 23:23:16 : EVT ALTIFUSION : AltiBaroMode:0
#1281057 07.07.2026 23:23:16 : EVT ALTIFUSION : Init AltiBaro
#1281058 07.07.2026 23:23:16 : EVT ANALYTICS : SleepQ:Tracking:On
#1281059 07.07.2026 23:23:16 : EVT ALTIFUSION : AltiBaroMode:0
#1281060 07.07.2026 23:23:16 : EVT ALTIFUSION : Init AltiBaro
#1281061 07.07.2026 23:23:16 : EVT WBSTORAGE : CACHE_DEFRAG (896->928, 24->24, 25)
#1281062 07.07.2026 23:23:16 : EVT UI_FRAMEWORK : JS nsto enable zapp: zzwethen
#1281063 07.07.2026 23:23:16 : EVT UI_FRAMEWORK : JS nsto enable zapp: zzmoveen
#1281064 07.07.2026 23:23:16 : EVT UI_FRAMEWORK : JS nsto enable zapp: climbl01
#1281065 07.07.2026 23:23:16 : EVT APPLICATION : Zapp zzwethen:Load script
#1281066 07.07.2026 23:23:16 : EVT APPLICATION : Zapp zzwethen:Enable
#1281067 07.07.2026 23:23:16 : EVT ANALYTICS : Zapp enabled i:8 h:3f77f8ec n:zzwethen v:ade
#1281068 07.07.2026 23:23:16 : EVT APPLICATION : Zapp clid:32878
#1281069 07.07.2026 23:23:16 : EVT APPLICATION : Zapp zzmoveen:Load script
#1281070 07.07.2026 23:23:16 : EVT APPLICATION : Zapp zzmoveen:Enable
#1281071 07.07.2026 23:23:16 : EVT ANALYTICS : Zapp enabled i:6 h:7aac0887 n:zzmoveen v:8e0
#1281072 07.07.2026 23:23:16 : EVT UI_FRAMEWORK : evalFile: b:/zapp/zzmoveen.fea/ext1.js from ui
#1281073 07.07.2026 23:23:16 : EVT APPLICATION : Zapp clid:32879
#1281074 07.07.2026 23:23:16 : EVT APPLICATION : Zapp climbl01:Load script
#1281075 07.07.2026 23:23:16 : EVT APPLICATION : Zapp climbl01:Enable
#1281076 07.07.2026 23:23:16 : EVT ANALYTICS : Zapp enabled i:5 h:a5e7afa5 n:climbl01 v:3.0
#1281077 07.07.2026 23:23:16 : EVT APPLICATION : Zapp clid:32880
#1281078 07.07.2026 23:23:16 : EVT UI_FRAMEWORK : JS nsto all zapps enabled.
#1281079 07.07.2026 23:23:16 : EVT UI_FRAMEWORK : JS Prestart Activity Id: 16.000
#1281080 07.07.2026 23:23:16 : WRN WBAPI : eID-691468(277): /Dive/Alarms/Acknowledge 404
#1281081 07.07.2026 23:23:16 : WRN WBAPI : eID-691468(277): /Dive/DiveGases 404
#1281082 07.07.2026 23:23:16 : WRN WBAPI : eID-691468(277): /Dive/Gauge/Next 404
#1281083 07.07.2026 23:23:16 : EVT WBSTORAGE : CACHE_DEFRAG (880->888, 24->24, 25)
#1281084 07.07.2026 23:23:16 : EVT WBSTORAGE : CACHE_DEFRAG (816->824, 24->24, 25)
#1281085 07.07.2026 23:23:16 : EVT WBSTORAGE : CACHE_DEFRAG (752->760, 24->24, 25)
#1281086 07.07.2026 23:23:17 : EVT BLE : BLE Sensor Link 4800180D Conn (--E-:00:1)
#1281087 07.07.2026 23:23:17 : WRN BLE : sendConnect 6157
#1281088 07.07.2026 23:23:17 : WRN WBAPI : eID-691468(277): /Dive/TankPressure/Alarm/Count 404
#1281089 07.07.2026 23:23:17 : EVT SPEEDFUSION : INFO # start speed fusion
#1281090 07.07.2026 23:23:17 : EVT SPEEDFUSION : Act:16,Acc:0,BPod:0,FPod:0,PPod:0,BeltPod:1
#1281091 07.07.2026 23:23:17 : EVT SPEEDFUSION : INFO # Start algo without wrist acc
#1281092 07.07.2026 23:23:17 : EVT <Unknown> : Update pres sampl intrvl:1
#1281093 07.07.2026 23:23:17 : EVT OHR : S:start 0x21a3
#1281094 07.07.2026 23:23:18 : EVT <Unknown> : 1783459397422:Meas start 0x21a3
#1281095 07.07.2026 23:23:19 : EVT LOGGER : HrIbiLogger stop, off (0 ms)
#1281096 07.07.2026 23:23:19 : TRC NAVIGATION : CG: no climb WP
#1281097 07.07.2026 23:23:19 : TRC NAVIGATION : CG:init ZoomType=0
#1281098 07.07.2026 23:23:19 : EVT NAVIGATION : initSeg Idx=0 D=1 T=0 3-0-4
#1281099 07.07.2026 23:23:19 : EVT WBSTORAGE : CACHE_DEFRAG (680->1024, 24->24, 25)
#1281100 07.07.2026 23:23:19 : EVT SPEEDFUSION : INFO # IDLE mode(-1) set
#1281101 07.07.2026 23:23:19 : EVT ALTIFUSION : AltiBaroMode:2
#1281102 07.07.2026 23:23:19 : EVT APPLICATION : Zapp climbl01:Disable
#1281103 07.07.2026 23:23:19 : EVT ANALYTICS : Zapp disabled i:5 h:a5e7afa5 n:Climb Log
#1281104 07.07.2026 23:23:19 : EVT APPLICATION : Zapp zzmoveen:Disable
#1281105 07.07.2026 23:23:19 : EVT ANALYTICS : Zapp disabled i:6 h:7aac0887 n:Movement
#1281106 07.07.2026 23:23:19 : EVT UI_FRAMEWORK : evalFile: b:/zapp/zzmoveen.fea/ext2.js from ui
#1281107 07.07.2026 23:23:19 : EVT APPLICATION : Zapp zzwethen:Disable
#1281108 07.07.2026 23:23:19 : EVT ANALYTICS : Zapp disabled i:8 h:3f77f8ec n:Weather
#1281109 07.07.2026 23:23:19 : EVT SPEEDFUSION : INFO # stop speed fusion
#1281110 07.07.2026 23:23:19 : EVT <Unknown> : Update pres sampl intrvl:5
#1281111 07.07.2026 23:23:19 : EVT ANALYTICS : SleepQ:Tracking:On
#1281112 07.07.2026 23:23:19 : EVT OHR : S:start 0x2123
#1281113 07.07.2026 23:23:19 : EVT WBSTORAGE : CACHE_DEFRAG (1000->1008, 24->24, 25)
#1281114 07.07.2026 23:23:20 : EVT <Unknown> : 1783459399723:Meas start 0x2123
#1281115 07.07.2026 23:23:20 : EVT APPLICATION : Zapp zwc05901:Load script
#1281116 07.07.2026 23:23:20 : EVT APPLICATION : Zapp zwc05901:Enable
#1281117 07.07.2026 23:23:20 : EVT ANALYTICS : Zapp enabled i:3 h:ddb248f2 n:zwc05901 v:124f
#1281118 07.07.2026 23:23:20 : WRN WBAPI : eID-691468(277): /Weather/Current/ValidWeatherData.temp 
#1281119 07.07.2026 23:23:20 : EVT BLE : Disconn sensor:1
#1281120 07.07.2026 23:23:20 : EVT BLE : BLE Sensor Link 4800180D Disc (L-E-:00:0)
#1281121 07.07.2026 23:23:20 : WRN BLE : sendDisconnect 6157
#1281122 07.07.2026 23:23:20 : ERR BLE : [AURA]No filters left, stopping scan
#1281123 07.07.2026 23:23:22 : EVT <Unknown> : 1783459401476:Off Skin Set.
#1281124 07.07.2026 23:23:23 : EVT PMIC : VBUS state is ON
#1281125 07.07.2026 23:23:23 : EVT PMIC : chgCntl1:0x70
#1281126 07.07.2026 23:23:23 : EVT PMIC : check chgCntl1:0x74
#1281127 07.07.2026 23:23:23 : EVT PMIC : Turn charge ON since VBUS->ON
#1281128 07.07.2026 23:23:23 : EVT PMIC : PMIC temp zone:0x2
#1281129 07.07.2026 23:23:23 : EVT PMIC : PMIC Fast-charge constant cur
#1281130 07.07.2026 23:23:23 : EVT OHR : VBUS on
#1281131 07.07.2026 23:23:23 : EVT OHR : S:stop 23
#1281132 07.07.2026 23:23:23 : EVT <Unknown> : 1783459403791:Meas stop 0x2123
#1281133 07.07.2026 23:23:23 : EVT PMIC : PMIC Fast-charge constant voltage
#1281134 07.07.2026 23:23:23 : WRN <Unknown> : 1783459403791:FSM EVT STOP.
#1281135 07.07.2026 23:23:23 : EVT OHR : S:OFF 1->0
#1281136 07.07.2026 23:23:23 : EVT PMIC : VBUS state is ON
#1281137 07.07.2026 23:23:24 : EVT OHR : No HR update, invalidate by timer
#1281138 07.07.2026 23:23:24 : EVT PMIC : PMIC temp zone:0x7
#1281139 07.07.2026 23:23:24 : EVT PMIC : VBUS state is OFF
#1281140 07.07.2026 23:23:24 : EVT PMIC : Turn charge OFF since VBUS->OFF
#1281141 07.07.2026 23:23:24 : EVT OHR : VBUS off
#1281142 07.07.2026 23:23:24 : EVT OHR : S:ON 0->1
#1281143 07.07.2026 23:23:24 : EVT OHR : APPINIT:caps 0x1f4, 6b738616
#1281144 07.07.2026 23:23:24 : EVT <Unknown> : 1783459404804:AI@1783459404780, tz120
#1281145 07.07.2026 23:23:24 : EVT OHR : S:start 0x2123
#1281146 07.07.2026 23:23:24 : EVT <Unknown> : 1783459404809:Meas start 0x2123
#1281147 07.07.2026 23:23:24 : EVT <Unknown> : 1783459404820:PD1464, 0
#1281148 07.07.2026 23:23:24 : EVT <Unknown> : 1783459404885:GMV 20251126/1/4/0/395/46
#1281149 07.07.2026 23:23:25 : EVT <Unknown> : 1783459405147:Mi1.6.10, auth 0, hr_mode 0
#1281150 07.07.2026 23:23:25 : EVT PMIC : VBUS state is ON
#1281151 07.07.2026 23:23:25 : EVT PMIC : chgCntl1:0x70
#1281152 07.07.2026 23:23:25 : EVT PMIC : check chgCntl1:0x74
#1281153 07.07.2026 23:23:25 : EVT PMIC : Turn charge ON since VBUS->ON
#1281154 07.07.2026 23:23:25 : EVT PMIC : PMIC temp zone:0x2
#1281155 07.07.2026 23:23:25 : EVT PMIC : PMIC Fast-charge constant cur
#1281156 07.07.2026 23:23:25 : EVT OHR : VBUS on
#1281157 07.07.2026 23:23:25 : EVT OHR : S:stop 23
#1281158 07.07.2026 23:23:25 : EVT <Unknown> : 1783459405331:Meas stop 0x2123
#1281159 07.07.2026 23:23:25 : EVT PMIC : PMIC Fast-charge constant voltage
#1281160 07.07.2026 23:23:25 : EVT PMIC : VBUS state is ON
#1281161 07.07.2026 23:23:25 : WRN <Unknown> : 1783459405331:FSM EVT STOP.
#1281162 07.07.2026 23:23:25 : EVT OHR : S:OFF 1->0
#1281163 07.07.2026 23:23:27 : EVT WBSTORAGE : CACHE_DEFRAG (880->888, 24->24, 25)
#1281164 07.07.2026 23:23:27 : EVT WBSTORAGE : CACHE_DEFRAG (816->824, 24->24, 25)
#1281165 07.07.2026 23:23:27 : EVT BLE : lt,scan 1
#1281166 07.07.2026 23:23:27 : WRN BLE : sendDisconnect 6157
#1281167 07.07.2026 23:23:27 : ERR BLE : [AURA]Filter with handle 72 not found
#1281168 07.07.2026 23:23:27 : EVT BLE : packet 0 sensor found count 1
#1281169 07.07.2026 23:23:27 : EVT BLE : packet 0 sensor found count 2
#1281170 07.07.2026 23:23:27 : TRC FUEL_GAUGE : Chg->1,B:5,C:6.5,V:4422,U:1,bF:100%,bC:100%
#1281171 07.07.2026 23:23:27 : EVT ANALYTICS : Battery-> 2 soc:100
#1281172 07.07.2026 23:23:40 : EVT WBSTORAGE : CACHE_DEFRAG (752->760, 24->24, 25)
#1281173 07.07.2026 23:23:40 : EVT WBSTORAGE : CACHE_DEFRAG (728->736, 24->24, 25)
#1281174 07.07.2026 23:23:40 : EVT <Unknown> : DL Region List
#1281175 07.07.2026 23:23:40 : EVT WIFI : Pwr up
#1281176 07.07.2026 23:23:41 : EVT WBCOMM : P-9 connection made to ECSD00000000
#1281177 07.07.2026 23:23:41 : EVT WBCOMM : New Route: ECSD00000000
#1281178 07.07.2026 23:23:44 : ERR WBMAIN : *0: app 727 Event 36 80005310
#1281179 07.07.2026 23:23:44 : ERR WBMAIN : 1: mea 33 Wait 0 00000000
#1281180 07.07.2026 23:23:44 : ERR WBMAIN : 2: ui 32 Wait 0 00000000
#1281181 07.07.2026 23:23:45 : EVT ANALYTICS : Sync start
#1281182 07.07.2026 23:23:45 : EVT ANALYTICS : Sync start
#1281183 07.07.2026 23:23:46 : EVT WIFI : pwr up
#1281184 07.07.2026 23:23:46 : EVT WIFI : SDK Ver(3.2.8.1)
#1281185 07.07.2026 23:23:47 : EVT WIFI : Scann APs (1/3)
#1281186 07.07.2026 23:23:47 : EVT WIFI : APs scanned:1
#1281187 07.07.2026 23:23:47 : EVT WBSTORAGE : CACHE_DEFRAG (688->704, 24->24, 25)
#1281188 07.07.2026 23:23:47 : WRN WIFI : No APs matched to connect
#1281189 07.07.2026 23:23:47 : EVT WIFI : Scann APs (2/3)
#1281190 07.07.2026 23:23:48 : EVT WIFI : APs scanned:1
#1281191 07.07.2026 23:23:48 : WRN WIFI : No APs matched to connect
#1281192 07.07.2026 23:23:48 : EVT WIFI : Scann APs (3/3)
#1281193 07.07.2026 23:23:49 : EVT WIFI : APs scanned:1
#1281194 07.07.2026 23:23:49 : WRN WIFI : No APs matched to connect
#1281195 07.07.2026 23:23:49 : EVT WIFI : Internal connect ret:103
#1281196 07.07.2026 23:23:49 : ERR <Unknown> : DL GET resultCode=500
#1281197 07.07.2026 23:23:49 : EVT <Unknown> : DL try retry after 900000 ms
#1281198 07.07.2026 23:24:02 : EVT WIFI : Pwr down idle wifi (TO:13se)
#1281199 07.07.2026 23:24:02 : EVT WIFI : pwr down OK
#1281200 07.07.2026 23:25:48 : EVT PMIC : PMIC temp zone:0x7
#1281201 07.07.2026 23:25:48 : EVT PMIC : VBUS state is OFF
#1281202 07.07.2026 23:25:48 : EVT PMIC : Turn charge OFF since VBUS->OFF
#1281203 07.07.2026 23:25:48 : EVT WBCOMM : Route lost: ECSD00000000
#1281204 07.07.2026 23:25:48 : TRC FUEL_GAUGE : Chg->0,B:5,C:29.3,V:4442,U:0,bF:100%,bC:100%
#1281205 07.07.2026 23:25:48 : EVT OHR : VBUS off
#1281206 07.07.2026 23:25:48 : EVT OHR : S:ON 0->1
#1281207 07.07.2026 23:25:48 : EVT ANALYTICS : Battery-> 1 soc:100
#1281208 07.07.2026 23:25:48 : EVT OHR : APPINIT:caps 0x1f4, 6b738616
#1281209 07.07.2026 23:25:48 : EVT <Unknown> : 1783459548784:AI@1783459548760, tz120
#1281210 07.07.2026 23:25:48 : EVT OHR : S:start 0x2123
#1281211 07.07.2026 23:25:48 : EVT <Unknown> : 1783459548790:Meas start 0x2123
#1281212 07.07.2026 23:25:49 : EVT <Unknown> : 1783459548805:PD1464, 0
#1281213 07.07.2026 23:25:49 : EVT <Unknown> : 1783459548870:GMV 20251126/1/4/0/395/46
#1281214 07.07.2026 23:25:49 : EVT <Unknown> : 1783459549124:Mi1.6.10, auth 0, hr_mode 0
#1281215 07.07.2026 23:34:44 : EVT <Unknown> : 1783460084799:On Skin Set.
#1281216 07.07.2026 23:34:48 : ERR <Unknown> : 1783460088813:Mi invalid call:100,code:0.
#1281217 07.07.2026 23:34:49 : EVT <Unknown> : 1783460089111:Off Skin Set.
#1281218 07.07.2026 23:34:50 : EVT <Unknown> : 1783460090238:On Skin Set.
#1281219 07.07.2026 23:34:54 : EVT WBSTORAGE : CACHE_DEFRAG (664->680, 24->24, 25)
#1281220 07.07.2026 23:34:54 : TRC NAVIGATION : CG: no climb WP
#1281221 07.07.2026 23:34:54 : TRC NAVIGATION : CG:init ZoomType=0
#1281222 07.07.2026 23:34:54 : EVT NAVIGATION : initSeg Idx=0 D=1 T=0 3-0-4
#1281223 07.07.2026 23:34:54 : EVT WBSTORAGE : CACHE_DEFRAG (632->904, 24->24, 25)
#1281224 07.07.2026 23:34:54 : EVT ALTIFUSION : AltiBaroMode:0
#1281225 07.07.2026 23:34:54 : EVT ALTIFUSION : Init AltiBaro
#1281226 07.07.2026 23:34:54 : EVT APPLICATION : Zapp zwc05901:Disable
#1281227 07.07.2026 23:34:54 : EVT ANALYTICS : Zapp disabled i:3 h:ddb248f2 n:Vector classic
#1281228 07.07.2026 23:34:54 : EVT ANALYTICS : SleepQ:Tracking:On
#1281229 07.07.2026 23:34:54 : EVT ALTIFUSION : AltiBaroMode:0
#1281230 07.07.2026 23:34:54 : EVT ALTIFUSION : Init AltiBaro
#1281231 07.07.2026 23:34:54 : EVT UI_FRAMEWORK : JS nsto enable zapp: zzwethen
#1281232 07.07.2026 23:34:54 : EVT UI_FRAMEWORK : JS nsto enable zapp: zzmoveen
#1281233 07.07.2026 23:34:54 : EVT APPLICATION : Zapp zzwethen:Load script
#1281234 07.07.2026 23:34:54 : EVT UI_FRAMEWORK : JS nsto enable zapp: climbl01
#1281235 07.07.2026 23:34:54 : EVT APPLICATION : Zapp zzwethen:Enable
#1281236 07.07.2026 23:34:54 : EVT ANALYTICS : Zapp enabled i:8 h:3f77f8ec n:zzwethen v:ade
#1281237 07.07.2026 23:34:54 : EVT APPLICATION : Zapp clid:32878
#1281238 07.07.2026 23:34:54 : EVT APPLICATION : Zapp zzmoveen:Load script
#1281239 07.07.2026 23:34:55 : EVT APPLICATION : Zapp zzmoveen:Enable
#1281240 07.07.2026 23:34:55 : EVT ANALYTICS : Zapp enabled i:6 h:7aac0887 n:zzmoveen v:8e0
#1281241 07.07.2026 23:34:55 : EVT UI_FRAMEWORK : evalFile: b:/zapp/zzmoveen.fea/ext1.js from ui
#1281242 07.07.2026 23:34:55 : EVT APPLICATION : Zapp clid:32879
#1281243 07.07.2026 23:34:55 : EVT APPLICATION : Zapp climbl01:Load script
#1281244 07.07.2026 23:34:55 : EVT APPLICATION : Zapp climbl01:Enable
#1281245 07.07.2026 23:34:55 : EVT ANALYTICS : Zapp enabled i:5 h:a5e7afa5 n:climbl01 v:3.0
#1281246 07.07.2026 23:34:55 : EVT APPLICATION : Zapp clid:32880
#1281247 07.07.2026 23:34:55 : EVT UI_FRAMEWORK : JS nsto all zapps enabled.
#1281248 07.07.2026 23:34:55 : EVT UI_FRAMEWORK : JS Prestart Activity Id: 16.000
#1281249 07.07.2026 23:34:55 : WRN WBAPI : eID-691468(277): /Dive/Alarms/Acknowledge 404
#1281250 07.07.2026 23:34:55 : WRN WBAPI : eID-691468(277): /Dive/DiveGases 404
#1281251 07.07.2026 23:34:55 : WRN WBAPI : eID-691468(277): /Dive/Gauge/Next 404
#1281252 07.07.2026 23:34:55 : EVT WBSTORAGE : CACHE_DEFRAG (880->888, 24->24, 25)
#1281253 07.07.2026 23:34:55 : EVT WBSTORAGE : CACHE_DEFRAG (816->824, 24->24, 25)
#1281254 07.07.2026 23:34:55 : EVT WBSTORAGE : CACHE_DEFRAG (752->760, 24->24, 25)
#1281255 07.07.2026 23:34:55 : EVT BLE : BLE Sensor Link 4800180D Conn (--E-:00:1)
#1281256 07.07.2026 23:34:55 : WRN BLE : sendConnect 6157
#1281257 07.07.2026 23:34:56 : WRN WBAPI : eID-691468(277): /Dive/TankPressure/Alarm/Count 404
#1281258 07.07.2026 23:34:56 : EVT SPEEDFUSION : INFO # start speed fusion
#1281259 07.07.2026 23:34:56 : EVT SPEEDFUSION : Act:16,Acc:0,BPod:0,FPod:0,PPod:0,BeltPod:1
#1281260 07.07.2026 23:34:56 : EVT SPEEDFUSION : INFO # Start algo without wrist acc
#1281261 07.07.2026 23:34:56 : EVT <Unknown> : Update pres sampl intrvl:1
#1281262 07.07.2026 23:34:56 : EVT OHR : S:start 0x21a3
#1281263 07.07.2026 23:34:56 : ERR BLE : [AURA]No filters left, stopping scan
#1281264 07.07.2026 23:34:56 : EVT TRAININGLAB : TLab:~Mode T 25654 + 174 A 7480 + 0
#1281265 07.07.2026 23:34:56 : EVT TRAININGLAB : TLab:Change mode 2->3
#1281266 07.07.2026 23:34:56 : EVT TRAININGLAB : TLab:Mode::userInfo 60, 200, 1, 37, 182, 950, 1990
#1281267 07.07.2026 23:34:56 : EVT LOGGER : Log space:30330755 bytes free
#1281268 07.07.2026 23:34:56 : EVT TRAININGLAB : ModeUnsub:2800
#1281269 07.07.2026 23:34:56 : EVT TRAININGLAB : ModeSub:9004
#1281270 07.07.2026 23:34:56 : EVT TRAININGLAB : TLab:Select input 0
#1281271 07.07.2026 23:34:56 : EVT TRAININGLAB : TLab:Active input 0
#1281272 07.07.2026 23:34:56 : EVT LOGGER : Exercise started
#1281273 07.07.2026 23:34:56 : EVT BLE : HR RR on (96021534)
#1281274 07.07.2026 23:34:56 : TRC GPS : Full GNSS data subd l:0 c:802b0000
#1281275 07.07.2026 23:34:56 : EVT <Unknown> : 1783460096234:Meas start 0x21a3
#1281276 07.07.2026 23:34:58 : EVT ANALYTICS : Battery-> 3 soc:100
#1281277 07.07.2026 23:34:58 : EVT ANALYTICS : #FusHr src:0 time:0
#1281278 07.07.2026 23:34:58 : EVT ANALYTICS : #Act id:16
#1281279 07.07.2026 23:34:58 : EVT ANALYTICS : #powersave mode:p temp:29.4
#1281280 07.07.2026 23:34:58 : EVT ANALYTICS : GPSMODE:NOTUSED
#1281281 07.07.2026 23:34:58 : EVT ANALYTICS : #gnss d:2026-07-07T00:00:00Z
#1281282 07.07.2026 23:34:58 : EVT ANALYTICS : #zapp n:Weather e:1
#1281283 07.07.2026 23:34:58 : EVT ANALYTICS : #zapp n:Movement e:1
#1281284 07.07.2026 23:34:58 : EVT ANALYTICS : #zapp n:Climb Log e:1
#1281285 07.07.2026 23:35:00 : EVT LOGGER : Exercise paused
#1281286 07.07.2026 23:35:00 : WRN WBAPI : eID-691468(277): /Dive/Alarms/Acknowledge 404
#1281287 07.07.2026 23:35:00 : WRN WBAPI : eID-691468(277): /Dive/DiveGases 404
#1281288 07.07.2026 23:35:00 : WRN WBAPI : eID-691468(277): /Dive/Gauge/Next 404
#1281289 07.07.2026 23:35:00 : EVT OHR : No HR update, invalidate by timer
#1281290 07.07.2026 23:35:02 : EVT OHR : new HR update
#1281291 07.07.2026 23:35:03 : EVT APPLICATION : Zapp climbl01:Disable
#1281292 07.07.2026 23:35:03 : EVT ANALYTICS : Zapp disabled i:5 h:a5e7afa5 n:Climb Log
#1281293 07.07.2026 23:35:03 : EVT APPLICATION : Zapp zzmoveen:Disable
#1281294 07.07.2026 23:35:03 : EVT ANALYTICS : Zapp disabled i:6 h:7aac0887 n:Movement
#1281295 07.07.2026 23:35:03 : EVT UI_FRAMEWORK : evalFile: b:/zapp/zzmoveen.fea/ext2.js from ui
#1281296 07.07.2026 23:35:03 : EVT APPLICATION : Zapp zzwethen:Disable
#1281297 07.07.2026 23:35:03 : EVT ANALYTICS : Zapp disabled i:8 h:3f77f8ec n:Weather
#1281298 07.07.2026 23:35:03 : EVT UI_FRAMEWORK : JS discard disable zapps
#1281299 07.07.2026 23:35:03 : EVT UI_FRAMEWORK : JS will discard
#1281300 07.07.2026 23:35:03 : EVT SPEEDFUSION : INFO # stop speed fusion
#1281301 07.07.2026 23:35:03 : EVT <Unknown> : Update pres sampl intrvl:5
#1281302 07.07.2026 23:35:03 : WRN APPLICATION : discard hrr meas l:3 d:0 sh:0 mh:0 v:0
#1281303 07.07.2026 23:35:03 : EVT TRAININGZONE : User Define Mode:5
#1281304 07.07.2026 23:35:03 : EVT TRAININGZONE : Tss HR:0.04
#1281305 07.07.2026 23:35:03 : EVT TRAININGZONE : A:16,Tss:[-200.00,-200.00,-200.00,0.04]
#1281306 07.07.2026 23:35:03 : EVT TRAININGLAB : AppFeature Vo2Max 0.000000
#1281307 07.07.2026 23:35:03 : EVT TRAININGLAB : TLab:~Mode T 25828 + 1 A 7480 + 0
#1281308 07.07.2026 23:35:03 : EVT TRAININGLAB : TLab:Change mode 3->2
#1281309 07.07.2026 23:35:03 : EVT TRAININGLAB : TLab:Mode::userInfo 60, 200, 1, 37, 182, 950, 1990
#1281310 07.07.2026 23:35:03 : EVT LOGGER : LGR 934, 80
#1281311 07.07.2026 23:35:03 : EVT TRAININGLAB : ModeUnsub:91C5
#1281312 07.07.2026 23:35:03 : EVT OHR : S:start 0x2123
#1281313 07.07.2026 23:35:03 : EVT TRAININGLAB : ModeSub:0400
#1281314 07.07.2026 23:35:03 : EVT ANALYTICS : WAOae:Activity WAOae:16
#1281315 07.07.2026 23:35:03 : EVT ANALYTICS : WAOae:TotalAcc WAOae:0,0,0
#1281316 07.07.2026 23:35:03 : EVT ANALYTICS : WAOae:AccCount WAOae:0,0,0
#1281317 07.07.2026 23:35:03 : EVT ANALYTICS : WAOae:Distance WAOae:0,0,0
#1281318 07.07.2026 23:35:03 : EVT ANALYTICS : WAOae:Duration WAOae:0,0,0
#1281319 07.07.2026 23:35:03 : EVT ANALYTICS : WAOae:Coeff WAOae:0,40,240,390,773,7524,7624
#1281320 07.07.2026 23:35:03 : EVT LOGGER : Exercise stopped
#1281321 07.07.2026 23:35:03 : EVT BLE : HR RR off (96028380, 6846 ms missing)
#1281322 07.07.2026 23:35:03 : EVT BLE : HR RR done
#1281323 07.07.2026 23:35:03 : EVT LOGGER : HrIbiLogger stop, off (0 ms)
#1281324 07.07.2026 23:35:03 : EVT LOGGER : HrIbiLogger stopped (0 ms)
#1281325 07.07.2026 23:35:03 : TRC GPS : Unsubd c:802b0000
#1281326 07.07.2026 23:35:03 : EVT LOGGER : LGR 934, 80
#1281327 07.07.2026 23:35:03 : EVT ANALYTICS : SleepQ:Tracking:On
#1281328 07.07.2026 23:35:03 : EVT LOGGER : Wr dpc on
#1281329 07.07.2026 23:35:03 : EVT LOGGER : LGR 20993, 56
#1281330 07.07.2026 23:35:03 : EVT WBSTORAGE : CACHE_DEFRAG (680->1016, 24->24, 25)
#1281331 07.07.2026 23:35:03 : TRC NAVIGATION : CG: no climb WP
#1281332 07.07.2026 23:35:03 : TRC NAVIGATION : CG:init ZoomType=0
#1281333 07.07.2026 23:35:03 : EVT NAVIGATION : initSeg Idx=0 D=1 T=0 3-0-4
#1281334 07.07.2026 23:35:03 : EVT <Unknown> : 1783460103355:Meas start 0x2123
#1281335 07.07.2026 23:35:03 : EVT WBSTORAGE : CACHE_DEFRAG (1000->1024, 24->24, 25)
#1281336 07.07.2026 23:35:03 : EVT SPEEDFUSION : INFO # IDLE mode(-1) set
#1281337 07.07.2026 23:35:03 : EVT ALTIFUSION : AltiBaroMode:2
#1281338 07.07.2026 23:35:04 : EVT BLE : Disconn sensor:1
#1281339 07.07.2026 23:35:04 : EVT BLE : BLE Sensor Link 4800180D Disc (L-E-:00:0)
#1281340 07.07.2026 23:35:04 : WRN BLE : sendDisconnect 6157
#1281341 07.07.2026 23:35:04 : ERR BLE : [AURA]No filters left, stopping scan
#1281342 07.07.2026 23:35:04 : ERR BLE : [AURA]Filter with handle 72 not found
#1281343 07.07.2026 23:35:05 : EVT ANALYTICS : #powersave mode:p temp:29.4
#1281344 07.07.2026 23:35:05 : EVT ANALYTICS : Battery-> 4 soc:100
#1281345 07.07.2026 23:35:05 : EVT WBSTORAGE : CACHE_DEFRAG (1000->1008, 24->24, 25)
#1281346 07.07.2026 23:35:06 : EVT WBSTORAGE : CACHE_DEFRAG (936->944, 24->24, 25)
#1281347 07.07.2026 23:35:06 : EVT BLE : lt,scan 1
#1281348 07.07.2026 23:35:06 : WRN BLE : sendDisconnect 6157
#1281349 07.07.2026 23:35:06 : ERR BLE : [AURA]Filter with handle 72 not found
#1281350 07.07.2026 23:35:06 : EVT BLE : packet 0 sensor found count 1
#1281351 07.07.2026 23:35:06 : EVT BLE : packet 0 sensor found count 2
#1281352 07.07.2026 23:35:06 : EVT UI_FRAMEWORK : JS discard
#1281353 07.07.2026 23:35:07 : WRN LOGGER : Delete b:logs/6A4D7100
#1281354 07.07.2026 23:35:09 : EVT WBSTORAGE : CACHE_DEFRAG (872->880, 24->24, 25)
#1281355 07.07.2026 23:35:09 : EVT APPLICATION : Zapp zwc05901:Load script
#1281356 07.07.2026 23:35:09 : EVT APPLICATION : Zapp zwc05901:Enable
#1281357 07.07.2026 23:35:09 : EVT ANALYTICS : Zapp enabled i:3 h:ddb248f2 n:zwc05901 v:124f
#1281358 07.07.2026 23:35:09 : WRN WBAPI : eID-691468(277): /Weather/Current/ValidWeatherData.temp 
#1281359 07.07.2026 23:35:10 : EVT OHR : No HR update, invalidate by timer
#1281360 07.07.2026 23:35:14 : EVT WBSTORAGE : CACHE_DEFRAG (752->760, 24->24, 25)
#1281361 07.07.2026 23:35:15 : EVT WBSTORAGE : CACHE_DEFRAG (712->744, 24->24, 25)
#1281362 07.07.2026 23:35:15 : TRC NAVIGATION : CG: no climb WP
#1281363 07.07.2026 23:35:15 : TRC NAVIGATION : CG:init ZoomType=0
#1281364 07.07.2026 23:35:15 : EVT NAVIGATION : initSeg Idx=0 D=1 T=0 3-0-4
#1281365 07.07.2026 23:35:15 : ERR <Unknown> : 1783460115251:Hr_out conf_low:65/10.
#1281366 07.07.2026 23:35:15 : EVT WBSTORAGE : CACHE_DEFRAG (720->944, 24->24, 25)
#1281367 07.07.2026 23:35:15 : EVT ALTIFUSION : AltiBaroMode:0
#1281368 07.07.2026 23:35:15 : EVT ALTIFUSION : Init AltiBaro
#1281369 07.07.2026 23:35:15 : EVT APPLICATION : Zapp zwc05901:Disable
#1281370 07.07.2026 23:35:15 : EVT ANALYTICS : Zapp disabled i:3 h:ddb248f2 n:Vector classic
#1281371 07.07.2026 23:35:15 : EVT ANALYTICS : SleepQ:Tracking:On
#1281372 07.07.2026 23:35:15 : EVT ALTIFUSION : AltiBaroMode:0
#1281373 07.07.2026 23:35:15 : EVT ALTIFUSION : Init AltiBaro
#1281374 07.07.2026 23:35:15 : EVT WBSTORAGE : CACHE_DEFRAG (920->928, 24->24, 25)
#1281375 07.07.2026 23:35:15 : EVT UI_FRAMEWORK : JS nsto enable zapp: zzwethen
#1281376 07.07.2026 23:35:15 : EVT UI_FRAMEWORK : JS nsto enable zapp: zzmoveen
#1281377 07.07.2026 23:35:15 : EVT UI_FRAMEWORK : JS nsto enable zapp: climbl01
#1281378 07.07.2026 23:35:15 : EVT APPLICATION : Zapp zzwethen:Load script
#1281379 07.07.2026 23:35:15 : EVT APPLICATION : Zapp zzwethen:Enable
#1281380 07.07.2026 23:35:15 : EVT ANALYTICS : Zapp enabled i:8 h:3f77f8ec n:zzwethen v:ade
#1281381 07.07.2026 23:35:15 : EVT APPLICATION : Zapp clid:32878
#1281382 07.07.2026 23:35:15 : EVT APPLICATION : Zapp zzmoveen:Load script
#1281383 07.07.2026 23:35:15 : EVT APPLICATION : Zapp zzmoveen:Enable
#1281384 07.07.2026 23:35:16 : EVT ANALYTICS : Zapp enabled i:6 h:7aac0887 n:zzmoveen v:8e0
#1281385 07.07.2026 23:35:16 : EVT UI_FRAMEWORK : evalFile: b:/zapp/zzmoveen.fea/ext1.js from ui
#1281386 07.07.2026 23:35:16 : EVT APPLICATION : Zapp clid:32879
#1281387 07.07.2026 23:35:16 : EVT APPLICATION : Zapp climbl01:Load script
#1281388 07.07.2026 23:35:16 : EVT APPLICATION : Zapp climbl01:Enable
#1281389 07.07.2026 23:35:16 : EVT ANALYTICS : Zapp enabled i:5 h:a5e7afa5 n:climbl01 v:3.0
#1281390 07.07.2026 23:35:16 : EVT APPLICATION : Zapp clid:32880
#1281391 07.07.2026 23:35:16 : EVT UI_FRAMEWORK : JS nsto all zapps enabled.
#1281392 07.07.2026 23:35:16 : EVT UI_FRAMEWORK : JS Prestart Activity Id: 16.000
#1281393 07.07.2026 23:35:16 : WRN WBAPI : eID-691468(277): /Dive/Alarms/Acknowledge 404
#1281394 07.07.2026 23:35:16 : WRN WBAPI : eID-691468(277): /Dive/DiveGases 404
#1281395 07.07.2026 23:35:16 : WRN WBAPI : eID-691468(277): /Dive/Gauge/Next 404
#1281396 07.07.2026 23:35:16 : EVT WBSTORAGE : CACHE_DEFRAG (880->888, 24->24, 25)
#1281397 07.07.2026 23:35:16 : EVT WBSTORAGE : CACHE_DEFRAG (816->824, 24->24, 25)
#1281398 07.07.2026 23:35:16 : EVT WBSTORAGE : CACHE_DEFRAG (752->760, 24->24, 25)
#1281399 07.07.2026 23:35:16 : EVT BLE : BLE Sensor Link 4800180D Conn (--E-:00:1)
#1281400 07.07.2026 23:35:16 : WRN BLE : sendConnect 6157
#1281401 07.07.2026 23:35:17 : ERR TOUCH : touch i2c don't init
#1281402 07.07.2026 23:35:17 : WRN WBAPI : eID-691468(277): /Dive/TankPressure/Alarm/Count 404
#1281403 07.07.2026 23:35:17 : EVT SPEEDFUSION : INFO # start speed fusion
#1281404 07.07.2026 23:35:17 : EVT SPEEDFUSION : Act:16,Acc:0,BPod:0,FPod:0,PPod:0,BeltPod:1
#1281405 07.07.2026 23:35:17 : EVT SPEEDFUSION : INFO # Start algo without wrist acc
#1281406 07.07.2026 23:35:17 : EVT <Unknown> : Update pres sampl intrvl:1
#1281407 07.07.2026 23:35:17 : EVT OHR : S:start 0x21a3
#1281408 07.07.2026 23:35:18 : EVT <Unknown> : 1783460117501:Meas start 0x21a3
#1281409 07.07.2026 23:35:23 : EVT APPLICATION : Zapp climbl01:Disable
#1281410 07.07.2026 23:35:24 : EVT ANALYTICS : Zapp disabled i:5 h:a5e7afa5 n:Climb Log
#1281411 07.07.2026 23:35:24 : EVT WBSTORAGE : CACHE_DEFRAG (680->712, 24->24, 25)
#1281412 07.07.2026 23:35:26 : EVT BLE : lt,scan 1
#1281413 07.07.2026 23:35:27 : WRN BLE : sendDisconnect 6157
#1281414 07.07.2026 23:35:27 : ERR BLE : [AURA]No filters left, stopping scan
#1281415 07.07.2026 23:35:27 : EVT BLE : packet 0 sensor found count 1
#1281416 07.07.2026 23:35:27 : EVT BLE : packet 0 sensor found count 2
#1281417 07.07.2026 23:35:28 : EVT ANALYTICS : #FusHr src:2 time:10590
#1281418 07.07.2026 23:35:28 : EVT APPLICATION : Zapp climbl01:Load script
#1281419 07.07.2026 23:35:28 : EVT APPLICATION : Zapp climbl01:Enable
#1281420 07.07.2026 23:35:28 : EVT ANALYTICS : Zapp enabled i:5 h:a5e7afa5 n:climbl01 v:3.0
#1281421 07.07.2026 23:35:28 : EVT APPLICATION : Zapp clid:32880
#1281422 07.07.2026 23:35:29 : EVT APPLICATION : Zapp climbl01:Disable
#1281423 07.07.2026 23:35:29 : EVT ANALYTICS : Zapp disabled i:5 h:a5e7afa5 n:Climb Log
#1281424 07.07.2026 23:35:31 : EVT APPLICATION : Zapp climbl01:Load script
#1281425 07.07.2026 23:35:31 : EVT APPLICATION : Zapp climbl01:Enable
#1281426 07.07.2026 23:35:31 : EVT ANALYTICS : Zapp enabled i:5 h:a5e7afa5 n:climbl01 v:3.0
#1281427 07.07.2026 23:35:31 : EVT APPLICATION : Zapp clid:32880
#1281428 07.07.2026 23:35:31 : EVT OHR : S:start 0x2123
#1281429 07.07.2026 23:35:32 : EVT <Unknown> : 1783460131611:Meas start 0x2123
#1281430 07.07.2026 23:35:39 : EVT APPLICATION : Zapp climbl01:Disable
#1281431 07.07.2026 23:35:39 : EVT ANALYTICS : Zapp disabled i:5 h:a5e7afa5 n:Climb Log
#1281432 07.07.2026 23:35:41 : EVT APPLICATION : Zapp climbl01:Load script
#1281433 07.07.2026 23:35:41 : EVT APPLICATION : Zapp climbl01:Enable
#1281434 07.07.2026 23:35:41 : EVT ANALYTICS : Zapp enabled i:5 h:a5e7afa5 n:climbl01 v:3.0
#1281435 07.07.2026 23:35:41 : EVT APPLICATION : Zapp clid:32880
#1281436 07.07.2026 23:35:43 : EVT APPLICATION : Zapp climbl01:Disable
#1281437 07.07.2026 23:35:43 : EVT ANALYTICS : Zapp disabled i:5 h:a5e7afa5 n:Climb Log
#1281438 07.07.2026 23:35:44 : EVT APPLICATION : Zapp climbl01:Load script
#1281439 07.07.2026 23:35:44 : EVT APPLICATION : Zapp climbl01:Enable
#1281440 07.07.2026 23:35:44 : EVT ANALYTICS : Zapp enabled i:5 h:a5e7afa5 n:climbl01 v:3.0
#1281441 07.07.2026 23:35:44 : EVT APPLICATION : Zapp clid:32880
#1281442 07.07.2026 23:35:50 : EVT <Unknown> : 1783460149848:Off Skin Set.
#1281443 07.07.2026 23:35:51 : EVT <Unknown> : 1783460150975:On Skin Set.
#1281444 07.07.2026 23:35:52 : EVT <Unknown> : 1783460151246:Off Skin Set.
#1281445 07.07.2026 23:35:55 : EVT OHR : No HR update, invalidate by timer
#1281446 07.07.2026 23:35:58 : EVT <Unknown> : 1783460157749:On Skin Set.
#1281447 07.07.2026 23:35:59 : EVT OHR : new HR update
#1281448 07.07.2026 23:35:59 : EVT <Unknown> : 1783460158852:Off Skin Set.
#1281449 07.07.2026 23:35:59 : EVT PMIC : VBUS state is ON
#1281450 07.07.2026 23:35:59 : EVT PMIC : chgCntl1:0x70
#1281451 07.07.2026 23:35:59 : EVT PMIC : check chgCntl1:0x74
#1281452 07.07.2026 23:35:59 : EVT PMIC : Turn charge ON since VBUS->ON
#1281453 07.07.2026 23:35:59 : EVT PMIC : PMIC temp zone:0x2
#1281454 07.07.2026 23:35:59 : EVT PMIC : PMIC Fast-charge constant cur
#1281455 07.07.2026 23:35:59 : EVT OHR : VBUS on
#1281456 07.07.2026 23:35:59 : EVT OHR : S:stop 23
#1281457 07.07.2026 23:35:59 : EVT <Unknown> : 1783460159521:Meas stop 0x2123
#1281458 07.07.2026 23:35:59 : EVT PMIC : PMIC Fast-charge constant voltage
#1281459 07.07.2026 23:35:59 : EVT PMIC : VBUS state is ON
#1281460 07.07.2026 23:35:59 : WRN <Unknown> : 1783460159522:FSM EVT STOP.
#1281461 07.07.2026 23:35:59 : EVT OHR : S:OFF 1->0
#1281462 07.07.2026 23:36:00 : EVT PMIC : PMIC temp zone:0x7
#1281463 07.07.2026 23:36:00 : EVT PMIC : VBUS state is OFF
#1281464 07.07.2026 23:36:00 : EVT PMIC : Turn charge OFF since VBUS->OFF
#1281465 07.07.2026 23:36:00 : EVT OHR : VBUS off
#1281466 07.07.2026 23:36:00 : EVT OHR : S:ON 0->1
#1281467 07.07.2026 23:36:01 : EVT OHR : APPINIT:caps 0x1f4, 6b738616
#1281468 07.07.2026 23:36:01 : EVT <Unknown> : 1783460161184:AI@1783460161160, tz120
#1281469 07.07.2026 23:36:01 : EVT OHR : S:start 0x2123
#1281470 07.07.2026 23:36:01 : EVT <Unknown> : 1783460161189:Meas start 0x2123
#1281471 07.07.2026 23:36:01 : EVT <Unknown> : 1783460161204:PD1464, 0
#1281472 07.07.2026 23:36:01 : EVT <Unknown> : 1783460161263:GMV 20251126/1/4/0/395/46
#1281473 07.07.2026 23:36:01 : EVT <Unknown> : 1783460161516:Mi1.6.10, auth 0, hr_mode 0
#1281474 07.07.2026 23:36:02 : EVT <Unknown> : 1783460161767:On Skin Set.
#1281475 07.07.2026 23:36:04 : EVT OHR : No HR update, invalidate by timer
#1281476 07.07.2026 23:36:04 : WRN WBAPI : eID-691468(277): /Dive/TankPressure/Alarm/Count 404
#1281477 07.07.2026 23:36:04 : EVT OHR : S:start 0x21a3
#1281478 07.07.2026 23:36:04 : EVT <Unknown> : 1783460164239:Meas start 0x21a3
#1281479 07.07.2026 23:36:06 : ERR <Unknown> : 1783460165849:Mi invalid call:100,code:0.
#1281480 07.07.2026 23:36:08 : EVT <Unknown> : 1783460168033:Off Skin Set.
#1281481 07.07.2026 23:36:08 : EVT <Unknown> : 1783460168410:On Skin Set.
#1281482 07.07.2026 23:36:09 : EVT OHR : No HR update, invalidate by timer
#1281483 07.07.2026 23:36:11 : EVT APPLICATION : Zapp climbl01:Disable
#1281484 07.07.2026 23:36:11 : EVT ANALYTICS : Zapp disabled i:5 h:a5e7afa5 n:Climb Log
#1281485 07.07.2026 23:36:13 : EVT APPLICATION : Zapp zzwethen:Disable
#1281486 07.07.2026 23:36:13 : EVT ANALYTICS : Zapp disabled i:8 h:3f77f8ec n:Weather
#1281487 07.07.2026 23:36:13 : EVT APPLICATION : Zapp zzwethen:Load script
#1281488 07.07.2026 23:36:13 : EVT APPLICATION : Zapp zzwethen:Enable
#1281489 07.07.2026 23:36:13 : EVT ANALYTICS : Zapp enabled i:8 h:3f77f8ec n:zzwethen v:ade
#1281490 07.07.2026 23:36:13 : EVT APPLICATION : Zapp clid:32878
#1281491 07.07.2026 23:36:14 : EVT APPLICATION : Zapp zzwethen:Disable
#1281492 07.07.2026 23:36:14 : EVT ANALYTICS : Zapp disabled i:8 h:3f77f8ec n:Weather
#1281493 07.07.2026 23:36:14 : EVT APPLICATION : Zapp zzwethen:Load script
#1281494 07.07.2026 23:36:14 : EVT APPLICATION : Zapp zzwethen:Enable
#1281495 07.07.2026 23:36:14 : EVT ANALYTICS : Zapp enabled i:8 h:3f77f8ec n:zzwethen v:ade
#1281496 07.07.2026 23:36:14 : EVT APPLICATION : Zapp clid:32878
#1281497 07.07.2026 23:36:15 : EVT APPLICATION : Zapp zzwethen:Disable
#1281498 07.07.2026 23:36:15 : EVT ANALYTICS : Zapp disabled i:8 h:3f77f8ec n:Weather
#1281499 07.07.2026 23:36:15 : EVT APPLICATION : Zapp zzwethen:Load script
#1281500 07.07.2026 23:36:15 : EVT APPLICATION : Zapp zzwethen:Enable
#1281501 07.07.2026 23:36:15 : EVT ANALYTICS : Zapp enabled i:8 h:3f77f8ec n:zzwethen v:ade
#1281502 07.07.2026 23:36:15 : EVT APPLICATION : Zapp clid:32878
#1281503 07.07.2026 23:36:16 : EVT APPLICATION : Zapp zzwethen:Disable
#1281504 07.07.2026 23:36:16 : EVT ANALYTICS : Zapp disabled i:8 h:3f77f8ec n:Weather
#1281505 07.07.2026 23:36:16 : EVT APPLICATION : Zapp zzwethen:Load script
#1281506 07.07.2026 23:36:16 : EVT APPLICATION : Zapp zzwethen:Enable
#1281507 07.07.2026 23:36:16 : EVT ANALYTICS : Zapp enabled i:8 h:3f77f8ec n:zzwethen v:ade
#1281508 07.07.2026 23:36:16 : EVT APPLICATION : Zapp clid:32878
#1281509 07.07.2026 23:36:16 : EVT APPLICATION : Zapp zzwethen:Disable
#1281510 07.07.2026 23:36:16 : EVT ANALYTICS : Zapp disabled i:8 h:3f77f8ec n:Weather
#1281511 07.07.2026 23:36:17 : EVT APPLICATION : Zapp zzwethen:Load script
#1281512 07.07.2026 23:36:17 : EVT APPLICATION : Zapp zzwethen:Enable
#1281513 07.07.2026 23:36:17 : EVT ANALYTICS : Zapp enabled i:8 h:3f77f8ec n:zzwethen v:ade
#1281514 07.07.2026 23:36:17 : EVT APPLICATION : Zapp clid:32878
#1281515 07.07.2026 23:36:17 : EVT APPLICATION : Zapp zzwethen:Disable
#1281516 07.07.2026 23:36:17 : EVT ANALYTICS : Zapp disabled i:8 h:3f77f8ec n:Weather
#1281517 07.07.2026 23:36:18 : EVT APPLICATION : Zapp zzwethen:Load script
#1281518 07.07.2026 23:36:18 : EVT APPLICATION : Zapp zzwethen:Enable
#1281519 07.07.2026 23:36:18 : EVT ANALYTICS : Zapp enabled i:8 h:3f77f8ec n:zzwethen v:ade
#1281520 07.07.2026 23:36:18 : EVT APPLICATION : Zapp clid:32878
#1281521 07.07.2026 23:36:18 : EVT OHR : new HR update
#1281522 07.07.2026 23:36:18 : EVT APPLICATION : Zapp zzwethen:Disable
#1281523 07.07.2026 23:36:18 : EVT ANALYTICS : Zapp disabled i:8 h:3f77f8ec n:Weather
#1281524 07.07.2026 23:36:19 : EVT APPLICATION : Zapp zzwethen:Load script
#1281525 07.07.2026 23:36:19 : EVT APPLICATION : Zapp zzwethen:Enable
#1281526 07.07.2026 23:36:19 : EVT ANALYTICS : Zapp enabled i:8 h:3f77f8ec n:zzwethen v:ade
#1281527 07.07.2026 23:36:19 : EVT APPLICATION : Zapp clid:32878
#1281528 07.07.2026 23:36:19 : EVT APPLICATION : Zapp zzwethen:Disable
#1281529 07.07.2026 23:36:19 : EVT ANALYTICS : Zapp disabled i:8 h:3f77f8ec n:Weather
#1281530 07.07.2026 23:36:20 : EVT APPLICATION : Zapp zzwethen:Load script
#1281531 07.07.2026 23:36:20 : EVT APPLICATION : Zapp zzwethen:Enable
#1281532 07.07.2026 23:36:20 : EVT ANALYTICS : Zapp enabled i:8 h:3f77f8ec n:zzwethen v:ade
#1281533 07.07.2026 23:36:20 : EVT APPLICATION : Zapp clid:32878
#1281534 07.07.2026 23:36:20 : EVT APPLICATION : Zapp zzwethen:Disable
#1281535 07.07.2026 23:36:21 : EVT ANALYTICS : Zapp disabled i:8 h:3f77f8ec n:Weather
#1281536 07.07.2026 23:36:21 : EVT APPLICATION : Zapp zzwethen:Load script
#1281537 07.07.2026 23:36:21 : EVT APPLICATION : Zapp zzwethen:Enable
#1281538 07.07.2026 23:36:21 : EVT ANALYTICS : Zapp enabled i:8 h:3f77f8ec n:zzwethen v:ade
#1281539 07.07.2026 23:36:21 : EVT APPLICATION : Zapp clid:32878
#1281540 07.07.2026 23:36:21 : EVT APPLICATION : Zapp zzwethen:Disable
#1281541 07.07.2026 23:36:21 : EVT ANALYTICS : Zapp disabled i:8 h:3f77f8ec n:Weather
#1281542 07.07.2026 23:36:22 : EVT APPLICATION : Zapp zzwethen:Load script
#1281543 07.07.2026 23:36:22 : EVT APPLICATION : Zapp zzwethen:Enable
#1281544 07.07.2026 23:36:22 : EVT ANALYTICS : Zapp enabled i:8 h:3f77f8ec n:zzwethen v:ade
#1281545 07.07.2026 23:36:22 : EVT APPLICATION : Zapp clid:32878
#1281546 07.07.2026 23:36:23 : EVT APPLICATION : Zapp zzwethen:Disable
#1281547 07.07.2026 23:36:23 : EVT ANALYTICS : Zapp disabled i:8 h:3f77f8ec n:Weather
#1281548 07.07.2026 23:36:23 : EVT APPLICATION : Zapp zzwethen:Load script
#1281549 07.07.2026 23:36:23 : EVT APPLICATION : Zapp zzwethen:Enable
#1281550 07.07.2026 23:36:23 : EVT ANALYTICS : Zapp enabled i:8 h:3f77f8ec n:zzwethen v:ade
#1281551 07.07.2026 23:36:23 : EVT APPLICATION : Zapp clid:32878
#1281552 07.07.2026 23:36:24 : EVT APPLICATION : Zapp zzwethen:Disable
#1281553 07.07.2026 23:36:24 : EVT ANALYTICS : Zapp disabled i:8 h:3f77f8ec n:Weather
#1281554 07.07.2026 23:36:24 : EVT APPLICATION : Zapp zzwethen:Load script
#1281555 07.07.2026 23:36:24 : EVT APPLICATION : Zapp zzwethen:Enable
#1281556 07.07.2026 23:36:24 : EVT ANALYTICS : Zapp enabled i:8 h:3f77f8ec n:zzwethen v:ade
#1281557 07.07.2026 23:36:24 : EVT APPLICATION : Zapp clid:32878
#1281558 07.07.2026 23:36:24 : EVT APPLICATION : Zapp zzwethen:Disable
#1281559 07.07.2026 23:36:24 : EVT ANALYTICS : Zapp disabled i:8 h:3f77f8ec n:Weather
#1281560 07.07.2026 23:36:25 : EVT APPLICATION : Zapp zzwethen:Load script
#1281561 07.07.2026 23:36:25 : EVT APPLICATION : Zapp zzwethen:Enable
#1281562 07.07.2026 23:36:25 : EVT ANALYTICS : Zapp enabled i:8 h:3f77f8ec n:zzwethen v:ade
#1281563 07.07.2026 23:36:25 : EVT APPLICATION : Zapp clid:32878
#1281564 07.07.2026 23:36:25 : EVT APPLICATION : Zapp zzwethen:Disable
#1281565 07.07.2026 23:36:25 : EVT ANALYTICS : Zapp disabled i:8 h:3f77f8ec n:Weather
#1281566 07.07.2026 23:36:26 : EVT APPLICATION : Zapp zzwethen:Load script
#1281567 07.07.2026 23:36:26 : EVT APPLICATION : Zapp zzwethen:Enable
#1281568 07.07.2026 23:36:26 : EVT ANALYTICS : Zapp enabled i:8 h:3f77f8ec n:zzwethen v:ade
#1281569 07.07.2026 23:36:26 : EVT APPLICATION : Zapp clid:32878
#1281570 07.07.2026 23:36:26 : EVT APPLICATION : Zapp zzwethen:Disable
#1281571 07.07.2026 23:36:26 : EVT ANALYTICS : Zapp disabled i:8 h:3f77f8ec n:Weather
#1281572 07.07.2026 23:36:26 : EVT APPLICATION : Zapp zzwethen:Load script
#1281573 07.07.2026 23:36:26 : EVT APPLICATION : Zapp zzwethen:Enable
#1281574 07.07.2026 23:36:27 : EVT ANALYTICS : Zapp enabled i:8 h:3f77f8ec n:zzwethen v:ade
#1281575 07.07.2026 23:36:27 : EVT APPLICATION : Zapp clid:32878
#1281576 07.07.2026 23:36:27 : EVT APPLICATION : Zapp zzwethen:Disable
#1281577 07.07.2026 23:36:27 : EVT ANALYTICS : Zapp disabled i:8 h:3f77f8ec n:Weather
#1281578 07.07.2026 23:36:27 : EVT APPLICATION : Zapp zzwethen:Load script
#1281579 07.07.2026 23:36:27 : EVT APPLICATION : Zapp zzwethen:Enable
#1281580 07.07.2026 23:36:27 : EVT ANALYTICS : Zapp enabled i:8 h:3f77f8ec n:zzwethen v:ade
#1281581 07.07.2026 23:36:27 : EVT APPLICATION : Zapp clid:32878
#1281582 07.07.2026 23:36:27 : EVT APPLICATION : Zapp zzwethen:Disable
#1281583 07.07.2026 23:36:27 : EVT ANALYTICS : Zapp disabled i:8 h:3f77f8ec n:Weather
#1281584 07.07.2026 23:36:27 : EVT APPLICATION : Zapp zzwethen:Load script
#1281585 07.07.2026 23:36:27 : EVT APPLICATION : Zapp zzwethen:Enable
#1281586 07.07.2026 23:36:28 : EVT ANALYTICS : Zapp enabled i:8 h:3f77f8ec n:zzwethen v:ade
#1281587 07.07.2026 23:36:28 : EVT APPLICATION : Zapp clid:32878
#1281588 07.07.2026 23:36:28 : EVT APPLICATION : Zapp zzwethen:Disable
#1281589 07.07.2026 23:36:28 : EVT ANALYTICS : Zapp disabled i:8 h:3f77f8ec n:Weather
#1281590 07.07.2026 23:36:28 : EVT APPLICATION : Zapp zzwethen:Load script
#1281591 07.07.2026 23:36:28 : EVT APPLICATION : Zapp zzwethen:Enable
#1281592 07.07.2026 23:36:28 : EVT ANALYTICS : Zapp enabled i:8 h:3f77f8ec n:zzwethen v:ade
#1281593 07.07.2026 23:36:28 : EVT APPLICATION : Zapp clid:32878
#1281594 07.07.2026 23:36:28 : EVT APPLICATION : Zapp zzwethen:Disable
#1281595 07.07.2026 23:36:28 : EVT ANALYTICS : Zapp disabled i:8 h:3f77f8ec n:Weather
#1281596 07.07.2026 23:36:28 : EVT APPLICATION : Zapp zzwethen:Load script
#1281597 07.07.2026 23:36:28 : EVT APPLICATION : Zapp zzwethen:Enable
#1281598 07.07.2026 23:36:28 : EVT ANALYTICS : Zapp enabled i:8 h:3f77f8ec n:zzwethen v:ade
#1281599 07.07.2026 23:36:28 : EVT APPLICATION : Zapp clid:32878
#1281600 07.07.2026 23:36:28 : EVT APPLICATION : Zapp zzwethen:Disable
#1281601 07.07.2026 23:36:28 : EVT ANALYTICS : Zapp disabled i:8 h:3f77f8ec n:Weather
#1281602 07.07.2026 23:36:29 : EVT APPLICATION : Zapp zzwethen:Load script
#1281603 07.07.2026 23:36:29 : EVT APPLICATION : Zapp zzwethen:Enable
#1281604 07.07.2026 23:36:29 : EVT ANALYTICS : Zapp enabled i:8 h:3f77f8ec n:zzwethen v:ade
#1281605 07.07.2026 23:36:29 : EVT APPLICATION : Zapp clid:32878
#1281606 07.07.2026 23:36:29 : EVT APPLICATION : Zapp zzwethen:Disable
#1281607 07.07.2026 23:36:29 : EVT ANALYTICS : Zapp disabled i:8 h:3f77f8ec n:Weather
#1281608 07.07.2026 23:36:29 : EVT APPLICATION : Zapp zzwethen:Load script
#1281609 07.07.2026 23:36:29 : EVT APPLICATION : Zapp zzwethen:Enable
#1281610 07.07.2026 23:36:29 : EVT ANALYTICS : Zapp enabled i:8 h:3f77f8ec n:zzwethen v:ade
#1281611 07.07.2026 23:36:29 : EVT APPLICATION : Zapp clid:32878
#1281612 07.07.2026 23:36:29 : EVT APPLICATION : Zapp zzwethen:Disable
#1281613 07.07.2026 23:36:29 : EVT ANALYTICS : Zapp disabled i:8 h:3f77f8ec n:Weather
#1281614 07.07.2026 23:36:29 : EVT APPLICATION : Zapp zzwethen:Load script
#1281615 07.07.2026 23:36:29 : EVT APPLICATION : Zapp zzwethen:Enable
#1281616 07.07.2026 23:36:29 : EVT ANALYTICS : Zapp enabled i:8 h:3f77f8ec n:zzwethen v:ade
#1281617 07.07.2026 23:36:29 : EVT APPLICATION : Zapp clid:32878
#1281618 07.07.2026 23:36:29 : EVT APPLICATION : Zapp zzwethen:Disable
#1281619 07.07.2026 23:36:29 : EVT ANALYTICS : Zapp disabled i:8 h:3f77f8ec n:Weather
#1281620 07.07.2026 23:36:30 : EVT APPLICATION : Zapp zzwethen:Load script
#1281621 07.07.2026 23:36:30 : EVT APPLICATION : Zapp zzwethen:Enable
#1281622 07.07.2026 23:36:30 : EVT ANALYTICS : Zapp enabled i:8 h:3f77f8ec n:zzwethen v:ade
#1281623 07.07.2026 23:36:30 : EVT APPLICATION : Zapp clid:32878
#1281624 07.07.2026 23:36:30 : EVT APPLICATION : Zapp zzwethen:Disable
#1281625 07.07.2026 23:36:30 : EVT ANALYTICS : Zapp disabled i:8 h:3f77f8ec n:Weather
#1281626 07.07.2026 23:36:30 : EVT APPLICATION : Zapp zzwethen:Load script
#1281627 07.07.2026 23:36:30 : EVT APPLICATION : Zapp zzwethen:Enable
#1281628 07.07.2026 23:36:30 : EVT ANALYTICS : Zapp enabled i:8 h:3f77f8ec n:zzwethen v:ade
#1281629 07.07.2026 23:36:30 : EVT APPLICATION : Zapp clid:32878
#1281630 07.07.2026 23:36:30 : EVT APPLICATION : Zapp zzwethen:Disable
#1281631 07.07.2026 23:36:30 : EVT ANALYTICS : Zapp disabled i:8 h:3f77f8ec n:Weather
#1281632 07.07.2026 23:36:30 : EVT APPLICATION : Zapp zzwethen:Load script
#1281633 07.07.2026 23:36:30 : EVT APPLICATION : Zapp zzwethen:Enable
#1281634 07.07.2026 23:36:30 : EVT ANALYTICS : Zapp enabled i:8 h:3f77f8ec n:zzwethen v:ade
#1281635 07.07.2026 23:36:30 : EVT APPLICATION : Zapp clid:32878
#1281636 07.07.2026 23:36:31 : EVT APPLICATION : Zapp zzwethen:Disable
#1281637 07.07.2026 23:36:31 : EVT ANALYTICS : Zapp disabled i:8 h:3f77f8ec n:Weather
#1281638 07.07.2026 23:36:31 : EVT APPLICATION : Zapp zzwethen:Load script
#1281639 07.07.2026 23:36:31 : EVT APPLICATION : Zapp zzwethen:Enable
#1281640 07.07.2026 23:36:31 : EVT ANALYTICS : Zapp enabled i:8 h:3f77f8ec n:zzwethen v:ade
#1281641 07.07.2026 23:36:31 : EVT APPLICATION : Zapp clid:32878
#1281642 07.07.2026 23:36:31 : EVT APPLICATION : Zapp zzwethen:Enable
#1281643 07.07.2026 23:36:31 : EVT ANALYTICS : Zapp enabled i:8 h:3f77f8ec n:zzwethen v:ade
#1281644 07.07.2026 23:36:31 : EVT APPLICATION : Zapp clid:32878
#1281645 07.07.2026 23:36:32 : EVT APPLICATION : Zapp zzwethen:Disable
#1281646 07.07.2026 23:36:32 : EVT ANALYTICS : Zapp disabled i:8 h:3f77f8ec n:Weather
#1281647 07.07.2026 23:36:32 : EVT APPLICATION : Zapp zzwethen:Load script
#1281648 07.07.2026 23:36:32 : EVT APPLICATION : Zapp zzwethen:Enable
#1281649 07.07.2026 23:36:32 : EVT ANALYTICS : Zapp enabled i:8 h:3f77f8ec n:zzwethen v:ade
#1281650 07.07.2026 23:36:32 : EVT APPLICATION : Zapp clid:32878
#1281651 07.07.2026 23:36:33 : EVT APPLICATION : Zapp zzwethen:Disable
#1281652 07.07.2026 23:36:33 : EVT ANALYTICS : Zapp disabled i:8 h:3f77f8ec n:Weather
#1281653 07.07.2026 23:36:33 : EVT APPLICATION : Zapp zzwethen:Load script
#1281654 07.07.2026 23:36:33 : EVT APPLICATION : Zapp zzwethen:Enable
#1281655 07.07.2026 23:36:33 : EVT ANALYTICS : Zapp enabled i:8 h:3f77f8ec n:zzwethen v:ade
#1281656 07.07.2026 23:36:33 : EVT APPLICATION : Zapp clid:32878
#1281657 07.07.2026 23:36:34 : EVT APPLICATION : Zapp zzwethen:Disable
#1281658 07.07.2026 23:36:34 : EVT ANALYTICS : Zapp disabled i:8 h:3f77f8ec n:Weather
#1281659 07.07.2026 23:36:34 : EVT APPLICATION : Zapp zzwethen:Load script
#1281660 07.07.2026 23:36:34 : EVT APPLICATION : Zapp zzwethen:Enable
#1281661 07.07.2026 23:36:34 : EVT ANALYTICS : Zapp enabled i:8 h:3f77f8ec n:zzwethen v:ade
#1281662 07.07.2026 23:36:34 : EVT APPLICATION : Zapp clid:32878
#1281663 07.07.2026 23:36:35 : EVT APPLICATION : Zapp zzwethen:Disable
#1281664 07.07.2026 23:36:35 : EVT ANALYTICS : Zapp disabled i:8 h:3f77f8ec n:Weather
#1281665 07.07.2026 23:36:35 : EVT APPLICATION : Zapp zzwethen:Load script
#1281666 07.07.2026 23:36:35 : EVT APPLICATION : Zapp zzwethen:Enable
#1281667 07.07.2026 23:36:35 : EVT ANALYTICS : Zapp enabled i:8 h:3f77f8ec n:zzwethen v:ade
#1281668 07.07.2026 23:36:35 : EVT APPLICATION : Zapp clid:32878
#1281669 07.07.2026 23:36:36 : EVT APPLICATION : Zapp zzwethen:Disable
#1281670 07.07.2026 23:36:36 : EVT ANALYTICS : Zapp disabled i:8 h:3f77f8ec n:Weather
#1281671 07.07.2026 23:36:36 : EVT APPLICATION : Zapp zzwethen:Load script
#1281672 07.07.2026 23:36:36 : EVT APPLICATION : Zapp zzwethen:Enable
#1281673 07.07.2026 23:36:36 : EVT ANALYTICS : Zapp enabled i:8 h:3f77f8ec n:zzwethen v:ade
#1281674 07.07.2026 23:36:36 : EVT APPLICATION : Zapp clid:32878
#1281675 07.07.2026 23:36:36 : EVT APPLICATION : Zapp zzwethen:Disable
#1281676 07.07.2026 23:36:36 : EVT ANALYTICS : Zapp disabled i:8 h:3f77f8ec n:Weather
#1281677 07.07.2026 23:36:37 : EVT APPLICATION : Zapp zzwethen:Load script
#1281678 07.07.2026 23:36:37 : EVT APPLICATION : Zapp zzwethen:Enable
#1281679 07.07.2026 23:36:37 : EVT ANALYTICS : Zapp enabled i:8 h:3f77f8ec n:zzwethen v:ade
#1281680 07.07.2026 23:36:37 : EVT APPLICATION : Zapp clid:32878
#1281681 07.07.2026 23:36:37 : EVT APPLICATION : Zapp zzwethen:Disable
#1281682 07.07.2026 23:36:37 : EVT ANALYTICS : Zapp disabled i:8 h:3f77f8ec n:Weather
#1281683 07.07.2026 23:36:38 : EVT APPLICATION : Zapp zzwethen:Load script
#1281684 07.07.2026 23:36:38 : EVT APPLICATION : Zapp zzwethen:Enable
#1281685 07.07.2026 23:36:38 : EVT ANALYTICS : Zapp enabled i:8 h:3f77f8ec n:zzwethen v:ade
#1281686 07.07.2026 23:36:38 : EVT APPLICATION : Zapp clid:32878
#1281687 07.07.2026 23:36:38 : EVT APPLICATION : Zapp zzwethen:Disable
#1281688 07.07.2026 23:36:38 : EVT ANALYTICS : Zapp disabled i:8 h:3f77f8ec n:Weather
#1281689 07.07.2026 23:36:38 : EVT <Unknown> : 1783460198043:SCD DET STATE ON.
#1281690 07.07.2026 23:36:39 : EVT APPLICATION : Zapp zzwethen:Load script
#1281691 07.07.2026 23:36:39 : EVT APPLICATION : Zapp zzwethen:Enable
#1281692 07.07.2026 23:36:39 : EVT ANALYTICS : Zapp enabled i:8 h:3f77f8ec n:zzwethen v:ade
#1281693 07.07.2026 23:36:39 : EVT APPLICATION : Zapp clid:32878
#1281694 07.07.2026 23:36:39 : EVT APPLICATION : Zapp zzwethen:Disable
#1281695 07.07.2026 23:36:39 : EVT ANALYTICS : Zapp disabled i:8 h:3f77f8ec n:Weather
#1281696 07.07.2026 23:36:39 : EVT APPLICATION : Zapp zzwethen:Load script
#1281697 07.07.2026 23:36:39 : EVT APPLICATION : Zapp zzwethen:Enable
#1281698 07.07.2026 23:36:39 : EVT ANALYTICS : Zapp enabled i:8 h:3f77f8ec n:zzwethen v:ade
#1281699 07.07.2026 23:36:39 : EVT APPLICATION : Zapp clid:32878
#1281700 07.07.2026 23:36:40 : EVT APPLICATION : Zapp zzwethen:Disable
#1281701 07.07.2026 23:36:40 : EVT ANALYTICS : Zapp disabled i:8 h:3f77f8ec n:Weather
#1281702 07.07.2026 23:36:40 : EVT APPLICATION : Zapp zzwethen:Load script
#1281703 07.07.2026 23:36:40 : EVT APPLICATION : Zapp zzwethen:Enable
#1281704 07.07.2026 23:36:40 : EVT ANALYTICS : Zapp enabled i:8 h:3f77f8ec n:zzwethen v:ade
#1281705 07.07.2026 23:36:40 : EVT APPLICATION : Zapp clid:32878
#1281706 07.07.2026 23:36:41 : EVT APPLICATION : Zapp zzwethen:Disable
#1281707 07.07.2026 23:36:41 : EVT ANALYTICS : Zapp disabled i:8 h:3f77f8ec n:Weather
#1281708 07.07.2026 23:36:41 : EVT APPLICATION : Zapp zzwethen:Load script
#1281709 07.07.2026 23:36:41 : EVT APPLICATION : Zapp zzwethen:Enable
#1281710 07.07.2026 23:36:41 : EVT ANALYTICS : Zapp enabled i:8 h:3f77f8ec n:zzwethen v:ade
#1281711 07.07.2026 23:36:41 : EVT APPLICATION : Zapp clid:32878
#1281712 07.07.2026 23:36:41 : EVT APPLICATION : Zapp zzwethen:Disable
#1281713 07.07.2026 23:36:41 : EVT ANALYTICS : Zapp disabled i:8 h:3f77f8ec n:Weather
#1281714 07.07.2026 23:36:44 : EVT LOGGER : HrIbiLogger stop, off (0 ms)
#1281715 07.07.2026 23:36:44 : EVT WBSTORAGE : CACHE_DEFRAG (648->784, 24->24, 25)
#1281716 07.07.2026 23:36:44 : TRC NAVIGATION : CG: no climb WP
#1281717 07.07.2026 23:36:44 : TRC NAVIGATION : CG:init ZoomType=0
#1281718 07.07.2026 23:36:44 : EVT NAVIGATION : initSeg Idx=0 D=1 T=0 3-0-4
#1281719 07.07.2026 23:36:45 : EVT WBSTORAGE : CACHE_DEFRAG (768->1024, 24->24, 25)
#1281720 07.07.2026 23:36:45 : EVT SPEEDFUSION : INFO # IDLE mode(-1) set
#1281721 07.07.2026 23:36:45 : EVT ALTIFUSION : AltiBaroMode:2
#1281722 07.07.2026 23:36:45 : EVT APPLICATION : Zapp zzmoveen:Disable
#1281723 07.07.2026 23:36:45 : EVT ANALYTICS : Zapp disabled i:6 h:7aac0887 n:Movement
#1281724 07.07.2026 23:36:45 : EVT UI_FRAMEWORK : evalFile: b:/zapp/zzmoveen.fea/ext2.js from ui
#1281725 07.07.2026 23:36:45 : EVT SPEEDFUSION : INFO # stop speed fusion
#1281726 07.07.2026 23:36:45 : EVT <Unknown> : Update pres sampl intrvl:5
#1281727 07.07.2026 23:36:45 : EVT ANALYTICS : SleepQ:Tracking:On
#1281728 07.07.2026 23:36:45 : EVT OHR : S:start 0x2123
#1281729 07.07.2026 23:36:45 : EVT WBSTORAGE : CACHE_DEFRAG (1000->1008, 24->24, 25)
#1281730 07.07.2026 23:36:45 : EVT <Unknown> : 1783460205151:Meas start 0x2123
#1281731 07.07.2026 23:36:45 : EVT WBSTORAGE : CACHE_DEFRAG (880->888, 24->24, 25)
#1281732 07.07.2026 23:36:45 : EVT WBSTORAGE : CACHE_DEFRAG (864->896, 24->24, 25)
#1281733 07.07.2026 23:36:45 : EVT WBSTORAGE : CACHE_DEFRAG (872->880, 24->24, 25)
#1281734 07.07.2026 23:36:45 : EVT WBSTORAGE : CACHE_DEFRAG (864->872, 24->24, 25)
#1281735 07.07.2026 23:36:46 : TRC NAVIGATION : CG: no climb WP
#1281736 07.07.2026 23:36:46 : TRC NAVIGATION : CG:init ZoomType=0
#1281737 07.07.2026 23:36:46 : EVT NAVIGATION : initSeg Idx=0 D=1 T=0 3-0-4
#1281738 07.07.2026 23:36:46 : EVT WBSTORAGE : CACHE_DEFRAG (856->944, 24->24, 25)
#1281739 07.07.2026 23:36:46 : EVT ALTIFUSION : AltiBaroMode:0
#1281740 07.07.2026 23:36:46 : EVT ALTIFUSION : Init AltiBaro
#1281741 07.07.2026 23:36:46 : EVT BLE : Disconn sensor:1
#1281742 07.07.2026 23:36:46 : EVT BLE : BLE Sensor Link 4800180D Disc (L-E-:00:0)
#1281743 07.07.2026 23:36:46 : WRN BLE : sendDisconnect 6157
#1281744 07.07.2026 23:36:46 : ERR BLE : [AURA]No filters left, stopping scan
#1281745 07.07.2026 23:36:46 : EVT ANALYTICS : SleepQ:Tracking:On
#1281746 07.07.2026 23:36:46 : EVT ALTIFUSION : AltiBaroMode:0
#1281747 07.07.2026 23:36:46 : EVT ALTIFUSION : Init AltiBaro
#1281748 07.07.2026 23:36:46 : EVT WBSTORAGE : CACHE_DEFRAG (920->928, 24->24, 25)
#1281749 07.07.2026 23:36:46 : EVT UI_FRAMEWORK : JS nsto enable zapp: zzmoveen
#1281750 07.07.2026 23:36:46 : EVT APPLICATION : Zapp zzmoveen:Load script
#1281751 07.07.2026 23:36:46 : EVT APPLICATION : Zapp zzmoveen:Enable
#1281752 07.07.2026 23:36:46 : EVT ANALYTICS : Zapp enabled i:6 h:7aac0887 n:zzmoveen v:8e0
#1281753 07.07.2026 23:36:46 : EVT UI_FRAMEWORK : evalFile: b:/zapp/zzmoveen.fea/ext1.js from ui
#1281754 07.07.2026 23:36:46 : EVT APPLICATION : Zapp clid:32878
#1281755 07.07.2026 23:36:46 : EVT UI_FRAMEWORK : JS nsto all zapps enabled.
#1281756 07.07.2026 23:36:46 : EVT UI_FRAMEWORK : JS Prestart Activity Id: 16.000
#1281757 07.07.2026 23:36:46 : WRN WBAPI : eID-691468(277): /Dive/Alarms/Acknowledge 404
#1281758 07.07.2026 23:36:46 : WRN WBAPI : eID-691468(277): /Dive/DiveGases 404
#1281759 07.07.2026 23:36:46 : WRN WBAPI : eID-691468(277): /Dive/Gauge/Next 404
#1281760 07.07.2026 23:36:46 : EVT WBSTORAGE : CACHE_DEFRAG (904->912, 24->24, 25)
#1281761 07.07.2026 23:36:46 : EVT WBSTORAGE : CACHE_DEFRAG (840->848, 24->24, 25)
#1281762 07.07.2026 23:36:46 : EVT WBSTORAGE : CACHE_DEFRAG (776->784, 24->24, 25)
#1281763 07.07.2026 23:36:46 : EVT BLE : BLE Sensor Link 4800180D Conn (--E-:00:1)
#1281764 07.07.2026 23:36:46 : WRN BLE : sendConnect 6157
#1281765 07.07.2026 23:36:47 : WRN WBAPI : eID-691468(277): /Dive/TankPressure/Alarm/Count 404
#1281766 07.07.2026 23:36:47 : EVT SPEEDFUSION : INFO # start speed fusion
#1281767 07.07.2026 23:36:47 : EVT SPEEDFUSION : Act:16,Acc:0,BPod:0,FPod:0,PPod:0,BeltPod:1
#1281768 07.07.2026 23:36:47 : EVT SPEEDFUSION : INFO # Start algo without wrist acc
#1281769 07.07.2026 23:36:47 : EVT <Unknown> : Update pres sampl intrvl:1
#1281770 07.07.2026 23:36:47 : EVT OHR : S:start 0x21a3
#1281771 07.07.2026 23:36:47 : EVT <Unknown> : 1783460207485:Meas start 0x21a3
#1281772 07.07.2026 23:36:54 : EVT APPLICATION : Zapp zzwethen:Load script
#1281773 07.07.2026 23:36:54 : EVT APPLICATION : Zapp zzwethen:Enable
#1281774 07.07.2026 23:36:54 : EVT ANALYTICS : Zapp enabled i:8 h:3f77f8ec n:zzwethen v:ade
#1281775 07.07.2026 23:36:54 : EVT APPLICATION : Zapp clid:32879
#1281776 07.07.2026 23:36:54 : EVT WBSTORAGE : CACHE_DEFRAG (704->736, 24->24, 25)
#1281777 07.07.2026 23:36:54 : EVT WBSTORAGE : CACHE_DEFRAG (672->696, 25->24, 25)
#1281778 07.07.2026 23:36:56 : EVT APPLICATION : Zapp climbl01:Load script
#1281779 07.07.2026 23:36:56 : EVT APPLICATION : Zapp climbl01:Enable
#1281780 07.07.2026 23:36:56 : EVT ANALYTICS : Zapp enabled i:5 h:a5e7afa5 n:climbl01 v:3.0
#1281781 07.07.2026 23:36:56 : EVT APPLICATION : Zapp clid:32880
#1281782 07.07.2026 23:36:56 : EVT BLE : lt,scan 1
#1281783 07.07.2026 23:36:56 : WRN BLE : sendDisconnect 6157
#1281784 07.07.2026 23:36:57 : ERR BLE : [AURA]No filters left, stopping scan
#1281785 07.07.2026 23:36:57 : ERR BLE : [AURA]Filter with handle 72 not found
#1281786 07.07.2026 23:36:57 : EVT BLE : packet 0 sensor found count 1
#1281787 07.07.2026 23:36:57 : EVT BLE : packet 0 sensor found count 2
#1281788 07.07.2026 23:36:57 : EVT ANALYTICS : #FusHr src:2 time:10140
#1281789 07.07.2026 23:36:57 : EVT APPLICATION : Zapp climbl01:Disable
#1281790 07.07.2026 23:36:57 : EVT ANALYTICS : Zapp disabled i:5 h:a5e7afa5 n:Climb Log
#1281791 07.07.2026 23:37:00 : EVT APPLICATION : Zapp climbl01:Load script
#1281792 07.07.2026 23:37:00 : EVT APPLICATION : Zapp climbl01:Enable
#1281793 07.07.2026 23:37:00 : EVT ANALYTICS : Zapp enabled i:5 h:a5e7afa5 n:climbl01 v:3.0
#1281794 07.07.2026 23:37:00 : EVT APPLICATION : Zapp clid:32880
#1281795 07.07.2026 23:37:06 : EVT APPLICATION : Zapp climbl01:Disable
#1281796 07.07.2026 23:37:06 : EVT ANALYTICS : Zapp disabled i:5 h:a5e7afa5 n:Climb Log
#1281797 07.07.2026 23:37:08 : EVT APPLICATION : Zapp climbl01:Load script
#1281798 07.07.2026 23:37:08 : EVT APPLICATION : Zapp climbl01:Enable
#1281799 07.07.2026 23:37:08 : EVT ANALYTICS : Zapp enabled i:5 h:a5e7afa5 n:climbl01 v:3.0
#1281800 07.07.2026 23:37:08 : EVT APPLICATION : Zapp clid:32880
#1281801 07.07.2026 23:37:13 : EVT APPLICATION : Zapp climbl01:Disable
#1281802 07.07.2026 23:37:13 : EVT ANALYTICS : Zapp disabled i:5 h:a5e7afa5 n:Climb Log
#1281803 07.07.2026 23:37:15 : EVT APPLICATION : Zapp climbl01:Load script
#1281804 07.07.2026 23:37:15 : EVT APPLICATION : Zapp climbl01:Enable
#1281805 07.07.2026 23:37:15 : EVT ANALYTICS : Zapp enabled i:5 h:a5e7afa5 n:climbl01 v:3.0
#1281806 07.07.2026 23:37:15 : EVT APPLICATION : Zapp clid:32880
#1281807 07.07.2026 23:37:15 : EVT OHR : S:start 0x2123
#1281808 07.07.2026 23:37:15 : EVT <Unknown> : 1783460235538:Meas start 0x2123
#1281809 07.07.2026 23:37:18 : EVT APPLICATION : Zapp climbl01:Disable
#1281810 07.07.2026 23:37:18 : EVT ANALYTICS : Zapp disabled i:5 h:a5e7afa5 n:Climb Log
#1281811 07.07.2026 23:37:21 : EVT APPLICATION : Zapp climbl01:Load script
#1281812 07.07.2026 23:37:21 : EVT APPLICATION : Zapp climbl01:Enable
#1281813 07.07.2026 23:37:22 : EVT ANALYTICS : Zapp enabled i:5 h:a5e7afa5 n:climbl01 v:3.0
#1281814 07.07.2026 23:37:22 : EVT APPLICATION : Zapp clid:32880
#1281815 07.07.2026 23:37:24 : EVT APPLICATION : Zapp climbl01:Disable
#1281816 07.07.2026 23:37:24 : EVT ANALYTICS : Zapp disabled i:5 h:a5e7afa5 n:Climb Log
#1281817 07.07.2026 23:37:26 : EVT APPLICATION : Zapp climbl01:Load script
#1281818 07.07.2026 23:37:26 : EVT APPLICATION : Zapp climbl01:Enable
#1281819 07.07.2026 23:37:26 : EVT ANALYTICS : Zapp enabled i:5 h:a5e7afa5 n:climbl01 v:3.0
#1281820 07.07.2026 23:37:26 : EVT APPLICATION : Zapp clid:32880
#1281821 07.07.2026 23:37:29 : EVT <Unknown> : 1783460249602:Off Skin Set.
#1281822 07.07.2026 23:37:30 : EVT PMIC : VBUS state is ON
#1281823 07.07.2026 23:37:30 : EVT PMIC : chgCntl1:0x70
#1281824 07.07.2026 23:37:30 : EVT PMIC : check chgCntl1:0x74
#1281825 07.07.2026 23:37:30 : EVT PMIC : Turn charge ON since VBUS->ON
#1281826 07.07.2026 23:37:30 : EVT PMIC : PMIC temp zone:0x2
#1281827 07.07.2026 23:37:30 : EVT PMIC : PMIC Fast-charge constant cur
#1281828 07.07.2026 23:37:30 : EVT OHR : VBUS on
#1281829 07.07.2026 23:37:30 : EVT OHR : S:stop 23
#1281830 07.07.2026 23:37:30 : EVT <Unknown> : 1783460250580:Meas stop 0x2123
#1281831 07.07.2026 23:37:30 : EVT PMIC : PMIC Fast-charge constant voltage
#1281832 07.07.2026 23:37:30 : EVT PMIC : VBUS state is ON
#1281833 07.07.2026 23:37:30 : WRN <Unknown> : 1783460250581:FSM EVT STOP.
#1281834 07.07.2026 23:37:30 : EVT OHR : S:OFF 1->0
#1281835 07.07.2026 23:37:34 : EVT PMIC : PMIC temp zone:0x7
#1281836 07.07.2026 23:37:34 : EVT PMIC : VBUS state is OFF
#1281837 07.07.2026 23:37:34 : EVT PMIC : Turn charge OFF since VBUS->OFF
#1281838 07.07.2026 23:37:34 : EVT OHR : VBUS off
#1281839 07.07.2026 23:37:34 : EVT OHR : S:ON 0->1
#1281840 07.07.2026 23:37:34 : EVT OHR : APPINIT:caps 0x1f4, 6b738616
#1281841 07.07.2026 23:37:34 : EVT <Unknown> : 1783460254604:AI@1783460254580, tz120
#1281842 07.07.2026 23:37:34 : EVT OHR : S:start 0x2123
#1281843 07.07.2026 23:37:34 : EVT <Unknown> : 1783460254611:Meas start 0x2123
#1281844 07.07.2026 23:37:34 : EVT OHR : No HR update, invalidate by timer
#1281845 07.07.2026 23:37:34 : EVT <Unknown> : 1783460254625:PD1464, 0
#1281846 07.07.2026 23:37:34 : EVT <Unknown> : 1783460254686:GMV 20251126/1/4/0/395/46
#1281847 07.07.2026 23:37:34 : EVT <Unknown> : 1783460254940:Mi1.6.10, auth 0, hr_mode 0
#1281848 07.07.2026 23:37:35 : EVT <Unknown> : 1783460255191:On Skin Set.
#1281849 07.07.2026 23:37:37 : WRN WBAPI : eID-691468(277): /Dive/TankPressure/Alarm/Count 404
#1281850 07.07.2026 23:37:38 : EVT OHR : S:start 0x21a3
#1281851 07.07.2026 23:37:38 : EVT <Unknown> : 1783460258077:Meas start 0x21a3
#1281852 07.07.2026 23:37:39 : ERR <Unknown> : 1783460259306:Mi invalid call:100,code:0.
#1281853 07.07.2026 23:37:43 : EVT OHR : No HR update, invalidate by timer
#1281854 07.07.2026 23:37:43 : EVT APPLICATION : Zapp zzwethen:Disable
#1281855 07.07.2026 23:37:43 : EVT ANALYTICS : Zapp disabled i:8 h:3f77f8ec n:Weather
#1281856 07.07.2026 23:37:44 : EVT APPLICATION : Zapp zzwethen:Load script
#1281857 07.07.2026 23:37:44 : EVT APPLICATION : Zapp zzwethen:Enable
#1281858 07.07.2026 23:37:44 : EVT ANALYTICS : Zapp enabled i:8 h:3f77f8ec n:zzwethen v:ade
#1281859 07.07.2026 23:37:44 : EVT APPLICATION : Zapp clid:32879
#1281860 07.07.2026 23:37:44 : EVT APPLICATION : Zapp zzwethen:Disable
#1281861 07.07.2026 23:37:44 : EVT ANALYTICS : Zapp disabled i:8 h:3f77f8ec n:Weather
#1281862 07.07.2026 23:37:46 : EVT APPLICATION : Zapp zzwethen:Load script
#1281863 07.07.2026 23:37:46 : EVT APPLICATION : Zapp zzwethen:Enable
#1281864 07.07.2026 23:37:46 : EVT ANALYTICS : Zapp enabled i:8 h:3f77f8ec n:zzwethen v:ade
#1281865 07.07.2026 23:37:46 : EVT APPLICATION : Zapp clid:32879
#1281866 07.07.2026 23:37:46 : EVT APPLICATION : Zapp zzwethen:Disable
#1281867 07.07.2026 23:37:46 : EVT ANALYTICS : Zapp disabled i:8 h:3f77f8ec n:Weather
#1281868 07.07.2026 23:37:47 : EVT APPLICATION : Zapp zzwethen:Load script
#1281869 07.07.2026 23:37:47 : EVT APPLICATION : Zapp zzwethen:Enable
#1281870 07.07.2026 23:37:47 : EVT ANALYTICS : Zapp enabled i:8 h:3f77f8ec n:zzwethen v:ade
#1281871 07.07.2026 23:37:47 : EVT APPLICATION : Zapp clid:32879
#1281872 07.07.2026 23:37:47 : EVT APPLICATION : Zapp zzwethen:Disable
#1281873 07.07.2026 23:37:47 : EVT ANALYTICS : Zapp disabled i:8 h:3f77f8ec n:Weather
#1281874 07.07.2026 23:37:48 : EVT APPLICATION : Zapp zzwethen:Load script
#1281875 07.07.2026 23:37:48 : EVT APPLICATION : Zapp zzwethen:Enable
#1281876 07.07.2026 23:37:48 : EVT ANALYTICS : Zapp enabled i:8 h:3f77f8ec n:zzwethen v:ade
#1281877 07.07.2026 23:37:48 : EVT APPLICATION : Zapp clid:32879
#1281878 07.07.2026 23:37:48 : EVT APPLICATION : Zapp zzwethen:Disable
#1281879 07.07.2026 23:37:48 : EVT ANALYTICS : Zapp disabled i:8 h:3f77f8ec n:Weather
#1281880 07.07.2026 23:37:49 : EVT APPLICATION : Zapp zzwethen:Load script
#1281881 07.07.2026 23:37:49 : EVT APPLICATION : Zapp zzwethen:Enable
#1281882 07.07.2026 23:37:49 : EVT ANALYTICS : Zapp enabled i:8 h:3f77f8ec n:zzwethen v:ade
#1281883 07.07.2026 23:37:49 : EVT APPLICATION : Zapp clid:32879
#1281884 07.07.2026 23:37:49 : EVT APPLICATION : Zapp zzwethen:Disable
#1281885 07.07.2026 23:37:49 : EVT ANALYTICS : Zapp disabled i:8 h:3f77f8ec n:Weather
#1281886 07.07.2026 23:37:49 : EVT APPLICATION : Zapp zzwethen:Load script
#1281887 07.07.2026 23:37:49 : EVT APPLICATION : Zapp zzwethen:Enable
#1281888 07.07.2026 23:37:49 : EVT ANALYTICS : Zapp enabled i:8 h:3f77f8ec n:zzwethen v:ade
#1281889 07.07.2026 23:37:49 : EVT APPLICATION : Zapp clid:32879
#1281890 07.07.2026 23:37:50 : EVT APPLICATION : Zapp zzwethen:Disable
#1281891 07.07.2026 23:37:50 : EVT ANALYTICS : Zapp disabled i:8 h:3f77f8ec n:Weather
#1281892 07.07.2026 23:37:50 : EVT OHR : new HR update
#1281893 07.07.2026 23:37:50 : EVT APPLICATION : Zapp zzwethen:Load script
#1281894 07.07.2026 23:37:50 : EVT APPLICATION : Zapp zzwethen:Enable
#1281895 07.07.2026 23:37:50 : EVT ANALYTICS : Zapp enabled i:8 h:3f77f8ec n:zzwethen v:ade
#1281896 07.07.2026 23:37:50 : EVT APPLICATION : Zapp clid:32879
#1281897 07.07.2026 23:37:51 : EVT APPLICATION : Zapp zzwethen:Disable
#1281898 07.07.2026 23:37:51 : EVT ANALYTICS : Zapp disabled i:8 h:3f77f8ec n:Weather
#1281899 07.07.2026 23:37:51 : EVT APPLICATION : Zapp zzwethen:Load script
#1281900 07.07.2026 23:37:51 : EVT APPLICATION : Zapp zzwethen:Enable
#1281901 07.07.2026 23:37:51 : EVT ANALYTICS : Zapp enabled i:8 h:3f77f8ec n:zzwethen v:ade
#1281902 07.07.2026 23:37:51 : EVT APPLICATION : Zapp clid:32879
#1281903 07.07.2026 23:37:51 : EVT APPLICATION : Zapp zzwethen:Disable
#1281904 07.07.2026 23:37:51 : EVT ANALYTICS : Zapp disabled i:8 h:3f77f8ec n:Weather
#1281905 07.07.2026 23:37:52 : EVT APPLICATION : Zapp zzwethen:Load script
#1281906 07.07.2026 23:37:52 : EVT APPLICATION : Zapp zzwethen:Enable
#1281907 07.07.2026 23:37:52 : EVT ANALYTICS : Zapp enabled i:8 h:3f77f8ec n:zzwethen v:ade
#1281908 07.07.2026 23:37:52 : EVT APPLICATION : Zapp clid:32879
#1281909 07.07.2026 23:37:52 : EVT APPLICATION : Zapp zzwethen:Disable
#1281910 07.07.2026 23:37:52 : EVT ANALYTICS : Zapp disabled i:8 h:3f77f8ec n:Weather
#1281911 07.07.2026 23:37:52 : EVT APPLICATION : Zapp zzwethen:Load script
#1281912 07.07.2026 23:37:52 : EVT APPLICATION : Zapp zzwethen:Enable
#1281913 07.07.2026 23:37:52 : EVT ANALYTICS : Zapp enabled i:8 h:3f77f8ec n:zzwethen v:ade
#1281914 07.07.2026 23:37:52 : EVT APPLICATION : Zapp clid:32879
#1281915 07.07.2026 23:37:52 : EVT APPLICATION : Zapp zzwethen:Disable
#1281916 07.07.2026 23:37:52 : EVT ANALYTICS : Zapp disabled i:8 h:3f77f8ec n:Weather
#1281917 07.07.2026 23:37:52 : EVT APPLICATION : Zapp zzwethen:Load script
#1281918 07.07.2026 23:37:52 : EVT APPLICATION : Zapp zzwethen:Enable
#1281919 07.07.2026 23:37:52 : EVT ANALYTICS : Zapp enabled i:8 h:3f77f8ec n:zzwethen v:ade
#1281920 07.07.2026 23:37:52 : EVT APPLICATION : Zapp clid:32879
#1281921 07.07.2026 23:37:53 : EVT APPLICATION : Zapp zzwethen:Disable
#1281922 07.07.2026 23:37:53 : EVT ANALYTICS : Zapp disabled i:8 h:3f77f8ec n:Weather
#1281923 07.07.2026 23:37:53 : EVT APPLICATION : Zapp zzwethen:Load script
#1281924 07.07.2026 23:37:53 : EVT APPLICATION : Zapp zzwethen:Enable
#1281925 07.07.2026 23:37:53 : EVT ANALYTICS : Zapp enabled i:8 h:3f77f8ec n:zzwethen v:ade
#1281926 07.07.2026 23:37:53 : EVT APPLICATION : Zapp clid:32879
#1281927 07.07.2026 23:37:53 : EVT APPLICATION : Zapp zzwethen:Disable
#1281928 07.07.2026 23:37:53 : EVT ANALYTICS : Zapp disabled i:8 h:3f77f8ec n:Weather
#1281929 07.07.2026 23:37:53 : EVT APPLICATION : Zapp zzwethen:Load script
#1281930 07.07.2026 23:37:53 : EVT APPLICATION : Zapp zzwethen:Enable
#1281931 07.07.2026 23:37:53 : EVT ANALYTICS : Zapp enabled i:8 h:3f77f8ec n:zzwethen v:ade
#1281932 07.07.2026 23:37:53 : EVT APPLICATION : Zapp clid:32879
#1281933 07.07.2026 23:37:53 : EVT APPLICATION : Zapp zzwethen:Disable
#1281934 07.07.2026 23:37:53 : EVT ANALYTICS : Zapp disabled i:8 h:3f77f8ec n:Weather
#1281935 07.07.2026 23:37:53 : EVT APPLICATION : Zapp zzwethen:Load script
#1281936 07.07.2026 23:37:54 : EVT APPLICATION : Zapp zzwethen:Enable
#1281937 07.07.2026 23:37:54 : EVT ANALYTICS : Zapp enabled i:8 h:3f77f8ec n:zzwethen v:ade
#1281938 07.07.2026 23:37:54 : EVT APPLICATION : Zapp clid:32879
#1281939 07.07.2026 23:37:54 : EVT APPLICATION : Zapp zzwethen:Disable
#1281940 07.07.2026 23:37:54 : EVT ANALYTICS : Zapp disabled i:8 h:3f77f8ec n:Weather
#1281941 07.07.2026 23:37:54 : EVT APPLICATION : Zapp zzwethen:Load script
#1281942 07.07.2026 23:37:54 : EVT APPLICATION : Zapp zzwethen:Enable
#1281943 07.07.2026 23:37:54 : EVT ANALYTICS : Zapp enabled i:8 h:3f77f8ec n:zzwethen v:ade
#1281944 07.07.2026 23:37:54 : EVT APPLICATION : Zapp clid:32879
#1281945 07.07.2026 23:37:54 : EVT APPLICATION : Zapp zzwethen:Disable
#1281946 07.07.2026 23:37:54 : EVT ANALYTICS : Zapp disabled i:8 h:3f77f8ec n:Weather
#1281947 07.07.2026 23:37:55 : EVT APPLICATION : Zapp zzwethen:Load script
#1281948 07.07.2026 23:37:55 : EVT APPLICATION : Zapp zzwethen:Enable
#1281949 07.07.2026 23:37:55 : EVT ANALYTICS : Zapp enabled i:8 h:3f77f8ec n:zzwethen v:ade
#1281950 07.07.2026 23:37:55 : EVT APPLICATION : Zapp clid:32879
#1281951 07.07.2026 23:37:55 : EVT APPLICATION : Zapp zzwethen:Disable
#1281952 07.07.2026 23:37:55 : EVT ANALYTICS : Zapp disabled i:8 h:3f77f8ec n:Weather
#1281953 07.07.2026 23:37:55 : EVT APPLICATION : Zapp zzwethen:Load script
#1281954 07.07.2026 23:37:55 : EVT APPLICATION : Zapp zzwethen:Enable
#1281955 07.07.2026 23:37:55 : EVT ANALYTICS : Zapp enabled i:8 h:3f77f8ec n:zzwethen v:ade
#1281956 07.07.2026 23:37:55 : EVT APPLICATION : Zapp clid:32879
#1281957 07.07.2026 23:37:55 : EVT APPLICATION : Zapp zzwethen:Disable
#1281958 07.07.2026 23:37:55 : EVT ANALYTICS : Zapp disabled i:8 h:3f77f8ec n:Weather
#1281959 07.07.2026 23:37:55 : EVT APPLICATION : Zapp zzwethen:Load script
#1281960 07.07.2026 23:37:55 : EVT APPLICATION : Zapp zzwethen:Enable
#1281961 07.07.2026 23:37:55 : EVT ANALYTICS : Zapp enabled i:8 h:3f77f8ec n:zzwethen v:ade
#1281962 07.07.2026 23:37:55 : EVT APPLICATION : Zapp clid:32879
#1281963 07.07.2026 23:37:55 : EVT APPLICATION : Zapp zzwethen:Disable
#1281964 07.07.2026 23:37:55 : EVT ANALYTICS : Zapp disabled i:8 h:3f77f8ec n:Weather
#1281965 07.07.2026 23:37:56 : EVT APPLICATION : Zapp zzwethen:Load script
#1281966 07.07.2026 23:37:56 : EVT APPLICATION : Zapp zzwethen:Enable
#1281967 07.07.2026 23:37:56 : EVT ANALYTICS : Zapp enabled i:8 h:3f77f8ec n:zzwethen v:ade
#1281968 07.07.2026 23:37:56 : EVT APPLICATION : Zapp clid:32879
#1281969 07.07.2026 23:37:56 : EVT APPLICATION : Zapp zzwethen:Disable
#1281970 07.07.2026 23:37:56 : EVT ANALYTICS : Zapp disabled i:8 h:3f77f8ec n:Weather
#1281971 07.07.2026 23:37:56 : EVT APPLICATION : Zapp zzwethen:Load script
#1281972 07.07.2026 23:37:56 : EVT APPLICATION : Zapp zzwethen:Enable
#1281973 07.07.2026 23:37:56 : EVT ANALYTICS : Zapp enabled i:8 h:3f77f8ec n:zzwethen v:ade
#1281974 07.07.2026 23:37:56 : EVT APPLICATION : Zapp clid:32879
#1281975 07.07.2026 23:37:56 : EVT APPLICATION : Zapp zzwethen:Disable
#1281976 07.07.2026 23:37:56 : EVT ANALYTICS : Zapp disabled i:8 h:3f77f8ec n:Weather
#1281977 07.07.2026 23:37:57 : EVT APPLICATION : Zapp zzwethen:Load script
#1281978 07.07.2026 23:37:57 : EVT APPLICATION : Zapp zzwethen:Enable
#1281979 07.07.2026 23:37:57 : EVT ANALYTICS : Zapp enabled i:8 h:3f77f8ec n:zzwethen v:ade
#1281980 07.07.2026 23:37:57 : EVT APPLICATION : Zapp clid:32879
#1281981 07.07.2026 23:37:57 : EVT APPLICATION : Zapp zzwethen:Disable
#1281982 07.07.2026 23:37:57 : EVT ANALYTICS : Zapp disabled i:8 h:3f77f8ec n:Weather
#1281983 07.07.2026 23:37:57 : EVT APPLICATION : Zapp zzwethen:Load script
#1281984 07.07.2026 23:37:57 : EVT APPLICATION : Zapp zzwethen:Enable
#1281985 07.07.2026 23:37:57 : EVT ANALYTICS : Zapp enabled i:8 h:3f77f8ec n:zzwethen v:ade
#1281986 07.07.2026 23:37:57 : EVT APPLICATION : Zapp clid:32879
#1281987 07.07.2026 23:37:57 : EVT APPLICATION : Zapp zzwethen:Disable
#1281988 07.07.2026 23:37:57 : EVT ANALYTICS : Zapp disabled i:8 h:3f77f8ec n:Weather
#1281989 07.07.2026 23:37:58 : EVT APPLICATION : Zapp zzwethen:Load script
#1281990 07.07.2026 23:37:58 : EVT APPLICATION : Zapp zzwethen:Enable
#1281991 07.07.2026 23:37:58 : EVT ANALYTICS : Zapp enabled i:8 h:3f77f8ec n:zzwethen v:ade
#1281992 07.07.2026 23:37:58 : EVT APPLICATION : Zapp clid:32879
#1281993 07.07.2026 23:37:58 : EVT APPLICATION : Zapp zzwethen:Disable
#1281994 07.07.2026 23:37:58 : EVT ANALYTICS : Zapp disabled i:8 h:3f77f8ec n:Weather
#1281995 07.07.2026 23:37:58 : EVT APPLICATION : Zapp zzwethen:Load script
#1281996 07.07.2026 23:37:58 : EVT APPLICATION : Zapp zzwethen:Enable
#1281997 07.07.2026 23:37:58 : EVT ANALYTICS : Zapp enabled i:8 h:3f77f8ec n:zzwethen v:ade
#1281998 07.07.2026 23:37:58 : EVT APPLICATION : Zapp clid:32879
#1281999 07.07.2026 23:37:59 : EVT APPLICATION : Zapp zzwethen:Disable
#1282000 07.07.2026 23:37:59 : EVT ANALYTICS : Zapp disabled i:8 h:3f77f8ec n:Weather
#1282001 07.07.2026 23:38:07 : EVT <Unknown> : 1783460287333:SCD DET STATE ON.
#1282002 07.07.2026 23:38:18 : EVT APPLICATION : Zapp zzwethen:Load script
#1282003 07.07.2026 23:38:18 : EVT APPLICATION : Zapp zzwethen:Enable
#1282004 07.07.2026 23:38:19 : EVT ANALYTICS : Zapp enabled i:8 h:3f77f8ec n:zzwethen v:ade
#1282005 07.07.2026 23:38:19 : EVT APPLICATION : Zapp clid:32879
#1282006 07.07.2026 23:38:19 : EVT APPLICATION : Zapp zzwethen:Disable
#1282007 07.07.2026 23:38:19 : EVT ANALYTICS : Zapp disabled i:8 h:3f77f8ec n:Weather
#1282008 07.07.2026 23:38:19 : EVT APPLICATION : Zapp zzwethen:Load script
#1282009 07.07.2026 23:38:19 : EVT APPLICATION : Zapp zzwethen:Enable
#1282010 07.07.2026 23:38:19 : EVT ANALYTICS : Zapp enabled i:8 h:3f77f8ec n:zzwethen v:ade
#1282011 07.07.2026 23:38:19 : EVT APPLICATION : Zapp clid:32879
#1282012 07.07.2026 23:38:20 : EVT APPLICATION : Zapp zzwethen:Disable
#1282013 07.07.2026 23:38:20 : EVT ANALYTICS : Zapp disabled i:8 h:3f77f8ec n:Weather
#1282014 07.07.2026 23:38:20 : EVT APPLICATION : Zapp zzwethen:Load script
#1282015 07.07.2026 23:38:20 : EVT APPLICATION : Zapp zzwethen:Enable
#1282016 07.07.2026 23:38:20 : EVT ANALYTICS : Zapp enabled i:8 h:3f77f8ec n:zzwethen v:ade
#1282017 07.07.2026 23:38:20 : EVT APPLICATION : Zapp clid:32879
#1282018 07.07.2026 23:38:21 : EVT APPLICATION : Zapp zzwethen:Disable
#1282019 07.07.2026 23:38:21 : EVT ANALYTICS : Zapp disabled i:8 h:3f77f8ec n:Weather
#1282020 07.07.2026 23:38:21 : EVT APPLICATION : Zapp zzwethen:Load script
#1282021 07.07.2026 23:38:21 : EVT APPLICATION : Zapp zzwethen:Enable
#1282022 07.07.2026 23:38:21 : EVT ANALYTICS : Zapp enabled i:8 h:3f77f8ec n:zzwethen v:ade
#1282023 07.07.2026 23:38:21 : EVT APPLICATION : Zapp clid:32879
#1282024 07.07.2026 23:38:21 : EVT APPLICATION : Zapp zzwethen:Disable
#1282025 07.07.2026 23:38:22 : EVT ANALYTICS : Zapp disabled i:8 h:3f77f8ec n:Weather
#1282026 07.07.2026 23:38:22 : EVT APPLICATION : Zapp zzwethen:Load script
#1282027 07.07.2026 23:38:22 : EVT APPLICATION : Zapp zzwethen:Enable
#1282028 07.07.2026 23:38:22 : EVT ANALYTICS : Zapp enabled i:8 h:3f77f8ec n:zzwethen v:ade
#1282029 07.07.2026 23:38:22 : EVT APPLICATION : Zapp clid:32879
#1282030 07.07.2026 23:38:22 : EVT APPLICATION : Zapp zzwethen:Disable
#1282031 07.07.2026 23:38:22 : EVT ANALYTICS : Zapp disabled i:8 h:3f77f8ec n:Weather
#1282032 07.07.2026 23:38:22 : EVT APPLICATION : Zapp zzwethen:Load script
#1282033 07.07.2026 23:38:22 : EVT APPLICATION : Zapp zzwethen:Enable
#1282034 07.07.2026 23:38:23 : EVT ANALYTICS : Zapp enabled i:8 h:3f77f8ec n:zzwethen v:ade
#1282035 07.07.2026 23:38:23 : EVT APPLICATION : Zapp clid:32879
#1282036 07.07.2026 23:38:23 : EVT APPLICATION : Zapp zzwethen:Disable
#1282037 07.07.2026 23:38:23 : EVT ANALYTICS : Zapp disabled i:8 h:3f77f8ec n:Weather
#1282038 07.07.2026 23:38:23 : EVT APPLICATION : Zapp zzwethen:Load script
#1282039 07.07.2026 23:38:23 : EVT APPLICATION : Zapp zzwethen:Enable
#1282040 07.07.2026 23:38:23 : EVT ANALYTICS : Zapp enabled i:8 h:3f77f8ec n:zzwethen v:ade
#1282041 07.07.2026 23:38:23 : EVT APPLICATION : Zapp clid:32879
#1282042 07.07.2026 23:38:23 : EVT APPLICATION : Zapp zzwethen:Disable
#1282043 07.07.2026 23:38:23 : EVT ANALYTICS : Zapp disabled i:8 h:3f77f8ec n:Weather
#1282044 07.07.2026 23:38:23 : EVT APPLICATION : Zapp zzwethen:Load script
#1282045 07.07.2026 23:38:23 : EVT APPLICATION : Zapp zzwethen:Enable
#1282046 07.07.2026 23:38:24 : EVT ANALYTICS : Zapp enabled i:8 h:3f77f8ec n:zzwethen v:ade
#1282047 07.07.2026 23:38:24 : EVT APPLICATION : Zapp clid:32879
#1282048 07.07.2026 23:38:24 : EVT APPLICATION : Zapp zzwethen:Disable
#1282049 07.07.2026 23:38:24 : EVT ANALYTICS : Zapp disabled i:8 h:3f77f8ec n:Weather
#1282050 07.07.2026 23:38:24 : EVT APPLICATION : Zapp zzwethen:Load script
#1282051 07.07.2026 23:38:24 : EVT APPLICATION : Zapp zzwethen:Enable
#1282052 07.07.2026 23:38:24 : EVT ANALYTICS : Zapp enabled i:8 h:3f77f8ec n:zzwethen v:ade
#1282053 07.07.2026 23:38:24 : EVT APPLICATION : Zapp clid:32879
#1282054 07.07.2026 23:38:25 : EVT APPLICATION : Zapp zzwethen:Disable
#1282055 07.07.2026 23:38:25 : EVT ANALYTICS : Zapp disabled i:8 h:3f77f8ec n:Weather
#1282056 07.07.2026 23:38:25 : EVT APPLICATION : Zapp zzwethen:Load script
#1282057 07.07.2026 23:38:25 : EVT APPLICATION : Zapp zzwethen:Enable
#1282058 07.07.2026 23:38:25 : EVT ANALYTICS : Zapp enabled i:8 h:3f77f8ec n:zzwethen v:ade
#1282059 07.07.2026 23:38:25 : EVT APPLICATION : Zapp clid:32879
#1282060 07.07.2026 23:38:25 : EVT APPLICATION : Zapp zzwethen:Disable
#1282061 07.07.2026 23:38:25 : EVT ANALYTICS : Zapp disabled i:8 h:3f77f8ec n:Weather
#1282062 07.07.2026 23:38:26 : EVT APPLICATION : Zapp zzwethen:Load script
#1282063 07.07.2026 23:38:26 : EVT APPLICATION : Zapp zzwethen:Enable
#1282064 07.07.2026 23:38:26 : EVT ANALYTICS : Zapp enabled i:8 h:3f77f8ec n:zzwethen v:ade
#1282065 07.07.2026 23:38:26 : EVT APPLICATION : Zapp clid:32879
#1282066 07.07.2026 23:38:26 : EVT APPLICATION : Zapp zzwethen:Disable
#1282067 07.07.2026 23:38:26 : EVT ANALYTICS : Zapp disabled i:8 h:3f77f8ec n:Weather
#1282068 07.07.2026 23:38:27 : EVT APPLICATION : Zapp zzwethen:Load script
#1282069 07.07.2026 23:38:27 : EVT APPLICATION : Zapp zzwethen:Enable
#1282070 07.07.2026 23:38:27 : EVT ANALYTICS : Zapp enabled i:8 h:3f77f8ec n:zzwethen v:ade
#1282071 07.07.2026 23:38:27 : EVT APPLICATION : Zapp clid:32879
#1282072 07.07.2026 23:38:27 : EVT APPLICATION : Zapp zzwethen:Disable
#1282073 07.07.2026 23:38:27 : EVT ANALYTICS : Zapp disabled i:8 h:3f77f8ec n:Weather
#1282074 07.07.2026 23:38:28 : EVT APPLICATION : Zapp zzwethen:Load script
#1282075 07.07.2026 23:38:28 : EVT APPLICATION : Zapp zzwethen:Enable
#1282076 07.07.2026 23:38:28 : EVT ANALYTICS : Zapp enabled i:8 h:3f77f8ec n:zzwethen v:ade
#1282077 07.07.2026 23:38:28 : EVT APPLICATION : Zapp clid:32879
#1282078 07.07.2026 23:38:28 : EVT APPLICATION : Zapp zzwethen:Disable
#1282079 07.07.2026 23:38:28 : EVT ANALYTICS : Zapp disabled i:8 h:3f77f8ec n:Weather
#1282080 07.07.2026 23:38:28 : EVT APPLICATION : Zapp zzwethen:Load script
#1282081 07.07.2026 23:38:28 : EVT APPLICATION : Zapp zzwethen:Enable
#1282082 07.07.2026 23:38:28 : EVT ANALYTICS : Zapp enabled i:8 h:3f77f8ec n:zzwethen v:ade
#1282083 07.07.2026 23:38:28 : EVT APPLICATION : Zapp clid:32879
#1282084 07.07.2026 23:38:29 : EVT APPLICATION : Zapp zzwethen:Disable
#1282085 07.07.2026 23:38:29 : EVT ANALYTICS : Zapp disabled i:8 h:3f77f8ec n:Weather
#1282086 07.07.2026 23:38:29 : EVT APPLICATION : Zapp zzwethen:Load script
#1282087 07.07.2026 23:38:30 : EVT APPLICATION : Zapp zzwethen:Enable
#1282088 07.07.2026 23:38:30 : EVT ANALYTICS : Zapp enabled i:8 h:3f77f8ec n:zzwethen v:ade
#1282089 07.07.2026 23:38:30 : EVT APPLICATION : Zapp clid:32879
#1282090 07.07.2026 23:38:30 : EVT APPLICATION : Zapp zzwethen:Disable
#1282091 07.07.2026 23:38:30 : EVT ANALYTICS : Zapp disabled i:8 h:3f77f8ec n:Weather
#1282092 07.07.2026 23:38:30 : EVT APPLICATION : Zapp zzwethen:Load script
#1282093 07.07.2026 23:38:30 : EVT APPLICATION : Zapp zzwethen:Enable
#1282094 07.07.2026 23:38:30 : EVT ANALYTICS : Zapp enabled i:8 h:3f77f8ec n:zzwethen v:ade
#1282095 07.07.2026 23:38:30 : EVT APPLICATION : Zapp clid:32879
#1282096 07.07.2026 23:38:31 : EVT APPLICATION : Zapp zzwethen:Disable
#1282097 07.07.2026 23:38:31 : EVT ANALYTICS : Zapp disabled i:8 h:3f77f8ec n:Weather
#1282098 07.07.2026 23:38:31 : EVT APPLICATION : Zapp zzwethen:Load script
#1282099 07.07.2026 23:38:31 : EVT APPLICATION : Zapp zzwethen:Enable
#1282100 07.07.2026 23:38:31 : EVT ANALYTICS : Zapp enabled i:8 h:3f77f8ec n:zzwethen v:ade
#1282101 07.07.2026 23:38:31 : EVT APPLICATION : Zapp clid:32879
#1282102 07.07.2026 23:38:31 : EVT APPLICATION : Zapp zzwethen:Disable
#1282103 07.07.2026 23:38:31 : EVT ANALYTICS : Zapp disabled i:8 h:3f77f8ec n:Weather
#1282104 07.07.2026 23:38:32 : EVT APPLICATION : Zapp zzwethen:Load script
#1282105 07.07.2026 23:38:32 : EVT APPLICATION : Zapp zzwethen:Enable
#1282106 07.07.2026 23:38:32 : EVT ANALYTICS : Zapp enabled i:8 h:3f77f8ec n:zzwethen v:ade
#1282107 07.07.2026 23:38:32 : EVT APPLICATION : Zapp clid:32879
#1282108 07.07.2026 23:38:32 : EVT APPLICATION : Zapp zzwethen:Disable
#1282109 07.07.2026 23:38:32 : EVT ANALYTICS : Zapp disabled i:8 h:3f77f8ec n:Weather
#1282110 07.07.2026 23:38:33 : EVT APPLICATION : Zapp zzwethen:Load script
#1282111 07.07.2026 23:38:33 : EVT APPLICATION : Zapp zzwethen:Enable
#1282112 07.07.2026 23:38:33 : EVT ANALYTICS : Zapp enabled i:8 h:3f77f8ec n:zzwethen v:ade
#1282113 07.07.2026 23:38:33 : EVT APPLICATION : Zapp clid:32879
#1282114 07.07.2026 23:38:33 : EVT APPLICATION : Zapp zzwethen:Disable
#1282115 07.07.2026 23:38:33 : EVT ANALYTICS : Zapp disabled i:8 h:3f77f8ec n:Weather
#1282116 07.07.2026 23:38:36 : EVT APPLICATION : Zapp zzwethen:Load script
#1282117 07.07.2026 23:38:36 : EVT APPLICATION : Zapp zzwethen:Enable
#1282118 07.07.2026 23:38:36 : EVT ANALYTICS : Zapp enabled i:8 h:3f77f8ec n:zzwethen v:ade
#1282119 07.07.2026 23:38:36 : EVT APPLICATION : Zapp clid:32879
#1282120 07.07.2026 23:38:38 : EVT APPLICATION : Zapp zzwethen:Disable
#1282121 07.07.2026 23:38:38 : EVT ANALYTICS : Zapp disabled i:8 h:3f77f8ec n:Weather
#1282122 07.07.2026 23:38:39 : EVT APPLICATION : Zapp zzwethen:Load script
#1282123 07.07.2026 23:38:39 : EVT APPLICATION : Zapp zzwethen:Enable
#1282124 07.07.2026 23:38:39 : EVT ANALYTICS : Zapp enabled i:8 h:3f77f8ec n:zzwethen v:ade
#1282125 07.07.2026 23:38:39 : EVT APPLICATION : Zapp clid:32879
#1282126 07.07.2026 23:38:39 : EVT APPLICATION : Zapp zzwethen:Disable
#1282127 07.07.2026 23:38:39 : EVT ANALYTICS : Zapp disabled i:8 h:3f77f8ec n:Weather
#1282128 07.07.2026 23:38:40 : EVT APPLICATION : Zapp zzwethen:Load script
#1282129 07.07.2026 23:38:40 : EVT APPLICATION : Zapp zzwethen:Enable
#1282130 07.07.2026 23:38:40 : EVT ANALYTICS : Zapp enabled i:8 h:3f77f8ec n:zzwethen v:ade
#1282131 07.07.2026 23:38:40 : EVT APPLICATION : Zapp clid:32879
#1282132 07.07.2026 23:38:40 : EVT APPLICATION : Zapp zzwethen:Disable
#1282133 07.07.2026 23:38:40 : EVT ANALYTICS : Zapp disabled i:8 h:3f77f8ec n:Weather
#1282134 07.07.2026 23:38:41 : EVT APPLICATION : Zapp zzwethen:Load script
#1282135 07.07.2026 23:38:41 : EVT APPLICATION : Zapp zzwethen:Enable
#1282136 07.07.2026 23:38:41 : EVT ANALYTICS : Zapp enabled i:8 h:3f77f8ec n:zzwethen v:ade
#1282137 07.07.2026 23:38:41 : EVT APPLICATION : Zapp clid:32879
#1282138 07.07.2026 23:38:41 : EVT APPLICATION : Zapp zzwethen:Disable
#1282139 07.07.2026 23:38:41 : EVT ANALYTICS : Zapp disabled i:8 h:3f77f8ec n:Weather
#1282140 07.07.2026 23:38:42 : EVT APPLICATION : Zapp zzwethen:Load script
#1282141 07.07.2026 23:38:42 : EVT APPLICATION : Zapp zzwethen:Enable
#1282142 07.07.2026 23:38:42 : EVT ANALYTICS : Zapp enabled i:8 h:3f77f8ec n:zzwethen v:ade
#1282143 07.07.2026 23:38:42 : EVT APPLICATION : Zapp clid:32879
#1282144 07.07.2026 23:38:42 : EVT APPLICATION : Zapp zzwethen:Disable
#1282145 07.07.2026 23:38:42 : EVT ANALYTICS : Zapp disabled i:8 h:3f77f8ec n:Weather
#1282146 07.07.2026 23:38:43 : EVT APPLICATION : Zapp zzwethen:Load script
#1282147 07.07.2026 23:38:43 : EVT APPLICATION : Zapp zzwethen:Enable
#1282148 07.07.2026 23:38:43 : EVT ANALYTICS : Zapp enabled i:8 h:3f77f8ec n:zzwethen v:ade
#1282149 07.07.2026 23:38:43 : EVT APPLICATION : Zapp clid:32879
#1282150 07.07.2026 23:38:43 : EVT APPLICATION : Zapp zzwethen:Disable
#1282151 07.07.2026 23:38:43 : EVT ANALYTICS : Zapp disabled i:8 h:3f77f8ec n:Weather
#1282152 07.07.2026 23:38:44 : EVT APPLICATION : Zapp zzwethen:Load script
#1282153 07.07.2026 23:38:44 : EVT APPLICATION : Zapp zzwethen:Enable
#1282154 07.07.2026 23:38:44 : EVT ANALYTICS : Zapp enabled i:8 h:3f77f8ec n:zzwethen v:ade
#1282155 07.07.2026 23:38:44 : EVT APPLICATION : Zapp clid:32879
#1282156 07.07.2026 23:38:44 : EVT APPLICATION : Zapp zzwethen:Disable
#1282157 07.07.2026 23:38:44 : EVT ANALYTICS : Zapp disabled i:8 h:3f77f8ec n:Weather
#1282158 07.07.2026 23:38:45 : EVT APPLICATION : Zapp zzwethen:Load script
#1282159 07.07.2026 23:38:45 : EVT APPLICATION : Zapp zzwethen:Enable
#1282160 07.07.2026 23:38:45 : EVT ANALYTICS : Zapp enabled i:8 h:3f77f8ec n:zzwethen v:ade
#1282161 07.07.2026 23:38:45 : EVT APPLICATION : Zapp clid:32879
#1282162 07.07.2026 23:38:46 : EVT APPLICATION : Zapp zzmoveen:Disable
#1282163 07.07.2026 23:38:46 : EVT ANALYTICS : Zapp disabled i:6 h:7aac0887 n:Movement
#1282164 07.07.2026 23:38:46 : EVT UI_FRAMEWORK : evalFile: b:/zapp/zzmoveen.fea/ext2.js from ui
#1282165 07.07.2026 23:38:47 : EVT APPLICATION : Zapp zzmoveen:Load script
#1282166 07.07.2026 23:38:47 : EVT APPLICATION : Zapp zzmoveen:Enable
#1282167 07.07.2026 23:38:47 : EVT ANALYTICS : Zapp enabled i:6 h:7aac0887 n:zzmoveen v:8e0
#1282168 07.07.2026 23:38:47 : EVT UI_FRAMEWORK : evalFile: b:/zapp/zzmoveen.fea/ext1.js from ui
#1282169 07.07.2026 23:38:47 : EVT APPLICATION : Zapp clid:32878
#1282170 07.07.2026 23:38:47 : EVT APPLICATION : Zapp zzmoveen:Disable
#1282171 07.07.2026 23:38:47 : EVT ANALYTICS : Zapp disabled i:6 h:7aac0887 n:Movement
#1282172 07.07.2026 23:38:47 : EVT UI_FRAMEWORK : evalFile: b:/zapp/zzmoveen.fea/ext2.js from ui
#1282173 07.07.2026 23:38:47 : EVT APPLICATION : Zapp zzmoveen:Load script
#1282174 07.07.2026 23:38:48 : EVT APPLICATION : Zapp zzmoveen:Enable
#1282175 07.07.2026 23:38:48 : EVT ANALYTICS : Zapp enabled i:6 h:7aac0887 n:zzmoveen v:8e0
#1282176 07.07.2026 23:38:48 : EVT UI_FRAMEWORK : evalFile: b:/zapp/zzmoveen.fea/ext1.js from ui
#1282177 07.07.2026 23:38:48 : EVT APPLICATION : Zapp clid:32878
#1282178 07.07.2026 23:38:48 : EVT APPLICATION : Zapp zzmoveen:Disable
#1282179 07.07.2026 23:38:48 : EVT ANALYTICS : Zapp disabled i:6 h:7aac0887 n:Movement
#1282180 07.07.2026 23:38:48 : EVT UI_FRAMEWORK : evalFile: b:/zapp/zzmoveen.fea/ext2.js from ui
#1282181 07.07.2026 23:38:48 : EVT APPLICATION : Zapp zzmoveen:Load script
#1282182 07.07.2026 23:38:48 : EVT APPLICATION : Zapp zzmoveen:Enable
#1282183 07.07.2026 23:38:49 : EVT ANALYTICS : Zapp enabled i:6 h:7aac0887 n:zzmoveen v:8e0
#1282184 07.07.2026 23:38:49 : EVT UI_FRAMEWORK : evalFile: b:/zapp/zzmoveen.fea/ext1.js from ui
#1282185 07.07.2026 23:38:49 : EVT APPLICATION : Zapp clid:32878
#1282186 07.07.2026 23:38:49 : EVT APPLICATION : Zapp zzmoveen:Disable
#1282187 07.07.2026 23:38:49 : EVT ANALYTICS : Zapp disabled i:6 h:7aac0887 n:Movement
#1282188 07.07.2026 23:38:49 : EVT UI_FRAMEWORK : evalFile: b:/zapp/zzmoveen.fea/ext2.js from ui
#1282189 07.07.2026 23:38:49 : EVT APPLICATION : Zapp zzmoveen:Load script
#1282190 07.07.2026 23:38:49 : EVT APPLICATION : Zapp zzmoveen:Enable
#1282191 07.07.2026 23:38:49 : EVT ANALYTICS : Zapp enabled i:6 h:7aac0887 n:zzmoveen v:8e0
#1282192 07.07.2026 23:38:49 : EVT UI_FRAMEWORK : evalFile: b:/zapp/zzmoveen.fea/ext1.js from ui
#1282193 07.07.2026 23:38:49 : EVT APPLICATION : Zapp clid:32878
#1282194 07.07.2026 23:38:50 : EVT APPLICATION : Zapp zzmoveen:Disable
#1282195 07.07.2026 23:38:50 : EVT ANALYTICS : Zapp disabled i:6 h:7aac0887 n:Movement
#1282196 07.07.2026 23:38:50 : EVT UI_FRAMEWORK : evalFile: b:/zapp/zzmoveen.fea/ext2.js from ui
#1282197 07.07.2026 23:38:50 : EVT APPLICATION : Zapp zzmoveen:Load script
#1282198 07.07.2026 23:38:50 : EVT APPLICATION : Zapp zzmoveen:Enable
#1282199 07.07.2026 23:38:50 : EVT ANALYTICS : Zapp enabled i:6 h:7aac0887 n:zzmoveen v:8e0
#1282200 07.07.2026 23:38:50 : EVT UI_FRAMEWORK : evalFile: b:/zapp/zzmoveen.fea/ext1.js from ui
#1282201 07.07.2026 23:38:50 : EVT APPLICATION : Zapp clid:32878
#1282202 07.07.2026 23:38:51 : EVT APPLICATION : Zapp zzmoveen:Disable
#1282203 07.07.2026 23:38:51 : EVT ANALYTICS : Zapp disabled i:6 h:7aac0887 n:Movement
#1282204 07.07.2026 23:38:51 : EVT UI_FRAMEWORK : evalFile: b:/zapp/zzmoveen.fea/ext2.js from ui
#1282205 07.07.2026 23:38:51 : EVT APPLICATION : Zapp zzmoveen:Load script
#1282206 07.07.2026 23:38:51 : EVT APPLICATION : Zapp zzmoveen:Enable
#1282207 07.07.2026 23:38:51 : EVT ANALYTICS : Zapp enabled i:6 h:7aac0887 n:zzmoveen v:8e0
#1282208 07.07.2026 23:38:51 : EVT UI_FRAMEWORK : evalFile: b:/zapp/zzmoveen.fea/ext1.js from ui
#1282209 07.07.2026 23:38:51 : EVT APPLICATION : Zapp clid:32878
#1282210 07.07.2026 23:38:51 : EVT APPLICATION : Zapp zzmoveen:Disable
#1282211 07.07.2026 23:38:51 : EVT ANALYTICS : Zapp disabled i:6 h:7aac0887 n:Movement
#1282212 07.07.2026 23:38:51 : EVT UI_FRAMEWORK : evalFile: b:/zapp/zzmoveen.fea/ext2.js from ui
#1282213 07.07.2026 23:38:51 : EVT APPLICATION : Zapp zzmoveen:Load script
#1282214 07.07.2026 23:38:51 : EVT APPLICATION : Zapp zzmoveen:Enable
#1282215 07.07.2026 23:38:51 : EVT ANALYTICS : Zapp enabled i:6 h:7aac0887 n:zzmoveen v:8e0
#1282216 07.07.2026 23:38:51 : EVT UI_FRAMEWORK : evalFile: b:/zapp/zzmoveen.fea/ext1.js from ui
#1282217 07.07.2026 23:38:51 : EVT APPLICATION : Zapp clid:32878
#1282218 07.07.2026 23:38:51 : EVT APPLICATION : Zapp zzmoveen:Disable
#1282219 07.07.2026 23:38:51 : EVT ANALYTICS : Zapp disabled i:6 h:7aac0887 n:Movement
#1282220 07.07.2026 23:38:51 : EVT UI_FRAMEWORK : evalFile: b:/zapp/zzmoveen.fea/ext2.js from ui
#1282221 07.07.2026 23:38:51 : EVT APPLICATION : Zapp zzmoveen:Load script
#1282222 07.07.2026 23:38:52 : EVT APPLICATION : Zapp zzmoveen:Enable
#1282223 07.07.2026 23:38:52 : EVT ANALYTICS : Zapp enabled i:6 h:7aac0887 n:zzmoveen v:8e0
#1282224 07.07.2026 23:38:52 : EVT UI_FRAMEWORK : evalFile: b:/zapp/zzmoveen.fea/ext1.js from ui
#1282225 07.07.2026 23:38:52 : EVT APPLICATION : Zapp clid:32878
#1282226 07.07.2026 23:38:52 : EVT OHR : S:start 0x2123
#1282227 07.07.2026 23:38:52 : EVT APPLICATION : Zapp zzmoveen:Disable
#1282228 07.07.2026 23:38:52 : EVT ANALYTICS : Zapp disabled i:6 h:7aac0887 n:Movement
#1282229 07.07.2026 23:38:52 : EVT UI_FRAMEWORK : evalFile: b:/zapp/zzmoveen.fea/ext2.js from ui
#1282230 07.07.2026 23:38:52 : EVT APPLICATION : Zapp zzmoveen:Load script
#1282231 07.07.2026 23:38:52 : EVT APPLICATION : Zapp zzmoveen:Enable
#1282232 07.07.2026 23:38:52 : EVT <Unknown> : 1783460332105:Meas start 0x2123
#1282233 07.07.2026 23:38:52 : EVT ANALYTICS : Zapp enabled i:6 h:7aac0887 n:zzmoveen v:8e0
#1282234 07.07.2026 23:38:52 : EVT UI_FRAMEWORK : evalFile: b:/zapp/zzmoveen.fea/ext1.js from ui
#1282235 07.07.2026 23:38:52 : EVT APPLICATION : Zapp clid:32878
#1282236 07.07.2026 23:38:53 : EVT APPLICATION : Zapp zzmoveen:Disable
#1282237 07.07.2026 23:38:53 : EVT ANALYTICS : Zapp disabled i:6 h:7aac0887 n:Movement
#1282238 07.07.2026 23:38:53 : EVT UI_FRAMEWORK : evalFile: b:/zapp/zzmoveen.fea/ext2.js from ui
#1282239 07.07.2026 23:38:53 : EVT APPLICATION : Zapp zzmoveen:Load script
#1282240 07.07.2026 23:38:53 : EVT APPLICATION : Zapp zzmoveen:Enable
#1282241 07.07.2026 23:38:53 : EVT ANALYTICS : Zapp enabled i:6 h:7aac0887 n:zzmoveen v:8e0
#1282242 07.07.2026 23:38:53 : EVT UI_FRAMEWORK : evalFile: b:/zapp/zzmoveen.fea/ext1.js from ui
#1282243 07.07.2026 23:38:53 : EVT APPLICATION : Zapp clid:32878
#1282244 07.07.2026 23:38:53 : EVT APPLICATION : Zapp zzmoveen:Enable
#1282245 07.07.2026 23:38:53 : EVT ANALYTICS : Zapp enabled i:6 h:7aac0887 n:zzmoveen v:8e0
#1282246 07.07.2026 23:38:53 : EVT UI_FRAMEWORK : evalFile: b:/zapp/zzmoveen.fea/ext1.js from ui
#1282247 07.07.2026 23:38:53 : EVT APPLICATION : Zapp clid:32878
#1282248 07.07.2026 23:38:53 : EVT APPLICATION : Zapp zzmoveen:Disable
#1282249 07.07.2026 23:38:53 : EVT ANALYTICS : Zapp disabled i:6 h:7aac0887 n:Movement
#1282250 07.07.2026 23:38:53 : EVT UI_FRAMEWORK : evalFile: b:/zapp/zzmoveen.fea/ext2.js from ui
#1282251 07.07.2026 23:38:53 : EVT APPLICATION : Zapp zzmoveen:Load script
#1282252 07.07.2026 23:38:53 : EVT APPLICATION : Zapp zzmoveen:Enable
#1282253 07.07.2026 23:38:53 : EVT ANALYTICS : Zapp enabled i:6 h:7aac0887 n:zzmoveen v:8e0
#1282254 07.07.2026 23:38:53 : EVT UI_FRAMEWORK : evalFile: b:/zapp/zzmoveen.fea/ext1.js from ui
#1282255 07.07.2026 23:38:53 : EVT APPLICATION : Zapp clid:32878
#1282256 07.07.2026 23:38:53 : EVT APPLICATION : Zapp zzmoveen:Disable
#1282257 07.07.2026 23:38:54 : EVT ANALYTICS : Zapp disabled i:6 h:7aac0887 n:Movement
#1282258 07.07.2026 23:38:54 : EVT UI_FRAMEWORK : evalFile: b:/zapp/zzmoveen.fea/ext2.js from ui
#1282259 07.07.2026 23:38:54 : EVT APPLICATION : Zapp zzmoveen:Load script
#1282260 07.07.2026 23:38:54 : EVT APPLICATION : Zapp zzmoveen:Enable
#1282261 07.07.2026 23:38:54 : EVT ANALYTICS : Zapp enabled i:6 h:7aac0887 n:zzmoveen v:8e0
#1282262 07.07.2026 23:38:54 : EVT UI_FRAMEWORK : evalFile: b:/zapp/zzmoveen.fea/ext1.js from ui
#1282263 07.07.2026 23:38:54 : EVT APPLICATION : Zapp clid:32878
#1282264 07.07.2026 23:38:56 : EVT <Unknown> : 1783460336538:Off Skin Set.
#1282265 07.07.2026 23:38:59 : EVT <Unknown> : 1783460339290:On Skin Set.
#1282266 07.07.2026 23:39:00 : EVT <Unknown> : 1783460340362:Off Skin Set.
#1282267 07.07.2026 23:39:01 : EVT PMIC : VBUS state is ON
#1282268 07.07.2026 23:39:01 : EVT PMIC : chgCntl1:0x70
#1282269 07.07.2026 23:39:01 : EVT PMIC : check chgCntl1:0x74
#1282270 07.07.2026 23:39:01 : EVT PMIC : Turn charge ON since VBUS->ON
#1282271 07.07.2026 23:39:01 : EVT PMIC : PMIC temp zone:0x2
#1282272 07.07.2026 23:39:01 : EVT PMIC : PMIC Fast-charge constant cur
#1282273 07.07.2026 23:39:01 : EVT OHR : VBUS on
#1282274 07.07.2026 23:39:01 : EVT OHR : S:stop 23
#1282275 07.07.2026 23:39:01 : EVT <Unknown> : 1783460341990:Meas stop 0x2123
#1282276 07.07.2026 23:39:02 : EVT PMIC : PMIC Fast-charge constant voltage
#1282277 07.07.2026 23:39:02 : EVT PMIC : VBUS state is ON
#1282278 07.07.2026 23:39:02 : WRN <Unknown> : 1783460341991:FSM EVT STOP.
#1282279 07.07.2026 23:39:02 : EVT OHR : S:OFF 1->0
#1282280 07.07.2026 23:39:05 : EVT OHR : No HR update, invalidate by timer
#1282281 07.07.2026 23:39:05 : TRC FUEL_GAUGE : Chg->1,B:5,C:15.0,V:4420,U:1,bF:100%,bC:100%
#1282282 07.07.2026 23:39:06 : EVT ANALYTICS : Battery-> 2 soc:100
#1282283 07.07.2026 23:39:19 : EVT WBCOMM : P-9 connection made to ECSD00000000
#1282284 07.07.2026 23:39:19 : EVT WBCOMM : New Route: ECSD00000000
#1282285 07.07.2026 23:39:22 : ERR WBMAIN : *0: app 717 Event 36 80005310
#1282286 07.07.2026 23:39:22 : ERR WBMAIN : 1: mea 0 Wait 0 00000000
#1282287 07.07.2026 23:39:22 : ERR WBMAIN : 2: ui 341 Wait 0 00000000
#1282288 07.07.2026 23:39:23 : EVT ANALYTICS : Sync start
#1282289 07.07.2026 23:39:23 : EVT ANALYTICS : Sync start
#1282290 07.07.2026 23:39:23 : WRN WBAPI : eID-691468(277): /Dive/TankPressure/Alarm/Count 404

