#1194670 06.07.2026 00:00:01 : EVT TRAININGLAB : ModeUnsub:2800
#1194671 06.07.2026 00:00:01 : EVT TRAININGLAB : ModeSub:0400
#1194672 06.07.2026 00:00:01 : EVT OHR : S:start 0x2123
#1194673 06.07.2026 00:00:02 : EVT <Unknown> : 1783288801908:Meas start 0x20
#1194674 06.07.2026 00:00:02 : EVT <Unknown> : 1783288801942:Meas start 0x2123
#1194675 06.07.2026 00:00:06 : EVT OHR : No HR update, invalidate by timer
#1194676 06.07.2026 00:02:33 : EVT OHR : new HR update
#1194677 06.07.2026 00:06:03 : ERR <Unknown> : 1783289163824:invalid sleep: 0 2 0.

#1194678 06.07.2026 00:06:03 : EVT SLEEP : GMSLEEP:Got GMSLEEPSTATUS 4
#1194679 06.07.2026 00:06:03 : EVT SLEEP : GMSLEEP:Rest Offset but inv Sleep
#1194680 06.07.2026 00:06:03 : EVT SLEEP : Discard possible sleep
#1194681 06.07.2026 00:06:03 : EVT SLEEP : sleep dur 0 secs; deep 0 light 0 rem 0
#1194682 06.07.2026 00:06:03 : EVT SLEEP : not valid sleep
#1194683 06.07.2026 00:06:04 : ERR <Unknown> : 1783289164424:invalid sleep: 0 2 0.

#1194684 06.07.2026 00:06:05 : EVT SLEEP : GMSLEEP:Got GMSLEEPSTATUS 0
#1194685 06.07.2026 00:06:27 : EVT ANALYTICS : #sf R:5 A:Xiamen-fw_2.53.42.29545-V-8b67dbcf
#1194686 06.07.2026 00:06:29 : WRN WBAPI : eID-691468(277): /Augmented/HeartRate/Average 404
#1194687 06.07.2026 00:06:35 : EVT ANALYTICS : start find phone
#1194688 06.07.2026 00:06:45 : EVT ANALYTICS : find phone TO
#1194689 06.07.2026 00:06:49 : EVT ANALYTICS : stop find phone
#1194690 06.07.2026 00:07:50 : EVT ANALYTICS : #sf R:5 A:Xiamen-fw_2.53.42.29545-V-8b67dbcf
#1194691 06.07.2026 00:10:00 : ERR WBMAIN : *0: app 580 Event 24 80892700
#1194692 06.07.2026 00:10:00 : ERR WBMAIN : 1: mea 1 Event 3 80891701
#1194693 06.07.2026 00:10:00 : ERR WBMAIN : 2: ui 60 Wait 0 00000000
#1194694 06.07.2026 00:19:02 : EVT ANALYTICS : #sf R:5 A:Xiamen-fw_2.53.42.29545-V-8b67dbcf
#1194695 06.07.2026 00:19:05 : EVT ANALYTICS : Weather sync ok d:3600 f:0
#1194696 06.07.2026 00:19:05 : EVT ANALYTICS : synced city:Eglisau
#1194697 06.07.2026 00:19:05 : EVT GPS : Last known coordinate:lat:475781499, lon:85227406
#1194698 06.07.2026 00:37:05 : EVT SLEEP : GMSLEEP:Got GMSLEEPSTATUS 3
#1194699 06.07.2026 00:37:05 : EVT SLEEP : GMSLEEP:Rest Onset, START sleep
#1194700 06.07.2026 00:37:05 : EVT OHR : SUB SpO2 c:8074
#1194701 06.07.2026 00:37:05 : EVT OHR : S:start 0x2133
#1194702 06.07.2026 00:37:05 : EVT SLEEP : sleep start time 0
#1194703 06.07.2026 00:37:05 : EVT <Unknown> : 1783291025189:Meas start 0x2130
#1194704 06.07.2026 00:37:05 : EVT SLEEP : GMSLEEP:Got GMSLEEPSTATUS 1
#1194705 06.07.2026 00:37:25 : EVT <Unknown> : 1783291046098:SpO2 f:1/7/1/0,v:97.13/98.0.
#1194706 06.07.2026 00:37:25 : EVT OHR : UNSUB SpO2 c:8074
#1194707 06.07.2026 00:37:25 : EVT <Unknown> : 1783291046098:SpO2 s:479/0/0,o:97.13/92.98.
#1194708 06.07.2026 00:37:25 : EVT OHR : S:start 0x2123
#1194709 06.07.2026 00:37:27 : EVT <Unknown> : 1783291046136:Meas start 0x2123
#1194710 06.07.2026 00:41:55 : EVT OHR : new HR update
#1194711 06.07.2026 00:41:57 : TRC FUEL_GAUGE : Batt: 4183 mV (raw: 4183) soc: 78 %, T: 32.5 C,H:102
#1194712 06.07.2026 00:57:05 : EVT OHR : SUB SpO2 c:8074
#1194713 06.07.2026 00:57:05 : EVT OHR : S:start 0x2133
#1194714 06.07.2026 00:57:05 : EVT <Unknown> : 1783292225212:Meas start 0x2130
#1194715 06.07.2026 00:57:26 : EVT <Unknown> : 1783292246088:SpO2 f:1/7/1/0,v:96.26/97.0.
#1194716 06.07.2026 00:57:26 : EVT OHR : UNSUB SpO2 c:8074
#1194717 06.07.2026 00:57:26 : EVT <Unknown> : 1783292246088:SpO2 s:479/0/0,o:96.26/92.13.
#1194718 06.07.2026 00:57:26 : EVT OHR : S:start 0x2123
#1194719 06.07.2026 00:57:27 : EVT <Unknown> : 1783292246599:Meas start 0x2123
#1194720 06.07.2026 00:57:35 : EVT OHR : new HR update
#1194721 06.07.2026 01:00:00 : EVT <Unknown> : pwr daily,ontime:1
#1194722 06.07.2026 01:00:00 : EVT WEATHER : t:495358, d:1
#1194723 06.07.2026 01:10:55 : EVT BLE : ANCS #2062409646 S02 C0 f02 t1783300254 s0
#1194724 06.07.2026 01:17:05 : EVT OHR : SUB SpO2 c:8074
#1194725 06.07.2026 01:17:05 : EVT OHR : S:start 0x2133
#1194726 06.07.2026 01:17:05 : EVT OHR : new HR update
#1194727 06.07.2026 01:17:05 : EVT <Unknown> : 1783293425226:Meas start 0x2130
#1194728 06.07.2026 01:17:27 : EVT <Unknown> : 1783293447303:SpO2 f:1/7/1/0,v:97.90/98.0.
#1194729 06.07.2026 01:17:27 : EVT OHR : UNSUB SpO2 c:8074
#1194730 06.07.2026 01:17:27 : EVT <Unknown> : 1783293447303:SpO2 s:479/0/0,o:97.90/94.13.
#1194731 06.07.2026 01:17:27 : EVT OHR : S:start 0x2123
#1194732 06.07.2026 01:17:28 : EVT <Unknown> : 1783293447654:Meas start 0x2123
#1194733 06.07.2026 01:17:36 : EVT OHR : new HR update
#1194734 06.07.2026 01:19:03 : EVT ANALYTICS : #sf R:5 A:Xiamen-fw_2.53.42.29545-V-8b67dbcf
#1194735 06.07.2026 01:19:04 : EVT ANALYTICS : Weather sync ok d:3600 f:0
#1194736 06.07.2026 01:19:04 : EVT ANALYTICS : synced city:Eglisau
#1194737 06.07.2026 01:19:04 : EVT GPS : Last known coordinate:lat:475781505, lon:85227356
#1194738 06.07.2026 01:22:57 : TRC FUEL_GAUGE : batFgLevel cur:77%, prev:78%
#1194739 06.07.2026 01:37:05 : EVT OHR : SUB SpO2 c:8074
#1194740 06.07.2026 01:37:05 : EVT OHR : S:start 0x2133
#1194741 06.07.2026 01:37:05 : EVT OHR : new HR update
#1194742 06.07.2026 01:37:05 : EVT <Unknown> : 1783294625257:Meas start 0x2130
#1194743 06.07.2026 01:38:07 : WRN <Unknown> : 1783294686964:Str2-SpO2 v:96.0/0.0/292/1500.
#1194744 06.07.2026 01:38:07 : EVT OHR : UNSUB SpO2 c:8074
#1194745 06.07.2026 01:38:07 : EVT OHR : S:start 0x2123
#1194746 06.07.2026 01:38:08 : EVT <Unknown> : 1783294687656:Meas start 0x2123
#1194747 06.07.2026 01:38:08 : EVT <Unknown> : 1783294687657:xiaomi reset t:181506307495/181443907806
#1194748 06.07.2026 01:38:11 : ERR <Unknown> : 1783294690866:Mi invalid call:100,code:0.
#1194749 06.07.2026 01:38:17 : ERR <Unknown> : 1783294696903:Mi invalid call:100,code:0.
#1194750 06.07.2026 01:38:17 : EVT OHR : new HR update
#1194751 06.07.2026 01:42:57 : TRC FUEL_GAUGE : Batt: 4180 mV (raw: 4180) soc: 77 %, T: 33.0 C,H:102
#1194752 06.07.2026 01:57:05 : EVT OHR : SUB SpO2 c:8074
#1194753 06.07.2026 01:57:05 : EVT OHR : S:start 0x2133
#1194754 06.07.2026 01:57:05 : EVT OHR : new HR update
#1194755 06.07.2026 01:57:05 : EVT OHR : new HR update
#1194756 06.07.2026 01:57:05 : EVT OHR : new HR update
#1194757 06.07.2026 01:57:05 : EVT <Unknown> : 1783295825462:Meas start 0x2130
#1194758 06.07.2026 01:57:35 : EVT <Unknown> : 1783295855536:SpO2 f:1/5/1/0,v:86.55/87.0.
#1194759 06.07.2026 01:57:35 : EVT OHR : UNSUB SpO2 c:8074
#1194760 06.07.2026 01:57:35 : EVT <Unknown> : 1783295855536:SpO2 s:654/0/0,o:86.55/83.66.
#1194761 06.07.2026 01:57:35 : EVT OHR : S:start 0x2123
#1194762 06.07.2026 01:57:36 : EVT <Unknown> : 1783295855682:Meas start 0x2123
#1194763 06.07.2026 01:57:45 : EVT OHR : new HR update
#1194764 06.07.2026 02:00:00 : ERR WBMAIN : *0: app 547 Event 24 80892700
#1194765 06.07.2026 02:00:00 : ERR WBMAIN : 1: mea 0 Event 3 80891701
#1194766 06.07.2026 02:00:00 : ERR WBMAIN : 2: ui 542 Wait 0 00000000
#1194767 06.07.2026 02:00:00 : EVT <Unknown> : pwr daily,ontime:2
#1194768 06.07.2026 02:00:00 : EVT WEATHER : t:495359, d:1
#1194769 06.07.2026 02:08:55 : WRN BLE : BLE Link 4D00F000 Disc (L-E-:21:0)
#1194770 06.07.2026 02:08:55 : WRN BLE : sendDisconnect 61440
#1194771 06.07.2026 02:08:55 : EVT BLE : State ON->TIMER
#1194772 06.07.2026 02:08:56 : TRC BLE : SVC M/F000 disabled
#1194773 06.07.2026 02:08:56 : EVT WBCOMM : Route lost: ECSD00000003
#1194774 06.07.2026 02:08:56 : EVT BLE : DEV M disconnected
#1194775 06.07.2026 02:08:56 : EVT WBSTORAGE : CACHE_DEFRAG (8->472, 21->21, 25)
#1194776 06.07.2026 02:09:00 : EVT BLE : State TIMER->OFF
#1194777 06.07.2026 02:17:05 : EVT OHR : SUB SpO2 c:8074
#1194778 06.07.2026 02:17:05 : EVT OHR : S:start 0x2133
#1194779 06.07.2026 02:17:05 : EVT OHR : new HR update
#1194780 06.07.2026 02:17:05 : EVT <Unknown> : 1783297025267:Meas start 0x2130
#1194781 06.07.2026 02:17:33 : EVT <Unknown> : 1783297053340:SpO2 f:1/4/1/0,v:87.67/88.0.
#1194782 06.07.2026 02:17:33 : EVT OHR : UNSUB SpO2 c:8074
#1194783 06.07.2026 02:17:33 : EVT <Unknown> : 1783297053340:SpO2 s:654/0/0,o:87.67/82.97.
#1194784 06.07.2026 02:17:33 : EVT OHR : S:start 0x2123
#1194785 06.07.2026 02:17:34 : EVT <Unknown> : 1783297053699:Meas start 0x2123
#1194786 06.07.2026 02:17:43 : EVT OHR : new HR update
#1194787 06.07.2026 02:19:30 : EVT ANALYTICS : Weather sync TO
#1194788 06.07.2026 02:25:57 : EVT BLE : State OFF->START
#1194789 06.07.2026 02:25:57 : EVT BLE : APP 3.0.54/01F7/1.2.10
#1194790 06.07.2026 02:25:57 : EVT BLE : State START->ON
#1194791 06.07.2026 02:25:57 : TRC BLE : BLE Link Restore 4D00F000 (L-Ep:00:0)
#1194792 06.07.2026 02:25:57 : WRN BLE : sendConnect 61440
#1194793 06.07.2026 02:26:00 : EVT BLE : DEV M connected
#1194794 06.07.2026 02:26:00 : TRC BLE : SVC M/F000 enabled
#1194795 06.07.2026 02:26:00 : EVT WBCOMM : P-9 connection made to ECSD00000003
#1194796 06.07.2026 02:26:00 : EVT WBCOMM : New Route: ECSD00000003
#1194797 06.07.2026 02:26:00 : EVT ANALYTICS : BLE-COMM SHWM 108 (01)
#1194798 06.07.2026 02:26:01 : EVT APPLICATION : MCP:remote resources mapped
#1194799 06.07.2026 02:26:05 : ERR WBMAIN : *0: app 1030 Event 36 80005310
#1194800 06.07.2026 02:26:05 : ERR WBMAIN : 1: mea 7 Wait 0 00000000
#1194801 06.07.2026 02:26:05 : ERR WBMAIN : 2: ui 60 Wait 0 00000000
#1194802 06.07.2026 02:26:06 : ERR WBMAIN : *0: app 823 Event 36 80005310
#1194803 06.07.2026 02:26:06 : ERR WBMAIN : 1: mea 13 Wait 0 00000000
#1194804 06.07.2026 02:26:06 : ERR WBMAIN : 2: ui 12 Wait 0 00000000
#1194805 06.07.2026 02:26:15 : EVT APPLICATION : Plugin zzclimen.zip as type:[2]
#1194806 06.07.2026 02:26:17 : ERR WBMAIN : *0: app 1748 Event 36 80005310
#1194807 06.07.2026 02:26:17 : ERR WBMAIN : 1: mea 36 Wait 0 00000000
#1194808 06.07.2026 02:26:17 : ERR WBMAIN : 2: ui 35 Wait 0 00000000
#1194809 06.07.2026 02:26:18 : ERR WBMAIN : *0: app 821 Event 36 80005310
#1194810 06.07.2026 02:26:18 : ERR WBMAIN : 1: mea 1 Wait 0 00000000
#1194811 06.07.2026 02:26:18 : ERR WBMAIN : 2: ui 2 Wait 0 00000000
#1194812 06.07.2026 02:30:04 : EVT ACCELEROMETER : Gyro bias:0.028700 -0.038500 -0.080500
#1194813 06.07.2026 02:37:05 : EVT OHR : SUB SpO2 c:8074
#1194814 06.07.2026 02:37:05 : EVT OHR : S:start 0x2133
#1194815 06.07.2026 02:37:05 : EVT OHR : new HR update
#1194816 06.07.2026 02:37:05 : EVT <Unknown> : 1783298225281:Meas start 0x2130
#1194817 06.07.2026 02:37:26 : EVT <Unknown> : 1783298246191:SpO2 f:1/7/1/0,v:97.25/98.0.
#1194818 06.07.2026 02:37:26 : EVT OHR : UNSUB SpO2 c:8074
#1194819 06.07.2026 02:37:26 : EVT <Unknown> : 1783298246191:SpO2 s:479/0/0,o:97.25/92.81.
#1194820 06.07.2026 02:37:26 : EVT OHR : S:start 0x2123
#1194821 06.07.2026 02:37:27 : EVT <Unknown> : 1783298246710:Meas start 0x2123
#1194822 06.07.2026 02:37:35 : EVT OHR : new HR update
#1194823 06.07.2026 02:43:57 : TRC FUEL_GAUGE : Batt: 4176 mV (raw: 4176) soc: 77 %, T: 32.1 C,H:102
#1194824 06.07.2026 02:57:05 : EVT OHR : SUB SpO2 c:8074
#1194825 06.07.2026 02:57:05 : EVT OHR : S:start 0x2133
#1194826 06.07.2026 02:57:05 : EVT <Unknown> : 1783299425295:Meas start 0x2130
#1194827 06.07.2026 02:58:06 : WRN <Unknown> : 1783299486968:Str2-SpO2 v:96.0/0.0/436/1500.
#1194828 06.07.2026 02:58:06 : EVT OHR : UNSUB SpO2 c:8074
#1194829 06.07.2026 02:58:06 : EVT OHR : S:start 0x2123
#1194830 06.07.2026 02:58:07 : EVT <Unknown> : 1783299487063:Meas start 0x2123
#1194831 06.07.2026 02:58:07 : EVT <Unknown> : 1783299487064:xiaomi reset t:186305714385/186243716613
#1194832 06.07.2026 02:58:10 : ERR <Unknown> : 1783299490673:Mi invalid call:100,code:0.
#1194833 06.07.2026 02:58:15 : EVT OHR : new HR update
#1194834 06.07.2026 02:58:16 : ERR <Unknown> : 1783299496278:Mi invalid call:100,code:0.
#1194835 06.07.2026 03:00:00 : ERR WBMAIN : *0: app 707 Event 24 80892700
#1194836 06.07.2026 03:00:00 : ERR WBMAIN : 1: mea 0 Event 3 80891701
#1194837 06.07.2026 03:00:00 : ERR WBMAIN : 2: ui 702 Wait 0 00000000
#1194838 06.07.2026 03:00:00 : EVT <Unknown> : pwr daily,ontime:3
#1194839 06.07.2026 03:00:00 : EVT WBSTORAGE : CACHE_DEFRAG (304->368, 24->24, 25)
#1194840 06.07.2026 03:00:00 : EVT WEATHER : t:495359, d:2
#1194841 06.07.2026 03:17:05 : EVT OHR : SUB SpO2 c:8074
#1194842 06.07.2026 03:17:05 : EVT OHR : S:start 0x2133
#1194843 06.07.2026 03:17:05 : EVT OHR : new HR update
#1194844 06.07.2026 03:17:05 : EVT <Unknown> : 1783300625309:Meas start 0x2130
#1194845 06.07.2026 03:18:07 : EVT <Unknown> : 1783300687408:SpO2 f:1/7/1/0,v:96.53/97.0.
#1194846 06.07.2026 03:18:07 : EVT OHR : UNSUB SpO2 c:8074
#1194847 06.07.2026 03:18:07 : EVT <Unknown> : 1783300687408:SpO2 s:1454/0/0,o:96.53/70.84.
#1194848 06.07.2026 03:18:07 : EVT OHR : S:start 0x2123
#1194849 06.07.2026 03:18:08 : EVT <Unknown> : 1783300687531:Meas start 0x2123
#1194850 06.07.2026 03:18:08 : EVT <Unknown> : 1783300687532:xiaomi reset t:187506181854/187443663696
#1194851 06.07.2026 03:18:11 : ERR <Unknown> : 1783300691160:Mi invalid call:100,code:0.
#1194852 06.07.2026 03:18:16 : EVT OHR : new HR update
#1194853 06.07.2026 03:18:17 : ERR <Unknown> : 1783300696765:Mi invalid call:100,code:0.
#1194854 06.07.2026 03:19:30 : EVT ANALYTICS : Weather sync TO
#1194855 06.07.2026 03:20:00 : ERR WBMAIN : *0: app 541 Event 24 80892700
#1194856 06.07.2026 03:20:00 : ERR WBMAIN : 1: mea 0 Event 3 80891701
#1194857 06.07.2026 03:20:00 : ERR WBMAIN : 2: ui 536 Wait 0 00000000
#1194858 06.07.2026 03:37:05 : EVT OHR : SUB SpO2 c:8074
#1194859 06.07.2026 03:37:05 : EVT OHR : new HR update
#1194860 06.07.2026 03:37:05 : EVT OHR : S:start 0x2133
#1194861 06.07.2026 03:37:05 : EVT <Unknown> : 1783301825386:Meas start 0x2130
#1194862 06.07.2026 03:37:26 : EVT <Unknown> : 1783301846295:SpO2 f:1/7/1/0,v:97.63/98.0.
#1194863 06.07.2026 03:37:26 : EVT OHR : UNSUB SpO2 c:8074
#1194864 06.07.2026 03:37:26 : EVT <Unknown> : 1783301846295:SpO2 s:479/0/0,o:97.63/93.27.
#1194865 06.07.2026 03:37:26 : EVT OHR : S:start 0x2123
#1194866 06.07.2026 03:37:27 : EVT <Unknown> : 1783301847109:Meas start 0x2123
#1194867 06.07.2026 03:37:36 : EVT OHR : new HR update
#1194868 06.07.2026 03:44:57 : TRC FUEL_GAUGE : Batt: 4173 mV (raw: 4173) soc: 77 %, T: 32.3 C,H:102
#1194869 06.07.2026 03:57:05 : EVT OHR : SUB SpO2 c:8074
#1194870 06.07.2026 03:57:05 : EVT OHR : S:start 0x2133
#1194871 06.07.2026 03:57:06 : EVT <Unknown> : 1783303025337:Meas start 0x2130
#1194872 06.07.2026 03:57:28 : EVT <Unknown> : 1783303047409:SpO2 f:1/7/1/0,v:97.57/98.0.
#1194873 06.07.2026 03:57:28 : EVT OHR : UNSUB SpO2 c:8074
#1194874 06.07.2026 03:57:28 : EVT <Unknown> : 1783303047409:SpO2 s:504/0/0,o:97.57/93.41.
#1194875 06.07.2026 03:57:28 : EVT <Unknown> : 1783303048214:SpO2 f:1/7/1/0,v:97.57/98.0.
#1194876 06.07.2026 03:57:28 : EVT <Unknown> : 1783303048214:SpO2 s:529/0/0,o:97.62/93.41.
#1194877 06.07.2026 03:57:28 : EVT OHR : S:start 0x2123
#1194878 06.07.2026 03:57:29 : EVT <Unknown> : 1783303048360:Meas start 0x2123
#1194879 06.07.2026 03:57:37 : EVT OHR : new HR update
#1194880 06.07.2026 04:00:00 : EVT <Unknown> : pwr daily,ontime:4
#1194881 06.07.2026 04:00:00 : EVT WBSTORAGE : CACHE_DEFRAG (256->352, 24->24, 25)
#1194882 06.07.2026 04:00:00 : EVT WEATHER : t:495359, d:3
#1194883 06.07.2026 04:07:37 : WRN BLE : BLE Link 4D00F000 Disc (L-E-:21:0)
#1194884 06.07.2026 04:07:37 : WRN BLE : sendDisconnect 61440
#1194885 06.07.2026 04:07:37 : EVT BLE : State ON->TIMER
#1194886 06.07.2026 04:07:37 : TRC BLE : SVC M/F000 disabled
#1194887 06.07.2026 04:07:37 : EVT WBCOMM : Route lost: ECSD00000003
#1194888 06.07.2026 04:07:37 : EVT BLE : DEV M disconnected
#1194889 06.07.2026 04:07:42 : EVT BLE : State TIMER->OFF
#1194890 06.07.2026 04:14:30 : EVT BLE : State OFF->START
#1194891 06.07.2026 04:14:30 : EVT BLE : APP 3.0.54/01F7/1.2.10
#1194892 06.07.2026 04:14:30 : EVT BLE : State START->ON
#1194893 06.07.2026 04:14:30 : TRC BLE : BLE Link Restore 4D00F000 (L-Ep:00:0)
#1194894 06.07.2026 04:14:30 : WRN BLE : sendConnect 61440
#1194895 06.07.2026 04:15:09 : EVT BLE : DEV M connected
#1194896 06.07.2026 04:15:09 : TRC BLE : SVC M/F000 enabled
#1194897 06.07.2026 04:15:09 : EVT WBCOMM : P-9 connection made to ECSD00000003
#1194898 06.07.2026 04:15:09 : EVT WBCOMM : New Route: ECSD00000003
#1194899 06.07.2026 04:15:09 : EVT APPLICATION : MCP:remote resources mapped
#1194900 06.07.2026 04:15:13 : ERR WBMAIN : *0: app 1025 Event 36 80005310
#1194901 06.07.2026 04:15:13 : ERR WBMAIN : 1: mea 70 Wait 0 00000000
#1194902 06.07.2026 04:15:13 : ERR WBMAIN : 2: ui 69 Wait 0 00000000
#1194903 06.07.2026 04:15:14 : ERR WBMAIN : *0: app 818 Event 36 80005310
#1194904 06.07.2026 04:15:14 : ERR WBMAIN : 1: mea 83 Wait 0 00000000
#1194905 06.07.2026 04:15:14 : ERR WBMAIN : 2: ui 83 Wait 0 00000000
#1194906 06.07.2026 04:15:23 : EVT APPLICATION : Plugin zzclimen.zip as type:[2]
#1194907 06.07.2026 04:15:25 : ERR WBMAIN : *0: app 1756 Event 36 80005310
#1194908 06.07.2026 04:15:25 : ERR WBMAIN : 1: mea 1 Wait 0 00000000
#1194909 06.07.2026 04:15:25 : ERR WBMAIN : 2: ui 0 Wait 0 00000000
#1194910 06.07.2026 04:15:25 : ERR WBMAIN : *0: app 820 Event 36 80005310
#1194911 06.07.2026 04:15:25 : ERR WBMAIN : 1: mea 25 Wait 0 00000000
#1194912 06.07.2026 04:15:25 : ERR WBMAIN : 2: ui 24 Wait 0 00000000
#1194913 06.07.2026 04:17:05 : EVT OHR : SUB SpO2 c:8074
#1194914 06.07.2026 04:17:05 : EVT OHR : S:start 0x2133
#1194915 06.07.2026 04:17:05 : EVT OHR : new HR update
#1194916 06.07.2026 04:17:05 : EVT <Unknown> : 1783304225403:Meas start 0x2130
#1194917 06.07.2026 04:17:26 : EVT <Unknown> : 1783304246312:SpO2 f:1/7/1/0,v:97.94/98.0.
#1194918 06.07.2026 04:17:26 : EVT OHR : UNSUB SpO2 c:8074
#1194919 06.07.2026 04:17:26 : EVT <Unknown> : 1783304246312:SpO2 s:479/0/0,o:97.94/94.27.
#1194920 06.07.2026 04:17:26 : EVT OHR : S:start 0x2123
#1194921 06.07.2026 04:17:27 : EVT <Unknown> : 1783304246571:Meas start 0x2123
#1194922 06.07.2026 04:17:36 : EVT OHR : new HR update
#1194923 06.07.2026 04:19:30 : EVT ANALYTICS : Weather sync TO
#1194924 06.07.2026 04:20:00 : ERR WBMAIN : *0: app 664 Event 24 80892700
#1194925 06.07.2026 04:20:00 : ERR WBMAIN : 1: mea 0 Event 3 80891701
#1194926 06.07.2026 04:20:00 : ERR WBMAIN : 2: ui 659 Wait 0 00000000
#1194927 06.07.2026 04:22:00 : EVT WBSTORAGE : CACHE_DEFRAG (240->248, 24->24, 25)
#1194928 06.07.2026 04:22:00 : EVT <Unknown> : dl emphemerides data
#1194929 06.07.2026 04:22:00 : EVT <Unknown> : dl satellite 0
#1194930 06.07.2026 04:22:00 : EVT WIFI : Pwr up
#1194931 06.07.2026 04:22:06 : EVT WIFI : pwr up
#1194932 06.07.2026 04:22:06 : EVT WIFI : SDK Ver(3.2.8.1)
#1194933 06.07.2026 04:22:07 : EVT WIFI : Scann APs (1/3)
#1194934 06.07.2026 04:22:07 : EVT WIFI : APs scanned:5
#1194935 06.07.2026 04:22:07 : EVT WBSTORAGE : CACHE_DEFRAG (232->288, 24->24, 25)
#1194936 06.07.2026 04:22:07 : WRN WIFI : No APs matched to connect
#1194937 06.07.2026 04:22:07 : EVT WIFI : Scann APs (2/3)
#1194938 06.07.2026 04:22:08 : EVT WIFI : APs scanned:6
#1194939 06.07.2026 04:22:08 : WRN WIFI : No APs matched to connect
#1194940 06.07.2026 04:22:08 : EVT WIFI : Scann APs (3/3)
#1194941 06.07.2026 04:22:09 : EVT WIFI : APs scanned:7
#1194942 06.07.2026 04:22:09 : WRN WIFI : No APs matched to connect
#1194943 06.07.2026 04:22:09 : EVT WIFI : Internal connect ret:103
#1194944 06.07.2026 04:22:09 : EVT ANALYTICS : WifiDl eph fail r:4 v:200
#1194945 06.07.2026 04:22:09 : EVT <Unknown> : dl ephemerides done
#1194946 06.07.2026 04:22:22 : EVT WIFI : Pwr down idle wifi (TO:13se)
#1194947 06.07.2026 04:22:22 : EVT WIFI : pwr down OK
#1194948 06.07.2026 04:23:00 : EVT <Unknown> : dl start
#1194949 06.07.2026 04:23:00 : EVT <Unknown> : Url:https://weather.sports-tracker.com/weather/watch/com
#1194950 06.07.2026 04:23:00 : EVT WBSTORAGE : CACHE_DEFRAG (248->256, 24->24, 25)
#1194951 06.07.2026 04:23:00 : EVT WIFI : Pwr up
#1194952 06.07.2026 04:23:06 : EVT WIFI : pwr up
#1194953 06.07.2026 04:23:06 : EVT WIFI : SDK Ver(3.2.8.1)
#1194954 06.07.2026 04:23:06 : EVT WIFI : Scann APs (1/3)
#1194955 06.07.2026 04:23:07 : EVT WIFI : APs scanned:6
#1194956 06.07.2026 04:23:07 : WRN WIFI : No APs matched to connect
#1194957 06.07.2026 04:23:07 : EVT WIFI : Scann APs (2/3)
#1194958 06.07.2026 04:23:08 : EVT WIFI : APs scanned:4
#1194959 06.07.2026 04:23:08 : WRN WIFI : No APs matched to connect
#1194960 06.07.2026 04:23:08 : EVT WIFI : Scann APs (3/3)
#1194961 06.07.2026 04:23:09 : EVT WIFI : APs scanned:7
#1194962 06.07.2026 04:23:09 : WRN WIFI : No APs matched to connect
#1194963 06.07.2026 04:23:09 : EVT WIFI : Internal connect ret:103
#1194964 06.07.2026 04:23:09 : ERR <Unknown> : dl:(500, 200)
#1194965 06.07.2026 04:23:22 : EVT WIFI : Pwr down idle wifi (TO:13se)
#1194966 06.07.2026 04:23:22 : EVT WIFI : pwr down OK
#1194967 06.07.2026 04:23:57 : TRC FUEL_GAUGE : batFgLevel cur:76%, prev:77%
#1194968 06.07.2026 04:37:05 : EVT OHR : SUB SpO2 c:8074
#1194969 06.07.2026 04:37:05 : EVT OHR : S:start 0x2133
#1194970 06.07.2026 04:37:05 : EVT <Unknown> : 1783305425365:Meas start 0x2130
#1194971 06.07.2026 04:37:26 : EVT <Unknown> : 1783305446281:SpO2 f:1/7/1/0,v:96.01/97.0.
#1194972 06.07.2026 04:37:26 : EVT OHR : UNSUB SpO2 c:8074
#1194973 06.07.2026 04:37:26 : EVT <Unknown> : 1783305446281:SpO2 s:479/0/0,o:96.01/91.36.
#1194974 06.07.2026 04:37:26 : EVT OHR : S:start 0x2123
#1194975 06.07.2026 04:37:27 : EVT <Unknown> : 1783305446587:Meas start 0x2123
#1194976 06.07.2026 04:37:37 : EVT OHR : new HR update
#1194977 06.07.2026 04:45:57 : TRC FUEL_GAUGE : Batt: 4169 mV (raw: 4170) soc: 76 %, T: 31.7 C,H:102
#1194978 06.07.2026 04:57:05 : EVT OHR : SUB SpO2 c:8074
#1194979 06.07.2026 04:57:05 : EVT OHR : S:start 0x2133
#1194980 06.07.2026 04:57:05 : EVT OHR : new HR update
#1194981 06.07.2026 04:57:05 : EVT <Unknown> : 1783306625619:Meas start 0x2130
#1194982 06.07.2026 04:57:26 : EVT <Unknown> : 1783306646535:SpO2 f:1/7/1/0,v:96.04/97.0.
#1194983 06.07.2026 04:57:26 : EVT OHR : UNSUB SpO2 c:8074
#1194984 06.07.2026 04:57:26 : EVT <Unknown> : 1783306646535:SpO2 s:479/0/0,o:96.04/91.45.
#1194985 06.07.2026 04:57:26 : EVT OHR : S:start 0x2123
#1194986 06.07.2026 04:57:27 : EVT <Unknown> : 1783306646710:Meas start 0x2123
#1194987 06.07.2026 04:57:33 : EVT OHR : new HR update
#1194988 06.07.2026 05:00:00 : ERR WBMAIN : *0: app 553 Event 24 80892700
#1194989 06.07.2026 05:00:00 : ERR WBMAIN : 1: mea 0 Event 3 80891701
#1194990 06.07.2026 05:00:00 : ERR WBMAIN : 2: ui 548 Wait 0 00000000
#1194991 06.07.2026 05:00:00 : EVT <Unknown> : pwr daily,ontime:5
#1194992 06.07.2026 05:00:00 : EVT WBSTORAGE : CACHE_DEFRAG (224->312, 24->24, 25)
#1194993 06.07.2026 05:00:00 : EVT WEATHER : t:495359, d:4
#1194994 06.07.2026 05:17:05 : EVT OHR : SUB SpO2 c:8074
#1194995 06.07.2026 05:17:05 : EVT OHR : S:start 0x2133
#1194996 06.07.2026 05:17:05 : EVT <Unknown> : 1783307825393:Meas start 0x2130
#1194997 06.07.2026 05:17:26 : EVT <Unknown> : 1783307846270:SpO2 f:1/7/1/0,v:97.82/98.0.
#1194998 06.07.2026 05:17:26 : EVT OHR : UNSUB SpO2 c:8074
#1194999 06.07.2026 05:17:26 : EVT <Unknown> : 1783307846270:SpO2 s:479/0/0,o:97.82/94.36.
#1195000 06.07.2026 05:17:26 : EVT OHR : S:start 0x2123
#1195001 06.07.2026 05:17:27 : EVT <Unknown> : 1783307847162:Meas start 0x2123
#1195002 06.07.2026 05:17:36 : EVT OHR : new HR update
#1195003 06.07.2026 05:19:30 : EVT ANALYTICS : Weather sync TO
#1195004 06.07.2026 05:20:00 : ERR WBMAIN : *0: app 577 Event 24 80892700
#1195005 06.07.2026 05:20:00 : ERR WBMAIN : 1: mea 0 Event 3 80891701
#1195006 06.07.2026 05:20:00 : ERR WBMAIN : 2: ui 572 Wait 0 00000000
#1195007 06.07.2026 05:37:05 : EVT OHR : SUB SpO2 c:8074
#1195008 06.07.2026 05:37:05 : EVT OHR : S:start 0x2133
#1195009 06.07.2026 05:37:06 : EVT <Unknown> : 1783309025410:Meas start 0x2130
#1195010 06.07.2026 05:37:26 : EVT <Unknown> : 1783309046286:SpO2 f:1/7/1/0,v:95.68/96.0.
#1195011 06.07.2026 05:37:26 : EVT OHR : UNSUB SpO2 c:8074
#1195012 06.07.2026 05:37:26 : EVT <Unknown> : 1783309046286:SpO2 s:479/0/0,o:95.68/91.58.
#1195013 06.07.2026 05:37:26 : EVT OHR : S:start 0x2123
#1195014 06.07.2026 05:37:27 : EVT <Unknown> : 1783309046422:Meas start 0x2123
#1195015 06.07.2026 05:37:36 : EVT OHR : new HR update
#1195016 06.07.2026 05:46:57 : TRC FUEL_GAUGE : Batt: 4167 mV (raw: 4167) soc: 76 %, T: 33.4 C,H:102
#1195017 06.07.2026 05:57:05 : EVT OHR : SUB SpO2 c:8074
#1195018 06.07.2026 05:57:05 : EVT OHR : S:start 0x2133
#1195019 06.07.2026 05:57:05 : EVT <Unknown> : 1783310225434:Meas start 0x2130
#1195020 06.07.2026 05:57:26 : EVT <Unknown> : 1783310246317:SpO2 f:1/7/1/0,v:97.53/98.0.
#1195021 06.07.2026 05:57:26 : EVT OHR : UNSUB SpO2 c:8074
#1195022 06.07.2026 05:57:26 : EVT <Unknown> : 1783310246317:SpO2 s:479/0/0,o:97.53/93.28.
#1195023 06.07.2026 05:57:26 : EVT OHR : S:start 0x2123
#1195024 06.07.2026 05:57:27 : EVT <Unknown> : 1783310246850:Meas start 0x2123
#1195025 06.07.2026 05:57:36 : EVT OHR : new HR update
#1195026 06.07.2026 06:00:00 : EVT <Unknown> : pwr daily,ontime:6
#1195027 06.07.2026 06:00:00 : EVT WEATHER : t:495359, d:5
#1195028 06.07.2026 06:17:05 : EVT OHR : SUB SpO2 c:8074
#1195029 06.07.2026 06:17:05 : EVT OHR : S:start 0x2133
#1195030 06.07.2026 06:17:05 : EVT OHR : new HR update
#1195031 06.07.2026 06:17:05 : EVT <Unknown> : 1783311425462:Meas start 0x2130
#1195032 06.07.2026 06:17:26 : EVT <Unknown> : 1783311446345:SpO2 f:1/7/1/0,v:97.07/98.0.
#1195033 06.07.2026 06:17:26 : EVT OHR : UNSUB SpO2 c:8074
#1195034 06.07.2026 06:17:26 : EVT <Unknown> : 1783311446345:SpO2 s:479/0/0,o:97.07/92.79.
#1195035 06.07.2026 06:17:26 : EVT OHR : S:start 0x2123
#1195036 06.07.2026 06:17:27 : EVT <Unknown> : 1783311446961:Meas start 0x2123
#1195037 06.07.2026 06:17:36 : EVT OHR : new HR update
#1195038 06.07.2026 06:19:30 : EVT ANALYTICS : Weather sync TO
#1195039 06.07.2026 06:20:00 : ERR WBMAIN : *0: app 825 Event 24 80892700
#1195040 06.07.2026 06:20:00 : ERR WBMAIN : 1: mea 0 Event 3 80891701
#1195041 06.07.2026 06:20:00 : ERR WBMAIN : 2: ui 820 Wait 0 00000000
#1195042 06.07.2026 06:37:05 : EVT OHR : SUB SpO2 c:8074
#1195043 06.07.2026 06:37:05 : EVT OHR : S:start 0x2133
#1195044 06.07.2026 06:37:05 : EVT <Unknown> : 1783312625573:Meas start 0x2130
#1195045 06.07.2026 06:37:26 : EVT <Unknown> : 1783312646456:SpO2 f:1/7/1/0,v:96.76/97.0.
#1195046 06.07.2026 06:37:26 : EVT OHR : UNSUB SpO2 c:8074
#1195047 06.07.2026 06:37:26 : EVT <Unknown> : 1783312646456:SpO2 s:479/0/0,o:96.76/92.59.
#1195048 06.07.2026 06:37:26 : EVT OHR : S:start 0x2123
#1195049 06.07.2026 06:37:27 : EVT <Unknown> : 1783312647320:Meas start 0x2123
#1195050 06.07.2026 06:37:36 : EVT OHR : new HR update
#1195051 06.07.2026 06:46:57 : TRC FUEL_GAUGE : Batt: 4164 mV (raw: 4162) soc: 76 %, T: 32.6 C,H:102
#1195052 06.07.2026 06:57:05 : EVT OHR : SUB SpO2 c:8074
#1195053 06.07.2026 06:57:05 : EVT OHR : S:start 0x2133
#1195054 06.07.2026 06:57:06 : EVT <Unknown> : 1783313825461:Meas start 0x2130
#1195055 06.07.2026 06:57:26 : EVT <Unknown> : 1783313846336:SpO2 f:1/7/1/0,v:96.62/97.0.
#1195056 06.07.2026 06:57:26 : EVT OHR : UNSUB SpO2 c:8074
#1195057 06.07.2026 06:57:26 : EVT <Unknown> : 1783313846336:SpO2 s:479/0/0,o:96.62/92.82.
#1195058 06.07.2026 06:57:26 : EVT OHR : S:start 0x2123
#1195059 06.07.2026 06:57:27 : EVT <Unknown> : 1783313846474:Meas start 0x2123
#1195060 06.07.2026 06:57:36 : EVT OHR : new HR update
#1195061 06.07.2026 07:00:00 : EVT <Unknown> : pwr daily,ontime:7
#1195062 06.07.2026 07:00:00 : EVT WBSTORAGE : CACHE_DEFRAG (200->272, 24->24, 25)
#1195063 06.07.2026 07:00:00 : EVT WEATHER : t:495359, d:6
#1195064 06.07.2026 07:12:03 : EVT SLEEP : GMSLEEP:Got GMSLEEPSTATUS 28
#1195065 06.07.2026 07:12:03 : EVT SLEEP : GMSLEEP:Rest Offset + Valid Sleep
#1195066 06.07.2026 07:12:04 : EVT SLEEP : GMSLEEP:Got GMSLEEPSTATUS 0
#1195067 06.07.2026 07:12:05 : EVT <Unknown> : 1783314724640:T:1,sS:1783290660,eS:1783314600,SS:798
#1195068 06.07.2026 07:12:05 : EVT SLEEP : GMSLEEP:Got Sleep Summary, type == 1
#1195069 06.07.2026 07:12:05 : EVT <Unknown> : 1783314724640:GMV 20251126/1/4/0/395/46
#1195070 06.07.2026 07:12:05 : EVT SLEEP : GMSLEEP:Start-End TS 1783290660-1783314600, dur 23940
#1195071 06.07.2026 07:12:05 : EVT SLEEP : GMSLEEP:SOL 0, WASO 0, WBOB 0
#1195072 06.07.2026 07:12:05 : EVT <Unknown> : 1783314724641:ST:1783290660,FT:1783314600,nM:399
#1195073 06.07.2026 07:12:05 : EVT <Unknown> : 1783314724641:tT:399.0,w:0.0,sP:399.0
#1195074 06.07.2026 07:12:05 : EVT <Unknown> : 1783314724641:wR:0.0,r:0.260652,lR:0.522556,wM:0.0
#1195075 06.07.2026 07:12:05 : EVT <Unknown> : 1783314724641:wM:0.0,rM:104.0,lM:208.500000
#1195076 06.07.2026 07:12:05 : EVT <Unknown> : 1783314724641:dM:86.500000,sc:78.540878
#1195077 06.07.2026 07:12:05 : EVT SLEEP : GMSLEEP:Got 160 of 798 sleep stages
#1195078 06.07.2026 07:12:05 : EVT SLEEP : GMSLEEP:Got 320 of 798 sleep stages
#1195079 06.07.2026 07:12:05 : EVT SLEEP : GMSLEEP:Got 480 of 798 sleep stages
#1195080 06.07.2026 07:12:05 : EVT SLEEP : GMSLEEP:Got 640 of 798 sleep stages
#1195081 06.07.2026 07:12:05 : EVT SLEEP : GMSLEEP:Got 798 of 798 sleep stages
#1195082 06.07.2026 07:12:05 : EVT SLEEP : sleep dur 23940 secs; deep 5190 light 12510 rem 6240
#1195083 06.07.2026 07:12:05 : EVT SLEEP : SleepQ:DetectedSleepType:Long Sleep
#1195084 06.07.2026 07:12:05 : EVT SLEEP : SleepQ:SleepQuality:79 %
#1195085 06.07.2026 07:12:05 : EVT SLEEP : SleepQ:AverageHeartRate:54 bpm
#1195086 06.07.2026 07:12:05 : EVT SLEEP : SleepQ:MinimumHeartRate:51 bpm
#1195087 06.07.2026 07:12:05 : EVT SLEEP : SleepQ:MaximumSpO2:98 %
#1195088 06.07.2026 07:12:05 : EVT SLEEP : SleepQ:Altitude:404 m
#1195089 06.07.2026 07:12:05 : EVT SLEEP : SleepQ:AverageHrvRmssd:59 ms
#1195090 06.07.2026 07:12:05 : EVT SLEEP : SleepQ:AverageHrvCount:72
#1195091 06.07.2026 07:12:05 : EVT SLEEP : SleepQ:FallAsleepTime:00:31.00
#1195092 06.07.2026 07:12:05 : EVT SLEEP : SleepQ:WakeUpTime:07:10.00
#1195093 06.07.2026 07:12:05 : EVT SLEEP : SleepQ:TotalSleepDuration:6:39.00
#1195094 06.07.2026 07:12:05 : EVT SLEEP : SleepQ:DeepSleepDur:1:26.30
#1195095 06.07.2026 07:12:05 : EVT SLEEP : SleepQ:LightSleepDur:3:28.30
#1195096 06.07.2026 07:12:05 : EVT SLEEP : SleepQ:RemSleepDur:1:44.00
#1195097 06.07.2026 07:12:05 : EVT SLEEP : SleepQ:AwakeMidSleepDur:0:00.00
#1195098 06.07.2026 07:12:05 : EVT WBSTORAGE : CACHE_DEFRAG (160->336, 23->23, 25)
#1195099 06.07.2026 07:19:02 : EVT SLEEP : sleep backup file created count 1
#1195100 06.07.2026 07:19:02 : EVT SLEEP : sleepstages backup file created count 19
#1195101 06.07.2026 07:19:30 : EVT ANALYTICS : Weather sync TO
#1195102 06.07.2026 07:21:03 : EVT SLEEP : GMSLEEP:Got GMSLEEPSTATUS 3
#1195103 06.07.2026 07:21:03 : EVT SLEEP : GMSLEEP:Rest Onset, START sleep
#1195104 06.07.2026 07:21:03 : EVT OHR : SUB SpO2 c:8074
#1195105 06.07.2026 07:21:03 : EVT OHR : S:start 0x2133
#1195106 06.07.2026 07:21:03 : EVT SLEEP : sleep start time 0
#1195107 06.07.2026 07:21:04 : EVT <Unknown> : 1783315263839:Meas start 0x2130
#1195108 06.07.2026 07:21:04 : EVT SLEEP : GMSLEEP:Got GMSLEEPSTATUS 1
#1195109 06.07.2026 07:21:24 : EVT <Unknown> : 1783315284755:SpO2 f:1/7/1/0,v:97.51/98.0.
#1195110 06.07.2026 07:21:24 : EVT OHR : UNSUB SpO2 c:8074
#1195111 06.07.2026 07:21:24 : EVT <Unknown> : 1783315284755:SpO2 s:479/0/0,o:97.51/93.30.
#1195112 06.07.2026 07:21:24 : EVT OHR : S:start 0x2123
#1195113 06.07.2026 07:21:25 : EVT <Unknown> : 1783315284893:Meas start 0x2123
#1195114 06.07.2026 07:26:04 : EVT OHR : new HR update
#1195115 06.07.2026 07:30:00 : EVT SLEEP : DND OFF
#1195116 06.07.2026 07:30:00 : EVT BRIGHTNESS : Custom state pwr:[1,-1] bri:[-1.00,-1.00]
#1195117 06.07.2026 07:30:05 : EVT BRIGHTNESS : Custom state pwr:[-1,-1] bri:[-1.00,-1.00]
#1195118 06.07.2026 07:30:05 : EVT WBSTORAGE : CACHE_DEFRAG (96->208, 23->23, 25)
#1195119 06.07.2026 07:32:00 : EVT SLEEP : GMSLEEP:Got GMSLEEPSTATUS 28
#1195120 06.07.2026 07:32:00 : EVT SLEEP : GMSLEEP:Rest Offset + Valid Sleep
#1195121 06.07.2026 07:32:01 : EVT SLEEP : GMSLEEP:Got GMSLEEPSTATUS 0
#1195122 06.07.2026 07:32:02 : EVT <Unknown> : 1783315922291:T:1,sS:1783290660,eS:1783315800,SS:838
#1195123 06.07.2026 07:32:02 : EVT SLEEP : GMSLEEP:Got Sleep Summary, type == 1
#1195124 06.07.2026 07:32:02 : EVT <Unknown> : 1783315922291:GMV 20251126/1/4/0/395/46
#1195125 06.07.2026 07:32:02 : EVT SLEEP : GMSLEEP:Start-End TS 1783290660-1783315800, dur 25140
#1195126 06.07.2026 07:32:02 : EVT SLEEP : GMSLEEP:SOL 0, WASO 0, WBOB 0
#1195127 06.07.2026 07:32:02 : EVT <Unknown> : 1783315922291:ST:1783290660,FT:1783315800,nM:419
#1195128 06.07.2026 07:32:02 : EVT <Unknown> : 1783315922291:tT:419.0,w:0.0,sP:419.0
#1195129 06.07.2026 07:32:02 : EVT <Unknown> : 1783315922291:wR:0.0,r:0.248210,lR:0.545346,wM:0.0
#1195130 06.07.2026 07:32:02 : EVT <Unknown> : 1783315922291:wM:0.0,rM:104.0,lM:228.500000
#1195131 06.07.2026 07:32:02 : EVT <Unknown> : 1783315922291:dM:86.500000,sc:81.308945
#1195132 06.07.2026 07:32:02 : EVT SLEEP : GMSLEEP:Got 160 of 838 sleep stages
#1195133 06.07.2026 07:32:02 : EVT SLEEP : GMSLEEP:Got 320 of 838 sleep stages
#1195134 06.07.2026 07:32:02 : EVT SLEEP : GMSLEEP:Got 480 of 838 sleep stages
#1195135 06.07.2026 07:32:02 : EVT SLEEP : GMSLEEP:Got 640 of 838 sleep stages
#1195136 06.07.2026 07:32:02 : EVT SLEEP : GMSLEEP:Got 800 of 838 sleep stages
#1195137 06.07.2026 07:32:02 : EVT SLEEP : GMSLEEP:Got 838 of 838 sleep stages
#1195138 06.07.2026 07:32:02 : EVT SLEEP : sleep dur 25140 secs; deep 5190 light 13710 rem 6240
#1195139 06.07.2026 07:32:02 : EVT SLEEP : SleepQ:DetectedSleepType:Long Sleep
#1195140 06.07.2026 07:32:02 : EVT SLEEP : SleepQ:SleepQuality:81 %
#1195141 06.07.2026 07:32:02 : EVT SLEEP : SleepQ:AverageHeartRate:55 bpm
#1195142 06.07.2026 07:32:02 : EVT SLEEP : SleepQ:MinimumHeartRate:51 bpm
#1195143 06.07.2026 07:32:02 : EVT SLEEP : SleepQ:MaximumSpO2:98 %
#1195144 06.07.2026 07:32:02 : EVT SLEEP : SleepQ:Altitude:404 m
#1195145 06.07.2026 07:32:02 : EVT SLEEP : SleepQ:AverageHrvRmssd:255 ms
#1195146 06.07.2026 07:32:02 : EVT SLEEP : SleepQ:AverageHrvCount:0
#1195147 06.07.2026 07:32:02 : EVT SLEEP : SleepQ:FallAsleepTime:00:31.00
#1195148 06.07.2026 07:32:02 : EVT SLEEP : SleepQ:WakeUpTime:07:30.00
#1195149 06.07.2026 07:32:02 : EVT SLEEP : SleepQ:TotalSleepDuration:6:59.00
#1195150 06.07.2026 07:32:02 : EVT SLEEP : SleepQ:DeepSleepDur:1:26.30
#1195151 06.07.2026 07:32:02 : EVT SLEEP : SleepQ:LightSleepDur:3:48.30
#1195152 06.07.2026 07:32:02 : EVT SLEEP : SleepQ:RemSleepDur:1:44.00
#1195153 06.07.2026 07:32:02 : EVT SLEEP : SleepQ:AwakeMidSleepDur:0:00.00
#1195154 06.07.2026 07:32:02 : EVT ANALYTICS : WakeUpDet 07:30.00 > SleepSumm 07:32.02 > Notif 07:32.02
#1195155 06.07.2026 07:32:03 : WRN WBAPI : eID-691468(277): /Outdoor/SunEvent/Next.event 404
#1195156 06.07.2026 07:32:03 : EVT UI_FRAMEWORK : JS sl-hello onActivate, is_close: 0
#1195157 06.07.2026 07:32:29 : EVT ACCELEROMETER : Gyro bias:-0.156100 0.017500 -0.096600
#1195158 06.07.2026 07:32:31 : EVT ACCELEROMETER : Gyro bias:-0.259700 -0.030100 -0.100800
#1195159 06.07.2026 07:32:33 : EVT ACCELEROMETER : Gyro bias:-0.232400 0.018200 -0.046200
#1195160 06.07.2026 07:37:03 : EVT APPLICATION : Zapp zwc05901:Disable
#1195161 06.07.2026 07:37:03 : EVT ANALYTICS : Zapp disabled i:3 h:ddb248f2 n:Vector classic
#1195162 06.07.2026 07:37:03 : TRC APPLICATION : The zapp watch face was closed due to TO
#1195163 06.07.2026 07:40:00 : ERR WBMAIN : *0: app 654 Event 24 80892700
#1195164 06.07.2026 07:40:00 : ERR WBMAIN : 1: mea 0 Event 3 80891701
#1195165 06.07.2026 07:40:00 : ERR WBMAIN : 2: ui 77 Wait 0 00000000
#1195166 06.07.2026 07:40:23 : EVT BLE : ANCS #1265461366 S02 C6 f02 t1783323622 s30
#1195167 06.07.2026 07:40:23 : EVT BRIGHTNESS : Custom state pwr:[3,-1] bri:[-1.00,-1.00]
#1195168 06.07.2026 07:40:24 : WRN WBAPI : eID-691468(277): /Outdoor/SunEvent/Next.event 404
#1195169 06.07.2026 07:40:24 : EVT UI_FRAMEWORK : JS sl-hello onActivate, is_close: 0
#1195170 06.07.2026 07:40:24 : EVT BRIGHTNESS : Custom state pwr:[-1,-1] bri:[-1.00,-1.00]
#1195171 06.07.2026 07:42:20 : EVT OHR : No HR update, invalidate by timer
#1195172 06.07.2026 07:42:25 : ERR <Unknown> : 1783316546256:Hr_out conf_low:89/10.
#1195173 06.07.2026 07:42:45 : EVT OHR : new HR update
#1195174 06.07.2026 07:42:54 : EVT OHR : No HR update, invalidate by timer
#1195175 06.07.2026 07:42:59 : ERR <Unknown> : 1783316580230:Hr_out conf_low:87/10.
#1195176 06.07.2026 07:43:00 : EVT SEDENTARY : stop monitoring
#1195177 06.07.2026 07:43:03 : EVT OHR : new HR update
#1195178 06.07.2026 07:45:29 : EVT BLE : ANCS #629289094 S02 C6 f02 t1783323929 s30
#1195179 06.07.2026 07:45:29 : EVT BRIGHTNESS : Custom state pwr:[3,-1] bri:[-1.00,-1.00]
#1195180 06.07.2026 07:45:29 : WRN WBAPI : eID-691468(277): /Outdoor/SunEvent/Next.event 404
#1195181 06.07.2026 07:45:30 : EVT UI_FRAMEWORK : JS sl-hello onActivate, is_close: 0
#1195182 06.07.2026 07:45:30 : EVT BRIGHTNESS : Custom state pwr:[-1,-1] bri:[-1.00,-1.00]
#1195183 06.07.2026 07:47:57 : TRC FUEL_GAUGE : Batt: 4160 mV (raw: 4161) soc: 76 %, T: 30.9 C,H:102
#1195184 06.07.2026 07:50:00 : ERR WBMAIN : *0: app 879 Event 24 80892700
#1195185 06.07.2026 07:50:00 : ERR WBMAIN : 1: mea 0 Event 3 80891701
#1195186 06.07.2026 07:50:00 : ERR WBMAIN : 2: ui 1 Wait 0 00000000
#1195187 06.07.2026 07:50:11 : EVT BLE : ANCS #2135138585 S02 C6 f02 t1783324210 s30
#1195188 06.07.2026 07:50:11 : EVT BRIGHTNESS : Custom state pwr:[3,-1] bri:[-1.00,-1.00]
#1195189 06.07.2026 07:50:11 : WRN WBAPI : eID-691468(277): /Outdoor/SunEvent/Next.event 404
#1195190 06.07.2026 07:50:11 : EVT UI_FRAMEWORK : JS sl-hello onActivate, is_close: 0
#1195191 06.07.2026 07:50:11 : EVT BRIGHTNESS : Custom state pwr:[-1,-1] bri:[-1.00,-1.00]
#1195192 06.07.2026 07:50:22 : EVT BRIGHTNESS : Custom state pwr:[3,-1] bri:[-1.00,-1.00]
#1195193 06.07.2026 07:50:23 : EVT BRIGHTNESS : Custom state pwr:[-1,-1] bri:[-1.00,-1.00]
#1195194 06.07.2026 07:51:24 : EVT APPLICATION : Zapp zwc05901:Load script
#1195195 06.07.2026 07:51:24 : EVT APPLICATION : Zapp zwc05901:Enable
#1195196 06.07.2026 07:51:24 : EVT ANALYTICS : Zapp enabled i:3 h:ddb248f2 n:zwc05901 v:124f
#1195197 06.07.2026 07:58:35 : EVT WBSTORAGE : CACHE_DEFRAG (72->792, 24->24, 25)
#1195198 06.07.2026 07:58:35 : TRC NAVIGATION : CG: no climb WP
#1195199 06.07.2026 07:58:35 : TRC NAVIGATION : CG:init ZoomType=0
#1195200 06.07.2026 07:58:35 : EVT NAVIGATION : initSeg Idx=0 D=1 T=0 3-0-4
#1195201 06.07.2026 07:58:35 : EVT WBSTORAGE : CACHE_DEFRAG (776->944, 24->24, 25)
#1195202 06.07.2026 07:58:35 : EVT GPS : LocationProviderImpl:sub Best
#1195203 06.07.2026 07:58:35 : TRC GPS : Full GNSS data subd l:15 c:80160010
#1195204 06.07.2026 07:58:35 : EVT ALTIFUSION : AltiBaroMode:0
#1195205 06.07.2026 07:58:35 : EVT ALTIFUSION : Init Search Kalman
#1195206 06.07.2026 07:58:35 : EVT GPS : AltitudeService:sub Best
#1195207 06.07.2026 07:58:35 : TRC GPS : Full GNSS data subd l:15 c:80420010
#1195208 06.07.2026 07:58:35 : EVT APPLICATION : Zapp zwc05901:Disable
#1195209 06.07.2026 07:58:35 : EVT ANALYTICS : Zapp disabled i:3 h:ddb248f2 n:Vector classic
#1195210 06.07.2026 07:58:35 : TRC GPS : Power enabled
#1195211 06.07.2026 07:58:35 : EVT ANALYTICS : SleepQ:Tracking:On
#1195212 06.07.2026 07:58:35 : EVT WBSTORAGE : CACHE_DEFRAG (920->928, 24->24, 25)
#1195213 06.07.2026 07:58:35 : EVT UI_FRAMEWORK : JS nsto enable zapp: xmkt65vv
#1195214 06.07.2026 07:58:35 : EVT UI_FRAMEWORK : JS nsto enable zapp: zzsuunen
#1195215 06.07.2026 07:58:35 : EVT APPLICATION : Zapp xmkt65vv:Load script
#1195216 06.07.2026 07:58:35 : EVT ALTIFUSION : AltiBaroMode:0
#1195217 06.07.2026 07:58:36 : EVT APPLICATION : Zapp xmkt65vv:Enable
#1195218 06.07.2026 07:58:36 : EVT ANALYTICS : Zapp enabled i:17 h:711dacca n:xmkt65vv v:8.0
#1195219 06.07.2026 07:58:36 : EVT APPLICATION : Zapp clid:32878
#1195220 06.07.2026 07:58:36 : EVT APPLICATION : Zapp zzsuunen:Load script
#1195221 06.07.2026 07:58:36 : EVT APPLICATION : Zapp zzsuunen:Enable
#1195222 06.07.2026 07:58:36 : EVT ANALYTICS : Zapp enabled i:9 h:3c4b47d n:zzsuunen v:1063
#1195223 06.07.2026 07:58:36 : EVT APPLICATION : Zapp clid:32879
#1195224 06.07.2026 07:58:36 : EVT UI_FRAMEWORK : JS nsto all zapps enabled.
#1195225 06.07.2026 07:58:36 : EVT UI_FRAMEWORK : JS Prestart Activity Id: 105.000
#1195226 06.07.2026 07:58:36 : WRN WBAPI : eID-691468(277): /Dive/Alarms/Acknowledge 404
#1195227 06.07.2026 07:58:36 : WRN WBAPI : eID-691468(277): /Dive/DiveGases 404
#1195228 06.07.2026 07:58:36 : WRN WBAPI : eID-691468(277): /Dive/Gauge/Next 404
#1195229 06.07.2026 07:58:36 : EVT WBSTORAGE : CACHE_DEFRAG (888->896, 24->24, 25)
#1195230 06.07.2026 07:58:36 : EVT WBSTORAGE : CACHE_DEFRAG (824->832, 24->24, 25)
#1195231 06.07.2026 07:58:36 : EVT WBSTORAGE : CACHE_DEFRAG (760->768, 24->24, 25)
#1195232 06.07.2026 07:58:36 : EVT WBSTORAGE : CACHE_DEFRAG (680->712, 24->24, 25)
#1195233 06.07.2026 07:58:36 : EVT BLE : BLE Sensor Link 4800180D Conn (--E-:00:1)
#1195234 06.07.2026 07:58:36 : WRN BLE : sendConnect 6157
#1195235 06.07.2026 07:58:37 : WRN WBAPI : eID-691468(277): /Dive/TankPressure/Alarm/Count 404
#1195236 06.07.2026 07:58:37 : EVT <Unknown> : Update pres sampl intrvl:1
#1195237 06.07.2026 07:58:37 : EVT SPEEDFUSION : INFO # start speed fusion
#1195238 06.07.2026 07:58:37 : EVT SPEEDFUSION : Act:105,Acc:0,BPod:1,FPod:0,PPod:0,BeltPod:1
#1195239 06.07.2026 07:58:37 : EVT SPEEDFUSION : INFO # GPS changed from:0, to:1
#1195240 06.07.2026 07:58:37 : TRC GPS : Full GNSS data subd l:15 c:803d0010
#1195241 06.07.2026 07:58:37 : EVT SPEEDFUSION : INFO # Start algo without wrist acc
#1195242 06.07.2026 07:58:37 : EVT BLE : No addr,connect to all paired sensor:3
#1195243 06.07.2026 07:58:37 : ERR BLE : no sensor found of type 3
#1195244 06.07.2026 07:58:37 : ERR BLE : sensorLinkRequest
#1195245 06.07.2026 07:58:37 : EVT UI_FRAMEWORK : evalFile: b:/zapp/zzsuunen.dev/ext1.js from ui
#1195246 06.07.2026 07:58:37 : TRC GPS : Stat report:1
#1195247 06.07.2026 07:58:37 : EVT OHR : S:start 0x21a3
#1195248 06.07.2026 07:58:37 : TRC GPS : @GTIM 2026 7 6 5 58 37
#1195249 06.07.2026 07:58:37 : TRC GPS : Done:GTI
#1195250 06.07.2026 07:58:37 : TRC GPS : GNS setting 0x1fcb
#1195251 06.07.2026 07:58:37 : TRC GPS : @GSR
#1195252 06.07.2026 07:58:37 : EVT <Unknown> : 1783317518032:Meas start 0x21a3
#1195253 06.07.2026 07:58:38 : TRC GPS : Done:GSR
#1195254 06.07.2026 07:58:43 : EVT UI_FRAMEWORK : evalFile: b:/zapp/zzsuunen.dev/ext2.js from ui
#1195255 06.07.2026 07:58:43 : EVT UI_FRAMEWORK : evalFile: b:/zapp/xmkt65vv.gui/step0.js from ui
#1195256 06.07.2026 07:58:43 : WRN WBAPI : eID-691468(277): /Dive/Alarms/Acknowledge 404
#1195257 06.07.2026 07:58:43 : WRN WBAPI : eID-691468(277): /Dive/DiveGases 404
#1195258 06.07.2026 07:58:43 : WRN WBAPI : eID-691468(277): /Dive/Gauge/Next 404
#1195259 06.07.2026 07:58:43 : EVT GPS : LocationProviderImpl:sub Passive
#1195260 06.07.2026 07:58:43 : TRC GPS : Full GNSS data subd l:0 c:80160010
#1195261 06.07.2026 07:58:43 : EVT TRAININGLAB : TLab:~Mode T 0 + 6569 A 0 + 210
#1195262 06.07.2026 07:58:43 : EVT TRAININGLAB : TLab:Change mode 2->3
#1195263 06.07.2026 07:58:43 : EVT TRAININGLAB : TLab:Mode::userInfo 60, 200, 1, 37, 182, 950, 1990
#1195264 06.07.2026 07:58:43 : EVT LOGGER : Log space:30458798 bytes free
#1195265 06.07.2026 07:58:43 : TRC GPS : Fix valid: 0 idx:4 sat:13 ehpe:100 -lim
#1195266 06.07.2026 07:58:44 : EVT TRAININGLAB : ModeUnsub:2800
#1195267 06.07.2026 07:58:44 : EVT TRAININGLAB : ModeSub:9004
#1195268 06.07.2026 07:58:44 : EVT TRAININGLAB : TLab:Select input 0
#1195269 06.07.2026 07:58:44 : EVT TRAININGLAB : TLab:Active input 0
#1195270 06.07.2026 07:58:44 : EVT LOGGER : Exercise started
#1195271 06.07.2026 07:58:44 : EVT BLE : HR RR on (235234295)
#1195272 06.07.2026 07:58:44 : TRC GPS : Full GNSS data subd l:0 c:802b0000
#1195273 06.07.2026 07:58:44 : EVT APPLICATION : STEP_START
#1195274 06.07.2026 07:58:44 : EVT BRIGHTNESS : Custom state pwr:[2,-1] bri:[-1.00,-1.00]
#1195275 06.07.2026 07:58:44 : EVT EXTRAM : Init extram 3
#1195276 06.07.2026 07:58:44 : EVT ANALYTICS : #feature g-gpsnotok
#1195277 06.07.2026 07:58:44 : EVT UI_FRAMEWORK : evalFile: b:/zapp/zzsuunen.dev/ext3.js from ui
#1195278 06.07.2026 07:58:44 : TRC GPS : Fix valid: 1 idx:5 sat:15 ehpe:20
#1195279 06.07.2026 07:58:45 : EVT ANALYTICS : Battery-> 3 soc:76
#1195280 06.07.2026 07:58:45 : EVT ANALYTICS : #FusHr src:0 time:0
#1195281 06.07.2026 07:58:45 : EVT ANALYTICS : #Act id:105
#1195282 06.07.2026 07:58:45 : EVT ANALYTICS : #powersave mode:p temp:30.0
#1195283 06.07.2026 07:58:45 : EVT ANALYTICS : #GPS mode:BEST soc:-1
#1195284 06.07.2026 07:58:45 : EVT ANALYTICS : #gnss d:2026-07-05T00:00:00Z
#1195285 06.07.2026 07:58:46 : EVT ANALYTICS : #zapp n:Velo + Kraft e:1
#1195286 06.07.2026 07:58:46 : EVT ANALYTICS : #zapp n:Suunto Wing 2 e:1
#1195287 06.07.2026 07:58:46 : EVT BLE : lt,scan 1
#1195288 06.07.2026 07:58:46 : WRN BLE : sendDisconnect 6157
#1195289 06.07.2026 07:58:46 : ERR BLE : [AURA]No filters left, stopping scan
#1195290 06.07.2026 07:58:46 : ERR BLE : [AURA]Filter with handle 72 not found
#1195291 06.07.2026 07:58:46 : EVT BLE : packet 0 sensor found count 1
#1195292 06.07.2026 07:58:46 : EVT BLE : packet 0 sensor found count 2
#1195293 06.07.2026 07:58:47 : EVT BRIGHTNESS : Custom state pwr:[-1,-1] bri:[-1.00,-1.00]
#1195294 06.07.2026 07:58:47 : EVT ANALYTICS : #FusHr src:2 time:10339
#1195295 06.07.2026 07:58:47 : EVT TRAININGLAB : Tlab:HR src is 2
#1195296 06.07.2026 07:58:47 : EVT ANALYTICS : #FusHr src:2 time:0
#1195297 06.07.2026 07:58:47 : EVT TRAININGLAB : TLab:Active input 1
#1195298 06.07.2026 07:58:51 : EVT ANALYTICS : #ws AID:105 BM:1 NS:1 SP:2 ZN:0 TG:0 BL:0 GPS:1
#1195299 06.07.2026 07:58:51 : EVT ANALYTICS : #2ws AID:105 WHR:1 INT:0 AL:0 AP:1 FE:1 MC:1 TH:0
#1195300 06.07.2026 07:58:53 : TRC FUEL_GAUGE : batFgLevel cur:75%, prev:76%
#1195301 06.07.2026 07:59:00 : EVT SEDENTARY : stop monitoring
#1195302 06.07.2026 07:59:02 : ERR BLE : [AURA]No filters left, stopping scan
#1195303 06.07.2026 07:59:04 : EVT BLE : DEV H connected
#1195304 06.07.2026 07:59:04 : EVT WBSTORAGE : CACHE_DEFRAG (688->696, 24->24, 25)
#1195305 06.07.2026 07:59:04 : EVT BLE : report state:235254602
#1195306 06.07.2026 07:59:04 : EVT WBSTORAGE : CACHE_DEFRAG (624->632, 24->24, 25)
#1195307 06.07.2026 07:59:04 : TRC BLE : SVC H/F200 enabled
#1195308 06.07.2026 07:59:04 : TRC BLE : SVC H/180D enabled
#1195309 06.07.2026 07:59:04 : TRC BLE : HR connected (20442 ms missing)
#1195310 06.07.2026 07:59:04 : EVT BLE : HR BlueBelt 2550100113 (1.1.0/F2. )
#1195311 06.07.2026 07:59:05 : TRC BLE : HR time resync bt=4338 D=235251119
#1195312 06.07.2026 07:59:05 : EVT BLE : type 1 is conn, set
#1195313 06.07.2026 07:59:20 : TRC BLE : HR belt slow conn
#1195314 06.07.2026 08:00:01 : ERR WBMAIN : *0: app 1159 Event 24 80892700
#1195315 06.07.2026 08:00:01 : ERR WBMAIN : 1: mea 0 Event 3 80891701
#1195316 06.07.2026 08:00:01 : ERR WBMAIN : 2: ui 5 Wait 0 00000000
#1195317 06.07.2026 08:00:01 : EVT <Unknown> : pwr daily,ontime:8
#1195318 06.07.2026 08:00:01 : EVT WBSTORAGE : CACHE_DEFRAG (616->624, 24->24, 25)
#1195319 06.07.2026 08:00:01 : EVT WEATHER : t:495359, d:7
#1195320 06.07.2026 08:02:21 : EVT ALTIFUSION : Init Kalman
#1195321 06.07.2026 08:02:21 : EVT GPS : AltitudeService:unsub
#1195322 06.07.2026 08:02:21 : TRC GPS : Unsubd c:80420010
#1195323 06.07.2026 08:02:21 : EVT GPS : AltitudeService:sub Passive
#1195324 06.07.2026 08:02:21 : TRC GPS : Full GNSS data subd l:0 c:80420010
#1195325 06.07.2026 08:08:31 : EVT SPEEDFUSION : INFO # autopaused
#1195326 06.07.2026 08:08:31 : EVT LOGGER : Exercise paused
#1195327 06.07.2026 08:08:38 : EVT SPEEDFUSION : INFO # autopause end, timestamp:1783318118030
#1195328 06.07.2026 08:08:38 : EVT LOGGER : Exercise continue
#1195329 06.07.2026 08:10:00 : ERR WBMAIN : *0: app 929 Event 24 80892700
#1195330 06.07.2026 08:10:00 : ERR WBMAIN : 1: mea 0 Event 3 80891701
#1195331 06.07.2026 08:10:00 : ERR WBMAIN : 2: ui 8 Wait 0 00000000
#1195332 06.07.2026 08:19:02 : EVT WBSTORAGE : CACHE_DEFRAG (512->528, 24->24, 25)
#1195333 06.07.2026 08:19:04 : EVT ANALYTICS : Weather sync ok d:25200 f:6
#1195334 06.07.2026 08:19:04 : EVT WBSTORAGE : CACHE_DEFRAG (472->512, 24->24, 25)
#1195335 06.07.2026 08:19:04 : EVT ANALYTICS : synced city:Bachenbülach
#1195336 06.07.2026 08:19:04 : EVT GPS : Last known coordinate:lat:475011328, lon:85451792
#1195337 06.07.2026 08:20:00 : ERR WBMAIN : *0: app 616 Event 24 80892700
#1195338 06.07.2026 08:20:00 : ERR WBMAIN : 1: mea 0 Event 3 80891701
#1195339 06.07.2026 08:20:00 : ERR WBMAIN : 2: ui 63 Wait 0 00000000
#1195340 06.07.2026 08:26:49 : TRC FUEL_GAUGE : batFgLevel cur:74%, prev:75%
#1195341 06.07.2026 08:28:56 : TRC GPS : Fix valid: 0 idx:1817 sat:0 ehpe:nan
#1195342 06.07.2026 08:28:58 : TRC GPS : Fix valid: 1 idx:1819 sat:30 ehpe:4
#1195343 06.07.2026 08:30:00 : ERR WBMAIN : *0: app 830 Event 24 80892700
#1195344 06.07.2026 08:30:00 : ERR WBMAIN : 1: mea 0 Event 3 80891701
#1195345 06.07.2026 08:30:00 : ERR WBMAIN : 2: ui 75 Wait 0 00000000
#1195346 06.07.2026 08:39:54 : EVT SPEEDFUSION : INFO # autopaused
#1195347 06.07.2026 08:39:54 : EVT LOGGER : Exercise paused
#1195348 06.07.2026 08:40:00 : ERR WBMAIN : *0: app 861 Event 24 80892700
#1195349 06.07.2026 08:40:00 : ERR WBMAIN : 1: mea 1 Event 3 80891701
#1195350 06.07.2026 08:40:00 : ERR WBMAIN : 2: ui 125 Wait 0 00000000
#1195351 06.07.2026 08:40:11 : EVT SPEEDFUSION : INFO # autopause end, timestamp:1783320011030
#1195352 06.07.2026 08:40:11 : EVT LOGGER : Exercise continue
#1195353 06.07.2026 08:42:14 : EVT SPEEDFUSION : INFO # autopaused
#1195354 06.07.2026 08:42:14 : EVT LOGGER : Exercise paused
#1195355 06.07.2026 08:42:17 : EVT SPEEDFUSION : INFO # autopause end, timestamp:1783320137030
#1195356 06.07.2026 08:42:17 : EVT LOGGER : Exercise continue
#1195357 06.07.2026 08:44:49 : EVT SPEEDFUSION : INFO # autopaused
#1195358 06.07.2026 08:44:49 : EVT LOGGER : Exercise paused
#1195359 06.07.2026 08:45:00 : EVT SPEEDFUSION : INFO # autopause end, timestamp:1783320300030
#1195360 06.07.2026 08:45:00 : EVT LOGGER : Exercise continue
#1195361 06.07.2026 08:46:23 : EVT SPEEDFUSION : INFO # autopaused
#1195362 06.07.2026 08:46:23 : EVT LOGGER : Exercise paused
#1195363 06.07.2026 08:47:06 : EVT SPEEDFUSION : INFO # autopause end, timestamp:1783320426030
#1195364 06.07.2026 08:47:06 : EVT LOGGER : Exercise continue
#1195365 06.07.2026 08:47:22 : EVT BLE : ANCS #1828365611 S02 C6 f02 t1783327641 s57
#1195366 06.07.2026 08:47:22 : EVT BRIGHTNESS : Custom state pwr:[3,-1] bri:[-1.00,-1.00]
#1195367 06.07.2026 08:47:32 : EVT BRIGHTNESS : Custom state pwr:[-1,-1] bri:[-1.00,-1.00]
#1195368 06.07.2026 08:47:59 : TRC FUEL_GAUGE : Batt: 4131 mV (raw: 4132) soc: 74 %, T: 27.1 C,H:102
#1195369 06.07.2026 08:48:31 : EVT BLE : ANCS #1923326035 S02 C0 f02 t1783327710 s112
#1195370 06.07.2026 08:48:31 : EVT BRIGHTNESS : Custom state pwr:[3,-1] bri:[-1.00,-1.00]
#1195371 06.07.2026 08:48:31 : EVT BRIGHTNESS : Custom state pwr:[-1,-1] bri:[-1.00,-1.00]
#1195372 06.07.2026 08:48:35 : EVT BLE : ANCS #1923326035 S03 C0 f02 t1783327715 s109
#1195373 06.07.2026 08:48:35 : EVT BRIGHTNESS : Custom state pwr:[3,-1] bri:[-1.00,-1.00]
#1195374 06.07.2026 08:48:36 : EVT BRIGHTNESS : Custom state pwr:[-1,-1] bri:[-1.00,-1.00]
#1195375 06.07.2026 08:50:01 : ERR WBMAIN : *0: app 1089 Event 24 80892700
#1195376 06.07.2026 08:50:01 : ERR WBMAIN : 1: mea 0 Event 3 80891701
#1195377 06.07.2026 08:50:01 : ERR WBMAIN : 2: ui 40 Wait 0 00000000
#1195378 06.07.2026 08:52:25 : TRC FUEL_GAUGE : batFgLevel cur:73%, prev:74%
#1195379 06.07.2026 08:53:22 : EVT SPEEDFUSION : INFO # autopaused
#1195380 06.07.2026 08:53:22 : EVT LOGGER : Exercise paused
#1195381 06.07.2026 08:53:45 : EVT SPEEDFUSION : INFO # autopause end, timestamp:1783320825030
#1195382 06.07.2026 08:53:45 : EVT LOGGER : Exercise continue
#1195383 06.07.2026 08:54:30 : EVT SPEEDFUSION : INFO # autopaused
#1195384 06.07.2026 08:54:30 : EVT LOGGER : Exercise paused
#1195385 06.07.2026 08:54:36 : EVT SPEEDFUSION : INFO # autopause end, timestamp:1783320876030
#1195386 06.07.2026 08:54:36 : EVT LOGGER : Exercise continue
#1195387 06.07.2026 08:55:57 : EVT SPEEDFUSION : INFO # autopaused
#1195388 06.07.2026 08:55:57 : EVT LOGGER : Exercise paused
#1195389 06.07.2026 08:56:04 : EVT SPEEDFUSION : INFO # autopause end, timestamp:1783320964030
#1195390 06.07.2026 08:56:04 : EVT LOGGER : Exercise continue
#1195391 06.07.2026 09:00:00 : ERR WBMAIN : *0: app 913 Event 24 80892700
#1195392 06.07.2026 09:00:00 : ERR WBMAIN : 1: mea 1 Event 3 80891701
#1195393 06.07.2026 09:00:00 : ERR WBMAIN : 2: ui 34 Wait 0 00000000
#1195394 06.07.2026 09:00:00 : EVT <Unknown> : pwr daily,ontime:9
#1195395 06.07.2026 09:00:00 : EVT WBSTORAGE : CACHE_DEFRAG (440->528, 24->24, 25)
#1195396 06.07.2026 09:00:00 : EVT WEATHER : t:495366, d:1
#1195397 06.07.2026 09:02:48 : EVT LOGGER : Exercise paused
#1195398 06.07.2026 09:02:57 : EVT SPEEDFUSION : INFO # autopaused
#1195399 06.07.2026 09:03:44 : TRC GPS : Fix valid: 0 idx:3905 sat:0 ehpe:nan
#1195400 06.07.2026 09:10:00 : ERR WBMAIN : *0: app 626 Event 24 80892700
#1195401 06.07.2026 09:10:00 : ERR WBMAIN : 1: mea 0 Event 3 80891701
#1195402 06.07.2026 09:10:00 : ERR WBMAIN : 2: ui 597 Wait 0 00000000
#1195403 06.07.2026 09:15:27 : EVT APPLICATION : Zapp zzsuunen:Disable
#1195404 06.07.2026 09:15:27 : EVT ANALYTICS : Zapp disabled i:9 h:3c4b47d n:Suunto Wing 2
#1195405 06.07.2026 09:15:27 : EVT APPLICATION : Zapp xmkt65vv:Disable
#1195406 06.07.2026 09:15:27 : ERR BLE : [AURA]No filters left, stopping scan
#1195407 06.07.2026 09:15:27 : ERR BLE : Ble:conn id not found
#1195408 06.07.2026 09:15:27 : EVT ANALYTICS : Zapp disabled i:17 h:711dacca n:Velo + Kraft
#1195409 06.07.2026 09:15:27 : EVT UI_FRAMEWORK : JS discard disable zapps
#1195410 06.07.2026 09:15:27 : EVT UI_FRAMEWORK : JS will discard
#1195411 06.07.2026 09:15:27 : EVT SPEEDFUSION : INFO # stop speed fusion
#1195412 06.07.2026 09:15:27 : EVT SPEEDFUSION : INFO # GPS changed from:1, to:0
#1195413 06.07.2026 09:15:27 : TRC GPS : Unsubd c:803d0010
#1195414 06.07.2026 09:15:27 : EVT <Unknown> : Update pres sampl intrvl:5
#1195415 06.07.2026 09:15:27 : WRN APPLICATION : discard hrr meas l:3 d:0 sh:120 mh:120 v:0
#1195416 06.07.2026 09:15:27 : EVT EXTRAM : Deinit extram 3
#1195417 06.07.2026 09:15:27 : WRN WBAPI : eID-698eec(583/65535): 404
#1195418 06.07.2026 09:15:27 : EVT TRAININGZONE : User Define Mode:5
#1195419 06.07.2026 09:15:27 : EVT TRAININGZONE : Tss HR:39.54
#1195420 06.07.2026 09:15:27 : EVT TRAININGZONE : A:105,Tss:[0.00,-200.00,-200.00,39.54]
#1195421 06.07.2026 09:15:27 : EVT TRAININGLAB : AppFeature Vo2Max 0.000000
#1195422 06.07.2026 09:15:27 : EVT TRAININGLAB : TLab:~Mode T 6569 + 3639 A 210 + 2620
#1195423 06.07.2026 09:15:27 : EVT TRAININGLAB : TLab:Change mode 3->2
#1195424 06.07.2026 09:15:27 : EVT TRAININGLAB : TLab:Mode::userInfo 60, 200, 1, 37, 182, 950, 1990
#1195425 06.07.2026 09:15:27 : EVT TRAININGLAB : ModeUnsub:9145
#1195426 06.07.2026 09:15:27 : EVT TRAININGLAB : ModeSub:0400
#1195427 06.07.2026 09:15:27 : EVT LOGGER : Exercise stopped
#1195428 06.07.2026 09:15:27 : EVT BLE : HR RR off (239837850, 625798 ms missing)
#1195429 06.07.2026 09:15:27 : EVT LOGGER : HrIbiLogger stop, off (0 ms)
#1195430 06.07.2026 09:15:27 : EVT LOGGER : HrIbiLogger stopped (0 ms)
#1195431 06.07.2026 09:15:27 : EVT ANALYTICS : SleepQ:Tracking:On
#1195432 06.07.2026 09:15:27 : EVT GPS : LocationProviderImpl:sub Best
#1195433 06.07.2026 09:15:27 : TRC GPS : Full GNSS data subd l:15 c:80160010
#1195434 06.07.2026 09:15:27 : EVT LOGGER : LGR 934, 80
#1195435 06.07.2026 09:15:27 : EVT OHR : S:start 0x2123
#1195436 06.07.2026 09:15:27 : EVT ANALYTICS : WAOae:Activity WAOae:105
#1195437 06.07.2026 09:15:27 : EVT ANALYTICS : WAOae:TotalAcc WAOae:0,0,0
#1195438 06.07.2026 09:15:27 : EVT ANALYTICS : WAOae:AccCount WAOae:0,0,0
#1195439 06.07.2026 09:15:27 : EVT ANALYTICS : WAOae:Distance WAOae:0,0,0
#1195440 06.07.2026 09:15:27 : EVT ANALYTICS : WAOae:Duration WAOae:0,0,0
#1195441 06.07.2026 09:15:27 : EVT ANALYTICS : WAOae:Coeff WAOae:0,40,122,272,773,7524,7624
#1195442 06.07.2026 09:15:27 : TRC GPS : Unsubd c:802b0000
#1195443 06.07.2026 09:15:27 : EVT LOGGER : LGR 934, 80
#1195444 06.07.2026 09:15:27 : TRC GPS : GnssServiceLevel Change: Should not be here 4
#1195445 06.07.2026 09:15:27 : EVT LOGGER : Wr dpc on
#1195446 06.07.2026 09:15:27 : EVT LOGGER : LGR 20993, 56
#1195447 06.07.2026 09:15:28 : EVT <Unknown> : 1783322128400:Meas start 0x2123
#1195448 06.07.2026 09:15:28 : TRC BLE : HR belt fast conn
#1195449 06.07.2026 09:15:28 : EVT BLE : Disconn sensor:3
#1195450 06.07.2026 09:15:28 : EVT BLE : BLE Sensor Link 42001816 Disc (--E-:00:0)
#1195451 06.07.2026 09:15:28 : ERR BLE : [AURA]Filter with handle 66 not found
#1195452 06.07.2026 09:15:28 : EVT BLE : Disconn sensor:1
#1195453 06.07.2026 09:15:28 : EVT BLE : BLE Sensor Link 4800180D Disc (L-E-:25:0)
#1195454 06.07.2026 09:15:28 : WRN BLE : sendDisconnect 6157
#1195455 06.07.2026 09:15:28 : ERR BLE : [AURA]Filter with handle 72 not found
#1195456 06.07.2026 09:15:29 : TRC BLE : SVC H/180D disabled
#1195457 06.07.2026 09:15:29 : TRC BLE : SVC H/F200 disabled
#1195458 06.07.2026 09:15:29 : EVT BLE : DEV H disconnected
#1195459 06.07.2026 09:15:29 : EVT BLE : report state:239839282
#1195460 06.07.2026 09:15:29 : EVT ANALYTICS : #powersave mode:p temp:24.9
#1195461 06.07.2026 09:15:29 : EVT ANALYTICS : Battery-> 4 soc:73
#1195462 06.07.2026 09:16:27 : EVT UI_FRAMEWORK : JS feeling vs idle 1
#1195463 06.07.2026 09:16:27 : EVT UI_FRAMEWORK : JS feeling open ex-saving
#1195464 06.07.2026 09:16:28 : EVT WBSTORAGE : CACHE_DEFRAG (416->784, 24->24, 25)
#1195465 06.07.2026 09:16:28 : TRC NAVIGATION : CG: no climb WP
#1195466 06.07.2026 09:16:28 : TRC NAVIGATION : CG:init ZoomType=0
#1195467 06.07.2026 09:16:28 : EVT NAVIGATION : initSeg Idx=0 D=1 T=0 3-0-4
#1195468 06.07.2026 09:16:28 : EVT WBSTORAGE : CACHE_DEFRAG (768->1024, 24->24, 25)
#1195469 06.07.2026 09:16:28 : EVT SPEEDFUSION : INFO # IDLE mode(-1) set
#1195470 06.07.2026 09:16:28 : EVT ALTIFUSION : AltiBaroMode:2
#1195471 06.07.2026 09:16:28 : EVT ALTIFUSION : Init AltiBaro
#1195472 06.07.2026 09:16:28 : EVT GPS : AltitudeService:unsub
#1195473 06.07.2026 09:16:28 : TRC GPS : Unsubd c:80420010
#1195474 06.07.2026 09:16:28 : ERR WBMAIN : *0: app 610 Event 37 8099031c
#1195475 06.07.2026 09:16:28 : ERR WBMAIN : 1: mea 0 Wait 0 00000000
#1195476 06.07.2026 09:16:28 : ERR WBMAIN : 2: ui 6 Wait 0 00000000
#1195477 06.07.2026 09:16:28 : EVT GPS : LocationProviderImpl:sub Passive
#1195478 06.07.2026 09:16:28 : TRC GPS : Full GNSS data subd l:0 c:80160010
#1195479 06.07.2026 09:16:28 : WRN LOGGER : Delete b:logs/6A3169CF
#1195480 06.07.2026 09:16:28 : TRC GPS : GnssServiceLevel::PASSIVE
#1195481 06.07.2026 09:16:28 : TRC GPS : @GSTP
#1195482 06.07.2026 09:16:30 : TRC GPS : @BUP
#1195483 06.07.2026 09:16:31 : TRC GPS : Done:BUP
#1195484 06.07.2026 09:16:31 : TRC GPS : Power disabled
#1195485 06.07.2026 09:16:31 : EVT ANALYTICS : Duration ExSaving:3717
#1195486 06.07.2026 09:16:32 : EVT ANALYTICS : Duration ExSumBroker:635
#1195487 06.07.2026 09:19:15 : EVT WBSTORAGE : CACHE_DEFRAG (1000->1008, 24->24, 25)
#1195488 06.07.2026 09:19:16 : EVT ANALYTICS : Weather sync ok d:3600 f:0
#1195489 06.07.2026 09:19:16 : EVT WBSTORAGE : CACHE_DEFRAG (952->960, 24->24, 25)
#1195490 06.07.2026 09:19:16 : EVT ANALYTICS : synced city:Zollikon
#1195491 06.07.2026 09:19:16 : EVT GPS : Last known coordinate:lat:473476232, lon:85881744
#1195492 06.07.2026 09:20:00 : ERR WBMAIN : *0: app 586 Event 24 80892700
#1195493 06.07.2026 09:20:00 : ERR WBMAIN : 1: mea 0 Event 3 80891701
#1195494 06.07.2026 09:20:00 : ERR WBMAIN : 2: ui 586 Wait 0 00000000
#1195495 06.07.2026 09:21:32 : EVT TRAININGZONE : Update TSS:39.54
#1195496 06.07.2026 09:21:32 : EVT WBSTORAGE : CACHE_DEFRAG (896->904, 24->24, 25)
#1195497 06.07.2026 09:21:32 : EVT APPLICATION : Zapp zwc05901:Load script
#1195498 06.07.2026 09:21:32 : EVT APPLICATION : Zapp zwc05901:Enable
#1195499 06.07.2026 09:21:32 : EVT ANALYTICS : Zapp enabled i:3 h:ddb248f2 n:zwc05901 v:124f
#1195500 06.07.2026 09:21:33 : WRN WBAPI : eID-691468(277): /Weather/Current/ValidWeatherData.temp 
#1195501 06.07.2026 09:21:33 : EVT ANALYTICS : Sync start
#1195502 06.07.2026 09:21:33 : EVT ANALYTICS : Sync start
#1195503 06.07.2026 09:21:35 : ERR WBMAIN : 0: app 6 Wait 0 00000000
#1195504 06.07.2026 09:21:35 : ERR WBMAIN : 1: mea 6 Wait 0 00000000
#1195505 06.07.2026 09:21:35 : ERR WBMAIN : 2: ui 46 Wait 0 00000000
#1195506 06.07.2026 09:22:02 : TRC GPS : Power enabled
#1195507 06.07.2026 09:22:03 : EVT WBSTORAGE : CACHE_DEFRAG (776->784, 24->24, 25)
#1195508 06.07.2026 09:22:03 : TRC GPS : Stat report:1
#1195509 06.07.2026 09:22:15 : TRC GPS : LLE GP:0607 QZ:0607 GL:0607 GA:0607 BE:0607
#1195510 06.07.2026 09:22:15 : TRC GPS : Power disabled
#1195511 06.07.2026 09:29:29 : EVT ANALYTICS : #sf R:5 A:Xiamen-fw_2.53.42.29545-V-8b67dbcf
#1195512 06.07.2026 09:29:30 : EVT ANALYTICS : Sync start
#1195513 06.07.2026 09:29:30 : EVT ANALYTICS : Sync start
#1195514 06.07.2026 09:29:30 : TRC SETTINGS : UTC:1783322970|60 DST:1|120|1774746000|1792890000
#1195515 06.07.2026 09:29:30 : TRC SETTINGS : TMZ:|Europe/Zurich|
#1195516 06.07.2026 09:29:32 : EVT SLEEP : sleep backup file created count 1
#1195517 06.07.2026 09:29:32 : EVT SLEEP : sleepstages backup file created count 20
#1195518 06.07.2026 09:29:33 : EVT ANALYTICS : Weather sync ok d:600 f:0
#1195519 06.07.2026 09:29:33 : EVT ANALYTICS : synced city:Zollikon
#1195520 06.07.2026 09:29:33 : EVT GPS : Last known coordinate:lat:473476050, lon:85881722
#1195521 06.07.2026 09:29:34 : EVT ANALYTICS : #sf R:5 A:Xiamen-fw_2.53.42.29545-V-8b67dbcf
#1195522 06.07.2026 09:30:00 : ERR WBMAIN : *0: app 860 Event 24 80892700
#1195523 06.07.2026 09:30:00 : ERR WBMAIN : 1: mea 0 Event 3 80891701
#1195524 06.07.2026 09:30:00 : ERR WBMAIN : 2: ui 83 Wait 0 00000000
#1195525 06.07.2026 09:30:58 : ERR WBMAIN : *0: app 1199 Event 36 80005310
#1195526 06.07.2026 09:30:58 : ERR WBMAIN : 1: mea 46 Wait 0 00000000
#1195527 06.07.2026 09:30:58 : ERR WBMAIN : 2: ui 50 Wait 0 00000000
#1195528 06.07.2026 09:30:59 : ERR WBMAIN : *0: app 888 Event 36 80005310
#1195529 06.07.2026 09:30:59 : ERR WBMAIN : 1: mea 18 Wait 0 00000000
#1195530 06.07.2026 09:30:59 : ERR WBMAIN : 2: ui 6 Wait 0 00000000
#1195531 06.07.2026 09:31:04 : EVT APPLICATION : Plugin zzclimen.zip as type:[2]
#1195532 06.07.2026 09:31:06 : ERR WBMAIN : *0: app 1866 Event 36 80005310
#1195533 06.07.2026 09:31:06 : ERR WBMAIN : 1: mea 13 Wait 0 00000000
#1195534 06.07.2026 09:31:06 : ERR WBMAIN : 2: ui 15 Wait 0 00000000
#1195535 06.07.2026 09:31:07 : ERR WBMAIN : *0: app 883 Event 36 80005310
#1195536 06.07.2026 09:31:07 : ERR WBMAIN : 1: mea 1 Wait 0 00000000
#1195537 06.07.2026 09:31:07 : ERR WBMAIN : 2: ui 55 Wait 0 00000000
#1195538 06.07.2026 09:31:07 : EVT ANALYTICS : Sync start
#1195539 06.07.2026 09:31:07 : EVT ANALYTICS : Sync start
#1195540 06.07.2026 09:31:08 : TRC SETTINGS : UTC:1783323068|60 DST:1|120|1774746000|1792890000
#1195541 06.07.2026 09:31:08 : TRC SETTINGS : TMZ:|Europe/Zurich|
#1195542 06.07.2026 09:31:09 : EVT ANALYTICS : Weather sync ok d:120 f:0
#1195543 06.07.2026 09:31:09 : EVT ANALYTICS : synced city:Zollikon
#1195544 06.07.2026 09:31:09 : EVT GPS : Last known coordinate:lat:473476050, lon:85881722
#1195545 06.07.2026 09:31:10 : EVT ANALYTICS : #sf R:5 A:Xiamen-fw_2.53.42.29545-V-8b67dbcf
#1195546 06.07.2026 09:31:27 : TRC FUEL_GAUGE : batFgLevel cur:72%, prev:73%
#1195547 06.07.2026 09:31:32 : EVT <Unknown> : 1783323092327:Off Skin Set.
#1195548 06.07.2026 09:31:32 : EVT <Unknown> : 1783323092703:On Skin Set.
#1195549 06.07.2026 09:31:35 : EVT <Unknown> : 1783323094935:Off Skin Set.
#1195550 06.07.2026 09:31:37 : EVT <Unknown> : 1783323097687:On Skin Set.
#1195551 06.07.2026 09:31:42 : EVT <Unknown> : 1783323102777:Off Skin Set.
#1195552 06.07.2026 09:31:43 : EVT PMIC : VBUS state is ON
#1195553 06.07.2026 09:31:43 : EVT PMIC : chgCntl1:0x70
#1195554 06.07.2026 09:31:43 : EVT PMIC : check chgCntl1:0x74
#1195555 06.07.2026 09:31:43 : EVT PMIC : Turn charge ON since VBUS->ON
#1195556 06.07.2026 09:31:43 : ERR WR_MAGN : TLI493D-W2BW (FF=1 PD0=0)
#1195557 06.07.2026 09:31:43 : ERR WR_MAGN : WRMAGN:measure
#1195558 06.07.2026 09:31:43 : EVT PMIC : PMIC temp zone:0x2
#1195559 06.07.2026 09:31:43 : EVT PMIC : PMIC Fast-charge constant cur
#1195560 06.07.2026 09:31:43 : EVT OHR : VBUS on
#1195561 06.07.2026 09:31:43 : EVT OHR : S:stop 23
#1195562 06.07.2026 09:31:43 : EVT <Unknown> : 1783323103579:Meas stop 0x2123
#1195563 06.07.2026 09:31:43 : WRN <Unknown> : 1783323103580:FSM EVT STOP.
#1195564 06.07.2026 09:31:43 : EVT OHR : S:OFF 1->0
#1195565 06.07.2026 09:31:43 : EVT PMIC : VBUS state is ON
#1195566 06.07.2026 09:31:43 : EVT PMIC : PMIC temp zone:0x7
#1195567 06.07.2026 09:31:43 : EVT PMIC : VBUS state is OFF
#1195568 06.07.2026 09:31:43 : EVT PMIC : Turn charge OFF since VBUS->OFF
#1195569 06.07.2026 09:31:43 : EVT OHR : VBUS off
#1195570 06.07.2026 09:31:43 : EVT PMIC : PMIC temp zone:0x2
#1195571 06.07.2026 09:31:43 : EVT OHR : S:ON 0->1
#1195572 06.07.2026 09:31:44 : EVT OHR : APPINIT:caps 0x1f4, 6b738616
#1195573 06.07.2026 09:31:44 : EVT <Unknown> : 1783323104193:AI@1783323104170, tz120
#1195574 06.07.2026 09:31:44 : EVT OHR : S:start 0x2123
#1195575 06.07.2026 09:31:44 : EVT <Unknown> : 1783323104199:Meas start 0x2123
#1195576 06.07.2026 09:31:44 : EVT PMIC : VBUS state is OFF
#1195577 06.07.2026 09:31:44 : EVT PMIC : PMIC temp zone:0x7
#1195578 06.07.2026 09:31:44 : EVT PMIC : VBUS state is OFF
#1195579 06.07.2026 09:31:44 : EVT <Unknown> : 1783323104216:PD1464, 0
#1195580 06.07.2026 09:31:44 : EVT <Unknown> : 1783323104276:GMV 20251126/1/4/0/395/46
#1195581 06.07.2026 09:31:44 : EVT <Unknown> : 1783323104534:Mi1.6.10, auth 0, hr_mode 0
#1195582 06.07.2026 09:31:46 : EVT PMIC : VBUS state is ON
#1195583 06.07.2026 09:31:46 : EVT PMIC : chgCntl1:0x70
#1195584 06.07.2026 09:31:46 : EVT PMIC : check chgCntl1:0x74
#1195585 06.07.2026 09:31:46 : EVT PMIC : Turn charge ON since VBUS->ON
#1195586 06.07.2026 09:31:46 : EVT PMIC : PMIC temp zone:0x2
#1195587 06.07.2026 09:31:46 : EVT PMIC : PMIC Fast-charge constant cur
#1195588 06.07.2026 09:31:46 : EVT OHR : VBUS on
#1195589 06.07.2026 09:31:46 : EVT OHR : S:stop 23
#1195590 06.07.2026 09:31:46 : EVT <Unknown> : 1783323106572:Meas stop 0x2123
#1195591 06.07.2026 09:31:46 : WRN <Unknown> : 1783323106573:FSM EVT STOP.
#1195592 06.07.2026 09:31:46 : EVT OHR : S:OFF 1->0
#1195593 06.07.2026 09:31:46 : EVT PMIC : VBUS state is ON
#1195594 06.07.2026 09:31:47 : EVT OHR : No HR update, invalidate by timer
#1195595 06.07.2026 09:31:48 : TRC FUEL_GAUGE : batFgLevel cur:73%, prev:72%
#1195596 06.07.2026 09:31:48 : TRC FUEL_GAUGE : Chg->1,B:5,C:260.1,V:4124,U:1,bF:73%,bC:73%
#1195597 06.07.2026 09:31:48 : EVT ANALYTICS : Battery-> 2 soc:73
#1195598 06.07.2026 09:32:00 : EVT SEDENTARY : stop monitoring
#1195599 06.07.2026 09:32:01 : EVT WBSTORAGE : CACHE_DEFRAG (544->560, 24->24, 25)
#1195600 06.07.2026 09:32:01 : EVT WBSTORAGE : CACHE_DEFRAG (528->544, 24->24, 25)
#1195601 06.07.2026 09:32:01 : EVT WBSTORAGE : CACHE_DEFRAG (496->504, 24->24, 25)
#1195602 06.07.2026 09:32:01 : EVT <Unknown> : DL Region List
#1195603 06.07.2026 09:32:01 : EVT WIFI : Pwr up
#1195604 06.07.2026 09:32:08 : EVT WIFI : pwr up
#1195605 06.07.2026 09:32:08 : EVT WIFI : SDK Ver(3.2.8.1)
#1195606 06.07.2026 09:32:08 : EVT WIFI : Scann APs (1/3)
#1195607 06.07.2026 09:32:09 : EVT WIFI : APs scanned:13
#1195608 06.07.2026 09:32:09 : EVT WBSTORAGE : CACHE_DEFRAG (488->496, 24->24, 25)
#1195609 06.07.2026 09:32:09 : WRN WIFI : No APs matched to connect
#1195610 06.07.2026 09:32:09 : EVT WIFI : Scann APs (2/3)
#1195611 06.07.2026 09:32:09 : EVT WIFI : APs scanned:1
#1195612 06.07.2026 09:32:09 : WRN WIFI : No APs matched to connect
#1195613 06.07.2026 09:32:09 : EVT WIFI : Scann APs (3/3)
#1195614 06.07.2026 09:32:10 : EVT WIFI : APs scanned:13
#1195615 06.07.2026 09:32:10 : WRN WIFI : No APs matched to connect
#1195616 06.07.2026 09:32:10 : EVT WIFI : Internal connect ret:103
#1195617 06.07.2026 09:32:10 : ERR <Unknown> : DL GET resultCode=500
#1195618 06.07.2026 09:32:10 : EVT <Unknown> : DL try retry after 5000 ms
#1195619 06.07.2026 09:32:15 : EVT <Unknown> : DL Region List
#1195620 06.07.2026 09:32:15 : WRN WIFI : No APs matched to connect
#1195621 06.07.2026 09:32:15 : EVT WIFI : Scann APs (1/3)
#1195622 06.07.2026 09:32:16 : EVT WIFI : APs scanned:16
#1195623 06.07.2026 09:32:16 : WRN WIFI : No APs matched to connect
#1195624 06.07.2026 09:32:16 : EVT WIFI : Scann APs (2/3)
#1195625 06.07.2026 09:32:17 : EVT WIFI : APs scanned:15
#1195626 06.07.2026 09:32:17 : WRN WIFI : No APs matched to connect
#1195627 06.07.2026 09:32:17 : EVT WIFI : Scann APs (3/3)
#1195628 06.07.2026 09:32:18 : EVT WIFI : APs scanned:16
#1195629 06.07.2026 09:32:18 : WRN WIFI : No APs matched to connect
#1195630 06.07.2026 09:32:18 : EVT WIFI : Internal connect ret:103
#1195631 06.07.2026 09:32:18 : ERR <Unknown> : DL GET resultCode=500
#1195632 06.07.2026 09:32:18 : EVT <Unknown> : DL try retry after 10000 ms
#1195633 06.07.2026 09:32:28 : EVT <Unknown> : DL Region List
#1195634 06.07.2026 09:32:28 : WRN WIFI : No APs matched to connect
#1195635 06.07.2026 09:32:28 : EVT WIFI : Scann APs (1/3)
#1195636 06.07.2026 09:32:29 : EVT WIFI : APs scanned:10
#1195637 06.07.2026 09:32:29 : WRN WIFI : No APs matched to connect
#1195638 06.07.2026 09:32:29 : EVT WIFI : Scann APs (2/3)
#1195639 06.07.2026 09:32:29 : EVT WIFI : APs scanned:13
#1195640 06.07.2026 09:32:29 : WRN WIFI : No APs matched to connect
#1195641 06.07.2026 09:32:29 : EVT WIFI : Scann APs (3/3)
#1195642 06.07.2026 09:32:30 : TRC FUEL_GAUGE : batFgLevel cur:74%, prev:73%
#1195643 06.07.2026 09:32:30 : EVT WIFI : APs scanned:14
#1195644 06.07.2026 09:32:30 : WRN WIFI : No APs matched to connect
#1195645 06.07.2026 09:32:30 : EVT WIFI : Internal connect ret:103
#1195646 06.07.2026 09:32:30 : ERR <Unknown> : DL GET resultCode=500
#1195647 06.07.2026 09:32:30 : EVT <Unknown> : DL try retry after 20000 ms
#1195648 06.07.2026 09:32:32 : ERR WBMAIN : *0: app 1035 Event 36 80005310
#1195649 06.07.2026 09:32:32 : ERR WBMAIN : 1: mea 51 Wait 0 00000000
#1195650 06.07.2026 09:32:32 : ERR WBMAIN : 2: ui 51 Wait 0 00000000
#1195651 06.07.2026 09:32:32 : ERR WBMAIN : *0: app 826 Event 36 80005310
#1195652 06.07.2026 09:32:32 : ERR WBMAIN : 1: mea 53 Wait 0 00000000
#1195653 06.07.2026 09:32:32 : ERR WBMAIN : 2: ui 52 Wait 0 00000000
#1195654 06.07.2026 09:32:38 : EVT APPLICATION : Plugin zzclimen.zip as type:[2]
#1195655 06.07.2026 09:32:40 : ERR WBMAIN : *0: app 1757 Event 36 80005310
#1195656 06.07.2026 09:32:40 : ERR WBMAIN : 1: mea 22 Wait 0 00000000
#1195657 06.07.2026 09:32:40 : ERR WBMAIN : 2: ui 22 Wait 0 00000000
#1195658 06.07.2026 09:32:41 : ERR WBMAIN : *0: app 835 Event 36 80005310
#1195659 06.07.2026 09:32:41 : ERR WBMAIN : 1: mea 13 Wait 0 00000000
#1195660 06.07.2026 09:32:41 : ERR WBMAIN : 2: ui 11 Wait 0 00000000
#1195661 06.07.2026 09:32:41 : EVT ANALYTICS : #sf R:5 A:Xiamen-fw_2.53.42.29545-V-8b67dbcf
#1195662 06.07.2026 09:32:43 : EVT WIFI : Pwr down idle wifi (TO:13se)
#1195663 06.07.2026 09:32:43 : EVT WIFI : pwr down OK
#1195664 06.07.2026 09:32:50 : EVT <Unknown> : DL Region List
#1195665 06.07.2026 09:32:50 : EVT WIFI : Pwr up
#1195666 06.07.2026 09:32:57 : EVT WIFI : pwr up
#1195667 06.07.2026 09:32:57 : EVT WIFI : SDK Ver(3.2.8.1)
#1195668 06.07.2026 09:32:57 : WRN WIFI : No APs matched to connect
#1195669 06.07.2026 09:32:57 : EVT WIFI : Scann APs (1/3)
#1195670 06.07.2026 09:32:57 : EVT WIFI : APs scanned:16
#1195671 06.07.2026 09:32:57 : WRN WIFI : No APs matched to connect
#1195672 06.07.2026 09:32:57 : EVT WIFI : Scann APs (2/3)
#1195673 06.07.2026 09:32:58 : EVT WIFI : APs scanned:15
#1195674 06.07.2026 09:32:58 : WRN WIFI : No APs matched to connect
#1195675 06.07.2026 09:32:58 : EVT WIFI : Scann APs (3/3)
#1195676 06.07.2026 09:32:59 : EVT WIFI : APs scanned:14
#1195677 06.07.2026 09:32:59 : WRN WIFI : No APs matched to connect
#1195678 06.07.2026 09:32:59 : EVT WIFI : Internal connect ret:103
#1195679 06.07.2026 09:32:59 : ERR <Unknown> : DL GET resultCode=500
#1195680 06.07.2026 09:32:59 : EVT <Unknown> : DL try retry after 40000 ms
#1195681 06.07.2026 09:33:12 : EVT WIFI : Pwr down idle wifi (TO:13se)
#1195682 06.07.2026 09:33:12 : EVT WIFI : pwr down OK
#1195683 06.07.2026 09:33:14 : TRC FUEL_GAUGE : batFgLevel cur:75%, prev:74%
#1195684 06.07.2026 09:33:39 : EVT <Unknown> : DL Region List
#1195685 06.07.2026 09:33:39 : EVT WIFI : Pwr up
#1195686 06.07.2026 09:33:46 : EVT WIFI : pwr up
#1195687 06.07.2026 09:33:46 : EVT WIFI : SDK Ver(3.2.8.1)
#1195688 06.07.2026 09:33:46 : EVT WIFI : Scann APs (1/3)
#1195689 06.07.2026 09:33:47 : EVT WIFI : APs scanned:14
#1195690 06.07.2026 09:33:47 : WRN WIFI : No APs matched to connect
#1195691 06.07.2026 09:33:47 : EVT WIFI : Scann APs (2/3)
#1195692 06.07.2026 09:33:47 : EVT WIFI : APs scanned:14
#1195693 06.07.2026 09:33:47 : WRN WIFI : No APs matched to connect
#1195694 06.07.2026 09:33:47 : EVT WIFI : Scann APs (3/3)
#1195695 06.07.2026 09:33:48 : EVT WIFI : APs scanned:18
#1195696 06.07.2026 09:33:48 : WRN WIFI : No APs matched to connect
#1195697 06.07.2026 09:33:48 : EVT WIFI : Internal connect ret:103
#1195698 06.07.2026 09:33:48 : ERR <Unknown> : DL GET resultCode=500
#1195699 06.07.2026 09:33:48 : EVT <Unknown> : DL try retry after 80000 ms
#1195700 06.07.2026 09:33:58 : TRC FUEL_GAUGE : batFgLevel cur:76%, prev:75%
#1195701 06.07.2026 09:34:01 : EVT WIFI : Pwr down idle wifi (TO:13se)
#1195702 06.07.2026 09:34:01 : EVT WIFI : pwr down OK
#1195703 06.07.2026 09:34:44 : TRC FUEL_GAUGE : batFgLevel cur:77%, prev:76%
#1195704 06.07.2026 09:35:05 : EVT PMIC : PMIC temp zone:0x7
#1195705 06.07.2026 09:35:05 : EVT PMIC : VBUS state is OFF
#1195706 06.07.2026 09:35:05 : EVT PMIC : Turn charge OFF since VBUS->OFF
#1195707 06.07.2026 09:35:05 : TRC FUEL_GAUGE : Chg->0,B:5,C:503.4,V:4360,U:0,bF:77%,bC:77%
#1195708 06.07.2026 09:35:05 : EVT OHR : VBUS off
#1195709 06.07.2026 09:35:05 : EVT OHR : S:ON 0->1
#1195710 06.07.2026 09:35:05 : EVT ANALYTICS : Battery-> 1 soc:77
#1195711 06.07.2026 09:35:05 : EVT OHR : APPINIT:caps 0x1f4, 6b738616
#1195712 06.07.2026 09:35:05 : EVT <Unknown> : 1783323305925:AI@1783323305900, tz120
#1195713 06.07.2026 09:35:05 : EVT OHR : S:start 0x2123
#1195714 06.07.2026 09:35:05 : EVT <Unknown> : 1783323305930:Meas start 0x2123
#1195715 06.07.2026 09:35:06 : EVT <Unknown> : 1783323305944:PD1464, 0
#1195716 06.07.2026 09:35:06 : EVT <Unknown> : 1783323306003:GMV 20251126/1/4/0/395/46
#1195717 06.07.2026 09:35:06 : EVT <Unknown> : 1783323306282:Mi1.6.10, auth 0, hr_mode 0
#1195718 06.07.2026 09:35:06 : EVT WBSTORAGE : CACHE_DEFRAG (456->464, 24->24, 25)
#1195719 06.07.2026 09:35:07 : EVT <Unknown> : 1783323307058:On Skin Set.
#1195720 06.07.2026 09:35:07 : EVT <Unknown> : 1783323307250:Off Skin Set.
#1195721 06.07.2026 09:35:09 : EVT PMIC : VBUS state is ON
#1195722 06.07.2026 09:35:09 : EVT PMIC : chgCntl1:0x70
#1195723 06.07.2026 09:35:09 : EVT PMIC : check chgCntl1:0x74
#1195724 06.07.2026 09:35:09 : EVT PMIC : Turn charge ON since VBUS->ON
#1195725 06.07.2026 09:35:09 : TRC FUEL_GAUGE : Chg->1,B:5,C:352.3,V:4360,U:1,bF:77%,bC:77%
#1195726 06.07.2026 09:35:09 : EVT PMIC : PMIC temp zone:0x2
#1195727 06.07.2026 09:35:09 : EVT PMIC : PMIC Fast-charge constant cur
#1195728 06.07.2026 09:35:10 : EVT OHR : VBUS on
#1195729 06.07.2026 09:35:10 : EVT OHR : S:stop 23
#1195730 06.07.2026 09:35:10 : EVT ANALYTICS : Battery-> 2 soc:77
#1195731 06.07.2026 09:35:10 : EVT <Unknown> : 1783323310135:Meas stop 0x2123
#1195732 06.07.2026 09:35:10 : WRN <Unknown> : 1783323310136:FSM EVT STOP.
#1195733 06.07.2026 09:35:10 : EVT OHR : S:OFF 1->0
#1195734 06.07.2026 09:35:10 : EVT PMIC : VBUS state is ON
#1195735 06.07.2026 09:35:12 : EVT WBCOMM : P-9 connection made to ECSD00000000
#1195736 06.07.2026 09:35:12 : EVT WBCOMM : New Route: ECSD00000000
#1195737 06.07.2026 09:35:16 : ERR WBMAIN : *0: app 1036 Event 36 80005310
#1195738 06.07.2026 09:35:16 : ERR WBMAIN : 1: mea 29 Wait 0 00000000
#1195739 06.07.2026 09:35:16 : ERR WBMAIN : 2: ui 28 Wait 0 00000000
#1195740 06.07.2026 09:35:16 : ERR WBMAIN : *0: app 818 Event 36 80005310
#1195741 06.07.2026 09:35:16 : ERR WBMAIN : 1: mea 92 Wait 0 00000000
#1195742 06.07.2026 09:35:16 : ERR WBMAIN : 2: ui 92 Wait 0 00000000
#1195743 06.07.2026 09:35:18 : EVT ANALYTICS : Sync start
#1195744 06.07.2026 09:35:18 : EVT ANALYTICS : Sync start
#1195745 06.07.2026 09:35:21 : TRC APPLICATION : Zapp zzclimen uninstalled
#1195746 06.07.2026 09:35:23 : ERR WBMAIN : *0: app 1732 Event 36 80005310
#1195747 06.07.2026 09:35:23 : ERR WBMAIN : 1: mea 34 Wait 0 00000000
#1195748 06.07.2026 09:35:23 : ERR WBMAIN : 2: ui 32 Wait 0 00000000
#1195749 06.07.2026 09:35:24 : ERR WBMAIN : *0: app 731 Event 36 80005310
#1195750 06.07.2026 09:35:24 : ERR WBMAIN : 1: mea 71 Wait 0 00000000
#1195751 06.07.2026 09:35:24 : ERR WBMAIN : 2: ui 71 Wait 0 00000000
#1195752 06.07.2026 09:35:25 : EVT ANALYTICS : Sync start
#1195753 06.07.2026 09:35:25 : EVT ANALYTICS : Sync start
#1195754 06.07.2026 09:35:29 : EVT APPLICATION : Plugin climbl01.zip as type:[2]
#1195755 06.07.2026 09:35:31 : ERR WBMAIN : *0: app 1765 Event 36 80005310
#1195756 06.07.2026 09:35:31 : ERR WBMAIN : 1: mea 26 Wait 0 00000000
#1195757 06.07.2026 09:35:31 : ERR WBMAIN : 2: ui 26 Wait 0 00000000
#1195758 06.07.2026 09:35:32 : ERR WBMAIN : *0: app 830 Event 36 80005310
#1195759 06.07.2026 09:35:32 : ERR WBMAIN : 1: mea 24 Wait 0 00000000
#1195760 06.07.2026 09:35:32 : ERR WBMAIN : 2: ui 60 Wait 0 00000000
#1195761 06.07.2026 09:35:33 : EVT ANALYTICS : Sync start
#1195762 06.07.2026 09:35:33 : TRC FUEL_GAUGE : batFgLevel cur:78%, prev:77%
#1195763 06.07.2026 09:35:34 : EVT ANALYTICS : Sync start
#1195764 06.07.2026 09:35:40 : EVT PMIC : PMIC temp zone:0x7
#1195765 06.07.2026 09:35:40 : EVT PMIC : VBUS state is OFF
#1195766 06.07.2026 09:35:40 : EVT PMIC : Turn charge OFF since VBUS->OFF
#1195767 06.07.2026 09:35:40 : EVT WBCOMM : Route lost: ECSD00000000
#1195768 06.07.2026 09:35:40 : TRC FUEL_GAUGE : Chg->0,B:5,C:494.6,V:4351,U:0,bF:78%,bC:78%
#1195769 06.07.2026 09:35:40 : EVT OHR : VBUS off
#1195770 06.07.2026 09:35:40 : EVT OHR : S:ON 0->1
#1195771 06.07.2026 09:35:40 : EVT ANALYTICS : Battery-> 1 soc:78
#1195772 06.07.2026 09:35:40 : EVT OHR : APPINIT:caps 0x1f4, 6b738616
#1195773 06.07.2026 09:35:40 : EVT <Unknown> : 1783323340644:AI@1783323340620, tz120
#1195774 06.07.2026 09:35:40 : EVT OHR : S:start 0x2123
#1195775 06.07.2026 09:35:40 : EVT <Unknown> : 1783323340650:Meas start 0x2123
#1195776 06.07.2026 09:35:40 : EVT <Unknown> : 1783323340664:PD1464, 0
#1195777 06.07.2026 09:35:40 : EVT <Unknown> : 1783323340725:GMV 20251126/1/4/0/395/46
#1195778 06.07.2026 09:35:40 : EVT <Unknown> : 1783323340978:Mi1.6.10, auth 0, hr_mode 0
#1195779 06.07.2026 09:35:41 : EVT ANALYTICS : #sf R:5 A:Xiamen-fw_2.53.42.29545-V-8b67dbcf
#1195780 06.07.2026 09:35:42 : EVT <Unknown> : 1783323341653:On Skin Set.
#1195781 06.07.2026 09:35:46 : EVT <Unknown> : 1783323345605:Off Skin Set.
#1195782 06.07.2026 09:35:47 : EVT <Unknown> : 1783323346357:On Skin Set.
#1195783 06.07.2026 09:35:47 : ERR <Unknown> : 1783323346786:Mi invalid call:100,code:0.
#1195784 06.07.2026 09:35:59 : EVT OHR : new HR update
#1195785 06.07.2026 09:36:00 : ERR WBMAIN : *0: app 1223 Event 36 80005310
#1195786 06.07.2026 09:36:00 : ERR WBMAIN : 1: mea 8 Wait 0 00000000
#1195787 06.07.2026 09:36:00 : ERR WBMAIN : 2: ui 10 Event 24 80992903
#1195788 06.07.2026 09:36:01 : ERR WBMAIN : *0: app 881 Event 36 80005310
#1195789 06.07.2026 09:36:01 : ERR WBMAIN : 1: mea 73 Wait 0 00000000
#1195790 06.07.2026 09:36:01 : ERR WBMAIN : 2: ui 62 Wait 0 00000000
#1195791 06.07.2026 09:36:01 : TRC APPLICATION : Zapp climbl01 uninstalled
#1195792 06.07.2026 09:36:07 : EVT APPLICATION : Plugin zzclimen.zip as type:[2]
#1195793 06.07.2026 09:36:09 : ERR WBMAIN : *0: app 1871 Event 36 80005310
#1195794 06.07.2026 09:36:09 : ERR WBMAIN : 1: mea 45 Wait 0 00000000
#1195795 06.07.2026 09:36:09 : ERR WBMAIN : 2: ui 33 Wait 0 00000000
#1195796 06.07.2026 09:36:10 : ERR WBMAIN : *0: app 881 Event 36 80005310
#1195797 06.07.2026 09:36:10 : ERR WBMAIN : 1: mea 63 Wait 0 00000000
#1195798 06.07.2026 09:36:10 : ERR WBMAIN : 2: ui 51 Wait 0 00000000
#1195799 06.07.2026 09:36:10 : EVT ANALYTICS : Sync start
#1195800 06.07.2026 09:36:11 : EVT ANALYTICS : Sync start
#1195801 06.07.2026 09:36:11 : TRC SETTINGS : UTC:1783323371|60 DST:1|120|1774746000|1792890000
#1195802 06.07.2026 09:36:11 : TRC SETTINGS : TMZ:|Europe/Zurich|
#1195803 06.07.2026 09:36:16 : EVT ANALYTICS : Weather sync ok d:300 f:0
#1195804 06.07.2026 09:36:16 : EVT ANALYTICS : synced city:Zollikon
#1195805 06.07.2026 09:36:16 : EVT GPS : Last known coordinate:lat:473476080, lon:85881443
#1195806 06.07.2026 09:36:17 : EVT ANALYTICS : #sf R:5 A:Xiamen-fw_2.53.42.29545-V-8b67dbcf
#1195807 06.07.2026 09:36:17 : EVT <Unknown> : 1783323376414:SCD DET STATE ON.
#1195808 06.07.2026 09:36:31 : EVT ANALYTICS : #sf R:5 A:Xiamen-fw_2.53.42.29545-V-8b67dbcf
#1195809 06.07.2026 09:36:32 : EVT ANALYTICS : #sf R:5 A:Xiamen-fw_2.53.42.29545-V-8b67dbcf
#1195810 06.07.2026 09:37:04 : EVT ANALYTICS : #sf R:5 A:Xiamen-fw_2.53.42.29545-V-8b67dbcf
#1195811 06.07.2026 09:37:05 : EVT ANALYTICS : #sf R:5 A:Xiamen-fw_2.53.42.29545-V-8b67dbcf
#1195812 06.07.2026 09:37:07 : ERR WBMAIN : *0: app 1039 Event 36 80005310
#1195813 06.07.2026 09:37:07 : ERR WBMAIN : 1: mea 9 Wait 0 00000000
#1195814 06.07.2026 09:37:07 : ERR WBMAIN : 2: ui 7 Wait 0 00000000
#1195815 06.07.2026 09:37:08 : ERR WBMAIN : *0: app 827 Event 36 80005310
#1195816 06.07.2026 09:37:08 : ERR WBMAIN : 1: mea 76 Wait 0 00000000
#1195817 06.07.2026 09:37:08 : ERR WBMAIN : 2: ui 76 Wait 0 00000000
#1195818 06.07.2026 09:37:13 : EVT APPLICATION : Plugin zzclimen.zip as type:[2]
#1195819 06.07.2026 09:37:15 : ERR WBMAIN : *0: app 1758 Event 36 80005310
#1195820 06.07.2026 09:37:15 : ERR WBMAIN : 1: mea 50 Wait 0 00000000
#1195821 06.07.2026 09:37:15 : ERR WBMAIN : 2: ui 50 Wait 0 00000000
#1195822 06.07.2026 09:37:16 : ERR WBMAIN : *0: app 823 Event 36 80005310
#1195823 06.07.2026 09:37:16 : ERR WBMAIN : 1: mea 29 Wait 0 00000000
#1195824 06.07.2026 09:37:16 : ERR WBMAIN : 2: ui 29 Wait 0 00000000
#1195825 06.07.2026 09:40:01 : ERR WBMAIN : *0: app 1095 Event 24 80892700
#1195826 06.07.2026 09:40:01 : ERR WBMAIN : 1: mea 0 Event 3 80891701
#1195827 06.07.2026 09:40:01 : ERR WBMAIN : 2: ui 95 Wait 0 00000000
#1195828 06.07.2026 09:48:40 : TRC FUEL_GAUGE : Batt: 4186 mV (raw: 4185) soc: 78 %, T: 32.9 C,H:102
#1195829 06.07.2026 09:49:30 : EVT ANALYTICS : #sf R:5 A:Xiamen-fw_2.53.42.29545-V-8b67dbcf
#1195830 06.07.2026 09:49:31 : EVT ANALYTICS : Sync start
#1195831 06.07.2026 09:49:31 : EVT ANALYTICS : Sync start
#1195832 06.07.2026 09:49:31 : TRC SETTINGS : UTC:1783324171|60 DST:1|120|1774746000|1792890000
#1195833 06.07.2026 09:49:31 : TRC SETTINGS : TMZ:|Europe/Zurich|
#1195834 06.07.2026 09:49:33 : EVT ANALYTICS : Weather sync ok d:780 f:0
#1195835 06.07.2026 09:49:33 : EVT ANALYTICS : synced city:Zollikon
#1195836 06.07.2026 09:49:33 : EVT GPS : Last known coordinate:lat:473476190, lon:85881710
#1195837 06.07.2026 09:49:33 : EVT ANALYTICS : #sf R:5 A:Xiamen-fw_2.53.42.29545-V-8b67dbcf
#1195838 06.07.2026 09:49:34 : EVT ANALYTICS : #sf R:5 A:Xiamen-fw_2.53.42.29545-V-8b67dbcf
#1195839 06.07.2026 09:51:08 : ERR WBMAIN : *0: app 1169 Event 36 80005310
#1195840 06.07.2026 09:51:08 : ERR WBMAIN : 1: mea 18 Wait 0 00000000
#1195841 06.07.2026 09:51:08 : ERR WBMAIN : 2: ui 18 Wait 0 00000000
#1195842 06.07.2026 09:51:09 : ERR WBMAIN : *0: app 837 Event 36 80005310
#1195843 06.07.2026 09:51:09 : ERR WBMAIN : 1: mea 18 Wait 0 00000000
#1195844 06.07.2026 09:51:09 : ERR WBMAIN : 2: ui 17 Wait 0 00000000
#1195845 06.07.2026 09:51:14 : EVT APPLICATION : Plugin zzclimen.zip as type:[2]
#1195846 06.07.2026 09:51:16 : ERR WBMAIN : *0: app 1752 Event 36 80005310
#1195847 06.07.2026 09:51:16 : ERR WBMAIN : 1: mea 63 Wait 0 00000000
#1195848 06.07.2026 09:51:16 : ERR WBMAIN : 2: ui 63 Wait 0 00000000
#1195849 06.07.2026 09:51:17 : ERR WBMAIN : *0: app 838 Event 36 80005310
#1195850 06.07.2026 09:51:17 : ERR WBMAIN : 1: mea 32 Wait 0 00000000
#1195851 06.07.2026 09:51:17 : ERR WBMAIN : 2: ui 31 Wait 0 00000000
#1195852 06.07.2026 09:51:18 : EVT ANALYTICS : #sf R:5 A:Xiamen-fw_2.53.42.29545-V-8b67dbcf
#1195853 06.07.2026 09:51:20 : ERR WBMAIN : *0: app 1034 Event 36 80005310
#1195854 06.07.2026 09:51:20 : ERR WBMAIN : 1: mea 41 Wait 0 00000000
#1195855 06.07.2026 09:51:20 : ERR WBMAIN : 2: ui 39 Wait 0 00000000
#1195856 06.07.2026 09:51:21 : ERR WBMAIN : *0: app 833 Event 36 80005310
#1195857 06.07.2026 09:51:21 : ERR WBMAIN : 1: mea 18 Wait 0 00000000
#1195858 06.07.2026 09:51:21 : ERR WBMAIN : 2: ui 17 Wait 0 00000000
#1195859 06.07.2026 09:51:26 : EVT APPLICATION : Plugin zzclimen.zip as type:[2]
#1195860 06.07.2026 09:51:28 : ERR WBMAIN : *0: app 1759 Event 36 80005310
#1195861 06.07.2026 09:51:28 : ERR WBMAIN : 1: mea 0 DPC 4 00568931
#1195862 06.07.2026 09:51:28 : ERR WBMAIN : 2: ui 8 Wait 0 00000000
#1195863 06.07.2026 09:51:29 : ERR WBMAIN : *0: app 821 Event 36 80005310
#1195864 06.07.2026 09:51:29 : ERR WBMAIN : 1: mea 88 Wait 0 00000000
#1195865 06.07.2026 09:51:29 : ERR WBMAIN : 2: ui 87 Wait 0 00000000
#1195866 06.07.2026 09:51:29 : EVT ANALYTICS : #sf R:5 A:Xiamen-fw_2.53.42.29545-V-8b67dbcf
#1195867 06.07.2026 10:00:00 : ERR WBMAIN : *0: app 768 Event 24 80892700
#1195868 06.07.2026 10:00:00 : ERR WBMAIN : 1: mea 0 Event 3 80891701
#1195869 06.07.2026 10:00:00 : ERR WBMAIN : 2: ui 83 Wait 0 00000000
#1195870 06.07.2026 10:00:00 : EVT <Unknown> : pwr daily,ontime:10
#1195871 06.07.2026 10:00:00 : EVT WBSTORAGE : CACHE_DEFRAG (376->384, 24->24, 25)
#1195872 06.07.2026 10:00:00 : EVT WEATHER : t:495367, d:1
#1195873 06.07.2026 10:06:40 : TRC FUEL_GAUGE : batFgLevel cur:77%, prev:78%
#1195874 06.07.2026 10:09:41 : ERR WBMAIN : *0: app 946 Event 24 80892700
#1195875 06.07.2026 10:09:41 : ERR WBMAIN : 1: mea 63 Wait 0 00000000
#1195876 06.07.2026 10:09:41 : ERR WBMAIN : 2: ui 7 Wait 0 00000000
#1195877 06.07.2026 10:11:17 : EVT WBSTORAGE : CACHE_DEFRAG (272->288, 24->24, 25)
#1195878 06.07.2026 10:11:17 : TRC NAVIGATION : CG: no climb WP
#1195879 06.07.2026 10:11:17 : TRC NAVIGATION : CG:init ZoomType=0
#1195880 06.07.2026 10:11:17 : EVT NAVIGATION : initSeg Idx=0 D=1 T=0 3-0-4
#1195881 06.07.2026 10:11:18 : EVT ALTIFUSION : AltiBaroMode:0
#1195882 06.07.2026 10:11:18 : EVT ALTIFUSION : Init AltiBaro
#1195883 06.07.2026 10:11:18 : EVT APPLICATION : Zapp zwc05901:Disable
#1195884 06.07.2026 10:11:18 : EVT ANALYTICS : Zapp disabled i:3 h:ddb248f2 n:Vector classic
#1195885 06.07.2026 10:11:18 : EVT ANALYTICS : SleepQ:Tracking:On
#1195886 06.07.2026 10:11:18 : EVT ALTIFUSION : AltiBaroMode:0
#1195887 06.07.2026 10:11:18 : EVT ALTIFUSION : Init AltiBaro
#1195888 06.07.2026 10:11:18 : EVT UI_FRAMEWORK : JS nsto enable zapp: zzwethen
#1195889 06.07.2026 10:11:18 : EVT UI_FRAMEWORK : JS nsto enable zapp: climbl01
#1195890 06.07.2026 10:11:18 : EVT UI_FRAMEWORK : JS nsto enable zapp: zzmoveen
#1195891 06.07.2026 10:11:18 : EVT APPLICATION : Zapp zzwethen:Load script
#1195892 06.07.2026 10:11:18 : EVT APPLICATION : Zapp zzwethen:Enable
#1195893 06.07.2026 10:11:18 : EVT ANALYTICS : Zapp enabled i:8 h:3f77f8ec n:zzwethen v:ade
#1195894 06.07.2026 10:11:18 : EVT APPLICATION : Zapp clid:32878
#1195895 06.07.2026 10:11:18 : EVT APPLICATION : Zapp zzmoveen:Load script
#1195896 06.07.2026 10:11:18 : EVT APPLICATION : Zapp zzmoveen:Enable
#1195897 06.07.2026 10:11:18 : EVT ANALYTICS : Zapp enabled i:6 h:7aac0887 n:zzmoveen v:8e0
#1195898 06.07.2026 10:11:18 : EVT UI_FRAMEWORK : evalFile: b:/zapp/zzmoveen.fea/ext1.js from ui
#1195899 06.07.2026 10:11:18 : EVT APPLICATION : Zapp clid:32879
#1195900 06.07.2026 10:11:18 : EVT UI_FRAMEWORK : JS nsto all zapps enabled.
#1195901 06.07.2026 10:11:18 : EVT UI_FRAMEWORK : JS Prestart Activity Id: 16.000
#1195902 06.07.2026 10:11:18 : WRN WBAPI : eID-691468(277): /Dive/Alarms/Acknowledge 404
#1195903 06.07.2026 10:11:18 : WRN WBAPI : eID-691468(277): /Dive/DiveGases 404
#1195904 06.07.2026 10:11:18 : WRN WBAPI : eID-691468(277): /Dive/Gauge/Next 404
#1195905 06.07.2026 10:11:18 : EVT WBSTORAGE : CACHE_DEFRAG (240->888, 24->24, 25)
#1195906 06.07.2026 10:11:18 : EVT WBSTORAGE : CACHE_DEFRAG (816->824, 24->24, 25)
#1195907 06.07.2026 10:11:18 : EVT WBSTORAGE : CACHE_DEFRAG (752->760, 24->24, 25)
#1195908 06.07.2026 10:11:19 : EVT BLE : BLE Sensor Link 4800180D Conn (--E-:00:1)
#1195909 06.07.2026 10:11:19 : WRN BLE : sendConnect 6157
#1195910 06.07.2026 10:11:19 : EVT GPS : LocationProviderImpl:sub Best
#1195911 06.07.2026 10:11:19 : TRC GPS : Full GNSS data subd l:15 c:80160010
#1195912 06.07.2026 10:11:19 : WRN WBAPI : eID-691468(277): /Dive/TankPressure/Alarm/Count 404
#1195913 06.07.2026 10:11:19 : EVT SPEEDFUSION : INFO # start speed fusion
#1195914 06.07.2026 10:11:19 : EVT SPEEDFUSION : Act:16,Acc:0,BPod:0,FPod:0,PPod:0,BeltPod:1
#1195915 06.07.2026 10:11:19 : EVT SPEEDFUSION : INFO # Start algo without wrist acc
#1195916 06.07.2026 10:11:19 : EVT <Unknown> : Update pres sampl intrvl:1
#1195917 06.07.2026 10:11:19 : TRC GPS : Power enabled
#1195918 06.07.2026 10:11:19 : EVT OHR : S:start 0x21a3
#1195919 06.07.2026 10:11:19 : EVT <Unknown> : 1783325479692:Meas start 0x21a3
#1195920 06.07.2026 10:11:21 : TRC GPS : Stat report:1
#1195921 06.07.2026 10:11:21 : TRC GPS : @GTIM 2026 7 6 8 11 21
#1195922 06.07.2026 10:11:21 : TRC GPS : Done:GTI
#1195923 06.07.2026 10:11:21 : TRC GPS : GNS setting 0x1fcb
#1195924 06.07.2026 10:11:21 : TRC GPS : @GSR
#1195925 06.07.2026 10:11:22 : TRC GPS : Done:GSR
#1195926 06.07.2026 10:11:29 : EVT BLE : lt,scan 1
#1195927 06.07.2026 10:11:29 : WRN BLE : sendDisconnect 6157
#1195928 06.07.2026 10:11:29 : ERR BLE : [AURA]No filters left, stopping scan
#1195929 06.07.2026 10:11:29 : ERR BLE : [AURA]Filter with handle 72 not found
#1195930 06.07.2026 10:11:29 : EVT BLE : packet 0 sensor found count 1
#1195931 06.07.2026 10:11:29 : EVT BLE : packet 0 sensor found count 2
#1195932 06.07.2026 10:11:29 : EVT ANALYTICS : #FusHr src:2 time:10199
#1195933 06.07.2026 10:11:37 : EVT <Unknown> : 1783325497573:Off Skin Set.
#1195934 06.07.2026 10:11:38 : EVT <Unknown> : 1783325497949:On Skin Set.
#1195935 06.07.2026 10:11:38 : EVT <Unknown> : 1783325498221:Off Skin Set.
#1195936 06.07.2026 10:11:41 : EVT PMIC : VBUS state is ON
#1195937 06.07.2026 10:11:41 : EVT PMIC : chgCntl1:0x70
#1195938 06.07.2026 10:11:41 : EVT PMIC : check chgCntl1:0x74
#1195939 06.07.2026 10:11:41 : EVT PMIC : Turn charge ON since VBUS->ON
#1195940 06.07.2026 10:11:41 : EVT PMIC : PMIC temp zone:0x2
#1195941 06.07.2026 10:11:41 : EVT PMIC : PMIC Fast-charge constant cur
#1195942 06.07.2026 10:11:41 : EVT OHR : VBUS on
#1195943 06.07.2026 10:11:41 : EVT OHR : S:stop a3
#1195944 06.07.2026 10:11:41 : EVT <Unknown> : 1783325501075:Meas stop 0x21a3
#1195945 06.07.2026 10:11:41 : EVT PMIC : VBUS state is ON
#1195946 06.07.2026 10:11:41 : WRN <Unknown> : 1783325501076:FSM EVT STOP.
#1195947 06.07.2026 10:11:41 : EVT OHR : S:OFF 1->0
#1195948 06.07.2026 10:11:42 : EVT PMIC : PMIC temp zone:0x7
#1195949 06.07.2026 10:11:42 : EVT OHR : No HR update, invalidate by timer
#1195950 06.07.2026 10:11:42 : EVT PMIC : VBUS state is OFF
#1195951 06.07.2026 10:11:42 : EVT PMIC : Turn charge OFF since VBUS->OFF
#1195952 06.07.2026 10:11:42 : EVT OHR : VBUS off
#1195953 06.07.2026 10:11:42 : EVT OHR : S:ON 0->1
#1195954 06.07.2026 10:11:42 : EVT OHR : APPINIT:caps 0x1f4, 6b738616
#1195955 06.07.2026 10:11:42 : EVT <Unknown> : 1783325502934:AI@1783325502910, tz120
#1195956 06.07.2026 10:11:42 : EVT OHR : S:start 0x21a3
#1195957 06.07.2026 10:11:42 : EVT <Unknown> : 1783325502939:Meas start 0x21a3
#1195958 06.07.2026 10:11:43 : EVT <Unknown> : 1783325502954:PD1464, 0
#1195959 06.07.2026 10:11:43 : EVT <Unknown> : 1783325503040:GMV 20251126/1/4/0/395/46
#1195960 06.07.2026 10:11:43 : EVT <Unknown> : 1783325503294:Mi1.6.10, auth 0, hr_mode 0
#1195961 06.07.2026 10:11:44 : EVT PMIC : VBUS state is ON
#1195962 06.07.2026 10:11:44 : EVT PMIC : chgCntl1:0x70
#1195963 06.07.2026 10:11:44 : EVT PMIC : check chgCntl1:0x74
#1195964 06.07.2026 10:11:44 : EVT PMIC : Turn charge ON since VBUS->ON
#1195965 06.07.2026 10:11:44 : TRC FUEL_GAUGE : Chg->1,B:5,C:35.6,V:4181,U:1,bF:77%,bC:77%
#1195966 06.07.2026 10:11:44 : EVT PMIC : PMIC temp zone:0x2
#1195967 06.07.2026 10:11:44 : EVT PMIC : PMIC Fast-charge constant cur
#1195968 06.07.2026 10:11:44 : EVT OHR : VBUS on
#1195969 06.07.2026 10:11:44 : EVT OHR : S:stop a3
#1195970 06.07.2026 10:11:44 : EVT <Unknown> : 1783325504313:Meas stop 0x21a3
#1195971 06.07.2026 10:11:44 : EVT ANALYTICS : Battery-> 2 soc:77
#1195972 06.07.2026 10:11:44 : WRN <Unknown> : 1783325504314:FSM EVT STOP.
#1195973 06.07.2026 10:11:44 : EVT OHR : S:OFF 1->0
#1195974 06.07.2026 10:11:44 : EVT PMIC : VBUS state is ON
#1195975 06.07.2026 10:11:46 : TRC FUEL_GAUGE : batFgLevel cur:78%, prev:77%
#1195976 06.07.2026 10:11:52 : EVT WBCOMM : P-9 connection made to ECSD00000000
#1195977 06.07.2026 10:11:52 : EVT WBCOMM : New Route: ECSD00000000
#1195978 06.07.2026 10:11:55 : ERR WBMAIN : *0: app 1011 Event 36 80005310
#1195979 06.07.2026 10:11:55 : ERR WBMAIN : 1: mea 1 Wait 0 00000000
#1195980 06.07.2026 10:11:55 : ERR WBMAIN : 2: ui 250 Wait 0 00000000
#1195981 06.07.2026 10:11:56 : ERR WBMAIN : *0: app 806 Event 36 80005310
#1195982 06.07.2026 10:11:56 : ERR WBMAIN : 1: mea 36 Wait 0 00000000
#1195983 06.07.2026 10:11:56 : ERR WBMAIN : 2: ui 397 Wait 0 00000000
#1195984 06.07.2026 10:11:57 : EVT ANALYTICS : Sync start
#1195985 06.07.2026 10:11:57 : EVT ANALYTICS : Sync start
#1195986 06.07.2026 10:12:00 : EVT SEDENTARY : stop monitoring
#1195987 06.07.2026 10:12:30 : WRN WBCOMM : Route ECSD00000000 error 504: Connection broken - no mes
#1195988 06.07.2026 10:12:30 : EVT WBCOMM : Route lost: ECSD00000000
#1195989 06.07.2026 10:12:32 : TRC FUEL_GAUGE : batFgLevel cur:79%, prev:78%
#1195990 06.07.2026 10:13:16 : TRC FUEL_GAUGE : batFgLevel cur:80%, prev:79%
#1195991 06.07.2026 10:13:32 : EVT PMIC : PMIC Fast-charge constant voltage
#1195992 06.07.2026 10:13:49 : EVT PMIC : PMIC Fast-charge constant cur
#1195993 06.07.2026 10:13:49 : EVT PMIC : PMIC Fast-charge constant cur
#1195994 06.07.2026 10:13:49 : EVT PMIC : PMIC Fast-charge constant cur
#1195995 06.07.2026 10:13:49 : EVT PMIC : PMIC Fast-charge constant cur
#1195996 06.07.2026 10:13:49 : EVT PMIC : PMIC Fast-charge constant cur
#1195997 06.07.2026 10:13:49 : EVT PMIC : PMIC temp zone:0x7
#1195998 06.07.2026 10:13:49 : EVT PMIC : VBUS state is OFF
#1195999 06.07.2026 10:13:49 : EVT PMIC : Turn charge OFF since VBUS->OFF
#1196000 06.07.2026 10:13:49 : TRC FUEL_GAUGE : Chg->0,B:5,C:485.2,V:4386,U:0,bF:80%,bC:80%
#1196001 06.07.2026 10:13:49 : EVT OHR : VBUS off
#1196002 06.07.2026 10:13:49 : EVT OHR : S:ON 0->1
#1196003 06.07.2026 10:13:50 : EVT ANALYTICS : Battery-> 1 soc:80
#1196004 06.07.2026 10:13:50 : EVT OHR : APPINIT:caps 0x1f4, 6b738616
#1196005 06.07.2026 10:13:50 : EVT <Unknown> : 1783325630334:AI@1783325630310, tz120
#1196006 06.07.2026 10:13:50 : EVT OHR : S:start 0x21a3
#1196007 06.07.2026 10:13:50 : EVT <Unknown> : 1783325630341:Meas start 0x21a3
#1196008 06.07.2026 10:13:50 : EVT <Unknown> : 1783325630356:PD1464, 0
#1196009 06.07.2026 10:13:50 : EVT <Unknown> : 1783325630418:GMV 20251126/1/4/0/395/46
#1196010 06.07.2026 10:13:50 : EVT <Unknown> : 1783325630672:Mi1.6.10, auth 0, hr_mode 0
#1196011 06.07.2026 10:13:51 : EVT PMIC : VBUS state is ON
#1196012 06.07.2026 10:13:51 : EVT PMIC : chgCntl1:0x70
#1196013 06.07.2026 10:13:51 : EVT PMIC : check chgCntl1:0x74
#1196014 06.07.2026 10:13:51 : EVT PMIC : Turn charge ON since VBUS->ON
#1196015 06.07.2026 10:13:51 : TRC FUEL_GAUGE : Chg->1,B:5,C:411.4,V:4386,U:1,bF:80%,bC:80%
#1196016 06.07.2026 10:13:51 : EVT PMIC : PMIC temp zone:0x2
#1196017 06.07.2026 10:13:51 : EVT PMIC : PMIC Fast-charge constant cur
#1196018 06.07.2026 10:13:51 : EVT OHR : VBUS on
#1196019 06.07.2026 10:13:51 : EVT OHR : S:stop a3
#1196020 06.07.2026 10:13:51 : EVT <Unknown> : 1783325631950:Meas stop 0x21a3
#1196021 06.07.2026 10:13:51 : EVT ANALYTICS : Battery-> 2 soc:80
#1196022 06.07.2026 10:13:52 : WRN <Unknown> : 1783325631950:FSM EVT STOP.
#1196023 06.07.2026 10:13:52 : EVT OHR : S:OFF 1->0
#1196024 06.07.2026 10:13:52 : EVT PMIC : VBUS state is ON
#1196025 06.07.2026 10:13:54 : EVT PMIC : PMIC Fast-charge constant voltage
#1196026 06.07.2026 10:14:01 : EVT LOGGER : HrIbiLogger stop, off (0 ms)
#1196027 06.07.2026 10:14:02 : EVT WBSTORAGE : CACHE_DEFRAG (672->832, 24->24, 25)
#1196028 06.07.2026 10:14:02 : EVT WBSTORAGE : CACHE_DEFRAG (816->824, 24->24, 25)
#1196029 06.07.2026 10:14:02 : TRC NAVIGATION : CG: no climb WP
#1196030 06.07.2026 10:14:02 : TRC NAVIGATION : CG:init ZoomType=0
#1196031 06.07.2026 10:14:02 : EVT NAVIGATION : initSeg Idx=0 D=1 T=0 3-0-4
#1196032 06.07.2026 10:14:02 : EVT WBSTORAGE : CACHE_DEFRAG (808->1024, 24->24, 25)
#1196033 06.07.2026 10:14:02 : EVT SPEEDFUSION : INFO # IDLE mode(-1) set
#1196034 06.07.2026 10:14:02 : EVT ALTIFUSION : AltiBaroMode:2
#1196035 06.07.2026 10:14:02 : EVT GPS : LocationProviderImpl:sub Passive
#1196036 06.07.2026 10:14:02 : TRC GPS : Full GNSS data subd l:0 c:80160010
#1196037 06.07.2026 10:14:02 : EVT APPLICATION : Zapp zzmoveen:Disable
#1196038 06.07.2026 10:14:02 : TRC GPS : GnssServiceLevel::PASSIVE
#1196039 06.07.2026 10:14:02 : TRC GPS : @GSTP
#1196040 06.07.2026 10:14:02 : EVT ANALYTICS : Zapp disabled i:6 h:7aac0887 n:Movement
#1196041 06.07.2026 10:14:02 : EVT UI_FRAMEWORK : evalFile: b:/zapp/zzmoveen.fea/ext2.js from ui
#1196042 06.07.2026 10:14:02 : EVT APPLICATION : Zapp zzwethen:Disable
#1196043 06.07.2026 10:14:02 : EVT ANALYTICS : Zapp disabled i:8 h:3f77f8ec n:Weather
#1196044 06.07.2026 10:14:02 : EVT SPEEDFUSION : INFO # stop speed fusion
#1196045 06.07.2026 10:14:02 : EVT <Unknown> : Update pres sampl intrvl:5
#1196046 06.07.2026 10:14:02 : EVT ANALYTICS : SleepQ:Tracking:On
#1196047 06.07.2026 10:14:02 : EVT WBSTORAGE : CACHE_DEFRAG (1000->1008, 24->24, 25)
#1196048 06.07.2026 10:14:03 : EVT BLE : Disconn sensor:1
#1196049 06.07.2026 10:14:03 : EVT BLE : BLE Sensor Link 4800180D Disc (L-E-:00:0)
#1196050 06.07.2026 10:14:03 : WRN BLE : sendDisconnect 6157
#1196051 06.07.2026 10:14:03 : ERR BLE : [AURA]No filters left, stopping scan
#1196052 06.07.2026 10:14:03 : EVT APPLICATION : Zapp zwc05901:Load script
#1196053 06.07.2026 10:14:03 : EVT APPLICATION : Zapp zwc05901:Enable
#1196054 06.07.2026 10:14:03 : EVT ANALYTICS : Zapp enabled i:3 h:ddb248f2 n:zwc05901 v:124f
#1196055 06.07.2026 10:14:03 : WRN WBAPI : eID-691468(277): /Weather/Current/ValidWeatherData.temp 
#1196056 06.07.2026 10:14:03 : TRC FUEL_GAUGE : batFgLevel cur:81%, prev:80%
#1196057 06.07.2026 10:14:03 : TRC GPS : @BUP
#1196058 06.07.2026 10:14:03 : EVT ANALYTICS : #sf R:5 A:Xiamen-fw_2.53.42.29545-V-8b67dbcf
#1196059 06.07.2026 10:14:04 : EVT PMIC : PMIC temp zone:0x7
#1196060 06.07.2026 10:14:04 : EVT PMIC : VBUS state is OFF
#1196061 06.07.2026 10:14:04 : EVT PMIC : Turn charge OFF since VBUS->OFF
#1196062 06.07.2026 10:14:04 : TRC FUEL_GAUGE : Chg->0,B:5,C:462.4,V:4387,U:0,bF:81%,bC:81%
#1196063 06.07.2026 10:14:04 : EVT OHR : VBUS off
#1196064 06.07.2026 10:14:04 : EVT OHR : S:ON 0->1
#1196065 06.07.2026 10:14:05 : TRC GPS : Done:BUP
#1196066 06.07.2026 10:14:05 : EVT ANALYTICS : Battery-> 1 soc:81
#1196067 06.07.2026 10:14:05 : TRC GPS : Power disabled
#1196068 06.07.2026 10:14:05 : EVT OHR : APPINIT:caps 0x1f4, 6b738616
#1196069 06.07.2026 10:14:05 : EVT <Unknown> : 1783325645334:AI@1783325645310, tz120
#1196070 06.07.2026 10:14:05 : EVT OHR : S:start 0x2123
#1196071 06.07.2026 10:14:05 : EVT <Unknown> : 1783325645341:Meas start 0x2123
#1196072 06.07.2026 10:14:05 : EVT <Unknown> : 1783325645356:PD1464, 0
#1196073 06.07.2026 10:14:05 : EVT <Unknown> : 1783325645422:GMV 20251126/1/4/0/395/46
#1196074 06.07.2026 10:14:05 : EVT <Unknown> : 1783325645676:Mi1.6.10, auth 0, hr_mode 0
#1196075 06.07.2026 10:14:05 : EVT PMIC : VBUS state is ON
#1196076 06.07.2026 10:14:05 : EVT PMIC : chgCntl1:0x70
#1196077 06.07.2026 10:14:05 : EVT PMIC : check chgCntl1:0x74
#1196078 06.07.2026 10:14:05 : EVT PMIC : Turn charge ON since VBUS->ON
#1196079 06.07.2026 10:14:05 : TRC FUEL_GAUGE : Chg->1,B:5,C:432.7,V:4387,U:1,bF:81%,bC:81%
#1196080 06.07.2026 10:14:05 : EVT PMIC : PMIC temp zone:0x2
#1196081 06.07.2026 10:14:05 : EVT PMIC : PMIC Fast-charge constant cur
#1196082 06.07.2026 10:14:05 : EVT OHR : VBUS on
#1196083 06.07.2026 10:14:05 : EVT OHR : S:stop 23
#1196084 06.07.2026 10:14:05 : EVT ANALYTICS : Battery-> 2 soc:81
#1196085 06.07.2026 10:14:05 : EVT PMIC : PMIC Fast-charge constant cur
#1196086 06.07.2026 10:14:05 : EVT <Unknown> : 1783325645977:Meas stop 0x2123
#1196087 06.07.2026 10:14:06 : WRN <Unknown> : 1783325645977:FSM EVT STOP.
#1196088 06.07.2026 10:14:06 : EVT OHR : S:OFF 1->0
#1196089 06.07.2026 10:14:06 : EVT PMIC : PMIC Fast-charge constant voltage
#1196090 06.07.2026 10:14:06 : EVT PMIC : VBUS state is ON
#1196091 06.07.2026 10:14:06 : EVT OHR : No HR update, invalidate by timer
#1196092 06.07.2026 10:14:07 : EVT PMIC : PMIC Fast-charge constant cur
#1196093 06.07.2026 10:14:07 : EVT PMIC : PMIC Fast-charge constant voltage
#1196094 06.07.2026 10:14:20 : EVT WBSTORAGE : CACHE_DEFRAG (880->888, 24->24, 25)
#1196095 06.07.2026 10:14:20 : EVT WBSTORAGE : CACHE_DEFRAG (856->864, 24->24, 25)
#1196096 06.07.2026 10:14:20 : EVT WBSTORAGE : CACHE_DEFRAG (816->824, 24->24, 25)
#1196097 06.07.2026 10:14:20 : EVT <Unknown> : DL Region List
#1196098 06.07.2026 10:14:20 : EVT WIFI : Pwr up
#1196099 06.07.2026 10:14:26 : EVT PMIC : PMIC temp zone:0x7
#1196100 06.07.2026 10:14:26 : EVT PMIC : VBUS state is OFF
#1196101 06.07.2026 10:14:26 : EVT PMIC : Turn charge OFF since VBUS->OFF
#1196102 06.07.2026 10:14:26 : TRC FUEL_GAUGE : Chg->0,B:5,C:472.9,V:4393,U:0,bF:81%,bC:81%
#1196103 06.07.2026 10:14:26 : EVT OHR : VBUS off
#1196104 06.07.2026 10:14:26 : EVT OHR : S:ON 0->1
#1196105 06.07.2026 10:14:27 : EVT ANALYTICS : Battery-> 1 soc:81
#1196106 06.07.2026 10:14:27 : EVT OHR : APPINIT:caps 0x1f4, 6b738616
#1196107 06.07.2026 10:14:27 : EVT <Unknown> : 1783325667094:AI@1783325667070, tz120
#1196108 06.07.2026 10:14:27 : EVT OHR : S:start 0x2123
#1196109 06.07.2026 10:14:27 : EVT <Unknown> : 1783325667103:Meas start 0x2123
#1196110 06.07.2026 10:14:27 : EVT <Unknown> : 1783325667117:PD1464, 0
#1196111 06.07.2026 10:14:27 : EVT <Unknown> : 1783325667177:GMV 20251126/1/4/0/395/46
#1196112 06.07.2026 10:14:27 : EVT WIFI : pwr up
#1196113 06.07.2026 10:14:27 : EVT WIFI : SDK Ver(3.2.8.1)
#1196114 06.07.2026 10:14:27 : EVT <Unknown> : 1783325667439:Mi1.6.10, auth 0, hr_mode 0
#1196115 06.07.2026 10:14:27 : EVT WIFI : Scann APs (1/3)
#1196116 06.07.2026 10:14:28 : EVT WIFI : APs scanned:9
#1196117 06.07.2026 10:14:28 : EVT WBSTORAGE : CACHE_DEFRAG (808->816, 24->24, 25)
#1196118 06.07.2026 10:14:28 : WRN WIFI : No APs matched to connect
#1196119 06.07.2026 10:14:28 : EVT WIFI : Scann APs (2/3)
#1196120 06.07.2026 10:14:28 : EVT PMIC : VBUS state is ON
#1196121 06.07.2026 10:14:28 : EVT PMIC : chgCntl1:0x70
#1196122 06.07.2026 10:14:28 : EVT PMIC : check chgCntl1:0x74
#1196123 06.07.2026 10:14:28 : EVT PMIC : Turn charge ON since VBUS->ON
#1196124 06.07.2026 10:14:28 : TRC FUEL_GAUGE : Chg->1,B:5,C:398.6,V:4393,U:1,bF:81%,bC:81%
#1196125 06.07.2026 10:14:28 : EVT PMIC : PMIC temp zone:0x2
#1196126 06.07.2026 10:14:28 : EVT PMIC : PMIC Fast-charge constant cur
#1196127 06.07.2026 10:14:28 : EVT PMIC : PMIC Fast-charge constant voltage
#1196128 06.07.2026 10:14:28 : EVT OHR : VBUS on
#1196129 06.07.2026 10:14:28 : EVT OHR : S:stop 23
#1196130 06.07.2026 10:14:28 : EVT ANALYTICS : Battery-> 2 soc:81
#1196131 06.07.2026 10:14:28 : EVT <Unknown> : 1783325668800:Meas stop 0x2123
#1196132 06.07.2026 10:14:28 : WRN <Unknown> : 1783325668800:FSM EVT STOP.
#1196133 06.07.2026 10:14:28 : EVT OHR : S:OFF 1->0
#1196134 06.07.2026 10:14:28 : EVT PMIC : VBUS state is ON
#1196135 06.07.2026 10:14:29 : EVT WIFI : APs scanned:8
#1196136 06.07.2026 10:14:29 : WRN WIFI : No APs matched to connect
#1196137 06.07.2026 10:14:29 : EVT WIFI : Scann APs (3/3)
#1196138 06.07.2026 10:14:29 : EVT WIFI : APs scanned:7
#1196139 06.07.2026 10:14:29 : WRN WIFI : No APs matched to connect
#1196140 06.07.2026 10:14:29 : EVT WIFI : Internal connect ret:103
#1196141 06.07.2026 10:14:29 : ERR <Unknown> : DL GET resultCode=500
#1196142 06.07.2026 10:14:29 : EVT <Unknown> : DL try retry after 160000 ms
#1196143 06.07.2026 10:14:39 : EVT WBCOMM : P-9 connection made to ECSD00000000
#1196144 06.07.2026 10:14:39 : EVT WBCOMM : New Route: ECSD00000000
#1196145 06.07.2026 10:14:43 : ERR WBMAIN : *0: app 1025 Event 36 80005310
#1196146 06.07.2026 10:14:43 : ERR WBMAIN : 1: mea 74 Wait 0 00000000
#1196147 06.07.2026 10:14:43 : ERR WBMAIN : 2: ui 73 Wait 0 00000000
#1196148 06.07.2026 10:14:43 : EVT WIFI : Pwr down idle wifi (TO:13se)
#1196149 06.07.2026 10:14:43 : EVT WIFI : pwr down OK
#1196150 06.07.2026 10:14:43 : ERR WBMAIN : *0: app 813 Event 36 80005310
#1196151 06.07.2026 10:14:43 : ERR WBMAIN : 1: mea 13 Wait 0 00000000
#1196152 06.07.2026 10:14:43 : ERR WBMAIN : 2: ui 13 Wait 0 00000000
#1196153 06.07.2026 10:14:45 : EVT ANALYTICS : Sync start
#1196154 06.07.2026 10:14:45 : EVT ANALYTICS : Sync start
#1196155 06.07.2026 10:14:56 : TRC FUEL_GAUGE : batFgLevel cur:82%, prev:81%
#1196156 06.07.2026 10:15:28 : TRC APPLICATION : Zapp zzclimen uninstalled
#1196157 06.07.2026 10:15:29 : ERR WBMAIN : *0: app 1655 Event 36 80005310
#1196158 06.07.2026 10:15:29 : ERR WBMAIN : 1: mea 39 Wait 0 00000000
#1196159 06.07.2026 10:15:29 : ERR WBMAIN : 2: ui 846 Wait 0 00000000
#1196160 06.07.2026 10:15:30 : ERR WBMAIN : *0: app 699 Event 36 80005310
#1196161 06.07.2026 10:15:30 : ERR WBMAIN : 1: mea 553 Wait 0 00000000
#1196162 06.07.2026 10:15:30 : ERR WBMAIN : 2: ui 552 Wait 0 00000000
#1196163 06.07.2026 10:15:31 : EVT ANALYTICS : Sync start
#1196164 06.07.2026 10:15:31 : EVT ANALYTICS : Sync start
#1196165 06.07.2026 10:15:35 : EVT APPLICATION : Plugin climbl01.zip as type:[2]
#1196166 06.07.2026 10:15:37 : ERR WBMAIN : *0: app 1759 Event 36 80005310
#1196167 06.07.2026 10:15:37 : ERR WBMAIN : 1: mea 52 Wait 0 00000000
#1196168 06.07.2026 10:15:37 : ERR WBMAIN : 2: ui 52 Wait 0 00000000
#1196169 06.07.2026 10:15:38 : ERR WBMAIN : *0: app 818 Event 36 80005310
#1196170 06.07.2026 10:15:38 : ERR WBMAIN : 1: mea 54 Wait 0 00000000
#1196171 06.07.2026 10:15:38 : ERR WBMAIN : 2: ui 75 Wait 0 00000000
#1196172 06.07.2026 10:15:39 : EVT ANALYTICS : Sync start
#1196173 06.07.2026 10:15:40 : EVT ANALYTICS : Sync start
#1196174 06.07.2026 10:15:44 : EVT PMIC : PMIC Fast-charge constant cur
#1196175 06.07.2026 10:15:44 : EVT PMIC : PMIC temp zone:0x7
#1196176 06.07.2026 10:15:44 : EVT PMIC : VBUS state is OFF
#1196177 06.07.2026 10:15:44 : EVT PMIC : Turn charge OFF since VBUS->OFF
#1196178 06.07.2026 10:15:44 : EVT WBCOMM : Route lost: ECSD00000000
#1196179 06.07.2026 10:15:44 : TRC FUEL_GAUGE : Chg->0,B:5,C:433.3,V:4408,U:0,bF:82%,bC:82%
#1196180 06.07.2026 10:15:44 : EVT OHR : VBUS off
#1196181 06.07.2026 10:15:44 : EVT OHR : S:ON 0->1
#1196182 06.07.2026 10:15:44 : EVT ANALYTICS : Battery-> 1 soc:82
#1196183 06.07.2026 10:15:44 : EVT OHR : APPINIT:caps 0x1f4, 6b738616
#1196184 06.07.2026 10:15:44 : EVT <Unknown> : 1783325744724:AI@1783325744700, tz120
#1196185 06.07.2026 10:15:44 : EVT OHR : S:start 0x2123
#1196186 06.07.2026 10:15:44 : EVT <Unknown> : 1783325744730:Meas start 0x2123
#1196187 06.07.2026 10:15:45 : EVT <Unknown> : 1783325744745:PD1464, 0
#1196188 06.07.2026 10:15:45 : EVT <Unknown> : 1783325744809:GMV 20251126/1/4/0/395/46
#1196189 06.07.2026 10:15:45 : EVT <Unknown> : 1783325745063:Mi1.6.10, auth 0, hr_mode 0
#1196190 06.07.2026 10:15:45 : EVT <Unknown> : 1783325745314:On Skin Set.
#1196191 06.07.2026 10:15:49 : ERR <Unknown> : 1783325749328:Mi invalid call:100,code:0.
#1196192 06.07.2026 10:16:01 : EVT OHR : new HR update
#1196193 06.07.2026 10:16:15 : EVT <Unknown> : 1783325775752:SCD DET STATE ON.
#1196194 06.07.2026 10:19:02 : EVT ANALYTICS : #sf R:5 A:Xiamen-fw_2.53.42.29545-V-8b67dbcf
#1196195 06.07.2026 10:19:02 : EVT WBSTORAGE : CACHE_DEFRAG (776->792, 24->24, 25)
#1196196 06.07.2026 10:19:04 : EVT ANALYTICS : Weather sync ok d:1800 f:0
#1196197 06.07.2026 10:19:04 : EVT WBSTORAGE : CACHE_DEFRAG (736->752, 24->24, 25)
#1196198 06.07.2026 10:19:04 : EVT ANALYTICS : synced city:Zollikon
#1196199 06.07.2026 10:19:05 : EVT GPS : Last known coordinate:lat:473461415, lon:85906701
#1196200 06.07.2026 10:19:43 : ERR WBMAIN : *0: app 1189 Event 24 80892700
#1196201 06.07.2026 10:19:43 : ERR WBMAIN : 1: mea 39 Wait 0 00000000
#1196202 06.07.2026 10:19:43 : ERR WBMAIN : 2: ui 33 Wait 0 00000000
#1196203 06.07.2026 10:23:25 : EVT WBSTORAGE : CACHE_DEFRAG (688->696, 24->24, 25)
#1196204 06.07.2026 10:23:25 : EVT WBSTORAGE : CACHE_DEFRAG (648->752, 24->24, 25)
#1196205 06.07.2026 10:23:26 : EVT WBSTORAGE : CACHE_DEFRAG (728->976, 24->24, 25)
#1196206 06.07.2026 10:23:26 : TRC NAVIGATION : CG: no climb WP
#1196207 06.07.2026 10:23:26 : TRC NAVIGATION : CG:init ZoomType=0
#1196208 06.07.2026 10:23:26 : EVT NAVIGATION : initSeg Idx=0 D=1 T=0 3-0-4
#1196209 06.07.2026 10:23:26 : EVT WBSTORAGE : CACHE_DEFRAG (896->944, 24->24, 25)
#1196210 06.07.2026 10:23:26 : EVT GPS : LocationProviderImpl:sub Best
#1196211 06.07.2026 10:23:26 : TRC GPS : Full GNSS data subd l:15 c:80160010
#1196212 06.07.2026 10:23:26 : EVT ALTIFUSION : AltiBaroMode:0
#1196213 06.07.2026 10:23:26 : EVT ALTIFUSION : Init AltiBaro
#1196214 06.07.2026 10:23:26 : EVT APPLICATION : Zapp zwc05901:Disable
#1196215 06.07.2026 10:23:26 : EVT ANALYTICS : Zapp disabled i:3 h:ddb248f2 n:Vector classic
#1196216 06.07.2026 10:23:26 : TRC GPS : Power enabled
#1196217 06.07.2026 10:23:26 : EVT ANALYTICS : SleepQ:Tracking:On
#1196218 06.07.2026 10:23:26 : EVT WBSTORAGE : CACHE_DEFRAG (920->928, 24->24, 25)
#1196219 06.07.2026 10:23:26 : EVT UI_FRAMEWORK : JS nsto enable zapp: zzwethen
#1196220 06.07.2026 10:23:26 : EVT UI_FRAMEWORK : JS nsto enable zapp: climbl01
#1196221 06.07.2026 10:23:26 : EVT UI_FRAMEWORK : JS nsto enable zapp: zzmoveen
#1196222 06.07.2026 10:23:26 : EVT APPLICATION : Zapp zzwethen:Load script
#1196223 06.07.2026 10:23:26 : EVT APPLICATION : Zapp zzwethen:Enable
#1196224 06.07.2026 10:23:26 : EVT GPS : LocationProviderImpl:sub Passive
#1196225 06.07.2026 10:23:26 : TRC GPS : Full GNSS data subd l:0 c:80160010
#1196226 06.07.2026 10:23:26 : EVT ALTIFUSION : AltiBaroMode:0
#1196227 06.07.2026 10:23:26 : EVT ALTIFUSION : Init AltiBaro
#1196228 06.07.2026 10:23:26 : EVT ANALYTICS : Zapp enabled i:8 h:3f77f8ec n:zzwethen v:ade
#1196229 06.07.2026 10:23:26 : EVT APPLICATION : Zapp clid:32878
#1196230 06.07.2026 10:23:26 : EVT APPLICATION : Zapp climbl01:Load script
#1196231 06.07.2026 10:23:26 : EVT APPLICATION : Zapp climbl01:Enable
#1196232 06.07.2026 10:23:26 : EVT ANALYTICS : Zapp enabled i:5 h:a5e7afa5 n:climbl01 v:3.0
#1196233 06.07.2026 10:23:26 : EVT APPLICATION : Zapp clid:32879
#1196234 06.07.2026 10:23:26 : EVT APPLICATION : Zapp zzmoveen:Load script
#1196235 06.07.2026 10:23:27 : EVT APPLICATION : Zapp zzmoveen:Enable
#1196236 06.07.2026 10:23:27 : EVT ANALYTICS : Zapp enabled i:6 h:7aac0887 n:zzmoveen v:8e0
#1196237 06.07.2026 10:23:27 : EVT UI_FRAMEWORK : evalFile: b:/zapp/zzmoveen.fea/ext1.js from ui
#1196238 06.07.2026 10:23:27 : EVT APPLICATION : Zapp clid:32880
#1196239 06.07.2026 10:23:27 : EVT UI_FRAMEWORK : JS nsto all zapps enabled.
#1196240 06.07.2026 10:23:27 : EVT UI_FRAMEWORK : JS Prestart Activity Id: 16.000
#1196241 06.07.2026 10:23:27 : WRN WBAPI : eID-691468(277): /Dive/Alarms/Acknowledge 404
#1196242 06.07.2026 10:23:27 : WRN WBAPI : eID-691468(277): /Dive/DiveGases 404
#1196243 06.07.2026 10:23:27 : WRN WBAPI : eID-691468(277): /Dive/Gauge/Next 404
#1196244 06.07.2026 10:23:27 : EVT WBSTORAGE : CACHE_DEFRAG (880->888, 24->24, 25)
#1196245 06.07.2026 10:23:27 : EVT WBSTORAGE : CACHE_DEFRAG (816->824, 24->24, 25)
#1196246 06.07.2026 10:23:27 : EVT WBSTORAGE : CACHE_DEFRAG (752->760, 24->24, 25)
#1196247 06.07.2026 10:23:27 : EVT BLE : BLE Sensor Link 4800180D Conn (--E-:00:1)
#1196248 06.07.2026 10:23:27 : WRN BLE : sendConnect 6157
#1196249 06.07.2026 10:23:27 : WRN WBAPI : eID-691468(277): /Dive/TankPressure/Alarm/Count 404
#1196250 06.07.2026 10:23:27 : EVT SPEEDFUSION : INFO # start speed fusion
#1196251 06.07.2026 10:23:27 : EVT SPEEDFUSION : Act:16,Acc:0,BPod:0,FPod:0,PPod:0,BeltPod:1
#1196252 06.07.2026 10:23:27 : EVT SPEEDFUSION : INFO # Start algo without wrist acc
#1196253 06.07.2026 10:23:27 : EVT <Unknown> : Update pres sampl intrvl:1
#1196254 06.07.2026 10:23:27 : EVT OHR : S:start 0x21a3
#1196255 06.07.2026 10:23:27 : EVT UI_FRAMEWORK : evalFile: b:/zapp/climbl01.fea/ext12.js from ui
#1196256 06.07.2026 10:23:27 : TRC GPS : Stat report:1
#1196257 06.07.2026 10:23:27 : TRC GPS : @GTIM 2026 7 6 8 23 27
#1196258 06.07.2026 10:23:27 : TRC GPS : Done:GTI
#1196259 06.07.2026 10:23:27 : TRC GPS : GNS setting 0x1fcb
#1196260 06.07.2026 10:23:27 : TRC GPS : @GSR
#1196261 06.07.2026 10:23:28 : EVT <Unknown> : 1783326208028:Meas start 0x21a3
#1196262 06.07.2026 10:23:28 : EVT OHR : S:start 0x2123
#1196263 06.07.2026 10:23:28 : TRC GPS : Done:GSR
#1196264 06.07.2026 10:23:28 : TRC GPS : GnssServiceLevel::PASSIVE
#1196265 06.07.2026 10:23:28 : TRC GPS : @GSTP
#1196266 06.07.2026 10:23:28 : EVT <Unknown> : 1783326208301:Meas start 0x2123
#1196267 06.07.2026 10:23:30 : TRC GPS : @BUP
#1196268 06.07.2026 10:23:31 : TRC GPS : Done:BUP
#1196269 06.07.2026 10:23:31 : TRC GPS : Power disabled
#1196270 06.07.2026 10:23:37 : EVT BLE : lt,scan 1
#1196271 06.07.2026 10:23:37 : WRN BLE : sendDisconnect 6157
#1196272 06.07.2026 10:23:37 : ERR BLE : [AURA]No filters left, stopping scan
#1196273 06.07.2026 10:23:37 : ERR BLE : [AURA]Filter with handle 72 not found
#1196274 06.07.2026 10:23:37 : EVT BLE : packet 0 sensor found count 1
#1196275 06.07.2026 10:23:37 : EVT BLE : packet 0 sensor found count 2
#1196276 06.07.2026 10:23:37 : EVT ANALYTICS : #FusHr src:2 time:10136
#1196277 06.07.2026 10:23:41 : EVT <Unknown> : 1783326220976:Off Skin Set.
#1196278 06.07.2026 10:23:41 : EVT <Unknown> : 1783326221603:On Skin Set.
#1196279 06.07.2026 10:23:41 : EVT <Unknown> : 1783326221834:Off Skin Set.
#1196280 06.07.2026 10:23:42 : EVT PMIC : VBUS state is ON
#1196281 06.07.2026 10:23:42 : EVT PMIC : chgCntl1:0x70
#1196282 06.07.2026 10:23:42 : EVT PMIC : check chgCntl1:0x74
#1196283 06.07.2026 10:23:42 : EVT PMIC : Turn charge ON since VBUS->ON
#1196284 06.07.2026 10:23:42 : EVT PMIC : PMIC temp zone:0x2
#1196285 06.07.2026 10:23:42 : EVT PMIC : PMIC Fast-charge constant cur
#1196286 06.07.2026 10:23:42 : EVT OHR : VBUS on
#1196287 06.07.2026 10:23:42 : EVT OHR : S:stop 23
#1196288 06.07.2026 10:23:42 : EVT <Unknown> : 1783326222726:Meas stop 0x2123
#1196289 06.07.2026 10:23:42 : WRN <Unknown> : 1783326222727:FSM EVT STOP.
#1196290 06.07.2026 10:23:42 : EVT OHR : S:OFF 1->0
#1196291 06.07.2026 10:23:42 : EVT PMIC : VBUS state is ON
#1196292 06.07.2026 10:23:43 : EVT PMIC : PMIC temp zone:0x7
#1196293 06.07.2026 10:23:43 : EVT PMIC : VBUS state is OFF
#1196294 06.07.2026 10:23:43 : EVT PMIC : Turn charge OFF since VBUS->OFF
#1196295 06.07.2026 10:23:43 : EVT OHR : VBUS off
#1196296 06.07.2026 10:23:43 : EVT OHR : S:ON 0->1
#1196297 06.07.2026 10:23:43 : WRN WBAPI : eID-691468(277): /Dive/TankPressure/Alarm/Count 404
#1196298 06.07.2026 10:23:43 : EVT OHR : APPINIT:caps 0x1f4, 6b738616
#1196299 06.07.2026 10:23:43 : EVT <Unknown> : 1783326223815:AI@1783326223790, tz120
#1196300 06.07.2026 10:23:43 : EVT OHR : S:start 0x21a3
#1196301 06.07.2026 10:23:43 : EVT <Unknown> : 1783326223821:Meas start 0x21a3
#1196302 06.07.2026 10:23:44 : EVT <Unknown> : 1783326223836:PD1464, 0
#1196303 06.07.2026 10:23:44 : EVT <Unknown> : 1783326223898:GMV 20251126/1/4/0/395/46
#1196304 06.07.2026 10:23:44 : EVT <Unknown> : 1783326224152:Mi1.6.10, auth 0, hr_mode 0
#1196305 06.07.2026 10:23:44 : EVT <Unknown> : 1783326224574:On Skin Set.
#1196306 06.07.2026 10:23:45 : EVT OHR : No HR update, invalidate by timer
#1196307 06.07.2026 10:23:45 : EVT LOGGER : HrIbiLogger stop, off (0 ms)
#1196308 06.07.2026 10:23:46 : EVT WBSTORAGE : CACHE_DEFRAG (672->824, 24->24, 25)
#1196309 06.07.2026 10:23:46 : TRC NAVIGATION : CG: no climb WP
#1196310 06.07.2026 10:23:46 : TRC NAVIGATION : CG:init ZoomType=0
#1196311 06.07.2026 10:23:46 : EVT NAVIGATION : initSeg Idx=0 D=1 T=0 3-0-4
#1196312 06.07.2026 10:23:46 : EVT WBSTORAGE : CACHE_DEFRAG (808->1024, 24->24, 25)
#1196313 06.07.2026 10:23:46 : EVT SPEEDFUSION : INFO # IDLE mode(-1) set
#1196314 06.07.2026 10:23:46 : EVT ALTIFUSION : AltiBaroMode:2
#1196315 06.07.2026 10:23:46 : EVT APPLICATION : Zapp climbl01:Disable
#1196316 06.07.2026 10:23:46 : EVT ANALYTICS : Zapp disabled i:5 h:a5e7afa5 n:Climb Log
#1196317 06.07.2026 10:23:46 : EVT APPLICATION : Zapp zzmoveen:Disable
#1196318 06.07.2026 10:23:46 : EVT ANALYTICS : Zapp disabled i:6 h:7aac0887 n:Movement
#1196319 06.07.2026 10:23:46 : EVT UI_FRAMEWORK : evalFile: b:/zapp/zzmoveen.fea/ext2.js from ui
#1196320 06.07.2026 10:23:46 : EVT APPLICATION : Zapp zzwethen:Disable
#1196321 06.07.2026 10:23:46 : EVT ANALYTICS : Zapp disabled i:8 h:3f77f8ec n:Weather
#1196322 06.07.2026 10:23:46 : EVT SPEEDFUSION : INFO # stop speed fusion
#1196323 06.07.2026 10:23:46 : EVT <Unknown> : Update pres sampl intrvl:5
#1196324 06.07.2026 10:23:46 : EVT ANALYTICS : SleepQ:Tracking:On
#1196325 06.07.2026 10:23:46 : EVT OHR : S:start 0x2123
#1196326 06.07.2026 10:23:46 : EVT WBSTORAGE : CACHE_DEFRAG (1000->1008, 24->24, 25)
#1196327 06.07.2026 10:23:46 : EVT <Unknown> : 1783326226559:Meas start 0x2123
#1196328 06.07.2026 10:23:47 : EVT BLE : Disconn sensor:1
#1196329 06.07.2026 10:23:47 : EVT BLE : BLE Sensor Link 4800180D Disc (L-E-:00:0)
#1196330 06.07.2026 10:23:47 : WRN BLE : sendDisconnect 6157
#1196331 06.07.2026 10:23:47 : ERR BLE : [AURA]No filters left, stopping scan
#1196332 06.07.2026 10:23:47 : EVT WBSTORAGE : CACHE_DEFRAG (880->888, 24->24, 25)
#1196333 06.07.2026 10:23:48 : EVT WBSTORAGE : CACHE_DEFRAG (840->864, 24->24, 25)
#1196334 06.07.2026 10:23:48 : EVT WBSTORAGE : CACHE_DEFRAG (840->848, 24->24, 25)
#1196335 06.07.2026 10:23:48 : EVT WBSTORAGE : CACHE_DEFRAG (832->976, 24->24, 25)
#1196336 06.07.2026 10:23:48 : TRC NAVIGATION : CG: no climb WP
#1196337 06.07.2026 10:23:48 : TRC NAVIGATION : CG:init ZoomType=0
#1196338 06.07.2026 10:23:48 : EVT NAVIGATION : initSeg Idx=0 D=1 T=0 3-0-4
#1196339 06.07.2026 10:23:48 : EVT WBSTORAGE : CACHE_DEFRAG (896->944, 24->24, 25)
#1196340 06.07.2026 10:23:48 : EVT ALTIFUSION : AltiBaroMode:0
#1196341 06.07.2026 10:23:48 : EVT ALTIFUSION : Init AltiBaro
#1196342 06.07.2026 10:23:48 : EVT ANALYTICS : SleepQ:Tracking:On
#1196343 06.07.2026 10:23:48 : EVT ALTIFUSION : AltiBaroMode:0
#1196344 06.07.2026 10:23:48 : EVT ALTIFUSION : Init AltiBaro
#1196345 06.07.2026 10:23:48 : EVT WBSTORAGE : CACHE_DEFRAG (920->928, 24->24, 25)
#1196346 06.07.2026 10:23:48 : EVT UI_FRAMEWORK : JS nsto enable zapp: zzwethen
#1196347 06.07.2026 10:23:48 : EVT UI_FRAMEWORK : JS nsto enable zapp: climbl01
#1196348 06.07.2026 10:23:48 : EVT UI_FRAMEWORK : JS nsto enable zapp: zzmoveen
#1196349 06.07.2026 10:23:48 : EVT APPLICATION : Zapp zzwethen:Load script
#1196350 06.07.2026 10:23:48 : EVT APPLICATION : Zapp zzwethen:Enable
#1196351 06.07.2026 10:23:48 : EVT ANALYTICS : Zapp enabled i:8 h:3f77f8ec n:zzwethen v:ade
#1196352 06.07.2026 10:23:48 : EVT APPLICATION : Zapp clid:32878
#1196353 06.07.2026 10:23:48 : EVT APPLICATION : Zapp climbl01:Load script
#1196354 06.07.2026 10:23:49 : EVT APPLICATION : Zapp climbl01:Enable
#1196355 06.07.2026 10:23:49 : EVT ANALYTICS : Zapp enabled i:5 h:a5e7afa5 n:climbl01 v:3.0
#1196356 06.07.2026 10:23:49 : EVT APPLICATION : Zapp clid:32879
#1196357 06.07.2026 10:23:49 : EVT APPLICATION : Zapp zzmoveen:Load script
#1196358 06.07.2026 10:23:49 : EVT APPLICATION : Zapp zzmoveen:Enable
#1196359 06.07.2026 10:23:49 : EVT ANALYTICS : Zapp enabled i:6 h:7aac0887 n:zzmoveen v:8e0
#1196360 06.07.2026 10:23:49 : EVT UI_FRAMEWORK : evalFile: b:/zapp/zzmoveen.fea/ext1.js from ui
#1196361 06.07.2026 10:23:49 : EVT APPLICATION : Zapp clid:32880
#1196362 06.07.2026 10:23:49 : EVT UI_FRAMEWORK : JS nsto all zapps enabled.
#1196363 06.07.2026 10:23:49 : EVT UI_FRAMEWORK : JS Prestart Activity Id: 16.000
#1196364 06.07.2026 10:23:49 : WRN WBAPI : eID-691468(277): /Dive/Alarms/Acknowledge 404
#1196365 06.07.2026 10:23:49 : WRN WBAPI : eID-691468(277): /Dive/DiveGases 404
#1196366 06.07.2026 10:23:49 : WRN WBAPI : eID-691468(277): /Dive/Gauge/Next 404
#1196367 06.07.2026 10:23:49 : EVT WBSTORAGE : CACHE_DEFRAG (880->888, 24->24, 25)
#1196368 06.07.2026 10:23:49 : EVT WBSTORAGE : CACHE_DEFRAG (816->824, 24->24, 25)
#1196369 06.07.2026 10:23:49 : EVT WBSTORAGE : CACHE_DEFRAG (752->760, 24->24, 25)
#1196370 06.07.2026 10:23:49 : EVT WBSTORAGE : CACHE_DEFRAG (672->704, 24->24, 25)
#1196371 06.07.2026 10:23:49 : EVT BLE : BLE Sensor Link 4800180D Conn (--E-:00:1)
#1196372 06.07.2026 10:23:49 : WRN BLE : sendConnect 6157
#1196373 06.07.2026 10:23:49 : ERR <Unknown> : 1783326228990:Mi invalid call:100,code:0.
#1196374 06.07.2026 10:23:49 : WRN WBAPI : eID-691468(277): /Dive/TankPressure/Alarm/Count 404
#1196375 06.07.2026 10:23:50 : EVT UI_FRAMEWORK : evalFile: b:/zapp/climbl01.fea/ext12.js from ui
#1196376 06.07.2026 10:23:50 : EVT SPEEDFUSION : INFO # start speed fusion
#1196377 06.07.2026 10:23:50 : EVT SPEEDFUSION : Act:16,Acc:0,BPod:0,FPod:0,PPod:0,BeltPod:1
#1196378 06.07.2026 10:23:50 : EVT SPEEDFUSION : INFO # Start algo without wrist acc
#1196379 06.07.2026 10:23:50 : EVT <Unknown> : Update pres sampl intrvl:1
#1196380 06.07.2026 10:23:50 : EVT OHR : S:start 0x21a3
#1196381 06.07.2026 10:23:50 : EVT <Unknown> : 1783326230372:Meas start 0x21a3
#1196382 06.07.2026 10:23:50 : EVT OHR : No HR update, invalidate by timer
#1196383 06.07.2026 10:23:57 : EVT TRAININGLAB : TLab:~Mode T 10208 + 1300 A 2830 + 390
#1196384 06.07.2026 10:23:57 : EVT TRAININGLAB : TLab:Change mode 2->3
#1196385 06.07.2026 10:23:57 : WRN WBAPI : eID-691468(277): /Dive/Alarms/Acknowledge 404
#1196386 06.07.2026 10:23:57 : EVT TRAININGLAB : TLab:Mode::userInfo 60, 200, 1, 37, 182, 950, 1990
#1196387 06.07.2026 10:23:57 : WRN WBAPI : eID-691468(277): /Dive/DiveGases 404
#1196388 06.07.2026 10:23:57 : WRN WBAPI : eID-691468(277): /Dive/Gauge/Next 404
#1196389 06.07.2026 10:23:57 : EVT LOGGER : Log space:30516006 bytes free
#1196390 06.07.2026 10:23:57 : EVT TRAININGLAB : ModeUnsub:2800
#1196391 06.07.2026 10:23:57 : EVT TRAININGLAB : ModeSub:9004
#1196392 06.07.2026 10:23:57 : EVT TRAININGLAB : TLab:Select input 0
#1196393 06.07.2026 10:23:57 : EVT TRAININGLAB : TLab:Active input 0
#1196394 06.07.2026 10:23:57 : EVT LOGGER : Exercise started
#1196395 06.07.2026 10:23:57 : EVT BLE : HR RR on (243948030)
#1196396 06.07.2026 10:23:57 : TRC GPS : Full GNSS data subd l:0 c:802b0000
#1196397 06.07.2026 10:23:59 : EVT BLE : lt,scan 1
#1196398 06.07.2026 10:23:59 : WRN BLE : sendDisconnect 6157
#1196399 06.07.2026 10:23:59 : ERR BLE : [AURA]No filters left, stopping scan
#1196400 06.07.2026 10:23:59 : ERR BLE : [AURA]Filter with handle 72 not found
#1196401 06.07.2026 10:23:59 : EVT BLE : packet 0 sensor found count 1
#1196402 06.07.2026 10:23:59 : EVT BLE : packet 0 sensor found count 2
#1196403 06.07.2026 10:23:59 : EVT ANALYTICS : Battery-> 3 soc:82
#1196404 06.07.2026 10:23:59 : EVT ANALYTICS : #FusHr src:0 time:0
#1196405 06.07.2026 10:23:59 : EVT ANALYTICS : #Act id:16
#1196406 06.07.2026 10:23:59 : EVT ANALYTICS : #powersave mode:p temp:31.0
#1196407 06.07.2026 10:23:59 : EVT ANALYTICS : GPSMODE:NOTUSED
#1196408 06.07.2026 10:24:00 : EVT ANALYTICS : #gnss d:2026-07-06T00:00:00Z
#1196409 06.07.2026 10:24:00 : EVT SEDENTARY : stop monitoring
#1196410 06.07.2026 10:24:00 : EVT ANALYTICS : #zapp n:Weather e:1
#1196411 06.07.2026 10:24:00 : EVT ANALYTICS : #zapp n:Movement e:1
#1196412 06.07.2026 10:24:00 : EVT ANALYTICS : #zapp n:Climb Log e:1
#1196413 06.07.2026 10:24:05 : EVT ANALYTICS : #ws AID:16 BM:1 NS:0 SP:3 ZN:0 TG:0 BL:0 GPS:0
#1196414 06.07.2026 10:24:05 : EVT ANALYTICS : #2ws AID:16 WHR:1 INT:0 AL:0 AP:0 FE:1 MC:1 TH:0
#1196415 06.07.2026 10:24:07 : EVT ANALYTICS : #FusHr src:2 time:10042
#1196416 06.07.2026 10:24:07 : EVT TRAININGLAB : Tlab:HR src is 2
#1196417 06.07.2026 10:24:07 : EVT ANALYTICS : #FusHr src:2 time:0
#1196418 06.07.2026 10:24:07 : EVT TRAININGLAB : TLab:Active input 1
#1196419 06.07.2026 10:24:09 : WRN WBAPI : eID-691468(277): /Dive/Alarms/Acknowledge 404
#1196420 06.07.2026 10:24:09 : WRN WBAPI : eID-691468(277): /Dive/DiveGases 404
#1196421 06.07.2026 10:24:09 : WRN WBAPI : eID-691468(277): /Dive/Gauge/Next 404
#1196422 06.07.2026 10:24:11 : EVT LOGGER : LGR 934, 80
#1196423 06.07.2026 10:24:11 : WRN WBAPI : eID-691468(277): /Dive/Alarms/Acknowledge 404
#1196424 06.07.2026 10:24:11 : WRN WBAPI : eID-691468(277): /Dive/DiveGases 404
#1196425 06.07.2026 10:24:11 : WRN WBAPI : eID-691468(277): /Dive/Gauge/Next 404
#1196426 06.07.2026 10:24:12 : EVT LOGGER : LGR 934, 80
#1196427 06.07.2026 10:24:13 : EVT UI_FRAMEWORK : evalFile: b:/zapp/climbl01.fea/ext10.js from ui
#1196428 06.07.2026 10:24:13 : WRN WBAPI : eID-691468(277): /Dive/Alarms/Acknowledge 404
#1196429 06.07.2026 10:24:13 : WRN WBAPI : eID-691468(277): /Dive/DiveGases 404
#1196430 06.07.2026 10:24:13 : WRN WBAPI : eID-691468(277): /Dive/Gauge/Next 404
#1196431 06.07.2026 10:24:14 : EVT LOGGER : LGR 934, 80
#1196432 06.07.2026 10:24:14 : WRN WBAPI : eID-691468(277): /Dive/Alarms/Acknowledge 404
#1196433 06.07.2026 10:24:14 : WRN WBAPI : eID-691468(277): /Dive/DiveGases 404
#1196434 06.07.2026 10:24:14 : WRN WBAPI : eID-691468(277): /Dive/Gauge/Next 404
#1196435 06.07.2026 10:24:15 : EVT LOGGER : LGR 934, 80
#1196436 06.07.2026 10:24:16 : WRN WBAPI : eID-691468(277): /Dive/Alarms/Acknowledge 404
#1196437 06.07.2026 10:24:16 : WRN WBAPI : eID-691468(277): /Dive/DiveGases 404
#1196438 06.07.2026 10:24:16 : WRN WBAPI : eID-691468(277): /Dive/Gauge/Next 404
#1196439 06.07.2026 10:24:17 : EVT LOGGER : LGR 934, 80
#1196440 06.07.2026 10:24:17 : WRN WBAPI : eID-691468(277): /Dive/Alarms/Acknowledge 404
#1196441 06.07.2026 10:24:17 : WRN WBAPI : eID-691468(277): /Dive/DiveGases 404
#1196442 06.07.2026 10:24:17 : WRN WBAPI : eID-691468(277): /Dive/Gauge/Next 404
#1196443 06.07.2026 10:24:18 : EVT LOGGER : LGR 934, 80
#1196444 06.07.2026 10:24:19 : WRN WBAPI : eID-691468(277): /Dive/Alarms/Acknowledge 404
#1196445 06.07.2026 10:24:19 : WRN WBAPI : eID-691468(277): /Dive/DiveGases 404
#1196446 06.07.2026 10:24:19 : WRN WBAPI : eID-691468(277): /Dive/Gauge/Next 404
#1196447 06.07.2026 10:24:20 : EVT LOGGER : LGR 934, 80
#1196448 06.07.2026 10:24:20 : WRN WBAPI : eID-691468(277): /Dive/Alarms/Acknowledge 404
#1196449 06.07.2026 10:24:20 : WRN WBAPI : eID-691468(277): /Dive/DiveGases 404
#1196450 06.07.2026 10:24:20 : WRN WBAPI : eID-691468(277): /Dive/Gauge/Next 404
#1196451 06.07.2026 10:24:20 : EVT LOGGER : LGR 934, 80
#1196452 06.07.2026 10:24:21 : EVT LOGGER : LGR 934, 80
#1196453 06.07.2026 10:24:22 : WRN WBAPI : eID-691468(277): /Dive/Alarms/Acknowledge 404
#1196454 06.07.2026 10:24:22 : WRN WBAPI : eID-691468(277): /Dive/DiveGases 404
#1196455 06.07.2026 10:24:22 : WRN WBAPI : eID-691468(277): /Dive/Gauge/Next 404
#1196456 06.07.2026 10:24:23 : EVT LOGGER : LGR 934, 80
#1196457 06.07.2026 10:24:23 : WRN WBAPI : eID-691468(277): /Dive/Alarms/Acknowledge 404
#1196458 06.07.2026 10:24:23 : WRN WBAPI : eID-691468(277): /Dive/DiveGases 404
#1196459 06.07.2026 10:24:23 : WRN WBAPI : eID-691468(277): /Dive/Gauge/Next 404
#1196460 06.07.2026 10:24:23 : EVT LOGGER : LGR 934, 80
#1196461 06.07.2026 10:24:24 : EVT LOGGER : LGR 934, 80
#1196462 06.07.2026 10:24:25 : WRN WBAPI : eID-691468(277): /Dive/Alarms/Acknowledge 404
#1196463 06.07.2026 10:24:25 : WRN WBAPI : eID-691468(277): /Dive/DiveGases 404
#1196464 06.07.2026 10:24:25 : WRN WBAPI : eID-691468(277): /Dive/Gauge/Next 404
#1196465 06.07.2026 10:24:26 : EVT LOGGER : LGR 934, 80
#1196466 06.07.2026 10:24:26 : WRN WBAPI : eID-691468(277): /Dive/Alarms/Acknowledge 404
#1196467 06.07.2026 10:24:26 : WRN WBAPI : eID-691468(277): /Dive/DiveGases 404
#1196468 06.07.2026 10:24:26 : WRN WBAPI : eID-691468(277): /Dive/Gauge/Next 404
#1196469 06.07.2026 10:24:27 : EVT LOGGER : LGR 934, 80
#1196470 06.07.2026 10:24:28 : WRN WBAPI : eID-691468(277): /Dive/Alarms/Acknowledge 404
#1196471 06.07.2026 10:24:28 : WRN WBAPI : eID-691468(277): /Dive/DiveGases 404
#1196472 06.07.2026 10:24:28 : WRN WBAPI : eID-691468(277): /Dive/Gauge/Next 404
#1196473 06.07.2026 10:24:30 : WRN WBAPI : eID-691468(277): /Dive/Alarms/Acknowledge 404
#1196474 06.07.2026 10:24:30 : EVT LOGGER : Exercise paused
#1196475 06.07.2026 10:24:30 : WRN WBAPI : eID-691468(277): /Dive/DiveGases 404
#1196476 06.07.2026 10:24:30 : WRN WBAPI : eID-691468(277): /Dive/Gauge/Next 404
#1196477 06.07.2026 10:24:40 : EVT <Unknown> : 1783326280296:Off Skin Set.
#1196478 06.07.2026 10:24:41 : EVT <Unknown> : 1783326281048:On Skin Set.
#1196479 06.07.2026 10:24:42 : EVT APPLICATION : Zapp climbl01:Disable
#1196480 06.07.2026 10:24:42 : ERR APPLICATION : Zapp:relMemCb (exec:zapp)
#1196481 06.07.2026 10:24:42 : EVT APPLICATION : Zapp zzwethen:Disable
#1196482 06.07.2026 10:24:42 : EVT ANALYTICS : Zapp disabled i:8 h:3f77f8ec n:Weather
#1196483 06.07.2026 10:24:42 : ERR APPLICATION : Zapp 3:RelMem->unload
#1196484 06.07.2026 10:24:42 : ERR APPLICATION : Zapp:relMemCb (exec:zapp)
#1196485 06.07.2026 10:24:42 : EVT APPLICATION : Zapp zzmoveen:Disable
#1196486 06.07.2026 10:24:42 : EVT ANALYTICS : Zapp disabled i:6 h:7aac0887 n:Movement
#1196487 06.07.2026 10:24:42 : ERR APPLICATION : Zapp 3:RelMem->unload
#1196488 06.07.2026 10:24:42 : ERR APPLICATION : Zapp:relMemCb (exec:zapp)
#1196489 06.07.2026 10:24:42 : ERR APPLICATION : Zapp:RelMem->None avail
#1196490 06.07.2026 10:24:42 : ERR DUKTAPE : JSalloc:2073
#1196491 06.07.2026 10:24:42 : ERR APPLICATION : Zapp:relMemCb (exec:zapp)
#1196492 06.07.2026 10:24:42 : ERR APPLICATION : Zapp:RelMem->None avail
#1196493 06.07.2026 10:24:42 : ERR DUKTAPE : JSalloc:2073
#1196494 06.07.2026 10:24:42 : ERR APPLICATION : Zapp:relMemCb (exec:zapp)
#1196495 06.07.2026 10:24:42 : ERR APPLICATION : Zapp:RelMem->None avail
#1196496 06.07.2026 10:24:42 : ERR DUKTAPE : JSalloc:2073
#1196497 06.07.2026 10:24:42 : EVT UI_FRAMEWORK : evalFile: b:/zapp/climbl01.fea/ext11.js from ui
#1196498 06.07.2026 10:24:42 : EVT ANALYTICS : Zapp disabled i:5 h:a5e7afa5 n:Climb Log
#1196499 06.07.2026 10:24:44 : EVT <Unknown> : 1783326284200:Off Skin Set.
#1196500 06.07.2026 10:24:46 : EVT PMIC : VBUS state is ON
#1196501 06.07.2026 10:24:46 : EVT PMIC : chgCntl1:0x70
#1196502 06.07.2026 10:24:46 : EVT PMIC : check chgCntl1:0x74
#1196503 06.07.2026 10:24:46 : EVT PMIC : Turn charge ON since VBUS->ON
#1196504 06.07.2026 10:24:46 : EVT PMIC : PMIC temp zone:0x2
#1196505 06.07.2026 10:24:46 : EVT PMIC : PMIC Fast-charge constant cur
#1196506 06.07.2026 10:24:46 : EVT OHR : VBUS on
#1196507 06.07.2026 10:24:46 : EVT OHR : S:stop a3
#1196508 06.07.2026 10:24:46 : EVT <Unknown> : 1783326286779:Meas stop 0x21a3
#1196509 06.07.2026 10:24:46 : WRN <Unknown> : 1783326286780:FSM EVT STOP.
#1196510 06.07.2026 10:24:46 : EVT OHR : S:OFF 1->0
#1196511 06.07.2026 10:24:46 : EVT PMIC : VBUS state is ON
#1196512 06.07.2026 10:24:48 : EVT PMIC : PMIC temp zone:0x7
#1196513 06.07.2026 10:24:48 : EVT PMIC : VBUS state is OFF
#1196514 06.07.2026 10:24:48 : EVT PMIC : Turn charge OFF since VBUS->OFF
#1196515 06.07.2026 10:24:48 : EVT OHR : VBUS off
#1196516 06.07.2026 10:24:48 : EVT OHR : S:ON 0->1
#1196517 06.07.2026 10:24:48 : EVT OHR : APPINIT:caps 0x1f4, 6b738616
#1196518 06.07.2026 10:24:48 : EVT <Unknown> : 1783326288654:AI@1783326288630, tz120
#1196519 06.07.2026 10:24:48 : EVT OHR : S:start 0x21a3
#1196520 06.07.2026 10:24:48 : EVT <Unknown> : 1783326288659:Meas start 0x21a3
#1196521 06.07.2026 10:24:48 : EVT OHR : No HR update, invalidate by timer
#1196522 06.07.2026 10:24:48 : EVT <Unknown> : 1783326288675:PD1464, 0
#1196523 06.07.2026 10:24:48 : EVT <Unknown> : 1783326288735:GMV 20251126/1/4/0/395/46
#1196524 06.07.2026 10:24:48 : EVT <Unknown> : 1783326288989:Mi1.6.10, auth 0, hr_mode 0
#1196525 06.07.2026 10:24:49 : EVT PMIC : VBUS state is ON
#1196526 06.07.2026 10:24:49 : EVT PMIC : chgCntl1:0x70
#1196527 06.07.2026 10:24:49 : EVT PMIC : check chgCntl1:0x74
#1196528 06.07.2026 10:24:49 : EVT PMIC : Turn charge ON since VBUS->ON
#1196529 06.07.2026 10:24:49 : ERR WR_MAGN : TLI493D-W2BW (FF=1 PD0=0)
#1196530 06.07.2026 10:24:49 : ERR WR_MAGN : WRMAGN:measure
#1196531 06.07.2026 10:24:49 : TRC FUEL_GAUGE : Chg->1,B:5,C:38.4,V:4244,U:1,bF:82%,bC:82%
#1196532 06.07.2026 10:24:49 : EVT PMIC : PMIC temp zone:0x2
#1196533 06.07.2026 10:24:49 : EVT PMIC : PMIC Fast-charge constant cur
#1196534 06.07.2026 10:24:49 : EVT OHR : VBUS on
#1196535 06.07.2026 10:24:49 : EVT OHR : S:stop a3
#1196536 06.07.2026 10:24:49 : EVT ANALYTICS : Battery-> 2 soc:82
#1196537 06.07.2026 10:24:49 : EVT <Unknown> : 1783326289207:Meas stop 0x21a3
#1196538 06.07.2026 10:24:49 : EVT PMIC : VBUS state is ON
#1196539 06.07.2026 10:24:49 : WRN <Unknown> : 1783326289207:FSM EVT STOP.
#1196540 06.07.2026 10:24:49 : EVT OHR : S:OFF 1->0
#1196541 06.07.2026 10:24:53 : EVT PMIC : PMIC Fast-charge constant voltage
#1196542 06.07.2026 10:24:54 : TRC FUEL_GAUGE : batFgLevel cur:83%, prev:82%
#1196543 06.07.2026 10:24:54 : EVT UI_FRAMEWORK : JS discard disable zapps
#1196544 06.07.2026 10:24:54 : EVT UI_FRAMEWORK : JS will discard
#1196545 06.07.2026 10:24:54 : EVT SPEEDFUSION : INFO # stop speed fusion
#1196546 06.07.2026 10:24:54 : EVT <Unknown> : Update pres sampl intrvl:5
#1196547 06.07.2026 10:24:54 : WRN APPLICATION : discard hrr meas l:3 d:0 sh:73 mh:73 v:0
#1196548 06.07.2026 10:24:54 : WRN WBAPI : eID-698eec(583/65535): 404
#1196549 06.07.2026 10:24:54 : EVT TRAININGZONE : User Define Mode:5
#1196550 06.07.2026 10:24:54 : EVT TRAININGZONE : Tss HR:0.28
#1196551 06.07.2026 10:24:54 : EVT TRAININGZONE : A:16,Tss:[-200.00,-200.00,-200.00,0.28]
#1196552 06.07.2026 10:24:54 : EVT TRAININGLAB : AppFeature Vo2Max 0.000000
#1196553 06.07.2026 10:24:54 : EVT TRAININGLAB : TLab:~Mode T 11508 + 22 A 3220 + 10
#1196554 06.07.2026 10:24:54 : EVT TRAININGLAB : TLab:Change mode 3->2
#1196555 06.07.2026 10:24:54 : EVT TRAININGLAB : TLab:Mode::userInfo 60, 200, 1, 37, 182, 950, 1990
#1196556 06.07.2026 10:24:54 : EVT LOGGER : LGR 934, 80
#1196557 06.07.2026 10:24:54 : EVT TRAININGLAB : ModeUnsub:9145
#1196558 06.07.2026 10:24:54 : EVT TRAININGLAB : ModeSub:0400
#1196559 06.07.2026 10:24:54 : EVT ANALYTICS : WAOae:Activity WAOae:16
#1196560 06.07.2026 10:24:54 : EVT ANALYTICS : WAOae:TotalAcc WAOae:0,0,0
#1196561 06.07.2026 10:24:54 : EVT ANALYTICS : WAOae:AccCount WAOae:0,0,0
#1196562 06.07.2026 10:24:54 : EVT ANALYTICS : WAOae:Distance WAOae:0,0,0
#1196563 06.07.2026 10:24:54 : EVT ANALYTICS : WAOae:Duration WAOae:0,0,0
#1196564 06.07.2026 10:24:54 : EVT ANALYTICS : WAOae:Coeff WAOae:0,40,122,272,773,7524,7624
#1196565 06.07.2026 10:24:54 : EVT LOGGER : Exercise stopped
#1196566 06.07.2026 10:24:54 : EVT BLE : HR RR off (244005183, 57153 ms missing)
#1196567 06.07.2026 10:24:54 : EVT BLE : HR RR done
#1196568 06.07.2026 10:24:54 : EVT LOGGER : HrIbiLogger stop, off (0 ms)
#1196569 06.07.2026 10:24:54 : EVT LOGGER : HrIbiLogger stopped (0 ms)
#1196570 06.07.2026 10:24:54 : TRC GPS : Unsubd c:802b0000
#1196571 06.07.2026 10:24:54 : EVT LOGGER : LGR 934, 80
#1196572 06.07.2026 10:24:54 : EVT LOGGER : LGR 934, 80
#1196573 06.07.2026 10:24:55 : EVT ANALYTICS : SleepQ:Tracking:On
#1196574 06.07.2026 10:24:55 : EVT LOGGER : Wr dpc on
#1196575 06.07.2026 10:24:55 : EVT LOGGER : LGR 20993, 56
#1196576 06.07.2026 10:24:55 : EVT WBSTORAGE : CACHE_DEFRAG (680->1016, 24->24, 25)
#1196577 06.07.2026 10:24:55 : TRC NAVIGATION : CG: no climb WP
#1196578 06.07.2026 10:24:55 : TRC NAVIGATION : CG:init ZoomType=0
#1196579 06.07.2026 10:24:55 : EVT NAVIGATION : initSeg Idx=0 D=1 T=0 3-0-4
#1196580 06.07.2026 10:24:55 : EVT WBSTORAGE : CACHE_DEFRAG (1000->1024, 24->24, 25)
#1196581 06.07.2026 10:24:55 : EVT SPEEDFUSION : INFO # IDLE mode(-1) set
#1196582 06.07.2026 10:24:55 : EVT ALTIFUSION : AltiBaroMode:2
#1196583 06.07.2026 10:24:55 : EVT WBCOMM : P-9 connection made to ECSD00000000
#1196584 06.07.2026 10:24:55 : WRN LOGGER : Delete b:logs/6A3193FA
#1196585 06.07.2026 10:24:55 : EVT WBCOMM : New Route: ECSD00000000
#1196586 06.07.2026 10:24:56 : EVT BLE : Disconn sensor:1
#1196587 06.07.2026 10:24:56 : EVT BLE : BLE Sensor Link 4800180D Disc (L-E-:00:0)
#1196588 06.07.2026 10:24:56 : WRN BLE : sendDisconnect 6157
#1196589 06.07.2026 10:24:56 : ERR BLE : [AURA]No filters left, stopping scan
#1196590 06.07.2026 10:24:57 : EVT ANALYTICS : #powersave mode:p temp:31.1
#1196591 06.07.2026 10:24:57 : EVT ANALYTICS : Battery-> 4 soc:83
#1196592 06.07.2026 10:24:58 : EVT UI_FRAMEWORK : JS discard
#1196593 06.07.2026 10:24:58 : WRN LOGGER : Delete b:logs/6A4B661D
#1196594 06.07.2026 10:24:59 : EVT OHR : No HR update, invalidate by timer
#1196595 06.07.2026 10:25:00 : EVT WBSTORAGE : CACHE_DEFRAG (1000->1008, 24->24, 25)
#1196596 06.07.2026 10:25:00 : EVT APPLICATION : Zapp zwc05901:Load script
#1196597 06.07.2026 10:25:01 : EVT APPLICATION : Zapp zwc05901:Enable
#1196598 06.07.2026 10:25:01 : EVT ANALYTICS : Sync start
#1196599 06.07.2026 10:25:01 : EVT ANALYTICS : Zapp enabled i:3 h:ddb248f2 n:zwc05901 v:124f
#1196600 06.07.2026 10:25:01 : WRN WBAPI : eID-691468(277): /Weather/Current/ValidWeatherData.temp 
#1196601 06.07.2026 10:25:01 : EVT ANALYTICS : Sync start
#1196602 06.07.2026 10:25:01 : EVT ANALYTICS : #sf R:5 A:Xiamen-fw_2.53.42.29545-V-8b67dbcf
#1196603 06.07.2026 10:25:02 : EVT ANALYTICS : #sf R:5 A:Xiamen-fw_2.53.42.29545-V-8b67dbcf
#1196604 06.07.2026 10:25:02 : WRN WBCOMM : Route ECSD00000000 error 504: Dropping existing connecti
#1196605 06.07.2026 10:25:02 : EVT WBCOMM : Route lost: ECSD00000000
#1196606 06.07.2026 10:25:02 : EVT WBCOMM : P-9 connection made to ECSD00000000
#1196607 06.07.2026 10:25:02 : EVT WBCOMM : New Route: ECSD00000000
#1196608 06.07.2026 10:25:06 : ERR WBMAIN : *0: app 1075 Event 36 80005310
#1196609 06.07.2026 10:25:06 : ERR WBMAIN : 1: mea 13 Wait 0 00000000
#1196610 06.07.2026 10:25:06 : ERR WBMAIN : 2: ui 4 Wait 0 00000000
#1196611 06.07.2026 10:25:07 : ERR WBMAIN : *0: app 859 Event 36 80005310
#1196612 06.07.2026 10:25:07 : ERR WBMAIN : 1: mea 80 Wait 0 00000000
#1196613 06.07.2026 10:25:07 : ERR WBMAIN : 2: ui 70 Wait 0 00000000
#1196614 06.07.2026 10:25:08 : EVT ANALYTICS : Sync start
#1196615 06.07.2026 10:25:08 : EVT ANALYTICS : Sync start
#1196616 06.07.2026 10:25:15 : EVT WBSTORAGE : CACHE_DEFRAG (880->888, 24->24, 25)
#1196617 06.07.2026 10:25:15 : EVT WBSTORAGE : CACHE_DEFRAG (856->864, 24->24, 25)
#1196618 06.07.2026 10:25:16 : EVT WBSTORAGE : CACHE_DEFRAG (816->824, 24->24, 25)
#1196619 06.07.2026 10:25:16 : EVT <Unknown> : DL Region List
#1196620 06.07.2026 10:25:16 : EVT WIFI : Pwr up
#1196621 06.07.2026 10:25:22 : EVT WIFI : pwr up
#1196622 06.07.2026 10:25:22 : EVT WIFI : SDK Ver(3.2.8.1)
#1196623 06.07.2026 10:25:22 : EVT WIFI : Scann APs (1/3)
#1196624 06.07.2026 10:25:23 : EVT WIFI : APs scanned:12
#1196625 06.07.2026 10:25:23 : EVT WBSTORAGE : CACHE_DEFRAG (808->816, 24->24, 25)
#1196626 06.07.2026 10:25:23 : WRN WIFI : No APs matched to connect
#1196627 06.07.2026 10:25:23 : EVT WIFI : Scann APs (2/3)
#1196628 06.07.2026 10:25:24 : EVT WIFI : APs scanned:14
#1196629 06.07.2026 10:25:24 : WRN WIFI : No APs matched to connect
#1196630 06.07.2026 10:25:24 : EVT WIFI : Scann APs (3/3)
#1196631 06.07.2026 10:25:24 : EVT WIFI : APs scanned:8
#1196632 06.07.2026 10:25:24 : WRN WIFI : No APs matched to connect
#1196633 06.07.2026 10:25:24 : EVT WIFI : Internal connect ret:103
#1196634 06.07.2026 10:25:24 : ERR <Unknown> : DL GET resultCode=500
#1196635 06.07.2026 10:25:24 : EVT <Unknown> : DL try retry after 320000 ms
#1196636 06.07.2026 10:25:37 : EVT WIFI : Pwr down idle wifi (TO:13se)
#1196637 06.07.2026 10:25:37 : EVT WIFI : pwr down OK
#1196638 06.07.2026 10:25:46 : TRC FUEL_GAUGE : batFgLevel cur:84%, prev:83%

