#1290871 08.07.2026 16:59:51 : EVT PMIC : PMIC Precharge
#1290872 08.07.2026 16:59:51 : EVT PMIC : PMIC Fast-charge constant cur
#1290873 08.07.2026 16:59:51 : EVT PMIC : PMIC Fast-charge constant cur
#1290874 08.07.2026 16:59:51 : EVT PMIC : PMIC Fast-charge constant cur
#1290875 08.07.2026 16:59:51 : EVT PMIC : PMIC Fast-charge constant cur
#1290876 08.07.2026 16:59:51 : EVT PMIC : PMIC Fast-charge constant cur
#1290877 08.07.2026 16:59:51 : EVT PMIC : PMIC Fast-charge constant cur
#1290878 08.07.2026 16:59:51 : EVT PMIC : PMIC Fast-charge constant cur
#1290879 08.07.2026 16:59:51 : EVT PMIC : PMIC Fast-charge constant cur
#1290880 08.07.2026 16:59:51 : EVT PMIC : PMIC Fast-charge constant cur
#1290881 08.07.2026 16:59:51 : EVT PMIC : PMIC Fast-charge constant cur
#1290882 08.07.2026 16:59:51 : EVT PMIC : PMIC Precharge
#1290883 08.07.2026 16:59:51 : EVT PMIC : PMIC Fast-charge constant cur
#1290884 08.07.2026 16:59:51 : EVT PMIC : PMIC Fast-charge constant cur
#1290885 08.07.2026 16:59:51 : EVT PMIC : PMIC Fast-charge constant cur
#1290886 08.07.2026 16:59:51 : EVT PMIC : PMIC Fast-charge constant cur
#1290887 08.07.2026 16:59:51 : EVT PMIC : PMIC Precharge
#1290888 08.07.2026 16:59:51 : EVT PMIC : PMIC Fast-charge constant cur
#1290889 08.07.2026 16:59:51 : EVT PMIC : PMIC Precharge
#1290890 08.07.2026 16:59:51 : EVT PMIC : PMIC Fast-charge constant cur
#1290891 08.07.2026 16:59:51 : EVT PMIC : PMIC Fast-charge constant cur
#1290892 08.07.2026 16:59:51 : EVT PMIC : PMIC Fast-charge constant cur
#1290893 08.07.2026 16:59:51 : EVT PMIC : PMIC Fast-charge constant cur
#1290894 08.07.2026 16:59:51 : EVT PMIC : PMIC Precharge
#1290895 08.07.2026 16:59:51 : EVT PMIC : PMIC Fast-charge constant cur
#1290896 08.07.2026 16:59:51 : EVT PMIC : PMIC Fast-charge constant cur
#1290897 08.07.2026 16:59:51 : EVT PMIC : PMIC Fast-charge constant cur
#1290898 08.07.2026 16:59:51 : EVT PMIC : PMIC Fast-charge constant cur
#1290899 08.07.2026 16:59:51 : EVT PMIC : PMIC Fast-charge constant cur
#1290900 08.07.2026 16:59:51 : EVT PMIC : PMIC Fast-charge constant cur
#1290901 08.07.2026 16:59:51 : EVT PMIC : PMIC Precharge
#1290902 08.07.2026 16:59:51 : EVT PMIC : PMIC Fast-charge constant cur
#1290903 08.07.2026 16:59:51 : EVT PMIC : PMIC Fast-charge constant cur
#1290904 08.07.2026 16:59:51 : EVT PMIC : PMIC Precharge
#1290905 08.07.2026 16:59:51 : EVT PMIC : PMIC Fast-charge constant cur
#1290906 08.07.2026 16:59:51 : EVT PMIC : PMIC Fast-charge constant cur
#1290907 08.07.2026 16:59:51 : EVT PMIC : PMIC Fast-charge constant cur
#1290908 08.07.2026 16:59:51 : EVT PMIC : PMIC Fast-charge constant cur
#1290909 08.07.2026 16:59:51 : EVT PMIC : PMIC Fast-charge constant cur
#1290910 08.07.2026 16:59:51 : EVT PMIC : PMIC Fast-charge constant cur
#1290911 08.07.2026 16:59:51 : EVT PMIC : PMIC Fast-charge constant cur
#1290912 08.07.2026 16:59:51 : EVT PMIC : PMIC Fast-charge constant cur
#1290913 08.07.2026 16:59:51 : EVT PMIC : PMIC Fast-charge constant cur
#1290914 08.07.2026 16:59:51 : EVT PMIC : PMIC Fast-charge constant cur
#1290915 08.07.2026 16:59:51 : EVT PMIC : PMIC Fast-charge constant cur
#1290916 08.07.2026 16:59:51 : EVT PMIC : PMIC Fast-charge constant cur
#1290917 08.07.2026 16:59:51 : EVT PMIC : PMIC Fast-charge constant cur
#1290918 08.07.2026 16:59:51 : EVT PMIC : PMIC Fast-charge constant cur
#1290919 08.07.2026 16:59:51 : EVT PMIC : PMIC Fast-charge constant cur
#1290920 08.07.2026 16:59:51 : EVT PMIC : PMIC Fast-charge constant cur
#1290921 08.07.2026 16:59:51 : EVT PMIC : PMIC Fast-charge constant cur
#1290922 08.07.2026 16:59:51 : EVT PMIC : PMIC Fast-charge constant cur
#1290923 08.07.2026 16:59:51 : EVT PMIC : PMIC Fast-charge constant cur
#1290924 08.07.2026 16:59:51 : EVT PMIC : PMIC Fast-charge constant cur
#1290925 08.07.2026 16:59:51 : EVT PMIC : PMIC Fast-charge constant cur
#1290926 08.07.2026 16:59:51 : EVT PMIC : PMIC Fast-charge constant cur
#1290927 08.07.2026 16:59:51 : EVT PMIC : PMIC Fast-charge constant cur
#1290928 08.07.2026 16:59:51 : EVT PMIC : PMIC Fast-charge constant cur
#1290929 08.07.2026 16:59:51 : EVT PMIC : PMIC Fast-charge constant cur
#1290930 08.07.2026 16:59:51 : EVT PMIC : PMIC Fast-charge constant cur
#1290931 08.07.2026 16:59:51 : EVT PMIC : PMIC Precharge
#1290932 08.07.2026 16:59:51 : EVT PMIC : PMIC Fast-charge constant cur
#1290933 08.07.2026 16:59:51 : EVT PMIC : PMIC Fast-charge constant cur
#1290934 08.07.2026 16:59:52 : EVT PMIC : PMIC Fast-charge constant cur
#1290935 08.07.2026 16:59:52 : EVT PMIC : PMIC Fast-charge constant cur
#1290936 08.07.2026 16:59:52 : EVT PMIC : PMIC Fast-charge constant cur
#1290937 08.07.2026 16:59:52 : EVT PMIC : PMIC Fast-charge constant cur
#1290938 08.07.2026 16:59:52 : EVT PMIC : PMIC Fast-charge constant cur
#1290939 08.07.2026 16:59:52 : EVT PMIC : PMIC Fast-charge constant cur
#1290940 08.07.2026 16:59:52 : EVT PMIC : PMIC Precharge
#1290941 08.07.2026 16:59:52 : EVT PMIC : PMIC Fast-charge constant cur
#1290942 08.07.2026 16:59:52 : EVT PMIC : PMIC Precharge
#1290943 08.07.2026 16:59:52 : EVT PMIC : PMIC Fast-charge constant cur
#1290944 08.07.2026 16:59:52 : EVT PMIC : PMIC Fast-charge constant cur
#1290945 08.07.2026 16:59:52 : EVT PMIC : PMIC Fast-charge constant cur
#1290946 08.07.2026 16:59:52 : EVT PMIC : PMIC Fast-charge constant cur
#1290947 08.07.2026 16:59:52 : EVT PMIC : PMIC Fast-charge constant cur
#1290948 08.07.2026 16:59:52 : EVT PMIC : PMIC Fast-charge constant cur
#1290949 08.07.2026 16:59:52 : EVT PMIC : PMIC Fast-charge constant cur
#1290950 08.07.2026 16:59:52 : ERR WBMAIN : *0: app 1208 Event 36 80005310
#1290951 08.07.2026 16:59:52 : ERR WBMAIN : 1: mea 1 Wait 0 00000000
#1290952 08.07.2026 16:59:52 : ERR WBMAIN : 2: ui 59 Wait 0 00000000
#1290953 08.07.2026 16:59:52 : EVT PMIC : PMIC Fast-charge constant cur
#1290954 08.07.2026 16:59:52 : EVT PMIC : PMIC Fast-charge constant cur
#1290955 08.07.2026 16:59:52 : EVT PMIC : PMIC Fast-charge constant cur
#1290956 08.07.2026 16:59:52 : EVT PMIC : PMIC Fast-charge constant cur
#1290957 08.07.2026 16:59:52 : EVT PMIC : PMIC Fast-charge constant cur
#1290958 08.07.2026 16:59:52 : EVT PMIC : PMIC Fast-charge constant cur
#1290959 08.07.2026 16:59:52 : EVT PMIC : PMIC Precharge
#1290960 08.07.2026 16:59:52 : EVT PMIC : PMIC Fast-charge constant cur
#1290961 08.07.2026 16:59:52 : EVT PMIC : PMIC Fast-charge constant cur
#1290962 08.07.2026 16:59:52 : EVT PMIC : PMIC Fast-charge constant cur
#1290963 08.07.2026 16:59:52 : EVT PMIC : PMIC Fast-charge constant cur
#1290964 08.07.2026 16:59:52 : EVT PMIC : PMIC Precharge
#1290965 08.07.2026 16:59:52 : EVT PMIC : PMIC Fast-charge constant cur
#1290966 08.07.2026 16:59:52 : EVT PMIC : PMIC Fast-charge constant cur
#1290967 08.07.2026 16:59:52 : EVT PMIC : PMIC Fast-charge constant cur
#1290968 08.07.2026 16:59:52 : EVT PMIC : PMIC Fast-charge constant cur
#1290969 08.07.2026 16:59:52 : EVT PMIC : PMIC Precharge
#1290970 08.07.2026 16:59:52 : EVT PMIC : PMIC Fast-charge constant cur
#1290971 08.07.2026 16:59:52 : EVT PMIC : PMIC Fast-charge constant cur
#1290972 08.07.2026 16:59:52 : EVT PMIC : PMIC Fast-charge constant cur
#1290973 08.07.2026 16:59:52 : EVT PMIC : PMIC Fast-charge constant cur
#1290974 08.07.2026 16:59:52 : EVT PMIC : PMIC Fast-charge constant cur
#1290975 08.07.2026 16:59:52 : EVT PMIC : PMIC Fast-charge constant cur
#1290976 08.07.2026 16:59:52 : EVT PMIC : PMIC Fast-charge constant cur
#1290977 08.07.2026 16:59:52 : EVT PMIC : PMIC Fast-charge constant cur
#1290978 08.07.2026 16:59:52 : EVT PMIC : PMIC Fast-charge constant cur
#1290979 08.07.2026 16:59:52 : EVT PMIC : PMIC Fast-charge constant cur
#1290980 08.07.2026 16:59:52 : EVT PMIC : PMIC Fast-charge constant cur
#1290981 08.07.2026 16:59:52 : EVT PMIC : PMIC Fast-charge constant cur
#1290982 08.07.2026 16:59:52 : EVT PMIC : PMIC Fast-charge constant cur
#1290983 08.07.2026 16:59:52 : EVT PMIC : PMIC Fast-charge constant cur
#1290984 08.07.2026 16:59:52 : EVT PMIC : PMIC Fast-charge constant cur
#1290985 08.07.2026 16:59:52 : EVT PMIC : PMIC Fast-charge constant cur
#1290986 08.07.2026 16:59:52 : EVT PMIC : PMIC Fast-charge constant cur
#1290987 08.07.2026 16:59:52 : EVT PMIC : PMIC Fast-charge constant cur
#1290988 08.07.2026 16:59:52 : EVT PMIC : PMIC Fast-charge constant cur
#1290989 08.07.2026 16:59:52 : EVT PMIC : PMIC Fast-charge constant cur
#1290990 08.07.2026 16:59:52 : EVT PMIC : PMIC Fast-charge constant cur
#1290991 08.07.2026 16:59:52 : EVT PMIC : PMIC Fast-charge constant cur
#1290992 08.07.2026 16:59:52 : EVT PMIC : PMIC Fast-charge constant cur
#1290993 08.07.2026 16:59:52 : EVT PMIC : PMIC Fast-charge constant cur
#1290994 08.07.2026 16:59:52 : EVT PMIC : PMIC Fast-charge constant cur
#1290995 08.07.2026 16:59:52 : EVT PMIC : PMIC Fast-charge constant cur
#1290996 08.07.2026 16:59:52 : EVT PMIC : PMIC Fast-charge constant cur
#1290997 08.07.2026 16:59:52 : EVT PMIC : PMIC Fast-charge constant cur
#1290998 08.07.2026 16:59:52 : EVT PMIC : PMIC Fast-charge constant cur
#1290999 08.07.2026 16:59:52 : EVT PMIC : PMIC Fast-charge constant cur
#1291000 08.07.2026 16:59:52 : EVT PMIC : PMIC Fast-charge constant cur
#1291001 08.07.2026 16:59:52 : EVT PMIC : PMIC Fast-charge constant cur
#1291002 08.07.2026 16:59:52 : EVT PMIC : PMIC Fast-charge constant cur
#1291003 08.07.2026 16:59:52 : EVT PMIC : PMIC Fast-charge constant cur
#1291004 08.07.2026 16:59:52 : EVT PMIC : PMIC Fast-charge constant cur
#1291005 08.07.2026 16:59:52 : EVT PMIC : PMIC Fast-charge constant cur
#1291006 08.07.2026 16:59:52 : EVT PMIC : PMIC Fast-charge constant cur
#1291007 08.07.2026 16:59:52 : EVT PMIC : PMIC Fast-charge constant cur
#1291008 08.07.2026 16:59:52 : EVT PMIC : PMIC Fast-charge constant cur
#1291009 08.07.2026 16:59:52 : EVT PMIC : PMIC Precharge
#1291010 08.07.2026 16:59:52 : EVT PMIC : PMIC Fast-charge constant cur
#1291011 08.07.2026 16:59:52 : EVT ANALYTICS : Sync start
#1291012 08.07.2026 16:59:52 : EVT PMIC : PMIC Fast-charge constant cur
#1291013 08.07.2026 16:59:52 : EVT PMIC : PMIC Fast-charge constant cur
#1291014 08.07.2026 16:59:52 : EVT PMIC : PMIC Fast-charge constant cur
#1291015 08.07.2026 16:59:52 : EVT PMIC : PMIC Fast-charge constant cur
#1291016 08.07.2026 16:59:52 : EVT PMIC : PMIC Fast-charge constant cur
#1291017 08.07.2026 16:59:52 : EVT PMIC : PMIC Precharge
#1291018 08.07.2026 16:59:52 : EVT PMIC : PMIC Fast-charge constant cur
#1291019 08.07.2026 16:59:52 : EVT PMIC : PMIC Fast-charge constant cur
#1291020 08.07.2026 16:59:52 : EVT PMIC : PMIC Fast-charge constant cur
#1291021 08.07.2026 16:59:52 : EVT PMIC : PMIC Precharge
#1291022 08.07.2026 16:59:52 : EVT PMIC : PMIC Fast-charge constant cur
#1291023 08.07.2026 16:59:52 : EVT PMIC : PMIC Fast-charge constant cur
#1291024 08.07.2026 16:59:52 : EVT PMIC : PMIC Fast-charge constant cur
#1291025 08.07.2026 16:59:52 : EVT PMIC : PMIC Fast-charge constant cur
#1291026 08.07.2026 16:59:52 : EVT PMIC : PMIC Fast-charge constant cur
#1291027 08.07.2026 16:59:53 : EVT PMIC : PMIC Fast-charge constant cur
#1291028 08.07.2026 16:59:53 : EVT PMIC : PMIC Fast-charge constant cur
#1291029 08.07.2026 16:59:53 : EVT PMIC : PMIC Fast-charge constant cur
#1291030 08.07.2026 16:59:53 : EVT PMIC : PMIC Fast-charge constant cur
#1291031 08.07.2026 16:59:53 : EVT PMIC : PMIC Fast-charge constant cur
#1291032 08.07.2026 16:59:53 : EVT PMIC : PMIC Fast-charge constant cur
#1291033 08.07.2026 16:59:53 : EVT PMIC : PMIC Fast-charge constant cur
#1291034 08.07.2026 16:59:53 : EVT PMIC : PMIC Fast-charge constant cur
#1291035 08.07.2026 16:59:53 : EVT PMIC : PMIC Fast-charge constant cur
#1291036 08.07.2026 16:59:53 : EVT PMIC : PMIC Fast-charge constant cur
#1291037 08.07.2026 16:59:53 : EVT PMIC : PMIC Fast-charge constant cur
#1291038 08.07.2026 16:59:53 : EVT PMIC : PMIC Fast-charge constant cur
#1291039 08.07.2026 16:59:53 : EVT PMIC : PMIC Fast-charge constant cur
#1291040 08.07.2026 16:59:53 : EVT PMIC : PMIC Fast-charge constant cur
#1291041 08.07.2026 16:59:53 : EVT PMIC : PMIC Fast-charge constant cur
#1291042 08.07.2026 16:59:53 : EVT PMIC : PMIC Fast-charge constant cur
#1291043 08.07.2026 16:59:53 : EVT PMIC : PMIC Fast-charge constant cur
#1291044 08.07.2026 16:59:53 : EVT PMIC : PMIC Fast-charge constant cur
#1291045 08.07.2026 16:59:53 : EVT PMIC : PMIC Fast-charge constant cur
#1291046 08.07.2026 16:59:53 : EVT PMIC : PMIC Fast-charge constant cur
#1291047 08.07.2026 16:59:53 : EVT PMIC : PMIC Fast-charge constant cur
#1291048 08.07.2026 16:59:53 : EVT ANALYTICS : Sync start
#1291049 08.07.2026 16:59:53 : EVT PMIC : PMIC Fast-charge constant cur
#1291050 08.07.2026 16:59:53 : EVT PMIC : PMIC Fast-charge constant cur
#1291051 08.07.2026 16:59:53 : EVT PMIC : PMIC Fast-charge constant cur
#1291052 08.07.2026 16:59:53 : EVT PMIC : PMIC Fast-charge constant cur
#1291053 08.07.2026 16:59:53 : EVT PMIC : PMIC Fast-charge constant cur
#1291054 08.07.2026 16:59:53 : EVT PMIC : PMIC Precharge
#1291055 08.07.2026 16:59:53 : EVT PMIC : PMIC Fast-charge constant cur
#1291056 08.07.2026 16:59:53 : EVT PMIC : PMIC Fast-charge constant cur
#1291057 08.07.2026 16:59:53 : EVT PMIC : PMIC Fast-charge constant cur
#1291058 08.07.2026 16:59:53 : EVT PMIC : PMIC Fast-charge constant cur
#1291059 08.07.2026 16:59:53 : EVT PMIC : PMIC Fast-charge constant cur
#1291060 08.07.2026 16:59:53 : EVT PMIC : PMIC Fast-charge constant cur
#1291061 08.07.2026 16:59:53 : EVT PMIC : PMIC Fast-charge constant cur
#1291062 08.07.2026 16:59:53 : EVT PMIC : PMIC Fast-charge constant cur
#1291063 08.07.2026 16:59:53 : EVT PMIC : PMIC Fast-charge constant cur
#1291064 08.07.2026 16:59:53 : EVT PMIC : PMIC Fast-charge constant cur
#1291065 08.07.2026 16:59:53 : EVT PMIC : PMIC Fast-charge constant cur
#1291066 08.07.2026 16:59:53 : EVT PMIC : PMIC Fast-charge constant cur
#1291067 08.07.2026 16:59:53 : EVT PMIC : PMIC Fast-charge constant cur
#1291068 08.07.2026 16:59:53 : EVT PMIC : PMIC Fast-charge constant cur
#1291069 08.07.2026 16:59:53 : EVT PMIC : PMIC Fast-charge constant cur
#1291070 08.07.2026 16:59:53 : EVT PMIC : PMIC Precharge
#1291071 08.07.2026 16:59:53 : EVT PMIC : PMIC Fast-charge constant cur
#1291072 08.07.2026 16:59:53 : EVT PMIC : PMIC Fast-charge constant cur
#1291073 08.07.2026 16:59:53 : EVT PMIC : PMIC Precharge
#1291074 08.07.2026 16:59:53 : EVT PMIC : PMIC Fast-charge constant cur
#1291075 08.07.2026 16:59:53 : EVT PMIC : PMIC Fast-charge constant cur
#1291076 08.07.2026 16:59:53 : EVT PMIC : PMIC Fast-charge constant cur
#1291077 08.07.2026 16:59:53 : EVT PMIC : PMIC Fast-charge constant cur
#1291078 08.07.2026 16:59:53 : EVT PMIC : PMIC Fast-charge constant cur
#1291079 08.07.2026 16:59:53 : EVT PMIC : PMIC Fast-charge constant cur
#1291080 08.07.2026 16:59:53 : EVT PMIC : PMIC Fast-charge constant cur
#1291081 08.07.2026 16:59:53 : EVT PMIC : PMIC Fast-charge constant cur
#1291082 08.07.2026 16:59:53 : EVT PMIC : PMIC Precharge
#1291083 08.07.2026 16:59:53 : EVT PMIC : PMIC Fast-charge constant cur
#1291084 08.07.2026 16:59:53 : EVT PMIC : PMIC Fast-charge constant cur
#1291085 08.07.2026 16:59:53 : EVT PMIC : PMIC Fast-charge constant cur
#1291086 08.07.2026 16:59:53 : EVT PMIC : PMIC Fast-charge constant cur
#1291087 08.07.2026 16:59:53 : EVT PMIC : PMIC Fast-charge constant cur
#1291088 08.07.2026 16:59:53 : EVT PMIC : PMIC Precharge
#1291089 08.07.2026 16:59:53 : EVT PMIC : PMIC Fast-charge constant cur
#1291090 08.07.2026 16:59:53 : EVT PMIC : PMIC Fast-charge constant cur
#1291091 08.07.2026 16:59:53 : EVT PMIC : PMIC Fast-charge constant cur
#1291092 08.07.2026 16:59:53 : EVT PMIC : PMIC Fast-charge constant cur
#1291093 08.07.2026 16:59:53 : EVT PMIC : PMIC Precharge
#1291094 08.07.2026 16:59:53 : EVT PMIC : PMIC Fast-charge constant cur
#1291095 08.07.2026 16:59:53 : EVT PMIC : PMIC Fast-charge constant cur
#1291096 08.07.2026 16:59:53 : EVT PMIC : PMIC Fast-charge constant cur
#1291097 08.07.2026 16:59:55 : EVT PMIC : PMIC Maintain charge
#1291098 08.07.2026 17:00:00 : EVT PMIC : PMIC Fast-charge constant cur
#1291099 08.07.2026 17:00:00 : ERR WBMAIN : *0: app 652 Event 24 80892700
#1291100 08.07.2026 17:00:00 : ERR WBMAIN : 1: mea 0 Event 3 80891701
#1291101 08.07.2026 17:00:00 : ERR WBMAIN : 2: ui 38 Wait 0 00000000
#1291102 08.07.2026 17:00:00 : EVT <Unknown> : pwr daily,ontime:17
#1291103 08.07.2026 17:00:00 : EVT WBSTORAGE : CACHE_DEFRAG (744->752, 24->24, 25)
#1291104 08.07.2026 17:00:00 : EVT WEATHER : t:495417, d:6
#1291105 08.07.2026 17:00:10 : EVT PMIC : PMIC Maintain charge
#1291106 08.07.2026 17:00:14 : EVT PMIC : PMIC temp zone:0x7
#1291107 08.07.2026 17:00:15 : EVT PMIC : VBUS state is OFF
#1291108 08.07.2026 17:00:15 : EVT PMIC : Turn charge OFF since VBUS->OFF
#1291109 08.07.2026 17:00:15 : EVT WBCOMM : Route lost: ECSD00000000
#1291110 08.07.2026 17:00:15 : TRC FUEL_GAUGE : Chg->0,B:5,C:7.9,V:4442,U:0,bF:100%,bC:100%
#1291111 08.07.2026 17:00:15 : EVT OHR : VBUS off
#1291112 08.07.2026 17:00:15 : EVT OHR : S:ON 0->1
#1291113 08.07.2026 17:00:15 : EVT ANALYTICS : Battery-> 1 soc:100
#1291114 08.07.2026 17:00:15 : EVT OHR : APPINIT:caps 0x1f4, 6b738616
#1291115 08.07.2026 17:00:15 : EVT <Unknown> : 1783522815714:AI@1783522815690, tz120
#1291116 08.07.2026 17:00:15 : EVT OHR : S:start 0x2123
#1291117 08.07.2026 17:00:15 : EVT <Unknown> : 1783522815721:Meas start 0x2123
#1291118 08.07.2026 17:00:16 : EVT <Unknown> : 1783522815737:PD1464, 0
#1291119 08.07.2026 17:00:16 : EVT <Unknown> : 1783522815797:GMV 20251126/1/4/0/395/46
#1291120 08.07.2026 17:00:16 : EVT <Unknown> : 1783522816054:Mi1.6.10, auth 0, hr_mode 0
#1291121 08.07.2026 17:00:16 : EVT <Unknown> : 1783522816305:On Skin Set.
#1291122 08.07.2026 17:00:17 : EVT <Unknown> : 1783522817577:Off Skin Set.
#1291123 08.07.2026 17:00:18 : EVT <Unknown> : 1783522817953:On Skin Set.
#1291124 08.07.2026 17:00:18 : EVT <Unknown> : 1783522818224:Off Skin Set.
#1291125 08.07.2026 17:00:19 : EVT <Unknown> : 1783522819476:On Skin Set.
#1291126 08.07.2026 17:00:19 : WRN WBAPI : eID-691468(277): /Weather/Current/ValidWeatherData.temp 
#1291127 08.07.2026 17:00:22 : EVT WBSTORAGE : CACHE_DEFRAG (640->656, 24->24, 25)
#1291128 08.07.2026 17:00:22 : EVT WBSTORAGE : CACHE_DEFRAG (616->664, 24->24, 25)
#1291129 08.07.2026 17:00:22 : EVT WBSTORAGE : CACHE_DEFRAG (640->736, 24->24, 25)
#1291130 08.07.2026 17:00:22 : TRC NAVIGATION : CG: no climb WP
#1291131 08.07.2026 17:00:22 : TRC NAVIGATION : CG:init ZoomType=0
#1291132 08.07.2026 17:00:22 : EVT NAVIGATION : initSeg Idx=0 D=1 T=0 3-0-4
#1291133 08.07.2026 17:00:22 : EVT WBSTORAGE : CACHE_DEFRAG (656->920, 24->24, 25)
#1291134 08.07.2026 17:00:22 : EVT ALTIFUSION : AltiBaroMode:0
#1291135 08.07.2026 17:00:22 : EVT APPLICATION : Zapp zwc05901:Disable
#1291136 08.07.2026 17:00:22 : EVT ANALYTICS : Zapp disabled i:3 h:ddb248f2 n:Vector classic
#1291137 08.07.2026 17:00:22 : ERR <Unknown> : 1783522822307:Mi invalid call:100,code:0.
#1291138 08.07.2026 17:00:22 : EVT ANALYTICS : SleepQ:Tracking:On
#1291139 08.07.2026 17:00:22 : EVT ALTIFUSION : AltiBaroMode:0
#1291140 08.07.2026 17:00:22 : EVT WBSTORAGE : CACHE_DEFRAG (896->904, 24->24, 25)
#1291141 08.07.2026 17:00:22 : EVT UI_FRAMEWORK : JS nsto enable zapp: zzwethen
#1291142 08.07.2026 17:00:22 : EVT UI_FRAMEWORK : JS nsto enable zapp: zzmoveen
#1291143 08.07.2026 17:00:22 : EVT APPLICATION : Zapp zzwethen:Load script
#1291144 08.07.2026 17:00:23 : EVT APPLICATION : Zapp zzwethen:Enable
#1291145 08.07.2026 17:00:23 : EVT ANALYTICS : Zapp enabled i:8 h:3f77f8ec n:zzwethen v:ade
#1291146 08.07.2026 17:00:23 : EVT APPLICATION : Zapp clid:32878
#1291147 08.07.2026 17:00:23 : EVT APPLICATION : Zapp zzmoveen:Load script
#1291148 08.07.2026 17:00:23 : EVT APPLICATION : Zapp zzmoveen:Enable
#1291149 08.07.2026 17:00:23 : EVT ANALYTICS : Zapp enabled i:6 h:7aac0887 n:zzmoveen v:8e0
#1291150 08.07.2026 17:00:23 : EVT UI_FRAMEWORK : evalFile: b:/zapp/zzmoveen.fea/ext1.js from ui
#1291151 08.07.2026 17:00:23 : EVT APPLICATION : Zapp clid:32879
#1291152 08.07.2026 17:00:23 : EVT UI_FRAMEWORK : JS nsto all zapps enabled.
#1291153 08.07.2026 17:00:23 : EVT UI_FRAMEWORK : JS Prestart Activity Id: 16.000
#1291154 08.07.2026 17:00:23 : WRN WBAPI : eID-691468(277): /Dive/Alarms/Acknowledge 404
#1291155 08.07.2026 17:00:23 : WRN WBAPI : eID-691468(277): /Dive/DiveGases 404
#1291156 08.07.2026 17:00:23 : WRN WBAPI : eID-691468(277): /Dive/Gauge/Next 404
#1291157 08.07.2026 17:00:23 : EVT WBSTORAGE : CACHE_DEFRAG (864->872, 24->24, 25)
#1291158 08.07.2026 17:00:23 : EVT WBSTORAGE : CACHE_DEFRAG (800->808, 24->24, 25)
#1291159 08.07.2026 17:00:23 : EVT WBSTORAGE : CACHE_DEFRAG (736->744, 24->24, 25)
#1291160 08.07.2026 17:00:23 : EVT BLE : BLE Sensor Link 4800180D Conn (--E-:00:1)
#1291161 08.07.2026 17:00:23 : WRN BLE : sendConnect 6157
#1291162 08.07.2026 17:00:23 : WRN WBAPI : eID-691468(277): /Dive/TankPressure/Alarm/Count 404
#1291163 08.07.2026 17:00:23 : EVT SPEEDFUSION : INFO # start speed fusion
#1291164 08.07.2026 17:00:23 : EVT SPEEDFUSION : Act:16,Acc:0,BPod:0,FPod:0,PPod:0,BeltPod:1
#1291165 08.07.2026 17:00:23 : EVT SPEEDFUSION : INFO # Start algo without wrist acc
#1291166 08.07.2026 17:00:23 : EVT <Unknown> : Update pres sampl intrvl:1
#1291167 08.07.2026 17:00:23 : EVT OHR : S:start 0x21a3
#1291168 08.07.2026 17:00:23 : EVT <Unknown> : 1783522823838:Meas start 0x21a3
#1291169 08.07.2026 17:00:28 : EVT OHR : No HR update, invalidate by timer
#1291170 08.07.2026 17:00:33 : EVT BLE : lt,scan 1
#1291171 08.07.2026 17:00:33 : WRN BLE : sendDisconnect 6157
#1291172 08.07.2026 17:00:33 : ERR BLE : [AURA]No filters left, stopping scan
#1291173 08.07.2026 17:00:33 : ERR BLE : [AURA]Filter with handle 72 not found
#1291174 08.07.2026 17:00:33 : EVT BLE : packet 0 sensor found count 1
#1291175 08.07.2026 17:00:33 : EVT BLE : packet 0 sensor found count 2
#1291176 08.07.2026 17:00:34 : EVT OHR : new HR update
#1291177 08.07.2026 17:00:34 : EVT ANALYTICS : #FusHr src:2 time:10297
#1291178 08.07.2026 17:00:50 : EVT <Unknown> : 1783522850149:Off Skin Set.
#1291179 08.07.2026 17:00:55 : EVT OHR : No HR update, invalidate by timer
#1291180 08.07.2026 17:00:58 : EVT <Unknown> : 1783522858527:On Skin Set.
#1291181 08.07.2026 17:00:59 : EVT <Unknown> : 1783522858958:Off Skin Set.
#1291182 08.07.2026 17:01:04 : EVT <Unknown> : 1783522864086:On Skin Set.
#1291183 08.07.2026 17:01:04 : EVT OHR : new HR update
#1291184 08.07.2026 17:02:31 : EVT APPLICATION : Zapp climbl01:Load script
#1291185 08.07.2026 17:02:31 : EVT APPLICATION : Zapp climbl01:Enable
#1291186 08.07.2026 17:02:31 : EVT ANALYTICS : Zapp enabled i:5 h:a5e7afa5 n:climbl01 v:3.0
#1291187 08.07.2026 17:02:31 : EVT APPLICATION : Zapp clid:32880
#1291188 08.07.2026 17:02:32 : EVT WBSTORAGE : CACHE_DEFRAG (664->672, 24->24, 25)
#1291189 08.07.2026 17:02:32 : EVT WBSTORAGE : CACHE_DEFRAG (608->648, 25->24, 25)
#1291190 08.07.2026 17:02:33 : EVT ANALYTICS : #FusHr src:2 time:0
#1291191 08.07.2026 17:02:33 : ERR BLE : [AURA]No filters left, stopping scan
#1291192 08.07.2026 17:02:33 : EVT TRAININGLAB : TLab:~Mode T 16748 + 1370 A 4650 + 0
#1291193 08.07.2026 17:02:33 : EVT TRAININGLAB : TLab:Change mode 2->3
#1291194 08.07.2026 17:02:33 : EVT TRAININGLAB : TLab:Mode::userInfo 60, 200, 1, 37, 182, 950, 1990
#1291195 08.07.2026 17:02:33 : WRN WBAPI : eID-691468(277): /Dive/Alarms/Acknowledge 404
#1291196 08.07.2026 17:02:33 : WRN WBAPI : eID-691468(277): /Dive/DiveGases 404
#1291197 08.07.2026 17:02:33 : WRN WBAPI : eID-691468(277): /Dive/Gauge/Next 404
#1291198 08.07.2026 17:02:33 : EVT LOGGER : Log space:30237099 bytes free
#1291199 08.07.2026 17:02:34 : EVT TRAININGLAB : ModeUnsub:2800
#1291200 08.07.2026 17:02:34 : EVT TRAININGLAB : ModeSub:9004
#1291201 08.07.2026 17:02:34 : EVT TRAININGLAB : TLab:Select input 0
#1291202 08.07.2026 17:02:34 : EVT TRAININGLAB : Tlab:HR src is 2
#1291203 08.07.2026 17:02:34 : EVT TRAININGLAB : TLab:Active input 0
#1291204 08.07.2026 17:02:34 : EVT LOGGER : Exercise started
#1291205 08.07.2026 17:02:34 : TRC GPS : Full GNSS data subd l:0 c:802b0000
#1291206 08.07.2026 17:02:34 : EVT TRAININGLAB : TLab:Active input 1
#1291207 08.07.2026 17:02:36 : EVT ANALYTICS : Battery-> 3 soc:100
#1291208 08.07.2026 17:02:36 : EVT ANALYTICS : #FusHr src:2 time:0
#1291209 08.07.2026 17:02:36 : EVT ANALYTICS : #Act id:16
#1291210 08.07.2026 17:02:36 : EVT ANALYTICS : #powersave mode:p temp:28.6
#1291211 08.07.2026 17:02:36 : EVT ANALYTICS : GPSMODE:NOTUSED
#1291212 08.07.2026 17:02:36 : EVT ANALYTICS : #gnss d:2026-07-08T00:00:00Z
#1291213 08.07.2026 17:02:36 : EVT ANALYTICS : #zapp n:Weather e:1
#1291214 08.07.2026 17:02:36 : EVT ANALYTICS : #zapp n:Movement e:1
#1291215 08.07.2026 17:02:36 : EVT ANALYTICS : #zapp n:Climb Log e:1
#1291216 08.07.2026 17:02:38 : EVT <Unknown> : 1783522957177:Off Skin Set.
#1291217 08.07.2026 17:02:39 : WRN WBAPI : eID-691468(277): /Dive/Alarms/Acknowledge 404
#1291218 08.07.2026 17:02:39 : WRN WBAPI : eID-691468(277): /Dive/DiveGases 404
#1291219 08.07.2026 17:02:39 : WRN WBAPI : eID-691468(277): /Dive/Gauge/Next 404
#1291220 08.07.2026 17:02:40 : EVT LOGGER : LGR 934, 80
#1291221 08.07.2026 17:02:40 : WRN WBAPI : eID-691468(277): /Dive/Alarms/Acknowledge 404
#1291222 08.07.2026 17:02:40 : WRN WBAPI : eID-691468(277): /Dive/DiveGases 404
#1291223 08.07.2026 17:02:40 : WRN WBAPI : eID-691468(277): /Dive/Gauge/Next 404
#1291224 08.07.2026 17:02:41 : EVT LOGGER : LGR 934, 80
#1291225 08.07.2026 17:02:41 : EVT ANALYTICS : #ws AID:16 BM:1 NS:0 SP:3 ZN:0 TG:0 BL:0 GPS:0
#1291226 08.07.2026 17:02:41 : EVT ANALYTICS : #2ws AID:16 WHR:1 INT:0 AL:0 AP:0 FE:1 MC:1 TH:0
#1291227 08.07.2026 17:02:41 : EVT UI_FRAMEWORK : evalFile: b:/zapp/climbl01.fea/ext10.js from ui
#1291228 08.07.2026 17:02:42 : EVT UI_FRAMEWORK : evalFile: b:/zapp/climbl01.fea/ext39.js from ui
#1291229 08.07.2026 17:02:42 : EVT OHR : No HR update, invalidate by timer
#1291230 08.07.2026 17:02:42 : WRN WBAPI : eID-691468(277): /Dive/Alarms/Acknowledge 404
#1291231 08.07.2026 17:02:42 : WRN WBAPI : eID-691468(277): /Dive/DiveGases 404
#1291232 08.07.2026 17:02:42 : WRN WBAPI : eID-691468(277): /Dive/Gauge/Next 404
#1291233 08.07.2026 17:02:43 : EVT LOGGER : LGR 934, 80
#1291234 08.07.2026 17:02:43 : WRN WBAPI : eID-691468(277): /Dive/Alarms/Acknowledge 404
#1291235 08.07.2026 17:02:43 : WRN WBAPI : eID-691468(277): /Dive/DiveGases 404
#1291236 08.07.2026 17:02:43 : WRN WBAPI : eID-691468(277): /Dive/Gauge/Next 404
#1291237 08.07.2026 17:02:44 : EVT LOGGER : LGR 934, 80
#1291238 08.07.2026 17:02:45 : EVT UI_FRAMEWORK : evalFile: b:/zapp/climbl01.fea/ext14.js from ui
#1291239 08.07.2026 17:02:45 : WRN WBAPI : eID-691468(277): /Dive/Alarms/Acknowledge 404
#1291240 08.07.2026 17:02:45 : WRN WBAPI : eID-691468(277): /Dive/DiveGases 404
#1291241 08.07.2026 17:02:45 : WRN WBAPI : eID-691468(277): /Dive/Gauge/Next 404
#1291242 08.07.2026 17:02:46 : EVT LOGGER : LGR 934, 80
#1291243 08.07.2026 17:02:46 : WRN WBAPI : eID-691468(277): /Dive/Alarms/Acknowledge 404
#1291244 08.07.2026 17:02:46 : WRN WBAPI : eID-691468(277): /Dive/DiveGases 404
#1291245 08.07.2026 17:02:46 : WRN WBAPI : eID-691468(277): /Dive/Gauge/Next 404
#1291246 08.07.2026 17:02:47 : EVT LOGGER : LGR 934, 80
#1291247 08.07.2026 17:02:48 : WRN WBAPI : eID-691468(277): /Dive/Alarms/Acknowledge 404
#1291248 08.07.2026 17:02:48 : WRN WBAPI : eID-691468(277): /Dive/DiveGases 404
#1291249 08.07.2026 17:02:48 : WRN WBAPI : eID-691468(277): /Dive/Gauge/Next 404
#1291250 08.07.2026 17:02:49 : EVT <Unknown> : 1783522969057:On Skin Set.
#1291251 08.07.2026 17:02:50 : EVT OHR : new HR update
#1291252 08.07.2026 17:04:02 : EVT LOGGER : LGR 934, 80
#1291253 08.07.2026 17:04:02 : WRN WBAPI : eID-691468(277): /Dive/Alarms/Acknowledge 404
#1291254 08.07.2026 17:04:02 : WRN WBAPI : eID-691468(277): /Dive/DiveGases 404
#1291255 08.07.2026 17:04:02 : WRN WBAPI : eID-691468(277): /Dive/Gauge/Next 404
#1291256 08.07.2026 17:04:03 : EVT LOGGER : LGR 934, 80
#1291257 08.07.2026 17:04:06 : EVT <Unknown> : 1783523045785:Off Skin Set.
#1291258 08.07.2026 17:04:07 : EVT <Unknown> : 1783523046661:On Skin Set.
#1291259 08.07.2026 17:04:24 : WRN WBAPI : eID-691468(277): /Dive/Alarms/Acknowledge 404
#1291260 08.07.2026 17:04:24 : WRN WBAPI : eID-691468(277): /Dive/DiveGases 404
#1291261 08.07.2026 17:04:24 : WRN WBAPI : eID-691468(277): /Dive/Gauge/Next 404
#1291262 08.07.2026 17:04:25 : EVT <Unknown> : 1783523064336:Off Skin Set.
#1291263 08.07.2026 17:04:26 : EVT LOGGER : Exercise paused
#1291264 08.07.2026 17:04:26 : WRN WBAPI : eID-691468(277): /Dive/Alarms/Acknowledge 404
#1291265 08.07.2026 17:04:26 : WRN WBAPI : eID-691468(277): /Dive/DiveGases 404
#1291266 08.07.2026 17:04:26 : WRN WBAPI : eID-691468(277): /Dive/Gauge/Next 404
#1291267 08.07.2026 17:04:27 : EVT <Unknown> : 1783523066464:On Skin Set.
#1291268 08.07.2026 17:04:29 : EVT APPLICATION : Zapp climbl01:Disable
#1291269 08.07.2026 17:04:29 : EVT UI_FRAMEWORK : evalFile: b:/zapp/climbl01.fea/ext11.js from ui
#1291270 08.07.2026 17:04:29 : EVT ANALYTICS : Zapp disabled i:5 h:a5e7afa5 n:Climb Log
#1291271 08.07.2026 17:04:29 : EVT APPLICATION : Zapp zzmoveen:Disable
#1291272 08.07.2026 17:04:29 : EVT ANALYTICS : Zapp disabled i:6 h:7aac0887 n:Movement
#1291273 08.07.2026 17:04:29 : EVT UI_FRAMEWORK : evalFile: b:/zapp/zzmoveen.fea/ext2.js from ui
#1291274 08.07.2026 17:04:29 : EVT APPLICATION : Zapp zzwethen:Disable
#1291275 08.07.2026 17:04:29 : EVT ANALYTICS : Zapp disabled i:8 h:3f77f8ec n:Weather
#1291276 08.07.2026 17:04:29 : EVT UI_FRAMEWORK : JS discard disable zapps
#1291277 08.07.2026 17:04:29 : EVT UI_FRAMEWORK : JS will discard
#1291278 08.07.2026 17:04:29 : EVT SPEEDFUSION : INFO # stop speed fusion
#1291279 08.07.2026 17:04:29 : EVT <Unknown> : Update pres sampl intrvl:5
#1291280 08.07.2026 17:04:29 : WRN APPLICATION : discard hrr meas l:3 d:0 sh:95 mh:95 v:0
#1291281 08.07.2026 17:04:29 : WRN WBAPI : eID-698eec(583/65535): 404
#1291282 08.07.2026 17:04:29 : EVT TRAININGZONE : User Define Mode:5
#1291283 08.07.2026 17:04:29 : EVT TRAININGZONE : Tss HR:0.95
#1291284 08.07.2026 17:04:29 : EVT TRAININGZONE : A:16,Tss:[-200.00,-200.00,-200.00,0.95]
#1291285 08.07.2026 17:04:29 : EVT TRAININGLAB : AppFeature Vo2Max 0.000000
#1291286 08.07.2026 17:04:29 : EVT TRAININGLAB : TLab:~Mode T 18118 + 85 A 4650 + 60
#1291287 08.07.2026 17:04:29 : EVT TRAININGLAB : TLab:Change mode 3->2
#1291288 08.07.2026 17:04:29 : EVT TRAININGLAB : TLab:Mode::userInfo 60, 200, 1, 37, 182, 950, 1990
#1291289 08.07.2026 17:04:29 : EVT LOGGER : LGR 934, 80
#1291290 08.07.2026 17:04:29 : EVT TRAININGLAB : ModeUnsub:9145
#1291291 08.07.2026 17:04:29 : EVT OHR : S:start 0x2123
#1291292 08.07.2026 17:04:29 : EVT TRAININGLAB : ModeSub:0400
#1291293 08.07.2026 17:04:29 : EVT ANALYTICS : WAOae:Activity WAOae:16
#1291294 08.07.2026 17:04:29 : EVT ANALYTICS : WAOae:TotalAcc WAOae:0,0,0
#1291295 08.07.2026 17:04:29 : EVT ANALYTICS : WAOae:AccCount WAOae:0,0,0
#1291296 08.07.2026 17:04:29 : EVT ANALYTICS : WAOae:Distance WAOae:0,0,0
#1291297 08.07.2026 17:04:29 : EVT ANALYTICS : WAOae:Duration WAOae:0,0,0
#1291298 08.07.2026 17:04:29 : EVT ANALYTICS : WAOae:Coeff WAOae:0,40,240,390,773,7524,7624
#1291299 08.07.2026 17:04:29 : EVT LOGGER : Exercise stopped
#1291300 08.07.2026 17:04:29 : EVT LOGGER : HrIbiLogger stop, off (0 ms)
#1291301 08.07.2026 17:04:29 : EVT LOGGER : HrIbiLogger stopped (0 ms)
#1291302 08.07.2026 17:04:29 : TRC GPS : Unsubd c:802b0000
#1291303 08.07.2026 17:04:29 : EVT LOGGER : LGR 934, 80
#1291304 08.07.2026 17:04:29 : EVT LOGGER : LGR 934, 80
#1291305 08.07.2026 17:04:29 : EVT ANALYTICS : SleepQ:Tracking:On
#1291306 08.07.2026 17:04:29 : EVT LOGGER : Wr dpc on
#1291307 08.07.2026 17:04:29 : EVT LOGGER : LGR 20993, 56
#1291308 08.07.2026 17:04:30 : EVT <Unknown> : 1783523069549:Meas start 0x2123
#1291309 08.07.2026 17:04:30 : EVT BLE : Disconn sensor:1
#1291310 08.07.2026 17:04:30 : EVT BLE : BLE Sensor Link 4800180D Disc (L-E-:00:0)
#1291311 08.07.2026 17:04:30 : WRN BLE : sendDisconnect 6157
#1291312 08.07.2026 17:04:30 : ERR BLE : [AURA]Filter with handle 72 not found
#1291313 08.07.2026 17:04:30 : EVT UI_FRAMEWORK : JS feeling vs idle 1
#1291314 08.07.2026 17:04:30 : EVT UI_FRAMEWORK : JS feeling open ex-saving
#1291315 08.07.2026 17:04:31 : TRC NAVIGATION : CG: no climb WP
#1291316 08.07.2026 17:04:31 : TRC NAVIGATION : CG:init ZoomType=0
#1291317 08.07.2026 17:04:31 : EVT NAVIGATION : initSeg Idx=0 D=1 T=0 3-0-4
#1291318 08.07.2026 17:04:31 : EVT WBSTORAGE : CACHE_DEFRAG (600->1000, 24->24, 25)
#1291319 08.07.2026 17:04:31 : EVT SPEEDFUSION : INFO # IDLE mode(-1) set
#1291320 08.07.2026 17:04:31 : EVT ALTIFUSION : AltiBaroMode:2
#1291321 08.07.2026 17:04:31 : ERR WBMAIN : *0: app 506 Event 37 8099031c
#1291322 08.07.2026 17:04:31 : ERR WBMAIN : 1: mea 0 Wait 0 00000000
#1291323 08.07.2026 17:04:31 : ERR WBMAIN : 2: ui 2 Wait 0 00000000
#1291324 08.07.2026 17:04:31 : EVT ANALYTICS : #powersave mode:p temp:28.7
#1291325 08.07.2026 17:04:31 : EVT ANALYTICS : Battery-> 4 soc:100
#1291326 08.07.2026 17:04:34 : EVT ANALYTICS : Duration ExSaving:3590
#1291327 08.07.2026 17:04:34 : EVT ANALYTICS : Duration ExSumBroker:372
#1291328 08.07.2026 17:04:36 : EVT <Unknown> : 1783523075840:Off Skin Set.
#1291329 08.07.2026 17:04:41 : EVT OHR : No HR update, invalidate by timer
#1291330 08.07.2026 17:04:41 : EVT UI_FRAMEWORK : JS delete log
#1291331 08.07.2026 17:04:41 : WRN LOGGER : Delete b:logs/6A4E6689
#1291332 08.07.2026 17:04:43 : EVT WBSTORAGE : CACHE_DEFRAG (976->984, 24->24, 25)
#1291333 08.07.2026 17:04:43 : EVT APPLICATION : Zapp zwc05901:Load script
#1291334 08.07.2026 17:04:43 : EVT APPLICATION : Zapp zwc05901:Enable
#1291335 08.07.2026 17:04:43 : EVT ANALYTICS : Zapp enabled i:3 h:ddb248f2 n:zwc05901 v:124f
#1291336 08.07.2026 17:04:43 : WRN WBAPI : eID-691468(277): /Weather/Current/ValidWeatherData.temp 
#1291337 08.07.2026 17:04:46 : EVT WBSTORAGE : CACHE_DEFRAG (856->864, 24->24, 25)
#1291338 08.07.2026 17:04:46 : EVT WBSTORAGE : CACHE_DEFRAG (816->856, 24->24, 25)
#1291339 08.07.2026 17:04:46 : EVT WBSTORAGE : CACHE_DEFRAG (832->840, 24->24, 25)
#1291340 08.07.2026 17:04:46 : EVT WBSTORAGE : CACHE_DEFRAG (824->832, 24->24, 25)
#1291341 08.07.2026 17:04:46 : EVT WBSTORAGE : CACHE_DEFRAG (816->824, 24->24, 25)
#1291342 08.07.2026 17:04:46 : EVT WBSTORAGE : CACHE_DEFRAG (808->816, 24->24, 25)
#1291343 08.07.2026 17:04:46 : TRC NAVIGATION : CG: no climb WP
#1291344 08.07.2026 17:04:46 : TRC NAVIGATION : CG:init ZoomType=0
#1291345 08.07.2026 17:04:46 : EVT NAVIGATION : initSeg Idx=0 D=1 T=0 3-0-4
#1291346 08.07.2026 17:04:46 : EVT WBSTORAGE : CACHE_DEFRAG (736->920, 24->24, 25)
#1291347 08.07.2026 17:04:46 : EVT ALTIFUSION : AltiBaroMode:0
#1291348 08.07.2026 17:04:46 : EVT APPLICATION : Zapp zwc05901:Disable
#1291349 08.07.2026 17:04:46 : EVT ANALYTICS : Zapp disabled i:3 h:ddb248f2 n:Vector classic
#1291350 08.07.2026 17:04:47 : EVT ANALYTICS : SleepQ:Tracking:On
#1291351 08.07.2026 17:04:47 : EVT ALTIFUSION : AltiBaroMode:0
#1291352 08.07.2026 17:04:47 : EVT WBSTORAGE : CACHE_DEFRAG (896->904, 24->24, 25)
#1291353 08.07.2026 17:04:47 : EVT UI_FRAMEWORK : JS nsto enable zapp: zzwethen
#1291354 08.07.2026 17:04:47 : EVT UI_FRAMEWORK : JS nsto enable zapp: zzmoveen
#1291355 08.07.2026 17:04:47 : EVT UI_FRAMEWORK : JS nsto enable zapp: climbl01
#1291356 08.07.2026 17:04:47 : EVT APPLICATION : Zapp zzwethen:Load script
#1291357 08.07.2026 17:04:47 : EVT APPLICATION : Zapp zzwethen:Enable
#1291358 08.07.2026 17:04:47 : EVT ANALYTICS : Zapp enabled i:8 h:3f77f8ec n:zzwethen v:ade
#1291359 08.07.2026 17:04:47 : EVT APPLICATION : Zapp clid:32878
#1291360 08.07.2026 17:04:47 : EVT APPLICATION : Zapp zzmoveen:Load script
#1291361 08.07.2026 17:04:47 : EVT APPLICATION : Zapp zzmoveen:Enable
#1291362 08.07.2026 17:04:47 : EVT ANALYTICS : Zapp enabled i:6 h:7aac0887 n:zzmoveen v:8e0
#1291363 08.07.2026 17:04:47 : EVT UI_FRAMEWORK : evalFile: b:/zapp/zzmoveen.fea/ext1.js from ui
#1291364 08.07.2026 17:04:47 : EVT APPLICATION : Zapp clid:32879
#1291365 08.07.2026 17:04:47 : EVT APPLICATION : Zapp climbl01:Load script
#1291366 08.07.2026 17:04:47 : EVT APPLICATION : Zapp climbl01:Enable
#1291367 08.07.2026 17:04:47 : EVT ANALYTICS : Zapp enabled i:5 h:a5e7afa5 n:climbl01 v:3.0
#1291368 08.07.2026 17:04:47 : EVT APPLICATION : Zapp clid:32880
#1291369 08.07.2026 17:04:47 : EVT UI_FRAMEWORK : JS nsto all zapps enabled.
#1291370 08.07.2026 17:04:47 : EVT UI_FRAMEWORK : JS Prestart Activity Id: 16.000
#1291371 08.07.2026 17:04:47 : WRN WBAPI : eID-691468(277): /Dive/Alarms/Acknowledge 404
#1291372 08.07.2026 17:04:47 : WRN WBAPI : eID-691468(277): /Dive/DiveGases 404
#1291373 08.07.2026 17:04:47 : WRN WBAPI : eID-691468(277): /Dive/Gauge/Next 404
#1291374 08.07.2026 17:04:47 : EVT WBSTORAGE : CACHE_DEFRAG (856->864, 24->24, 25)
#1291375 08.07.2026 17:04:47 : EVT WBSTORAGE : CACHE_DEFRAG (792->800, 24->24, 25)
#1291376 08.07.2026 17:04:47 : EVT WBSTORAGE : CACHE_DEFRAG (728->736, 24->24, 25)
#1291377 08.07.2026 17:04:47 : EVT BLE : BLE Sensor Link 4800180D Conn (--E-:00:1)
#1291378 08.07.2026 17:04:47 : WRN BLE : sendConnect 6157
#1291379 08.07.2026 17:04:48 : WRN WBAPI : eID-691468(277): /Dive/TankPressure/Alarm/Count 404
#1291380 08.07.2026 17:04:48 : EVT SPEEDFUSION : INFO # start speed fusion
#1291381 08.07.2026 17:04:48 : EVT SPEEDFUSION : Act:16,Acc:0,BPod:0,FPod:0,PPod:0,BeltPod:1
#1291382 08.07.2026 17:04:48 : EVT SPEEDFUSION : INFO # Start algo without wrist acc
#1291383 08.07.2026 17:04:48 : EVT <Unknown> : Update pres sampl intrvl:1
#1291384 08.07.2026 17:04:48 : EVT OHR : S:start 0x21a3
#1291385 08.07.2026 17:04:48 : EVT <Unknown> : 1783523088222:Meas start 0x21a3
#1291386 08.07.2026 17:04:51 : EVT APPLICATION : Zapp climbl01:Disable
#1291387 08.07.2026 17:04:51 : EVT ANALYTICS : Zapp disabled i:5 h:a5e7afa5 n:Climb Log
#1291388 08.07.2026 17:04:51 : EVT WBSTORAGE : CACHE_DEFRAG (656->664, 24->24, 25)
#1291389 08.07.2026 17:04:52 : EVT OHR : No HR update, invalidate by timer
#1291390 08.07.2026 17:04:53 : EVT APPLICATION : Zapp climbl01:Load script
#1291391 08.07.2026 17:04:53 : EVT APPLICATION : Zapp climbl01:Enable
#1291392 08.07.2026 17:04:54 : EVT ANALYTICS : Zapp enabled i:5 h:a5e7afa5 n:climbl01 v:3.0
#1291393 08.07.2026 17:04:54 : EVT APPLICATION : Zapp clid:32880
#1291394 08.07.2026 17:04:54 : EVT OHR : S:start 0x2123
#1291395 08.07.2026 17:04:54 : EVT <Unknown> : 1783523094090:Meas start 0x2123
#1291396 08.07.2026 17:04:57 : EVT BLE : lt,scan 1
#1291397 08.07.2026 17:04:57 : WRN BLE : sendDisconnect 6157
#1291398 08.07.2026 17:04:57 : ERR BLE : [AURA]No filters left, stopping scan
#1291399 08.07.2026 17:04:57 : ERR BLE : [AURA]Filter with handle 72 not found
#1291400 08.07.2026 17:04:57 : EVT BLE : packet 0 sensor found count 1
#1291401 08.07.2026 17:04:57 : EVT BLE : packet 0 sensor found count 2
#1291402 08.07.2026 17:04:59 : EVT OHR : No HR update, invalidate by timer
#1291403 08.07.2026 17:04:59 : EVT <Unknown> : 1783523098472:On Skin Set.
#1291404 08.07.2026 17:04:59 : EVT APPLICATION : Zapp climbl01:Disable
#1291405 08.07.2026 17:04:59 : EVT ANALYTICS : Zapp disabled i:5 h:a5e7afa5 n:Climb Log
#1291406 08.07.2026 17:05:00 : EVT SEDENTARY : stop monitoring
#1291407 08.07.2026 17:05:00 : EVT OHR : new HR update
#1291408 08.07.2026 17:05:00 : EVT ANALYTICS : #FusHr src:2 time:12028
#1291409 08.07.2026 17:05:04 : EVT APPLICATION : Zapp climbl01:Load script
#1291410 08.07.2026 17:05:04 : EVT APPLICATION : Zapp climbl01:Enable
#1291411 08.07.2026 17:05:04 : EVT ANALYTICS : Zapp enabled i:5 h:a5e7afa5 n:climbl01 v:3.0
#1291412 08.07.2026 17:05:04 : EVT APPLICATION : Zapp clid:32880
#1291413 08.07.2026 17:05:07 : EVT <Unknown> : 1783523106945:Off Skin Set.
#1291414 08.07.2026 17:05:08 : EVT <Unknown> : 1783523107447:On Skin Set.
#1291415 08.07.2026 17:05:08 : EVT <Unknown> : 1783523107678:Off Skin Set.
#1291416 08.07.2026 17:05:08 : EVT PMIC : VBUS state is ON
#1291417 08.07.2026 17:05:08 : EVT PMIC : chgCntl1:0x70
#1291418 08.07.2026 17:05:08 : EVT PMIC : check chgCntl1:0x74
#1291419 08.07.2026 17:05:08 : EVT PMIC : Turn charge ON since VBUS->ON
#1291420 08.07.2026 17:05:08 : EVT PMIC : PMIC temp zone:0x2
#1291421 08.07.2026 17:05:08 : EVT PMIC : PMIC Fast-charge constant cur
#1291422 08.07.2026 17:05:08 : EVT OHR : VBUS on
#1291423 08.07.2026 17:05:08 : EVT OHR : S:stop 23
#1291424 08.07.2026 17:05:08 : EVT <Unknown> : 1783523108885:Meas stop 0x2123
#1291425 08.07.2026 17:05:08 : WRN <Unknown> : 1783523108886:FSM EVT STOP.
#1291426 08.07.2026 17:05:08 : EVT OHR : S:OFF 1->0
#1291427 08.07.2026 17:05:08 : EVT PMIC : VBUS state is ON
#1291428 08.07.2026 17:05:09 : EVT PMIC : PMIC Maintain charge
#1291429 08.07.2026 17:05:09 : EVT PMIC : PMIC temp zone:0x7
#1291430 08.07.2026 17:05:09 : EVT PMIC : VBUS state is OFF
#1291431 08.07.2026 17:05:09 : EVT PMIC : Turn charge OFF since VBUS->OFF
#1291432 08.07.2026 17:05:10 : EVT OHR : VBUS off
#1291433 08.07.2026 17:05:10 : EVT OHR : S:ON 0->1
#1291434 08.07.2026 17:05:10 : EVT OHR : APPINIT:caps 0x1f4, 6b738616
#1291435 08.07.2026 17:05:10 : EVT <Unknown> : 1783523110245:AI@1783523110220, tz120
#1291436 08.07.2026 17:05:10 : EVT OHR : S:start 0x2123
#1291437 08.07.2026 17:05:10 : EVT <Unknown> : 1783523110251:Meas start 0x2123
#1291438 08.07.2026 17:05:10 : EVT <Unknown> : 1783523110267:PD1464, 0
#1291439 08.07.2026 17:05:10 : EVT <Unknown> : 1783523110326:GMV 20251126/1/4/0/395/46
#1291440 08.07.2026 17:05:10 : EVT <Unknown> : 1783523110580:Mi1.6.10, auth 0, hr_mode 0
#1291441 08.07.2026 17:05:11 : EVT <Unknown> : 1783523111004:On Skin Set.
#1291442 08.07.2026 17:05:12 : EVT OHR : No HR update, invalidate by timer
#1291443 08.07.2026 17:05:14 : WRN WBAPI : eID-691468(277): /Dive/TankPressure/Alarm/Count 404
#1291444 08.07.2026 17:05:14 : EVT OHR : S:start 0x21a3
#1291445 08.07.2026 17:05:14 : EVT <Unknown> : 1783523114423:Meas start 0x21a3
#1291446 08.07.2026 17:05:15 : ERR <Unknown> : 1783523115232:Mi invalid call:100,code:0.
#1291447 08.07.2026 17:05:18 : EVT APPLICATION : Zapp climbl01:Disable
#1291448 08.07.2026 17:05:18 : EVT ANALYTICS : Zapp disabled i:5 h:a5e7afa5 n:Climb Log
#1291449 08.07.2026 17:05:19 : EVT OHR : No HR update, invalidate by timer
#1291450 08.07.2026 17:05:20 : EVT APPLICATION : Zapp climbl01:Load script
#1291451 08.07.2026 17:05:20 : EVT APPLICATION : Zapp climbl01:Enable
#1291452 08.07.2026 17:05:21 : EVT ANALYTICS : Zapp enabled i:5 h:a5e7afa5 n:climbl01 v:3.0
#1291453 08.07.2026 17:05:21 : EVT APPLICATION : Zapp clid:32880
#1291454 08.07.2026 17:05:21 : EVT OHR : S:start 0x2123
#1291455 08.07.2026 17:05:21 : EVT <Unknown> : 1783523121102:Meas start 0x2123
#1291456 08.07.2026 17:05:26 : EVT OHR : No HR update, invalidate by timer
#1291457 08.07.2026 17:05:27 : EVT APPLICATION : Zapp climbl01:Disable
#1291458 08.07.2026 17:05:27 : EVT ANALYTICS : Zapp disabled i:5 h:a5e7afa5 n:Climb Log
#1291459 08.07.2026 17:05:27 : EVT OHR : new HR update
#1291460 08.07.2026 17:05:28 : EVT APPLICATION : Zapp climbl01:Load script
#1291461 08.07.2026 17:05:29 : EVT APPLICATION : Zapp climbl01:Enable
#1291462 08.07.2026 17:05:29 : EVT ANALYTICS : Zapp enabled i:5 h:a5e7afa5 n:climbl01 v:3.0
#1291463 08.07.2026 17:05:29 : EVT APPLICATION : Zapp clid:32880
#1291464 08.07.2026 17:05:29 : EVT <Unknown> : 1783523129946:Off Skin Set.
#1291465 08.07.2026 17:05:32 : EVT PMIC : VBUS state is ON
#1291466 08.07.2026 17:05:32 : EVT PMIC : chgCntl1:0x70
#1291467 08.07.2026 17:05:32 : EVT PMIC : check chgCntl1:0x74
#1291468 08.07.2026 17:05:32 : EVT PMIC : Turn charge ON since VBUS->ON
#1291469 08.07.2026 17:05:32 : EVT PMIC : PMIC temp zone:0x2
#1291470 08.07.2026 17:05:32 : EVT PMIC : PMIC Fast-charge constant cur
#1291471 08.07.2026 17:05:32 : EVT OHR : VBUS on
#1291472 08.07.2026 17:05:32 : EVT OHR : S:stop 23
#1291473 08.07.2026 17:05:32 : EVT <Unknown> : 1783523132639:Meas stop 0x2123
#1291474 08.07.2026 17:05:32 : WRN <Unknown> : 1783523132639:FSM EVT STOP.
#1291475 08.07.2026 17:05:32 : EVT OHR : S:OFF 1->0
#1291476 08.07.2026 17:05:32 : EVT PMIC : VBUS state is ON
#1291477 08.07.2026 17:05:33 : EVT PMIC : PMIC temp zone:0x7
#1291478 08.07.2026 17:05:33 : EVT PMIC : VBUS state is OFF
#1291479 08.07.2026 17:05:33 : EVT PMIC : Turn charge OFF since VBUS->OFF
#1291480 08.07.2026 17:05:33 : EVT OHR : VBUS off
#1291481 08.07.2026 17:05:33 : EVT OHR : S:ON 0->1
#1291482 08.07.2026 17:05:33 : EVT OHR : APPINIT:caps 0x1f4, 6b738616
#1291483 08.07.2026 17:05:33 : EVT <Unknown> : 1783523133644:AI@1783523133620, tz120
#1291484 08.07.2026 17:05:33 : EVT OHR : S:start 0x2123
#1291485 08.07.2026 17:05:33 : EVT <Unknown> : 1783523133650:Meas start 0x2123
#1291486 08.07.2026 17:05:33 : EVT <Unknown> : 1783523133661:PD1464, 0
#1291487 08.07.2026 17:05:33 : EVT <Unknown> : 1783523133722:GMV 20251126/1/4/0/395/46
#1291488 08.07.2026 17:05:33 : EVT <Unknown> : 1783523133975:Mi1.6.10, auth 0, hr_mode 0
#1291489 08.07.2026 17:05:34 : EVT <Unknown> : 1783523134278:On Skin Set.
#1291490 08.07.2026 17:05:34 : EVT OHR : No HR update, invalidate by timer
#1291491 08.07.2026 17:05:35 : EVT APPLICATION : Zapp climbl01:Disable
#1291492 08.07.2026 17:05:35 : EVT ANALYTICS : Zapp disabled i:5 h:a5e7afa5 n:Climb Log
#1291493 08.07.2026 17:05:38 : EVT APPLICATION : Zapp climbl01:Load script
#1291494 08.07.2026 17:05:38 : ERR <Unknown> : 1783523138292:Mi invalid call:100,code:0.
#1291495 08.07.2026 17:05:38 : EVT APPLICATION : Zapp climbl01:Enable
#1291496 08.07.2026 17:05:38 : EVT ANALYTICS : Zapp enabled i:5 h:a5e7afa5 n:climbl01 v:3.0
#1291497 08.07.2026 17:05:38 : EVT APPLICATION : Zapp clid:32880
#1291498 08.07.2026 17:05:40 : EVT <Unknown> : 1783523140671:Off Skin Set.
#1291499 08.07.2026 17:05:43 : EVT PMIC : VBUS state is ON
#1291500 08.07.2026 17:05:43 : EVT PMIC : chgCntl1:0x70
#1291501 08.07.2026 17:05:43 : EVT PMIC : check chgCntl1:0x74
#1291502 08.07.2026 17:05:43 : EVT PMIC : Turn charge ON since VBUS->ON
#1291503 08.07.2026 17:05:43 : EVT PMIC : PMIC temp zone:0x2
#1291504 08.07.2026 17:05:43 : EVT PMIC : PMIC Fast-charge constant cur
#1291505 08.07.2026 17:05:43 : EVT OHR : VBUS on
#1291506 08.07.2026 17:05:43 : EVT OHR : S:stop 23
#1291507 08.07.2026 17:05:43 : EVT <Unknown> : 1783523143239:Meas stop 0x2123
#1291508 08.07.2026 17:05:43 : WRN <Unknown> : 1783523143240:FSM EVT STOP.
#1291509 08.07.2026 17:05:43 : EVT OHR : S:OFF 1->0
#1291510 08.07.2026 17:05:43 : EVT PMIC : VBUS state is ON
#1291511 08.07.2026 17:05:43 : EVT PMIC : PMIC temp zone:0x7
#1291512 08.07.2026 17:05:43 : EVT PMIC : VBUS state is OFF
#1291513 08.07.2026 17:05:43 : EVT PMIC : Turn charge OFF since VBUS->OFF
#1291514 08.07.2026 17:05:44 : EVT OHR : VBUS off
#1291515 08.07.2026 17:05:44 : EVT OHR : S:ON 0->1
#1291516 08.07.2026 17:05:44 : EVT OHR : APPINIT:caps 0x1f4, 6b738616
#1291517 08.07.2026 17:05:44 : EVT <Unknown> : 1783523144234:AI@1783523144210, tz120
#1291518 08.07.2026 17:05:44 : EVT OHR : S:start 0x2123
#1291519 08.07.2026 17:05:44 : EVT <Unknown> : 1783523144240:Meas start 0x2123
#1291520 08.07.2026 17:05:44 : EVT <Unknown> : 1783523144250:PD1464, 0
#1291521 08.07.2026 17:05:44 : EVT <Unknown> : 1783523144312:GMV 20251126/1/4/0/395/46
#1291522 08.07.2026 17:05:44 : EVT <Unknown> : 1783523144565:Mi1.6.10, auth 0, hr_mode 0
#1291523 08.07.2026 17:05:45 : EVT <Unknown> : 1783523145243:On Skin Set.
#1291524 08.07.2026 17:05:49 : ERR <Unknown> : 1783523149257:Mi invalid call:100,code:0.
#1291525 08.07.2026 17:05:49 : EVT APPLICATION : Zapp climbl01:Disable
#1291526 08.07.2026 17:05:49 : EVT ANALYTICS : Zapp disabled i:5 h:a5e7afa5 n:Climb Log
#1291527 08.07.2026 17:05:50 : EVT APPLICATION : Zapp climbl01:Load script
#1291528 08.07.2026 17:05:51 : EVT APPLICATION : Zapp climbl01:Enable
#1291529 08.07.2026 17:05:51 : EVT ANALYTICS : Zapp enabled i:5 h:a5e7afa5 n:climbl01 v:3.0
#1291530 08.07.2026 17:05:51 : EVT APPLICATION : Zapp clid:32880
#1291531 08.07.2026 17:05:52 : EVT <Unknown> : 1783523151916:Off Skin Set.
#1291532 08.07.2026 17:05:53 : EVT PMIC : VBUS state is ON
#1291533 08.07.2026 17:05:53 : EVT PMIC : chgCntl1:0x70
#1291534 08.07.2026 17:05:53 : EVT PMIC : check chgCntl1:0x74
#1291535 08.07.2026 17:05:53 : EVT PMIC : Turn charge ON since VBUS->ON
#1291536 08.07.2026 17:05:53 : EVT PMIC : PMIC temp zone:0x2
#1291537 08.07.2026 17:05:53 : EVT PMIC : PMIC Fast-charge constant cur
#1291538 08.07.2026 17:05:53 : EVT OHR : VBUS on
#1291539 08.07.2026 17:05:53 : EVT OHR : S:stop 23
#1291540 08.07.2026 17:05:53 : EVT <Unknown> : 1783523153834:Meas stop 0x2123
#1291541 08.07.2026 17:05:53 : WRN <Unknown> : 1783523153834:FSM EVT STOP.
#1291542 08.07.2026 17:05:53 : EVT OHR : S:OFF 1->0
#1291543 08.07.2026 17:05:53 : EVT PMIC : VBUS state is ON
#1291544 08.07.2026 17:05:54 : EVT PMIC : PMIC temp zone:0x7
#1291545 08.07.2026 17:05:54 : EVT PMIC : VBUS state is OFF
#1291546 08.07.2026 17:05:54 : EVT PMIC : Turn charge OFF since VBUS->OFF
#1291547 08.07.2026 17:05:54 : EVT OHR : VBUS off
#1291548 08.07.2026 17:05:54 : EVT OHR : S:ON 0->1
#1291549 08.07.2026 17:05:54 : EVT OHR : APPINIT:caps 0x1f4, 6b738616
#1291550 08.07.2026 17:05:54 : EVT <Unknown> : 1783523154864:AI@1783523154840, tz120
#1291551 08.07.2026 17:05:54 : EVT OHR : S:start 0x2123
#1291552 08.07.2026 17:05:54 : EVT <Unknown> : 1783523154869:Meas start 0x2123
#1291553 08.07.2026 17:05:54 : EVT <Unknown> : 1783523154880:PD1464, 0
#1291554 08.07.2026 17:05:54 : EVT <Unknown> : 1783523154940:GMV 20251126/1/4/0/395/46
#1291555 08.07.2026 17:05:55 : EVT <Unknown> : 1783523155202:Mi1.6.10, auth 0, hr_mode 0
#1291556 08.07.2026 17:05:55 : EVT <Unknown> : 1783523155623:On Skin Set.
#1291557 08.07.2026 17:05:58 : WRN WBAPI : eID-691468(277): /Dive/TankPressure/Alarm/Count 404
#1291558 08.07.2026 17:05:58 : EVT OHR : S:start 0x21a3
#1291559 08.07.2026 17:05:58 : EVT <Unknown> : 1783523158185:Meas start 0x21a3
#1291560 08.07.2026 17:05:59 : ERR <Unknown> : 1783523159794:Mi invalid call:100,code:0.
#1291561 08.07.2026 17:06:02 : EVT APPLICATION : Zapp climbl01:Disable
#1291562 08.07.2026 17:06:02 : EVT ANALYTICS : Zapp disabled i:5 h:a5e7afa5 n:Climb Log
#1291563 08.07.2026 17:06:03 : EVT OHR : No HR update, invalidate by timer
#1291564 08.07.2026 17:06:03 : EVT APPLICATION : Zapp climbl01:Load script
#1291565 08.07.2026 17:06:03 : EVT APPLICATION : Zapp climbl01:Enable
#1291566 08.07.2026 17:06:03 : EVT ANALYTICS : Zapp enabled i:5 h:a5e7afa5 n:climbl01 v:3.0
#1291567 08.07.2026 17:06:03 : EVT APPLICATION : Zapp clid:32880
#1291568 08.07.2026 17:06:03 : EVT OHR : S:start 0x2123
#1291569 08.07.2026 17:06:03 : EVT <Unknown> : 1783523163693:Meas start 0x2123
#1291570 08.07.2026 17:06:05 : WRN WBAPI : eID-691468(277): /Dive/TankPressure/Alarm/Count 404
#1291571 08.07.2026 17:06:05 : EVT OHR : S:start 0x21a3
#1291572 08.07.2026 17:06:05 : EVT <Unknown> : 1783523165396:Meas start 0x21a3
#1291573 08.07.2026 17:06:06 : EVT ANALYTICS : #FusHr src:2 time:0
#1291574 08.07.2026 17:06:06 : ERR BLE : [AURA]No filters left, stopping scan
#1291575 08.07.2026 17:06:06 : WRN WBAPI : eID-691468(277): /Dive/Alarms/Acknowledge 404
#1291576 08.07.2026 17:06:06 : WRN WBAPI : eID-691468(277): /Dive/DiveGases 404
#1291577 08.07.2026 17:06:06 : WRN WBAPI : eID-691468(277): /Dive/Gauge/Next 404
#1291578 08.07.2026 17:06:06 : EVT TRAININGLAB : TLab:~Mode T 18203 + 21 A 4710 + 0
#1291579 08.07.2026 17:06:06 : EVT TRAININGLAB : TLab:Change mode 2->3
#1291580 08.07.2026 17:06:06 : EVT TRAININGLAB : TLab:Mode::userInfo 60, 200, 1, 37, 182, 950, 1990
#1291581 08.07.2026 17:06:06 : EVT LOGGER : Log space:30237099 bytes free
#1291582 08.07.2026 17:06:06 : EVT TRAININGLAB : ModeUnsub:2800
#1291583 08.07.2026 17:06:06 : EVT TRAININGLAB : ModeSub:9004
#1291584 08.07.2026 17:06:06 : EVT TRAININGLAB : TLab:Select input 0
#1291585 08.07.2026 17:06:06 : EVT TRAININGLAB : Tlab:HR src is 2
#1291586 08.07.2026 17:06:06 : EVT TRAININGLAB : TLab:Active input 0
#1291587 08.07.2026 17:06:06 : EVT LOGGER : Exercise started
#1291588 08.07.2026 17:06:06 : TRC GPS : Full GNSS data subd l:0 c:802b0000
#1291589 08.07.2026 17:06:06 : EVT <Unknown> : 1783523166308:Off Skin Set.
#1291590 08.07.2026 17:06:08 : EVT ANALYTICS : Battery-> 3 soc:100
#1291591 08.07.2026 17:06:08 : EVT ANALYTICS : #FusHr src:2 time:0
#1291592 08.07.2026 17:06:08 : EVT ANALYTICS : #Act id:16
#1291593 08.07.2026 17:06:08 : EVT ANALYTICS : #powersave mode:p temp:29.4
#1291594 08.07.2026 17:06:08 : EVT ANALYTICS : GPSMODE:NOTUSED
#1291595 08.07.2026 17:06:08 : EVT ANALYTICS : #gnss d:2026-07-08T00:00:00Z
#1291596 08.07.2026 17:06:08 : EVT ANALYTICS : #zapp n:Weather e:1
#1291597 08.07.2026 17:06:08 : EVT ANALYTICS : #zapp n:Movement e:1
#1291598 08.07.2026 17:06:08 : EVT ANALYTICS : #zapp n:Climb Log e:1
#1291599 08.07.2026 17:06:08 : EVT OHR : No HR update, invalidate by timer
#1291600 08.07.2026 17:06:14 : EVT ANALYTICS : #ws AID:16 BM:1 NS:0 SP:3 ZN:0 TG:0 BL:0 GPS:0
#1291601 08.07.2026 17:06:14 : EVT ANALYTICS : #2ws AID:16 WHR:1 INT:0 AL:0 AP:0 FE:1 MC:1 TH:0
#1291602 08.07.2026 17:06:15 : WRN WBAPI : eID-691468(277): /Dive/Alarms/Acknowledge 404
#1291603 08.07.2026 17:06:15 : WRN WBAPI : eID-691468(277): /Dive/DiveGases 404
#1291604 08.07.2026 17:06:15 : WRN WBAPI : eID-691468(277): /Dive/Gauge/Next 404
#1291605 08.07.2026 17:06:16 : EVT TRAININGLAB : TLab:Input src 0 TO
#1291606 08.07.2026 17:06:16 : EVT TRAININGLAB : TLab:Active input 3
#1291607 08.07.2026 17:06:23 : EVT PMIC : VBUS state is ON
#1291608 08.07.2026 17:06:23 : EVT PMIC : chgCntl1:0x70
#1291609 08.07.2026 17:06:23 : EVT PMIC : check chgCntl1:0x74
#1291610 08.07.2026 17:06:23 : EVT PMIC : Turn charge ON since VBUS->ON
#1291611 08.07.2026 17:06:23 : EVT PMIC : PMIC temp zone:0x2
#1291612 08.07.2026 17:06:23 : EVT PMIC : PMIC Fast-charge constant cur
#1291613 08.07.2026 17:06:23 : EVT OHR : VBUS on
#1291614 08.07.2026 17:06:23 : EVT OHR : S:stop a3
#1291615 08.07.2026 17:06:23 : EVT <Unknown> : 1783523183551:Meas stop 0x21a3
#1291616 08.07.2026 17:06:23 : WRN <Unknown> : 1783523183551:FSM EVT STOP.
#1291617 08.07.2026 17:06:23 : EVT OHR : S:OFF 1->0
#1291618 08.07.2026 17:06:23 : EVT PMIC : VBUS state is ON
#1291619 08.07.2026 17:06:24 : EVT PMIC : PMIC temp zone:0x7
#1291620 08.07.2026 17:06:24 : EVT PMIC : VBUS state is OFF
#1291621 08.07.2026 17:06:24 : EVT PMIC : Turn charge OFF since VBUS->OFF
#1291622 08.07.2026 17:06:24 : EVT OHR : VBUS off
#1291623 08.07.2026 17:06:24 : EVT OHR : S:ON 0->1
#1291624 08.07.2026 17:06:24 : WRN WBAPI : eID-691468(277): /Dive/Alarms/Acknowledge 404
#1291625 08.07.2026 17:06:24 : WRN WBAPI : eID-691468(277): /Dive/DiveGases 404
#1291626 08.07.2026 17:06:24 : WRN WBAPI : eID-691468(277): /Dive/Gauge/Next 404
#1291627 08.07.2026 17:06:24 : EVT OHR : APPINIT:caps 0x1f4, 6b738616
#1291628 08.07.2026 17:06:24 : EVT <Unknown> : 1783523184754:AI@1783523184730, tz120
#1291629 08.07.2026 17:06:24 : EVT OHR : S:start 0x21a3
#1291630 08.07.2026 17:06:24 : EVT <Unknown> : 1783523184789:Meas start 0x21a3
#1291631 08.07.2026 17:06:25 : EVT <Unknown> : 1783523184803:PD1464, 0
#1291632 08.07.2026 17:06:25 : EVT <Unknown> : 1783523184863:GMV 20251126/1/4/0/395/46
#1291633 08.07.2026 17:06:25 : EVT <Unknown> : 1783523185117:Mi1.6.10, auth 0, hr_mode 0
#1291634 08.07.2026 17:06:25 : EVT <Unknown> : 1783523185418:On Skin Set.
#1291635 08.07.2026 17:06:26 : EVT LOGGER : Exercise paused
#1291636 08.07.2026 17:06:26 : WRN WBAPI : eID-691468(277): /Dive/Alarms/Acknowledge 404
#1291637 08.07.2026 17:06:26 : WRN WBAPI : eID-691468(277): /Dive/DiveGases 404
#1291638 08.07.2026 17:06:26 : WRN WBAPI : eID-691468(277): /Dive/Gauge/Next 404
#1291639 08.07.2026 17:06:29 : ERR <Unknown> : 1783523189431:Mi invalid call:100,code:0.
#1291640 08.07.2026 17:06:29 : EVT LOGGER : Exercise continue
#1291641 08.07.2026 17:06:29 : WRN WBAPI : eID-691468(277): /Dive/Alarms/Acknowledge 404
#1291642 08.07.2026 17:06:29 : WRN WBAPI : eID-691468(277): /Dive/DiveGases 404
#1291643 08.07.2026 17:06:29 : WRN WBAPI : eID-691468(277): /Dive/Gauge/Next 404
#1291644 08.07.2026 17:06:31 : EVT OHR : No HR update, invalidate by timer
#1291645 08.07.2026 17:06:33 : EVT LOGGER : LGR 934, 80
#1291646 08.07.2026 17:06:33 : WRN WBAPI : eID-691468(277): /Dive/Alarms/Acknowledge 404
#1291647 08.07.2026 17:06:33 : WRN WBAPI : eID-691468(277): /Dive/DiveGases 404
#1291648 08.07.2026 17:06:33 : WRN WBAPI : eID-691468(277): /Dive/Gauge/Next 404
#1291649 08.07.2026 17:06:34 : EVT LOGGER : LGR 934, 80
#1291650 08.07.2026 17:06:35 : EVT LOGGER : LGR 934, 80
#1291651 08.07.2026 17:06:35 : EVT UI_FRAMEWORK : evalFile: b:/zapp/climbl01.fea/ext10.js from ui
#1291652 08.07.2026 17:06:35 : EVT UI_FRAMEWORK : evalFile: b:/zapp/climbl01.fea/ext30.js from ui
#1291653 08.07.2026 17:06:36 : WRN WBAPI : eID-691468(277): /Dive/Alarms/Acknowledge 404
#1291654 08.07.2026 17:06:36 : WRN WBAPI : eID-691468(277): /Dive/DiveGases 404
#1291655 08.07.2026 17:06:36 : WRN WBAPI : eID-691468(277): /Dive/Gauge/Next 404
#1291656 08.07.2026 17:06:36 : EVT LOGGER : LGR 934, 80
#1291657 08.07.2026 17:06:36 : WRN WBAPI : eID-691468(277): /Dive/Alarms/Acknowledge 404
#1291658 08.07.2026 17:06:36 : WRN WBAPI : eID-691468(277): /Dive/DiveGases 404
#1291659 08.07.2026 17:06:36 : WRN WBAPI : eID-691468(277): /Dive/Gauge/Next 404
#1291660 08.07.2026 17:06:37 : WRN WBAPI : eID-691468(277): /Dive/Alarms/Acknowledge 404
#1291661 08.07.2026 17:06:37 : WRN WBAPI : eID-691468(277): /Dive/DiveGases 404
#1291662 08.07.2026 17:06:37 : WRN WBAPI : eID-691468(277): /Dive/Gauge/Next 404
#1291663 08.07.2026 17:06:38 : EVT LOGGER : LGR 934, 80
#1291664 08.07.2026 17:06:38 : WRN WBAPI : eID-691468(277): /Dive/Alarms/Acknowledge 404
#1291665 08.07.2026 17:06:38 : WRN WBAPI : eID-691468(277): /Dive/DiveGases 404
#1291666 08.07.2026 17:06:38 : WRN WBAPI : eID-691468(277): /Dive/Gauge/Next 404
#1291667 08.07.2026 17:06:39 : EVT LOGGER : LGR 934, 80
#1291668 08.07.2026 17:06:40 : EVT OHR : new HR update
#1291669 08.07.2026 17:06:40 : EVT TRAININGLAB : TLab:Active input 1
#1291670 08.07.2026 17:06:42 : EVT LOGGER : Exercise paused
#1291671 08.07.2026 17:06:42 : WRN WBAPI : eID-691468(277): /Dive/Alarms/Acknowledge 404
#1291672 08.07.2026 17:06:42 : WRN WBAPI : eID-691468(277): /Dive/DiveGases 404
#1291673 08.07.2026 17:06:42 : WRN WBAPI : eID-691468(277): /Dive/Gauge/Next 404
#1291674 08.07.2026 17:06:44 : EVT APPLICATION : Zapp climbl01:Disable
#1291675 08.07.2026 17:06:44 : EVT UI_FRAMEWORK : evalFile: b:/zapp/climbl01.fea/ext11.js from ui
#1291676 08.07.2026 17:06:44 : ERR APPLICATION : Zapp:relMemCb (exec:zapp)
#1291677 08.07.2026 17:06:44 : EVT APPLICATION : Zapp zzwethen:Disable
#1291678 08.07.2026 17:06:44 : EVT ANALYTICS : Zapp disabled i:8 h:3f77f8ec n:Weather
#1291679 08.07.2026 17:06:44 : ERR APPLICATION : Zapp 3:RelMem->unload
#1291680 08.07.2026 17:06:44 : ERR APPLICATION : Zapp:relMemCb (exec:zapp)
#1291681 08.07.2026 17:06:44 : EVT APPLICATION : Zapp zzmoveen:Disable
#1291682 08.07.2026 17:06:44 : EVT ANALYTICS : Zapp disabled i:6 h:7aac0887 n:Movement
#1291683 08.07.2026 17:06:44 : ERR APPLICATION : Zapp 3:RelMem->unload
#1291684 08.07.2026 17:06:44 : ERR APPLICATION : Zapp:relMemCb (exec:zapp)
#1291685 08.07.2026 17:06:44 : ERR APPLICATION : Zapp:RelMem->None avail
#1291686 08.07.2026 17:06:44 : EVT <Unknown> : 1783523203870:Off Skin Set.
#1291687 08.07.2026 17:06:44 : ERR DUKTAPE : JSalloc:2117
#1291688 08.07.2026 17:06:44 : ERR APPLICATION : Zapp:relMemCb (exec:zapp)
#1291689 08.07.2026 17:06:44 : ERR APPLICATION : Zapp:RelMem->None avail
#1291690 08.07.2026 17:06:44 : ERR DUKTAPE : JSalloc:2117
#1291691 08.07.2026 17:06:44 : ERR APPLICATION : Zapp:relMemCb (exec:zapp)
#1291692 08.07.2026 17:06:44 : ERR APPLICATION : Zapp:RelMem->None avail
#1291693 08.07.2026 17:06:44 : ERR DUKTAPE : JSalloc:2117
#1291694 08.07.2026 17:06:44 : EVT ANALYTICS : Zapp disabled i:5 h:a5e7afa5 n:Climb Log
#1291695 08.07.2026 17:06:45 : EVT <Unknown> : 1783523204872:On Skin Set.
#1291696 08.07.2026 17:06:48 : EVT <Unknown> : 1783523208781:Off Skin Set.
#1291697 08.07.2026 17:06:51 : EVT PMIC : VBUS state is ON
#1291698 08.07.2026 17:06:51 : EVT PMIC : chgCntl1:0x70
#1291699 08.07.2026 17:06:51 : EVT PMIC : check chgCntl1:0x74
#1291700 08.07.2026 17:06:51 : EVT PMIC : Turn charge ON since VBUS->ON
#1291701 08.07.2026 17:06:51 : EVT PMIC : PMIC temp zone:0x2
#1291702 08.07.2026 17:06:51 : EVT PMIC : PMIC Fast-charge constant cur
#1291703 08.07.2026 17:06:51 : EVT OHR : VBUS on
#1291704 08.07.2026 17:06:51 : EVT OHR : S:stop a3
#1291705 08.07.2026 17:06:51 : EVT <Unknown> : 1783523211309:Meas stop 0x21a3
#1291706 08.07.2026 17:06:51 : EVT PMIC : PMIC Maintain charge
#1291707 08.07.2026 17:06:51 : WRN <Unknown> : 1783523211310:FSM EVT STOP.
#1291708 08.07.2026 17:06:51 : EVT OHR : S:OFF 1->0
#1291709 08.07.2026 17:06:51 : EVT PMIC : VBUS state is ON
#1291710 08.07.2026 17:06:51 : EVT PMIC : PMIC Precharge
#1291711 08.07.2026 17:06:52 : EVT PMIC : PMIC temp zone:0x7
#1291712 08.07.2026 17:06:52 : EVT PMIC : VBUS state is OFF
#1291713 08.07.2026 17:06:52 : EVT PMIC : Turn charge OFF since VBUS->OFF
#1291714 08.07.2026 17:06:52 : EVT OHR : VBUS off
#1291715 08.07.2026 17:06:52 : EVT OHR : S:ON 0->1
#1291716 08.07.2026 17:06:52 : EVT OHR : APPINIT:caps 0x1f4, 6b738616
#1291717 08.07.2026 17:06:52 : EVT <Unknown> : 1783523212504:AI@1783523212480, tz120
#1291718 08.07.2026 17:06:52 : EVT OHR : S:start 0x21a3
#1291719 08.07.2026 17:06:52 : EVT <Unknown> : 1783523212510:Meas start 0x21a3
#1291720 08.07.2026 17:06:52 : EVT <Unknown> : 1783523212524:PD1464, 0
#1291721 08.07.2026 17:06:52 : EVT <Unknown> : 1783523212587:GMV 20251126/1/4/0/395/46
#1291722 08.07.2026 17:06:52 : EVT <Unknown> : 1783523212841:Mi1.6.10, auth 0, hr_mode 0
#1291723 08.07.2026 17:06:53 : EVT <Unknown> : 1783523213138:On Skin Set.
#1291724 08.07.2026 17:06:53 : EVT OHR : No HR update, invalidate by timer
#1291725 08.07.2026 17:06:54 : EVT UI_FRAMEWORK : JS discard disable zapps
#1291726 08.07.2026 17:06:54 : EVT UI_FRAMEWORK : JS will discard
#1291727 08.07.2026 17:06:54 : EVT SPEEDFUSION : INFO # stop speed fusion
#1291728 08.07.2026 17:06:54 : EVT <Unknown> : Update pres sampl intrvl:5
#1291729 08.07.2026 17:06:54 : WRN APPLICATION : discard hrr meas l:3 d:0 sh:103 mh:103 v:0
#1291730 08.07.2026 17:06:54 : WRN WBAPI : eID-698eec(583/65535): 404
#1291731 08.07.2026 17:06:54 : EVT TRAININGZONE : User Define Mode:5
#1291732 08.07.2026 17:06:54 : EVT TRAININGZONE : Tss HR:0.38
#1291733 08.07.2026 17:06:54 : EVT TRAININGZONE : A:16,Tss:[-200.00,-200.00,-200.00,0.38]
#1291734 08.07.2026 17:06:54 : EVT TRAININGLAB : AppFeature Vo2Max 0.000000
#1291735 08.07.2026 17:06:54 : EVT TRAININGLAB : TLab:~Mode T 18224 + 40 A 4710 + 30
#1291736 08.07.2026 17:06:54 : EVT TRAININGLAB : TLab:Change mode 3->2
#1291737 08.07.2026 17:06:54 : EVT TRAININGLAB : TLab:Mode::userInfo 60, 200, 1, 37, 182, 950, 1990
#1291738 08.07.2026 17:06:54 : EVT LOGGER : LGR 934, 80
#1291739 08.07.2026 17:06:54 : EVT TRAININGLAB : ModeUnsub:9145
#1291740 08.07.2026 17:06:54 : EVT OHR : S:start 0x2123
#1291741 08.07.2026 17:06:54 : EVT TRAININGLAB : ModeSub:0400
#1291742 08.07.2026 17:06:54 : EVT ANALYTICS : WAOae:Activity WAOae:16
#1291743 08.07.2026 17:06:54 : EVT ANALYTICS : WAOae:TotalAcc WAOae:0,0,0
#1291744 08.07.2026 17:06:54 : EVT ANALYTICS : WAOae:AccCount WAOae:0,0,0
#1291745 08.07.2026 17:06:54 : EVT ANALYTICS : WAOae:Distance WAOae:0,0,0
#1291746 08.07.2026 17:06:54 : EVT ANALYTICS : WAOae:Duration WAOae:0,0,0
#1291747 08.07.2026 17:06:54 : EVT ANALYTICS : WAOae:Coeff WAOae:0,40,240,390,773,7524,7624
#1291748 08.07.2026 17:06:54 : EVT LOGGER : Exercise stopped
#1291749 08.07.2026 17:06:54 : EVT LOGGER : HrIbiLogger stop, off (0 ms)
#1291750 08.07.2026 17:06:54 : EVT LOGGER : HrIbiLogger stopped (0 ms)
#1291751 08.07.2026 17:06:54 : TRC GPS : Unsubd c:802b0000
#1291752 08.07.2026 17:06:54 : EVT LOGGER : LGR 934, 80
#1291753 08.07.2026 17:06:54 : EVT LOGGER : LGR 934, 80
#1291754 08.07.2026 17:06:54 : EVT ANALYTICS : SleepQ:Tracking:On
#1291755 08.07.2026 17:06:54 : EVT LOGGER : Wr dpc on
#1291756 08.07.2026 17:06:54 : EVT LOGGER : LGR 20993, 56
#1291757 08.07.2026 17:06:55 : EVT <Unknown> : 1783523214691:Meas start 0x2123
#1291758 08.07.2026 17:06:55 : TRC NAVIGATION : CG: no climb WP
#1291759 08.07.2026 17:06:55 : TRC NAVIGATION : CG:init ZoomType=0
#1291760 08.07.2026 17:06:55 : EVT NAVIGATION : initSeg Idx=0 D=1 T=0 3-0-4
#1291761 08.07.2026 17:06:55 : EVT WBSTORAGE : CACHE_DEFRAG (600->1000, 24->24, 25)
#1291762 08.07.2026 17:06:55 : EVT SPEEDFUSION : INFO # IDLE mode(-1) set
#1291763 08.07.2026 17:06:55 : EVT ALTIFUSION : AltiBaroMode:2
#1291764 08.07.2026 17:06:55 : ERR WBMAIN : *0: app 561 Event 28 802c400e
#1291765 08.07.2026 17:06:55 : ERR WBMAIN : 1: mea 0 Wait 0 00000000
#1291766 08.07.2026 17:06:55 : ERR WBMAIN : 2: ui 0 Wait 0 00000000
#1291767 08.07.2026 17:06:55 : EVT BLE : Disconn sensor:1
#1291768 08.07.2026 17:06:55 : EVT BLE : BLE Sensor Link 4800180D Disc (L-E-:00:0)
#1291769 08.07.2026 17:06:55 : WRN BLE : sendDisconnect 6157
#1291770 08.07.2026 17:06:55 : ERR BLE : [AURA]Filter with handle 72 not found
#1291771 08.07.2026 17:06:56 : EVT ANALYTICS : #powersave mode:p temp:29.5
#1291772 08.07.2026 17:06:56 : EVT ANALYTICS : Battery-> 4 soc:100
#1291773 08.07.2026 17:06:58 : ERR <Unknown> : 1783523217501:Mi invalid call:100,code:0.
#1291774 08.07.2026 17:06:58 : EVT UI_FRAMEWORK : JS discard
#1291775 08.07.2026 17:06:58 : WRN LOGGER : Delete b:logs/6A4E675E
#1291776 08.07.2026 17:06:59 : EVT OHR : No HR update, invalidate by timer
#1291777 08.07.2026 17:07:00 : EVT WBSTORAGE : CACHE_DEFRAG (976->984, 24->24, 25)
#1291778 08.07.2026 17:07:00 : EVT APPLICATION : Zapp zwc05901:Load script
#1291779 08.07.2026 17:07:00 : EVT APPLICATION : Zapp zwc05901:Enable
#1291780 08.07.2026 17:07:00 : EVT ANALYTICS : Zapp enabled i:3 h:ddb248f2 n:zwc05901 v:124f
#1291781 08.07.2026 17:07:00 : WRN WBAPI : eID-691468(277): /Weather/Current/ValidWeatherData.temp 
#1291782 08.07.2026 17:07:06 : EVT WBSTORAGE : CACHE_DEFRAG (856->864, 24->24, 25)
#1291783 08.07.2026 17:07:06 : EVT <Unknown> : 1783523225966:Off Skin Set.
#1291784 08.07.2026 17:07:06 : EVT <Unknown> : 1783523226343:On Skin Set.
#1291785 08.07.2026 17:07:06 : EVT WBSTORAGE : CACHE_DEFRAG (816->848, 24->24, 25)
#1291786 08.07.2026 17:07:06 : EVT WBSTORAGE : CACHE_DEFRAG (824->832, 24->24, 25)
#1291787 08.07.2026 17:07:06 : EVT WBSTORAGE : CACHE_DEFRAG (816->824, 24->24, 25)
#1291788 08.07.2026 17:07:06 : EVT WBSTORAGE : CACHE_DEFRAG (808->816, 24->24, 25)
#1291789 08.07.2026 17:07:06 : EVT WBSTORAGE : CACHE_DEFRAG (800->816, 24->24, 25)
#1291790 08.07.2026 17:07:06 : TRC NAVIGATION : CG: no climb WP
#1291791 08.07.2026 17:07:06 : TRC NAVIGATION : CG:init ZoomType=0
#1291792 08.07.2026 17:07:06 : EVT NAVIGATION : initSeg Idx=0 D=1 T=0 3-0-4
#1291793 08.07.2026 17:07:06 : EVT WBSTORAGE : CACHE_DEFRAG (736->920, 24->24, 25)
#1291794 08.07.2026 17:07:06 : EVT ALTIFUSION : AltiBaroMode:0
#1291795 08.07.2026 17:07:06 : EVT APPLICATION : Zapp zwc05901:Disable
#1291796 08.07.2026 17:07:06 : EVT ANALYTICS : Zapp disabled i:3 h:ddb248f2 n:Vector classic
#1291797 08.07.2026 17:07:07 : EVT ANALYTICS : SleepQ:Tracking:On
#1291798 08.07.2026 17:07:07 : EVT ALTIFUSION : AltiBaroMode:0
#1291799 08.07.2026 17:07:07 : EVT WBSTORAGE : CACHE_DEFRAG (896->904, 24->24, 25)
#1291800 08.07.2026 17:07:07 : EVT UI_FRAMEWORK : JS nsto enable zapp: zzwethen
#1291801 08.07.2026 17:07:07 : EVT UI_FRAMEWORK : JS nsto enable zapp: zzmoveen
#1291802 08.07.2026 17:07:07 : EVT UI_FRAMEWORK : JS nsto enable zapp: climbl01
#1291803 08.07.2026 17:07:07 : EVT APPLICATION : Zapp zzwethen:Load script
#1291804 08.07.2026 17:07:07 : EVT APPLICATION : Zapp zzwethen:Enable
#1291805 08.07.2026 17:07:07 : EVT ANALYTICS : Zapp enabled i:8 h:3f77f8ec n:zzwethen v:ade
#1291806 08.07.2026 17:07:07 : EVT APPLICATION : Zapp clid:32878
#1291807 08.07.2026 17:07:07 : EVT APPLICATION : Zapp zzmoveen:Load script
#1291808 08.07.2026 17:07:07 : EVT APPLICATION : Zapp zzmoveen:Enable
#1291809 08.07.2026 17:07:07 : EVT ANALYTICS : Zapp enabled i:6 h:7aac0887 n:zzmoveen v:8e0
#1291810 08.07.2026 17:07:07 : EVT UI_FRAMEWORK : evalFile: b:/zapp/zzmoveen.fea/ext1.js from ui
#1291811 08.07.2026 17:07:07 : EVT APPLICATION : Zapp clid:32879
#1291812 08.07.2026 17:07:07 : EVT APPLICATION : Zapp climbl01:Load script
#1291813 08.07.2026 17:07:07 : EVT APPLICATION : Zapp climbl01:Enable
#1291814 08.07.2026 17:07:07 : EVT ANALYTICS : Zapp enabled i:5 h:a5e7afa5 n:climbl01 v:3.0
#1291815 08.07.2026 17:07:08 : EVT APPLICATION : Zapp clid:32880
#1291816 08.07.2026 17:07:08 : ERR WBMAIN : *0: app 630 Event 37 80995318
#1291817 08.07.2026 17:07:08 : EVT UI_FRAMEWORK : JS nsto all zapps enabled.
#1291818 08.07.2026 17:07:08 : ERR WBMAIN : 1: mea 18 Wait 0 00000000
#1291819 08.07.2026 17:07:08 : ERR WBMAIN : 2: ui 18 Wait 0 00000000
#1291820 08.07.2026 17:07:08 : EVT UI_FRAMEWORK : JS Prestart Activity Id: 16.000
#1291821 08.07.2026 17:07:08 : WRN WBAPI : eID-691468(277): /Dive/Alarms/Acknowledge 404
#1291822 08.07.2026 17:07:08 : WRN WBAPI : eID-691468(277): /Dive/DiveGases 404
#1291823 08.07.2026 17:07:08 : WRN WBAPI : eID-691468(277): /Dive/Gauge/Next 404
#1291824 08.07.2026 17:07:08 : EVT WBSTORAGE : CACHE_DEFRAG (856->864, 24->24, 25)
#1291825 08.07.2026 17:07:08 : EVT WBSTORAGE : CACHE_DEFRAG (792->800, 24->24, 25)
#1291826 08.07.2026 17:07:08 : EVT WBSTORAGE : CACHE_DEFRAG (728->736, 24->24, 25)
#1291827 08.07.2026 17:07:08 : EVT BLE : BLE Sensor Link 4800180D Conn (--E-:00:1)
#1291828 08.07.2026 17:07:08 : WRN BLE : sendConnect 6157
#1291829 08.07.2026 17:07:08 : WRN WBAPI : eID-691468(277): /Dive/TankPressure/Alarm/Count 404
#1291830 08.07.2026 17:07:08 : EVT SPEEDFUSION : INFO # start speed fusion
#1291831 08.07.2026 17:07:08 : EVT SPEEDFUSION : Act:16,Acc:0,BPod:0,FPod:0,PPod:0,BeltPod:1
#1291832 08.07.2026 17:07:08 : EVT SPEEDFUSION : INFO # Start algo without wrist acc
#1291833 08.07.2026 17:07:08 : EVT <Unknown> : Update pres sampl intrvl:1
#1291834 08.07.2026 17:07:08 : EVT OHR : S:start 0x21a3
#1291835 08.07.2026 17:07:09 : EVT <Unknown> : 1783523228828:Meas start 0x21a3
#1291836 08.07.2026 17:07:15 : EVT TRAININGLAB : TLab:~Mode T 18264 + 4 A 4740 + 0
#1291837 08.07.2026 17:07:15 : WRN WBAPI : eID-691468(277): /Dive/Alarms/Acknowledge 404
#1291838 08.07.2026 17:07:15 : WRN WBAPI : eID-691468(277): /Dive/DiveGases 404
#1291839 08.07.2026 17:07:15 : WRN WBAPI : eID-691468(277): /Dive/Gauge/Next 404
#1291840 08.07.2026 17:07:15 : EVT TRAININGLAB : TLab:Change mode 2->3
#1291841 08.07.2026 17:07:15 : EVT TRAININGLAB : TLab:Mode::userInfo 60, 200, 1, 37, 182, 950, 1990
#1291842 08.07.2026 17:07:15 : EVT LOGGER : Log space:30237099 bytes free
#1291843 08.07.2026 17:07:15 : EVT TRAININGLAB : ModeUnsub:2800
#1291844 08.07.2026 17:07:15 : EVT TRAININGLAB : ModeSub:9004
#1291845 08.07.2026 17:07:15 : EVT TRAININGLAB : TLab:Select input 0
#1291846 08.07.2026 17:07:15 : EVT TRAININGLAB : TLab:Active input 0
#1291847 08.07.2026 17:07:15 : EVT LOGGER : Exercise started
#1291848 08.07.2026 17:07:15 : EVT BLE : HR RR on (28086490)
#1291849 08.07.2026 17:07:15 : TRC GPS : Full GNSS data subd l:0 c:802b0000
#1291850 08.07.2026 17:07:17 : EVT ANALYTICS : Battery-> 3 soc:100
#1291851 08.07.2026 17:07:17 : EVT ANALYTICS : #FusHr src:0 time:0
#1291852 08.07.2026 17:07:17 : EVT ANALYTICS : #Act id:16
#1291853 08.07.2026 17:07:17 : EVT ANALYTICS : #powersave mode:p temp:29.8
#1291854 08.07.2026 17:07:17 : EVT ANALYTICS : GPSMODE:NOTUSED
#1291855 08.07.2026 17:07:17 : EVT ANALYTICS : #gnss d:2026-07-08T00:00:00Z
#1291856 08.07.2026 17:07:17 : EVT ANALYTICS : #zapp n:Weather e:1
#1291857 08.07.2026 17:07:17 : EVT ANALYTICS : #zapp n:Movement e:1
#1291858 08.07.2026 17:07:17 : EVT ANALYTICS : #zapp n:Climb Log e:1
#1291859 08.07.2026 17:07:18 : EVT BLE : lt,scan 1
#1291860 08.07.2026 17:07:18 : WRN BLE : sendDisconnect 6157
#1291861 08.07.2026 17:07:18 : ERR BLE : [AURA]No filters left, stopping scan
#1291862 08.07.2026 17:07:18 : ERR BLE : [AURA]Filter with handle 72 not found
#1291863 08.07.2026 17:07:18 : EVT BLE : packet 0 sensor found count 1
#1291864 08.07.2026 17:07:18 : EVT BLE : packet 0 sensor found count 2
#1291865 08.07.2026 17:07:19 : EVT ANALYTICS : #FusHr src:2 time:10718
#1291866 08.07.2026 17:07:19 : EVT TRAININGLAB : Tlab:HR src is 2
#1291867 08.07.2026 17:07:19 : EVT ANALYTICS : #FusHr src:2 time:0
#1291868 08.07.2026 17:07:19 : EVT TRAININGLAB : TLab:Active input 1
#1291869 08.07.2026 17:07:22 : WRN WBAPI : eID-691468(277): /Dive/Alarms/Acknowledge 404
#1291870 08.07.2026 17:07:22 : WRN WBAPI : eID-691468(277): /Dive/DiveGases 404
#1291871 08.07.2026 17:07:22 : WRN WBAPI : eID-691468(277): /Dive/Gauge/Next 404
#1291872 08.07.2026 17:07:23 : EVT ANALYTICS : #ws AID:16 BM:1 NS:0 SP:3 ZN:0 TG:0 BL:0 GPS:0
#1291873 08.07.2026 17:07:23 : EVT ANALYTICS : #2ws AID:16 WHR:1 INT:0 AL:0 AP:0 FE:1 MC:1 TH:0
#1291874 08.07.2026 17:07:25 : EVT LOGGER : LGR 934, 80
#1291875 08.07.2026 17:07:25 : WRN WBAPI : eID-691468(277): /Dive/Alarms/Acknowledge 404
#1291876 08.07.2026 17:07:25 : WRN WBAPI : eID-691468(277): /Dive/DiveGases 404
#1291877 08.07.2026 17:07:25 : WRN WBAPI : eID-691468(277): /Dive/Gauge/Next 404
#1291878 08.07.2026 17:07:26 : EVT LOGGER : LGR 934, 80
#1291879 08.07.2026 17:07:27 : EVT UI_FRAMEWORK : evalFile: b:/zapp/climbl01.fea/ext10.js from ui
#1291880 08.07.2026 17:07:27 : EVT UI_FRAMEWORK : evalFile: b:/zapp/climbl01.fea/ext31.js from ui
#1291881 08.07.2026 17:07:28 : WRN WBAPI : eID-691468(277): /Dive/Alarms/Acknowledge 404
#1291882 08.07.2026 17:07:28 : WRN WBAPI : eID-691468(277): /Dive/DiveGases 404
#1291883 08.07.2026 17:07:28 : WRN WBAPI : eID-691468(277): /Dive/Gauge/Next 404
#1291884 08.07.2026 17:07:28 : EVT <Unknown> : 1783523247864:Off Skin Set.
#1291885 08.07.2026 17:07:29 : EVT LOGGER : LGR 934, 80
#1291886 08.07.2026 17:07:29 : WRN WBAPI : eID-691468(277): /Dive/Alarms/Acknowledge 404
#1291887 08.07.2026 17:07:29 : WRN WBAPI : eID-691468(277): /Dive/DiveGases 404
#1291888 08.07.2026 17:07:29 : WRN WBAPI : eID-691468(277): /Dive/Gauge/Next 404
#1291889 08.07.2026 17:07:31 : EVT LOGGER : LGR 934, 80
#1291890 08.07.2026 17:07:32 : EVT OHR : No HR update, invalidate by timer
#1291891 08.07.2026 17:07:33 : EVT <Unknown> : 1783523253367:On Skin Set.
#1291892 08.07.2026 17:07:34 : EVT LOGGER : Exercise paused
#1291893 08.07.2026 17:07:34 : WRN WBAPI : eID-691468(277): /Dive/Alarms/Acknowledge 404
#1291894 08.07.2026 17:07:34 : WRN WBAPI : eID-691468(277): /Dive/DiveGases 404
#1291895 08.07.2026 17:07:34 : WRN WBAPI : eID-691468(277): /Dive/Gauge/Next 404
#1291896 08.07.2026 17:07:36 : EVT APPLICATION : Zapp climbl01:Disable
#1291897 08.07.2026 17:07:36 : EVT UI_FRAMEWORK : evalFile: b:/zapp/climbl01.fea/ext11.js from ui
#1291898 08.07.2026 17:07:36 : EVT ANALYTICS : Zapp disabled i:5 h:a5e7afa5 n:Climb Log
#1291899 08.07.2026 17:07:36 : EVT APPLICATION : Zapp zzmoveen:Disable
#1291900 08.07.2026 17:07:36 : EVT ANALYTICS : Zapp disabled i:6 h:7aac0887 n:Movement
#1291901 08.07.2026 17:07:36 : EVT UI_FRAMEWORK : evalFile: b:/zapp/zzmoveen.fea/ext2.js from ui
#1291902 08.07.2026 17:07:36 : EVT APPLICATION : Zapp zzwethen:Disable
#1291903 08.07.2026 17:07:36 : EVT ANALYTICS : Zapp disabled i:8 h:3f77f8ec n:Weather
#1291904 08.07.2026 17:07:36 : EVT <Unknown> : 1783523256221:Off Skin Set.
#1291905 08.07.2026 17:07:36 : EVT UI_FRAMEWORK : JS discard disable zapps
#1291906 08.07.2026 17:07:36 : EVT UI_FRAMEWORK : JS will discard
#1291907 08.07.2026 17:07:36 : EVT SPEEDFUSION : INFO # stop speed fusion
#1291908 08.07.2026 17:07:36 : EVT <Unknown> : Update pres sampl intrvl:5
#1291909 08.07.2026 17:07:36 : WRN APPLICATION : discard hrr meas l:3 d:0 sh:0 mh:0 v:0
#1291910 08.07.2026 17:07:36 : WRN WBAPI : eID-698eec(583/65535): 404
#1291911 08.07.2026 17:07:36 : EVT TRAININGZONE : User Define Mode:5
#1291912 08.07.2026 17:07:36 : EVT TRAININGZONE : Tss HR:0.15
#1291913 08.07.2026 17:07:36 : EVT TRAININGZONE : A:16,Tss:[-200.00,-200.00,-200.00,0.15]
#1291914 08.07.2026 17:07:36 : EVT TRAININGLAB : AppFeature Vo2Max 0.000000
#1291915 08.07.2026 17:07:36 : EVT TRAININGLAB : TLab:~Mode T 18268 + 4 A 4740 + 0
#1291916 08.07.2026 17:07:36 : EVT TRAININGLAB : TLab:Change mode 3->2
#1291917 08.07.2026 17:07:36 : EVT TRAININGLAB : TLab:Mode::userInfo 60, 200, 1, 37, 182, 950, 1990
#1291918 08.07.2026 17:07:36 : EVT LOGGER : LGR 934, 80
#1291919 08.07.2026 17:07:36 : EVT TRAININGLAB : ModeUnsub:9145
#1291920 08.07.2026 17:07:36 : EVT OHR : S:start 0x2123
#1291921 08.07.2026 17:07:36 : EVT TRAININGLAB : ModeSub:0400
#1291922 08.07.2026 17:07:36 : EVT ANALYTICS : WAOae:Activity WAOae:16
#1291923 08.07.2026 17:07:36 : EVT ANALYTICS : WAOae:TotalAcc WAOae:0,0,0
#1291924 08.07.2026 17:07:36 : EVT ANALYTICS : WAOae:AccCount WAOae:0,0,0
#1291925 08.07.2026 17:07:36 : EVT ANALYTICS : WAOae:Distance WAOae:0,0,0
#1291926 08.07.2026 17:07:36 : EVT ANALYTICS : WAOae:Duration WAOae:0,0,0
#1291927 08.07.2026 17:07:36 : EVT ANALYTICS : WAOae:Coeff WAOae:0,40,240,390,773,7524,7624
#1291928 08.07.2026 17:07:36 : EVT LOGGER : Exercise stopped
#1291929 08.07.2026 17:07:36 : EVT BLE : HR RR off (28107554, 21064 ms missing)
#1291930 08.07.2026 17:07:36 : EVT BLE : HR RR done
#1291931 08.07.2026 17:07:36 : EVT LOGGER : HrIbiLogger stop, off (0 ms)
#1291932 08.07.2026 17:07:36 : EVT LOGGER : HrIbiLogger stopped (0 ms)
#1291933 08.07.2026 17:07:36 : TRC GPS : Unsubd c:802b0000
#1291934 08.07.2026 17:07:36 : EVT LOGGER : LGR 934, 80
#1291935 08.07.2026 17:07:36 : EVT LOGGER : LGR 934, 80
#1291936 08.07.2026 17:07:36 : EVT ANALYTICS : SleepQ:Tracking:On
#1291937 08.07.2026 17:07:36 : EVT LOGGER : Wr dpc on
#1291938 08.07.2026 17:07:36 : EVT LOGGER : LGR 20993, 56
#1291939 08.07.2026 17:07:37 : EVT <Unknown> : 1783523256466:Meas start 0x2123
#1291940 08.07.2026 17:07:37 : EVT <Unknown> : 1783523256723:On Skin Set.
#1291941 08.07.2026 17:07:37 : EVT <Unknown> : 1783523257194:Off Skin Set.
#1291942 08.07.2026 17:07:37 : EVT UI_FRAMEWORK : JS feeling vs idle 1
#1291943 08.07.2026 17:07:37 : EVT UI_FRAMEWORK : JS feeling open ex-saving
#1291944 08.07.2026 17:07:37 : TRC NAVIGATION : CG: no climb WP
#1291945 08.07.2026 17:07:37 : TRC NAVIGATION : CG:init ZoomType=0
#1291946 08.07.2026 17:07:37 : EVT NAVIGATION : initSeg Idx=0 D=1 T=0 3-0-4
#1291947 08.07.2026 17:07:38 : EVT WBSTORAGE : CACHE_DEFRAG (656->1000, 24->24, 25)
#1291948 08.07.2026 17:07:38 : EVT SPEEDFUSION : INFO # IDLE mode(-1) set
#1291949 08.07.2026 17:07:38 : EVT ALTIFUSION : AltiBaroMode:2
#1291950 08.07.2026 17:07:38 : EVT BLE : Disconn sensor:1
#1291951 08.07.2026 17:07:38 : EVT BLE : BLE Sensor Link 4800180D Disc (L-E-:00:0)
#1291952 08.07.2026 17:07:38 : WRN BLE : sendDisconnect 6157
#1291953 08.07.2026 17:07:38 : ERR BLE : [AURA]No filters left, stopping scan
#1291954 08.07.2026 17:07:38 : EVT <Unknown> : 1783523257696:On Skin Set.
#1291955 08.07.2026 17:07:38 : EVT ANALYTICS : #powersave mode:p temp:29.8
#1291956 08.07.2026 17:07:38 : EVT ANALYTICS : Battery-> 4 soc:100
#1291957 08.07.2026 17:07:41 : EVT ANALYTICS : Duration ExSaving:3579
#1291958 08.07.2026 17:07:41 : EVT ANALYTICS : Duration ExSumBroker:369
#1291959 08.07.2026 17:07:45 : EVT OHR : No HR update, invalidate by timer
#1291960 08.07.2026 17:07:45 : EVT UI_FRAMEWORK : JS delete log
#1291961 08.07.2026 17:07:45 : WRN LOGGER : Delete b:logs/6A4E67A3
#1291962 08.07.2026 17:07:47 : EVT OHR : new HR update
#1291963 08.07.2026 17:07:47 : EVT WBSTORAGE : CACHE_DEFRAG (976->984, 24->24, 25)
#1291964 08.07.2026 17:07:47 : EVT APPLICATION : Zapp zwc05901:Load script
#1291965 08.07.2026 17:07:47 : EVT APPLICATION : Zapp zwc05901:Enable
#1291966 08.07.2026 17:07:47 : EVT ANALYTICS : Zapp enabled i:3 h:ddb248f2 n:zwc05901 v:124f
#1291967 08.07.2026 17:07:47 : WRN WBAPI : eID-691468(277): /Weather/Current/ValidWeatherData.temp 
#1291968 08.07.2026 17:07:52 : EVT WBSTORAGE : CACHE_DEFRAG (856->864, 24->24, 25)
#1291969 08.07.2026 17:07:52 : EVT WBSTORAGE : CACHE_DEFRAG (816->848, 24->24, 25)
#1291970 08.07.2026 17:07:52 : EVT WBSTORAGE : CACHE_DEFRAG (824->832, 24->24, 25)
#1291971 08.07.2026 17:07:52 : EVT WBSTORAGE : CACHE_DEFRAG (816->824, 24->24, 25)
#1291972 08.07.2026 17:07:52 : EVT WBSTORAGE : CACHE_DEFRAG (808->816, 24->24, 25)
#1291973 08.07.2026 17:07:52 : EVT WBSTORAGE : CACHE_DEFRAG (800->816, 24->24, 25)
#1291974 08.07.2026 17:07:52 : TRC NAVIGATION : CG: no climb WP
#1291975 08.07.2026 17:07:52 : TRC NAVIGATION : CG:init ZoomType=0
#1291976 08.07.2026 17:07:52 : EVT NAVIGATION : initSeg Idx=0 D=1 T=0 3-0-4
#1291977 08.07.2026 17:07:52 : EVT WBSTORAGE : CACHE_DEFRAG (736->920, 24->24, 25)
#1291978 08.07.2026 17:07:52 : EVT ALTIFUSION : AltiBaroMode:0
#1291979 08.07.2026 17:07:52 : EVT APPLICATION : Zapp zwc05901:Disable
#1291980 08.07.2026 17:07:52 : EVT ANALYTICS : Zapp disabled i:3 h:ddb248f2 n:Vector classic
#1291981 08.07.2026 17:07:52 : EVT ANALYTICS : SleepQ:Tracking:On
#1291982 08.07.2026 17:07:52 : EVT ALTIFUSION : AltiBaroMode:0
#1291983 08.07.2026 17:07:52 : EVT WBSTORAGE : CACHE_DEFRAG (896->904, 24->24, 25)
#1291984 08.07.2026 17:07:52 : EVT UI_FRAMEWORK : JS nsto enable zapp: zzwethen
#1291985 08.07.2026 17:07:52 : EVT UI_FRAMEWORK : JS nsto enable zapp: zzmoveen
#1291986 08.07.2026 17:07:52 : EVT UI_FRAMEWORK : JS nsto enable zapp: climbl01
#1291987 08.07.2026 17:07:52 : EVT APPLICATION : Zapp zzwethen:Load script
#1291988 08.07.2026 17:07:52 : EVT APPLICATION : Zapp zzwethen:Enable
#1291989 08.07.2026 17:07:53 : EVT ANALYTICS : Zapp enabled i:8 h:3f77f8ec n:zzwethen v:ade
#1291990 08.07.2026 17:07:53 : EVT APPLICATION : Zapp clid:32878
#1291991 08.07.2026 17:07:53 : EVT APPLICATION : Zapp zzmoveen:Load script
#1291992 08.07.2026 17:07:53 : EVT APPLICATION : Zapp zzmoveen:Enable
#1291993 08.07.2026 17:07:53 : EVT ANALYTICS : Zapp enabled i:6 h:7aac0887 n:zzmoveen v:8e0
#1291994 08.07.2026 17:07:53 : EVT UI_FRAMEWORK : evalFile: b:/zapp/zzmoveen.fea/ext1.js from ui
#1291995 08.07.2026 17:07:53 : EVT APPLICATION : Zapp clid:32879
#1291996 08.07.2026 17:07:53 : EVT APPLICATION : Zapp climbl01:Load script
#1291997 08.07.2026 17:07:53 : EVT APPLICATION : Zapp climbl01:Enable
#1291998 08.07.2026 17:07:53 : EVT ANALYTICS : Zapp enabled i:5 h:a5e7afa5 n:climbl01 v:3.0
#1291999 08.07.2026 17:07:53 : EVT APPLICATION : Zapp clid:32880
#1292000 08.07.2026 17:07:53 : ERR WBMAIN : *0: app 622 Event 37 80995318
#1292001 08.07.2026 17:07:53 : ERR WBMAIN : 1: mea 11 Wait 0 00000000
#1292002 08.07.2026 17:07:53 : EVT UI_FRAMEWORK : JS nsto all zapps enabled.
#1292003 08.07.2026 17:07:53 : ERR WBMAIN : 2: ui 10 Wait 0 00000000
#1292004 08.07.2026 17:07:53 : EVT UI_FRAMEWORK : JS Prestart Activity Id: 16.000
#1292005 08.07.2026 17:07:53 : WRN WBAPI : eID-691468(277): /Dive/Alarms/Acknowledge 404
#1292006 08.07.2026 17:07:53 : WRN WBAPI : eID-691468(277): /Dive/DiveGases 404
#1292007 08.07.2026 17:07:53 : WRN WBAPI : eID-691468(277): /Dive/Gauge/Next 404
#1292008 08.07.2026 17:07:53 : EVT WBSTORAGE : CACHE_DEFRAG (856->864, 24->24, 25)
#1292009 08.07.2026 17:07:54 : EVT WBSTORAGE : CACHE_DEFRAG (792->800, 24->24, 25)
#1292010 08.07.2026 17:07:54 : EVT WBSTORAGE : CACHE_DEFRAG (728->736, 24->24, 25)
#1292011 08.07.2026 17:07:54 : EVT BLE : BLE Sensor Link 4800180D Conn (--E-:00:1)
#1292012 08.07.2026 17:07:54 : WRN BLE : sendConnect 6157
#1292013 08.07.2026 17:07:54 : WRN WBAPI : eID-691468(277): /Dive/TankPressure/Alarm/Count 404
#1292014 08.07.2026 17:07:54 : EVT SPEEDFUSION : INFO # start speed fusion
#1292015 08.07.2026 17:07:54 : EVT SPEEDFUSION : Act:16,Acc:0,BPod:0,FPod:0,PPod:0,BeltPod:1
#1292016 08.07.2026 17:07:54 : EVT SPEEDFUSION : INFO # Start algo without wrist acc
#1292017 08.07.2026 17:07:54 : EVT <Unknown> : Update pres sampl intrvl:1
#1292018 08.07.2026 17:07:54 : EVT OHR : S:start 0x21a3
#1292019 08.07.2026 17:07:55 : EVT <Unknown> : 1783523274551:Meas start 0x21a3
#1292020 08.07.2026 17:08:00 : EVT SEDENTARY : stop monitoring
#1292021 08.07.2026 17:08:02 : EVT APPLICATION : Zapp climbl01:Disable
#1292022 08.07.2026 17:08:02 : EVT ANALYTICS : Zapp disabled i:5 h:a5e7afa5 n:Climb Log
#1292023 08.07.2026 17:08:02 : EVT WBSTORAGE : CACHE_DEFRAG (656->664, 24->24, 25)
#1292024 08.07.2026 17:08:03 : EVT APPLICATION : Zapp climbl01:Load script
#1292025 08.07.2026 17:08:04 : EVT APPLICATION : Zapp climbl01:Enable
#1292026 08.07.2026 17:08:04 : EVT ANALYTICS : Zapp enabled i:5 h:a5e7afa5 n:climbl01 v:3.0
#1292027 08.07.2026 17:08:04 : EVT APPLICATION : Zapp clid:32880
#1292028 08.07.2026 17:08:04 : EVT OHR : S:start 0x2123
#1292029 08.07.2026 17:08:04 : EVT BLE : lt,scan 1
#1292030 08.07.2026 17:08:04 : WRN BLE : sendDisconnect 6157
#1292031 08.07.2026 17:08:04 : ERR BLE : [AURA]No filters left, stopping scan
#1292032 08.07.2026 17:08:04 : EVT BLE : packet 0 sensor found count 1
#1292033 08.07.2026 17:08:04 : ERR BLE : [AURA]Filter with handle 72 not found
#1292034 08.07.2026 17:08:04 : EVT BLE : packet 0 sensor found count 2
#1292035 08.07.2026 17:08:04 : EVT <Unknown> : 1783523284141:Meas start 0x2123
#1292036 08.07.2026 17:08:05 : WRN WBAPI : eID-691468(277): /Dive/TankPressure/Alarm/Count 404
#1292037 08.07.2026 17:08:05 : EVT OHR : S:start 0x21a3
#1292038 08.07.2026 17:08:05 : EVT ANALYTICS : #FusHr src:2 time:11304
#1292039 08.07.2026 17:08:05 : EVT <Unknown> : 1783523285193:Meas start 0x21a3
#1292040 08.07.2026 17:08:06 : EVT ANALYTICS : #FusHr src:2 time:0
#1292041 08.07.2026 17:08:06 : WRN WBAPI : eID-691468(277): /Dive/Alarms/Acknowledge 404
#1292042 08.07.2026 17:08:06 : WRN WBAPI : eID-691468(277): /Dive/DiveGases 404
#1292043 08.07.2026 17:08:06 : WRN WBAPI : eID-691468(277): /Dive/Gauge/Next 404
#1292044 08.07.2026 17:08:06 : EVT TRAININGLAB : TLab:~Mode T 18272 + 6 A 4740 + 0
#1292045 08.07.2026 17:08:06 : EVT TRAININGLAB : TLab:Change mode 2->3
#1292046 08.07.2026 17:08:06 : EVT TRAININGLAB : TLab:Mode::userInfo 60, 200, 1, 37, 182, 950, 1990
#1292047 08.07.2026 17:08:06 : ERR BLE : [AURA]No filters left, stopping scan
#1292048 08.07.2026 17:08:06 : EVT LOGGER : Log space:30237099 bytes free
#1292049 08.07.2026 17:08:06 : EVT TRAININGLAB : ModeUnsub:2800
#1292050 08.07.2026 17:08:06 : EVT TRAININGLAB : ModeSub:9004
#1292051 08.07.2026 17:08:06 : EVT TRAININGLAB : TLab:Select input 0
#1292052 08.07.2026 17:08:06 : EVT TRAININGLAB : Tlab:HR src is 2
#1292053 08.07.2026 17:08:06 : EVT TRAININGLAB : TLab:Active input 0
#1292054 08.07.2026 17:08:06 : EVT LOGGER : Exercise started
#1292055 08.07.2026 17:08:06 : TRC GPS : Full GNSS data subd l:0 c:802b0000
#1292056 08.07.2026 17:08:06 : EVT TRAININGLAB : TLab:Active input 1
#1292057 08.07.2026 17:08:08 : EVT ANALYTICS : Battery-> 3 soc:100
#1292058 08.07.2026 17:08:08 : EVT ANALYTICS : #FusHr src:2 time:0
#1292059 08.07.2026 17:08:08 : EVT ANALYTICS : #Act id:16
#1292060 08.07.2026 17:08:08 : EVT ANALYTICS : #powersave mode:p temp:30.0
#1292061 08.07.2026 17:08:08 : EVT ANALYTICS : GPSMODE:NOTUSED
#1292062 08.07.2026 17:08:08 : EVT ANALYTICS : #gnss d:2026-07-08T00:00:00Z
#1292063 08.07.2026 17:08:08 : EVT ANALYTICS : #zapp n:Weather e:1
#1292064 08.07.2026 17:08:08 : EVT ANALYTICS : #zapp n:Movement e:1
#1292065 08.07.2026 17:08:08 : EVT ANALYTICS : #zapp n:Climb Log e:1
#1292066 08.07.2026 17:08:11 : WRN WBAPI : eID-691468(277): /Dive/Alarms/Acknowledge 404
#1292067 08.07.2026 17:08:11 : WRN WBAPI : eID-691468(277): /Dive/DiveGases 404
#1292068 08.07.2026 17:08:11 : WRN WBAPI : eID-691468(277): /Dive/Gauge/Next 404
#1292069 08.07.2026 17:08:13 : EVT LOGGER : LGR 934, 80
#1292070 08.07.2026 17:08:13 : WRN WBAPI : eID-691468(277): /Dive/Alarms/Acknowledge 404
#1292071 08.07.2026 17:08:13 : WRN WBAPI : eID-691468(277): /Dive/DiveGases 404
#1292072 08.07.2026 17:08:13 : WRN WBAPI : eID-691468(277): /Dive/Gauge/Next 404
#1292073 08.07.2026 17:08:14 : EVT ANALYTICS : #ws AID:16 BM:1 NS:0 SP:3 ZN:0 TG:0 BL:0 GPS:0
#1292074 08.07.2026 17:08:14 : EVT ANALYTICS : #2ws AID:16 WHR:1 INT:0 AL:0 AP:0 FE:1 MC:1 TH:0
#1292075 08.07.2026 17:08:14 : EVT LOGGER : LGR 934, 80
#1292076 08.07.2026 17:08:15 : EVT UI_FRAMEWORK : evalFile: b:/zapp/climbl01.fea/ext10.js from ui
#1292077 08.07.2026 17:08:15 : EVT UI_FRAMEWORK : evalFile: b:/zapp/climbl01.fea/ext31.js from ui
#1292078 08.07.2026 17:08:15 : WRN WBAPI : eID-691468(277): /Dive/Alarms/Acknowledge 404
#1292079 08.07.2026 17:08:15 : WRN WBAPI : eID-691468(277): /Dive/DiveGases 404
#1292080 08.07.2026 17:08:15 : WRN WBAPI : eID-691468(277): /Dive/Gauge/Next 404
#1292081 08.07.2026 17:08:15 : EVT LOGGER : LGR 934, 80
#1292082 08.07.2026 17:08:15 : WRN WBAPI : eID-691468(277): /Dive/Alarms/Acknowledge 404
#1292083 08.07.2026 17:08:15 : WRN WBAPI : eID-691468(277): /Dive/DiveGases 404
#1292084 08.07.2026 17:08:15 : WRN WBAPI : eID-691468(277): /Dive/Gauge/Next 404
#1292085 08.07.2026 17:08:17 : WRN WBAPI : eID-691468(277): /Dive/Alarms/Acknowledge 404
#1292086 08.07.2026 17:08:17 : WRN WBAPI : eID-691468(277): /Dive/DiveGases 404
#1292087 08.07.2026 17:08:17 : WRN WBAPI : eID-691468(277): /Dive/Gauge/Next 404
#1292088 08.07.2026 17:08:17 : EVT LOGGER : LGR 934, 80
#1292089 08.07.2026 17:08:17 : WRN WBAPI : eID-691468(277): /Dive/Alarms/Acknowledge 404
#1292090 08.07.2026 17:08:17 : WRN WBAPI : eID-691468(277): /Dive/DiveGases 404
#1292091 08.07.2026 17:08:17 : WRN WBAPI : eID-691468(277): /Dive/Gauge/Next 404
#1292092 08.07.2026 17:08:19 : WRN WBAPI : eID-691468(277): /Dive/Alarms/Acknowledge 404
#1292093 08.07.2026 17:08:19 : WRN WBAPI : eID-691468(277): /Dive/DiveGases 404
#1292094 08.07.2026 17:08:19 : WRN WBAPI : eID-691468(277): /Dive/Gauge/Next 404
#1292095 08.07.2026 17:08:19 : EVT LOGGER : LGR 934, 80
#1292096 08.07.2026 17:08:19 : WRN WBAPI : eID-691468(277): /Dive/Alarms/Acknowledge 404
#1292097 08.07.2026 17:08:19 : WRN WBAPI : eID-691468(277): /Dive/DiveGases 404
#1292098 08.07.2026 17:08:19 : WRN WBAPI : eID-691468(277): /Dive/Gauge/Next 404
#1292099 08.07.2026 17:08:21 : EVT LOGGER : LGR 934, 80
#1292100 08.07.2026 17:08:22 : EVT <Unknown> : 1783523302349:Off Skin Set.
#1292101 08.07.2026 17:08:23 : EVT LOGGER : Exercise paused
#1292102 08.07.2026 17:08:23 : WRN WBAPI : eID-691468(277): /Dive/Alarms/Acknowledge 404
#1292103 08.07.2026 17:08:23 : WRN WBAPI : eID-691468(277): /Dive/DiveGases 404
#1292104 08.07.2026 17:08:23 : WRN WBAPI : eID-691468(277): /Dive/Gauge/Next 404
#1292105 08.07.2026 17:08:23 : EVT <Unknown> : 1783523302726:On Skin Set.
#1292106 08.07.2026 17:08:24 : EVT APPLICATION : Zapp climbl01:Disable
#1292107 08.07.2026 17:08:24 : EVT UI_FRAMEWORK : evalFile: b:/zapp/climbl01.fea/ext11.js from ui
#1292108 08.07.2026 17:08:24 : ERR APPLICATION : Zapp:relMemCb (exec:zapp)
#1292109 08.07.2026 17:08:24 : EVT APPLICATION : Zapp zzwethen:Disable
#1292110 08.07.2026 17:08:24 : EVT ANALYTICS : Zapp disabled i:8 h:3f77f8ec n:Weather
#1292111 08.07.2026 17:08:24 : ERR APPLICATION : Zapp 3:RelMem->unload
#1292112 08.07.2026 17:08:24 : ERR APPLICATION : Zapp:relMemCb (exec:zapp)
#1292113 08.07.2026 17:08:24 : EVT APPLICATION : Zapp zzmoveen:Disable
#1292114 08.07.2026 17:08:24 : EVT ANALYTICS : Zapp disabled i:6 h:7aac0887 n:Movement
#1292115 08.07.2026 17:08:24 : ERR APPLICATION : Zapp 3:RelMem->unload
#1292116 08.07.2026 17:08:24 : ERR APPLICATION : Zapp:relMemCb (exec:zapp)
#1292117 08.07.2026 17:08:24 : ERR APPLICATION : Zapp:RelMem->None avail
#1292118 08.07.2026 17:08:24 : ERR DUKTAPE : JSalloc:2137
#1292119 08.07.2026 17:08:24 : ERR APPLICATION : Zapp:relMemCb (exec:zapp)
#1292120 08.07.2026 17:08:24 : ERR APPLICATION : Zapp:RelMem->None avail
#1292121 08.07.2026 17:08:24 : ERR DUKTAPE : JSalloc:2137
#1292122 08.07.2026 17:08:24 : ERR APPLICATION : Zapp:relMemCb (exec:zapp)
#1292123 08.07.2026 17:08:24 : ERR APPLICATION : Zapp:RelMem->None avail
#1292124 08.07.2026 17:08:24 : ERR DUKTAPE : JSalloc:2137
#1292125 08.07.2026 17:08:24 : ERR APPLICATION : Zapp:relMemCb (exec:zapp)
#1292126 08.07.2026 17:08:24 : ERR APPLICATION : Zapp:RelMem->None avail
#1292127 08.07.2026 17:08:24 : ERR DUKTAPE : JSalloc:2137
#1292128 08.07.2026 17:08:24 : ERR APPLICATION : Zapp:relMemCb (exec:zapp)
#1292129 08.07.2026 17:08:24 : ERR APPLICATION : Zapp:RelMem->None avail
#1292130 08.07.2026 17:08:24 : ERR DUKTAPE : JSalloc:2137
#1292131 08.07.2026 17:08:24 : ERR APPLICATION : Zapp:relMemCb (exec:zapp)
#1292132 08.07.2026 17:08:24 : ERR APPLICATION : Zapp:RelMem->None avail
#1292133 08.07.2026 17:08:24 : ERR DUKTAPE : JSalloc:2137
#1292134 08.07.2026 17:08:24 : ERR APPLICATION : Zapp:relMemCb (exec:zapp)
#1292135 08.07.2026 17:08:24 : ERR APPLICATION : Zapp:RelMem->None avail
#1292136 08.07.2026 17:08:24 : ERR DUKTAPE : JSalloc:2137
#1292137 08.07.2026 17:08:24 : ERR APPLICATION : Zapp:relMemCb (exec:zapp)
#1292138 08.07.2026 17:08:24 : ERR APPLICATION : Zapp:RelMem->None avail
#1292139 08.07.2026 17:08:24 : ERR DUKTAPE : JSalloc:2137
#1292140 08.07.2026 17:08:24 : ERR APPLICATION : Zapp:relMemCb (exec:zapp)
#1292141 08.07.2026 17:08:24 : ERR APPLICATION : Zapp:RelMem->None avail
#1292142 08.07.2026 17:08:24 : ERR DUKTAPE : JSalloc:2137
#1292143 08.07.2026 17:08:24 : ERR APPLICATION : Zapp:relMemCb (exec:zapp)
#1292144 08.07.2026 17:08:24 : ERR APPLICATION : Zapp:RelMem->None avail
#1292145 08.07.2026 17:08:24 : ERR DUKTAPE : JSalloc:2137
#1292146 08.07.2026 17:08:24 : ERR APPLICATION : Zapp:relMemCb (exec:zapp)
#1292147 08.07.2026 17:08:24 : ERR APPLICATION : Zapp:RelMem->None avail
#1292148 08.07.2026 17:08:24 : ERR DUKTAPE : JSalloc:2137
#1292149 08.07.2026 17:08:24 : EVT ANALYTICS : Zapp disabled i:5 h:a5e7afa5 n:Climb Log
#1292150 08.07.2026 17:08:28 : EVT <Unknown> : 1783523308158:Off Skin Set.
#1292151 08.07.2026 17:08:30 : EVT PMIC : VBUS state is ON
#1292152 08.07.2026 17:08:30 : EVT PMIC : chgCntl1:0x70
#1292153 08.07.2026 17:08:30 : EVT PMIC : check chgCntl1:0x74
#1292154 08.07.2026 17:08:30 : EVT PMIC : Turn charge ON since VBUS->ON
#1292155 08.07.2026 17:08:30 : EVT PMIC : PMIC temp zone:0x2
#1292156 08.07.2026 17:08:30 : EVT PMIC : PMIC Fast-charge constant cur
#1292157 08.07.2026 17:08:30 : EVT OHR : VBUS on
#1292158 08.07.2026 17:08:30 : EVT OHR : S:stop a3
#1292159 08.07.2026 17:08:30 : EVT <Unknown> : 1783523310064:Meas stop 0x21a3
#1292160 08.07.2026 17:08:30 : WRN FILESYSTEM : f_close:8 ddb248f2
#1292161 08.07.2026 17:08:33 : EVT EXT_FLASH : ExtFID 0xc2,0x25,0x39
#1292162 08.07.2026 17:08:33 : ERR FAULT : *ASSERT*
#1292163 08.07.2026 17:08:33 : ERR FAULT : Assert in: file.cpp:143
#1292164 08.07.2026 17:08:33 : ERR FAULT : Assert task:ui
#1292165 08.07.2026 17:08:33 : ERR FAULT : ===== Stack Dump (SP: 0x2003ED48) =====
#1292166 08.07.2026 17:08:33 : ERR FAULT : Stack range: 0x2003AD98 - 0x2003F3E8
#1292167 08.07.2026 17:08:33 : ERR FAULT : Code range: 0x00450400 - 0x00626BCC
#1292168 08.07.2026 17:08:33 : ERR FAULT : 0x2003ED48: 0x00462708 0x00462714 0x2003F3E8 0x2003AD98 
#1292169 08.07.2026 17:08:33 : ERR FAULT : 0x2003ED58: 0x656C6966 0x7070632E 0x3334313A 0x00000000 
#1292170 08.07.2026 17:08:33 : ERR FAULT : 0x2003ED68: 0x00000000 0x00000000 0x00000000 0x00000000 
#1292171 08.07.2026 17:08:33 : ERR FAULT : 0x2003ED78: 0x00000000 0xDDB248F2 0x00459090 0x00000000 
#1292172 08.07.2026 17:08:33 : ERR FAULT : 0x2003ED88: 0x20023770 0x20010410 0x00000000 0x61881B5A 
#1292173 08.07.2026 17:08:33 : ERR FAULT : 0x2003ED98: 0x004AB73B 0x0045432B 0x20023770 0x00458E2F 
#1292174 08.07.2026 17:08:33 : ERR FAULT : 0x2003EDA8: 0x20062F90 0x2003EFE0 0x2003F0B0 0x004B1379 
#1292175 08.07.2026 17:08:33 : ERR FAULT : 0x2003EDB8: 0x2003EDE0 0x004B11EB 0x00000000 0x2003EDE0 
#1292176 08.07.2026 17:08:33 : ERR FAULT : 0x2003EDC8: 0x20025C7C 0x2003F0B0 0x00000000 0x004D031F 
#1292177 08.07.2026 17:08:33 : ERR FAULT : 0x2003EDD8: 0x2003EE74 0x004B93C1 0x00000001 0x00000000 
#1292178 08.07.2026 17:08:33 : ERR FAULT : 0x2003EDE8: 0x2003EFE0 0x004B0F47 0x00000001 0x00000000 
#1292179 08.07.2026 17:08:33 : ERR FAULT : 0x2003EDF8: 0x00000000 0x2003EE2C 0x00000000 0x2003F0B0 
#1292180 08.07.2026 17:08:33 : ERR FAULT : 0x2003EE08: 0x00000001 0x00000000 0x20025E48 0x2003EE74 
#1292181 08.07.2026 17:08:33 : ERR FAULT : 0x2003EE18: 0x2003F0B0 0x00000000 0x00000000 0x004CFFAF 
#1292182 08.07.2026 17:08:33 : ERR FAULT : 0x2003EE28: 0x00000000 0x2003EE58 0x2003F0B0 0x00000001 
#1292183 08.07.2026 17:08:33 : ERR FAULT : 0x2003EE38: 0x00000000 0x004D672B 0x00000000 0x2003F128 
#1292184 08.07.2026 17:08:33 : ERR FAULT : ===== End of Stack Dump =====
#1292185 08.07.2026 17:08:33 : ERR FAULT : Possible Call Backtrace:
#1292186 08.07.2026 17:08:33 : ERR FAULT : #00 0x0045432A
#1292187 08.07.2026 17:08:33 : ERR FAULT : #01 0x004AB73A
#1292188 08.07.2026 17:08:33 : ERR FAULT : *ASSERT*
#1292189 08.07.2026 17:08:33 : EVT BOOTLOOP : Faultcom c:fa017c01 ts:1783501656 n:1783523313
#1292190 08.07.2026 17:08:33 : TRC APPLICATION : Start wuiapp 2.53.42 in mode 5 (asked 5 (5h))
#1292191 08.07.2026 17:08:33 : TRC APPLICATION : HwVersion: 1424B3
#1292192 08.07.2026 17:08:33 : TRC APPLICATION : BID: 8585924/09b8e246
#1292193 08.07.2026 17:08:33 : EVT ANALYTICS : #start bl:00000001 c:00006e04 r:1000 s:00
#1292194 08.07.2026 17:08:33 : TRC FUEL_GAUGE : Initial batt voltage: 4434.296875 mV
#1292195 08.07.2026 17:08:33 : EVT FWUPDATE : onInputEvent 1
#1292196 08.07.2026 17:08:33 : EVT FILESYSTEM : Storage:init HccFat
#1292197 08.07.2026 17:08:33 : TRC FILESYSTEM : HCC Malloc:6304
#1292198 08.07.2026 17:08:33 : TRC FILESYSTEM : HCC init 7 cache
#1292199 08.07.2026 17:08:33 : TRC FILESYSTEM : HCC logblock daemon Init
#1292200 08.07.2026 17:08:33 : EVT FILESYSTEM : Ena eMMC vol (init)
#1292201 08.07.2026 17:08:34 : EVT FILESYSTEM : maxfh:1 30 1 c:volume0.inf
#1292202 08.07.2026 17:08:34 : EVT FILESYSTEM : maxfh:2 81 1 c:volume0.inf
#1292203 08.07.2026 17:08:34 : TRC FWUPDATE : FSS crc:3468367650[ok] sta:0 sec:65535 reb:0
#1292204 08.07.2026 17:08:34 : TRC FWUPDATE : FSS cu:8b67dbcf se:8b67dbcf in:4
#1292205 08.07.2026 17:08:38 : EVT POWER_STATE : HistoryStorage Construction
#1292206 08.07.2026 17:08:38 : TRC MAPS : Wait for req
#1292207 08.07.2026 17:08:39 : EVT WBSTORAGE : PRELOAD_DONE Cache free:idx:20 mem:1336B
#1292208 08.07.2026 17:08:39 : EVT PRESSURE : ALPS HSPPAD143 pres sensor found
#1292209 08.07.2026 17:08:39 : EVT PRESSURE : PressCalib:Checksum not valid
#1292210 08.07.2026 17:08:39 : EVT PRESSURE : PressCalib read OK:-1.551000
#1292211 08.07.2026 17:08:39 : TRC PRESSURE : Sensor ALPS HSPPAD143 detected
#1292212 08.07.2026 17:08:39 : EVT WR_MAGN : TLI493D-W2BW HW-revision:0x9 (type 0x0)
#1292213 08.07.2026 17:08:39 : EVT PMIC : VBUS state is OFF
#1292214 08.07.2026 17:08:40 : EVT PMIC : chgCntl1:0x74
#1292215 08.07.2026 17:08:40 : EVT PMIC : check chgCntl1:0x74
#1292216 08.07.2026 17:08:40 : ERR WBMAIN : 0: app 680 Wait 0 00000000
#1292217 08.07.2026 17:08:40 : ERR WBMAIN : *1: mea 733 DPC 12 00457803
#1292218 08.07.2026 17:08:40 : ERR WBMAIN : 2: ui 7146 Wait 0 00000000
#1292219 08.07.2026 17:08:40 : EVT FUEL_GAUGE : init, force:0
#1292220 08.07.2026 17:08:40 : EVT FUEL_GAUGE : check:1 lrn_tempco reg:0x5d75, store:0x5d75 mode:0x5d75
#1292221 08.07.2026 17:08:41 : EVT OHR : SCD 1, SCDL 0, SPO2 0, HR 0, RR 0, GM 0, SRBT 0
#1292222 08.07.2026 17:08:41 : EVT OHR : S:ON 0->1
#1292223 08.07.2026 17:08:41 : TRC FUEL_GAUGE : Charging 3 Batt 1->5
#1292224 08.07.2026 17:08:41 : TRC FUEL_GAUGE : batFgLevel cur:100%, prev:75%
#1292225 08.07.2026 17:08:41 : EVT FUEL_GAUGE : Initial batt:4429 mV soc:100 %
#1292226 08.07.2026 17:08:41 : EVT FUEL_GAUGE : Charge 3 Batt 5
#1292227 08.07.2026 17:08:41 : TRC FUEL_GAUGE : Batt: 4428 mV (raw: 4430) soc: 100 %, T: 30.1 C,H:103
#1292228 08.07.2026 17:08:42 : TRC GPS : Power enabled
#1292229 08.07.2026 17:08:42 : TRC TOUCH : get ic info, chip id = 0x2390
#1292230 08.07.2026 17:08:42 : WRN OHR : Module test not passed (0x08)
#1292231 08.07.2026 17:08:43 : EVT OHR : APPINIT:caps 0x1f4, 6b738616
#1292232 08.07.2026 17:08:43 : EVT <Unknown> : 1783523323467:AI@1783523323200, tz120
#1292233 08.07.2026 17:08:43 : EVT WBSTORAGE : CACHE_DEFRAG (144->544, 7->7, 25)
#1292234 08.07.2026 17:08:43 : TRC GPS : Stat report:1
#1292235 08.07.2026 17:08:43 : EVT OHR : APP:0.9.82 BSL:0.1.4
#1292236 08.07.2026 17:08:43 : TRC GPS : @VER
#1292237 08.07.2026 17:08:43 : TRC GPS : Ver:v00.204
#1292238 08.07.2026 17:08:43 : EVT OHR : S:OFF 1->0
#1292239 08.07.2026 17:08:43 : TRC GPS : @CEPA
#1292240 08.07.2026 17:08:43 : TRC GPS : LLE GP:0807 QZ:0807 GL:0807 GA:0807 BE:0807
#1292241 08.07.2026 17:08:43 : TRC GPS : Power disabled
#1292242 08.07.2026 17:08:44 : EVT ALTIFUSION : Init AltiBaro
#1292243 08.07.2026 17:08:44 : EVT TRAININGLAB : TLab:Change mode 0->0
#1292244 08.07.2026 17:08:45 : WRN LOGGER : Rm 6a4e67d6 duration 0
#1292245 08.07.2026 17:08:45 : EVT FILESYSTEM : maxfh:3 922 4 b:logs/6A4E67D6/value.hsr
#1292246 08.07.2026 17:08:45 : WRN LOGGER : Rec ac id 16
#1292247 08.07.2026 17:08:45 : WRN LOGGER : Recovered 6a4e67d6
#1292248 08.07.2026 17:08:45 : TRC MAPS : UIResourceLoader::initModule()
#1292249 08.07.2026 17:08:45 : EVT GOMORE : GoMore Update User Info
#1292250 08.07.2026 17:08:45 : EVT GOMORE : AuthSdk Code:0
#1292251 08.07.2026 17:08:45 : EVT TRAININGZONE : Init done
#1292252 08.07.2026 17:08:45 : EVT GPS : LocationProviderImpl:sub Passive
#1292253 08.07.2026 17:08:46 : TRC GPS : Full GNSS data subd l:0 c:80160010
#1292254 08.07.2026 17:08:46 : EVT WBSTORAGE : CACHE_DEFRAG (0->832, 18->18, 25)
#1292255 08.07.2026 17:08:46 : WRN WBAPI : eID-69b7b8(99/19200): 403
#1292256 08.07.2026 17:08:46 : EVT GPS : GpsTimeSynchronizer:sub Best
#1292257 08.07.2026 17:08:46 : TRC GPS : Basic GNSS data subd l:15 c:80460010
#1292258 08.07.2026 17:08:46 : TRC GPS : Power enabled
#1292259 08.07.2026 17:08:46 : EVT WBSTORAGE : CACHE_DEFRAG (760->1136, 24->24, 25)
#1292260 08.07.2026 17:08:46 : TRC NAVIGATION : CG: no climb WP
#1292261 08.07.2026 17:08:46 : TRC NAVIGATION : CG:init ZoomType=0
#1292262 08.07.2026 17:08:46 : EVT NAVIGATION : initSeg Idx=0 D=1 T=0 3-0-4
#1292263 08.07.2026 17:08:46 : WRN BLE : BLE Link 4D00F000 Disc (--E-:00:0)
#1292264 08.07.2026 17:08:46 : EVT WBSTORAGE : CACHE_DEFRAG (1064->1072, 24->24, 25)
#1292265 08.07.2026 17:08:46 : WRN WBAPI : eID-6952d0(99/773): 403
#1292266 08.07.2026 17:08:46 : EVT WBSTORAGE : CACHE_DEFRAG (1008->1032, 24->24, 25)
#1292267 08.07.2026 17:08:47 : EVT <Unknown> : init, c 0 0 0
#1292268 08.07.2026 17:08:47 : EVT WBSTORAGE : CACHE_DEFRAG (944->968, 24->24, 25)
#1292269 08.07.2026 17:08:47 : EVT OHR : Found CP file 204
#1292270 08.07.2026 17:08:47 : EVT GOMORE : PD-f OK, sz 1464, H 0x0
#1292271 08.07.2026 17:08:47 : TRC GPS : Stat report:1
#1292272 08.07.2026 17:08:47 : TRC GPS : GNS setting 0x1fcb
#1292273 08.07.2026 17:08:47 : TRC GPS : @GSR
#1292274 08.07.2026 17:08:48 : TRC GPS : Done:GSR
#1292275 08.07.2026 17:08:48 : EVT ANALYTICS : SleepQ:Tracking:On
#1292276 08.07.2026 17:08:48 : EVT SLEEP : Discard possible sleep
#1292277 08.07.2026 17:08:48 : EVT SLEEP : No sleep ongoing, ineffective discard call
#1292278 08.07.2026 17:08:49 : EVT FILESYSTEM : maxfh:4 12c3 1 sleepln/sstages.bin
#1292279 08.07.2026 17:08:49 : EVT SLEEP : GMSLEEP:Last stg 2 dur 1140 start at 1783492560000
#1292280 08.07.2026 17:08:50 : EVT TRAININGLAB : TLab:Change mode 0->2
#1292281 08.07.2026 17:08:50 : EVT TRAININGLAB : TLab:Mode::userInfo 60, 200, 1, 37, 182, 950, 1990
#1292282 08.07.2026 17:08:50 : EVT TRAININGLAB : ModeUnsub:0000
#1292283 08.07.2026 17:08:50 : EVT TRAININGLAB : ModeSub:0400
#1292284 08.07.2026 17:08:50 : EVT OHR : S:ON 0->1
#1292285 08.07.2026 17:08:50 : EVT TRAININGLAB : Stress enabled
#1292286 08.07.2026 17:08:50 : TRC APPLICATION : 247: Day 0 1783461600 1095
#1292287 08.07.2026 17:08:50 : TRC APPLICATION : 247: Day 1 1783375200 1338
#1292288 08.07.2026 17:08:50 : TRC APPLICATION : 247: Day 2 1783288800 102
#1292289 08.07.2026 17:08:50 : TRC APPLICATION : 247: Day 3 1783202400 0
#1292290 08.07.2026 17:08:50 : TRC APPLICATION : 247: Day 4 1783116000 0
#1292291 08.07.2026 17:08:50 : TRC APPLICATION : 247: Day 5 1783029600 0
#1292292 08.07.2026 17:08:50 : TRC APPLICATION : 247: Day 6 1782943200 0
#1292293 08.07.2026 17:08:50 : TRC APPLICATION : 247: Restore counters
#1292294 08.07.2026 17:08:50 : EVT OHR : APPINIT:caps 0x1f4, 6b738616
#1292295 08.07.2026 17:08:50 : EVT <Unknown> : 1783523330414:AI@1783523330390, tz120
#1292296 08.07.2026 17:08:50 : EVT OHR : S:start 0x2123
#1292297 08.07.2026 17:08:50 : EVT WBSTORAGE : CACHE_DEFRAG (936->944, 24->24, 25)
#1292298 08.07.2026 17:08:50 : EVT NFC : Init NFC card enabled: 0
#1292299 08.07.2026 17:08:50 : EVT APPLICATION : ExGui clid:805d
#1292300 08.07.2026 17:08:51 : EVT <Unknown> : 1783523330646:Meas start 0x2123
#1292301 08.07.2026 17:08:51 : EVT <Unknown> : 1783523330754:PD1464, 0
#1292302 08.07.2026 17:08:51 : EVT <Unknown> : 1783523331016:Mi1.6.10, auth 0, hr_mode 0
#1292303 08.07.2026 17:08:51 : EVT <Unknown> : 1783523331024:On Skin Set.
#1292304 08.07.2026 17:08:51 : EVT APPLICATION : Int clid:8068
#1292305 08.07.2026 17:08:51 : EVT ANALYTICS : analytics enabled!
#1292306 08.07.2026 17:08:51 : TRC FUEL_GAUGE : Chg->0,B:5,C:-14.0,V:4428,U:0,bF:100%,bC:100%
#1292307 08.07.2026 17:08:51 : EVT ANALYTICS : Battery-> 0 soc:0
#1292308 08.07.2026 17:08:51 : EVT ALTIFUSION : AltiBaroMode:2
#1292309 08.07.2026 17:08:51 : EVT APPLICATION : Zapp prv clid:32876
#1292310 08.07.2026 17:08:51 : EVT APPLICATION : Zapp Eng clid:32877
#1292311 08.07.2026 17:08:51 : EVT APPLICATION : Guide clid:32883
#1292312 08.07.2026 17:08:52 : TRC MAPS : UIResourceLoader::startModule()
#1292313 08.07.2026 17:08:52 : EVT WBSTORAGE : CACHE_DEFRAG (928->936, 24->24, 25)
#1292314 08.07.2026 17:08:52 : EVT WBSTORAGE : CACHE_DEFRAG (824->832, 24->24, 25)
#1292315 08.07.2026 17:08:52 : EVT WEATHER : t:495417, d:6
#1292316 08.07.2026 17:08:52 : EVT WBSTORAGE : CACHE_DEFRAG (720->728, 24->24, 25)
#1292317 08.07.2026 17:08:52 : EVT ANALYTICS : Weather sync ok d:0 f:0
#1292318 08.07.2026 17:08:52 : EVT WEATHER : t:495417, d:6
#1292319 08.07.2026 17:08:52 : EVT ANALYTICS : synced city:Zollikon
#1292320 08.07.2026 17:08:52 : WRN POWER_STATE : rewr:0 fbf:0 ii:5988 cmss:524292 cin:16384
#1292321 08.07.2026 17:08:52 : EVT OHR : S:start 0x2123
#1292322 08.07.2026 17:08:52 : EVT WBSTORAGE : CACHE_DEFRAG (664->680, 24->24, 25)
#1292323 08.07.2026 17:08:52 : EVT WBSTORAGE : CACHE_DEFRAG (616->632, 24->24, 25)
#1292324 08.07.2026 17:08:52 : EVT WBSTORAGE : CACHE_DEFRAG (392->416, 24->24, 25)
#1292325 08.07.2026 17:08:52 : EVT WBSTORAGE : CACHE_DEFRAG (352->360, 24->24, 25)
#1292326 08.07.2026 17:08:52 : EVT <Unknown> : Off-wrist det:on
#1292327 08.07.2026 17:08:52 : WRN WBAPI : eID-6935e8(99/42169): 403
#1292328 08.07.2026 17:08:52 : WRN WBAPI : eID-693fd4(99/48128): 403
#1292329 08.07.2026 17:08:52 : EVT <Unknown> : Update pres sampl intrvl:1
#1292330 08.07.2026 17:08:52 : EVT ANALYTICS : #heap h:10736 l:10688
#1292331 08.07.2026 17:08:52 : EVT ALTIFUSION : AltiBaroMode:2
#1292332 08.07.2026 17:08:52 : EVT <Unknown> : 1783523332257:Meas start 0x2123
#1292333 08.07.2026 17:08:53 : WRN WBAPI : eID-691468(277): /Dive/DesaturationTimes 404
#1292334 08.07.2026 17:08:53 : WRN WBAPI : eID-691468(277): /Dive/Statistics/ScubaSurfaceTime 404
#1292335 08.07.2026 17:08:54 : ERR WBMAIN : *0: app 1296 Event 7 80423321
#1292336 08.07.2026 17:08:54 : ERR WBMAIN : 1: mea 56 Wait 0 00000000
#1292337 08.07.2026 17:08:54 : ERR WBMAIN : 2: ui 1299 DPC 1 004b17f1
#1292338 08.07.2026 17:08:54 : EVT SPEEDFUSION : INFO # IDLE mode(-1) set
#1292339 08.07.2026 17:08:54 : EVT UI_FRAMEWORK : UI cache reset
#1292340 08.07.2026 17:08:55 : EVT OHR : No HR update, invalidate by timer
#1292341 08.07.2026 17:08:55 : ERR WBMAIN : 0: app 1110 Wait 0 00000000
#1292342 08.07.2026 17:08:55 : ERR WBMAIN : 1: mea 190 Wait 0 00000000
#1292343 08.07.2026 17:08:55 : ERR WBMAIN : *2: ui 2432 DPC 1 004b17f1
#1292344 08.07.2026 17:08:55 : EVT OHR : MI CpData OK
#1292345 08.07.2026 17:08:55 : EVT BLE : PT 2 items loaded
#1292346 08.07.2026 17:08:55 : EVT WIFI : Pwr up
#1292347 08.07.2026 17:08:55 : EVT ANALYTICS : Battery-> 1 soc:100
#1292348 08.07.2026 17:08:55 : ERR <Unknown> : 1783523335068:Mi invalid call:100,code:0.
#1292349 08.07.2026 17:08:56 : EVT UI_FRAMEWORK : JS Widgets: kept=20 added=0
#1292350 08.07.2026 17:08:56 : EVT BRIGHTNESS : Custom state pwr:[3,-1] bri:[1.00,-1.00]
#1292351 08.07.2026 17:08:56 : EVT APPLICATION : Zapp zwc05901:Load script
#1292352 08.07.2026 17:08:56 : EVT APPLICATION : Zapp zwc05901:Enable
#1292353 08.07.2026 17:08:56 : EVT ANALYTICS : Zapp enabled i:3 h:ddb248f2 n:zwc05901 v:124f
#1292354 08.07.2026 17:08:56 : EVT <Unknown> : 1783523335903:GMV 20251126/1/4/0/395/46
#1292355 08.07.2026 17:08:56 : EVT UI_FRAMEWORK : JS startup ready
#1292356 08.07.2026 17:08:56 : WRN BLE : BLE_CONTROL:1,0,0
#1292357 08.07.2026 17:08:56 : EVT BLE : State DISABLED->OFF
#1292358 08.07.2026 17:08:56 : EVT BLE : State OFF->START
#1292359 08.07.2026 17:08:57 : EVT BLE : APP 3.0.54/01F7/1.2.10
#1292360 08.07.2026 17:08:57 : EVT BLE : State START->ON
#1292361 08.07.2026 17:08:57 : TRC BLE : BLE Link Restore 4D00F000 (L-Ep:00:0)
#1292362 08.07.2026 17:08:57 : WRN BLE : sendConnect 61440
#1292363 08.07.2026 17:08:57 : EVT ANALYTICS : BLE-COMM SHWM 190 (01)
#1292364 08.07.2026 17:08:58 : EVT BRIGHTNESS : Custom state pwr:[-1,-1] bri:[-1.00,-1.00]
#1292365 08.07.2026 17:08:58 : EVT WBSTORAGE : CACHE_DEFRAG (344->624, 24->24, 25)
#1292366 08.07.2026 17:08:58 : WRN WBAPI : eID-691468(277): /Weather/Current/ValidWeatherData.temp 
#1292367 08.07.2026 17:09:01 : EVT WIFI : pwr up
#1292368 08.07.2026 17:09:01 : EVT WIFI : SDK Ver(3.2.8.1)
#1292369 08.07.2026 17:09:02 : EVT WIFI : Cur bootmode:0
#1292370 08.07.2026 17:09:02 : EVT WIFI : Cur MAC addr:0C:8C:DC:B1:E4:BA
#1292371 08.07.2026 17:09:02 : EVT WIFI : Cur cc:CH
#1292372 08.07.2026 17:09:02 : EVT WIFI : FW Ver(v001056)
#1292373 08.07.2026 17:09:07 : EVT OHR : new HR update
#1292374 08.07.2026 17:09:13 : EVT <Unknown> : 1783523353522:Off Skin Set.
#1292375 08.07.2026 17:09:14 : EVT <Unknown> : 1783523354148:On Skin Set.
#1292376 08.07.2026 17:09:15 : EVT <Unknown> : Update pres sampl intrvl:5
#1292377 08.07.2026 17:09:15 : EVT WIFI : Pwr down idle wifi (TO:13se)
#1292378 08.07.2026 17:09:15 : EVT WIFI : pwr down OK
#1292379 08.07.2026 17:09:15 : EVT WBSTORAGE : CACHE_DEFRAG (496->504, 24->24, 25)
#1292380 08.07.2026 17:09:15 : EVT WBSTORAGE : CACHE_DEFRAG (456->920, 24->24, 25)
#1292381 08.07.2026 17:09:15 : EVT WBSTORAGE : CACHE_DEFRAG (896->904, 24->24, 25)
#1292382 08.07.2026 17:09:15 : EVT WBSTORAGE : CACHE_DEFRAG (888->896, 24->24, 25)
#1292383 08.07.2026 17:09:15 : EVT WBSTORAGE : CACHE_DEFRAG (880->888, 24->24, 25)
#1292384 08.07.2026 17:09:15 : EVT WBSTORAGE : CACHE_DEFRAG (872->880, 24->24, 25)
#1292385 08.07.2026 17:09:15 : TRC NAVIGATION : CG: no climb WP
#1292386 08.07.2026 17:09:15 : TRC NAVIGATION : CG:init ZoomType=0
#1292387 08.07.2026 17:09:15 : EVT NAVIGATION : initSeg Idx=0 D=1 T=0 3-0-4
#1292388 08.07.2026 17:09:15 : EVT WBSTORAGE : CACHE_DEFRAG (800->968, 24->24, 25)
#1292389 08.07.2026 17:09:15 : EVT ALTIFUSION : AltiBaroMode:0
#1292390 08.07.2026 17:09:15 : EVT APPLICATION : Zapp zwc05901:Disable
#1292391 08.07.2026 17:09:15 : EVT ANALYTICS : Zapp disabled i:3 h:ddb248f2 n:Vector classic
#1292392 08.07.2026 17:09:16 : EVT ANALYTICS : SleepQ:Tracking:On
#1292393 08.07.2026 17:09:16 : EVT ALTIFUSION : AltiBaroMode:0
#1292394 08.07.2026 17:09:16 : EVT WBSTORAGE : CACHE_DEFRAG (944->952, 24->24, 25)
#1292395 08.07.2026 17:09:16 : EVT UI_FRAMEWORK : JS nsto enable zapp: zzwethen
#1292396 08.07.2026 17:09:16 : EVT UI_FRAMEWORK : JS nsto enable zapp: zzmoveen
#1292397 08.07.2026 17:09:16 : EVT UI_FRAMEWORK : JS nsto enable zapp: climbl01
#1292398 08.07.2026 17:09:16 : EVT APPLICATION : Zapp zzwethen:Load script
#1292399 08.07.2026 17:09:16 : EVT APPLICATION : Zapp zzwethen:Enable
#1292400 08.07.2026 17:09:16 : EVT ANALYTICS : Zapp enabled i:8 h:3f77f8ec n:zzwethen v:ade
#1292401 08.07.2026 17:09:16 : EVT APPLICATION : Zapp clid:32878
#1292402 08.07.2026 17:09:16 : EVT APPLICATION : Zapp zzmoveen:Load script
#1292403 08.07.2026 17:09:16 : EVT APPLICATION : Zapp zzmoveen:Enable
#1292404 08.07.2026 17:09:16 : EVT ANALYTICS : Zapp enabled i:6 h:7aac0887 n:zzmoveen v:8e0
#1292405 08.07.2026 17:09:16 : EVT UI_FRAMEWORK : evalFile: b:/zapp/zzmoveen.fea/ext1.js from ui
#1292406 08.07.2026 17:09:16 : EVT APPLICATION : Zapp clid:32879
#1292407 08.07.2026 17:09:16 : EVT APPLICATION : Zapp climbl01:Load script
#1292408 08.07.2026 17:09:17 : EVT APPLICATION : Zapp climbl01:Enable
#1292409 08.07.2026 17:09:17 : EVT ANALYTICS : Zapp enabled i:5 h:a5e7afa5 n:climbl01 v:3.0
#1292410 08.07.2026 17:09:17 : ERR APPLICATION : localStorage: reading b:/zapp/storage/climbl01/data.jsn 
#1292411 08.07.2026 17:09:17 : ERR APPLICATION : localStorage: reading b:/zapp/storage/climbl01/data.jsn 
#1292412 08.07.2026 17:09:17 : EVT APPLICATION : Zapp clid:32880
#1292413 08.07.2026 17:09:17 : EVT UI_FRAMEWORK : JS nsto all zapps enabled.
#1292414 08.07.2026 17:09:17 : ERR WBMAIN : *0: app 573 Event 37 80995318
#1292415 08.07.2026 17:09:17 : ERR WBMAIN : 1: mea 21 Wait 0 00000000
#1292416 08.07.2026 17:09:17 : ERR WBMAIN : 2: ui 26 Wait 0 00000000
#1292417 08.07.2026 17:09:17 : EVT UI_FRAMEWORK : JS Prestart Activity Id: 16.000
#1292418 08.07.2026 17:09:17 : EVT GOMORE : GoMore Update User Info
#1292419 08.07.2026 17:09:17 : WRN WBAPI : eID-691468(277): /Dive/Alarms/Acknowledge 404
#1292420 08.07.2026 17:09:17 : WRN WBAPI : eID-691468(277): /Dive/DiveGases 404
#1292421 08.07.2026 17:09:17 : WRN WBAPI : eID-691468(277): /Dive/Gauge/Next 404
#1292422 08.07.2026 17:09:17 : EVT WBSTORAGE : CACHE_DEFRAG (904->912, 24->24, 25)
#1292423 08.07.2026 17:09:17 : EVT WBSTORAGE : CACHE_DEFRAG (840->848, 24->24, 25)
#1292424 08.07.2026 17:09:17 : EVT WBSTORAGE : CACHE_DEFRAG (776->784, 24->24, 25)
#1292425 08.07.2026 17:09:17 : EVT BLE : BLE Sensor Link 4800180D Conn (--E-:00:1)
#1292426 08.07.2026 17:09:17 : WRN BLE : sendConnect 6157
#1292427 08.07.2026 17:09:17 : EVT GPS : LocationProviderImpl:sub Best
#1292428 08.07.2026 17:09:17 : TRC GPS : Full GNSS data subd l:15 c:80160010
#1292429 08.07.2026 17:09:17 : WRN WBAPI : eID-691468(277): /Dive/TankPressure/Alarm/Count 404
#1292430 08.07.2026 17:09:18 : EVT SPEEDFUSION : INFO # start speed fusion
#1292431 08.07.2026 17:09:18 : EVT SPEEDFUSION : Act:16,Acc:0,BPod:0,FPod:0,PPod:0,BeltPod:1
#1292432 08.07.2026 17:09:18 : EVT SPEEDFUSION : INFO # Start algo without wrist acc
#1292433 08.07.2026 17:09:18 : EVT <Unknown> : Update pres sampl intrvl:1
#1292434 08.07.2026 17:09:18 : EVT OHR : S:start 0x21a3
#1292435 08.07.2026 17:09:18 : EVT <Unknown> : 1783523358233:Meas start 0x21a3
#1292436 08.07.2026 17:09:19 : EVT GPS : LocationProviderImpl:sub Passive
#1292437 08.07.2026 17:09:19 : TRC GPS : Full GNSS data subd l:0 c:80160010
#1292438 08.07.2026 17:09:19 : WRN WBAPI : eID-691468(277): /Dive/Alarms/Acknowledge 404
#1292439 08.07.2026 17:09:19 : WRN WBAPI : eID-691468(277): /Dive/DiveGases 404
#1292440 08.07.2026 17:09:19 : WRN WBAPI : eID-691468(277): /Dive/Gauge/Next 404
#1292441 08.07.2026 17:09:19 : EVT TRAININGLAB : TLab:~Mode T 18067 + 6 A 4650 + 0
#1292442 08.07.2026 17:09:19 : EVT TRAININGLAB : TLab:Change mode 2->3
#1292443 08.07.2026 17:09:19 : EVT TRAININGLAB : TLab:Mode::userInfo 60, 200, 1, 37, 182, 950, 1990
#1292444 08.07.2026 17:09:19 : EVT LOGGER : Log space:30237055 bytes free
#1292445 08.07.2026 17:09:19 : EVT TRAININGLAB : ModeUnsub:2800
#1292446 08.07.2026 17:09:20 : EVT TRAININGLAB : ModeSub:9004
#1292447 08.07.2026 17:09:20 : EVT TRAININGLAB : TLab:Select input 0
#1292448 08.07.2026 17:09:20 : EVT TRAININGLAB : TLab:Active input 0
#1292449 08.07.2026 17:09:20 : EVT LOGGER : Exercise started
#1292450 08.07.2026 17:09:20 : EVT BLE : HR RR on (28211097)
#1292451 08.07.2026 17:09:20 : ERR WBMAIN : *0: app 546 Event 37 8099031a
#1292452 08.07.2026 17:09:20 : ERR WBMAIN : 1: mea 0 DPC 0 00574f4f
#1292453 08.07.2026 17:09:20 : ERR WBMAIN : 2: ui 6 Wait 0 00000000
#1292454 08.07.2026 17:09:20 : TRC GPS : Full GNSS data subd l:0 c:802b0000
#1292455 08.07.2026 17:09:21 : EVT ANALYTICS : Battery-> 3 soc:100
#1292456 08.07.2026 17:09:21 : EVT ANALYTICS : #FusHr src:0 time:0
#1292457 08.07.2026 17:09:21 : EVT ANALYTICS : #Act id:16
#1292458 08.07.2026 17:09:21 : EVT ANALYTICS : #powersave mode:p temp:30.3
#1292459 08.07.2026 17:09:21 : EVT ANALYTICS : GPSMODE:NOTUSED
#1292460 08.07.2026 17:09:21 : EVT ANALYTICS : #gnss d:2026-07-08T00:00:00Z
#1292461 08.07.2026 17:09:21 : EVT ANALYTICS : #zapp n:Weather e:1
#1292462 08.07.2026 17:09:21 : EVT ANALYTICS : #zapp n:Movement e:1
#1292463 08.07.2026 17:09:21 : EVT ANALYTICS : #zapp n:Climb Log e:1
#1292464 08.07.2026 17:09:24 : WRN WBAPI : eID-691468(277): /Dive/Alarms/Acknowledge 404
#1292465 08.07.2026 17:09:25 : WRN WBAPI : eID-691468(277): /Dive/DiveGases 404
#1292466 08.07.2026 17:09:25 : WRN WBAPI : eID-691468(277): /Dive/Gauge/Next 404
#1292467 08.07.2026 17:09:25 : ERR APPLICATION : localStorage: reading b:/zapp/storage/climbl01/data.jsn 
#1292468 08.07.2026 17:09:25 : EVT LOGGER : LGR 934, 80
#1292469 08.07.2026 17:09:25 : WRN WBAPI : eID-691468(277): /Dive/Alarms/Acknowledge 404
#1292470 08.07.2026 17:09:25 : WRN WBAPI : eID-691468(277): /Dive/DiveGases 404
#1292471 08.07.2026 17:09:25 : WRN WBAPI : eID-691468(277): /Dive/Gauge/Next 404
#1292472 08.07.2026 17:09:26 : EVT LOGGER : LGR 934, 80
#1292473 08.07.2026 17:09:27 : EVT UI_FRAMEWORK : evalFile: b:/zapp/climbl01.fea/ext10.js from ui
#1292474 08.07.2026 17:09:27 : EVT UI_FRAMEWORK : evalFile: b:/zapp/climbl01.fea/ext31.js from ui
#1292475 08.07.2026 17:09:27 : EVT BLE : lt,scan 1
#1292476 08.07.2026 17:09:27 : WRN BLE : sendDisconnect 6157
#1292477 08.07.2026 17:09:27 : ERR BLE : [AURA]No filters left, stopping scan
#1292478 08.07.2026 17:09:27 : ERR BLE : [AURA]Filter with handle 72 not found
#1292479 08.07.2026 17:09:27 : EVT BLE : packet 0 sensor found count 1
#1292480 08.07.2026 17:09:27 : EVT BLE : packet 0 sensor found count 2
#1292481 08.07.2026 17:09:27 : EVT ANALYTICS : #FusHr src:2 time:10161
#1292482 08.07.2026 17:09:27 : EVT TRAININGLAB : Tlab:HR src is 2
#1292483 08.07.2026 17:09:27 : EVT ANALYTICS : #FusHr src:2 time:0
#1292484 08.07.2026 17:09:27 : EVT TRAININGLAB : TLab:Active input 1
#1292485 08.07.2026 17:09:27 : WRN WBAPI : eID-691468(277): /Dive/Alarms/Acknowledge 404
#1292486 08.07.2026 17:09:27 : WRN WBAPI : eID-691468(277): /Dive/DiveGases 404
#1292487 08.07.2026 17:09:27 : WRN WBAPI : eID-691468(277): /Dive/Gauge/Next 404
#1292488 08.07.2026 17:09:28 : WRN WBAPI : eID-691468(277): /Dive/Alarms/Acknowledge 404
#1292489 08.07.2026 17:09:28 : WRN WBAPI : eID-691468(277): /Dive/DiveGases 404
#1292490 08.07.2026 17:09:28 : WRN WBAPI : eID-691468(277): /Dive/Gauge/Next 404
#1292491 08.07.2026 17:09:28 : EVT LOGGER : LGR 934, 80
#1292492 08.07.2026 17:09:28 : EVT ANALYTICS : #ws AID:16 BM:1 NS:1 SP:3 ZN:0 TG:0 BL:0 GPS:0
#1292493 08.07.2026 17:09:28 : EVT ANALYTICS : #2ws AID:16 WHR:1 INT:0 AL:0 AP:0 FE:1 MC:1 TH:0
#1292494 08.07.2026 17:09:30 : EVT LOGGER : Exercise paused
#1292495 08.07.2026 17:09:30 : WRN WBAPI : eID-691468(277): /Dive/Alarms/Acknowledge 404
#1292496 08.07.2026 17:09:30 : WRN WBAPI : eID-691468(277): /Dive/DiveGases 404
#1292497 08.07.2026 17:09:30 : WRN WBAPI : eID-691468(277): /Dive/Gauge/Next 404
#1292498 08.07.2026 17:09:32 : EVT APPLICATION : Zapp climbl01:Disable
#1292499 08.07.2026 17:09:32 : EVT UI_FRAMEWORK : evalFile: b:/zapp/climbl01.fea/ext11.js from ui
#1292500 08.07.2026 17:09:32 : ERR APPLICATION : localStorage: reading b:/zapp/storage/climbl01/data.jsn 
#1292501 08.07.2026 17:09:32 : ERR APPLICATION : localStorage: reading b:/zapp/storage/climbl01/data.jsn 
#1292502 08.07.2026 17:09:32 : ERR APPLICATION : localStorage: reading b:/zapp/storage/climbl01/data.jsn 
#1292503 08.07.2026 17:09:32 : ERR APPLICATION : localStorage: reading b:/zapp/storage/climbl01/data.jsn 
#1292504 08.07.2026 17:09:32 : EVT ANALYTICS : Zapp disabled i:5 h:a5e7afa5 n:Climb Log
#1292505 08.07.2026 17:09:32 : EVT APPLICATION : Zapp zzmoveen:Disable
#1292506 08.07.2026 17:09:32 : EVT ANALYTICS : Zapp disabled i:6 h:7aac0887 n:Movement
#1292507 08.07.2026 17:09:32 : EVT UI_FRAMEWORK : evalFile: b:/zapp/zzmoveen.fea/ext2.js from ui
#1292508 08.07.2026 17:09:32 : EVT APPLICATION : Zapp zzwethen:Disable
#1292509 08.07.2026 17:09:32 : EVT ANALYTICS : Zapp disabled i:8 h:3f77f8ec n:Weather
#1292510 08.07.2026 17:09:32 : EVT UI_FRAMEWORK : JS discard disable zapps
#1292511 08.07.2026 17:09:32 : EVT UI_FRAMEWORK : JS will discard
#1292512 08.07.2026 17:09:32 : EVT SPEEDFUSION : INFO # stop speed fusion
#1292513 08.07.2026 17:09:32 : EVT <Unknown> : Update pres sampl intrvl:5
#1292514 08.07.2026 17:09:32 : WRN APPLICATION : discard hrr meas l:3 d:0 sh:78 mh:78 v:0
#1292515 08.07.2026 17:09:32 : WRN WBAPI : eID-698eec(583/65535): 404
#1292516 08.07.2026 17:09:32 : EVT GPS : LocationProviderImpl:sub Best
#1292517 08.07.2026 17:09:32 : TRC GPS : Full GNSS data subd l:15 c:80160010
#1292518 08.07.2026 17:09:32 : EVT TRAININGZONE : User Define Mode:5
#1292519 08.07.2026 17:09:32 : EVT TRAININGZONE : Tss HR:0.10
#1292520 08.07.2026 17:09:32 : EVT TRAININGZONE : A:16,Tss:[-200.00,-200.00,-200.00,0.10]
#1292521 08.07.2026 17:09:32 : EVT TRAININGLAB : AppFeature Vo2Max 0.000000
#1292522 08.07.2026 17:09:32 : EVT TRAININGLAB : TLab:~Mode T 18073 + 2 A 4650 + 0
#1292523 08.07.2026 17:09:32 : EVT TRAININGLAB : TLab:Change mode 3->2
#1292524 08.07.2026 17:09:32 : EVT TRAININGLAB : TLab:Mode::userInfo 60, 200, 1, 37, 182, 950, 1990
#1292525 08.07.2026 17:09:32 : EVT LOGGER : LGR 934, 80
#1292526 08.07.2026 17:09:32 : EVT TRAININGLAB : ModeUnsub:9145
#1292527 08.07.2026 17:09:32 : EVT OHR : S:start 0x2123
#1292528 08.07.2026 17:09:32 : EVT TRAININGLAB : ModeSub:0400
#1292529 08.07.2026 17:09:32 : EVT ANALYTICS : WAOae:Activity WAOae:16
#1292530 08.07.2026 17:09:32 : EVT ANALYTICS : WAOae:TotalAcc WAOae:0,0,0
#1292531 08.07.2026 17:09:32 : EVT ANALYTICS : WAOae:AccCount WAOae:0,0,0
#1292532 08.07.2026 17:09:32 : EVT ANALYTICS : WAOae:Distance WAOae:0,0,0
#1292533 08.07.2026 17:09:32 : EVT ANALYTICS : WAOae:Duration WAOae:0,0,0
#1292534 08.07.2026 17:09:32 : EVT ANALYTICS : WAOae:Coeff WAOae:0,40,240,390,773,7524,7624
#1292535 08.07.2026 17:09:32 : EVT LOGGER : Exercise stopped
#1292536 08.07.2026 17:09:32 : EVT BLE : HR RR off (28223670, 12573 ms missing)
#1292537 08.07.2026 17:09:32 : EVT BLE : HR RR done
#1292538 08.07.2026 17:09:32 : EVT LOGGER : HrIbiLogger stop, off (0 ms)
#1292539 08.07.2026 17:09:32 : EVT LOGGER : HrIbiLogger stopped (0 ms)
#1292540 08.07.2026 17:09:32 : TRC GPS : Unsubd c:802b0000
#1292541 08.07.2026 17:09:32 : EVT LOGGER : LGR 934, 80
#1292542 08.07.2026 17:09:32 : EVT LOGGER : LGR 934, 80
#1292543 08.07.2026 17:09:32 : EVT ANALYTICS : SleepQ:Tracking:On
#1292544 08.07.2026 17:09:32 : EVT LOGGER : Wr dpc on
#1292545 08.07.2026 17:09:32 : EVT LOGGER : LGR 20993, 56
#1292546 08.07.2026 17:09:33 : EVT <Unknown> : 1783523372580:Meas start 0x2123
#1292547 08.07.2026 17:09:33 : EVT BLE : Disconn sensor:1
#1292548 08.07.2026 17:09:33 : EVT BLE : BLE Sensor Link 4800180D Disc (L-E-:00:0)
#1292549 08.07.2026 17:09:33 : WRN BLE : sendDisconnect 6157
#1292550 08.07.2026 17:09:33 : ERR BLE : [AURA]No filters left, stopping scan
#1292551 08.07.2026 17:09:33 : EVT UI_FRAMEWORK : JS feeling vs idle 1
#1292552 08.07.2026 17:09:33 : EVT UI_FRAMEWORK : JS feeling open ex-saving
#1292553 08.07.2026 17:09:34 : TRC NAVIGATION : CG: no climb WP
#1292554 08.07.2026 17:09:34 : TRC NAVIGATION : CG:init ZoomType=0
#1292555 08.07.2026 17:09:34 : EVT NAVIGATION : initSeg Idx=0 D=1 T=0 3-0-4
#1292556 08.07.2026 17:09:34 : EVT WBSTORAGE : CACHE_DEFRAG (704->1048, 24->24, 25)
#1292557 08.07.2026 17:09:34 : EVT SPEEDFUSION : INFO # IDLE mode(-1) set
#1292558 08.07.2026 17:09:34 : EVT ALTIFUSION : AltiBaroMode:2
#1292559 08.07.2026 17:09:34 : ERR WBMAIN : *0: app 815 Event 37 8099031c
#1292560 08.07.2026 17:09:34 : ERR WBMAIN : 1: mea 0 Wait 0 00000000
#1292561 08.07.2026 17:09:34 : ERR WBMAIN : 2: ui 0 Wait 0 00000000
#1292562 08.07.2026 17:09:34 : EVT GPS : LocationProviderImpl:sub Passive
#1292563 08.07.2026 17:09:34 : TRC GPS : Full GNSS data subd l:0 c:80160010
#1292564 08.07.2026 17:09:34 : WRN LOGGER : Delete b:logs/6A338C62
#1292565 08.07.2026 17:09:34 : EVT ANALYTICS : #powersave mode:p temp:30.3
#1292566 08.07.2026 17:09:34 : EVT ANALYTICS : Battery-> 4 soc:100
#1292567 08.07.2026 17:09:35 : EVT <Unknown> : 1783523374473:Off Skin Set.
#1292568 08.07.2026 17:09:35 : EVT <Unknown> : 1783523375100:On Skin Set.
#1292569 08.07.2026 17:09:37 : EVT ANALYTICS : Duration ExSaving:4102
#1292570 08.07.2026 17:09:38 : EVT ANALYTICS : Duration ExSumBroker:374
#1292571 08.07.2026 17:09:42 : EVT <Unknown> : 1783523381390:Off Skin Set.
#1292572 08.07.2026 17:09:42 : EVT <Unknown> : 1783523381767:On Skin Set.
#1292573 08.07.2026 17:09:46 : EVT UI_FRAMEWORK : JS delete log
#1292574 08.07.2026 17:09:46 : WRN LOGGER : Delete b:logs/6A4E681F
#1292575 08.07.2026 17:09:47 : EVT <Unknown> : 1783523386959:Off Skin Set.
#1292576 08.07.2026 17:09:48 : EVT <Unknown> : 1783523387336:On Skin Set.
#1292577 08.07.2026 17:09:48 : EVT WBSTORAGE : CACHE_DEFRAG (1024->1032, 24->24, 25)
#1292578 08.07.2026 17:09:48 : EVT APPLICATION : Zapp zwc05901:Load script
#1292579 08.07.2026 17:09:48 : EVT APPLICATION : Zapp zwc05901:Enable
#1292580 08.07.2026 17:09:48 : EVT ANALYTICS : Zapp enabled i:3 h:ddb248f2 n:zwc05901 v:124f
#1292581 08.07.2026 17:09:48 : WRN WBAPI : eID-691468(277): /Weather/Current/ValidWeatherData.temp 
#1292582 08.07.2026 17:10:52 : EVT ACCELEROMETER : Gyro bias:-0.243600 -0.038500 -0.123200
#1292583 08.07.2026 17:11:48 : WRN <Unknown> : 1783523507364:Device stationary, stopping optical meas
#1292584 08.07.2026 17:11:48 : EVT <Unknown> : 1783523507364:SCD DET STATE OFF cnt:0/0.
#1292585 08.07.2026 17:11:52 : EVT OHR : No HR update, invalidate by timer
#1292586 08.07.2026 17:11:59 : EVT <Unknown> : 1783523518373:On Skin Set.
#1292587 08.07.2026 17:11:59 : EVT <Unknown> : 1783523518764:Off Skin Set.
#1292588 08.07.2026 17:11:59 : EVT PMIC : VBUS state is ON
#1292589 08.07.2026 17:11:59 : EVT PMIC : chgCntl1:0x70
#1292590 08.07.2026 17:11:59 : EVT PMIC : check chgCntl1:0x74
#1292591 08.07.2026 17:11:59 : EVT PMIC : Turn charge ON since VBUS->ON
#1292592 08.07.2026 17:11:59 : EVT PMIC : PMIC temp zone:0x2
#1292593 08.07.2026 17:11:59 : EVT PMIC : PMIC Fast-charge constant cur
#1292594 08.07.2026 17:11:59 : EVT OHR : VBUS on
#1292595 08.07.2026 17:11:59 : EVT OHR : S:stop 23
#1292596 08.07.2026 17:11:59 : EVT <Unknown> : 1783523519608:Meas stop 0x2123
#1292597 08.07.2026 17:11:59 : WRN <Unknown> : 1783523519609:FSM EVT STOP.
#1292598 08.07.2026 17:11:59 : EVT OHR : S:OFF 1->0
#1292599 08.07.2026 17:11:59 : EVT PMIC : VBUS state is ON
#1292600 08.07.2026 17:12:00 : EVT SEDENTARY : stop monitoring
#1292601 08.07.2026 17:12:00 : EVT PMIC : PMIC temp zone:0x7
#1292602 08.07.2026 17:12:00 : EVT PMIC : VBUS state is OFF
#1292603 08.07.2026 17:12:00 : EVT PMIC : Turn charge OFF since VBUS->OFF
#1292604 08.07.2026 17:12:00 : EVT OHR : VBUS off
#1292605 08.07.2026 17:12:00 : EVT OHR : S:ON 0->1
#1292606 08.07.2026 17:12:01 : EVT OHR : APPINIT:caps 0x1f4, 6b738616
#1292607 08.07.2026 17:12:01 : EVT <Unknown> : 1783523521143:AI@1783523521120, tz120
#1292608 08.07.2026 17:12:01 : EVT OHR : S:start 0x2123
#1292609 08.07.2026 17:12:01 : EVT <Unknown> : 1783523521148:Meas start 0x2123
#1292610 08.07.2026 17:12:01 : EVT <Unknown> : 1783523521162:PD1464, 0
#1292611 08.07.2026 17:12:01 : EVT <Unknown> : 1783523521225:GMV 20251126/1/4/0/395/46
#1292612 08.07.2026 17:12:01 : EVT <Unknown> : 1783523521479:Mi1.6.10, auth 0, hr_mode 0
#1292613 08.07.2026 17:12:01 : EVT PMIC : PMIC temp zone:0x2
#1292614 08.07.2026 17:12:01 : EVT PMIC : VBUS state is ON
#1292615 08.07.2026 17:12:01 : EVT PMIC : chgCntl1:0x70
#1292616 08.07.2026 17:12:01 : EVT PMIC : check chgCntl1:0x74
#1292617 08.07.2026 17:12:01 : EVT PMIC : Turn charge ON since VBUS->ON
#1292618 08.07.2026 17:12:01 : EVT PMIC : PMIC Fast-charge constant cur
#1292619 08.07.2026 17:12:01 : EVT OHR : VBUS on
#1292620 08.07.2026 17:12:01 : EVT OHR : S:stop 23
#1292621 08.07.2026 17:12:01 : EVT <Unknown> : 1783523521715:Meas stop 0x2123
#1292622 08.07.2026 17:12:01 : EVT PMIC : VBUS state is ON
#1292623 08.07.2026 17:12:01 : WRN <Unknown> : 1783523521716:FSM EVT STOP.
#1292624 08.07.2026 17:12:01 : EVT OHR : S:OFF 1->0
#1292625 08.07.2026 17:12:02 : EVT PMIC : PMIC Maintain charge
#1292626 08.07.2026 17:12:03 : TRC FUEL_GAUGE : Chg->1,B:5,C:7.6,V:4429,U:1,bF:100%,bC:100%
#1292627 08.07.2026 17:12:03 : EVT PMIC : PMIC Fast-charge constant cur
#1292628 08.07.2026 17:12:03 : EVT ANALYTICS : Battery-> 2 soc:100
#1292629 08.07.2026 17:12:05 : EVT PMIC : PMIC Maintain charge
#1292630 08.07.2026 17:12:14 : EVT WBCOMM : P-9 connection made to ECSD00000000
#1292631 08.07.2026 17:12:14 : EVT WBCOMM : New Route: ECSD00000000
#1292632 08.07.2026 17:12:15 : EVT PMIC : PMIC Precharge
#1292633 08.07.2026 17:12:15 : EVT PMIC : PMIC Fast-charge constant cur
#1292634 08.07.2026 17:12:15 : EVT PMIC : PMIC Fast-charge constant cur
#1292635 08.07.2026 17:12:15 : EVT PMIC : PMIC Fast-charge constant cur
#1292636 08.07.2026 17:12:15 : EVT PMIC : PMIC Fast-charge constant cur
#1292637 08.07.2026 17:12:15 : EVT PMIC : PMIC Fast-charge constant cur
#1292638 08.07.2026 17:12:15 : EVT PMIC : PMIC Fast-charge constant cur
#1292639 08.07.2026 17:12:15 : EVT PMIC : PMIC Fast-charge constant cur
#1292640 08.07.2026 17:12:15 : EVT PMIC : PMIC Fast-charge constant cur
#1292641 08.07.2026 17:12:16 : EVT WBSTORAGE : CACHE_DEFRAG (904->912, 24->24, 25)
#1292642 08.07.2026 17:12:16 : EVT WBSTORAGE : CACHE_DEFRAG (880->888, 24->24, 25)
#1292643 08.07.2026 17:12:16 : EVT WBSTORAGE : CACHE_DEFRAG (840->848, 24->24, 25)
#1292644 08.07.2026 17:12:16 : EVT <Unknown> : DL Region List
#1292645 08.07.2026 17:12:16 : EVT PMIC : PMIC Fast-charge constant cur
#1292646 08.07.2026 17:12:16 : EVT PMIC : PMIC Fast-charge constant cur
#1292647 08.07.2026 17:12:16 : EVT WIFI : Pwr up
#1292648 08.07.2026 17:12:17 : EVT PMIC : PMIC Fast-charge constant cur
#1292649 08.07.2026 17:12:17 : EVT PMIC : PMIC Precharge
#1292650 08.07.2026 17:12:17 : EVT PMIC : PMIC Fast-charge constant cur
#1292651 08.07.2026 17:12:17 : EVT PMIC : PMIC Fast-charge constant cur
#1292652 08.07.2026 17:12:17 : EVT PMIC : PMIC Fast-charge constant cur
#1292653 08.07.2026 17:12:17 : EVT PMIC : PMIC Fast-charge constant cur
#1292654 08.07.2026 17:12:17 : EVT PMIC : PMIC Fast-charge constant cur
#1292655 08.07.2026 17:12:17 : EVT PMIC : PMIC Fast-charge constant cur
#1292656 08.07.2026 17:12:17 : EVT PMIC : PMIC Fast-charge constant cur
#1292657 08.07.2026 17:12:17 : EVT PMIC : PMIC Fast-charge constant cur
#1292658 08.07.2026 17:12:17 : EVT PMIC : PMIC Precharge
#1292659 08.07.2026 17:12:17 : EVT PMIC : PMIC Fast-charge constant cur
#1292660 08.07.2026 17:12:17 : EVT PMIC : PMIC Fast-charge constant cur
#1292661 08.07.2026 17:12:17 : EVT PMIC : PMIC Fast-charge constant cur
#1292662 08.07.2026 17:12:17 : EVT PMIC : PMIC Fast-charge constant cur
#1292663 08.07.2026 17:12:17 : EVT PMIC : PMIC Fast-charge constant cur
#1292664 08.07.2026 17:12:17 : EVT PMIC : PMIC Fast-charge constant cur
#1292665 08.07.2026 17:12:17 : EVT PMIC : PMIC Fast-charge constant cur
#1292666 08.07.2026 17:12:17 : EVT PMIC : PMIC Fast-charge constant cur
#1292667 08.07.2026 17:12:17 : EVT PMIC : PMIC Fast-charge constant cur
#1292668 08.07.2026 17:12:17 : EVT PMIC : PMIC Fast-charge constant cur
#1292669 08.07.2026 17:12:17 : EVT PMIC : PMIC Fast-charge constant cur
#1292670 08.07.2026 17:12:17 : EVT PMIC : PMIC Fast-charge constant cur
#1292671 08.07.2026 17:12:17 : EVT PMIC : PMIC Fast-charge constant cur
#1292672 08.07.2026 17:12:17 : EVT PMIC : PMIC Fast-charge constant cur
#1292673 08.07.2026 17:12:17 : EVT PMIC : PMIC Fast-charge constant cur
#1292674 08.07.2026 17:12:17 : EVT PMIC : PMIC Fast-charge constant cur
#1292675 08.07.2026 17:12:17 : EVT PMIC : PMIC Fast-charge constant cur
#1292676 08.07.2026 17:12:17 : EVT PMIC : PMIC Precharge
#1292677 08.07.2026 17:12:17 : EVT PMIC : PMIC Fast-charge constant cur
#1292678 08.07.2026 17:12:17 : EVT PMIC : PMIC Fast-charge constant cur
#1292679 08.07.2026 17:12:17 : EVT PMIC : PMIC Fast-charge constant cur
#1292680 08.07.2026 17:12:17 : EVT PMIC : PMIC Fast-charge constant cur
#1292681 08.07.2026 17:12:17 : EVT PMIC : PMIC Fast-charge constant cur
#1292682 08.07.2026 17:12:17 : EVT PMIC : PMIC Fast-charge constant cur
#1292683 08.07.2026 17:12:17 : EVT PMIC : PMIC Precharge
#1292684 08.07.2026 17:12:17 : EVT PMIC : PMIC Fast-charge constant cur
#1292685 08.07.2026 17:12:17 : EVT PMIC : PMIC Fast-charge constant cur
#1292686 08.07.2026 17:12:17 : EVT PMIC : PMIC Fast-charge constant cur
#1292687 08.07.2026 17:12:17 : EVT PMIC : PMIC Fast-charge constant cur
#1292688 08.07.2026 17:12:17 : EVT PMIC : PMIC Fast-charge constant cur
#1292689 08.07.2026 17:12:17 : EVT PMIC : PMIC Fast-charge constant cur
#1292690 08.07.2026 17:12:17 : EVT PMIC : PMIC Fast-charge constant cur
#1292691 08.07.2026 17:12:17 : EVT PMIC : PMIC Fast-charge constant cur
#1292692 08.07.2026 17:12:18 : EVT PMIC : PMIC Precharge
#1292693 08.07.2026 17:12:18 : EVT PMIC : PMIC Fast-charge constant cur
#1292694 08.07.2026 17:12:18 : EVT PMIC : PMIC Precharge
#1292695 08.07.2026 17:12:18 : EVT PMIC : PMIC Fast-charge constant cur
#1292696 08.07.2026 17:12:18 : EVT PMIC : PMIC Fast-charge constant cur
#1292697 08.07.2026 17:12:18 : EVT PMIC : PMIC Fast-charge constant cur
#1292698 08.07.2026 17:12:18 : EVT PMIC : PMIC Fast-charge constant cur
#1292699 08.07.2026 17:12:18 : EVT PMIC : PMIC Fast-charge constant cur
#1292700 08.07.2026 17:12:18 : EVT PMIC : PMIC Fast-charge constant cur
#1292701 08.07.2026 17:12:18 : ERR WBMAIN : *0: app 704 Event 36 80005310
#1292702 08.07.2026 17:12:18 : ERR WBMAIN : 1: mea 16 Wait 0 00000000
#1292703 08.07.2026 17:12:18 : ERR WBMAIN : 2: ui 129 Wait 0 00000000
#1292704 08.07.2026 17:12:18 : EVT PMIC : PMIC Fast-charge constant cur
#1292705 08.07.2026 17:12:18 : EVT PMIC : PMIC Fast-charge constant cur
#1292706 08.07.2026 17:12:18 : EVT PMIC : PMIC Fast-charge constant cur
#1292707 08.07.2026 17:12:18 : EVT PMIC : PMIC Fast-charge constant cur
#1292708 08.07.2026 17:12:18 : EVT PMIC : PMIC Maintain charge
#1292709 08.07.2026 17:12:18 : EVT PMIC : PMIC Precharge
#1292710 08.07.2026 17:12:18 : EVT PMIC : PMIC Fast-charge constant cur
#1292711 08.07.2026 17:12:18 : EVT PMIC : PMIC Fast-charge constant cur
#1292712 08.07.2026 17:12:18 : EVT PMIC : PMIC Fast-charge constant cur
#1292713 08.07.2026 17:12:18 : EVT PMIC : PMIC Fast-charge constant cur
#1292714 08.07.2026 17:12:18 : EVT PMIC : PMIC Fast-charge constant cur
#1292715 08.07.2026 17:12:18 : EVT PMIC : PMIC Fast-charge constant cur
#1292716 08.07.2026 17:12:18 : EVT PMIC : PMIC Fast-charge constant cur
#1292717 08.07.2026 17:12:18 : EVT PMIC : PMIC Fast-charge constant cur
#1292718 08.07.2026 17:12:18 : EVT PMIC : PMIC Fast-charge constant cur
#1292719 08.07.2026 17:12:18 : EVT PMIC : PMIC Fast-charge constant cur
#1292720 08.07.2026 17:12:18 : EVT PMIC : PMIC Fast-charge constant cur
#1292721 08.07.2026 17:12:18 : EVT PMIC : PMIC Fast-charge constant cur
#1292722 08.07.2026 17:12:18 : EVT PMIC : PMIC Fast-charge constant cur
#1292723 08.07.2026 17:12:18 : EVT PMIC : PMIC Precharge
#1292724 08.07.2026 17:12:18 : EVT PMIC : PMIC Fast-charge constant cur
#1292725 08.07.2026 17:12:18 : EVT PMIC : PMIC Precharge
#1292726 08.07.2026 17:12:18 : EVT PMIC : PMIC Fast-charge constant cur
#1292727 08.07.2026 17:12:18 : EVT PMIC : PMIC Precharge
#1292728 08.07.2026 17:12:18 : EVT PMIC : PMIC Fast-charge constant cur
#1292729 08.07.2026 17:12:18 : EVT PMIC : PMIC Fast-charge constant cur
#1292730 08.07.2026 17:12:18 : EVT PMIC : PMIC Fast-charge constant cur
#1292731 08.07.2026 17:12:18 : EVT PMIC : PMIC Fast-charge constant cur
#1292732 08.07.2026 17:12:18 : EVT PMIC : PMIC Fast-charge constant cur
#1292733 08.07.2026 17:12:18 : EVT PMIC : PMIC Fast-charge constant cur
#1292734 08.07.2026 17:12:18 : EVT PMIC : PMIC Precharge
#1292735 08.07.2026 17:12:18 : EVT PMIC : PMIC Fast-charge constant cur
#1292736 08.07.2026 17:12:18 : EVT PMIC : PMIC Precharge
#1292737 08.07.2026 17:12:18 : EVT PMIC : PMIC Fast-charge constant cur
#1292738 08.07.2026 17:12:18 : EVT PMIC : PMIC Fast-charge constant cur
#1292739 08.07.2026 17:12:18 : EVT PMIC : PMIC Fast-charge constant cur
#1292740 08.07.2026 17:12:18 : EVT PMIC : PMIC Fast-charge constant cur
#1292741 08.07.2026 17:12:18 : EVT PMIC : PMIC Precharge
#1292742 08.07.2026 17:12:18 : EVT PMIC : PMIC Fast-charge constant cur
#1292743 08.07.2026 17:12:18 : EVT PMIC : PMIC Fast-charge constant cur
#1292744 08.07.2026 17:12:18 : EVT PMIC : PMIC Fast-charge constant cur
#1292745 08.07.2026 17:12:18 : EVT PMIC : PMIC Fast-charge constant cur
#1292746 08.07.2026 17:12:18 : EVT PMIC : PMIC Fast-charge constant cur
#1292747 08.07.2026 17:12:18 : EVT PMIC : PMIC Fast-charge constant cur
#1292748 08.07.2026 17:12:18 : EVT PMIC : PMIC Fast-charge constant cur
#1292749 08.07.2026 17:12:18 : EVT PMIC : PMIC Precharge
#1292750 08.07.2026 17:12:18 : EVT PMIC : PMIC Fast-charge constant cur
#1292751 08.07.2026 17:12:18 : EVT PMIC : PMIC Precharge
#1292752 08.07.2026 17:12:18 : EVT PMIC : PMIC Fast-charge constant cur
#1292753 08.07.2026 17:12:18 : EVT PMIC : PMIC Fast-charge constant cur
#1292754 08.07.2026 17:12:18 : EVT PMIC : PMIC Fast-charge constant cur
#1292755 08.07.2026 17:12:18 : EVT PMIC : PMIC Fast-charge constant cur
#1292756 08.07.2026 17:12:18 : EVT PMIC : PMIC Fast-charge constant cur
#1292757 08.07.2026 17:12:18 : EVT PMIC : PMIC Fast-charge constant cur
#1292758 08.07.2026 17:12:18 : EVT PMIC : PMIC Fast-charge constant cur
#1292759 08.07.2026 17:12:18 : EVT PMIC : PMIC Precharge
#1292760 08.07.2026 17:12:18 : EVT PMIC : PMIC Fast-charge constant cur
#1292761 08.07.2026 17:12:18 : EVT PMIC : PMIC Fast-charge constant cur
#1292762 08.07.2026 17:12:18 : EVT PMIC : PMIC Fast-charge constant cur
#1292763 08.07.2026 17:12:18 : EVT PMIC : PMIC Fast-charge constant cur
#1292764 08.07.2026 17:12:18 : EVT PMIC : PMIC Precharge
#1292765 08.07.2026 17:12:18 : EVT PMIC : PMIC Fast-charge constant cur
#1292766 08.07.2026 17:12:18 : EVT PMIC : PMIC Fast-charge constant cur
#1292767 08.07.2026 17:12:18 : EVT PMIC : PMIC Fast-charge constant cur
#1292768 08.07.2026 17:12:18 : EVT ANALYTICS : Sync start
#1292769 08.07.2026 17:12:18 : EVT PMIC : PMIC Fast-charge constant cur
#1292770 08.07.2026 17:12:18 : EVT PMIC : PMIC Precharge
#1292771 08.07.2026 17:12:18 : EVT PMIC : PMIC Fast-charge constant cur
#1292772 08.07.2026 17:12:18 : EVT PMIC : PMIC Fast-charge constant cur
#1292773 08.07.2026 17:12:18 : EVT PMIC : PMIC Fast-charge constant cur
#1292774 08.07.2026 17:12:18 : EVT PMIC : PMIC Fast-charge constant cur
#1292775 08.07.2026 17:12:18 : EVT PMIC : PMIC Fast-charge constant cur
#1292776 08.07.2026 17:12:18 : EVT PMIC : PMIC Precharge
#1292777 08.07.2026 17:12:18 : EVT PMIC : PMIC Fast-charge constant cur
#1292778 08.07.2026 17:12:18 : EVT PMIC : PMIC Precharge
#1292779 08.07.2026 17:12:18 : EVT PMIC : PMIC Fast-charge constant cur
#1292780 08.07.2026 17:12:18 : EVT PMIC : PMIC Fast-charge constant cur
#1292781 08.07.2026 17:12:18 : EVT PMIC : PMIC Precharge
#1292782 08.07.2026 17:12:18 : EVT PMIC : PMIC Fast-charge constant cur
#1292783 08.07.2026 17:12:18 : EVT PMIC : PMIC Fast-charge constant cur
#1292784 08.07.2026 17:12:18 : EVT PMIC : PMIC Fast-charge constant cur
#1292785 08.07.2026 17:12:18 : EVT PMIC : PMIC Fast-charge constant cur
#1292786 08.07.2026 17:12:19 : EVT PMIC : PMIC Precharge
#1292787 08.07.2026 17:12:19 : EVT PMIC : PMIC Fast-charge constant cur
#1292788 08.07.2026 17:12:19 : EVT PMIC : PMIC Fast-charge constant cur
#1292789 08.07.2026 17:12:19 : EVT PMIC : PMIC Precharge
#1292790 08.07.2026 17:12:19 : EVT PMIC : PMIC Fast-charge constant cur
#1292791 08.07.2026 17:12:19 : EVT PMIC : PMIC Fast-charge constant cur
#1292792 08.07.2026 17:12:19 : EVT PMIC : PMIC Fast-charge constant cur
#1292793 08.07.2026 17:12:19 : EVT PMIC : PMIC Fast-charge constant cur
#1292794 08.07.2026 17:12:19 : EVT PMIC : PMIC Fast-charge constant cur
#1292795 08.07.2026 17:12:19 : EVT PMIC : PMIC Fast-charge constant cur
#1292796 08.07.2026 17:12:19 : EVT PMIC : PMIC Fast-charge constant cur
#1292797 08.07.2026 17:12:19 : EVT PMIC : PMIC Fast-charge constant cur
#1292798 08.07.2026 17:12:19 : EVT PMIC : PMIC Fast-charge constant cur
#1292799 08.07.2026 17:12:19 : EVT PMIC : PMIC Fast-charge constant cur
#1292800 08.07.2026 17:12:19 : EVT PMIC : PMIC Fast-charge constant cur
#1292801 08.07.2026 17:12:19 : EVT PMIC : PMIC Fast-charge constant cur
#1292802 08.07.2026 17:12:19 : EVT PMIC : PMIC Fast-charge constant cur
#1292803 08.07.2026 17:12:19 : EVT PMIC : PMIC Fast-charge constant cur
#1292804 08.07.2026 17:12:19 : EVT PMIC : PMIC Fast-charge constant cur
#1292805 08.07.2026 17:12:19 : EVT PMIC : PMIC Fast-charge constant cur
#1292806 08.07.2026 17:12:19 : EVT PMIC : PMIC Fast-charge constant cur
#1292807 08.07.2026 17:12:19 : EVT ANALYTICS : Sync start
#1292808 08.07.2026 17:12:19 : EVT PMIC : PMIC Fast-charge constant cur
#1292809 08.07.2026 17:12:19 : EVT PMIC : PMIC Fast-charge constant cur
#1292810 08.07.2026 17:12:19 : EVT PMIC : PMIC Fast-charge constant cur
#1292811 08.07.2026 17:12:19 : EVT PMIC : PMIC Fast-charge constant cur
#1292812 08.07.2026 17:12:19 : EVT PMIC : PMIC Fast-charge constant cur
#1292813 08.07.2026 17:12:19 : EVT PMIC : PMIC Fast-charge constant cur
#1292814 08.07.2026 17:12:19 : EVT PMIC : PMIC Precharge
#1292815 08.07.2026 17:12:19 : EVT PMIC : PMIC Fast-charge constant cur
#1292816 08.07.2026 17:12:19 : EVT PMIC : PMIC Fast-charge constant cur
#1292817 08.07.2026 17:12:19 : EVT PMIC : PMIC Fast-charge constant cur
#1292818 08.07.2026 17:12:19 : EVT PMIC : PMIC Fast-charge constant cur
#1292819 08.07.2026 17:12:19 : EVT PMIC : PMIC Fast-charge constant cur
#1292820 08.07.2026 17:12:19 : EVT PMIC : PMIC Precharge
#1292821 08.07.2026 17:12:19 : EVT PMIC : PMIC Fast-charge constant cur
#1292822 08.07.2026 17:12:19 : EVT PMIC : PMIC Fast-charge constant cur
#1292823 08.07.2026 17:12:19 : EVT PMIC : PMIC Fast-charge constant cur
#1292824 08.07.2026 17:12:19 : EVT PMIC : PMIC Fast-charge constant cur
#1292825 08.07.2026 17:12:19 : EVT PMIC : PMIC Fast-charge constant cur
#1292826 08.07.2026 17:12:19 : EVT PMIC : PMIC Fast-charge constant cur
#1292827 08.07.2026 17:12:19 : EVT PMIC : PMIC Fast-charge constant cur
#1292828 08.07.2026 17:12:19 : EVT PMIC : PMIC Fast-charge constant cur
#1292829 08.07.2026 17:12:19 : EVT PMIC : PMIC Fast-charge constant cur
#1292830 08.07.2026 17:12:19 : EVT PMIC : PMIC Fast-charge constant cur
#1292831 08.07.2026 17:12:19 : EVT PMIC : PMIC Fast-charge constant cur
#1292832 08.07.2026 17:12:19 : EVT PMIC : PMIC Precharge
#1292833 08.07.2026 17:12:19 : EVT PMIC : PMIC Fast-charge constant cur
#1292834 08.07.2026 17:12:19 : EVT PMIC : PMIC Precharge
#1292835 08.07.2026 17:12:19 : EVT PMIC : PMIC Fast-charge constant cur
#1292836 08.07.2026 17:12:19 : EVT PMIC : PMIC Precharge
#1292837 08.07.2026 17:12:19 : EVT PMIC : PMIC Fast-charge constant cur
#1292838 08.07.2026 17:12:19 : EVT PMIC : PMIC Fast-charge constant cur
#1292839 08.07.2026 17:12:19 : EVT PMIC : PMIC Fast-charge constant cur
#1292840 08.07.2026 17:12:19 : EVT PMIC : PMIC Fast-charge constant cur
#1292841 08.07.2026 17:12:19 : EVT PMIC : PMIC Precharge
#1292842 08.07.2026 17:12:19 : EVT PMIC : PMIC Fast-charge constant cur
#1292843 08.07.2026 17:12:19 : EVT PMIC : PMIC Fast-charge constant cur
#1292844 08.07.2026 17:12:19 : EVT PMIC : PMIC Fast-charge constant cur
#1292845 08.07.2026 17:12:19 : EVT PMIC : PMIC Precharge
#1292846 08.07.2026 17:12:19 : EVT PMIC : PMIC Fast-charge constant cur
#1292847 08.07.2026 17:12:20 : EVT PMIC : PMIC Maintain charge
#1292848 08.07.2026 17:12:23 : EVT WIFI : pwr up
#1292849 08.07.2026 17:12:23 : EVT WIFI : SDK Ver(3.2.8.1)

