#1319347 10.07.2026 23:12:37 : EVT ANALYTICS : Zapp disabled i:16 h:bc866476 n:PrbP5
#1319348 10.07.2026 23:12:38 : EVT APPLICATION : Zapp prbp5000:Load script
#1319349 10.07.2026 23:12:38 : EVT APPLICATION : Zapp prbp5000:Enable
#1319350 10.07.2026 23:12:38 : EVT ANALYTICS : Zapp enabled i:16 h:bc866476 n:prbp5000 v:1.0
#1319351 10.07.2026 23:12:38 : EVT APPLICATION : Zapp clid:32880
#1319352 10.07.2026 23:12:45 : EVT <Unknown> : 1783717963540:SCD DET STATE ON.
#1319353 10.07.2026 23:12:48 : EVT APPLICATION : Zapp prbp5000:Disable
#1319354 10.07.2026 23:12:48 : EVT ANALYTICS : Zapp disabled i:16 h:bc866476 n:PrbP5
#1319355 10.07.2026 23:12:49 : EVT APPLICATION : Zapp prbp5000:Load script
#1319356 10.07.2026 23:12:49 : EVT APPLICATION : Zapp prbp5000:Enable
#1319357 10.07.2026 23:12:49 : EVT ANALYTICS : Zapp enabled i:16 h:bc866476 n:prbp5000 v:1.0
#1319358 10.07.2026 23:12:49 : EVT APPLICATION : Zapp clid:32880
#1319359 10.07.2026 23:12:49 : EVT APPLICATION : Zapp prbp5000:Disable
#1319360 10.07.2026 23:12:49 : EVT ANALYTICS : Zapp disabled i:16 h:bc866476 n:PrbP5
#1319361 10.07.2026 23:12:50 : EVT APPLICATION : Zapp prbp5000:Load script
#1319362 10.07.2026 23:12:50 : EVT APPLICATION : Zapp prbp5000:Enable
#1319363 10.07.2026 23:12:50 : EVT ANALYTICS : Zapp enabled i:16 h:bc866476 n:prbp5000 v:1.0
#1319364 10.07.2026 23:12:50 : EVT APPLICATION : Zapp clid:32880
#1319365 10.07.2026 23:12:50 : EVT APPLICATION : Zapp prbp5000:Disable
#1319366 10.07.2026 23:12:50 : EVT ANALYTICS : Zapp disabled i:16 h:bc866476 n:PrbP5
#1319367 10.07.2026 23:12:51 : EVT APPLICATION : Zapp prbp5000:Load script
#1319368 10.07.2026 23:12:51 : EVT APPLICATION : Zapp prbp5000:Enable
#1319369 10.07.2026 23:12:51 : EVT ANALYTICS : Zapp enabled i:16 h:bc866476 n:prbp5000 v:1.0
#1319370 10.07.2026 23:12:51 : EVT APPLICATION : Zapp clid:32880
#1319371 10.07.2026 23:12:51 : EVT APPLICATION : Zapp prbp5000:Disable
#1319372 10.07.2026 23:12:51 : EVT ANALYTICS : Zapp disabled i:16 h:bc866476 n:PrbP5
#1319373 10.07.2026 23:13:00 : EVT APPLICATION : Zapp prbp5000:Load script
#1319374 10.07.2026 23:13:00 : EVT APPLICATION : Zapp prbp5000:Enable
#1319375 10.07.2026 23:13:00 : EVT ANALYTICS : Zapp enabled i:16 h:bc866476 n:prbp5000 v:1.0
#1319376 10.07.2026 23:13:00 : EVT APPLICATION : Zapp clid:32880
#1319377 10.07.2026 23:13:03 : EVT APPLICATION : Zapp prbp5000:Disable
#1319378 10.07.2026 23:13:03 : EVT ANALYTICS : Zapp disabled i:16 h:bc866476 n:PrbP5
#1319379 10.07.2026 23:13:04 : EVT APPLICATION : Zapp prbp5000:Load script
#1319380 10.07.2026 23:13:04 : EVT APPLICATION : Zapp prbp5000:Enable
#1319381 10.07.2026 23:13:04 : EVT ANALYTICS : Zapp enabled i:16 h:bc866476 n:prbp5000 v:1.0
#1319382 10.07.2026 23:13:04 : EVT APPLICATION : Zapp clid:32880
#1319383 10.07.2026 23:13:05 : EVT APPLICATION : Zapp prbp5000:Disable
#1319384 10.07.2026 23:13:05 : EVT ANALYTICS : Zapp disabled i:16 h:bc866476 n:PrbP5
#1319385 10.07.2026 23:13:05 : EVT APPLICATION : Zapp prbp5000:Load script
#1319386 10.07.2026 23:13:05 : EVT APPLICATION : Zapp prbp5000:Enable
#1319387 10.07.2026 23:13:05 : EVT ANALYTICS : Zapp enabled i:16 h:bc866476 n:prbp5000 v:1.0
#1319388 10.07.2026 23:13:05 : EVT APPLICATION : Zapp clid:32880
#1319389 10.07.2026 23:13:05 : EVT APPLICATION : Zapp prbp5000:Disable
#1319390 10.07.2026 23:13:05 : EVT ANALYTICS : Zapp disabled i:16 h:bc866476 n:PrbP5
#1319391 10.07.2026 23:13:06 : EVT APPLICATION : Zapp prbp5000:Load script
#1319392 10.07.2026 23:13:06 : EVT APPLICATION : Zapp prbp5000:Enable
#1319393 10.07.2026 23:13:06 : EVT ANALYTICS : Zapp enabled i:16 h:bc866476 n:prbp5000 v:1.0
#1319394 10.07.2026 23:13:06 : EVT APPLICATION : Zapp clid:32880
#1319395 10.07.2026 23:13:06 : EVT APPLICATION : Zapp prbp5000:Disable
#1319396 10.07.2026 23:13:06 : EVT ANALYTICS : Zapp disabled i:16 h:bc866476 n:PrbP5
#1319397 10.07.2026 23:13:07 : EVT APPLICATION : Zapp prbp5000:Load script
#1319398 10.07.2026 23:13:07 : EVT APPLICATION : Zapp prbp5000:Enable
#1319399 10.07.2026 23:13:07 : EVT ANALYTICS : Zapp enabled i:16 h:bc866476 n:prbp5000 v:1.0
#1319400 10.07.2026 23:13:07 : EVT APPLICATION : Zapp clid:32880
#1319401 10.07.2026 23:13:07 : EVT APPLICATION : Zapp prbp5000:Disable
#1319402 10.07.2026 23:13:07 : EVT ANALYTICS : Zapp disabled i:16 h:bc866476 n:PrbP5
#1319403 10.07.2026 23:13:07 : EVT APPLICATION : Zapp prbp5000:Load script
#1319404 10.07.2026 23:13:07 : EVT APPLICATION : Zapp prbp5000:Enable
#1319405 10.07.2026 23:13:07 : EVT ANALYTICS : Zapp enabled i:16 h:bc866476 n:prbp5000 v:1.0
#1319406 10.07.2026 23:13:07 : EVT APPLICATION : Zapp clid:32880
#1319407 10.07.2026 23:13:08 : EVT APPLICATION : Zapp prbp5000:Disable
#1319408 10.07.2026 23:13:08 : EVT ANALYTICS : Zapp disabled i:16 h:bc866476 n:PrbP5
#1319409 10.07.2026 23:13:08 : EVT APPLICATION : Zapp prbp5000:Load script
#1319410 10.07.2026 23:13:08 : EVT APPLICATION : Zapp prbp5000:Enable
#1319411 10.07.2026 23:13:08 : EVT ANALYTICS : Zapp enabled i:16 h:bc866476 n:prbp5000 v:1.0
#1319412 10.07.2026 23:13:08 : EVT APPLICATION : Zapp clid:32880
#1319413 10.07.2026 23:13:11 : EVT APPLICATION : Zapp prbp5000:Disable
#1319414 10.07.2026 23:13:11 : EVT ANALYTICS : Zapp disabled i:16 h:bc866476 n:PrbP5
#1319415 10.07.2026 23:13:13 : EVT APPLICATION : Zapp prbp5000:Load script
#1319416 10.07.2026 23:13:13 : EVT APPLICATION : Zapp prbp5000:Enable
#1319417 10.07.2026 23:13:13 : EVT ANALYTICS : Zapp enabled i:16 h:bc866476 n:prbp5000 v:1.0
#1319418 10.07.2026 23:13:13 : EVT APPLICATION : Zapp clid:32880
#1319419 10.07.2026 23:13:13 : EVT APPLICATION : Zapp prbp5000:Disable
#1319420 10.07.2026 23:13:13 : EVT ANALYTICS : Zapp disabled i:16 h:bc866476 n:PrbP5
#1319421 10.07.2026 23:13:14 : EVT APPLICATION : Zapp prbp5000:Load script
#1319422 10.07.2026 23:13:14 : EVT APPLICATION : Zapp prbp5000:Enable
#1319423 10.07.2026 23:13:14 : EVT ANALYTICS : Zapp enabled i:16 h:bc866476 n:prbp5000 v:1.0
#1319424 10.07.2026 23:13:14 : EVT APPLICATION : Zapp clid:32880
#1319425 10.07.2026 23:13:14 : EVT APPLICATION : Zapp prbp5000:Disable
#1319426 10.07.2026 23:13:14 : EVT ANALYTICS : Zapp disabled i:16 h:bc866476 n:PrbP5
#1319427 10.07.2026 23:13:15 : EVT APPLICATION : Zapp prbp5000:Load script
#1319428 10.07.2026 23:13:15 : EVT APPLICATION : Zapp prbp5000:Enable
#1319429 10.07.2026 23:13:15 : EVT ANALYTICS : Zapp enabled i:16 h:bc866476 n:prbp5000 v:1.0
#1319430 10.07.2026 23:13:15 : EVT APPLICATION : Zapp clid:32880
#1319431 10.07.2026 23:13:16 : EVT APPLICATION : Zapp prbp5000:Disable
#1319432 10.07.2026 23:13:16 : EVT ANALYTICS : Zapp disabled i:16 h:bc866476 n:PrbP5
#1319433 10.07.2026 23:13:16 : EVT APPLICATION : Zapp prbp5000:Load script
#1319434 10.07.2026 23:13:16 : EVT APPLICATION : Zapp prbp5000:Enable
#1319435 10.07.2026 23:13:16 : EVT ANALYTICS : Zapp enabled i:16 h:bc866476 n:prbp5000 v:1.0
#1319436 10.07.2026 23:13:16 : EVT APPLICATION : Zapp clid:32880
#1319437 10.07.2026 23:13:16 : EVT APPLICATION : Zapp prbp5000:Disable
#1319438 10.07.2026 23:13:17 : EVT ANALYTICS : Zapp disabled i:16 h:bc866476 n:PrbP5
#1319439 10.07.2026 23:13:17 : EVT APPLICATION : Zapp prbp5000:Load script
#1319440 10.07.2026 23:13:17 : EVT APPLICATION : Zapp prbp5000:Enable
#1319441 10.07.2026 23:13:17 : EVT ANALYTICS : Zapp enabled i:16 h:bc866476 n:prbp5000 v:1.0
#1319442 10.07.2026 23:13:17 : EVT APPLICATION : Zapp clid:32880
#1319443 10.07.2026 23:13:18 : EVT APPLICATION : Zapp prbp5000:Disable
#1319444 10.07.2026 23:13:18 : EVT ANALYTICS : Zapp disabled i:16 h:bc866476 n:PrbP5
#1319445 10.07.2026 23:13:18 : EVT APPLICATION : Zapp prbp5000:Load script
#1319446 10.07.2026 23:13:18 : EVT APPLICATION : Zapp prbp5000:Enable
#1319447 10.07.2026 23:13:18 : EVT ANALYTICS : Zapp enabled i:16 h:bc866476 n:prbp5000 v:1.0
#1319448 10.07.2026 23:13:18 : EVT APPLICATION : Zapp clid:32880
#1319449 10.07.2026 23:13:19 : EVT APPLICATION : Zapp prbp5000:Disable
#1319450 10.07.2026 23:13:19 : EVT ANALYTICS : Zapp disabled i:16 h:bc866476 n:PrbP5
#1319451 10.07.2026 23:13:19 : EVT APPLICATION : Zapp prbp5000:Load script
#1319452 10.07.2026 23:13:19 : EVT APPLICATION : Zapp prbp5000:Enable
#1319453 10.07.2026 23:13:19 : EVT ANALYTICS : Zapp enabled i:16 h:bc866476 n:prbp5000 v:1.0
#1319454 10.07.2026 23:13:19 : EVT APPLICATION : Zapp clid:32880
#1319455 10.07.2026 23:13:20 : EVT APPLICATION : Zapp prbp5000:Disable
#1319456 10.07.2026 23:13:20 : EVT ANALYTICS : Zapp disabled i:16 h:bc866476 n:PrbP5
#1319457 10.07.2026 23:13:20 : EVT APPLICATION : Zapp prbp5000:Load script
#1319458 10.07.2026 23:13:20 : EVT APPLICATION : Zapp prbp5000:Enable
#1319459 10.07.2026 23:13:20 : EVT ANALYTICS : Zapp enabled i:16 h:bc866476 n:prbp5000 v:1.0
#1319460 10.07.2026 23:13:20 : EVT APPLICATION : Zapp clid:32880
#1319461 10.07.2026 23:13:21 : EVT APPLICATION : Zapp prbp5000:Disable
#1319462 10.07.2026 23:13:21 : EVT ANALYTICS : Zapp disabled i:16 h:bc866476 n:PrbP5
#1319463 10.07.2026 23:13:21 : EVT APPLICATION : Zapp prbp5000:Load script
#1319464 10.07.2026 23:13:21 : EVT APPLICATION : Zapp prbp5000:Enable
#1319465 10.07.2026 23:13:21 : EVT ANALYTICS : Zapp enabled i:16 h:bc866476 n:prbp5000 v:1.0
#1319466 10.07.2026 23:13:21 : EVT APPLICATION : Zapp clid:32880
#1319467 10.07.2026 23:13:22 : EVT APPLICATION : Zapp prbp5000:Disable
#1319468 10.07.2026 23:13:22 : EVT ANALYTICS : Zapp disabled i:16 h:bc866476 n:PrbP5
#1319469 10.07.2026 23:13:22 : EVT APPLICATION : Zapp prbp5000:Load script
#1319470 10.07.2026 23:13:22 : EVT APPLICATION : Zapp prbp5000:Enable
#1319471 10.07.2026 23:13:22 : EVT ANALYTICS : Zapp enabled i:16 h:bc866476 n:prbp5000 v:1.0
#1319472 10.07.2026 23:13:22 : EVT APPLICATION : Zapp clid:32880
#1319473 10.07.2026 23:13:23 : EVT APPLICATION : Zapp prbp5000:Disable
#1319474 10.07.2026 23:13:23 : EVT ANALYTICS : Zapp disabled i:16 h:bc866476 n:PrbP5
#1319475 10.07.2026 23:13:23 : EVT APPLICATION : Zapp prbp5000:Load script
#1319476 10.07.2026 23:13:23 : EVT APPLICATION : Zapp prbp5000:Enable
#1319477 10.07.2026 23:13:23 : EVT ANALYTICS : Zapp enabled i:16 h:bc866476 n:prbp5000 v:1.0
#1319478 10.07.2026 23:13:23 : EVT APPLICATION : Zapp clid:32880
#1319479 10.07.2026 23:13:23 : EVT OHR : S:start 0x2123
#1319480 10.07.2026 23:13:24 : EVT <Unknown> : 1783718001990:Meas start 0x2123
#1319481 10.07.2026 23:13:30 : EVT APPLICATION : Zapp prbp5000:Disable
#1319482 10.07.2026 23:13:30 : EVT ANALYTICS : Zapp disabled i:16 h:bc866476 n:PrbP5
#1319483 10.07.2026 23:13:30 : EVT APPLICATION : Zapp prbp5000:Load script
#1319484 10.07.2026 23:13:30 : EVT APPLICATION : Zapp prbp5000:Enable
#1319485 10.07.2026 23:13:30 : EVT ANALYTICS : Zapp enabled i:16 h:bc866476 n:prbp5000 v:1.0
#1319486 10.07.2026 23:13:30 : EVT APPLICATION : Zapp clid:32880
#1319487 10.07.2026 23:13:31 : EVT APPLICATION : Zapp prbp5000:Disable
#1319488 10.07.2026 23:13:31 : EVT ANALYTICS : Zapp disabled i:16 h:bc866476 n:PrbP5
#1319489 10.07.2026 23:13:31 : EVT APPLICATION : Zapp prbp5000:Load script
#1319490 10.07.2026 23:13:31 : EVT APPLICATION : Zapp prbp5000:Enable
#1319491 10.07.2026 23:13:31 : EVT ANALYTICS : Zapp enabled i:16 h:bc866476 n:prbp5000 v:1.0
#1319492 10.07.2026 23:13:31 : EVT APPLICATION : Zapp clid:32880
#1319493 10.07.2026 23:13:32 : EVT APPLICATION : Zapp prbp5000:Disable
#1319494 10.07.2026 23:13:32 : EVT ANALYTICS : Zapp disabled i:16 h:bc866476 n:PrbP5
#1319495 10.07.2026 23:13:32 : EVT APPLICATION : Zapp prbp5000:Load script
#1319496 10.07.2026 23:13:32 : EVT APPLICATION : Zapp prbp5000:Enable
#1319497 10.07.2026 23:13:32 : EVT ANALYTICS : Zapp enabled i:16 h:bc866476 n:prbp5000 v:1.0
#1319498 10.07.2026 23:13:32 : EVT APPLICATION : Zapp clid:32880
#1319499 10.07.2026 23:13:33 : EVT APPLICATION : Zapp prbp5000:Disable
#1319500 10.07.2026 23:13:33 : EVT ANALYTICS : Zapp disabled i:16 h:bc866476 n:PrbP5
#1319501 10.07.2026 23:13:33 : EVT APPLICATION : Zapp prbp5000:Load script
#1319502 10.07.2026 23:13:33 : EVT APPLICATION : Zapp prbp5000:Enable
#1319503 10.07.2026 23:13:33 : EVT ANALYTICS : Zapp enabled i:16 h:bc866476 n:prbp5000 v:1.0
#1319504 10.07.2026 23:13:33 : EVT APPLICATION : Zapp clid:32880
#1319505 10.07.2026 23:13:34 : WRN WBAPI : eID-691468(277): /Dive/TankPressure/Alarm/Count 404
#1319506 10.07.2026 23:13:34 : EVT OHR : S:start 0x21a3
#1319507 10.07.2026 23:13:34 : EVT <Unknown> : 1783718012842:Meas start 0x21a3
#1319508 10.07.2026 23:13:39 : EVT <Unknown> : 1783718017530:Off Skin Set.
#1319509 10.07.2026 23:13:40 : EVT LOGGER : HrIbiLogger stop, off (0 ms)
#1319510 10.07.2026 23:13:40 : EVT WBSTORAGE : CACHE_DEFRAG (648->784, 24->24, 25)
#1319511 10.07.2026 23:13:40 : TRC NAVIGATION : CG: no climb WP
#1319512 10.07.2026 23:13:40 : TRC NAVIGATION : CG:init ZoomType=0
#1319513 10.07.2026 23:13:40 : EVT NAVIGATION : initSeg Idx=0 D=1 T=0 3-0-4
#1319514 10.07.2026 23:13:40 : EVT WBSTORAGE : CACHE_DEFRAG (768->1024, 24->24, 25)
#1319515 10.07.2026 23:13:40 : EVT SPEEDFUSION : INFO # IDLE mode(-1) set
#1319516 10.07.2026 23:13:40 : EVT ALTIFUSION : AltiBaroMode:2
#1319517 10.07.2026 23:13:40 : EVT APPLICATION : Zapp zzmoveen:Disable
#1319518 10.07.2026 23:13:40 : EVT ANALYTICS : Zapp disabled i:6 h:7aac0887 n:Movement
#1319519 10.07.2026 23:13:40 : EVT <Unknown> : 1783718018031:On Skin Set.
#1319520 10.07.2026 23:13:40 : EVT UI_FRAMEWORK : evalFile: b:/zapp/zzmoveen.fea/ext2.js from ui
#1319521 10.07.2026 23:13:40 : EVT APPLICATION : Zapp zzwethen:Disable
#1319522 10.07.2026 23:13:40 : EVT ANALYTICS : Zapp disabled i:8 h:3f77f8ec n:Weather
#1319523 10.07.2026 23:13:40 : EVT APPLICATION : Zapp prbp5000:Disable
#1319524 10.07.2026 23:13:40 : EVT ANALYTICS : Zapp disabled i:16 h:bc866476 n:PrbP5
#1319525 10.07.2026 23:13:40 : EVT SPEEDFUSION : INFO # stop speed fusion
#1319526 10.07.2026 23:13:40 : EVT <Unknown> : Update pres sampl intrvl:5
#1319527 10.07.2026 23:13:40 : EVT ANALYTICS : SleepQ:Tracking:On
#1319528 10.07.2026 23:13:40 : EVT OHR : S:start 0x2123
#1319529 10.07.2026 23:13:41 : EVT WBSTORAGE : CACHE_DEFRAG (1000->1008, 24->24, 25)
#1319530 10.07.2026 23:13:41 : EVT APPLICATION : Zapp zwc05901:Load script
#1319531 10.07.2026 23:13:41 : EVT <Unknown> : 1783718019186:Meas start 0x2123
#1319532 10.07.2026 23:13:41 : EVT APPLICATION : Zapp zwc05901:Enable
#1319533 10.07.2026 23:13:41 : EVT ANALYTICS : Zapp enabled i:3 h:ddb248f2 n:zwc05901 v:124f
#1319534 10.07.2026 23:13:41 : WRN WBAPI : eID-691468(277): /Weather/Current/ValidWeatherData.temp 
#1319535 10.07.2026 23:13:41 : EVT BLE : Disconn sensor:1
#1319536 10.07.2026 23:13:42 : EVT BLE : BLE Sensor Link 4800180D Disc (L-E-:00:0)
#1319537 10.07.2026 23:13:42 : WRN BLE : sendDisconnect 6157
#1319538 10.07.2026 23:13:42 : ERR BLE : [AURA]No filters left, stopping scan
#1319539 10.07.2026 23:13:42 : EVT <Unknown> : 1783718020828:Off Skin Set.
#1319540 10.07.2026 23:13:43 : EVT PMIC : VBUS state is OFF
#1319541 10.07.2026 23:13:43 : EVT PMIC : PMIC temp zone:0x7
#1319542 10.07.2026 23:13:44 : EVT PMIC : VBUS state is OFF
#1319543 10.07.2026 23:13:45 : EVT <Unknown> : 1783718023455:On Skin Set.
#1319544 10.07.2026 23:13:46 : EVT WBSTORAGE : CACHE_DEFRAG (880->888, 24->24, 25)
#1319545 10.07.2026 23:13:47 : EVT WBSTORAGE : CACHE_DEFRAG (840->872, 24->24, 25)
#1319546 10.07.2026 23:13:47 : EVT WBSTORAGE : CACHE_DEFRAG (848->856, 24->24, 25)
#1319547 10.07.2026 23:13:47 : EVT WBSTORAGE : CACHE_DEFRAG (840->848, 24->24, 25)
#1319548 10.07.2026 23:13:47 : EVT WBSTORAGE : CACHE_DEFRAG (832->976, 24->24, 25)
#1319549 10.07.2026 23:13:47 : TRC NAVIGATION : CG: no climb WP
#1319550 10.07.2026 23:13:47 : TRC NAVIGATION : CG:init ZoomType=0
#1319551 10.07.2026 23:13:47 : EVT NAVIGATION : initSeg Idx=0 D=1 T=0 3-0-4
#1319552 10.07.2026 23:13:47 : EVT WBSTORAGE : CACHE_DEFRAG (896->944, 24->24, 25)
#1319553 10.07.2026 23:13:47 : EVT ALTIFUSION : AltiBaroMode:0
#1319554 10.07.2026 23:13:47 : EVT ALTIFUSION : Init AltiBaro
#1319555 10.07.2026 23:13:47 : EVT APPLICATION : Zapp zwc05901:Disable
#1319556 10.07.2026 23:13:47 : EVT ANALYTICS : Zapp disabled i:3 h:ddb248f2 n:Vector classic
#1319557 10.07.2026 23:13:47 : EVT ANALYTICS : SleepQ:Tracking:On
#1319558 10.07.2026 23:13:47 : EVT ALTIFUSION : AltiBaroMode:0
#1319559 10.07.2026 23:13:47 : EVT ALTIFUSION : Init AltiBaro
#1319560 10.07.2026 23:13:47 : EVT WBSTORAGE : CACHE_DEFRAG (920->928, 24->24, 25)
#1319561 10.07.2026 23:13:47 : EVT UI_FRAMEWORK : JS nsto enable zapp: zzwethen
#1319562 10.07.2026 23:13:47 : EVT UI_FRAMEWORK : JS nsto enable zapp: zzmoveen
#1319563 10.07.2026 23:13:47 : EVT UI_FRAMEWORK : JS nsto enable zapp: prbp5000
#1319564 10.07.2026 23:13:47 : EVT APPLICATION : Zapp zzwethen:Load script
#1319565 10.07.2026 23:13:47 : EVT APPLICATION : Zapp zzwethen:Enable
#1319566 10.07.2026 23:13:47 : EVT ANALYTICS : Zapp enabled i:8 h:3f77f8ec n:zzwethen v:ade
#1319567 10.07.2026 23:13:47 : EVT APPLICATION : Zapp clid:32878
#1319568 10.07.2026 23:13:47 : EVT APPLICATION : Zapp zzmoveen:Load script
#1319569 10.07.2026 23:13:47 : EVT APPLICATION : Zapp zzmoveen:Enable
#1319570 10.07.2026 23:13:47 : EVT ANALYTICS : Zapp enabled i:6 h:7aac0887 n:zzmoveen v:8e0
#1319571 10.07.2026 23:13:47 : EVT UI_FRAMEWORK : evalFile: b:/zapp/zzmoveen.fea/ext1.js from ui
#1319572 10.07.2026 23:13:47 : EVT APPLICATION : Zapp clid:32879
#1319573 10.07.2026 23:13:47 : EVT APPLICATION : Zapp prbp5000:Load script
#1319574 10.07.2026 23:13:48 : EVT APPLICATION : Zapp prbp5000:Enable
#1319575 10.07.2026 23:13:48 : EVT ANALYTICS : Zapp enabled i:16 h:bc866476 n:prbp5000 v:1.0
#1319576 10.07.2026 23:13:48 : EVT APPLICATION : Zapp clid:32880
#1319577 10.07.2026 23:13:48 : EVT UI_FRAMEWORK : JS nsto all zapps enabled.
#1319578 10.07.2026 23:13:48 : EVT UI_FRAMEWORK : JS Prestart Activity Id: 16.000
#1319579 10.07.2026 23:13:48 : WRN WBAPI : eID-691468(277): /Dive/Alarms/Acknowledge 404
#1319580 10.07.2026 23:13:48 : WRN WBAPI : eID-691468(277): /Dive/DiveGases 404
#1319581 10.07.2026 23:13:48 : WRN WBAPI : eID-691468(277): /Dive/Gauge/Next 404
#1319582 10.07.2026 23:13:48 : EVT WBSTORAGE : CACHE_DEFRAG (880->888, 24->24, 25)
#1319583 10.07.2026 23:13:48 : EVT WBSTORAGE : CACHE_DEFRAG (816->824, 24->24, 25)
#1319584 10.07.2026 23:13:48 : EVT WBSTORAGE : CACHE_DEFRAG (752->760, 24->24, 25)
#1319585 10.07.2026 23:13:48 : EVT WBSTORAGE : CACHE_DEFRAG (680->712, 24->24, 25)
#1319586 10.07.2026 23:13:48 : EVT BLE : BLE Sensor Link 4800180D Conn (--E-:00:1)
#1319587 10.07.2026 23:13:48 : WRN BLE : sendConnect 6157
#1319588 10.07.2026 23:13:48 : WRN WBAPI : eID-691468(277): /Dive/TankPressure/Alarm/Count 404
#1319589 10.07.2026 23:13:48 : EVT <Unknown> : Update pres sampl intrvl:1
#1319590 10.07.2026 23:13:48 : EVT SPEEDFUSION : INFO # start speed fusion
#1319591 10.07.2026 23:13:48 : EVT SPEEDFUSION : Act:16,Acc:0,BPod:0,FPod:0,PPod:0,BeltPod:1
#1319592 10.07.2026 23:13:48 : EVT SPEEDFUSION : INFO # Start algo without wrist acc
#1319593 10.07.2026 23:13:48 : EVT OHR : S:start 0x21a3
#1319594 10.07.2026 23:13:48 : EVT TRAININGLAB : TLab:~Mode T 23738 + 40 A 6210 + 0
#1319595 10.07.2026 23:13:48 : EVT TRAININGLAB : TLab:Change mode 2->3
#1319596 10.07.2026 23:13:48 : EVT TRAININGLAB : TLab:Mode::userInfo 60, 200, 1, 37, 182, 950, 1990
#1319597 10.07.2026 23:13:48 : EVT LOGGER : Log space:30505429 bytes free
#1319598 10.07.2026 23:13:48 : EVT TRAININGLAB : ModeUnsub:2800
#1319599 10.07.2026 23:13:49 : EVT TRAININGLAB : ModeSub:9004
#1319600 10.07.2026 23:13:49 : EVT TRAININGLAB : TLab:Select input 0
#1319601 10.07.2026 23:13:49 : EVT TRAININGLAB : TLab:Active input 0
#1319602 10.07.2026 23:13:49 : EVT LOGGER : Exercise started
#1319603 10.07.2026 23:13:49 : EVT BLE : HR RR on (91807382)
#1319604 10.07.2026 23:13:49 : TRC GPS : Full GNSS data subd l:0 c:802b0000
#1319605 10.07.2026 23:13:49 : EVT <Unknown> : 1783718027007:Meas start 0x21a3
#1319606 10.07.2026 23:13:51 : EVT ANALYTICS : Battery-> 3 soc:97
#1319607 10.07.2026 23:13:51 : EVT ANALYTICS : #FusHr src:0 time:0
#1319608 10.07.2026 23:13:51 : EVT ANALYTICS : #Act id:16
#1319609 10.07.2026 23:13:51 : EVT ANALYTICS : #powersave mode:p temp:34.0
#1319610 10.07.2026 23:13:51 : EVT ANALYTICS : GPSMODE:NOTUSED
#1319611 10.07.2026 23:13:51 : EVT ANALYTICS : #gnss d:2026-07-10T00:00:00Z
#1319612 10.07.2026 23:13:51 : EVT ANALYTICS : #zapp n:PrbP5 e:1
#1319613 10.07.2026 23:13:51 : EVT ANALYTICS : #zapp n:Weather e:1
#1319614 10.07.2026 23:13:51 : EVT ANALYTICS : #zapp n:Movement e:1
#1319615 10.07.2026 23:13:52 : EVT UI_FRAMEWORK : evalFile: b:/zapp/prbp5000.fea/ext92.js from ui
#1319616 10.07.2026 23:13:52 : EVT LOGGER : Exercise paused
#1319617 10.07.2026 23:13:54 : EVT APPLICATION : Zapp zzmoveen:Disable
#1319618 10.07.2026 23:13:54 : EVT ANALYTICS : Zapp disabled i:6 h:7aac0887 n:Movement
#1319619 10.07.2026 23:13:54 : EVT UI_FRAMEWORK : evalFile: b:/zapp/zzmoveen.fea/ext2.js from ui
#1319620 10.07.2026 23:13:54 : EVT APPLICATION : Zapp zzwethen:Disable
#1319621 10.07.2026 23:13:54 : EVT ANALYTICS : Zapp disabled i:8 h:3f77f8ec n:Weather
#1319622 10.07.2026 23:13:54 : EVT APPLICATION : Zapp prbp5000:Disable
#1319623 10.07.2026 23:13:54 : EVT ANALYTICS : Zapp disabled i:16 h:bc866476 n:PrbP5
#1319624 10.07.2026 23:13:54 : EVT UI_FRAMEWORK : JS discard disable zapps
#1319625 10.07.2026 23:13:54 : EVT UI_FRAMEWORK : JS will discard
#1319626 10.07.2026 23:13:54 : EVT SPEEDFUSION : INFO # stop speed fusion
#1319627 10.07.2026 23:13:54 : EVT <Unknown> : Update pres sampl intrvl:5
#1319628 10.07.2026 23:13:54 : WRN APPLICATION : discard hrr meas l:3 d:0 sh:0 mh:0 v:0
#1319629 10.07.2026 23:13:54 : EVT TRAININGZONE : User Define Mode:5
#1319630 10.07.2026 23:13:54 : EVT TRAININGZONE : Tss HR:0.04
#1319631 10.07.2026 23:13:54 : EVT TRAININGZONE : A:16,Tss:[-200.00,-200.00,-200.00,0.04]
#1319632 10.07.2026 23:13:54 : EVT TRAININGLAB : AppFeature Vo2Max 0.000000
#1319633 10.07.2026 23:13:54 : EVT TRAININGLAB : TLab:~Mode T 23778 + 1 A 6210 + 0
#1319634 10.07.2026 23:13:54 : EVT TRAININGLAB : TLab:Change mode 3->2
#1319635 10.07.2026 23:13:54 : EVT TRAININGLAB : TLab:Mode::userInfo 60, 200, 1, 37, 182, 950, 1990
#1319636 10.07.2026 23:13:54 : EVT LOGGER : LGR 934, 80
#1319637 10.07.2026 23:13:54 : EVT TRAININGLAB : ModeUnsub:91C5
#1319638 10.07.2026 23:13:54 : EVT OHR : S:start 0x2123
#1319639 10.07.2026 23:13:54 : EVT TRAININGLAB : ModeSub:0400
#1319640 10.07.2026 23:13:54 : EVT ANALYTICS : WAOae:Activity WAOae:16
#1319641 10.07.2026 23:13:54 : EVT ANALYTICS : WAOae:TotalAcc WAOae:0,0,0
#1319642 10.07.2026 23:13:54 : EVT ANALYTICS : WAOae:AccCount WAOae:0,0,0
#1319643 10.07.2026 23:13:54 : EVT ANALYTICS : WAOae:Distance WAOae:0,0,0
#1319644 10.07.2026 23:13:54 : EVT ANALYTICS : WAOae:Duration WAOae:0,0,0
#1319645 10.07.2026 23:13:54 : EVT ANALYTICS : WAOae:Coeff WAOae:0,40,240,390,773,7524,7624
#1319646 10.07.2026 23:13:54 : EVT LOGGER : Exercise stopped
#1319647 10.07.2026 23:13:54 : EVT BLE : HR RR off (91812802, 5420 ms missing)
#1319648 10.07.2026 23:13:54 : EVT BLE : HR RR done
#1319649 10.07.2026 23:13:54 : EVT LOGGER : HrIbiLogger stop, off (0 ms)
#1319650 10.07.2026 23:13:54 : EVT LOGGER : HrIbiLogger stopped (0 ms)
#1319651 10.07.2026 23:13:54 : TRC GPS : Unsubd c:802b0000
#1319652 10.07.2026 23:13:54 : EVT LOGGER : LGR 934, 80
#1319653 10.07.2026 23:13:54 : EVT ANALYTICS : SleepQ:Tracking:On
#1319654 10.07.2026 23:13:54 : EVT LOGGER : Wr dpc on
#1319655 10.07.2026 23:13:54 : EVT LOGGER : LGR 20993, 56
#1319656 10.07.2026 23:13:54 : EVT <Unknown> : 1783718032878:Meas start 0x2123
#1319657 10.07.2026 23:13:55 : TRC NAVIGATION : CG: no climb WP
#1319658 10.07.2026 23:13:55 : TRC NAVIGATION : CG:init ZoomType=0
#1319659 10.07.2026 23:13:55 : EVT NAVIGATION : initSeg Idx=0 D=1 T=0 3-0-4
#1319660 10.07.2026 23:13:55 : EVT WBSTORAGE : CACHE_DEFRAG (688->1024, 24->24, 25)
#1319661 10.07.2026 23:13:55 : EVT SPEEDFUSION : INFO # IDLE mode(-1) set
#1319662 10.07.2026 23:13:55 : EVT ALTIFUSION : AltiBaroMode:2
#1319663 10.07.2026 23:13:55 : EVT BLE : Disconn sensor:1
#1319664 10.07.2026 23:13:55 : EVT BLE : BLE Sensor Link 4800180D Disc (L-E-:00:0)
#1319665 10.07.2026 23:13:55 : WRN BLE : sendDisconnect 6157
#1319666 10.07.2026 23:13:55 : ERR BLE : [AURA]No filters left, stopping scan
#1319667 10.07.2026 23:13:55 : ERR BLE : [AURA]Filter with handle 72 not found
#1319668 10.07.2026 23:13:55 : EVT <Unknown> : 1783718033351:Off Skin Set.
#1319669 10.07.2026 23:13:55 : EVT <Unknown> : 1783718033727:On Skin Set.
#1319670 10.07.2026 23:13:55 : EVT <Unknown> : 1783718033918:Off Skin Set.
#1319671 10.07.2026 23:13:56 : EVT PMIC : PMIC temp zone:0x2
#1319672 10.07.2026 23:13:56 : EVT ANALYTICS : #powersave mode:p temp:34.0
#1319673 10.07.2026 23:13:56 : EVT ANALYTICS : Battery-> 4 soc:97
#1319674 10.07.2026 23:13:56 : EVT PMIC : VBUS state is ON
#1319675 10.07.2026 23:13:56 : EVT PMIC : chgCntl1:0x70
#1319676 10.07.2026 23:13:56 : EVT PMIC : check chgCntl1:0x74
#1319677 10.07.2026 23:13:56 : EVT PMIC : Turn charge ON since VBUS->ON
#1319678 10.07.2026 23:13:56 : EVT OHR : VBUS on
#1319679 10.07.2026 23:13:56 : EVT OHR : S:stop 23
#1319680 10.07.2026 23:13:56 : EVT <Unknown> : 1783718035052:Meas stop 0x2123
#1319681 10.07.2026 23:13:56 : TRC APPLICATION : Notification n-char not allowed (247 < 255)
#1319682 10.07.2026 23:13:56 : EVT PMIC : PMIC temp zone:0x7
#1319683 10.07.2026 23:13:56 : WRN <Unknown> : 1783718035052:FSM EVT STOP.
#1319684 10.07.2026 23:13:56 : EVT OHR : S:OFF 1->0
#1319685 10.07.2026 23:13:57 : EVT PMIC : VBUS state is OFF
#1319686 10.07.2026 23:13:57 : EVT PMIC : Turn charge OFF since VBUS->OFF
#1319687 10.07.2026 23:13:57 : EVT OHR : VBUS off
#1319688 10.07.2026 23:13:57 : EVT OHR : S:ON 0->1
#1319689 10.07.2026 23:13:57 : EVT OHR : APPINIT:caps 0x1f4, 6b738616
#1319690 10.07.2026 23:13:57 : EVT <Unknown> : 1783718037354:AI@1783718037330, tz120
#1319691 10.07.2026 23:13:57 : EVT OHR : S:start 0x2123
#1319692 10.07.2026 23:13:57 : EVT <Unknown> : 1783718037361:Meas start 0x2123
#1319693 10.07.2026 23:13:57 : EVT <Unknown> : 1783718037372:PD1464, 0
#1319694 10.07.2026 23:13:57 : EVT <Unknown> : 1783718037433:GMV 20251126/1/4/0/395/46
#1319695 10.07.2026 23:13:57 : EVT <Unknown> : 1783718037687:Mi1.6.10, auth 0, hr_mode 0
#1319696 10.07.2026 23:13:58 : EVT UI_FRAMEWORK : JS discard
#1319697 10.07.2026 23:13:58 : WRN LOGGER : Delete b:logs/6A51608C
#1319698 10.07.2026 23:13:58 : EVT PMIC : VBUS state is ON
#1319699 10.07.2026 23:13:58 : EVT PMIC : chgCntl1:0x70
#1319700 10.07.2026 23:13:58 : EVT PMIC : check chgCntl1:0x74
#1319701 10.07.2026 23:13:58 : EVT PMIC : Turn charge ON since VBUS->ON
#1319702 10.07.2026 23:13:58 : EVT PMIC : PMIC temp zone:0x2
#1319703 10.07.2026 23:13:58 : EVT PMIC : PMIC Fast-charge constant cur
#1319704 10.07.2026 23:13:58 : EVT OHR : VBUS on
#1319705 10.07.2026 23:13:58 : EVT OHR : S:stop 23
#1319706 10.07.2026 23:13:58 : TRC APPLICATION : Notification n-char not allowed (247 < 255)
#1319707 10.07.2026 23:13:58 : EVT <Unknown> : 1783718038467:Meas stop 0x2123
#1319708 10.07.2026 23:13:58 : EVT PMIC : PMIC Fast-charge constant voltage
#1319709 10.07.2026 23:13:58 : EVT WBSTORAGE : CACHE_DEFRAG (1000->1008, 24->24, 25)
#1319710 10.07.2026 23:13:58 : EVT WBSTORAGE : CACHE_DEFRAG (936->944, 24->24, 25)
#1319711 10.07.2026 23:13:58 : EVT BLE : lt,scan 1
#1319712 10.07.2026 23:13:58 : WRN BLE : sendDisconnect 6157
#1319713 10.07.2026 23:13:58 : ERR BLE : [AURA]Filter with handle 72 not found
#1319714 10.07.2026 23:13:58 : WRN <Unknown> : 1783718038468:FSM EVT STOP.
#1319715 10.07.2026 23:13:58 : EVT OHR : S:OFF 1->0
#1319716 10.07.2026 23:13:58 : EVT BLE : packet 0 sensor found count 1
#1319717 10.07.2026 23:13:58 : EVT BLE : packet 0 sensor found count 2
#1319718 10.07.2026 23:13:59 : EVT OHR : No HR update, invalidate by timer
#1319719 10.07.2026 23:14:00 : EVT WBSTORAGE : CACHE_DEFRAG (872->880, 24->24, 25)
#1319720 10.07.2026 23:14:00 : EVT APPLICATION : Zapp zwc05901:Load script
#1319721 10.07.2026 23:14:00 : EVT APPLICATION : Zapp zwc05901:Enable
#1319722 10.07.2026 23:14:00 : EVT ANALYTICS : Zapp enabled i:3 h:ddb248f2 n:zwc05901 v:124f
#1319723 10.07.2026 23:14:00 : WRN WBAPI : eID-691468(277): /Weather/Current/ValidWeatherData.temp 
#1319724 10.07.2026 23:14:02 : TRC FUEL_GAUGE : Chg->1,B:5,C:7.4,V:4405,U:1,bF:97%,bC:97%
#1319725 10.07.2026 23:14:03 : EVT ANALYTICS : Battery-> 2 soc:97
#1319726 10.07.2026 23:14:15 : EVT WBSTORAGE : CACHE_DEFRAG (752->760, 24->24, 25)
#1319727 10.07.2026 23:14:15 : EVT WBSTORAGE : CACHE_DEFRAG (728->736, 24->24, 25)
#1319728 10.07.2026 23:14:15 : EVT <Unknown> : DL Region List
#1319729 10.07.2026 23:14:15 : EVT WIFI : Pwr up
#1319730 10.07.2026 23:14:16 : EVT PMIC : PMIC temp zone:0x7
#1319731 10.07.2026 23:14:16 : EVT PMIC : VBUS state is OFF
#1319732 10.07.2026 23:14:16 : EVT PMIC : Turn charge OFF since VBUS->OFF
#1319733 10.07.2026 23:14:16 : TRC FUEL_GAUGE : Chg->0,B:5,C:63.6,V:4412,U:0,bF:97%,bC:97%
#1319734 10.07.2026 23:14:16 : EVT OHR : VBUS off
#1319735 10.07.2026 23:14:16 : EVT OHR : S:ON 0->1
#1319736 10.07.2026 23:14:16 : EVT OHR : APPINIT:caps 0x1f4, 6b738616
#1319737 10.07.2026 23:14:16 : EVT <Unknown> : 1783718056584:AI@1783718056560, tz120
#1319738 10.07.2026 23:14:16 : EVT OHR : S:start 0x2123
#1319739 10.07.2026 23:14:16 : EVT ANALYTICS : Battery-> 1 soc:97
#1319740 10.07.2026 23:14:16 : EVT <Unknown> : 1783718056591:Meas start 0x2123
#1319741 10.07.2026 23:14:16 : EVT <Unknown> : 1783718056606:PD1464, 0
#1319742 10.07.2026 23:14:16 : EVT <Unknown> : 1783718056669:GMV 20251126/1/4/0/395/46
#1319743 10.07.2026 23:14:16 : EVT <Unknown> : 1783718056924:Mi1.6.10, auth 0, hr_mode 0
#1319744 10.07.2026 23:14:17 : EVT PMIC : VBUS state is ON
#1319745 10.07.2026 23:14:17 : EVT PMIC : chgCntl1:0x70
#1319746 10.07.2026 23:14:17 : EVT PMIC : check chgCntl1:0x74
#1319747 10.07.2026 23:14:17 : EVT PMIC : Turn charge ON since VBUS->ON
#1319748 10.07.2026 23:14:17 : TRC FUEL_GAUGE : Chg->1,B:5,C:48.3,V:4412,U:1,bF:97%,bC:97%
#1319749 10.07.2026 23:14:17 : EVT PMIC : PMIC temp zone:0x2
#1319750 10.07.2026 23:14:17 : EVT PMIC : PMIC Fast-charge constant cur
#1319751 10.07.2026 23:14:18 : EVT PMIC : PMIC Fast-charge constant voltage
#1319752 10.07.2026 23:14:18 : EVT OHR : VBUS on
#1319753 10.07.2026 23:14:18 : EVT OHR : S:stop 23
#1319754 10.07.2026 23:14:18 : EVT ANALYTICS : Battery-> 2 soc:97
#1319755 10.07.2026 23:14:18 : EVT <Unknown> : 1783718058176:Meas stop 0x2123
#1319756 10.07.2026 23:14:18 : WRN <Unknown> : 1783718058177:FSM EVT STOP.
#1319757 10.07.2026 23:14:18 : EVT OHR : S:OFF 1->0
#1319758 10.07.2026 23:14:18 : EVT PMIC : VBUS state is ON
#1319759 10.07.2026 23:14:22 : EVT WIFI : pwr up
#1319760 10.07.2026 23:14:22 : EVT WIFI : SDK Ver(3.2.8.1)
#1319761 10.07.2026 23:14:22 : EVT WIFI : Scann APs (1/3)
#1319762 10.07.2026 23:14:22 : EVT WIFI : APs scanned:0
#1319763 10.07.2026 23:14:22 : WRN WIFI : empty scan
#1319764 10.07.2026 23:14:22 : EVT WIFI : Scann APs (2/3)
#1319765 10.07.2026 23:14:23 : EVT WIFI : APs scanned:2
#1319766 10.07.2026 23:14:23 : EVT WBSTORAGE : CACHE_DEFRAG (688->704, 24->24, 25)
#1319767 10.07.2026 23:14:23 : WRN WIFI : No APs matched to connect
#1319768 10.07.2026 23:14:23 : EVT WIFI : Scann APs (3/3)
#1319769 10.07.2026 23:14:24 : EVT WIFI : APs scanned:1
#1319770 10.07.2026 23:14:24 : WRN WIFI : No APs matched to connect
#1319771 10.07.2026 23:14:24 : EVT WIFI : Internal connect ret:103
#1319772 10.07.2026 23:14:24 : ERR <Unknown> : DL GET resultCode=500
#1319773 10.07.2026 23:14:24 : EVT <Unknown> : DL try retry after 900000 ms
#1319774 10.07.2026 23:14:36 : EVT PMIC : PMIC temp zone:0x7
#1319775 10.07.2026 23:14:36 : EVT PMIC : VBUS state is OFF
#1319776 10.07.2026 23:14:36 : EVT PMIC : Turn charge OFF since VBUS->OFF
#1319777 10.07.2026 23:14:36 : TRC FUEL_GAUGE : Chg->0,B:5,C:74.5,V:4421,U:0,bF:97%,bC:97%
#1319778 10.07.2026 23:14:36 : EVT OHR : VBUS off
#1319779 10.07.2026 23:14:36 : EVT OHR : S:ON 0->1
#1319780 10.07.2026 23:14:37 : EVT ANALYTICS : Battery-> 1 soc:97
#1319781 10.07.2026 23:14:37 : EVT OHR : APPINIT:caps 0x1f4, 6b738616
#1319782 10.07.2026 23:14:37 : EVT <Unknown> : 1783718077244:AI@1783718077220, tz120
#1319783 10.07.2026 23:14:37 : EVT OHR : S:start 0x2123
#1319784 10.07.2026 23:14:37 : EVT <Unknown> : 1783718077250:Meas start 0x2123
#1319785 10.07.2026 23:14:37 : EVT <Unknown> : 1783718077264:PD1464, 0
#1319786 10.07.2026 23:14:37 : EVT <Unknown> : 1783718077323:GMV 20251126/1/4/0/395/46
#1319787 10.07.2026 23:14:37 : EVT <Unknown> : 1783718077581:Mi1.6.10, auth 0, hr_mode 0
#1319788 10.07.2026 23:14:37 : EVT WIFI : Pwr down idle wifi (TO:13se)
#1319789 10.07.2026 23:14:37 : EVT WIFI : pwr down OK
#1319790 10.07.2026 23:14:38 : EVT PMIC : VBUS state is ON
#1319791 10.07.2026 23:14:38 : EVT PMIC : chgCntl1:0x70
#1319792 10.07.2026 23:14:38 : EVT PMIC : check chgCntl1:0x74
#1319793 10.07.2026 23:14:38 : EVT PMIC : Turn charge ON since VBUS->ON
#1319794 10.07.2026 23:14:38 : TRC FUEL_GAUGE : Chg->1,B:5,C:57.0,V:4421,U:1,bF:97%,bC:97%
#1319795 10.07.2026 23:14:38 : EVT PMIC : PMIC temp zone:0x2
#1319796 10.07.2026 23:14:38 : EVT PMIC : PMIC Fast-charge constant cur
#1319797 10.07.2026 23:14:39 : EVT PMIC : PMIC Fast-charge constant voltage
#1319798 10.07.2026 23:14:39 : EVT OHR : VBUS on
#1319799 10.07.2026 23:14:39 : EVT OHR : S:stop 23
#1319800 10.07.2026 23:14:39 : EVT ANALYTICS : Battery-> 2 soc:97
#1319801 10.07.2026 23:14:39 : EVT <Unknown> : 1783718079186:Meas stop 0x2123
#1319802 10.07.2026 23:14:39 : WRN <Unknown> : 1783718079187:FSM EVT STOP.
#1319803 10.07.2026 23:14:39 : EVT OHR : S:OFF 1->0
#1319804 10.07.2026 23:14:39 : EVT PMIC : VBUS state is ON
#1319805 10.07.2026 23:14:39 : EVT PMIC : PMIC temp zone:0x7
#1319806 10.07.2026 23:14:39 : EVT PMIC : VBUS state is OFF
#1319807 10.07.2026 23:14:39 : EVT PMIC : Turn charge OFF since VBUS->OFF
#1319808 10.07.2026 23:14:39 : TRC FUEL_GAUGE : Chg->0,B:5,C:55.6,V:4421,U:0,bF:97%,bC:97%
#1319809 10.07.2026 23:14:39 : EVT OHR : VBUS off
#1319810 10.07.2026 23:14:39 : EVT OHR : S:ON 0->1
#1319811 10.07.2026 23:14:39 : EVT ANALYTICS : Battery-> 1 soc:97
#1319812 10.07.2026 23:14:39 : EVT OHR : APPINIT:caps 0x1f4, 6b738616
#1319813 10.07.2026 23:14:39 : EVT <Unknown> : 1783718079874:AI@1783718079850, tz120
#1319814 10.07.2026 23:14:39 : EVT OHR : S:start 0x2123
#1319815 10.07.2026 23:14:40 : EVT <Unknown> : 1783718079880:Meas start 0x2123
#1319816 10.07.2026 23:14:40 : EVT <Unknown> : 1783718079890:PD1464, 0
#1319817 10.07.2026 23:14:40 : EVT <Unknown> : 1783718079950:GMV 20251126/1/4/0/395/46
#1319818 10.07.2026 23:14:40 : EVT <Unknown> : 1783718080203:Mi1.6.10, auth 0, hr_mode 0
#1319819 10.07.2026 23:14:40 : EVT PMIC : VBUS state is ON
#1319820 10.07.2026 23:14:40 : EVT PMIC : chgCntl1:0x70
#1319821 10.07.2026 23:14:40 : EVT PMIC : check chgCntl1:0x74
#1319822 10.07.2026 23:14:40 : EVT PMIC : Turn charge ON since VBUS->ON
#1319823 10.07.2026 23:14:40 : TRC FUEL_GAUGE : Chg->1,B:5,C:48.4,V:4421,U:1,bF:97%,bC:97%
#1319824 10.07.2026 23:14:40 : EVT PMIC : PMIC temp zone:0x2
#1319825 10.07.2026 23:14:40 : EVT PMIC : PMIC Fast-charge constant cur
#1319826 10.07.2026 23:14:40 : EVT PMIC : PMIC Fast-charge constant voltage
#1319827 10.07.2026 23:14:40 : EVT OHR : VBUS on
#1319828 10.07.2026 23:14:40 : EVT OHR : S:stop 23
#1319829 10.07.2026 23:14:40 : EVT ANALYTICS : Battery-> 2 soc:97
#1319830 10.07.2026 23:14:40 : EVT <Unknown> : 1783718080631:Meas stop 0x2123
#1319831 10.07.2026 23:14:40 : EVT PMIC : VBUS state is ON
#1319832 10.07.2026 23:14:40 : WRN <Unknown> : 1783718080631:FSM EVT STOP.
#1319833 10.07.2026 23:14:40 : EVT OHR : S:OFF 1->0
#1319834 10.07.2026 23:14:40 : EVT PMIC : PMIC Fast-charge constant cur
#1319835 10.07.2026 23:14:40 : EVT PMIC : PMIC Fast-charge constant voltage
#1319836 10.07.2026 23:14:44 : EVT WBCOMM : P-9 connection made to ECSD00000000
#1319837 10.07.2026 23:14:44 : EVT WBCOMM : New Route: ECSD00000000
#1319838 10.07.2026 23:14:47 : ERR WBMAIN : *0: app 919 Event 36 80005310
#1319839 10.07.2026 23:14:47 : ERR WBMAIN : 1: mea 85 Wait 0 00000000
#1319840 10.07.2026 23:14:47 : ERR WBMAIN : 2: ui 85 Wait 0 00000000
#1319841 10.07.2026 23:14:48 : EVT ANALYTICS : Sync start
#1319842 10.07.2026 23:14:48 : EVT ANALYTICS : Sync start
#1319843 10.07.2026 23:14:55 : EVT <Unknown> : DL Region List
#1319844 10.07.2026 23:14:55 : EVT WIFI : Pwr up
#1319845 10.07.2026 23:15:01 : EVT WIFI : pwr up
#1319846 10.07.2026 23:15:01 : EVT WIFI : SDK Ver(3.2.8.1)
#1319847 10.07.2026 23:15:02 : EVT WIFI : Scann APs (1/3)
#1319848 10.07.2026 23:15:02 : EVT WIFI : APs scanned:1
#1319849 10.07.2026 23:15:02 : WRN WIFI : No APs matched to connect
#1319850 10.07.2026 23:15:02 : EVT WIFI : Scann APs (2/3)
#1319851 10.07.2026 23:15:03 : EVT WIFI : APs scanned:3
#1319852 10.07.2026 23:15:03 : WRN WIFI : No APs matched to connect
#1319853 10.07.2026 23:15:03 : EVT WIFI : Scann APs (3/3)
#1319854 10.07.2026 23:15:04 : EVT WIFI : APs scanned:0
#1319855 10.07.2026 23:15:04 : WRN WIFI : empty scan
#1319856 10.07.2026 23:15:04 : EVT WIFI : Internal connect ret:103
#1319857 10.07.2026 23:15:04 : ERR <Unknown> : DL GET resultCode=500
#1319858 10.07.2026 23:15:04 : EVT <Unknown> : DL try retry after 900000 ms
#1319859 10.07.2026 23:15:17 : EVT WIFI : Pwr down idle wifi (TO:13se)
#1319860 10.07.2026 23:15:17 : EVT WIFI : pwr down OK
#1319861 10.07.2026 23:16:20 : TRC FUEL_GAUGE : batFgLevel cur:98%, prev:97%
#1319862 10.07.2026 23:19:30 : EVT ANALYTICS : Weather sync TO
#1319863 10.07.2026 23:19:40 : EVT APPLICATION : Zapp zwc05901:Disable
#1319864 10.07.2026 23:19:40 : EVT ANALYTICS : Zapp disabled i:3 h:ddb248f2 n:Vector classic
#1319865 10.07.2026 23:19:40 : TRC APPLICATION : The zapp watch face was closed due to TO
#1319866 10.07.2026 23:20:00 : ERR WBMAIN : *0: app 952 Event 24 80892700
#1319867 10.07.2026 23:20:00 : ERR WBMAIN : 1: mea 0 Event 3 80891701
#1319868 10.07.2026 23:20:00 : ERR WBMAIN : 2: ui 948 Wait 0 00000000
#1319869 10.07.2026 23:22:58 : EVT PMIC : PMIC temp zone:0x7
#1319870 10.07.2026 23:22:59 : EVT PMIC : VBUS state is OFF
#1319871 10.07.2026 23:22:59 : EVT PMIC : Turn charge OFF since VBUS->OFF
#1319872 10.07.2026 23:22:59 : EVT WBCOMM : Route lost: ECSD00000000
#1319873 10.07.2026 23:22:59 : TRC FUEL_GAUGE : Chg->0,B:5,C:43.7,V:4442,U:0,bF:98%,bC:98%
#1319874 10.07.2026 23:22:59 : EVT OHR : VBUS off
#1319875 10.07.2026 23:22:59 : EVT OHR : S:ON 0->1
#1319876 10.07.2026 23:22:59 : EVT OHR : APPINIT:caps 0x1f4, 6b738616
#1319877 10.07.2026 23:22:59 : EVT ANALYTICS : Battery-> 1 soc:98
#1319878 10.07.2026 23:22:59 : EVT <Unknown> : 1783718579574:AI@1783718579550, tz120
#1319879 10.07.2026 23:22:59 : EVT OHR : S:start 0x2123
#1319880 10.07.2026 23:22:59 : EVT <Unknown> : 1783718579580:Meas start 0x2123
#1319881 10.07.2026 23:22:59 : EVT <Unknown> : 1783718579594:PD1464, 0
#1319882 10.07.2026 23:22:59 : EVT <Unknown> : 1783718579651:GMV 20251126/1/4/0/395/46
#1319883 10.07.2026 23:22:59 : EVT <Unknown> : 1783718579904:Mi1.6.10, auth 0, hr_mode 0
#1319884 10.07.2026 23:23:00 : EVT <Unknown> : 1783718580156:On Skin Set.
#1319885 10.07.2026 23:23:00 : EVT <Unknown> : 1783718580347:Off Skin Set.
#1319886 10.07.2026 23:23:01 : EVT <Unknown> : 1783718581474:On Skin Set.
#1319887 10.07.2026 23:23:05 : ERR <Unknown> : 1783718585508:Mi invalid call:100,code:0.
#1319888 10.07.2026 23:23:06 : EVT WBSTORAGE : CACHE_DEFRAG (664->680, 24->24, 25)
#1319889 10.07.2026 23:23:06 : EVT WBSTORAGE : CACHE_DEFRAG (632->976, 24->24, 25)
#1319890 10.07.2026 23:23:06 : TRC NAVIGATION : CG: no climb WP
#1319891 10.07.2026 23:23:06 : TRC NAVIGATION : CG:init ZoomType=0
#1319892 10.07.2026 23:23:06 : EVT NAVIGATION : initSeg Idx=0 D=1 T=0 3-0-4
#1319893 10.07.2026 23:23:06 : EVT WBSTORAGE : CACHE_DEFRAG (896->904, 24->24, 25)
#1319894 10.07.2026 23:23:06 : EVT ALTIFUSION : AltiBaroMode:0
#1319895 10.07.2026 23:23:06 : EVT ALTIFUSION : Init AltiBaro
#1319896 10.07.2026 23:23:06 : EVT ANALYTICS : SleepQ:Tracking:On
#1319897 10.07.2026 23:23:06 : EVT ALTIFUSION : AltiBaroMode:0
#1319898 10.07.2026 23:23:06 : EVT ALTIFUSION : Init AltiBaro
#1319899 10.07.2026 23:23:06 : EVT UI_FRAMEWORK : JS nsto enable zapp: zzwethen
#1319900 10.07.2026 23:23:06 : EVT UI_FRAMEWORK : JS nsto enable zapp: zzmoveen
#1319901 10.07.2026 23:23:06 : EVT UI_FRAMEWORK : JS nsto enable zapp: prbp5000
#1319902 10.07.2026 23:23:06 : EVT APPLICATION : Zapp zzwethen:Load script
#1319903 10.07.2026 23:23:06 : EVT APPLICATION : Zapp zzwethen:Enable
#1319904 10.07.2026 23:23:06 : EVT ANALYTICS : Zapp enabled i:8 h:3f77f8ec n:zzwethen v:ade
#1319905 10.07.2026 23:23:06 : EVT APPLICATION : Zapp clid:32878
#1319906 10.07.2026 23:23:06 : EVT APPLICATION : Zapp zzmoveen:Load script
#1319907 10.07.2026 23:23:06 : EVT APPLICATION : Zapp zzmoveen:Enable
#1319908 10.07.2026 23:23:07 : EVT ANALYTICS : Zapp enabled i:6 h:7aac0887 n:zzmoveen v:8e0
#1319909 10.07.2026 23:23:07 : EVT UI_FRAMEWORK : evalFile: b:/zapp/zzmoveen.fea/ext1.js from ui
#1319910 10.07.2026 23:23:07 : EVT APPLICATION : Zapp clid:32879
#1319911 10.07.2026 23:23:07 : EVT APPLICATION : Zapp prbp5000:Load script
#1319912 10.07.2026 23:23:07 : EVT APPLICATION : Zapp prbp5000:Enable
#1319913 10.07.2026 23:23:07 : EVT ANALYTICS : Zapp enabled i:16 h:bc866476 n:prbp5000 v:1.0
#1319914 10.07.2026 23:23:07 : EVT APPLICATION : Zapp clid:32880
#1319915 10.07.2026 23:23:07 : EVT UI_FRAMEWORK : JS nsto all zapps enabled.
#1319916 10.07.2026 23:23:07 : EVT UI_FRAMEWORK : JS Prestart Activity Id: 16.000
#1319917 10.07.2026 23:23:07 : WRN WBAPI : eID-691468(277): /Dive/Alarms/Acknowledge 404
#1319918 10.07.2026 23:23:07 : WRN WBAPI : eID-691468(277): /Dive/DiveGases 404
#1319919 10.07.2026 23:23:07 : WRN WBAPI : eID-691468(277): /Dive/Gauge/Next 404
#1319920 10.07.2026 23:23:07 : EVT WBSTORAGE : CACHE_DEFRAG (880->888, 24->24, 25)
#1319921 10.07.2026 23:23:07 : EVT WBSTORAGE : CACHE_DEFRAG (816->824, 24->24, 25)
#1319922 10.07.2026 23:23:07 : EVT WBSTORAGE : CACHE_DEFRAG (752->760, 24->24, 25)
#1319923 10.07.2026 23:23:07 : EVT BLE : BLE Sensor Link 4800180D Conn (--E-:00:1)
#1319924 10.07.2026 23:23:07 : WRN BLE : sendConnect 6157
#1319925 10.07.2026 23:23:07 : WRN WBAPI : eID-691468(277): /Dive/TankPressure/Alarm/Count 404
#1319926 10.07.2026 23:23:07 : EVT SPEEDFUSION : INFO # start speed fusion
#1319927 10.07.2026 23:23:07 : EVT SPEEDFUSION : Act:16,Acc:0,BPod:0,FPod:0,PPod:0,BeltPod:1
#1319928 10.07.2026 23:23:07 : EVT SPEEDFUSION : INFO # Start algo without wrist acc
#1319929 10.07.2026 23:23:07 : EVT <Unknown> : Update pres sampl intrvl:1
#1319930 10.07.2026 23:23:07 : EVT OHR : S:start 0x21a3
#1319931 10.07.2026 23:23:08 : EVT <Unknown> : 1783718587937:Meas start 0x21a3
#1319932 10.07.2026 23:23:10 : EVT TRAININGLAB : TLab:~Mode T 23779 + 123 A 6210 + 0
#1319933 10.07.2026 23:23:10 : EVT TRAININGLAB : TLab:Change mode 2->3
#1319934 10.07.2026 23:23:10 : EVT TRAININGLAB : TLab:Mode::userInfo 60, 200, 1, 37, 182, 950, 1990
#1319935 10.07.2026 23:23:10 : EVT LOGGER : Log space:30505429 bytes free
#1319936 10.07.2026 23:23:11 : EVT TRAININGLAB : ModeUnsub:2800
#1319937 10.07.2026 23:23:11 : EVT TRAININGLAB : ModeSub:9004
#1319938 10.07.2026 23:23:11 : EVT TRAININGLAB : TLab:Select input 0
#1319939 10.07.2026 23:23:11 : EVT TRAININGLAB : TLab:Active input 0
#1319940 10.07.2026 23:23:11 : EVT LOGGER : Exercise started
#1319941 10.07.2026 23:23:11 : EVT BLE : HR RR on (92369491)
#1319942 10.07.2026 23:23:11 : TRC GPS : Full GNSS data subd l:0 c:802b0000
#1319943 10.07.2026 23:23:12 : EVT OHR : No HR update, invalidate by timer
#1319944 10.07.2026 23:23:13 : EVT ANALYTICS : Battery-> 3 soc:98
#1319945 10.07.2026 23:23:13 : EVT ANALYTICS : #FusHr src:0 time:0
#1319946 10.07.2026 23:23:13 : EVT ANALYTICS : #Act id:16
#1319947 10.07.2026 23:23:13 : EVT ANALYTICS : #powersave mode:p temp:33.1
#1319948 10.07.2026 23:23:13 : EVT ANALYTICS : GPSMODE:NOTUSED
#1319949 10.07.2026 23:23:13 : EVT ANALYTICS : #gnss d:2026-07-10T00:00:00Z
#1319950 10.07.2026 23:23:13 : EVT ANALYTICS : #zapp n:PrbP5 e:1
#1319951 10.07.2026 23:23:13 : EVT ANALYTICS : #zapp n:Weather e:1
#1319952 10.07.2026 23:23:13 : EVT ANALYTICS : #zapp n:Movement e:1
#1319953 10.07.2026 23:23:17 : EVT OHR : new HR update
#1319954 10.07.2026 23:23:17 : EVT BLE : lt,scan 1
#1319955 10.07.2026 23:23:17 : WRN BLE : sendDisconnect 6157
#1319956 10.07.2026 23:23:17 : ERR BLE : [AURA]No filters left, stopping scan
#1319957 10.07.2026 23:23:17 : EVT BLE : packet 0 sensor found count 1
#1319958 10.07.2026 23:23:17 : ERR BLE : [AURA]Filter with handle 72 not found
#1319959 10.07.2026 23:23:17 : EVT BLE : packet 0 sensor found count 2
#1319960 10.07.2026 23:23:18 : EVT ANALYTICS : #ws AID:16 BM:1 NS:0 SP:3 ZN:0 TG:0 BL:0 GPS:0
#1319961 10.07.2026 23:23:18 : EVT ANALYTICS : #2ws AID:16 WHR:1 INT:0 AL:0 AP:0 FE:1 MC:1 TH:0
#1319962 10.07.2026 23:23:21 : EVT ANALYTICS : #FusHr src:2 time:10701
#1319963 10.07.2026 23:23:21 : EVT TRAININGLAB : Tlab:HR src is 2
#1319964 10.07.2026 23:23:21 : EVT ANALYTICS : #FusHr src:2 time:0
#1319965 10.07.2026 23:23:21 : EVT TRAININGLAB : TLab:Active input 1
#1319966 10.07.2026 23:23:27 : EVT APPLICATION : Zapp prbp5000:Disable
#1319967 10.07.2026 23:23:27 : EVT ANALYTICS : Zapp disabled i:16 h:bc866476 n:PrbP5
#1319968 10.07.2026 23:23:27 : EVT WBSTORAGE : CACHE_DEFRAG (680->712, 24->24, 25)
#1319969 10.07.2026 23:23:28 : EVT APPLICATION : Zapp prbp5000:Load script
#1319970 10.07.2026 23:23:28 : EVT APPLICATION : Zapp prbp5000:Enable
#1319971 10.07.2026 23:23:28 : EVT ANALYTICS : Zapp enabled i:16 h:bc866476 n:prbp5000 v:1.0
#1319972 10.07.2026 23:23:28 : EVT APPLICATION : Zapp clid:32880
#1319973 10.07.2026 23:23:29 : EVT APPLICATION : Zapp prbp5000:Disable
#1319974 10.07.2026 23:23:29 : EVT ANALYTICS : Zapp disabled i:16 h:bc866476 n:PrbP5
#1319975 10.07.2026 23:23:29 : EVT APPLICATION : Zapp prbp5000:Load script
#1319976 10.07.2026 23:23:30 : EVT APPLICATION : Zapp prbp5000:Enable
#1319977 10.07.2026 23:23:30 : EVT ANALYTICS : Zapp enabled i:16 h:bc866476 n:prbp5000 v:1.0
#1319978 10.07.2026 23:23:30 : EVT APPLICATION : Zapp clid:32880
#1319979 10.07.2026 23:23:30 : EVT APPLICATION : Zapp prbp5000:Disable
#1319980 10.07.2026 23:23:30 : EVT ANALYTICS : Zapp disabled i:16 h:bc866476 n:PrbP5
#1319981 10.07.2026 23:23:31 : EVT APPLICATION : Zapp prbp5000:Load script
#1319982 10.07.2026 23:23:31 : EVT APPLICATION : Zapp prbp5000:Enable
#1319983 10.07.2026 23:23:31 : EVT ANALYTICS : Zapp enabled i:16 h:bc866476 n:prbp5000 v:1.0
#1319984 10.07.2026 23:23:31 : EVT APPLICATION : Zapp clid:32880
#1319985 10.07.2026 23:23:31 : EVT APPLICATION : Zapp prbp5000:Disable
#1319986 10.07.2026 23:23:31 : EVT ANALYTICS : Zapp disabled i:16 h:bc866476 n:PrbP5
#1319987 10.07.2026 23:23:32 : EVT APPLICATION : Zapp prbp5000:Load script
#1319988 10.07.2026 23:23:32 : EVT APPLICATION : Zapp prbp5000:Enable
#1319989 10.07.2026 23:23:32 : EVT ANALYTICS : Zapp enabled i:16 h:bc866476 n:prbp5000 v:1.0
#1319990 10.07.2026 23:23:32 : EVT APPLICATION : Zapp clid:32880
#1319991 10.07.2026 23:23:33 : EVT APPLICATION : Zapp prbp5000:Disable
#1319992 10.07.2026 23:23:33 : EVT ANALYTICS : Zapp disabled i:16 h:bc866476 n:PrbP5
#1319993 10.07.2026 23:23:33 : EVT APPLICATION : Zapp prbp5000:Load script
#1319994 10.07.2026 23:23:33 : EVT APPLICATION : Zapp prbp5000:Enable
#1319995 10.07.2026 23:23:33 : EVT ANALYTICS : Zapp enabled i:16 h:bc866476 n:prbp5000 v:1.0
#1319996 10.07.2026 23:23:33 : EVT APPLICATION : Zapp clid:32880
#1319997 10.07.2026 23:23:34 : EVT APPLICATION : Zapp prbp5000:Disable
#1319998 10.07.2026 23:23:34 : EVT ANALYTICS : Zapp disabled i:16 h:bc866476 n:PrbP5
#1319999 10.07.2026 23:23:35 : EVT APPLICATION : Zapp prbp5000:Load script
#1320000 10.07.2026 23:23:35 : EVT APPLICATION : Zapp prbp5000:Enable
#1320001 10.07.2026 23:23:35 : EVT ANALYTICS : Zapp enabled i:16 h:bc866476 n:prbp5000 v:1.0
#1320002 10.07.2026 23:23:35 : EVT APPLICATION : Zapp clid:32880
#1320003 10.07.2026 23:23:35 : EVT APPLICATION : Zapp prbp5000:Disable
#1320004 10.07.2026 23:23:35 : EVT ANALYTICS : Zapp disabled i:16 h:bc866476 n:PrbP5
#1320005 10.07.2026 23:23:36 : EVT APPLICATION : Zapp prbp5000:Load script
#1320006 10.07.2026 23:23:36 : EVT APPLICATION : Zapp prbp5000:Enable
#1320007 10.07.2026 23:23:36 : EVT ANALYTICS : Zapp enabled i:16 h:bc866476 n:prbp5000 v:1.0
#1320008 10.07.2026 23:23:36 : EVT APPLICATION : Zapp clid:32880
#1320009 10.07.2026 23:23:36 : EVT APPLICATION : Zapp prbp5000:Disable
#1320010 10.07.2026 23:23:36 : EVT ANALYTICS : Zapp disabled i:16 h:bc866476 n:PrbP5
#1320011 10.07.2026 23:23:37 : EVT APPLICATION : Zapp prbp5000:Load script
#1320012 10.07.2026 23:23:37 : EVT APPLICATION : Zapp prbp5000:Enable
#1320013 10.07.2026 23:23:37 : EVT ANALYTICS : Zapp enabled i:16 h:bc866476 n:prbp5000 v:1.0
#1320014 10.07.2026 23:23:37 : EVT APPLICATION : Zapp clid:32880
#1320015 10.07.2026 23:23:37 : EVT APPLICATION : Zapp prbp5000:Disable
#1320016 10.07.2026 23:23:37 : EVT ANALYTICS : Zapp disabled i:16 h:bc866476 n:PrbP5
#1320017 10.07.2026 23:23:38 : EVT APPLICATION : Zapp prbp5000:Load script
#1320018 10.07.2026 23:23:38 : EVT APPLICATION : Zapp prbp5000:Enable
#1320019 10.07.2026 23:23:38 : EVT ANALYTICS : Zapp enabled i:16 h:bc866476 n:prbp5000 v:1.0
#1320020 10.07.2026 23:23:38 : EVT APPLICATION : Zapp clid:32880
#1320021 10.07.2026 23:23:38 : EVT APPLICATION : Zapp prbp5000:Disable
#1320022 10.07.2026 23:23:38 : EVT ANALYTICS : Zapp disabled i:16 h:bc866476 n:PrbP5
#1320023 10.07.2026 23:23:39 : EVT APPLICATION : Zapp prbp5000:Load script
#1320024 10.07.2026 23:23:39 : EVT APPLICATION : Zapp prbp5000:Enable
#1320025 10.07.2026 23:23:39 : EVT ANALYTICS : Zapp enabled i:16 h:bc866476 n:prbp5000 v:1.0
#1320026 10.07.2026 23:23:39 : EVT APPLICATION : Zapp clid:32880
#1320027 10.07.2026 23:23:39 : EVT APPLICATION : Zapp prbp5000:Disable
#1320028 10.07.2026 23:23:40 : EVT ANALYTICS : Zapp disabled i:16 h:bc866476 n:PrbP5
#1320029 10.07.2026 23:23:40 : EVT APPLICATION : Zapp prbp5000:Load script
#1320030 10.07.2026 23:23:40 : EVT APPLICATION : Zapp prbp5000:Enable
#1320031 10.07.2026 23:23:40 : EVT ANALYTICS : Zapp enabled i:16 h:bc866476 n:prbp5000 v:1.0
#1320032 10.07.2026 23:23:40 : EVT APPLICATION : Zapp clid:32880
#1320033 10.07.2026 23:23:41 : EVT APPLICATION : Zapp prbp5000:Disable
#1320034 10.07.2026 23:23:41 : EVT ANALYTICS : Zapp disabled i:16 h:bc866476 n:PrbP5
#1320035 10.07.2026 23:23:41 : EVT APPLICATION : Zapp prbp5000:Load script
#1320036 10.07.2026 23:23:41 : EVT APPLICATION : Zapp prbp5000:Enable
#1320037 10.07.2026 23:23:41 : EVT ANALYTICS : Zapp enabled i:16 h:bc866476 n:prbp5000 v:1.0
#1320038 10.07.2026 23:23:41 : EVT APPLICATION : Zapp clid:32880
#1320039 10.07.2026 23:23:42 : EVT APPLICATION : Zapp prbp5000:Disable
#1320040 10.07.2026 23:23:42 : EVT ANALYTICS : Zapp disabled i:16 h:bc866476 n:PrbP5
#1320041 10.07.2026 23:23:42 : EVT APPLICATION : Zapp prbp5000:Load script
#1320042 10.07.2026 23:23:42 : EVT APPLICATION : Zapp prbp5000:Enable
#1320043 10.07.2026 23:23:42 : EVT ANALYTICS : Zapp enabled i:16 h:bc866476 n:prbp5000 v:1.0
#1320044 10.07.2026 23:23:42 : EVT APPLICATION : Zapp clid:32880
#1320045 10.07.2026 23:23:43 : EVT APPLICATION : Zapp prbp5000:Disable
#1320046 10.07.2026 23:23:43 : EVT ANALYTICS : Zapp disabled i:16 h:bc866476 n:PrbP5
#1320047 10.07.2026 23:23:43 : EVT APPLICATION : Zapp prbp5000:Load script
#1320048 10.07.2026 23:23:43 : EVT APPLICATION : Zapp prbp5000:Enable
#1320049 10.07.2026 23:23:43 : EVT ANALYTICS : Zapp enabled i:16 h:bc866476 n:prbp5000 v:1.0
#1320050 10.07.2026 23:23:43 : EVT APPLICATION : Zapp clid:32880
#1320051 10.07.2026 23:24:05 : EVT <Unknown> : 1783718645878:Off Skin Set.
#1320052 10.07.2026 23:24:06 : EVT APPLICATION : Zapp prbp5000:Disable
#1320053 10.07.2026 23:24:06 : EVT ANALYTICS : Zapp disabled i:16 h:bc866476 n:PrbP5
#1320054 10.07.2026 23:24:06 : EVT <Unknown> : 1783718646504:On Skin Set.
#1320055 10.07.2026 23:24:06 : EVT APPLICATION : Zapp prbp5000:Load script
#1320056 10.07.2026 23:24:07 : EVT APPLICATION : Zapp prbp5000:Enable
#1320057 10.07.2026 23:24:07 : EVT ANALYTICS : Zapp enabled i:16 h:bc866476 n:prbp5000 v:1.0
#1320058 10.07.2026 23:24:07 : EVT APPLICATION : Zapp clid:32880
#1320059 10.07.2026 23:24:07 : EVT APPLICATION : Zapp prbp5000:Disable
#1320060 10.07.2026 23:24:07 : EVT ANALYTICS : Zapp disabled i:16 h:bc866476 n:PrbP5
#1320061 10.07.2026 23:24:07 : EVT APPLICATION : Zapp prbp5000:Load script
#1320062 10.07.2026 23:24:08 : EVT APPLICATION : Zapp prbp5000:Enable
#1320063 10.07.2026 23:24:08 : EVT ANALYTICS : Zapp enabled i:16 h:bc866476 n:prbp5000 v:1.0
#1320064 10.07.2026 23:24:08 : EVT APPLICATION : Zapp clid:32880
#1320065 10.07.2026 23:24:08 : EVT APPLICATION : Zapp prbp5000:Disable
#1320066 10.07.2026 23:24:08 : EVT ANALYTICS : Zapp disabled i:16 h:bc866476 n:PrbP5
#1320067 10.07.2026 23:24:08 : EVT APPLICATION : Zapp prbp5000:Load script
#1320068 10.07.2026 23:24:08 : EVT APPLICATION : Zapp prbp5000:Enable
#1320069 10.07.2026 23:24:08 : EVT ANALYTICS : Zapp enabled i:16 h:bc866476 n:prbp5000 v:1.0
#1320070 10.07.2026 23:24:08 : EVT APPLICATION : Zapp clid:32880
#1320071 10.07.2026 23:24:09 : EVT <Unknown> : 1783718649216:Off Skin Set.
#1320072 10.07.2026 23:24:13 : EVT OHR : No HR update, invalidate by timer
#1320073 10.07.2026 23:24:15 : EVT <Unknown> : 1783718655719:On Skin Set.
#1320074 10.07.2026 23:24:16 : EVT <Unknown> : 1783718656511:Off Skin Set.
#1320075 10.07.2026 23:24:17 : EVT <Unknown> : 1783718657513:On Skin Set.
#1320076 10.07.2026 23:24:19 : EVT OHR : new HR update
#1320077 10.07.2026 23:24:19 : EVT APPLICATION : Zapp prbp5000:Disable
#1320078 10.07.2026 23:24:19 : EVT ANALYTICS : Zapp disabled i:16 h:bc866476 n:PrbP5
#1320079 10.07.2026 23:24:19 : EVT APPLICATION : Zapp prbp5000:Load script
#1320080 10.07.2026 23:24:19 : EVT APPLICATION : Zapp prbp5000:Enable
#1320081 10.07.2026 23:24:19 : EVT ANALYTICS : Zapp enabled i:16 h:bc866476 n:prbp5000 v:1.0
#1320082 10.07.2026 23:24:19 : EVT APPLICATION : Zapp clid:32880
#1320083 10.07.2026 23:24:20 : EVT APPLICATION : Zapp prbp5000:Disable
#1320084 10.07.2026 23:24:20 : EVT ANALYTICS : Zapp disabled i:16 h:bc866476 n:PrbP5
#1320085 10.07.2026 23:24:20 : EVT APPLICATION : Zapp prbp5000:Load script
#1320086 10.07.2026 23:24:20 : EVT APPLICATION : Zapp prbp5000:Enable
#1320087 10.07.2026 23:24:20 : EVT ANALYTICS : Zapp enabled i:16 h:bc866476 n:prbp5000 v:1.0
#1320088 10.07.2026 23:24:20 : EVT APPLICATION : Zapp clid:32880
#1320089 10.07.2026 23:24:21 : EVT APPLICATION : Zapp prbp5000:Disable
#1320090 10.07.2026 23:24:21 : EVT ANALYTICS : Zapp disabled i:16 h:bc866476 n:PrbP5
#1320091 10.07.2026 23:24:21 : EVT <Unknown> : 1783718661745:Off Skin Set.
#1320092 10.07.2026 23:24:22 : EVT <Unknown> : 1783718662747:On Skin Set.
#1320093 10.07.2026 23:24:24 : EVT <Unknown> : 1783718663898:Off Skin Set.
#1320094 10.07.2026 23:24:25 : EVT <Unknown> : 1783718665275:On Skin Set.
#1320095 10.07.2026 23:24:29 : EVT APPLICATION : Zapp prbp5000:Load script
#1320096 10.07.2026 23:24:29 : EVT APPLICATION : Zapp prbp5000:Enable
#1320097 10.07.2026 23:24:29 : EVT ANALYTICS : Zapp enabled i:16 h:bc866476 n:prbp5000 v:1.0
#1320098 10.07.2026 23:24:29 : EVT APPLICATION : Zapp clid:32880
#1320099 10.07.2026 23:24:30 : EVT APPLICATION : Zapp prbp5000:Disable
#1320100 10.07.2026 23:24:30 : EVT ANALYTICS : Zapp disabled i:16 h:bc866476 n:PrbP5
#1320101 10.07.2026 23:24:30 : EVT APPLICATION : Zapp prbp5000:Load script
#1320102 10.07.2026 23:24:30 : EVT APPLICATION : Zapp prbp5000:Enable
#1320103 10.07.2026 23:24:30 : EVT ANALYTICS : Zapp enabled i:16 h:bc866476 n:prbp5000 v:1.0
#1320104 10.07.2026 23:24:30 : EVT APPLICATION : Zapp clid:32880
#1320105 10.07.2026 23:24:31 : EVT APPLICATION : Zapp prbp5000:Disable
#1320106 10.07.2026 23:24:31 : EVT ANALYTICS : Zapp disabled i:16 h:bc866476 n:PrbP5
#1320107 10.07.2026 23:24:31 : EVT APPLICATION : Zapp prbp5000:Load script
#1320108 10.07.2026 23:24:31 : EVT APPLICATION : Zapp prbp5000:Enable
#1320109 10.07.2026 23:24:31 : EVT ANALYTICS : Zapp enabled i:16 h:bc866476 n:prbp5000 v:1.0
#1320110 10.07.2026 23:24:31 : EVT APPLICATION : Zapp clid:32880
#1320111 10.07.2026 23:24:32 : EVT APPLICATION : Zapp prbp5000:Disable
#1320112 10.07.2026 23:24:32 : EVT ANALYTICS : Zapp disabled i:16 h:bc866476 n:PrbP5
#1320113 10.07.2026 23:24:32 : EVT APPLICATION : Zapp prbp5000:Load script
#1320114 10.07.2026 23:24:32 : EVT APPLICATION : Zapp prbp5000:Enable
#1320115 10.07.2026 23:24:32 : EVT ANALYTICS : Zapp enabled i:16 h:bc866476 n:prbp5000 v:1.0
#1320116 10.07.2026 23:24:32 : EVT APPLICATION : Zapp clid:32880
#1320117 10.07.2026 23:24:32 : EVT APPLICATION : Zapp prbp5000:Disable
#1320118 10.07.2026 23:24:32 : EVT ANALYTICS : Zapp disabled i:16 h:bc866476 n:PrbP5
#1320119 10.07.2026 23:24:33 : EVT APPLICATION : Zapp prbp5000:Load script
#1320120 10.07.2026 23:24:33 : EVT APPLICATION : Zapp prbp5000:Enable
#1320121 10.07.2026 23:24:33 : EVT ANALYTICS : Zapp enabled i:16 h:bc866476 n:prbp5000 v:1.0
#1320122 10.07.2026 23:24:33 : EVT APPLICATION : Zapp clid:32880
#1320123 10.07.2026 23:24:33 : EVT APPLICATION : Zapp prbp5000:Disable
#1320124 10.07.2026 23:24:33 : EVT ANALYTICS : Zapp disabled i:16 h:bc866476 n:PrbP5
#1320125 10.07.2026 23:24:34 : EVT APPLICATION : Zapp prbp5000:Load script
#1320126 10.07.2026 23:24:34 : EVT APPLICATION : Zapp prbp5000:Enable
#1320127 10.07.2026 23:24:34 : EVT ANALYTICS : Zapp enabled i:16 h:bc866476 n:prbp5000 v:1.0
#1320128 10.07.2026 23:24:34 : EVT APPLICATION : Zapp clid:32880
#1320129 10.07.2026 23:24:34 : EVT APPLICATION : Zapp prbp5000:Disable
#1320130 10.07.2026 23:24:34 : EVT ANALYTICS : Zapp disabled i:16 h:bc866476 n:PrbP5
#1320131 10.07.2026 23:24:35 : EVT APPLICATION : Zapp prbp5000:Load script
#1320132 10.07.2026 23:24:35 : EVT APPLICATION : Zapp prbp5000:Enable
#1320133 10.07.2026 23:24:35 : EVT ANALYTICS : Zapp enabled i:16 h:bc866476 n:prbp5000 v:1.0
#1320134 10.07.2026 23:24:35 : EVT APPLICATION : Zapp clid:32880
#1320135 10.07.2026 23:24:35 : EVT APPLICATION : Zapp prbp5000:Disable
#1320136 10.07.2026 23:24:35 : EVT ANALYTICS : Zapp disabled i:16 h:bc866476 n:PrbP5
#1320137 10.07.2026 23:24:36 : EVT <Unknown> : 1783718676121:Off Skin Set.
#1320138 10.07.2026 23:24:36 : EVT <Unknown> : 1783718676622:On Skin Set.
#1320139 10.07.2026 23:24:42 : EVT <Unknown> : 1783718682815:Off Skin Set.
#1320140 10.07.2026 23:24:43 : EVT APPLICATION : Zapp prbp5000:Load script
#1320141 10.07.2026 23:24:43 : EVT APPLICATION : Zapp prbp5000:Enable
#1320142 10.07.2026 23:24:43 : EVT ANALYTICS : Zapp enabled i:16 h:bc866476 n:prbp5000 v:1.0
#1320143 10.07.2026 23:24:43 : EVT APPLICATION : Zapp clid:32880
#1320144 10.07.2026 23:24:43 : EVT <Unknown> : 1783718683317:On Skin Set.
#1320145 10.07.2026 23:24:44 : EVT APPLICATION : Zapp prbp5000:Disable
#1320146 10.07.2026 23:24:44 : EVT ANALYTICS : Zapp disabled i:16 h:bc866476 n:PrbP5
#1320147 10.07.2026 23:24:44 : EVT APPLICATION : Zapp prbp5000:Load script
#1320148 10.07.2026 23:24:44 : EVT APPLICATION : Zapp prbp5000:Enable
#1320149 10.07.2026 23:24:44 : EVT ANALYTICS : Zapp enabled i:16 h:bc866476 n:prbp5000 v:1.0
#1320150 10.07.2026 23:24:44 : EVT APPLICATION : Zapp clid:32880
#1320151 10.07.2026 23:24:44 : EVT APPLICATION : Zapp prbp5000:Disable
#1320152 10.07.2026 23:24:45 : EVT ANALYTICS : Zapp disabled i:16 h:bc866476 n:PrbP5
#1320153 10.07.2026 23:24:45 : EVT APPLICATION : Zapp prbp5000:Load script
#1320154 10.07.2026 23:24:45 : EVT APPLICATION : Zapp prbp5000:Enable
#1320155 10.07.2026 23:24:45 : EVT ANALYTICS : Zapp enabled i:16 h:bc866476 n:prbp5000 v:1.0
#1320156 10.07.2026 23:24:45 : EVT APPLICATION : Zapp clid:32880
#1320157 10.07.2026 23:24:45 : EVT APPLICATION : Zapp prbp5000:Disable
#1320158 10.07.2026 23:24:46 : EVT ANALYTICS : Zapp disabled i:16 h:bc866476 n:PrbP5
#1320159 10.07.2026 23:24:46 : EVT APPLICATION : Zapp prbp5000:Load script
#1320160 10.07.2026 23:24:46 : EVT APPLICATION : Zapp prbp5000:Enable
#1320161 10.07.2026 23:24:46 : EVT ANALYTICS : Zapp enabled i:16 h:bc866476 n:prbp5000 v:1.0
#1320162 10.07.2026 23:24:46 : EVT APPLICATION : Zapp clid:32880
#1320163 10.07.2026 23:24:46 : EVT APPLICATION : Zapp prbp5000:Disable
#1320164 10.07.2026 23:24:46 : EVT ANALYTICS : Zapp disabled i:16 h:bc866476 n:PrbP5
#1320165 10.07.2026 23:24:47 : EVT APPLICATION : Zapp prbp5000:Load script
#1320166 10.07.2026 23:24:47 : EVT APPLICATION : Zapp prbp5000:Enable
#1320167 10.07.2026 23:24:47 : EVT ANALYTICS : Zapp enabled i:16 h:bc866476 n:prbp5000 v:1.0
#1320168 10.07.2026 23:24:47 : EVT APPLICATION : Zapp clid:32880
#1320169 10.07.2026 23:24:48 : EVT APPLICATION : Zapp prbp5000:Disable
#1320170 10.07.2026 23:24:48 : EVT ANALYTICS : Zapp disabled i:16 h:bc866476 n:PrbP5
#1320171 10.07.2026 23:24:48 : EVT APPLICATION : Zapp prbp5000:Load script
#1320172 10.07.2026 23:24:48 : EVT APPLICATION : Zapp prbp5000:Enable
#1320173 10.07.2026 23:24:48 : EVT ANALYTICS : Zapp enabled i:16 h:bc866476 n:prbp5000 v:1.0
#1320174 10.07.2026 23:24:48 : EVT APPLICATION : Zapp clid:32880
#1320175 10.07.2026 23:24:50 : WRN WBAPI : eID-691468(277): /Dive/Alarms/Acknowledge 404
#1320176 10.07.2026 23:24:50 : WRN WBAPI : eID-691468(277): /Dive/DiveGases 404
#1320177 10.07.2026 23:24:50 : WRN WBAPI : eID-691468(277): /Dive/Gauge/Next 404
#1320178 10.07.2026 23:24:53 : EVT UI_FRAMEWORK : evalFile: b:/zapp/prbp5000.fea/ext92.js from ui
#1320179 10.07.2026 23:24:53 : EVT LOGGER : Exercise paused
#1320180 10.07.2026 23:24:57 : EVT APPLICATION : Zapp zzmoveen:Disable
#1320181 10.07.2026 23:24:57 : EVT ANALYTICS : Zapp disabled i:6 h:7aac0887 n:Movement
#1320182 10.07.2026 23:24:57 : EVT UI_FRAMEWORK : evalFile: b:/zapp/zzmoveen.fea/ext2.js from ui
#1320183 10.07.2026 23:24:57 : EVT APPLICATION : Zapp zzwethen:Disable
#1320184 10.07.2026 23:24:57 : EVT ANALYTICS : Zapp disabled i:8 h:3f77f8ec n:Weather
#1320185 10.07.2026 23:24:57 : EVT APPLICATION : Zapp prbp5000:Disable
#1320186 10.07.2026 23:24:57 : EVT ANALYTICS : Zapp disabled i:16 h:bc866476 n:PrbP5
#1320187 10.07.2026 23:24:57 : EVT UI_FRAMEWORK : JS discard disable zapps
#1320188 10.07.2026 23:24:57 : EVT UI_FRAMEWORK : JS will discard
#1320189 10.07.2026 23:24:57 : EVT SPEEDFUSION : INFO # stop speed fusion
#1320190 10.07.2026 23:24:57 : EVT <Unknown> : Update pres sampl intrvl:5
#1320191 10.07.2026 23:24:57 : WRN APPLICATION : discard hrr meas l:3 d:0 sh:86 mh:86 v:0
#1320192 10.07.2026 23:24:57 : WRN WBAPI : eID-698eec(583/65535): 404
#1320193 10.07.2026 23:24:57 : EVT TRAININGZONE : User Define Mode:5
#1320194 10.07.2026 23:24:57 : EVT TRAININGZONE : Tss HR:0.87
#1320195 10.07.2026 23:24:57 : EVT TRAININGZONE : A:16,Tss:[-200.00,-200.00,-200.00,0.87]
#1320196 10.07.2026 23:24:57 : EVT TRAININGLAB : AppFeature Vo2Max 0.000000
#1320197 10.07.2026 23:24:57 : EVT TRAININGLAB : TLab:~Mode T 23902 + 53 A 6210 + 30
#1320198 10.07.2026 23:24:57 : EVT TRAININGLAB : TLab:Change mode 3->2
#1320199 10.07.2026 23:24:57 : EVT TRAININGLAB : TLab:Mode::userInfo 60, 200, 1, 37, 182, 950, 1990
#1320200 10.07.2026 23:24:57 : EVT LOGGER : LGR 934, 80
#1320201 10.07.2026 23:24:57 : EVT TRAININGLAB : ModeUnsub:9145
#1320202 10.07.2026 23:24:57 : EVT OHR : S:start 0x2123
#1320203 10.07.2026 23:24:57 : EVT TRAININGLAB : ModeSub:0400
#1320204 10.07.2026 23:24:57 : EVT ANALYTICS : WAOae:Activity WAOae:16
#1320205 10.07.2026 23:24:57 : EVT ANALYTICS : WAOae:TotalAcc WAOae:0,0,0
#1320206 10.07.2026 23:24:57 : EVT ANALYTICS : WAOae:AccCount WAOae:0,0,0
#1320207 10.07.2026 23:24:57 : EVT ANALYTICS : WAOae:Distance WAOae:0,0,0
#1320208 10.07.2026 23:24:57 : EVT ANALYTICS : WAOae:Duration WAOae:0,0,0
#1320209 10.07.2026 23:24:57 : EVT ANALYTICS : WAOae:Coeff WAOae:0,40,240,390,773,7524,7624
#1320210 10.07.2026 23:24:57 : EVT LOGGER : Exercise stopped
#1320211 10.07.2026 23:24:57 : EVT BLE : HR RR off (92475757, 106266 ms missing)
#1320212 10.07.2026 23:24:57 : EVT BLE : HR RR done
#1320213 10.07.2026 23:24:57 : EVT LOGGER : HrIbiLogger stop, off (0 ms)
#1320214 10.07.2026 23:24:57 : EVT LOGGER : HrIbiLogger stopped (0 ms)
#1320215 10.07.2026 23:24:57 : TRC GPS : Unsubd c:802b0000
#1320216 10.07.2026 23:24:57 : EVT LOGGER : LGR 934, 80
#1320217 10.07.2026 23:24:57 : EVT ANALYTICS : SleepQ:Tracking:On
#1320218 10.07.2026 23:24:57 : EVT LOGGER : Wr dpc on
#1320219 10.07.2026 23:24:57 : EVT LOGGER : LGR 20993, 56
#1320220 10.07.2026 23:24:57 : EVT <Unknown> : 1783718697400:Meas start 0x2123
#1320221 10.07.2026 23:24:57 : EVT WBSTORAGE : CACHE_DEFRAG (648->1032, 24->24, 25)
#1320222 10.07.2026 23:24:57 : EVT WBSTORAGE : CACHE_DEFRAG (1016->1024, 24->24, 25)
#1320223 10.07.2026 23:24:57 : EVT WBSTORAGE : CACHE_DEFRAG (1008->1016, 24->24, 25)
#1320224 10.07.2026 23:24:57 : TRC NAVIGATION : CG: no climb WP
#1320225 10.07.2026 23:24:57 : TRC NAVIGATION : CG:init ZoomType=0
#1320226 10.07.2026 23:24:57 : EVT NAVIGATION : initSeg Idx=0 D=1 T=0 3-0-4
#1320227 10.07.2026 23:24:58 : EVT WBSTORAGE : CACHE_DEFRAG (1000->1024, 24->24, 25)
#1320228 10.07.2026 23:24:58 : EVT SPEEDFUSION : INFO # IDLE mode(-1) set
#1320229 10.07.2026 23:24:58 : EVT ALTIFUSION : AltiBaroMode:2
#1320230 10.07.2026 23:24:58 : EVT BLE : Disconn sensor:1
#1320231 10.07.2026 23:24:58 : EVT BLE : BLE Sensor Link 4800180D Disc (L-E-:00:0)
#1320232 10.07.2026 23:24:58 : WRN BLE : sendDisconnect 6157
#1320233 10.07.2026 23:24:58 : ERR BLE : [AURA]No filters left, stopping scan
#1320234 10.07.2026 23:24:59 : EVT ANALYTICS : #powersave mode:p temp:33.2
#1320235 10.07.2026 23:24:59 : EVT ANALYTICS : Battery-> 4 soc:98
#1320236 10.07.2026 23:25:01 : EVT UI_FRAMEWORK : JS discard
#1320237 10.07.2026 23:25:01 : WRN LOGGER : Delete b:logs/6A5162BE
#1320238 10.07.2026 23:25:03 : EVT WBSTORAGE : CACHE_DEFRAG (1000->1008, 24->24, 25)
#1320239 10.07.2026 23:25:03 : EVT APPLICATION : Zapp zwc05901:Load script
#1320240 10.07.2026 23:25:03 : EVT APPLICATION : Zapp zwc05901:Enable
#1320241 10.07.2026 23:25:03 : EVT ANALYTICS : Zapp enabled i:3 h:ddb248f2 n:zwc05901 v:124f
#1320242 10.07.2026 23:25:03 : WRN WBAPI : eID-691468(277): /Weather/Current/ValidWeatherData.temp 
#1320243 10.07.2026 23:25:23 : EVT OHR : No HR update, invalidate by timer
#1320244 10.07.2026 23:25:23 : EVT OHR : new HR update
#1320245 10.07.2026 23:26:57 : WRN <Unknown> : 1783718817429:Device stationary, stopping optical meas
#1320246 10.07.2026 23:26:57 : EVT <Unknown> : 1783718817429:SCD DET STATE OFF cnt:0/0.
#1320247 10.07.2026 23:27:02 : EVT OHR : No HR update, invalidate by timer
#1320248 10.07.2026 23:28:34 : EVT <Unknown> : 1783718914584:xiaomi reset t:335034118/237880401.
#1320249 10.07.2026 23:28:34 : EVT <Unknown> : 1783718914584:On Skin Set.
#1320250 10.07.2026 23:28:38 : ERR <Unknown> : 1783718918597:Mi invalid call:100,code:0.
#1320251 10.07.2026 23:28:40 : EVT <Unknown> : 1783718920857:Off Skin Set.
#1320252 10.07.2026 23:28:43 : EVT PMIC : VBUS state is ON
#1320253 10.07.2026 23:28:43 : EVT PMIC : chgCntl1:0x70
#1320254 10.07.2026 23:28:43 : EVT PMIC : check chgCntl1:0x74
#1320255 10.07.2026 23:28:43 : EVT PMIC : Turn charge ON since VBUS->ON
#1320256 10.07.2026 23:28:43 : EVT PMIC : PMIC temp zone:0x2
#1320257 10.07.2026 23:28:43 : EVT PMIC : PMIC Fast-charge constant cur
#1320258 10.07.2026 23:28:43 : EVT OHR : VBUS on
#1320259 10.07.2026 23:28:43 : EVT OHR : S:stop 23
#1320260 10.07.2026 23:28:43 : EVT <Unknown> : 1783718923294:Meas stop 0x2123
#1320261 10.07.2026 23:28:43 : EVT PMIC : PMIC Fast-charge constant voltage
#1320262 10.07.2026 23:28:43 : WRN <Unknown> : 1783718923294:FSM EVT STOP.
#1320263 10.07.2026 23:28:43 : EVT OHR : S:OFF 1->0
#1320264 10.07.2026 23:28:43 : EVT PMIC : VBUS state is ON
#1320265 10.07.2026 23:28:43 : EVT PMIC : PMIC Fast-charge constant cur
#1320266 10.07.2026 23:28:43 : EVT PMIC : PMIC Fast-charge constant voltage
#1320267 10.07.2026 23:28:47 : TRC FUEL_GAUGE : Chg->1,B:5,C:28.0,V:4420,U:1,bF:98%,bC:98%
#1320268 10.07.2026 23:28:47 : EVT ANALYTICS : Battery-> 2 soc:98
#1320269 10.07.2026 23:28:49 : EVT WBCOMM : P-9 connection made to ECSD00000000
#1320270 10.07.2026 23:28:49 : EVT WBCOMM : New Route: ECSD00000000
#1320271 10.07.2026 23:28:53 : ERR WBMAIN : *0: app 921 Event 36 80005310
#1320272 10.07.2026 23:28:53 : ERR WBMAIN : 1: mea 17 Wait 0 00000000
#1320273 10.07.2026 23:28:53 : ERR WBMAIN : 2: ui 50 Wait 0 00000000
#1320274 10.07.2026 23:28:54 : EVT ANALYTICS : Sync start
#1320275 10.07.2026 23:28:54 : EVT ANALYTICS : Sync start
#1320276 10.07.2026 23:28:58 : EVT WBSTORAGE : CACHE_DEFRAG (880->888, 24->24, 25)
#1320277 10.07.2026 23:28:58 : EVT WBSTORAGE : CACHE_DEFRAG (856->864, 24->24, 25)
#1320278 10.07.2026 23:28:58 : EVT WBSTORAGE : CACHE_DEFRAG (816->824, 24->24, 25)
#1320279 10.07.2026 23:28:58 : EVT <Unknown> : DL Region List
#1320280 10.07.2026 23:28:58 : EVT WIFI : Pwr up
#1320281 10.07.2026 23:29:01 : TRC FUEL_GAUGE : Batt: 4426 mV (raw: 4441) soc: 98 %, T: 32.4 C,H:104
#1320282 10.07.2026 23:29:04 : EVT WIFI : pwr up
#1320283 10.07.2026 23:29:04 : EVT WIFI : SDK Ver(3.2.8.1)
#1320284 10.07.2026 23:29:04 : EVT WIFI : Scann APs (1/3)
#1320285 10.07.2026 23:29:05 : EVT WIFI : APs scanned:3
#1320286 10.07.2026 23:29:05 : EVT WBSTORAGE : CACHE_DEFRAG (808->816, 24->24, 25)
#1320287 10.07.2026 23:29:05 : EVT WIFI : Known network:WN-CE0F30
#1320288 10.07.2026 23:29:08 : EVT WIFI : Conn:WN-CE0F30 (-76dBm)
#1320289 10.07.2026 23:29:09 : EVT EXTRAM : Init extram 4
#1320290 10.07.2026 23:29:09 : ERR WBMAIN : *0: app 761 DPC 4 0056d145
#1320291 10.07.2026 23:29:09 : ERR WBMAIN : 1: mea 31 Wait 0 00000000
#1320292 10.07.2026 23:29:09 : ERR WBMAIN : 2: ui 30 Wait 0 00000000
#1320293 10.07.2026 23:29:11 : EVT WIFI : DL:HTTP 200 (61/61 bytes at 0kB/s)
#1320294 10.07.2026 23:29:11 : EVT EXTRAM : Deinit extram 4
#1320295 10.07.2026 23:29:11 : EVT <Unknown> : Up to date
#1320296 10.07.2026 23:29:11 : EVT <Unknown> : region:64358f62f666c0358b9c695f b:/maps1/0001
#1320297 10.07.2026 23:29:24 : EVT WIFI : Pwr down idle wifi (TO:13se)
#1320298 10.07.2026 23:29:24 : EVT WIFI : Disconn:-1000 
#1320299 10.07.2026 23:29:24 : EVT WIFI : pwr down OK
#1320300 10.07.2026 23:29:44 : EVT PMIC : PMIC Fast-charge constant cur
#1320301 10.07.2026 23:29:44 : EVT PMIC : PMIC Fast-charge constant cur
#1320302 10.07.2026 23:29:45 : EVT PMIC : PMIC temp zone:0x7
#1320303 10.07.2026 23:29:45 : EVT PMIC : VBUS state is OFF
#1320304 10.07.2026 23:29:45 : EVT PMIC : Turn charge OFF since VBUS->OFF
#1320305 10.07.2026 23:29:45 : EVT WBCOMM : Route lost: ECSD00000000
#1320306 10.07.2026 23:29:45 : TRC FUEL_GAUGE : Chg->0,B:5,C:44.8,V:4435,U:0,bF:98%,bC:98%
#1320307 10.07.2026 23:29:45 : EVT OHR : VBUS off
#1320308 10.07.2026 23:29:45 : EVT OHR : S:ON 0->1
#1320309 10.07.2026 23:29:45 : EVT ANALYTICS : Battery-> 1 soc:98
#1320310 10.07.2026 23:29:45 : EVT OHR : APPINIT:caps 0x1f4, 6b738616
#1320311 10.07.2026 23:29:45 : EVT <Unknown> : 1783718985835:AI@1783718985810, tz120
#1320312 10.07.2026 23:29:45 : EVT OHR : S:start 0x2123
#1320313 10.07.2026 23:29:45 : EVT <Unknown> : 1783718985842:Meas start 0x2123
#1320314 10.07.2026 23:29:46 : EVT <Unknown> : 1783718985860:PD1464, 0
#1320315 10.07.2026 23:29:46 : EVT <Unknown> : 1783718985920:GMV 20251126/1/4/0/395/46
#1320316 10.07.2026 23:29:46 : EVT <Unknown> : 1783718986174:Mi1.6.10, auth 0, hr_mode 0
#1320317 10.07.2026 23:29:46 : EVT <Unknown> : 1783718986425:On Skin Set.
#1320318 10.07.2026 23:29:50 : ERR <Unknown> : 1783718990440:Mi invalid call:100,code:0.
#1320319 10.07.2026 23:29:58 : EVT OHR : new HR update
#1320320 10.07.2026 23:30:01 : ERR WBMAIN : *0: app 1159 Event 24 80892700
#1320321 10.07.2026 23:30:01 : ERR WBMAIN : 1: mea 0 Event 3 80891701
#1320322 10.07.2026 23:30:01 : ERR WBMAIN : 2: ui 22 Wait 0 00000000
#1320323 10.07.2026 23:30:20 : EVT OHR : No HR update, invalidate by timer
#1320324 10.07.2026 23:30:25 : ERR <Unknown> : 1783719025946:Hr_out conf_low:65/10.
#1320325 10.07.2026 23:30:42 : EVT OHR : new HR update
#1320326 10.07.2026 23:30:52 : EVT OHR : No HR update, invalidate by timer
#1320327 10.07.2026 23:30:54 : EVT OHR : new HR update
#1320328 10.07.2026 23:30:59 : EVT OHR : No HR update, invalidate by timer
#1320329 10.07.2026 23:31:02 : EVT OHR : new HR update
#1320330 10.07.2026 23:31:12 : EVT OHR : No HR update, invalidate by timer
#1320331 10.07.2026 23:31:18 : ERR <Unknown> : 1783719077975:Hr_out conf_low:74/10.
#1320332 10.07.2026 23:31:26 : EVT OHR : new HR update
#1320333 10.07.2026 23:31:31 : EVT OHR : No HR update, invalidate by timer
#1320334 10.07.2026 23:31:36 : ERR <Unknown> : 1783719096796:Hr_out conf_low:74/10.
#1320335 10.07.2026 23:31:46 : WRN <Unknown> : 1783719106453:Device stationary, stopping optical meas
#1320336 10.07.2026 23:31:46 : EVT <Unknown> : 1783719106454:SCD DET STATE OFF cnt:0/0.
#1320337 10.07.2026 23:32:44 : EVT ACCELEROMETER : Gyro bias:-0.249900 -0.033600 -0.083300
#1320338 10.07.2026 23:37:24 : EVT <Unknown> : 1783719444667:xiaomi reset t:458857391/120644775.
#1320339 10.07.2026 23:37:24 : EVT <Unknown> : 1783719444668:On Skin Set.
#1320340 10.07.2026 23:37:28 : ERR <Unknown> : 1783719448277:Mi invalid call:100,code:0.
#1320341 10.07.2026 23:37:40 : EVT OHR : new HR update
#1320342 10.07.2026 23:37:45 : EVT OHR : No HR update, invalidate by timer
#1320343 10.07.2026 23:37:48 : EVT OHR : new HR update
#1320344 10.07.2026 23:37:57 : EVT OHR : No HR update, invalidate by timer
#1320345 10.07.2026 23:38:03 : ERR <Unknown> : 1783719482186:Hr_out conf_low:83/10.
#1320346 10.07.2026 23:38:04 : EVT OHR : new HR update
#1320347 10.07.2026 23:38:09 : EVT OHR : No HR update, invalidate by timer
#1320348 10.07.2026 23:38:12 : EVT OHR : new HR update
#1320349 10.07.2026 23:38:20 : EVT OHR : No HR update, invalidate by timer
#1320350 10.07.2026 23:38:25 : ERR <Unknown> : 1783719505010:Hr_out conf_low:86/10.
#1320351 10.07.2026 23:38:27 : EVT OHR : new HR update
#1320352 10.07.2026 23:38:41 : EVT <Unknown> : 1783719521007:Off Skin Set.
#1320353 10.07.2026 23:38:42 : EVT OHR : No HR update, invalidate by timer
#1320354 10.07.2026 23:38:42 : EVT <Unknown> : 1783719522259:On Skin Set.
#1320355 10.07.2026 23:38:47 : ERR <Unknown> : 1783719527746:Hr_out conf_low:91/10.
#1320356 10.07.2026 23:39:00 : EVT OHR : new HR update
#1320357 10.07.2026 23:39:15 : EVT <Unknown> : 1783719555773:SCD DET STATE ON.
#1320358 10.07.2026 23:40:00 : ERR WBMAIN : *0: app 554 Event 24 80892700
#1320359 10.07.2026 23:40:00 : ERR WBMAIN : 1: mea 0 Event 3 80891701
#1320360 10.07.2026 23:40:00 : ERR WBMAIN : 2: ui 22 Wait 0 00000000
#1320361 11.07.2026 00:00:00 : EVT ANALYTICS : PanelModeQ 15996 2336 1545 131
#1320362 11.07.2026 00:00:00 : EVT WBSTORAGE : CACHE_DEFRAG (776->792, 24->24, 25)
#1320363 11.07.2026 00:00:00 : EVT <Unknown> : No alarm clock today
#1320364 11.07.2026 00:00:00 : EVT <Unknown> : No alarm clock today
#1320365 11.07.2026 00:00:00 : EVT <Unknown> : pwr daily,ontime:0
#1320366 11.07.2026 00:00:00 : EVT WBSTORAGE : CACHE_DEFRAG (704->720, 24->24, 25)
#1320367 11.07.2026 00:00:00 : EVT WEATHER : t:495476, d:2
#1320368 11.07.2026 00:00:00 : EVT WBSTORAGE : CACHE_DEFRAG (608->624, 24->24, 25)
#1320369 11.07.2026 00:00:00 : WRN TRAININGZONE : get:2
#1320370 11.07.2026 00:00:00 : EVT WBSTORAGE : CACHE_DEFRAG (384->392, 24->24, 25)
#1320371 11.07.2026 00:00:00 : EVT WBSTORAGE : CACHE_DEFRAG (328->336, 24->24, 25)
#1320372 11.07.2026 00:00:00 : TRC APPLICATION : 247: midnight
#1320373 11.07.2026 00:00:00 : EVT ANALYTICS : SBTAPI:M:2,L:0
#1320374 11.07.2026 00:00:00 : TRC APPLICATION : 247: Day 0 1783720800 0
#1320375 11.07.2026 00:00:00 : TRC APPLICATION : 247: Day 1 1783634400 1544
#1320376 11.07.2026 00:00:00 : TRC APPLICATION : 247: Day 2 1783548000 3710
#1320377 11.07.2026 00:00:00 : TRC APPLICATION : 247: Day 3 1783461600 1531
#1320378 11.07.2026 00:00:00 : TRC APPLICATION : 247: Day 4 1783375200 1338
#1320379 11.07.2026 00:00:00 : TRC APPLICATION : 247: Day 5 1783288800 102
#1320380 11.07.2026 00:00:00 : TRC APPLICATION : 247: Day 6 1783202400 0
#1320381 11.07.2026 00:00:00 : EVT OHR : S:start 0x20
#1320382 11.07.2026 00:00:00 : EVT TRAININGLAB : TLab:~Mode T 23955 + 515 A 6240 + 50
#1320383 11.07.2026 00:00:00 : EVT TRAININGLAB : TLab:Change mode 2->2
#1320384 11.07.2026 00:00:00 : EVT TRAININGLAB : TLab:Mode::userInfo 60, 200, 1, 37, 182, 950, 1990
#1320385 11.07.2026 00:00:00 : EVT TRAININGLAB : ModeUnsub:2800
#1320386 11.07.2026 00:00:00 : EVT TRAININGLAB : ModeSub:0400
#1320387 11.07.2026 00:00:01 : EVT OHR : S:start 0x2123
#1320388 11.07.2026 00:00:01 : EVT <Unknown> : 1783720801038:Meas start 0x20
#1320389 11.07.2026 00:00:01 : EVT <Unknown> : 1783720801040:Meas start 0x2123
#1320390 11.07.2026 00:01:00 : TRC APPLICATION : Removing: b:/syslogs/systemevent_1295056.log
#1320391 11.07.2026 00:10:00 : ERR WBMAIN : *0: app 892 Event 24 80892700
#1320392 11.07.2026 00:10:00 : ERR WBMAIN : 1: mea 1 Event 3 80891701
#1320393 11.07.2026 00:10:00 : ERR WBMAIN : 2: ui 59 Wait 0 00000000
#1320394 11.07.2026 00:19:30 : EVT ANALYTICS : Weather sync TO
#1320395 11.07.2026 00:20:00 : ERR WBMAIN : *0: app 975 Event 24 80892700
#1320396 11.07.2026 00:20:00 : ERR WBMAIN : 1: mea 0 Event 3 80891701
#1320397 11.07.2026 00:20:00 : ERR WBMAIN : 2: ui 42 Wait 0 00000000
#1320398 11.07.2026 00:21:50 : EVT BLE : DEV M connected
#1320399 11.07.2026 00:21:50 : TRC BLE : SVC M/F000 enabled
#1320400 11.07.2026 00:21:50 : EVT WBCOMM : P-9 connection made to ECSD00000000
#1320401 11.07.2026 00:21:50 : EVT WBCOMM : New Route: ECSD00000000
#1320402 11.07.2026 00:22:05 : EVT APPLICATION : Plugin climbl01.zip as type:[2]
#1320403 11.07.2026 00:22:06 : TRC BLE : SVC M/F000 disabled
#1320404 11.07.2026 00:22:06 : EVT WBCOMM : Route lost: ECSD00000000
#1320405 11.07.2026 00:22:08 : EVT BLE : DEV M disconnected
#1320406 11.07.2026 00:22:08 : EVT WBSTORAGE : CACHE_DEFRAG (256->264, 24->24, 25)
#1320407 11.07.2026 00:22:08 : EVT WBSTORAGE : CACHE_DEFRAG (192->200, 24->24, 25)
#1320408 11.07.2026 00:29:45 : TRC FUEL_GAUGE : Batt: 4418 mV (raw: 4417) soc: 98 %, T: 32.9 C,H:104
#1320409 11.07.2026 00:30:00 : ERR WBMAIN : *0: app 577 Event 24 80892700
#1320410 11.07.2026 00:30:00 : ERR WBMAIN : 1: mea 0 Event 3 80891701
#1320411 11.07.2026 00:30:00 : ERR WBMAIN : 2: ui 45 Wait 0 00000000
#1320412 11.07.2026 00:30:54 : EVT WBSTORAGE : CACHE_DEFRAG (128->168, 24->24, 25)
#1320413 11.07.2026 00:30:55 : TRC NAVIGATION : CG: no climb WP
#1320414 11.07.2026 00:30:55 : TRC NAVIGATION : CG:init ZoomType=0
#1320415 11.07.2026 00:30:55 : EVT NAVIGATION : initSeg Idx=0 D=1 T=0 3-0-4
#1320416 11.07.2026 00:30:55 : EVT WBSTORAGE : CACHE_DEFRAG (120->904, 24->24, 25)
#1320417 11.07.2026 00:30:55 : EVT ALTIFUSION : AltiBaroMode:0
#1320418 11.07.2026 00:30:55 : EVT ALTIFUSION : Init AltiBaro
#1320419 11.07.2026 00:30:55 : EVT APPLICATION : Zapp zwc05901:Disable
#1320420 11.07.2026 00:30:55 : EVT ANALYTICS : Zapp disabled i:3 h:ddb248f2 n:Vector classic
#1320421 11.07.2026 00:30:55 : EVT ANALYTICS : SleepQ:Tracking:On
#1320422 11.07.2026 00:30:55 : EVT ALTIFUSION : AltiBaroMode:0
#1320423 11.07.2026 00:30:55 : EVT ALTIFUSION : Init AltiBaro
#1320424 11.07.2026 00:30:55 : EVT UI_FRAMEWORK : JS nsto enable zapp: zzwethen
#1320425 11.07.2026 00:30:55 : EVT UI_FRAMEWORK : JS nsto enable zapp: zzmoveen
#1320426 11.07.2026 00:30:55 : EVT UI_FRAMEWORK : JS nsto enable zapp: prbp5000
#1320427 11.07.2026 00:30:55 : EVT APPLICATION : Zapp zzwethen:Load script
#1320428 11.07.2026 00:30:55 : EVT APPLICATION : Zapp zzwethen:Enable
#1320429 11.07.2026 00:30:55 : EVT ANALYTICS : Zapp enabled i:8 h:3f77f8ec n:zzwethen v:ade
#1320430 11.07.2026 00:30:55 : EVT APPLICATION : Zapp clid:32878
#1320431 11.07.2026 00:30:55 : EVT APPLICATION : Zapp zzmoveen:Load script
#1320432 11.07.2026 00:30:55 : EVT APPLICATION : Zapp zzmoveen:Enable
#1320433 11.07.2026 00:30:55 : EVT ANALYTICS : Zapp enabled i:6 h:7aac0887 n:zzmoveen v:8e0
#1320434 11.07.2026 00:30:55 : EVT UI_FRAMEWORK : evalFile: b:/zapp/zzmoveen.fea/ext1.js from ui
#1320435 11.07.2026 00:30:55 : EVT APPLICATION : Zapp clid:32879
#1320436 11.07.2026 00:30:55 : EVT APPLICATION : Zapp prbp5000:Load script
#1320437 11.07.2026 00:30:55 : EVT APPLICATION : Zapp prbp5000:Enable
#1320438 11.07.2026 00:30:55 : EVT ANALYTICS : Zapp enabled i:16 h:bc866476 n:prbp5000 v:1.0
#1320439 11.07.2026 00:30:56 : EVT APPLICATION : Zapp clid:32880
#1320440 11.07.2026 00:30:56 : EVT UI_FRAMEWORK : JS nsto all zapps enabled.
#1320441 11.07.2026 00:30:56 : EVT UI_FRAMEWORK : JS Prestart Activity Id: 16.000
#1320442 11.07.2026 00:30:56 : WRN WBAPI : eID-691468(277): /Dive/Alarms/Acknowledge 404
#1320443 11.07.2026 00:30:56 : WRN WBAPI : eID-691468(277): /Dive/DiveGases 404
#1320444 11.07.2026 00:30:56 : WRN WBAPI : eID-691468(277): /Dive/Gauge/Next 404
#1320445 11.07.2026 00:30:56 : EVT WBSTORAGE : CACHE_DEFRAG (880->888, 24->24, 25)
#1320446 11.07.2026 00:30:56 : EVT WBSTORAGE : CACHE_DEFRAG (816->824, 24->24, 25)
#1320447 11.07.2026 00:30:56 : EVT WBSTORAGE : CACHE_DEFRAG (752->760, 24->24, 25)
#1320448 11.07.2026 00:30:56 : EVT BLE : BLE Sensor Link 4800180D Conn (--E-:00:1)
#1320449 11.07.2026 00:30:56 : WRN BLE : sendConnect 6157
#1320450 11.07.2026 00:30:56 : WRN WBAPI : eID-691468(277): /Dive/TankPressure/Alarm/Count 404
#1320451 11.07.2026 00:30:56 : EVT SPEEDFUSION : INFO # start speed fusion
#1320452 11.07.2026 00:30:56 : EVT SPEEDFUSION : Act:16,Acc:0,BPod:0,FPod:0,PPod:0,BeltPod:1
#1320453 11.07.2026 00:30:56 : EVT SPEEDFUSION : INFO # Start algo without wrist acc
#1320454 11.07.2026 00:30:56 : EVT <Unknown> : Update pres sampl intrvl:1
#1320455 11.07.2026 00:30:56 : EVT OHR : S:start 0x21a3
#1320456 11.07.2026 00:30:57 : EVT <Unknown> : 1783722657143:Meas start 0x21a3
#1320457 11.07.2026 00:31:04 : EVT APPLICATION : Zapp prbp5000:Disable
#1320458 11.07.2026 00:31:04 : EVT ANALYTICS : Zapp disabled i:16 h:bc866476 n:PrbP5
#1320459 11.07.2026 00:31:04 : EVT WBSTORAGE : CACHE_DEFRAG (680->712, 24->24, 25)
#1320460 11.07.2026 00:31:06 : EVT BLE : lt,scan 1
#1320461 11.07.2026 00:31:06 : WRN BLE : sendDisconnect 6157
#1320462 11.07.2026 00:31:06 : ERR BLE : [AURA]No filters left, stopping scan
#1320463 11.07.2026 00:31:06 : ERR BLE : [AURA]Filter with handle 72 not found
#1320464 11.07.2026 00:31:06 : EVT BLE : packet 0 sensor found count 1
#1320465 11.07.2026 00:31:06 : EVT BLE : packet 0 sensor found count 2
#1320466 11.07.2026 00:31:07 : EVT ANALYTICS : #FusHr src:2 time:10612
#1320467 11.07.2026 00:31:10 : EVT APPLICATION : Zapp climbl01:Load script
#1320468 11.07.2026 00:31:10 : EVT APPLICATION : Zapp climbl01:Enable
#1320469 11.07.2026 00:31:11 : EVT ANALYTICS : Zapp enabled i:17 h:a5e7afa5 n:climbl01 v:3.0
#1320470 11.07.2026 00:31:11 : EVT APPLICATION : Zapp clid:32880
#1320471 11.07.2026 00:31:12 : EVT APPLICATION : Zapp climbl01:Disable
#1320472 11.07.2026 00:31:12 : EVT ANALYTICS : Zapp disabled i:17 h:a5e7afa5 n:Climb Log
#1320473 11.07.2026 00:31:13 : EVT APPLICATION : Zapp climbl01:Load script
#1320474 11.07.2026 00:31:13 : EVT APPLICATION : Zapp climbl01:Enable
#1320475 11.07.2026 00:31:13 : EVT ANALYTICS : Zapp enabled i:17 h:a5e7afa5 n:climbl01 v:3.0
#1320476 11.07.2026 00:31:13 : EVT APPLICATION : Zapp clid:32880
#1320477 11.07.2026 00:31:14 : EVT APPLICATION : Zapp climbl01:Disable
#1320478 11.07.2026 00:31:14 : EVT ANALYTICS : Zapp disabled i:17 h:a5e7afa5 n:Climb Log
#1320479 11.07.2026 00:31:16 : EVT APPLICATION : Zapp climbl01:Load script
#1320480 11.07.2026 00:31:16 : EVT APPLICATION : Zapp climbl01:Enable
#1320481 11.07.2026 00:31:16 : EVT ANALYTICS : Zapp enabled i:17 h:a5e7afa5 n:climbl01 v:3.0
#1320482 11.07.2026 00:31:16 : EVT APPLICATION : Zapp clid:32880
#1320483 11.07.2026 00:31:16 : EVT OHR : S:start 0x2123
#1320484 11.07.2026 00:31:17 : EVT <Unknown> : 1783722677024:Meas start 0x2123
#1320485 11.07.2026 00:31:17 : EVT APPLICATION : Zapp climbl01:Disable
#1320486 11.07.2026 00:31:17 : EVT ANALYTICS : Zapp disabled i:17 h:a5e7afa5 n:Climb Log
#1320487 11.07.2026 00:31:19 : EVT APPLICATION : Zapp climbl01:Load script
#1320488 11.07.2026 00:31:19 : EVT APPLICATION : Zapp climbl01:Enable
#1320489 11.07.2026 00:31:19 : EVT ANALYTICS : Zapp enabled i:17 h:a5e7afa5 n:climbl01 v:3.0
#1320490 11.07.2026 00:31:19 : EVT APPLICATION : Zapp clid:32880
#1320491 11.07.2026 00:31:23 : EVT <Unknown> : 1783722682578:Off Skin Set.
#1320492 11.07.2026 00:31:24 : EVT PMIC : VBUS state is ON
#1320493 11.07.2026 00:31:24 : EVT PMIC : chgCntl1:0x70
#1320494 11.07.2026 00:31:24 : EVT PMIC : check chgCntl1:0x74
#1320495 11.07.2026 00:31:24 : EVT PMIC : Turn charge ON since VBUS->ON
#1320496 11.07.2026 00:31:24 : EVT PMIC : PMIC temp zone:0x2
#1320497 11.07.2026 00:31:24 : EVT PMIC : PMIC Fast-charge constant cur
#1320498 11.07.2026 00:31:24 : EVT OHR : VBUS on
#1320499 11.07.2026 00:31:24 : EVT OHR : S:stop 23
#1320500 11.07.2026 00:31:24 : EVT <Unknown> : 1783722684686:Meas stop 0x2123
#1320501 11.07.2026 00:31:24 : EVT PMIC : PMIC Fast-charge constant voltage
#1320502 11.07.2026 00:31:24 : WRN <Unknown> : 1783722684687:FSM EVT STOP.
#1320503 11.07.2026 00:31:24 : EVT OHR : S:OFF 1->0
#1320504 11.07.2026 00:31:24 : EVT PMIC : VBUS state is ON
#1320505 11.07.2026 00:31:25 : EVT PMIC : PMIC temp zone:0x7
#1320506 11.07.2026 00:31:25 : EVT PMIC : VBUS state is OFF
#1320507 11.07.2026 00:31:25 : EVT PMIC : Turn charge OFF since VBUS->OFF
#1320508 11.07.2026 00:31:25 : EVT OHR : VBUS off
#1320509 11.07.2026 00:31:25 : EVT OHR : S:ON 0->1
#1320510 11.07.2026 00:31:25 : EVT OHR : APPINIT:caps 0x1f4, 6b738616
#1320511 11.07.2026 00:31:25 : EVT <Unknown> : 1783722685963:AI@1783722685940, tz120
#1320512 11.07.2026 00:31:25 : EVT OHR : S:start 0x2123
#1320513 11.07.2026 00:31:25 : EVT <Unknown> : 1783722685969:Meas start 0x2123
#1320514 11.07.2026 00:31:26 : EVT <Unknown> : 1783722685983:PD1464, 0
#1320515 11.07.2026 00:31:26 : EVT <Unknown> : 1783722686069:GMV 20251126/1/4/0/395/46
#1320516 11.07.2026 00:31:26 : EVT <Unknown> : 1783722686323:Mi1.6.10, auth 0, hr_mode 0
#1320517 11.07.2026 00:31:26 : EVT <Unknown> : 1783722686575:On Skin Set.
#1320518 11.07.2026 00:31:27 : EVT OHR : No HR update, invalidate by timer
#1320519 11.07.2026 00:31:28 : WRN WBAPI : eID-691468(277): /Dive/TankPressure/Alarm/Count 404
#1320520 11.07.2026 00:31:28 : EVT OHR : S:start 0x21a3
#1320521 11.07.2026 00:31:28 : EVT <Unknown> : 1783722688590:Meas start 0x21a3
#1320522 11.07.2026 00:31:30 : ERR <Unknown> : 1783722690600:Mi invalid call:100,code:0.
#1320523 11.07.2026 00:31:33 : EVT OHR : No HR update, invalidate by timer
#1320524 11.07.2026 00:31:36 : EVT ANALYTICS : #FusHr src:2 time:0
#1320525 11.07.2026 00:31:36 : WRN WBAPI : eID-691468(277): /Dive/Alarms/Acknowledge 404
#1320526 11.07.2026 00:31:36 : WRN WBAPI : eID-691468(277): /Dive/DiveGases 404
#1320527 11.07.2026 00:31:36 : WRN WBAPI : eID-691468(277): /Dive/Gauge/Next 404
#1320528 11.07.2026 00:31:36 : EVT TRAININGLAB : TLab:~Mode T 0 + 419 A 0 + 0
#1320529 11.07.2026 00:31:36 : EVT TRAININGLAB : TLab:Change mode 2->3
#1320530 11.07.2026 00:31:36 : EVT TRAININGLAB : TLab:Mode::userInfo 60, 200, 1, 37, 182, 950, 1990
#1320531 11.07.2026 00:31:36 : ERR BLE : [AURA]No filters left, stopping scan
#1320532 11.07.2026 00:31:36 : EVT LOGGER : Log space:30505429 bytes free
#1320533 11.07.2026 00:31:36 : EVT TRAININGLAB : ModeUnsub:2800
#1320534 11.07.2026 00:31:36 : EVT TRAININGLAB : ModeSub:9004
#1320535 11.07.2026 00:31:36 : EVT TRAININGLAB : TLab:Select input 0
#1320536 11.07.2026 00:31:36 : EVT TRAININGLAB : Tlab:HR src is 2
#1320537 11.07.2026 00:31:36 : EVT TRAININGLAB : TLab:Active input 0
#1320538 11.07.2026 00:31:36 : EVT LOGGER : Exercise started
#1320539 11.07.2026 00:31:36 : TRC GPS : Full GNSS data subd l:0 c:802b0000
#1320540 11.07.2026 00:31:38 : EVT ANALYTICS : Battery-> 3 soc:98
#1320541 11.07.2026 00:31:38 : EVT ANALYTICS : #FusHr src:2 time:0
#1320542 11.07.2026 00:31:38 : EVT ANALYTICS : #Act id:16
#1320543 11.07.2026 00:31:38 : EVT ANALYTICS : #powersave mode:p temp:33.2
#1320544 11.07.2026 00:31:38 : EVT ANALYTICS : GPSMODE:NOTUSED
#1320545 11.07.2026 00:31:38 : EVT ANALYTICS : #gnss d:2026-07-10T00:00:00Z
#1320546 11.07.2026 00:31:39 : EVT ANALYTICS : #zapp n:Climb Log e:1
#1320547 11.07.2026 00:31:39 : EVT ANALYTICS : #zapp n:Weather e:1
#1320548 11.07.2026 00:31:39 : EVT ANALYTICS : #zapp n:Movement e:1
#1320549 11.07.2026 00:31:41 : EVT OHR : No HR update, invalidate by timer
#1320550 11.07.2026 00:31:42 : EVT OHR : new HR update
#1320551 11.07.2026 00:31:42 : EVT TRAININGLAB : TLab:Active input 1
#1320552 11.07.2026 00:31:42 : WRN WBAPI : eID-691468(277): /Dive/Alarms/Acknowledge 404
#1320553 11.07.2026 00:31:42 : WRN WBAPI : eID-691468(277): /Dive/DiveGases 404
#1320554 11.07.2026 00:31:42 : WRN WBAPI : eID-691468(277): /Dive/Gauge/Next 404
#1320555 11.07.2026 00:31:44 : EVT LOGGER : LGR 934, 80
#1320556 11.07.2026 00:31:44 : WRN WBAPI : eID-691468(277): /Dive/Alarms/Acknowledge 404
#1320557 11.07.2026 00:31:44 : WRN WBAPI : eID-691468(277): /Dive/DiveGases 404
#1320558 11.07.2026 00:31:44 : WRN WBAPI : eID-691468(277): /Dive/Gauge/Next 404
#1320559 11.07.2026 00:31:44 : EVT ANALYTICS : #ws AID:16 BM:1 NS:0 SP:3 ZN:0 TG:0 BL:0 GPS:0
#1320560 11.07.2026 00:31:44 : EVT ANALYTICS : #2ws AID:16 WHR:1 INT:0 AL:0 AP:0 FE:1 MC:1 TH:0
#1320561 11.07.2026 00:31:45 : EVT LOGGER : LGR 934, 80
#1320562 11.07.2026 00:31:46 : EVT UI_FRAMEWORK : evalFile: b:/zapp/climbl01.fea/ext10.js from ui
#1320563 11.07.2026 00:31:46 : EVT UI_FRAMEWORK : evalFile: b:/zapp/climbl01.fea/ext30.js from ui
#1320564 11.07.2026 00:31:47 : WRN WBAPI : eID-691468(277): /Dive/Alarms/Acknowledge 404
#1320565 11.07.2026 00:31:47 : WRN WBAPI : eID-691468(277): /Dive/DiveGases 404
#1320566 11.07.2026 00:31:47 : WRN WBAPI : eID-691468(277): /Dive/Gauge/Next 404
#1320567 11.07.2026 00:31:47 : EVT LOGGER : LGR 934, 80
#1320568 11.07.2026 00:31:47 : WRN WBAPI : eID-691468(277): /Dive/Alarms/Acknowledge 404
#1320569 11.07.2026 00:31:47 : WRN WBAPI : eID-691468(277): /Dive/DiveGases 404
#1320570 11.07.2026 00:31:47 : WRN WBAPI : eID-691468(277): /Dive/Gauge/Next 404
#1320571 11.07.2026 00:31:48 : EVT LOGGER : LGR 934, 80
#1320572 11.07.2026 00:31:49 : WRN WBAPI : eID-691468(277): /Dive/Alarms/Acknowledge 404
#1320573 11.07.2026 00:31:49 : WRN WBAPI : eID-691468(277): /Dive/DiveGases 404
#1320574 11.07.2026 00:31:49 : WRN WBAPI : eID-691468(277): /Dive/Gauge/Next 404
#1320575 11.07.2026 00:31:50 : EVT LOGGER : LGR 934, 80
#1320576 11.07.2026 00:31:50 : WRN WBAPI : eID-691468(277): /Dive/Alarms/Acknowledge 404
#1320577 11.07.2026 00:31:50 : WRN WBAPI : eID-691468(277): /Dive/DiveGases 404
#1320578 11.07.2026 00:31:50 : WRN WBAPI : eID-691468(277): /Dive/Gauge/Next 404
#1320579 11.07.2026 00:31:51 : EVT LOGGER : LGR 934, 80
#1320580 11.07.2026 00:31:52 : WRN WBAPI : eID-691468(277): /Dive/Alarms/Acknowledge 404
#1320581 11.07.2026 00:31:52 : WRN WBAPI : eID-691468(277): /Dive/DiveGases 404
#1320582 11.07.2026 00:31:52 : WRN WBAPI : eID-691468(277): /Dive/Gauge/Next 404
#1320583 11.07.2026 00:31:53 : EVT LOGGER : LGR 934, 80
#1320584 11.07.2026 00:31:53 : WRN WBAPI : eID-691468(277): /Dive/Alarms/Acknowledge 404
#1320585 11.07.2026 00:31:53 : WRN WBAPI : eID-691468(277): /Dive/DiveGases 404
#1320586 11.07.2026 00:31:53 : WRN WBAPI : eID-691468(277): /Dive/Gauge/Next 404
#1320587 11.07.2026 00:31:54 : EVT LOGGER : LGR 934, 80
#1320588 11.07.2026 00:31:55 : WRN WBAPI : eID-691468(277): /Dive/Alarms/Acknowledge 404
#1320589 11.07.2026 00:31:55 : WRN WBAPI : eID-691468(277): /Dive/DiveGases 404
#1320590 11.07.2026 00:31:55 : WRN WBAPI : eID-691468(277): /Dive/Gauge/Next 404
#1320591 11.07.2026 00:31:56 : EVT LOGGER : LGR 934, 80
#1320592 11.07.2026 00:31:56 : WRN WBAPI : eID-691468(277): /Dive/Alarms/Acknowledge 404
#1320593 11.07.2026 00:31:56 : WRN WBAPI : eID-691468(277): /Dive/DiveGases 404
#1320594 11.07.2026 00:31:56 : WRN WBAPI : eID-691468(277): /Dive/Gauge/Next 404
#1320595 11.07.2026 00:31:56 : EVT LOGGER : LGR 934, 80
#1320596 11.07.2026 00:31:57 : EVT LOGGER : LGR 934, 80
#1320597 11.07.2026 00:31:59 : WRN WBAPI : eID-691468(277): /Dive/Alarms/Acknowledge 404
#1320598 11.07.2026 00:31:59 : WRN WBAPI : eID-691468(277): /Dive/DiveGases 404
#1320599 11.07.2026 00:31:59 : WRN WBAPI : eID-691468(277): /Dive/Gauge/Next 404
#1320600 11.07.2026 00:32:00 : EVT LOGGER : LGR 934, 80
#1320601 11.07.2026 00:32:00 : WRN WBAPI : eID-691468(277): /Dive/Alarms/Acknowledge 404
#1320602 11.07.2026 00:32:00 : WRN WBAPI : eID-691468(277): /Dive/DiveGases 404
#1320603 11.07.2026 00:32:00 : WRN WBAPI : eID-691468(277): /Dive/Gauge/Next 404
#1320604 11.07.2026 00:32:01 : EVT LOGGER : LGR 934, 80
#1320605 11.07.2026 00:32:03 : EVT UI_FRAMEWORK : evalFile: b:/zapp/climbl01.fea/ext14.js from ui
#1320606 11.07.2026 00:32:03 : WRN WBAPI : eID-691468(277): /Dive/Alarms/Acknowledge 404
#1320607 11.07.2026 00:32:04 : WRN WBAPI : eID-691468(277): /Dive/DiveGases 404
#1320608 11.07.2026 00:32:04 : WRN WBAPI : eID-691468(277): /Dive/Gauge/Next 404
#1320609 11.07.2026 00:32:10 : EVT UI_FRAMEWORK : evalFile: b:/zapp/climbl01.fea/ext21.js from ui
#1320610 11.07.2026 00:32:15 : EVT LOGGER : Exercise paused
#1320611 11.07.2026 00:32:15 : WRN WBAPI : eID-691468(277): /Dive/Alarms/Acknowledge 404
#1320612 11.07.2026 00:32:15 : WRN WBAPI : eID-691468(277): /Dive/DiveGases 404
#1320613 11.07.2026 00:32:15 : WRN WBAPI : eID-691468(277): /Dive/Gauge/Next 404
#1320614 11.07.2026 00:32:18 : EVT APPLICATION : Zapp zzmoveen:Disable
#1320615 11.07.2026 00:32:18 : EVT ANALYTICS : Zapp disabled i:6 h:7aac0887 n:Movement
#1320616 11.07.2026 00:32:18 : EVT UI_FRAMEWORK : evalFile: b:/zapp/zzmoveen.fea/ext2.js from ui
#1320617 11.07.2026 00:32:18 : EVT APPLICATION : Zapp zzwethen:Disable
#1320618 11.07.2026 00:32:18 : EVT ANALYTICS : Zapp disabled i:8 h:3f77f8ec n:Weather
#1320619 11.07.2026 00:32:18 : EVT APPLICATION : Zapp climbl01:Disable
#1320620 11.07.2026 00:32:18 : EVT UI_FRAMEWORK : evalFile: b:/zapp/climbl01.fea/ext11.js from ui
#1320621 11.07.2026 00:32:18 : EVT ANALYTICS : Zapp disabled i:17 h:a5e7afa5 n:Climb Log
#1320622 11.07.2026 00:32:18 : EVT UI_FRAMEWORK : JS discard disable zapps
#1320623 11.07.2026 00:32:18 : EVT UI_FRAMEWORK : JS will discard
#1320624 11.07.2026 00:32:18 : EVT SPEEDFUSION : INFO # stop speed fusion
#1320625 11.07.2026 00:32:18 : EVT <Unknown> : Update pres sampl intrvl:5
#1320626 11.07.2026 00:32:18 : WRN APPLICATION : discard hrr meas l:3 d:0 sh:87 mh:87 v:0
#1320627 11.07.2026 00:32:18 : WRN WBAPI : eID-698eec(583/65535): 404
#1320628 11.07.2026 00:32:18 : EVT TRAININGZONE : User Define Mode:5
#1320629 11.07.2026 00:32:18 : EVT TRAININGZONE : Tss HR:0.33
#1320630 11.07.2026 00:32:18 : EVT TRAININGZONE : A:16,Tss:[-200.00,-200.00,-200.00,0.33]
#1320631 11.07.2026 00:32:18 : EVT TRAININGLAB : AppFeature Vo2Max 0.000000
#1320632 11.07.2026 00:32:18 : EVT TRAININGLAB : TLab:~Mode T 419 + 19 A 0 + 10
#1320633 11.07.2026 00:32:18 : EVT TRAININGLAB : TLab:Change mode 3->2
#1320634 11.07.2026 00:32:18 : EVT TRAININGLAB : TLab:Mode::userInfo 60, 200, 1, 37, 182, 950, 1990
#1320635 11.07.2026 00:32:18 : EVT LOGGER : LGR 934, 80
#1320636 11.07.2026 00:32:18 : EVT TRAININGLAB : ModeUnsub:9145
#1320637 11.07.2026 00:32:18 : EVT OHR : S:start 0x2123
#1320638 11.07.2026 00:32:18 : EVT TRAININGLAB : ModeSub:0400
#1320639 11.07.2026 00:32:18 : EVT ANALYTICS : WAOae:Activity WAOae:16
#1320640 11.07.2026 00:32:18 : EVT ANALYTICS : WAOae:TotalAcc WAOae:0,0,0
#1320641 11.07.2026 00:32:18 : EVT ANALYTICS : WAOae:AccCount WAOae:0,0,0
#1320642 11.07.2026 00:32:18 : EVT ANALYTICS : WAOae:Distance WAOae:0,0,0
#1320643 11.07.2026 00:32:18 : EVT ANALYTICS : WAOae:Duration WAOae:0,0,0
#1320644 11.07.2026 00:32:18 : EVT ANALYTICS : WAOae:Coeff WAOae:0,40,240,390,773,7524,7624
#1320645 11.07.2026 00:32:18 : EVT LOGGER : Exercise stopped
#1320646 11.07.2026 00:32:18 : EVT LOGGER : HrIbiLogger stop, off (0 ms)
#1320647 11.07.2026 00:32:18 : EVT LOGGER : HrIbiLogger stopped (0 ms)
#1320648 11.07.2026 00:32:18 : TRC GPS : Unsubd c:802b0000
#1320649 11.07.2026 00:32:18 : EVT LOGGER : LGR 934, 80
#1320650 11.07.2026 00:32:18 : EVT <Unknown> : 1783722738923:Meas start 0x2123
#1320651 11.07.2026 00:32:18 : EVT LOGGER : LGR 934, 80
#1320652 11.07.2026 00:32:19 : EVT ANALYTICS : SleepQ:Tracking:On
#1320653 11.07.2026 00:32:19 : EVT LOGGER : Wr dpc on
#1320654 11.07.2026 00:32:19 : EVT LOGGER : LGR 20993, 56
#1320655 11.07.2026 00:32:20 : EVT BLE : Disconn sensor:1
#1320656 11.07.2026 00:32:20 : EVT BLE : BLE Sensor Link 4800180D Disc (L-E-:00:0)
#1320657 11.07.2026 00:32:20 : WRN BLE : sendDisconnect 6157
#1320658 11.07.2026 00:32:20 : ERR BLE : [AURA]Filter with handle 72 not found
#1320659 11.07.2026 00:32:20 : EVT UI_FRAMEWORK : JS feeling vs idle 1
#1320660 11.07.2026 00:32:20 : EVT UI_FRAMEWORK : JS feeling open ex-saving
#1320661 11.07.2026 00:32:20 : EVT WBSTORAGE : CACHE_DEFRAG (648->1016, 24->24, 25)
#1320662 11.07.2026 00:32:20 : EVT WBSTORAGE : CACHE_DEFRAG (1000->1008, 24->24, 25)
#1320663 11.07.2026 00:32:20 : EVT WBSTORAGE : CACHE_DEFRAG (992->1000, 24->24, 25)
#1320664 11.07.2026 00:32:20 : TRC NAVIGATION : CG: no climb WP
#1320665 11.07.2026 00:32:20 : TRC NAVIGATION : CG:init ZoomType=0
#1320666 11.07.2026 00:32:20 : EVT NAVIGATION : initSeg Idx=0 D=1 T=0 3-0-4
#1320667 11.07.2026 00:32:20 : EVT WBSTORAGE : CACHE_DEFRAG (984->1024, 24->24, 25)
#1320668 11.07.2026 00:32:20 : EVT SPEEDFUSION : INFO # IDLE mode(-1) set
#1320669 11.07.2026 00:32:20 : EVT ALTIFUSION : AltiBaroMode:2
#1320670 11.07.2026 00:32:21 : EVT ANALYTICS : #powersave mode:p temp:33.3
#1320671 11.07.2026 00:32:21 : EVT ANALYTICS : Battery-> 4 soc:98
#1320672 11.07.2026 00:32:24 : EVT ANALYTICS : Duration ExSaving:3741
#1320673 11.07.2026 00:32:24 : EVT ANALYTICS : Duration ExSumBroker:356
#1320674 11.07.2026 00:32:30 : EVT APPLICATION : Zapp zwc05901:Load script
#1320675 11.07.2026 00:32:30 : EVT APPLICATION : Zapp zwc05901:Enable
#1320676 11.07.2026 00:32:30 : EVT ANALYTICS : Zapp enabled i:3 h:ddb248f2 n:zwc05901 v:124f
#1320677 11.07.2026 00:32:30 : WRN WBAPI : eID-691468(277): /Weather/Current/ValidWeatherData.temp 
#1320678 11.07.2026 00:32:30 : EVT TRAININGZONE : Update TSS:0.33
#1320679 11.07.2026 00:32:30 : EVT WBSTORAGE : CACHE_DEFRAG (1000->1008, 24->24, 25)
#1320680 11.07.2026 00:32:30 : WRN WBAPI : eID-691468(277): /Weather/Current/ValidWeatherData.temp 
#1320681 11.07.2026 00:32:32 : WRN WBAPI : eID-691468(277): /Weather/Current/ValidWeatherData.temp 
#1320682 11.07.2026 00:32:33 : EVT WBSTORAGE : CACHE_DEFRAG (880->888, 24->24, 25)
#1320683 11.07.2026 00:32:33 : WRN WBAPI : eID-691468(277): /Augmented/HeartRate/Average 404
#1320684 11.07.2026 00:32:37 : EVT APPLICATION : Zapp zwc05901:Disable
#1320685 11.07.2026 00:32:37 : EVT ANALYTICS : Duration ExSumBroker:223
#1320686 11.07.2026 00:32:37 : EVT ANALYTICS : Zapp disabled i:3 h:ddb248f2 n:Vector classic
#1320687 11.07.2026 00:32:42 : EVT UI_FRAMEWORK : JS delete log
#1320688 11.07.2026 00:32:42 : WRN LOGGER : Delete b:logs/6A5172C8
#1320689 11.07.2026 00:32:44 : WRN UI_FRAMEWORK : :if fail:{FROM_WF}==1
#1320690 11.07.2026 00:32:44 : WRN UI_FRAMEWORK : :if fail:{FROM_WF}==2
#1320691 11.07.2026 00:32:44 : WRN UI_FRAMEWORK : JS
elem[116646992]._onActivate()
#1320692 11.07.2026 00:32:44 : WRN UI_FRAMEWORK : Call Method F fail
#1320693 11.07.2026 00:32:44 : ERR UI_FRAMEWORK : Unknown token? 'FROM_WF'
#1320694 11.07.2026 00:33:44 : EVT APPLICATION : Zapp zwc05901:Load script
#1320695 11.07.2026 00:33:44 : EVT APPLICATION : Zapp zwc05901:Enable
#1320696 11.07.2026 00:33:44 : EVT ANALYTICS : Zapp enabled i:3 h:ddb248f2 n:zwc05901 v:124f
#1320697 11.07.2026 00:33:44 : WRN WBAPI : eID-691468(277): /Weather/Current/ValidWeatherData.temp 
#1320698 11.07.2026 00:33:57 : EVT <Unknown> : 1783722837027:SCD DET STATE ON.
#1320699 11.07.2026 00:58:16 : EVT WBSTORAGE : CACHE_DEFRAG (800->808, 24->24, 25)
#1320700 11.07.2026 00:58:16 : EVT WBSTORAGE : CACHE_DEFRAG (768->808, 24->24, 25)
#1320701 11.07.2026 00:58:16 : EVT WBSTORAGE : CACHE_DEFRAG (784->792, 24->24, 25)
#1320702 11.07.2026 00:58:16 : EVT WBSTORAGE : CACHE_DEFRAG (776->792, 24->24, 25)
#1320703 11.07.2026 00:58:17 : TRC NAVIGATION : CG: no climb WP
#1320704 11.07.2026 00:58:17 : TRC NAVIGATION : CG:init ZoomType=0
#1320705 11.07.2026 00:58:17 : EVT NAVIGATION : initSeg Idx=0 D=1 T=0 3-0-4
#1320706 11.07.2026 00:58:17 : EVT WBSTORAGE : CACHE_DEFRAG (776->912, 24->24, 25)
#1320707 11.07.2026 00:58:17 : EVT ALTIFUSION : AltiBaroMode:0
#1320708 11.07.2026 00:58:17 : EVT ALTIFUSION : Init AltiBaro
#1320709 11.07.2026 00:58:17 : EVT APPLICATION : Zapp zwc05901:Disable
#1320710 11.07.2026 00:58:17 : EVT ANALYTICS : Zapp disabled i:3 h:ddb248f2 n:Vector classic
#1320711 11.07.2026 00:58:17 : EVT ANALYTICS : SleepQ:Tracking:On
#1320712 11.07.2026 00:58:17 : EVT ALTIFUSION : AltiBaroMode:0
#1320713 11.07.2026 00:58:17 : EVT ALTIFUSION : Init AltiBaro
#1320714 11.07.2026 00:58:17 : EVT UI_FRAMEWORK : JS nsto enable zapp: zzwethen
#1320715 11.07.2026 00:58:17 : EVT UI_FRAMEWORK : JS nsto enable zapp: zzmoveen
#1320716 11.07.2026 00:58:17 : EVT APPLICATION : Zapp zzwethen:Load script
#1320717 11.07.2026 00:58:17 : EVT APPLICATION : Zapp zzwethen:Enable
#1320718 11.07.2026 00:58:17 : EVT ANALYTICS : Zapp enabled i:8 h:3f77f8ec n:zzwethen v:ade
#1320719 11.07.2026 00:58:17 : EVT APPLICATION : Zapp clid:32878
#1320720 11.07.2026 00:58:17 : EVT APPLICATION : Zapp zzmoveen:Load script
#1320721 11.07.2026 00:58:17 : EVT APPLICATION : Zapp zzmoveen:Enable
#1320722 11.07.2026 00:58:17 : EVT ANALYTICS : Zapp enabled i:6 h:7aac0887 n:zzmoveen v:8e0
#1320723 11.07.2026 00:58:17 : EVT UI_FRAMEWORK : evalFile: b:/zapp/zzmoveen.fea/ext1.js from ui
#1320724 11.07.2026 00:58:17 : EVT APPLICATION : Zapp clid:32879
#1320725 11.07.2026 00:58:17 : EVT UI_FRAMEWORK : JS nsto all zapps enabled.
#1320726 11.07.2026 00:58:17 : EVT UI_FRAMEWORK : JS Prestart Activity Id: 16.000
#1320727 11.07.2026 00:58:17 : WRN WBAPI : eID-691468(277): /Dive/Alarms/Acknowledge 404
#1320728 11.07.2026 00:58:17 : WRN WBAPI : eID-691468(277): /Dive/DiveGases 404
#1320729 11.07.2026 00:58:17 : WRN WBAPI : eID-691468(277): /Dive/Gauge/Next 404
#1320730 11.07.2026 00:58:17 : EVT WBSTORAGE : CACHE_DEFRAG (888->896, 24->24, 25)
#1320731 11.07.2026 00:58:17 : EVT WBSTORAGE : CACHE_DEFRAG (824->832, 24->24, 25)
#1320732 11.07.2026 00:58:17 : EVT WBSTORAGE : CACHE_DEFRAG (760->768, 24->24, 25)
#1320733 11.07.2026 00:58:17 : EVT BLE : BLE Sensor Link 4800180D Conn (--E-:00:1)
#1320734 11.07.2026 00:58:17 : WRN BLE : sendConnect 6157
#1320735 11.07.2026 00:58:18 : WRN WBAPI : eID-691468(277): /Dive/TankPressure/Alarm/Count 404
#1320736 11.07.2026 00:58:18 : EVT SPEEDFUSION : INFO # start speed fusion
#1320737 11.07.2026 00:58:18 : EVT SPEEDFUSION : Act:16,Acc:0,BPod:0,FPod:0,PPod:0,BeltPod:1
#1320738 11.07.2026 00:58:18 : EVT SPEEDFUSION : INFO # Start algo without wrist acc
#1320739 11.07.2026 00:58:18 : EVT <Unknown> : Update pres sampl intrvl:1
#1320740 11.07.2026 00:58:18 : EVT OHR : S:start 0x21a3
#1320741 11.07.2026 00:58:18 : EVT <Unknown> : 1783724298351:Meas start 0x21a3
#1320742 11.07.2026 00:58:19 : EVT TRAININGLAB : TLab:~Mode T 438 + 345 A 10 + 0
#1320743 11.07.2026 00:58:19 : EVT TRAININGLAB : TLab:Change mode 2->3
#1320744 11.07.2026 00:58:19 : EVT TRAININGLAB : TLab:Mode::userInfo 60, 200, 1, 37, 182, 950, 1990
#1320745 11.07.2026 00:58:19 : EVT LOGGER : Log space:30505429 bytes free
#1320746 11.07.2026 00:58:19 : EVT TRAININGLAB : ModeUnsub:2800
#1320747 11.07.2026 00:58:19 : EVT TRAININGLAB : ModeSub:9004
#1320748 11.07.2026 00:58:19 : EVT TRAININGLAB : TLab:Select input 0
#1320749 11.07.2026 00:58:19 : EVT TRAININGLAB : TLab:Active input 0
#1320750 11.07.2026 00:58:19 : EVT LOGGER : Exercise started
#1320751 11.07.2026 00:58:19 : EVT BLE : HR RR on (98077541)
#1320752 11.07.2026 00:58:19 : TRC GPS : Full GNSS data subd l:0 c:802b0000
#1320753 11.07.2026 00:58:21 : EVT ANALYTICS : Battery-> 3 soc:98
#1320754 11.07.2026 00:58:21 : EVT ANALYTICS : #FusHr src:0 time:0
#1320755 11.07.2026 00:58:21 : EVT ANALYTICS : #Act id:16
#1320756 11.07.2026 00:58:21 : EVT ANALYTICS : #powersave mode:p temp:33.4
#1320757 11.07.2026 00:58:21 : EVT ANALYTICS : GPSMODE:NOTUSED
#1320758 11.07.2026 00:58:21 : EVT ANALYTICS : #gnss d:2026-07-10T00:00:00Z
#1320759 11.07.2026 00:58:21 : EVT ANALYTICS : #zapp n:Weather e:1
#1320760 11.07.2026 00:58:21 : EVT ANALYTICS : #zapp n:Movement e:1
#1320761 11.07.2026 00:58:27 : EVT ANALYTICS : #ws AID:16 BM:1 NS:0 SP:2 ZN:0 TG:0 BL:0 GPS:0
#1320762 11.07.2026 00:58:27 : EVT ANALYTICS : #2ws AID:16 WHR:1 INT:0 AL:0 AP:0 FE:1 MC:1 TH:0
#1320763 11.07.2026 00:58:27 : EVT LOGGER : Exercise paused
#1320764 11.07.2026 00:58:27 : EVT BLE : lt,scan 1
#1320765 11.07.2026 00:58:27 : WRN BLE : sendDisconnect 6157
#1320766 11.07.2026 00:58:27 : ERR BLE : [AURA]No filters left, stopping scan
#1320767 11.07.2026 00:58:28 : ERR BLE : [AURA]Filter with handle 72 not found
#1320768 11.07.2026 00:58:28 : EVT BLE : packet 0 sensor found count 1
#1320769 11.07.2026 00:58:28 : EVT BLE : packet 0 sensor found count 2
#1320770 11.07.2026 00:58:28 : EVT ANALYTICS : #FusHr src:2 time:10031
#1320771 11.07.2026 00:58:28 : EVT TRAININGLAB : Tlab:HR src is 2
#1320772 11.07.2026 00:58:28 : EVT ANALYTICS : #FusHr src:2 time:0
#1320773 11.07.2026 00:58:28 : EVT TRAININGLAB : TLab:Active input 1
#1320774 11.07.2026 00:58:29 : EVT APPLICATION : Zapp zzmoveen:Disable
#1320775 11.07.2026 00:58:29 : EVT ANALYTICS : Zapp disabled i:6 h:7aac0887 n:Movement
#1320776 11.07.2026 00:58:29 : EVT UI_FRAMEWORK : evalFile: b:/zapp/zzmoveen.fea/ext2.js from ui
#1320777 11.07.2026 00:58:29 : EVT APPLICATION : Zapp zzwethen:Disable
#1320778 11.07.2026 00:58:29 : EVT ANALYTICS : Zapp disabled i:8 h:3f77f8ec n:Weather
#1320779 11.07.2026 00:58:29 : EVT UI_FRAMEWORK : JS discard disable zapps
#1320780 11.07.2026 00:58:29 : EVT UI_FRAMEWORK : JS will discard
#1320781 11.07.2026 00:58:29 : EVT SPEEDFUSION : INFO # stop speed fusion
#1320782 11.07.2026 00:58:29 : EVT <Unknown> : Update pres sampl intrvl:5
#1320783 11.07.2026 00:58:29 : WRN APPLICATION : discard hrr meas l:3 d:0 sh:0 mh:0 v:0
#1320784 11.07.2026 00:58:29 : WRN WBAPI : eID-698eec(583/65535): 404
#1320785 11.07.2026 00:58:29 : EVT TRAININGZONE : User Define Mode:5
#1320786 11.07.2026 00:58:29 : EVT TRAININGZONE : Tss HR:0.08
#1320787 11.07.2026 00:58:29 : EVT TRAININGZONE : A:16,Tss:[-200.00,-200.00,-200.00,0.08]
#1320788 11.07.2026 00:58:29 : EVT TRAININGLAB : AppFeature Vo2Max 0.000000
#1320789 11.07.2026 00:58:29 : EVT TRAININGLAB : TLab:~Mode T 783 + 2 A 10 + 0
#1320790 11.07.2026 00:58:29 : EVT TRAININGLAB : TLab:Change mode 3->2
#1320791 11.07.2026 00:58:29 : EVT TRAININGLAB : TLab:Mode::userInfo 60, 200, 1, 37, 182, 950, 1990
#1320792 11.07.2026 00:58:29 : EVT LOGGER : LGR 934, 80
#1320793 11.07.2026 00:58:29 : EVT TRAININGLAB : ModeUnsub:9145
#1320794 11.07.2026 00:58:29 : EVT OHR : S:start 0x2123
#1320795 11.07.2026 00:58:29 : EVT TRAININGLAB : ModeSub:0400
#1320796 11.07.2026 00:58:29 : EVT ANALYTICS : WAOae:Activity WAOae:16
#1320797 11.07.2026 00:58:29 : EVT ANALYTICS : WAOae:TotalAcc WAOae:0,0,0
#1320798 11.07.2026 00:58:29 : EVT ANALYTICS : WAOae:AccCount WAOae:0,0,0
#1320799 11.07.2026 00:58:29 : EVT ANALYTICS : WAOae:Distance WAOae:0,0,0
#1320800 11.07.2026 00:58:29 : EVT ANALYTICS : WAOae:Duration WAOae:0,0,0
#1320801 11.07.2026 00:58:29 : EVT ANALYTICS : WAOae:Coeff WAOae:0,40,240,390,773,7524,7624
#1320802 11.07.2026 00:58:29 : EVT LOGGER : Exercise stopped
#1320803 11.07.2026 00:58:29 : EVT BLE : HR RR off (98088075, 10534 ms missing)
#1320804 11.07.2026 00:58:29 : EVT BLE : HR RR done
#1320805 11.07.2026 00:58:29 : EVT LOGGER : HrIbiLogger stop, off (0 ms)
#1320806 11.07.2026 00:58:29 : EVT LOGGER : HrIbiLogger stopped (0 ms)
#1320807 11.07.2026 00:58:29 : TRC GPS : Unsubd c:802b0000
#1320808 11.07.2026 00:58:29 : EVT LOGGER : LGR 934, 80
#1320809 11.07.2026 00:58:29 : EVT ANALYTICS : SleepQ:Tracking:On
#1320810 11.07.2026 00:58:29 : EVT LOGGER : Wr dpc on
#1320811 11.07.2026 00:58:29 : EVT LOGGER : LGR 20993, 56
#1320812 11.07.2026 00:58:30 : EVT <Unknown> : 1783724309709:Meas start 0x2123
#1320813 11.07.2026 00:58:30 : EVT WBSTORAGE : CACHE_DEFRAG (688->840, 24->24, 25)
#1320814 11.07.2026 00:58:30 : EVT WBSTORAGE : CACHE_DEFRAG (824->832, 24->24, 25)
#1320815 11.07.2026 00:58:30 : EVT WBSTORAGE : CACHE_DEFRAG (816->824, 24->24, 25)
#1320816 11.07.2026 00:58:30 : TRC NAVIGATION : CG: no climb WP
#1320817 11.07.2026 00:58:30 : TRC NAVIGATION : CG:init ZoomType=0
#1320818 11.07.2026 00:58:30 : EVT NAVIGATION : initSeg Idx=0 D=1 T=0 3-0-4
#1320819 11.07.2026 00:58:30 : EVT WBSTORAGE : CACHE_DEFRAG (808->1024, 24->24, 25)
#1320820 11.07.2026 00:58:30 : EVT SPEEDFUSION : INFO # IDLE mode(-1) set
#1320821 11.07.2026 00:58:30 : EVT ALTIFUSION : AltiBaroMode:2
#1320822 11.07.2026 00:58:30 : ERR WBMAIN : *0: app 546 Event 28 802c400e
#1320823 11.07.2026 00:58:30 : ERR WBMAIN : 1: mea 0 Wait 0 00000000
#1320824 11.07.2026 00:58:30 : ERR WBMAIN : 2: ui 2 Wait 0 00000000
#1320825 11.07.2026 00:58:30 : EVT BLE : Disconn sensor:1
#1320826 11.07.2026 00:58:30 : EVT BLE : BLE Sensor Link 4800180D Disc (L-E-:00:0)
#1320827 11.07.2026 00:58:30 : WRN BLE : sendDisconnect 6157
#1320828 11.07.2026 00:58:30 : ERR BLE : [AURA]No filters left, stopping scan
#1320829 11.07.2026 00:58:31 : EVT ANALYTICS : #powersave mode:p temp:33.4
#1320830 11.07.2026 00:58:31 : EVT ANALYTICS : Battery-> 4 soc:98
#1320831 11.07.2026 00:58:33 : EVT UI_FRAMEWORK : JS discard
#1320832 11.07.2026 00:58:33 : WRN LOGGER : Delete b:logs/6A51790B
#1320833 11.07.2026 00:58:35 : EVT WBSTORAGE : CACHE_DEFRAG (1000->1008, 24->24, 25)
#1320834 11.07.2026 00:58:35 : EVT APPLICATION : Zapp zwc05901:Load script
#1320835 11.07.2026 00:58:35 : EVT APPLICATION : Zapp zwc05901:Enable
#1320836 11.07.2026 00:58:35 : EVT ANALYTICS : Zapp enabled i:3 h:ddb248f2 n:zwc05901 v:124f
#1320837 11.07.2026 00:58:35 : WRN WBAPI : eID-691468(277): /Weather/Current/ValidWeatherData.temp 
#1320838 11.07.2026 00:58:36 : EVT WBSTORAGE : CACHE_DEFRAG (880->888, 24->24, 25)
#1320839 11.07.2026 00:58:39 : EVT WBSTORAGE : CACHE_DEFRAG (800->808, 24->24, 25)
#1320840 11.07.2026 00:58:39 : EVT WBSTORAGE : CACHE_DEFRAG (768->800, 24->24, 25)
#1320841 11.07.2026 00:58:39 : TRC NAVIGATION : CG: no climb WP
#1320842 11.07.2026 00:58:39 : TRC NAVIGATION : CG:init ZoomType=0
#1320843 11.07.2026 00:58:39 : EVT NAVIGATION : initSeg Idx=0 D=1 T=0 3-0-4
#1320844 11.07.2026 00:58:39 : EVT WBSTORAGE : CACHE_DEFRAG (776->944, 24->24, 25)
#1320845 11.07.2026 00:58:39 : EVT ALTIFUSION : AltiBaroMode:0
#1320846 11.07.2026 00:58:39 : EVT ALTIFUSION : Init AltiBaro
#1320847 11.07.2026 00:58:39 : EVT APPLICATION : Zapp zwc05901:Disable
#1320848 11.07.2026 00:58:39 : EVT ANALYTICS : Zapp disabled i:3 h:ddb248f2 n:Vector classic
#1320849 11.07.2026 00:58:39 : EVT ANALYTICS : SleepQ:Tracking:On
#1320850 11.07.2026 00:58:39 : EVT ALTIFUSION : AltiBaroMode:0
#1320851 11.07.2026 00:58:39 : EVT ALTIFUSION : Init AltiBaro
#1320852 11.07.2026 00:58:39 : EVT WBSTORAGE : CACHE_DEFRAG (920->928, 24->24, 25)
#1320853 11.07.2026 00:58:39 : EVT UI_FRAMEWORK : JS nsto enable zapp: zzwethen
#1320854 11.07.2026 00:58:39 : EVT UI_FRAMEWORK : JS nsto enable zapp: zzmoveen
#1320855 11.07.2026 00:58:39 : EVT APPLICATION : Zapp zzwethen:Load script
#1320856 11.07.2026 00:58:39 : EVT APPLICATION : Zapp zzwethen:Enable
#1320857 11.07.2026 00:58:39 : EVT ANALYTICS : Zapp enabled i:8 h:3f77f8ec n:zzwethen v:ade
#1320858 11.07.2026 00:58:39 : EVT APPLICATION : Zapp clid:32878
#1320859 11.07.2026 00:58:39 : EVT APPLICATION : Zapp zzmoveen:Load script
#1320860 11.07.2026 00:58:39 : EVT APPLICATION : Zapp zzmoveen:Enable
#1320861 11.07.2026 00:58:39 : EVT ANALYTICS : Zapp enabled i:6 h:7aac0887 n:zzmoveen v:8e0
#1320862 11.07.2026 00:58:39 : EVT UI_FRAMEWORK : evalFile: b:/zapp/zzmoveen.fea/ext1.js from ui
#1320863 11.07.2026 00:58:39 : EVT APPLICATION : Zapp clid:32879
#1320864 11.07.2026 00:58:39 : EVT UI_FRAMEWORK : JS nsto all zapps enabled.
#1320865 11.07.2026 00:58:39 : EVT UI_FRAMEWORK : JS Prestart Activity Id: 16.000
#1320866 11.07.2026 00:58:39 : WRN WBAPI : eID-691468(277): /Dive/Alarms/Acknowledge 404
#1320867 11.07.2026 00:58:39 : EVT WBSTORAGE : CACHE_DEFRAG (888->896, 24->24, 25)
#1320868 11.07.2026 00:58:40 : WRN WBAPI : eID-691468(277): /Dive/DiveGases 404
#1320869 11.07.2026 00:58:40 : WRN WBAPI : eID-691468(277): /Dive/Gauge/Next 404
#1320870 11.07.2026 00:58:40 : EVT WBSTORAGE : CACHE_DEFRAG (824->832, 24->24, 25)
#1320871 11.07.2026 00:58:40 : EVT WBSTORAGE : CACHE_DEFRAG (760->768, 24->24, 25)
#1320872 11.07.2026 00:58:40 : EVT BLE : BLE Sensor Link 4800180D Conn (--E-:00:1)
#1320873 11.07.2026 00:58:40 : WRN BLE : sendConnect 6157
#1320874 11.07.2026 00:58:40 : WRN WBAPI : eID-691468(277): /Dive/TankPressure/Alarm/Count 404
#1320875 11.07.2026 00:58:40 : EVT SPEEDFUSION : INFO # start speed fusion
#1320876 11.07.2026 00:58:40 : EVT SPEEDFUSION : Act:16,Acc:0,BPod:0,FPod:0,PPod:0,BeltPod:1
#1320877 11.07.2026 00:58:40 : EVT SPEEDFUSION : INFO # Start algo without wrist acc
#1320878 11.07.2026 00:58:40 : EVT <Unknown> : Update pres sampl intrvl:1
#1320879 11.07.2026 00:58:40 : EVT OHR : S:start 0x21a3
#1320880 11.07.2026 00:58:41 : EVT <Unknown> : 1783724320536:Meas start 0x21a3
#1320881 11.07.2026 00:58:46 : EVT APPLICATION : Zapp climbl01:Load script
#1320882 11.07.2026 00:58:46 : EVT APPLICATION : Zapp climbl01:Enable
#1320883 11.07.2026 00:58:46 : EVT ANALYTICS : Zapp enabled i:17 h:a5e7afa5 n:climbl01 v:3.0
#1320884 11.07.2026 00:58:46 : EVT APPLICATION : Zapp clid:32880
#1320885 11.07.2026 00:58:46 : EVT WBSTORAGE : CACHE_DEFRAG (688->720, 24->24, 25)
#1320886 11.07.2026 00:58:46 : EVT WBSTORAGE : CACHE_DEFRAG (656->696, 25->24, 25)
#1320887 11.07.2026 00:58:50 : EVT BLE : lt,scan 1
#1320888 11.07.2026 00:58:50 : WRN BLE : sendDisconnect 6157
#1320889 11.07.2026 00:58:50 : ERR BLE : [AURA]No filters left, stopping scan
#1320890 11.07.2026 00:58:50 : ERR BLE : [AURA]Filter with handle 72 not found
#1320891 11.07.2026 00:58:50 : EVT BLE : packet 0 sensor found count 1
#1320892 11.07.2026 00:58:50 : EVT BLE : packet 0 sensor found count 2
#1320893 11.07.2026 00:58:50 : EVT ANALYTICS : #FusHr src:2 time:10287
#1320894 11.07.2026 00:58:51 : EVT ANALYTICS : #FusHr src:2 time:0
#1320895 11.07.2026 00:58:51 : WRN WBAPI : eID-691468(277): /Dive/Alarms/Acknowledge 404
#1320896 11.07.2026 00:58:51 : WRN WBAPI : eID-691468(277): /Dive/DiveGases 404
#1320897 11.07.2026 00:58:51 : WRN WBAPI : eID-691468(277): /Dive/Gauge/Next 404
#1320898 11.07.2026 00:58:51 : EVT TRAININGLAB : TLab:~Mode T 785 + 4 A 10 + 0
#1320899 11.07.2026 00:58:51 : EVT TRAININGLAB : TLab:Change mode 2->3
#1320900 11.07.2026 00:58:51 : EVT TRAININGLAB : TLab:Mode::userInfo 60, 200, 1, 37, 182, 950, 1990
#1320901 11.07.2026 00:58:51 : ERR BLE : [AURA]No filters left, stopping scan
#1320902 11.07.2026 00:58:51 : EVT LOGGER : Log space:30505429 bytes free
#1320903 11.07.2026 00:58:51 : EVT TRAININGLAB : ModeUnsub:2800
#1320904 11.07.2026 00:58:51 : EVT TRAININGLAB : ModeSub:9004
#1320905 11.07.2026 00:58:51 : EVT TRAININGLAB : TLab:Select input 0
#1320906 11.07.2026 00:58:51 : EVT TRAININGLAB : Tlab:HR src is 2
#1320907 11.07.2026 00:58:51 : EVT TRAININGLAB : TLab:Active input 0
#1320908 11.07.2026 00:58:51 : EVT LOGGER : Exercise started
#1320909 11.07.2026 00:58:51 : TRC GPS : Full GNSS data subd l:0 c:802b0000
#1320910 11.07.2026 00:58:51 : EVT TRAININGLAB : TLab:Active input 1
#1320911 11.07.2026 00:58:53 : EVT ANALYTICS : Battery-> 3 soc:98
#1320912 11.07.2026 00:58:53 : EVT ANALYTICS : #FusHr src:2 time:0
#1320913 11.07.2026 00:58:53 : EVT ANALYTICS : #Act id:16
#1320914 11.07.2026 00:58:53 : EVT ANALYTICS : #powersave mode:p temp:33.5
#1320915 11.07.2026 00:58:53 : EVT ANALYTICS : GPSMODE:NOTUSED
#1320916 11.07.2026 00:58:53 : EVT ANALYTICS : #gnss d:2026-07-10T00:00:00Z
#1320917 11.07.2026 00:58:53 : EVT ANALYTICS : #zapp n:Climb Log e:1
#1320918 11.07.2026 00:58:53 : EVT ANALYTICS : #zapp n:Weather e:1
#1320919 11.07.2026 00:58:53 : EVT ANALYTICS : #zapp n:Movement e:1
#1320920 11.07.2026 00:58:57 : WRN WBAPI : eID-691468(277): /Dive/Alarms/Acknowledge 404
#1320921 11.07.2026 00:58:57 : WRN WBAPI : eID-691468(277): /Dive/DiveGases 404
#1320922 11.07.2026 00:58:57 : WRN WBAPI : eID-691468(277): /Dive/Gauge/Next 404
#1320923 11.07.2026 00:58:57 : EVT LOGGER : LGR 934, 80
#1320924 11.07.2026 00:58:58 : WRN WBAPI : eID-691468(277): /Dive/Alarms/Acknowledge 404
#1320925 11.07.2026 00:58:58 : WRN WBAPI : eID-691468(277): /Dive/DiveGases 404
#1320926 11.07.2026 00:58:58 : WRN WBAPI : eID-691468(277): /Dive/Gauge/Next 404
#1320927 11.07.2026 00:58:58 : EVT LOGGER : LGR 934, 80
#1320928 11.07.2026 00:58:59 : EVT ANALYTICS : #ws AID:16 BM:1 NS:0 SP:3 ZN:0 TG:0 BL:0 GPS:0
#1320929 11.07.2026 00:58:59 : EVT ANALYTICS : #2ws AID:16 WHR:1 INT:0 AL:0 AP:0 FE:1 MC:1 TH:0
#1320930 11.07.2026 00:58:59 : EVT UI_FRAMEWORK : evalFile: b:/zapp/climbl01.fea/ext10.js from ui
#1320931 11.07.2026 00:58:59 : EVT UI_FRAMEWORK : evalFile: b:/zapp/climbl01.fea/ext30.js from ui
#1320932 11.07.2026 00:58:59 : WRN WBAPI : eID-691468(277): /Dive/Alarms/Acknowledge 404
#1320933 11.07.2026 00:58:59 : WRN WBAPI : eID-691468(277): /Dive/DiveGases 404
#1320934 11.07.2026 00:58:59 : WRN WBAPI : eID-691468(277): /Dive/Gauge/Next 404
#1320935 11.07.2026 00:59:00 : EVT LOGGER : LGR 934, 80
#1320936 11.07.2026 00:59:00 : WRN WBAPI : eID-691468(277): /Dive/Alarms/Acknowledge 404
#1320937 11.07.2026 00:59:00 : WRN WBAPI : eID-691468(277): /Dive/DiveGases 404
#1320938 11.07.2026 00:59:00 : WRN WBAPI : eID-691468(277): /Dive/Gauge/Next 404
#1320939 11.07.2026 00:59:01 : EVT LOGGER : LGR 934, 80
#1320940 11.07.2026 00:59:01 : WRN WBAPI : eID-691468(277): /Dive/Alarms/Acknowledge 404
#1320941 11.07.2026 00:59:01 : WRN WBAPI : eID-691468(277): /Dive/DiveGases 404
#1320942 11.07.2026 00:59:01 : WRN WBAPI : eID-691468(277): /Dive/Gauge/Next 404
#1320943 11.07.2026 00:59:02 : EVT LOGGER : LGR 934, 80
#1320944 11.07.2026 00:59:02 : WRN WBAPI : eID-691468(277): /Dive/Alarms/Acknowledge 404
#1320945 11.07.2026 00:59:02 : WRN WBAPI : eID-691468(277): /Dive/DiveGases 404
#1320946 11.07.2026 00:59:02 : WRN WBAPI : eID-691468(277): /Dive/Gauge/Next 404
#1320947 11.07.2026 00:59:02 : EVT LOGGER : LGR 934, 80
#1320948 11.07.2026 00:59:03 : EVT LOGGER : LGR 934, 80
#1320949 11.07.2026 00:59:04 : WRN WBAPI : eID-691468(277): /Dive/Alarms/Acknowledge 404
#1320950 11.07.2026 00:59:04 : WRN WBAPI : eID-691468(277): /Dive/DiveGases 404
#1320951 11.07.2026 00:59:04 : WRN WBAPI : eID-691468(277): /Dive/Gauge/Next 404
#1320952 11.07.2026 00:59:04 : EVT LOGGER : LGR 934, 80
#1320953 11.07.2026 00:59:05 : WRN WBAPI : eID-691468(277): /Dive/Alarms/Acknowledge 404
#1320954 11.07.2026 00:59:05 : WRN WBAPI : eID-691468(277): /Dive/DiveGases 404
#1320955 11.07.2026 00:59:05 : WRN WBAPI : eID-691468(277): /Dive/Gauge/Next 404
#1320956 11.07.2026 00:59:06 : WRN WBAPI : eID-691468(277): /Dive/Alarms/Acknowledge 404
#1320957 11.07.2026 00:59:06 : WRN WBAPI : eID-691468(277): /Dive/DiveGases 404
#1320958 11.07.2026 00:59:06 : WRN WBAPI : eID-691468(277): /Dive/Gauge/Next 404
#1320959 11.07.2026 00:59:06 : EVT LOGGER : LGR 934, 80
#1320960 11.07.2026 00:59:07 : WRN WBAPI : eID-691468(277): /Dive/Alarms/Acknowledge 404
#1320961 11.07.2026 00:59:07 : WRN WBAPI : eID-691468(277): /Dive/DiveGases 404
#1320962 11.07.2026 00:59:07 : WRN WBAPI : eID-691468(277): /Dive/Gauge/Next 404
#1320963 11.07.2026 00:59:08 : WRN WBAPI : eID-691468(277): /Dive/Alarms/Acknowledge 404
#1320964 11.07.2026 00:59:08 : WRN WBAPI : eID-691468(277): /Dive/DiveGases 404
#1320965 11.07.2026 00:59:08 : WRN WBAPI : eID-691468(277): /Dive/Gauge/Next 404
#1320966 11.07.2026 00:59:08 : EVT LOGGER : LGR 934, 80
#1320967 11.07.2026 00:59:09 : WRN WBAPI : eID-691468(277): /Dive/Alarms/Acknowledge 404
#1320968 11.07.2026 00:59:09 : WRN WBAPI : eID-691468(277): /Dive/DiveGases 404
#1320969 11.07.2026 00:59:09 : WRN WBAPI : eID-691468(277): /Dive/Gauge/Next 404
#1320970 11.07.2026 00:59:10 : WRN WBAPI : eID-691468(277): /Dive/Alarms/Acknowledge 404
#1320971 11.07.2026 00:59:10 : WRN WBAPI : eID-691468(277): /Dive/DiveGases 404
#1320972 11.07.2026 00:59:10 : WRN WBAPI : eID-691468(277): /Dive/Gauge/Next 404
#1320973 11.07.2026 00:59:11 : EVT LOGGER : LGR 934, 80
#1320974 11.07.2026 00:59:11 : WRN WBAPI : eID-691468(277): /Dive/Alarms/Acknowledge 404
#1320975 11.07.2026 00:59:11 : WRN WBAPI : eID-691468(277): /Dive/DiveGases 404
#1320976 11.07.2026 00:59:11 : WRN WBAPI : eID-691468(277): /Dive/Gauge/Next 404
#1320977 11.07.2026 00:59:12 : EVT LOGGER : LGR 934, 80
#1320978 11.07.2026 00:59:12 : WRN WBAPI : eID-691468(277): /Dive/Alarms/Acknowledge 404
#1320979 11.07.2026 00:59:12 : WRN WBAPI : eID-691468(277): /Dive/DiveGases 404
#1320980 11.07.2026 00:59:12 : WRN WBAPI : eID-691468(277): /Dive/Gauge/Next 404
#1320981 11.07.2026 00:59:25 : EVT LOGGER : LGR 934, 80
#1320982 11.07.2026 00:59:25 : WRN WBAPI : eID-691468(277): /Dive/Alarms/Acknowledge 404
#1320983 11.07.2026 00:59:25 : WRN WBAPI : eID-691468(277): /Dive/DiveGases 404
#1320984 11.07.2026 00:59:25 : WRN WBAPI : eID-691468(277): /Dive/Gauge/Next 404
#1320985 11.07.2026 00:59:26 : EVT LOGGER : LGR 934, 80
#1320986 11.07.2026 00:59:28 : WRN WBAPI : eID-691468(277): /Dive/Alarms/Acknowledge 404
#1320987 11.07.2026 00:59:28 : WRN WBAPI : eID-691468(277): /Dive/DiveGases 404
#1320988 11.07.2026 00:59:28 : WRN WBAPI : eID-691468(277): /Dive/Gauge/Next 404
#1320989 11.07.2026 00:59:39 : EVT LOGGER : LGR 934, 80
#1320990 11.07.2026 00:59:39 : WRN WBAPI : eID-691468(277): /Dive/Alarms/Acknowledge 404
#1320991 11.07.2026 00:59:39 : WRN WBAPI : eID-691468(277): /Dive/DiveGases 404
#1320992 11.07.2026 00:59:39 : WRN WBAPI : eID-691468(277): /Dive/Gauge/Next 404
#1320993 11.07.2026 00:59:40 : EVT LOGGER : LGR 934, 80
#1320994 11.07.2026 00:59:41 : WRN WBAPI : eID-691468(277): /Dive/Alarms/Acknowledge 404
#1320995 11.07.2026 00:59:41 : WRN WBAPI : eID-691468(277): /Dive/DiveGases 404
#1320996 11.07.2026 00:59:41 : WRN WBAPI : eID-691468(277): /Dive/Gauge/Next 404
#1320997 11.07.2026 00:59:44 : EVT LOGGER : LGR 934, 80
#1320998 11.07.2026 00:59:44 : WRN WBAPI : eID-691468(277): /Dive/Alarms/Acknowledge 404
#1320999 11.07.2026 00:59:44 : WRN WBAPI : eID-691468(277): /Dive/DiveGases 404
#1321000 11.07.2026 00:59:44 : WRN WBAPI : eID-691468(277): /Dive/Gauge/Next 404
#1321001 11.07.2026 00:59:45 : EVT LOGGER : LGR 934, 80
#1321002 11.07.2026 00:59:45 : WRN WBAPI : eID-691468(277): /Dive/Alarms/Acknowledge 404
#1321003 11.07.2026 00:59:45 : WRN WBAPI : eID-691468(277): /Dive/DiveGases 404
#1321004 11.07.2026 00:59:45 : WRN WBAPI : eID-691468(277): /Dive/Gauge/Next 404
#1321005 11.07.2026 00:59:46 : EVT LOGGER : LGR 934, 80
#1321006 11.07.2026 00:59:46 : WRN WBAPI : eID-691468(277): /Dive/Alarms/Acknowledge 404
#1321007 11.07.2026 00:59:46 : WRN WBAPI : eID-691468(277): /Dive/DiveGases 404
#1321008 11.07.2026 00:59:46 : WRN WBAPI : eID-691468(277): /Dive/Gauge/Next 404
#1321009 11.07.2026 00:59:47 : EVT LOGGER : LGR 934, 80
#1321010 11.07.2026 00:59:48 : EVT LOGGER : LGR 934, 80
#1321011 11.07.2026 00:59:48 : WRN WBAPI : eID-691468(277): /Dive/Alarms/Acknowledge 404
#1321012 11.07.2026 00:59:48 : WRN WBAPI : eID-691468(277): /Dive/DiveGases 404
#1321013 11.07.2026 00:59:48 : WRN WBAPI : eID-691468(277): /Dive/Gauge/Next 404
#1321014 11.07.2026 00:59:49 : EVT LOGGER : LGR 934, 80
#1321015 11.07.2026 00:59:49 : WRN WBAPI : eID-691468(277): /Dive/Alarms/Acknowledge 404
#1321016 11.07.2026 00:59:49 : WRN WBAPI : eID-691468(277): /Dive/DiveGases 404
#1321017 11.07.2026 00:59:49 : WRN WBAPI : eID-691468(277): /Dive/Gauge/Next 404
#1321018 11.07.2026 00:59:50 : EVT LOGGER : LGR 934, 80
#1321019 11.07.2026 00:59:50 : EVT LOGGER : LGR 934, 80
#1321020 11.07.2026 00:59:55 : WRN WBAPI : eID-691468(277): /Dive/Alarms/Acknowledge 404
#1321021 11.07.2026 00:59:55 : WRN WBAPI : eID-691468(277): /Dive/DiveGases 404
#1321022 11.07.2026 00:59:55 : WRN WBAPI : eID-691468(277): /Dive/Gauge/Next 404
#1321023 11.07.2026 00:59:56 : EVT LOGGER : LGR 934, 80
#1321024 11.07.2026 00:59:56 : WRN WBAPI : eID-691468(277): /Dive/Alarms/Acknowledge 404
#1321025 11.07.2026 00:59:56 : WRN WBAPI : eID-691468(277): /Dive/DiveGases 404
#1321026 11.07.2026 00:59:56 : WRN WBAPI : eID-691468(277): /Dive/Gauge/Next 404
#1321027 11.07.2026 00:59:56 : EVT LOGGER : LGR 934, 80
#1321028 11.07.2026 00:59:57 : WRN WBAPI : eID-691468(277): /Dive/Alarms/Acknowledge 404
#1321029 11.07.2026 00:59:57 : WRN WBAPI : eID-691468(277): /Dive/DiveGases 404
#1321030 11.07.2026 00:59:57 : WRN WBAPI : eID-691468(277): /Dive/Gauge/Next 404
#1321031 11.07.2026 00:59:58 : EVT LOGGER : LGR 934, 80
#1321032 11.07.2026 00:59:58 : WRN WBAPI : eID-691468(277): /Dive/Alarms/Acknowledge 404
#1321033 11.07.2026 00:59:58 : WRN WBAPI : eID-691468(277): /Dive/DiveGases 404
#1321034 11.07.2026 00:59:58 : WRN WBAPI : eID-691468(277): /Dive/Gauge/Next 404
#1321035 11.07.2026 00:59:58 : EVT LOGGER : LGR 934, 80
#1321036 11.07.2026 00:59:59 : EVT LOGGER : LGR 934, 80
#1321037 11.07.2026 01:00:00 : EVT <Unknown> : pwr daily,ontime:1
#1321038 11.07.2026 01:00:00 : EVT WBSTORAGE : CACHE_DEFRAG (648->656, 24->24, 25)
#1321039 11.07.2026 01:00:00 : EVT WEATHER : t:495476, d:3
#1321040 11.07.2026 01:00:01 : WRN WBAPI : eID-691468(277): /Dive/Alarms/Acknowledge 404
#1321041 11.07.2026 01:00:01 : WRN WBAPI : eID-691468(277): /Dive/DiveGases 404
#1321042 11.07.2026 01:00:01 : WRN WBAPI : eID-691468(277): /Dive/Gauge/Next 404
#1321043 11.07.2026 01:00:01 : EVT LOGGER : LGR 934, 80
#1321044 11.07.2026 01:00:01 : WRN WBAPI : eID-691468(277): /Dive/Alarms/Acknowledge 404
#1321045 11.07.2026 01:00:01 : WRN WBAPI : eID-691468(277): /Dive/DiveGases 404
#1321046 11.07.2026 01:00:01 : WRN WBAPI : eID-691468(277): /Dive/Gauge/Next 404
#1321047 11.07.2026 01:00:03 : EVT LOGGER : LGR 934, 80
#1321048 11.07.2026 01:02:14 : WRN WBAPI : eID-691468(277): /Dive/Alarms/Acknowledge 404
#1321049 11.07.2026 01:02:14 : WRN WBAPI : eID-691468(277): /Dive/DiveGases 404
#1321050 11.07.2026 01:02:14 : WRN WBAPI : eID-691468(277): /Dive/Gauge/Next 404
#1321051 11.07.2026 01:02:15 : EVT LOGGER : LGR 934, 80
#1321052 11.07.2026 01:02:15 : WRN WBAPI : eID-691468(277): /Dive/Alarms/Acknowledge 404
#1321053 11.07.2026 01:02:15 : WRN WBAPI : eID-691468(277): /Dive/DiveGases 404
#1321054 11.07.2026 01:02:15 : WRN WBAPI : eID-691468(277): /Dive/Gauge/Next 404
#1321055 11.07.2026 01:02:22 : EVT LOGGER : LGR 934, 80
#1321056 11.07.2026 01:02:23 : WRN WBAPI : eID-691468(277): /Dive/Alarms/Acknowledge 404
#1321057 11.07.2026 01:02:23 : WRN WBAPI : eID-691468(277): /Dive/DiveGases 404
#1321058 11.07.2026 01:02:23 : WRN WBAPI : eID-691468(277): /Dive/Gauge/Next 404
#1321059 11.07.2026 01:02:24 : EVT LOGGER : LGR 934, 80
#1321060 11.07.2026 01:02:24 : WRN WBAPI : eID-691468(277): /Dive/Alarms/Acknowledge 404
#1321061 11.07.2026 01:02:24 : WRN WBAPI : eID-691468(277): /Dive/DiveGases 404
#1321062 11.07.2026 01:02:24 : WRN WBAPI : eID-691468(277): /Dive/Gauge/Next 404
#1321063 11.07.2026 01:02:25 : EVT LOGGER : LGR 934, 80
#1321064 11.07.2026 01:02:27 : WRN WBAPI : eID-691468(277): /Dive/Alarms/Acknowledge 404
#1321065 11.07.2026 01:02:27 : WRN WBAPI : eID-691468(277): /Dive/DiveGases 404
#1321066 11.07.2026 01:02:27 : WRN WBAPI : eID-691468(277): /Dive/Gauge/Next 404
#1321067 11.07.2026 01:02:27 : EVT LOGGER : LGR 934, 80
#1321068 11.07.2026 01:02:28 : WRN WBAPI : eID-691468(277): /Dive/Alarms/Acknowledge 404
#1321069 11.07.2026 01:02:28 : WRN WBAPI : eID-691468(277): /Dive/DiveGases 404
#1321070 11.07.2026 01:02:28 : WRN WBAPI : eID-691468(277): /Dive/Gauge/Next 404
#1321071 11.07.2026 01:02:28 : EVT LOGGER : LGR 934, 80
#1321072 11.07.2026 01:02:29 : WRN WBAPI : eID-691468(277): /Dive/Alarms/Acknowledge 404
#1321073 11.07.2026 01:02:29 : WRN WBAPI : eID-691468(277): /Dive/DiveGases 404
#1321074 11.07.2026 01:02:29 : WRN WBAPI : eID-691468(277): /Dive/Gauge/Next 404
#1321075 11.07.2026 01:02:30 : EVT LOGGER : LGR 934, 80
#1321076 11.07.2026 01:02:31 : WRN WBAPI : eID-691468(277): /Dive/Alarms/Acknowledge 404
#1321077 11.07.2026 01:02:31 : WRN WBAPI : eID-691468(277): /Dive/DiveGases 404
#1321078 11.07.2026 01:02:31 : WRN WBAPI : eID-691468(277): /Dive/Gauge/Next 404
#1321079 11.07.2026 01:04:00 : TRC APPLICATION : Removing: b:/syslogs/systemevent_1297017.log
#1321080 11.07.2026 01:08:48 : EVT LOGGER : LGR 934, 80
#1321081 11.07.2026 01:08:49 : WRN WBAPI : eID-691468(277): /Dive/Alarms/Acknowledge 404
#1321082 11.07.2026 01:08:49 : WRN WBAPI : eID-691468(277): /Dive/DiveGases 404
#1321083 11.07.2026 01:08:49 : WRN WBAPI : eID-691468(277): /Dive/Gauge/Next 404
#1321084 11.07.2026 01:08:49 : EVT LOGGER : LGR 934, 80
#1321085 11.07.2026 01:08:49 : WRN WBAPI : eID-691468(277): /Dive/Alarms/Acknowledge 404
#1321086 11.07.2026 01:08:49 : WRN WBAPI : eID-691468(277): /Dive/DiveGases 404
#1321087 11.07.2026 01:08:49 : WRN WBAPI : eID-691468(277): /Dive/Gauge/Next 404
#1321088 11.07.2026 01:08:50 : EVT LOGGER : LGR 934, 80
#1321089 11.07.2026 01:08:51 : WRN WBAPI : eID-691468(277): /Dive/Alarms/Acknowledge 404
#1321090 11.07.2026 01:08:51 : WRN WBAPI : eID-691468(277): /Dive/DiveGases 404
#1321091 11.07.2026 01:08:51 : WRN WBAPI : eID-691468(277): /Dive/Gauge/Next 404
#1321092 11.07.2026 01:08:52 : EVT LOGGER : LGR 934, 80
#1321093 11.07.2026 01:08:52 : WRN WBAPI : eID-691468(277): /Dive/Alarms/Acknowledge 404
#1321094 11.07.2026 01:08:52 : WRN WBAPI : eID-691468(277): /Dive/DiveGases 404
#1321095 11.07.2026 01:08:52 : WRN WBAPI : eID-691468(277): /Dive/Gauge/Next 404
#1321096 11.07.2026 01:08:53 : EVT LOGGER : LGR 934, 80
#1321097 11.07.2026 01:08:54 : EVT LOGGER : LGR 934, 80
#1321098 11.07.2026 01:08:54 : WRN WBAPI : eID-691468(277): /Dive/Alarms/Acknowledge 404
#1321099 11.07.2026 01:08:54 : WRN WBAPI : eID-691468(277): /Dive/DiveGases 404
#1321100 11.07.2026 01:08:54 : WRN WBAPI : eID-691468(277): /Dive/Gauge/Next 404
#1321101 11.07.2026 01:08:55 : EVT LOGGER : LGR 934, 80
#1321102 11.07.2026 01:08:55 : WRN WBAPI : eID-691468(277): /Dive/Alarms/Acknowledge 404
#1321103 11.07.2026 01:08:55 : WRN WBAPI : eID-691468(277): /Dive/DiveGases 404
#1321104 11.07.2026 01:08:55 : WRN WBAPI : eID-691468(277): /Dive/Gauge/Next 404
#1321105 11.07.2026 01:09:53 : ERR WBMAIN : *0: app 1589 Event 24 80892700
#1321106 11.07.2026 01:09:53 : ERR WBMAIN : 1: mea 82 Wait 0 00000000
#1321107 11.07.2026 01:09:53 : ERR WBMAIN : 2: ui 80 Wait 0 00000000
#1321108 11.07.2026 01:19:26 : TRC FUEL_GAUGE : batFgLevel cur:97%, prev:98%
#1321109 11.07.2026 01:19:30 : EVT ANALYTICS : Weather sync TO
#1321110 11.07.2026 01:20:01 : ERR WBMAIN : *0: app 1024 Event 24 80892700
#1321111 11.07.2026 01:20:01 : ERR WBMAIN : 1: mea 1 Event 3 80891701
#1321112 11.07.2026 01:20:01 : ERR WBMAIN : 2: ui 6 Wait 0 00000000
#1321113 11.07.2026 01:29:46 : TRC FUEL_GAUGE : Batt: 4410 mV (raw: 4410) soc: 97 %, T: 34.0 C,H:104
#1321114 11.07.2026 01:30:01 : ERR WBMAIN : *0: app 1578 Event 24 80892700
#1321115 11.07.2026 01:30:01 : ERR WBMAIN : 1: mea 0 Event 3 80891701
#1321116 11.07.2026 01:30:01 : ERR WBMAIN : 2: ui 68 Wait 0 00000000
#1321117 11.07.2026 01:40:01 : ERR WBMAIN : *0: app 1044 Event 24 80892700
#1321118 11.07.2026 01:40:01 : ERR WBMAIN : 1: mea 0 Event 3 80891701
#1321119 11.07.2026 01:40:01 : ERR WBMAIN : 2: ui 25 Wait 0 00000000
#1321120 11.07.2026 01:50:01 : ERR WBMAIN : *0: app 1012 Event 24 80892700
#1321121 11.07.2026 01:50:01 : ERR WBMAIN : 1: mea 14 DPC 0 00574f4f
#1321122 11.07.2026 01:50:01 : ERR WBMAIN : 2: ui 80 Wait 0 00000000
#1321123 11.07.2026 02:00:01 : ERR WBMAIN : *0: app 1113 Event 24 80892700
#1321124 11.07.2026 02:00:01 : ERR WBMAIN : 1: mea 0 Event 3 80891701
#1321125 11.07.2026 02:00:01 : ERR WBMAIN : 2: ui 12 Wait 0 00000000
#1321126 11.07.2026 02:00:01 : EVT <Unknown> : pwr daily,ontime:2
#1321127 11.07.2026 02:00:01 : EVT WBSTORAGE : CACHE_DEFRAG (544->552, 24->24, 25)
#1321128 11.07.2026 02:00:01 : EVT WEATHER : t:495476, d:4
#1321129 11.07.2026 02:10:01 : ERR WBMAIN : *0: app 1293 Event 24 80892700
#1321130 11.07.2026 02:10:01 : ERR WBMAIN : 1: mea 0 Event 3 80891701
#1321131 11.07.2026 02:10:01 : ERR WBMAIN : 2: ui 85 Wait 0 00000000
#1321132 11.07.2026 02:18:42 : EVT LOGGER : LGR 934, 80
#1321133 11.07.2026 02:18:44 : WRN WBAPI : eID-691468(277): /Dive/Alarms/Acknowledge 404
#1321134 11.07.2026 02:18:44 : WRN WBAPI : eID-691468(277): /Dive/DiveGases 404
#1321135 11.07.2026 02:18:44 : WRN WBAPI : eID-691468(277): /Dive/Gauge/Next 404
#1321136 11.07.2026 02:18:45 : EVT LOGGER : LGR 934, 80
#1321137 11.07.2026 02:18:46 : WRN WBAPI : eID-691468(277): /Dive/Alarms/Acknowledge 404
#1321138 11.07.2026 02:18:46 : WRN WBAPI : eID-691468(277): /Dive/DiveGases 404
#1321139 11.07.2026 02:18:46 : WRN WBAPI : eID-691468(277): /Dive/Gauge/Next 404
#1321140 11.07.2026 02:18:49 : EVT LOGGER : LGR 934, 80
#1321141 11.07.2026 02:18:50 : WRN WBAPI : eID-691468(277): /Dive/Alarms/Acknowledge 404
#1321142 11.07.2026 02:18:50 : WRN WBAPI : eID-691468(277): /Dive/DiveGases 404
#1321143 11.07.2026 02:18:50 : WRN WBAPI : eID-691468(277): /Dive/Gauge/Next 404
#1321144 11.07.2026 02:18:52 : EVT LOGGER : LGR 934, 80
#1321145 11.07.2026 02:18:52 : WRN WBAPI : eID-691468(277): /Dive/Alarms/Acknowledge 404
#1321146 11.07.2026 02:18:52 : WRN WBAPI : eID-691468(277): /Dive/DiveGases 404
#1321147 11.07.2026 02:18:52 : WRN WBAPI : eID-691468(277): /Dive/Gauge/Next 404
#1321148 11.07.2026 02:18:53 : EVT LOGGER : LGR 934, 80
#1321149 11.07.2026 02:18:53 : WRN WBAPI : eID-691468(277): /Dive/Alarms/Acknowledge 404
#1321150 11.07.2026 02:18:53 : WRN WBAPI : eID-691468(277): /Dive/DiveGases 404
#1321151 11.07.2026 02:18:53 : WRN WBAPI : eID-691468(277): /Dive/Gauge/Next 404
#1321152 11.07.2026 02:18:53 : EVT LOGGER : LGR 934, 80
#1321153 11.07.2026 02:18:54 : WRN WBAPI : eID-691468(277): /Dive/Alarms/Acknowledge 404
#1321154 11.07.2026 02:18:54 : WRN WBAPI : eID-691468(277): /Dive/DiveGases 404
#1321155 11.07.2026 02:18:54 : WRN WBAPI : eID-691468(277): /Dive/Gauge/Next 404
#1321156 11.07.2026 02:18:55 : WRN WBAPI : eID-691468(277): /Dive/Alarms/Acknowledge 404
#1321157 11.07.2026 02:18:55 : WRN WBAPI : eID-691468(277): /Dive/DiveGases 404
#1321158 11.07.2026 02:18:55 : WRN WBAPI : eID-691468(277): /Dive/Gauge/Next 404
#1321159 11.07.2026 02:18:55 : EVT LOGGER : LGR 934, 80
#1321160 11.07.2026 02:18:55 : WRN WBAPI : eID-691468(277): /Dive/Alarms/Acknowledge 404
#1321161 11.07.2026 02:18:55 : WRN WBAPI : eID-691468(277): /Dive/DiveGases 404
#1321162 11.07.2026 02:18:55 : WRN WBAPI : eID-691468(277): /Dive/Gauge/Next 404
#1321163 11.07.2026 02:18:56 : EVT LOGGER : LGR 934, 80
#1321164 11.07.2026 02:18:57 : WRN WBAPI : eID-691468(277): /Dive/Alarms/Acknowledge 404
#1321165 11.07.2026 02:18:57 : WRN WBAPI : eID-691468(277): /Dive/DiveGases 404
#1321166 11.07.2026 02:18:57 : WRN WBAPI : eID-691468(277): /Dive/Gauge/Next 404
#1321167 11.07.2026 02:18:57 : EVT LOGGER : LGR 934, 80
#1321168 11.07.2026 02:18:57 : WRN WBAPI : eID-691468(277): /Dive/Alarms/Acknowledge 404
#1321169 11.07.2026 02:18:57 : WRN WBAPI : eID-691468(277): /Dive/DiveGases 404
#1321170 11.07.2026 02:18:57 : WRN WBAPI : eID-691468(277): /Dive/Gauge/Next 404
#1321171 11.07.2026 02:18:58 : EVT LOGGER : LGR 934, 80
#1321172 11.07.2026 02:19:00 : WRN WBAPI : eID-691468(277): /Dive/Alarms/Acknowledge 404
#1321173 11.07.2026 02:19:00 : WRN WBAPI : eID-691468(277): /Dive/DiveGases 404
#1321174 11.07.2026 02:19:00 : WRN WBAPI : eID-691468(277): /Dive/Gauge/Next 404
#1321175 11.07.2026 02:19:02 : EVT UI_FRAMEWORK : evalFile: b:/zapp/climbl01.fea/ext21.js from ui
#1321176 11.07.2026 02:19:17 : EVT LOGGER : Exercise paused
#1321177 11.07.2026 02:19:17 : WRN WBAPI : eID-691468(277): /Dive/Alarms/Acknowledge 404
#1321178 11.07.2026 02:19:17 : WRN WBAPI : eID-691468(277): /Dive/DiveGases 404
#1321179 11.07.2026 02:19:17 : WRN WBAPI : eID-691468(277): /Dive/Gauge/Next 404
#1321180 11.07.2026 02:19:19 : EVT APPLICATION : Zapp zzmoveen:Disable
#1321181 11.07.2026 02:19:19 : EVT ANALYTICS : Zapp disabled i:6 h:7aac0887 n:Movement
#1321182 11.07.2026 02:19:19 : EVT UI_FRAMEWORK : evalFile: b:/zapp/zzmoveen.fea/ext2.js from ui
#1321183 11.07.2026 02:19:19 : EVT APPLICATION : Zapp zzwethen:Disable
#1321184 11.07.2026 02:19:19 : EVT ANALYTICS : Zapp disabled i:8 h:3f77f8ec n:Weather
#1321185 11.07.2026 02:19:19 : EVT APPLICATION : Zapp climbl01:Disable
#1321186 11.07.2026 02:19:19 : EVT UI_FRAMEWORK : evalFile: b:/zapp/climbl01.fea/ext11.js from ui
#1321187 11.07.2026 02:19:20 : EVT ANALYTICS : Zapp disabled i:17 h:a5e7afa5 n:Climb Log
#1321188 11.07.2026 02:19:20 : EVT UI_FRAMEWORK : JS discard disable zapps
#1321189 11.07.2026 02:19:20 : EVT UI_FRAMEWORK : JS will discard
#1321190 11.07.2026 02:19:20 : EVT SPEEDFUSION : INFO # stop speed fusion
#1321191 11.07.2026 02:19:20 : EVT <Unknown> : Update pres sampl intrvl:5
#1321192 11.07.2026 02:19:20 : WRN APPLICATION : discard hrr meas l:3 d:0 sh:88 mh:88 v:0
#1321193 11.07.2026 02:19:20 : WRN WBAPI : eID-698eec(583/65535): 404
#1321194 11.07.2026 02:19:20 : EVT TRAININGZONE : User Define Mode:5
#1321195 11.07.2026 02:19:20 : EVT TRAININGZONE : Tss HR:40.23
#1321196 11.07.2026 02:19:20 : EVT TRAININGZONE : A:16,Tss:[-200.00,-200.00,-200.00,40.23]
#1321197 11.07.2026 02:19:20 : EVT TRAININGLAB : AppFeature Vo2Max 0.000000
#1321198 11.07.2026 02:19:20 : EVT TRAININGLAB : TLab:~Mode T 789 + 2748 A 10 + 1680
#1321199 11.07.2026 02:19:20 : EVT TRAININGLAB : TLab:Change mode 3->2
#1321200 11.07.2026 02:19:20 : EVT TRAININGLAB : TLab:Mode::userInfo 60, 200, 1, 37, 182, 950, 1990
#1321201 11.07.2026 02:19:20 : EVT LOGGER : LGR 934, 80
#1321202 11.07.2026 02:19:20 : EVT TRAININGLAB : ModeUnsub:9145
#1321203 11.07.2026 02:19:20 : EVT OHR : S:start 0x2123
#1321204 11.07.2026 02:19:20 : EVT TRAININGLAB : ModeSub:0400
#1321205 11.07.2026 02:19:20 : EVT ANALYTICS : WAOae:Activity WAOae:16
#1321206 11.07.2026 02:19:20 : EVT ANALYTICS : WAOae:TotalAcc WAOae:0,0,0
#1321207 11.07.2026 02:19:20 : EVT ANALYTICS : WAOae:AccCount WAOae:0,0,0
#1321208 11.07.2026 02:19:20 : EVT ANALYTICS : WAOae:Distance WAOae:0,0,0
#1321209 11.07.2026 02:19:20 : EVT ANALYTICS : WAOae:Duration WAOae:0,0,0
#1321210 11.07.2026 02:19:20 : EVT ANALYTICS : WAOae:Coeff WAOae:0,40,240,390,773,7524,7624
#1321211 11.07.2026 02:19:20 : EVT LOGGER : Exercise stopped
#1321212 11.07.2026 02:19:20 : EVT LOGGER : HrIbiLogger stop, off (0 ms)
#1321213 11.07.2026 02:19:20 : EVT LOGGER : HrIbiLogger stopped (0 ms)
#1321214 11.07.2026 02:19:20 : TRC GPS : Unsubd c:802b0000
#1321215 11.07.2026 02:19:20 : EVT LOGGER : LGR 934, 80
#1321216 11.07.2026 02:19:20 : EVT LOGGER : LGR 934, 80
#1321217 11.07.2026 02:19:20 : EVT ANALYTICS : SleepQ:Tracking:On
#1321218 11.07.2026 02:19:20 : EVT LOGGER : Wr dpc on
#1321219 11.07.2026 02:19:20 : EVT LOGGER : LGR 20993, 56
#1321220 11.07.2026 02:19:20 : EVT <Unknown> : 1783729160319:Meas start 0x2123
#1321221 11.07.2026 02:19:21 : EVT BLE : Disconn sensor:1
#1321222 11.07.2026 02:19:21 : EVT BLE : BLE Sensor Link 4800180D Disc (L-E-:00:0)
#1321223 11.07.2026 02:19:21 : WRN BLE : sendDisconnect 6157
#1321224 11.07.2026 02:19:21 : ERR BLE : [AURA]Filter with handle 72 not found
#1321225 11.07.2026 02:19:21 : EVT UI_FRAMEWORK : JS feeling vs idle 1
#1321226 11.07.2026 02:19:21 : EVT UI_FRAMEWORK : JS feeling open ex-saving
#1321227 11.07.2026 02:19:22 : EVT WBSTORAGE : CACHE_DEFRAG (440->912, 24->24, 25)
#1321228 11.07.2026 02:19:22 : EVT WBSTORAGE : CACHE_DEFRAG (896->904, 24->24, 25)
#1321229 11.07.2026 02:19:22 : EVT WBSTORAGE : CACHE_DEFRAG (888->896, 24->24, 25)
#1321230 11.07.2026 02:19:22 : TRC NAVIGATION : CG: no climb WP
#1321231 11.07.2026 02:19:22 : TRC NAVIGATION : CG:init ZoomType=0
#1321232 11.07.2026 02:19:22 : EVT NAVIGATION : initSeg Idx=0 D=1 T=0 3-0-4
#1321233 11.07.2026 02:19:22 : EVT SPEEDFUSION : INFO # IDLE mode(-1) set
#1321234 11.07.2026 02:19:22 : EVT ALTIFUSION : AltiBaroMode:2
#1321235 11.07.2026 02:19:22 : ERR WBMAIN : *0: app 510 Event 37 8099031c
#1321236 11.07.2026 02:19:22 : ERR WBMAIN : 1: mea 0 Wait 0 00000000
#1321237 11.07.2026 02:19:22 : ERR WBMAIN : 2: ui 2 Wait 0 00000000
#1321238 11.07.2026 02:19:22 : EVT ANALYTICS : #powersave mode:p temp:33.9
#1321239 11.07.2026 02:19:22 : EVT ANALYTICS : Battery-> 4 soc:97
#1321240 11.07.2026 02:19:25 : EVT ANALYTICS : Duration ExSaving:4169
#1321241 11.07.2026 02:19:26 : EVT ANALYTICS : Duration ExSumBroker:532
#1321242 11.07.2026 02:19:30 : EVT ANALYTICS : Weather sync TO
#1321243 11.07.2026 02:19:33 : EVT UI_FRAMEWORK : JS delete log
#1321244 11.07.2026 02:19:33 : WRN LOGGER : Delete b:logs/6A51792B
#1321245 11.07.2026 02:19:35 : EVT WBSTORAGE : CACHE_DEFRAG (880->1008, 24->24, 25)
#1321246 11.07.2026 02:19:35 : EVT APPLICATION : Zapp zwc05901:Load script
#1321247 11.07.2026 02:19:35 : EVT APPLICATION : Zapp zwc05901:Enable
#1321248 11.07.2026 02:19:35 : EVT ANALYTICS : Zapp enabled i:3 h:ddb248f2 n:zwc05901 v:124f
#1321249 11.07.2026 02:19:35 : WRN WBAPI : eID-691468(277): /Weather/Current/ValidWeatherData.temp 
#1321250 11.07.2026 02:19:44 : EVT <Unknown> : 1783729184317:Off Skin Set.
#1321251 11.07.2026 02:19:45 : EVT <Unknown> : 1783729184819:On Skin Set.
#1321252 11.07.2026 02:19:46 : EVT <Unknown> : 1783729186010:Off Skin Set.
#1321253 11.07.2026 02:19:49 : EVT PMIC : VBUS state is ON
#1321254 11.07.2026 02:19:49 : EVT PMIC : chgCntl1:0x70
#1321255 11.07.2026 02:19:49 : EVT PMIC : check chgCntl1:0x74
#1321256 11.07.2026 02:19:49 : EVT PMIC : Turn charge ON since VBUS->ON
#1321257 11.07.2026 02:19:49 : EVT PMIC : PMIC temp zone:0x2
#1321258 11.07.2026 02:19:49 : EVT PMIC : PMIC Fast-charge constant cur
#1321259 11.07.2026 02:19:49 : EVT OHR : VBUS on
#1321260 11.07.2026 02:19:49 : EVT OHR : S:stop 23
#1321261 11.07.2026 02:19:49 : EVT <Unknown> : 1783729189904:Meas stop 0x2123
#1321262 11.07.2026 02:19:49 : EVT PMIC : PMIC Fast-charge constant voltage
#1321263 11.07.2026 02:19:49 : WRN <Unknown> : 1783729189904:FSM EVT STOP.
#1321264 11.07.2026 02:19:49 : EVT OHR : S:OFF 1->0
#1321265 11.07.2026 02:19:49 : EVT PMIC : VBUS state is ON
#1321266 11.07.2026 02:19:50 : EVT PMIC : PMIC temp zone:0x7
#1321267 11.07.2026 02:19:50 : EVT PMIC : VBUS state is OFF
#1321268 11.07.2026 02:19:50 : EVT PMIC : Turn charge OFF since VBUS->OFF
#1321269 11.07.2026 02:19:50 : EVT OHR : VBUS off
#1321270 11.07.2026 02:19:50 : EVT OHR : S:ON 0->1
#1321271 11.07.2026 02:19:50 : EVT OHR : No HR update, invalidate by timer
#1321272 11.07.2026 02:19:50 : EVT OHR : APPINIT:caps 0x1f4, 6b738616
#1321273 11.07.2026 02:19:50 : EVT <Unknown> : 1783729190654:AI@1783729190630, tz120
#1321274 11.07.2026 02:19:50 : EVT OHR : S:start 0x2123
#1321275 11.07.2026 02:19:50 : EVT <Unknown> : 1783729190659:Meas start 0x2123
#1321276 11.07.2026 02:19:50 : EVT <Unknown> : 1783729190670:PD1464, 0
#1321277 11.07.2026 02:19:50 : EVT <Unknown> : 1783729190727:GMV 20251126/1/4/0/395/46
#1321278 11.07.2026 02:19:50 : EVT <Unknown> : 1783729190981:Mi1.6.10, auth 0, hr_mode 0
#1321279 11.07.2026 02:19:51 : EVT PMIC : VBUS state is ON
#1321280 11.07.2026 02:19:51 : EVT PMIC : chgCntl1:0x70
#1321281 11.07.2026 02:19:51 : EVT PMIC : check chgCntl1:0x74
#1321282 11.07.2026 02:19:51 : EVT PMIC : Turn charge ON since VBUS->ON
#1321283 11.07.2026 02:19:51 : EVT PMIC : PMIC temp zone:0x2
#1321284 11.07.2026 02:19:51 : EVT PMIC : PMIC Fast-charge constant cur
#1321285 11.07.2026 02:19:51 : EVT OHR : VBUS on
#1321286 11.07.2026 02:19:51 : EVT OHR : S:stop 23
#1321287 11.07.2026 02:19:51 : EVT <Unknown> : 1783729191711:Meas stop 0x2123
#1321288 11.07.2026 02:19:51 : EVT PMIC : PMIC Fast-charge constant voltage
#1321289 11.07.2026 02:19:51 : WRN <Unknown> : 1783729191711:FSM EVT STOP.
#1321290 11.07.2026 02:19:51 : EVT OHR : S:OFF 1->0
#1321291 11.07.2026 02:19:51 : EVT PMIC : VBUS state is ON
#1321292 11.07.2026 02:19:51 : EVT PMIC : PMIC temp zone:0x7
#1321293 11.07.2026 02:19:52 : EVT PMIC : VBUS state is OFF
#1321294 11.07.2026 02:19:52 : EVT PMIC : Turn charge OFF since VBUS->OFF
#1321295 11.07.2026 02:19:52 : EVT OHR : VBUS off
#1321296 11.07.2026 02:19:52 : EVT OHR : S:ON 0->1
#1321297 11.07.2026 02:19:52 : EVT OHR : APPINIT:caps 0x1f4, 6b738616
#1321298 11.07.2026 02:19:52 : EVT <Unknown> : 1783729192324:AI@1783729192300, tz120
#1321299 11.07.2026 02:19:52 : EVT OHR : S:start 0x2123
#1321300 11.07.2026 02:19:52 : EVT <Unknown> : 1783729192330:Meas start 0x2123
#1321301 11.07.2026 02:19:52 : EVT <Unknown> : 1783729192340:PD1464, 0
#1321302 11.07.2026 02:19:52 : EVT <Unknown> : 1783729192399:GMV 20251126/1/4/0/395/46
#1321303 11.07.2026 02:19:52 : EVT <Unknown> : 1783729192652:Mi1.6.10, auth 0, hr_mode 0
#1321304 11.07.2026 02:19:53 : EVT PMIC : VBUS state is ON
#1321305 11.07.2026 02:19:53 : EVT PMIC : chgCntl1:0x70
#1321306 11.07.2026 02:19:53 : EVT PMIC : check chgCntl1:0x74
#1321307 11.07.2026 02:19:53 : EVT PMIC : Turn charge ON since VBUS->ON
#1321308 11.07.2026 02:19:53 : EVT PMIC : PMIC Fast-charge constant cur
#1321309 11.07.2026 02:19:53 : EVT OHR : VBUS on
#1321310 11.07.2026 02:19:53 : EVT OHR : S:stop 23
#1321311 11.07.2026 02:19:53 : EVT <Unknown> : 1783729193264:Meas stop 0x2123
#1321312 11.07.2026 02:19:53 : EVT PMIC : PMIC Fast-charge constant voltage
#1321313 11.07.2026 02:19:53 : WRN <Unknown> : 1783729193264:FSM EVT STOP.
#1321314 11.07.2026 02:19:53 : EVT OHR : S:OFF 1->0
#1321315 11.07.2026 02:19:53 : EVT PMIC : VBUS state is ON
#1321316 11.07.2026 02:19:59 : TRC FUEL_GAUGE : Chg->1,B:5,C:41.3,V:4402,U:1,bF:97%,bC:97%
#1321317 11.07.2026 02:19:59 : EVT ANALYTICS : Battery-> 2 soc:97
#1321318 11.07.2026 02:20:01 : ERR WBMAIN : *0: app 1251 Event 24 80892700
#1321319 11.07.2026 02:20:01 : ERR WBMAIN : 1: mea 0 Event 3 80891701
#1321320 11.07.2026 02:20:01 : ERR WBMAIN : 2: ui 44 Wait 0 00000000
#1321321 11.07.2026 02:20:05 : EVT WBCOMM : P-9 connection made to ECSD00000000
#1321322 11.07.2026 02:20:05 : EVT WBCOMM : New Route: ECSD00000000
#1321323 11.07.2026 02:20:08 : ERR WBMAIN : *0: app 927 Event 36 80005310
#1321324 11.07.2026 02:20:08 : ERR WBMAIN : 1: mea 46 Wait 0 00000000
#1321325 11.07.2026 02:20:08 : ERR WBMAIN : 2: ui 46 Wait 0 00000000
#1321326 11.07.2026 02:20:09 : EVT ANALYTICS : Sync start
#1321327 11.07.2026 02:20:10 : EVT ANALYTICS : Sync start

