#1228690 06.07.2026 16:53:02 : EVT PMIC : PMIC Fast-charge constant cur
#1228691 06.07.2026 16:53:02 : EVT PMIC : PMIC Fast-charge constant cur
#1228692 06.07.2026 16:53:02 : EVT PMIC : PMIC Fast-charge constant cur
#1228693 06.07.2026 16:53:02 : EVT PMIC : PMIC Fast-charge constant cur
#1228694 06.07.2026 16:53:02 : EVT PMIC : PMIC Fast-charge constant cur
#1228695 06.07.2026 16:53:02 : EVT PMIC : PMIC Fast-charge constant cur
#1228696 06.07.2026 16:53:02 : EVT PMIC : PMIC Fast-charge constant cur
#1228697 06.07.2026 16:53:02 : EVT PMIC : PMIC Fast-charge constant cur
#1228698 06.07.2026 16:53:02 : EVT PMIC : PMIC Fast-charge constant cur
#1228699 06.07.2026 16:53:02 : EVT PMIC : PMIC Fast-charge constant cur
#1228700 06.07.2026 16:53:02 : EVT PMIC : PMIC Fast-charge constant cur
#1228701 06.07.2026 16:53:02 : EVT PMIC : PMIC Fast-charge constant cur
#1228702 06.07.2026 16:53:02 : EVT PMIC : PMIC Fast-charge constant cur
#1228703 06.07.2026 16:53:02 : EVT PMIC : PMIC Fast-charge constant cur
#1228704 06.07.2026 16:53:02 : EVT PMIC : PMIC Fast-charge constant cur
#1228705 06.07.2026 16:53:02 : EVT PMIC : PMIC Fast-charge constant cur
#1228706 06.07.2026 16:53:02 : EVT PMIC : PMIC Precharge
#1228707 06.07.2026 16:53:02 : EVT PMIC : PMIC Fast-charge constant cur
#1228708 06.07.2026 16:53:02 : EVT PMIC : PMIC Fast-charge constant cur
#1228709 06.07.2026 16:53:02 : EVT PMIC : PMIC Fast-charge constant cur
#1228710 06.07.2026 16:53:02 : EVT PMIC : PMIC Fast-charge constant cur
#1228711 06.07.2026 16:53:03 : EVT PMIC : PMIC Precharge
#1228712 06.07.2026 16:53:03 : EVT PMIC : PMIC Fast-charge constant cur
#1228713 06.07.2026 16:53:03 : EVT PMIC : PMIC Precharge
#1228714 06.07.2026 16:53:03 : EVT PMIC : PMIC Fast-charge constant cur
#1228715 06.07.2026 16:53:03 : EVT PMIC : PMIC Fast-charge constant cur
#1228716 06.07.2026 16:53:03 : EVT PMIC : PMIC Fast-charge constant cur
#1228717 06.07.2026 16:53:03 : EVT PMIC : PMIC Fast-charge constant cur
#1228718 06.07.2026 16:53:03 : EVT PMIC : PMIC Fast-charge constant cur
#1228719 06.07.2026 16:53:03 : EVT PMIC : PMIC Precharge
#1228720 06.07.2026 16:53:03 : EVT PMIC : PMIC Fast-charge constant cur
#1228721 06.07.2026 16:53:03 : EVT PMIC : PMIC Fast-charge constant cur
#1228722 06.07.2026 16:53:03 : EVT PMIC : PMIC Precharge
#1228723 06.07.2026 16:53:03 : EVT PMIC : PMIC Fast-charge constant cur
#1228724 06.07.2026 16:53:03 : EVT PMIC : PMIC Fast-charge constant cur
#1228725 06.07.2026 16:53:03 : EVT PMIC : PMIC Fast-charge constant cur
#1228726 06.07.2026 16:53:03 : EVT PMIC : PMIC Fast-charge constant cur
#1228727 06.07.2026 16:53:03 : EVT PMIC : PMIC Fast-charge constant cur
#1228728 06.07.2026 16:53:03 : EVT PMIC : PMIC Fast-charge constant cur
#1228729 06.07.2026 16:53:03 : EVT PMIC : PMIC Fast-charge constant cur
#1228730 06.07.2026 16:53:03 : EVT ANALYTICS : Sync start
#1228731 06.07.2026 16:53:03 : EVT PMIC : PMIC Fast-charge constant cur
#1228732 06.07.2026 16:53:03 : EVT PMIC : PMIC Fast-charge constant cur
#1228733 06.07.2026 16:53:03 : EVT PMIC : PMIC Fast-charge constant cur
#1228734 06.07.2026 16:53:03 : EVT PMIC : PMIC Fast-charge constant cur
#1228735 06.07.2026 16:53:03 : EVT PMIC : PMIC Fast-charge constant cur
#1228736 06.07.2026 16:53:03 : EVT PMIC : PMIC Precharge
#1228737 06.07.2026 16:53:03 : EVT PMIC : PMIC Fast-charge constant cur
#1228738 06.07.2026 16:53:03 : EVT PMIC : PMIC Fast-charge constant cur
#1228739 06.07.2026 16:53:03 : EVT PMIC : PMIC Fast-charge constant cur
#1228740 06.07.2026 16:53:03 : EVT PMIC : PMIC Fast-charge constant cur
#1228741 06.07.2026 16:53:03 : EVT PMIC : PMIC Precharge
#1228742 06.07.2026 16:53:03 : EVT PMIC : PMIC Fast-charge constant cur
#1228743 06.07.2026 16:53:03 : EVT PMIC : PMIC Fast-charge constant cur
#1228744 06.07.2026 16:53:03 : EVT PMIC : PMIC Fast-charge constant cur
#1228745 06.07.2026 16:53:03 : EVT PMIC : PMIC Precharge
#1228746 06.07.2026 16:53:03 : EVT PMIC : PMIC Fast-charge constant cur
#1228747 06.07.2026 16:53:03 : EVT PMIC : PMIC Fast-charge constant cur
#1228748 06.07.2026 16:53:03 : EVT PMIC : PMIC Fast-charge constant cur
#1228749 06.07.2026 16:53:03 : EVT PMIC : PMIC Fast-charge constant cur
#1228750 06.07.2026 16:53:03 : EVT PMIC : PMIC Fast-charge constant cur
#1228751 06.07.2026 16:53:03 : EVT PMIC : PMIC Fast-charge constant cur
#1228752 06.07.2026 16:53:03 : EVT PMIC : PMIC Fast-charge constant cur
#1228753 06.07.2026 16:53:03 : EVT PMIC : PMIC Fast-charge constant cur
#1228754 06.07.2026 16:53:03 : EVT PMIC : PMIC Fast-charge constant cur
#1228755 06.07.2026 16:53:03 : EVT PMIC : PMIC Fast-charge constant cur
#1228756 06.07.2026 16:53:03 : EVT PMIC : PMIC Fast-charge constant cur
#1228757 06.07.2026 16:53:03 : EVT PMIC : PMIC Fast-charge constant cur
#1228758 06.07.2026 16:53:03 : EVT PMIC : PMIC Fast-charge constant cur
#1228759 06.07.2026 16:53:03 : EVT PMIC : PMIC Precharge
#1228760 06.07.2026 16:53:03 : EVT PMIC : PMIC Fast-charge constant cur
#1228761 06.07.2026 16:53:03 : EVT PMIC : PMIC Fast-charge constant cur
#1228762 06.07.2026 16:53:03 : EVT PMIC : PMIC Fast-charge constant cur
#1228763 06.07.2026 16:53:03 : EVT PMIC : PMIC Fast-charge constant cur
#1228764 06.07.2026 16:53:03 : EVT PMIC : PMIC Fast-charge constant cur
#1228765 06.07.2026 16:53:03 : EVT PMIC : PMIC Fast-charge constant cur
#1228766 06.07.2026 16:53:03 : EVT PMIC : PMIC Fast-charge constant cur
#1228767 06.07.2026 16:53:03 : EVT PMIC : PMIC Fast-charge constant cur
#1228768 06.07.2026 16:53:03 : EVT PMIC : PMIC Fast-charge constant cur
#1228769 06.07.2026 16:53:03 : EVT PMIC : PMIC Fast-charge constant cur
#1228770 06.07.2026 16:53:03 : EVT PMIC : PMIC Fast-charge constant cur
#1228771 06.07.2026 16:53:03 : EVT PMIC : PMIC Fast-charge constant cur
#1228772 06.07.2026 16:53:03 : EVT PMIC : PMIC Fast-charge constant cur
#1228773 06.07.2026 16:53:03 : EVT PMIC : PMIC Fast-charge constant cur
#1228774 06.07.2026 16:53:03 : EVT PMIC : PMIC Precharge
#1228775 06.07.2026 16:53:03 : EVT PMIC : PMIC Fast-charge constant cur
#1228776 06.07.2026 16:53:03 : EVT PMIC : PMIC Fast-charge constant cur
#1228777 06.07.2026 16:53:03 : EVT PMIC : PMIC Fast-charge constant cur
#1228778 06.07.2026 16:53:03 : EVT PMIC : PMIC Fast-charge constant cur
#1228779 06.07.2026 16:53:03 : EVT PMIC : PMIC Fast-charge constant cur
#1228780 06.07.2026 16:53:03 : EVT ANALYTICS : Sync start
#1228781 06.07.2026 16:53:03 : EVT PMIC : PMIC Fast-charge constant cur
#1228782 06.07.2026 16:53:03 : EVT PMIC : PMIC Fast-charge constant cur
#1228783 06.07.2026 16:53:03 : EVT PMIC : PMIC Fast-charge constant cur
#1228784 06.07.2026 16:53:03 : EVT PMIC : PMIC Fast-charge constant cur
#1228785 06.07.2026 16:53:03 : EVT PMIC : PMIC Fast-charge constant cur
#1228786 06.07.2026 16:53:03 : EVT PMIC : PMIC Fast-charge constant cur
#1228787 06.07.2026 16:53:03 : EVT PMIC : PMIC Precharge
#1228788 06.07.2026 16:53:03 : EVT PMIC : PMIC Fast-charge constant cur
#1228789 06.07.2026 16:53:03 : EVT PMIC : PMIC Fast-charge constant cur
#1228790 06.07.2026 16:53:03 : EVT PMIC : PMIC Fast-charge constant cur
#1228791 06.07.2026 16:53:03 : EVT PMIC : PMIC Fast-charge constant cur
#1228792 06.07.2026 16:53:03 : EVT PMIC : PMIC Fast-charge constant cur
#1228793 06.07.2026 16:53:03 : EVT PMIC : PMIC Fast-charge constant cur
#1228794 06.07.2026 16:53:03 : EVT PMIC : PMIC Fast-charge constant cur
#1228795 06.07.2026 16:53:03 : EVT PMIC : PMIC Fast-charge constant cur
#1228796 06.07.2026 16:53:03 : EVT PMIC : PMIC Fast-charge constant cur
#1228797 06.07.2026 16:53:03 : EVT PMIC : PMIC Fast-charge constant cur
#1228798 06.07.2026 16:53:03 : EVT PMIC : PMIC Fast-charge constant cur
#1228799 06.07.2026 16:53:03 : EVT PMIC : PMIC Fast-charge constant cur
#1228800 06.07.2026 16:53:03 : EVT PMIC : PMIC Fast-charge constant cur
#1228801 06.07.2026 16:53:03 : EVT PMIC : PMIC Fast-charge constant cur
#1228802 06.07.2026 16:53:03 : EVT PMIC : PMIC Fast-charge constant cur
#1228803 06.07.2026 16:53:03 : EVT PMIC : PMIC Fast-charge constant cur
#1228804 06.07.2026 16:53:03 : EVT PMIC : PMIC Fast-charge constant cur
#1228805 06.07.2026 16:53:03 : EVT PMIC : PMIC Fast-charge constant cur
#1228806 06.07.2026 16:53:03 : EVT PMIC : PMIC Fast-charge constant cur
#1228807 06.07.2026 16:53:03 : EVT PMIC : PMIC Fast-charge constant cur
#1228808 06.07.2026 16:53:03 : EVT PMIC : PMIC Fast-charge constant cur
#1228809 06.07.2026 16:53:03 : EVT PMIC : PMIC Fast-charge constant cur
#1228810 06.07.2026 16:53:03 : EVT PMIC : PMIC Fast-charge constant cur
#1228811 06.07.2026 16:53:03 : EVT PMIC : PMIC Precharge
#1228812 06.07.2026 16:53:03 : EVT PMIC : PMIC Fast-charge constant cur
#1228813 06.07.2026 16:53:03 : EVT PMIC : PMIC Precharge
#1228814 06.07.2026 16:53:03 : EVT PMIC : PMIC Fast-charge constant cur
#1228815 06.07.2026 16:53:03 : EVT PMIC : PMIC Fast-charge constant cur
#1228816 06.07.2026 16:53:03 : EVT PMIC : PMIC Fast-charge constant cur
#1228817 06.07.2026 16:53:03 : EVT PMIC : PMIC Fast-charge constant cur
#1228818 06.07.2026 16:53:03 : EVT PMIC : PMIC Precharge
#1228819 06.07.2026 16:53:03 : EVT PMIC : PMIC Fast-charge constant cur
#1228820 06.07.2026 16:53:03 : EVT PMIC : PMIC Fast-charge constant cur
#1228821 06.07.2026 16:53:03 : EVT PMIC : PMIC Fast-charge constant cur
#1228822 06.07.2026 16:53:03 : EVT PMIC : PMIC Fast-charge constant cur
#1228823 06.07.2026 16:53:03 : EVT PMIC : PMIC Fast-charge constant cur
#1228824 06.07.2026 16:53:03 : EVT PMIC : PMIC Fast-charge constant cur
#1228825 06.07.2026 16:53:03 : EVT PMIC : PMIC Fast-charge constant cur
#1228826 06.07.2026 16:53:03 : EVT PMIC : PMIC Fast-charge constant cur
#1228827 06.07.2026 16:53:03 : EVT PMIC : PMIC Fast-charge constant cur
#1228828 06.07.2026 16:53:03 : EVT PMIC : PMIC Fast-charge constant cur
#1228829 06.07.2026 16:53:03 : EVT PMIC : PMIC Fast-charge constant cur
#1228830 06.07.2026 16:53:07 : EVT PMIC : PMIC Fast-charge constant cur
#1228831 06.07.2026 16:53:08 : EVT PMIC : PMIC temp zone:0x7
#1228832 06.07.2026 16:53:08 : EVT PMIC : VBUS state is OFF
#1228833 06.07.2026 16:53:08 : EVT PMIC : Turn charge OFF since VBUS->OFF
#1228834 06.07.2026 16:53:08 : EVT WBCOMM : Route lost: ECSD00000000
#1228835 06.07.2026 16:53:08 : TRC FUEL_GAUGE : Chg->0,B:5,C:5.1,V:4441,U:0,bF:100%,bC:100%
#1228836 06.07.2026 16:53:08 : EVT OHR : VBUS off
#1228837 06.07.2026 16:53:08 : EVT OHR : S:ON 0->1
#1228838 06.07.2026 16:53:09 : EVT ANALYTICS : Battery-> 1 soc:100
#1228839 06.07.2026 16:53:09 : EVT OHR : APPINIT:caps 0x1f4, 6b738616
#1228840 06.07.2026 16:53:09 : EVT <Unknown> : 1783349589194:AI@1783349589170, tz120
#1228841 06.07.2026 16:53:09 : EVT OHR : S:start 0x2123
#1228842 06.07.2026 16:53:09 : EVT <Unknown> : 1783349589200:Meas start 0x2123
#1228843 06.07.2026 16:53:09 : EVT WIFI : Pwr down idle wifi (TO:13se)
#1228844 06.07.2026 16:53:09 : EVT WIFI : pwr down OK
#1228845 06.07.2026 16:53:09 : EVT <Unknown> : 1783349589215:PD1464, 0
#1228846 06.07.2026 16:53:09 : EVT <Unknown> : 1783349589275:GMV 20251126/1/4/0/395/46
#1228847 06.07.2026 16:53:09 : EVT <Unknown> : 1783349589532:Mi1.6.10, auth 0, hr_mode 0
#1228848 06.07.2026 16:53:10 : EVT <Unknown> : 1783349589783:On Skin Set.
#1228849 06.07.2026 16:53:12 : EVT WBSTORAGE : CACHE_DEFRAG (792->800, 24->24, 25)
#1228850 06.07.2026 16:53:13 : EVT WBSTORAGE : CACHE_DEFRAG (752->792, 24->24, 25)
#1228851 06.07.2026 16:53:13 : EVT WBSTORAGE : CACHE_DEFRAG (768->848, 24->24, 25)
#1228852 06.07.2026 16:53:13 : TRC NAVIGATION : CG: no climb WP
#1228853 06.07.2026 16:53:13 : TRC NAVIGATION : CG:init ZoomType=0
#1228854 06.07.2026 16:53:13 : EVT NAVIGATION : initSeg Idx=0 D=1 T=0 3-0-4
#1228855 06.07.2026 16:53:13 : EVT WBSTORAGE : CACHE_DEFRAG (768->928, 24->24, 25)
#1228856 06.07.2026 16:53:13 : EVT ALTIFUSION : AltiBaroMode:0
#1228857 06.07.2026 16:53:13 : EVT ALTIFUSION : Init AltiBaro
#1228858 06.07.2026 16:53:13 : EVT APPLICATION : Zapp zwc05901:Disable
#1228859 06.07.2026 16:53:13 : EVT ANALYTICS : Zapp disabled i:3 h:ddb248f2 n:Vector classic
#1228860 06.07.2026 16:53:13 : EVT ANALYTICS : SleepQ:Tracking:On
#1228861 06.07.2026 16:53:13 : EVT ALTIFUSION : AltiBaroMode:0
#1228862 06.07.2026 16:53:13 : EVT ALTIFUSION : Init AltiBaro
#1228863 06.07.2026 16:53:13 : EVT UI_FRAMEWORK : JS nsto enable zapp: zzwethen
#1228864 06.07.2026 16:53:13 : EVT UI_FRAMEWORK : JS nsto enable zapp: zzmoveen
#1228865 06.07.2026 16:53:13 : EVT UI_FRAMEWORK : JS nsto enable zapp: climbl01
#1228866 06.07.2026 16:53:13 : EVT APPLICATION : Zapp zzwethen:Load script
#1228867 06.07.2026 16:53:13 : EVT APPLICATION : Zapp zzwethen:Enable
#1228868 06.07.2026 16:53:13 : EVT ANALYTICS : Zapp enabled i:8 h:3f77f8ec n:zzwethen v:ade
#1228869 06.07.2026 16:53:13 : EVT APPLICATION : Zapp clid:32878
#1228870 06.07.2026 16:53:13 : EVT APPLICATION : Zapp zzmoveen:Load script
#1228871 06.07.2026 16:53:13 : EVT APPLICATION : Zapp zzmoveen:Enable
#1228872 06.07.2026 16:53:13 : EVT ANALYTICS : Zapp enabled i:6 h:7aac0887 n:zzmoveen v:8e0
#1228873 06.07.2026 16:53:13 : EVT UI_FRAMEWORK : evalFile: b:/zapp/zzmoveen.fea/ext1.js from ui
#1228874 06.07.2026 16:53:13 : EVT APPLICATION : Zapp clid:32879
#1228875 06.07.2026 16:53:13 : EVT APPLICATION : Zapp climbl01:Load script
#1228876 06.07.2026 16:53:14 : EVT APPLICATION : Zapp climbl01:Enable
#1228877 06.07.2026 16:53:14 : EVT ANALYTICS : Zapp enabled i:5 h:a5e7afa5 n:climbl01 v:3.0
#1228878 06.07.2026 16:53:14 : EVT APPLICATION : Zapp clid:32880
#1228879 06.07.2026 16:53:14 : EVT UI_FRAMEWORK : JS nsto all zapps enabled.
#1228880 06.07.2026 16:53:14 : ERR WBMAIN : *0: app 573 Event 37 80995318
#1228881 06.07.2026 16:53:14 : ERR WBMAIN : 1: mea 9 Wait 0 00000000
#1228882 06.07.2026 16:53:14 : ERR WBMAIN : 2: ui 7 Wait 0 00000000
#1228883 06.07.2026 16:53:14 : EVT UI_FRAMEWORK : JS Prestart Activity Id: 16.000
#1228884 06.07.2026 16:53:14 : WRN WBAPI : eID-691468(277): /Dive/Alarms/Acknowledge 404
#1228885 06.07.2026 16:53:14 : WRN WBAPI : eID-691468(277): /Dive/DiveGases 404
#1228886 06.07.2026 16:53:14 : WRN WBAPI : eID-691468(277): /Dive/Gauge/Next 404
#1228887 06.07.2026 16:53:14 : EVT WBSTORAGE : CACHE_DEFRAG (904->912, 24->24, 25)
#1228888 06.07.2026 16:53:14 : EVT WBSTORAGE : CACHE_DEFRAG (840->848, 24->24, 25)
#1228889 06.07.2026 16:53:14 : EVT WBSTORAGE : CACHE_DEFRAG (776->784, 24->24, 25)
#1228890 06.07.2026 16:53:14 : EVT BLE : BLE Sensor Link 4800180D Conn (--E-:00:1)
#1228891 06.07.2026 16:53:14 : WRN BLE : sendConnect 6157
#1228892 06.07.2026 16:53:14 : ERR <Unknown> : 1783349593798:Mi invalid call:100,code:0.
#1228893 06.07.2026 16:53:14 : WRN WBAPI : eID-691468(277): /Dive/TankPressure/Alarm/Count 404
#1228894 06.07.2026 16:53:15 : EVT <Unknown> : Update pres sampl intrvl:1
#1228895 06.07.2026 16:53:15 : EVT SPEEDFUSION : INFO # start speed fusion
#1228896 06.07.2026 16:53:15 : EVT SPEEDFUSION : Act:16,Acc:0,BPod:0,FPod:0,PPod:0,BeltPod:1
#1228897 06.07.2026 16:53:15 : EVT SPEEDFUSION : INFO # Start algo without wrist acc
#1228898 06.07.2026 16:53:15 : EVT OHR : S:start 0x21a3
#1228899 06.07.2026 16:53:15 : EVT UI_FRAMEWORK : evalFile: b:/zapp/climbl01.fea/ext12.js from ui
#1228900 06.07.2026 16:53:15 : EVT <Unknown> : 1783349595089:Meas start 0x21a3
#1228901 06.07.2026 16:53:17 : EVT TRAININGLAB : TLab:~Mode T 15919 + 12 A 4050 + 0
#1228902 06.07.2026 16:53:17 : EVT TRAININGLAB : TLab:Change mode 2->3
#1228903 06.07.2026 16:53:17 : WRN WBAPI : eID-691468(277): /Dive/Alarms/Acknowledge 404
#1228904 06.07.2026 16:53:17 : EVT TRAININGLAB : TLab:Mode::userInfo 60, 200, 1, 37, 182, 950, 1990
#1228905 06.07.2026 16:53:17 : WRN WBAPI : eID-691468(277): /Dive/DiveGases 404
#1228906 06.07.2026 16:53:17 : WRN WBAPI : eID-691468(277): /Dive/Gauge/Next 404
#1228907 06.07.2026 16:53:17 : EVT LOGGER : Log space:30792119 bytes free
#1228908 06.07.2026 16:53:17 : EVT TRAININGLAB : ModeUnsub:2800
#1228909 06.07.2026 16:53:17 : EVT TRAININGLAB : ModeSub:9004
#1228910 06.07.2026 16:53:17 : EVT TRAININGLAB : TLab:Select input 0
#1228911 06.07.2026 16:53:17 : EVT TRAININGLAB : TLab:Active input 0
#1228912 06.07.2026 16:53:17 : EVT LOGGER : Exercise started
#1228913 06.07.2026 16:53:17 : EVT BLE : HR RR on (5162605)
#1228914 06.07.2026 16:53:17 : TRC GPS : Full GNSS data subd l:0 c:802b0000
#1228915 06.07.2026 16:53:19 : EVT ANALYTICS : Battery-> 3 soc:100
#1228916 06.07.2026 16:53:19 : EVT ANALYTICS : #FusHr src:0 time:0
#1228917 06.07.2026 16:53:19 : EVT ANALYTICS : #Act id:16
#1228918 06.07.2026 16:53:19 : EVT ANALYTICS : #powersave mode:p temp:29.4
#1228919 06.07.2026 16:53:19 : EVT ANALYTICS : GPSMODE:NOTUSED
#1228920 06.07.2026 16:53:19 : EVT ANALYTICS : #gnss d:2026-07-06T00:00:00Z
#1228921 06.07.2026 16:53:19 : EVT ANALYTICS : #zapp n:Weather e:1
#1228922 06.07.2026 16:53:19 : EVT ANALYTICS : #zapp n:Movement e:1
#1228923 06.07.2026 16:53:19 : EVT ANALYTICS : #zapp n:Climb Log e:1
#1228924 06.07.2026 16:53:19 : EVT OHR : No HR update, invalidate by timer
#1228925 06.07.2026 16:53:24 : EVT BLE : lt,scan 1
#1228926 06.07.2026 16:53:24 : WRN BLE : sendDisconnect 6157
#1228927 06.07.2026 16:53:24 : ERR BLE : [AURA]No filters left, stopping scan
#1228928 06.07.2026 16:53:24 : ERR BLE : [AURA]Filter with handle 72 not found
#1228929 06.07.2026 16:53:24 : EVT BLE : packet 0 sensor found count 1
#1228930 06.07.2026 16:53:24 : EVT BLE : packet 0 sensor found count 2
#1228931 06.07.2026 16:53:25 : EVT ANALYTICS : #ws AID:16 BM:1 NS:0 SP:3 ZN:0 TG:0 BL:0 GPS:0
#1228932 06.07.2026 16:53:25 : EVT ANALYTICS : #2ws AID:16 WHR:1 INT:0 AL:0 AP:0 FE:1 MC:1 TH:0
#1228933 06.07.2026 16:53:25 : EVT OHR : new HR update
#1228934 06.07.2026 16:53:27 : EVT ANALYTICS : #FusHr src:2 time:10426
#1228935 06.07.2026 16:53:27 : EVT TRAININGLAB : Tlab:HR src is 2
#1228936 06.07.2026 16:53:27 : EVT <Unknown> : 1783349607534:Off Skin Set.
#1228937 06.07.2026 16:53:27 : EVT ANALYTICS : #FusHr src:2 time:0
#1228938 06.07.2026 16:53:27 : EVT TRAININGLAB : TLab:Active input 1
#1228939 06.07.2026 16:53:29 : EVT PMIC : VBUS state is ON
#1228940 06.07.2026 16:53:29 : EVT PMIC : chgCntl1:0x70
#1228941 06.07.2026 16:53:29 : EVT PMIC : check chgCntl1:0x74
#1228942 06.07.2026 16:53:29 : EVT PMIC : Turn charge ON since VBUS->ON
#1228943 06.07.2026 16:53:29 : EVT PMIC : PMIC temp zone:0x2
#1228944 06.07.2026 16:53:29 : EVT PMIC : PMIC Fast-charge constant cur
#1228945 06.07.2026 16:53:29 : EVT OHR : VBUS on
#1228946 06.07.2026 16:53:29 : EVT OHR : S:stop a3
#1228947 06.07.2026 16:53:29 : EVT <Unknown> : 1783349609312:Meas stop 0x21a3
#1228948 06.07.2026 16:53:29 : WRN <Unknown> : 1783349609313:FSM EVT STOP.
#1228949 06.07.2026 16:53:29 : EVT OHR : S:OFF 1->0
#1228950 06.07.2026 16:53:29 : EVT PMIC : VBUS state is ON
#1228951 06.07.2026 16:53:30 : EVT PMIC : PMIC temp zone:0x7
#1228952 06.07.2026 16:53:30 : EVT PMIC : VBUS state is OFF
#1228953 06.07.2026 16:53:30 : EVT PMIC : Turn charge OFF since VBUS->OFF
#1228954 06.07.2026 16:53:30 : EVT OHR : VBUS off
#1228955 06.07.2026 16:53:30 : EVT OHR : S:ON 0->1
#1228956 06.07.2026 16:53:30 : WRN WBAPI : eID-691468(277): /Dive/Alarms/Acknowledge 404
#1228957 06.07.2026 16:53:30 : WRN WBAPI : eID-691468(277): /Dive/DiveGases 404
#1228958 06.07.2026 16:53:30 : WRN WBAPI : eID-691468(277): /Dive/Gauge/Next 404
#1228959 06.07.2026 16:53:30 : EVT OHR : APPINIT:caps 0x1f4, 6b738616
#1228960 06.07.2026 16:53:30 : EVT <Unknown> : 1783349610564:AI@1783349610540, tz120
#1228961 06.07.2026 16:53:30 : EVT OHR : S:start 0x21a3
#1228962 06.07.2026 16:53:30 : EVT <Unknown> : 1783349610570:Meas start 0x21a3
#1228963 06.07.2026 16:53:30 : EVT <Unknown> : 1783349610583:PD1464, 0
#1228964 06.07.2026 16:53:30 : EVT <Unknown> : 1783349610642:GMV 20251126/1/4/0/395/46
#1228965 06.07.2026 16:53:30 : EVT <Unknown> : 1783349610895:Mi1.6.10, auth 0, hr_mode 0
#1228966 06.07.2026 16:53:32 : EVT <Unknown> : 1783349611573:On Skin Set.
#1228967 06.07.2026 16:53:32 : EVT OHR : No HR update, invalidate by timer
#1228968 06.07.2026 16:53:33 : EVT LOGGER : Exercise paused
#1228969 06.07.2026 16:53:33 : WRN WBAPI : eID-691468(277): /Dive/Alarms/Acknowledge 404
#1228970 06.07.2026 16:53:33 : WRN WBAPI : eID-691468(277): /Dive/DiveGases 404
#1228971 06.07.2026 16:53:33 : WRN WBAPI : eID-691468(277): /Dive/Gauge/Next 404
#1228972 06.07.2026 16:53:33 : EVT <Unknown> : 1783349612885:Off Skin Set.
#1228973 06.07.2026 16:53:35 : EVT <Unknown> : 1783349614637:On Skin Set.
#1228974 06.07.2026 16:53:35 : EVT <Unknown> : 1783349614988:Off Skin Set.
#1228975 06.07.2026 16:53:35 : EVT APPLICATION : Zapp climbl01:Disable
#1228976 06.07.2026 16:53:35 : EVT UI_FRAMEWORK : evalFile: b:/zapp/climbl01.fea/ext11.js from ui
#1228977 06.07.2026 16:53:35 : EVT ANALYTICS : Zapp disabled i:5 h:a5e7afa5 n:Climb Log
#1228978 06.07.2026 16:53:35 : EVT APPLICATION : Zapp zzmoveen:Disable
#1228979 06.07.2026 16:53:35 : EVT ANALYTICS : Zapp disabled i:6 h:7aac0887 n:Movement
#1228980 06.07.2026 16:53:35 : EVT UI_FRAMEWORK : evalFile: b:/zapp/zzmoveen.fea/ext2.js from ui
#1228981 06.07.2026 16:53:35 : EVT APPLICATION : Zapp zzwethen:Disable
#1228982 06.07.2026 16:53:35 : EVT ANALYTICS : Zapp disabled i:8 h:3f77f8ec n:Weather
#1228983 06.07.2026 16:53:35 : EVT UI_FRAMEWORK : JS discard disable zapps
#1228984 06.07.2026 16:53:35 : EVT UI_FRAMEWORK : JS will discard
#1228985 06.07.2026 16:53:35 : EVT <Unknown> : Update pres sampl intrvl:5
#1228986 06.07.2026 16:53:35 : EVT SPEEDFUSION : INFO # stop speed fusion
#1228987 06.07.2026 16:53:35 : WRN APPLICATION : discard hrr meas l:3 d:0 sh:0 mh:0 v:0
#1228988 06.07.2026 16:53:35 : WRN WBAPI : eID-698eec(583/65535): 404
#1228989 06.07.2026 16:53:35 : EVT TRAININGZONE : User Define Mode:5
#1228990 06.07.2026 16:53:35 : EVT TRAININGZONE : Tss HR:0.13
#1228991 06.07.2026 16:53:35 : EVT TRAININGZONE : A:16,Tss:[-200.00,-200.00,-200.00,0.13]
#1228992 06.07.2026 16:53:35 : EVT TRAININGLAB : AppFeature Vo2Max 0.000000
#1228993 06.07.2026 16:53:35 : EVT TRAININGLAB : TLab:~Mode T 15931 + 3 A 4050 + 0
#1228994 06.07.2026 16:53:35 : EVT TRAININGLAB : TLab:Change mode 3->2
#1228995 06.07.2026 16:53:35 : EVT TRAININGLAB : TLab:Mode::userInfo 60, 200, 1, 37, 182, 950, 1990
#1228996 06.07.2026 16:53:35 : EVT LOGGER : LGR 934, 80
#1228997 06.07.2026 16:53:35 : EVT TRAININGLAB : ModeUnsub:9145
#1228998 06.07.2026 16:53:35 : EVT OHR : S:start 0x2123
#1228999 06.07.2026 16:53:35 : EVT TRAININGLAB : ModeSub:0400
#1229000 06.07.2026 16:53:35 : EVT LOGGER : Exercise stopped
#1229001 06.07.2026 16:53:35 : EVT ANALYTICS : WAOae:Activity WAOae:16
#1229002 06.07.2026 16:53:35 : EVT ANALYTICS : WAOae:TotalAcc WAOae:0,0,0
#1229003 06.07.2026 16:53:35 : EVT ANALYTICS : WAOae:AccCount WAOae:0,0,0
#1229004 06.07.2026 16:53:35 : EVT ANALYTICS : WAOae:Distance WAOae:0,0,0
#1229005 06.07.2026 16:53:35 : EVT ANALYTICS : WAOae:Duration WAOae:0,0,0
#1229006 06.07.2026 16:53:35 : EVT ANALYTICS : WAOae:Coeff WAOae:0,40,122,272,773,7524,7624
#1229007 06.07.2026 16:53:35 : EVT BLE : HR RR off (5181155, 18550 ms missing)
#1229008 06.07.2026 16:53:35 : EVT BLE : HR RR done
#1229009 06.07.2026 16:53:35 : EVT LOGGER : HrIbiLogger stop, off (0 ms)
#1229010 06.07.2026 16:53:35 : EVT LOGGER : HrIbiLogger stopped (0 ms)
#1229011 06.07.2026 16:53:35 : TRC GPS : Unsubd c:802b0000
#1229012 06.07.2026 16:53:35 : EVT LOGGER : LGR 934, 80
#1229013 06.07.2026 16:53:35 : EVT ANALYTICS : SleepQ:Tracking:On
#1229014 06.07.2026 16:53:35 : EVT LOGGER : Wr dpc on
#1229015 06.07.2026 16:53:35 : EVT LOGGER : LGR 20993, 56
#1229016 06.07.2026 16:53:36 : EVT WBSTORAGE : CACHE_DEFRAG (696->856, 24->24, 25)
#1229017 06.07.2026 16:53:36 : TRC NAVIGATION : CG: no climb WP
#1229018 06.07.2026 16:53:36 : TRC NAVIGATION : CG:init ZoomType=0
#1229019 06.07.2026 16:53:36 : EVT NAVIGATION : initSeg Idx=0 D=1 T=0 3-0-4
#1229020 06.07.2026 16:53:36 : EVT WBSTORAGE : CACHE_DEFRAG (840->1048, 24->24, 25)
#1229021 06.07.2026 16:53:36 : EVT SPEEDFUSION : INFO # IDLE mode(-1) set
#1229022 06.07.2026 16:53:36 : EVT ALTIFUSION : AltiBaroMode:2
#1229023 06.07.2026 16:53:36 : EVT <Unknown> : 1783349615778:Meas start 0x2123
#1229024 06.07.2026 16:53:36 : EVT <Unknown> : 1783349615990:On Skin Set.
#1229025 06.07.2026 16:53:36 : EVT BLE : Disconn sensor:1
#1229026 06.07.2026 16:53:36 : EVT BLE : BLE Sensor Link 4800180D Disc (L-E-:00:0)
#1229027 06.07.2026 16:53:36 : WRN BLE : sendDisconnect 6157
#1229028 06.07.2026 16:53:36 : ERR BLE : [AURA]No filters left, stopping scan
#1229029 06.07.2026 16:53:37 : EVT ANALYTICS : #powersave mode:p temp:29.4
#1229030 06.07.2026 16:53:37 : EVT ANALYTICS : Battery-> 4 soc:100
#1229031 06.07.2026 16:53:38 : EVT OHR : No HR update, invalidate by timer
#1229032 06.07.2026 16:53:39 : ERR <Unknown> : 1783349618820:Mi invalid call:100,code:0.
#1229033 06.07.2026 16:53:39 : EVT UI_FRAMEWORK : JS discard
#1229034 06.07.2026 16:53:39 : WRN LOGGER : Delete b:logs/6A4BC15D
#1229035 06.07.2026 16:53:40 : EVT <Unknown> : 1783349619542:Off Skin Set.
#1229036 06.07.2026 16:53:41 : EVT WBSTORAGE : CACHE_DEFRAG (1024->1032, 24->24, 25)
#1229037 06.07.2026 16:53:41 : EVT APPLICATION : Zapp zwc05901:Load script
#1229038 06.07.2026 16:53:41 : EVT APPLICATION : Zapp zwc05901:Enable
#1229039 06.07.2026 16:53:41 : EVT ANALYTICS : Zapp enabled i:3 h:ddb248f2 n:zwc05901 v:124f
#1229040 06.07.2026 16:53:41 : WRN WBAPI : eID-691468(277): /Weather/Current/ValidWeatherData.temp 
#1229041 06.07.2026 16:53:44 : EVT WBSTORAGE : CACHE_DEFRAG (904->912, 24->24, 25)
#1229042 06.07.2026 16:53:44 : EVT WBSTORAGE : CACHE_DEFRAG (864->888, 24->24, 25)
#1229043 06.07.2026 16:53:44 : EVT WBSTORAGE : CACHE_DEFRAG (864->872, 24->24, 25)
#1229044 06.07.2026 16:53:44 : EVT WBSTORAGE : CACHE_DEFRAG (856->864, 24->24, 25)
#1229045 06.07.2026 16:53:44 : EVT WBSTORAGE : CACHE_DEFRAG (848->864, 24->24, 25)
#1229046 06.07.2026 16:53:44 : TRC NAVIGATION : CG: no climb WP
#1229047 06.07.2026 16:53:44 : TRC NAVIGATION : CG:init ZoomType=0
#1229048 06.07.2026 16:53:44 : EVT NAVIGATION : initSeg Idx=0 D=1 T=0 3-0-4
#1229049 06.07.2026 16:53:44 : EVT WBSTORAGE : CACHE_DEFRAG (784->968, 24->24, 25)
#1229050 06.07.2026 16:53:44 : EVT ALTIFUSION : AltiBaroMode:0
#1229051 06.07.2026 16:53:44 : EVT ALTIFUSION : Init AltiBaro
#1229052 06.07.2026 16:53:44 : EVT APPLICATION : Zapp zwc05901:Disable
#1229053 06.07.2026 16:53:44 : EVT ANALYTICS : Zapp disabled i:3 h:ddb248f2 n:Vector classic
#1229054 06.07.2026 16:53:44 : EVT ANALYTICS : SleepQ:Tracking:On
#1229055 06.07.2026 16:53:44 : EVT ALTIFUSION : AltiBaroMode:0
#1229056 06.07.2026 16:53:44 : EVT ALTIFUSION : Init AltiBaro
#1229057 06.07.2026 16:53:44 : EVT WBSTORAGE : CACHE_DEFRAG (944->952, 24->24, 25)
#1229058 06.07.2026 16:53:44 : EVT UI_FRAMEWORK : JS nsto enable zapp: zzwethen
#1229059 06.07.2026 16:53:44 : EVT UI_FRAMEWORK : JS nsto enable zapp: zzmoveen
#1229060 06.07.2026 16:53:44 : EVT UI_FRAMEWORK : JS nsto enable zapp: climbl01
#1229061 06.07.2026 16:53:44 : EVT APPLICATION : Zapp zzwethen:Load script
#1229062 06.07.2026 16:53:44 : EVT APPLICATION : Zapp zzwethen:Enable
#1229063 06.07.2026 16:53:44 : EVT ANALYTICS : Zapp enabled i:8 h:3f77f8ec n:zzwethen v:ade
#1229064 06.07.2026 16:53:44 : EVT APPLICATION : Zapp clid:32878
#1229065 06.07.2026 16:53:44 : EVT APPLICATION : Zapp zzmoveen:Load script
#1229066 06.07.2026 16:53:44 : EVT APPLICATION : Zapp zzmoveen:Enable
#1229067 06.07.2026 16:53:44 : EVT ANALYTICS : Zapp enabled i:6 h:7aac0887 n:zzmoveen v:8e0
#1229068 06.07.2026 16:53:44 : EVT UI_FRAMEWORK : evalFile: b:/zapp/zzmoveen.fea/ext1.js from ui
#1229069 06.07.2026 16:53:44 : EVT APPLICATION : Zapp clid:32879
#1229070 06.07.2026 16:53:45 : EVT APPLICATION : Zapp climbl01:Load script
#1229071 06.07.2026 16:53:45 : EVT APPLICATION : Zapp climbl01:Enable
#1229072 06.07.2026 16:53:45 : EVT ANALYTICS : Zapp enabled i:5 h:a5e7afa5 n:climbl01 v:3.0
#1229073 06.07.2026 16:53:45 : EVT APPLICATION : Zapp clid:32880
#1229074 06.07.2026 16:53:45 : ERR WBMAIN : *0: app 597 Event 37 80995318
#1229075 06.07.2026 16:53:45 : EVT UI_FRAMEWORK : JS nsto all zapps enabled.
#1229076 06.07.2026 16:53:45 : ERR WBMAIN : 1: mea 21 Wait 0 00000000
#1229077 06.07.2026 16:53:45 : ERR WBMAIN : 2: ui 26 Wait 0 00000000
#1229078 06.07.2026 16:53:45 : EVT UI_FRAMEWORK : JS Prestart Activity Id: 16.000
#1229079 06.07.2026 16:53:45 : WRN WBAPI : eID-691468(277): /Dive/Alarms/Acknowledge 404
#1229080 06.07.2026 16:53:45 : WRN WBAPI : eID-691468(277): /Dive/DiveGases 404
#1229081 06.07.2026 16:53:45 : EVT WBSTORAGE : CACHE_DEFRAG (904->912, 24->24, 25)
#1229082 06.07.2026 16:53:45 : WRN WBAPI : eID-691468(277): /Dive/Gauge/Next 404
#1229083 06.07.2026 16:53:45 : EVT WBSTORAGE : CACHE_DEFRAG (840->848, 24->24, 25)
#1229084 06.07.2026 16:53:45 : EVT WBSTORAGE : CACHE_DEFRAG (776->784, 24->24, 25)
#1229085 06.07.2026 16:53:45 : EVT BLE : BLE Sensor Link 4800180D Conn (--E-:00:1)
#1229086 06.07.2026 16:53:45 : WRN BLE : sendConnect 6157
#1229087 06.07.2026 16:53:46 : WRN WBAPI : eID-691468(277): /Dive/TankPressure/Alarm/Count 404
#1229088 06.07.2026 16:53:46 : EVT <Unknown> : Update pres sampl intrvl:1
#1229089 06.07.2026 16:53:46 : EVT SPEEDFUSION : INFO # start speed fusion
#1229090 06.07.2026 16:53:46 : EVT SPEEDFUSION : Act:16,Acc:0,BPod:0,FPod:0,PPod:0,BeltPod:1
#1229091 06.07.2026 16:53:46 : EVT SPEEDFUSION : INFO # Start algo without wrist acc
#1229092 06.07.2026 16:53:46 : EVT OHR : S:start 0x21a3
#1229093 06.07.2026 16:53:46 : EVT <Unknown> : 1783349626187:Meas start 0x21a3
#1229094 06.07.2026 16:53:46 : EVT UI_FRAMEWORK : evalFile: b:/zapp/climbl01.fea/ext12.js from ui
#1229095 06.07.2026 16:53:46 : EVT TRAININGLAB : TLab:~Mode T 15934 + 2 A 4050 + 0
#1229096 06.07.2026 16:53:46 : EVT TRAININGLAB : TLab:Change mode 2->3
#1229097 06.07.2026 16:53:46 : EVT TRAININGLAB : TLab:Mode::userInfo 60, 200, 1, 37, 182, 950, 1990
#1229098 06.07.2026 16:53:46 : EVT LOGGER : Log space:30792119 bytes free
#1229099 06.07.2026 16:53:46 : WRN WBAPI : eID-691468(277): /Dive/Alarms/Acknowledge 404
#1229100 06.07.2026 16:53:46 : WRN WBAPI : eID-691468(277): /Dive/DiveGases 404
#1229101 06.07.2026 16:53:46 : WRN WBAPI : eID-691468(277): /Dive/Gauge/Next 404
#1229102 06.07.2026 16:53:46 : EVT TRAININGLAB : ModeUnsub:2800
#1229103 06.07.2026 16:53:46 : EVT TRAININGLAB : ModeSub:9004
#1229104 06.07.2026 16:53:46 : EVT TRAININGLAB : TLab:Select input 0
#1229105 06.07.2026 16:53:46 : EVT TRAININGLAB : TLab:Active input 0
#1229106 06.07.2026 16:53:46 : EVT LOGGER : Exercise started
#1229107 06.07.2026 16:53:46 : EVT BLE : HR RR on (5192221)
#1229108 06.07.2026 16:53:46 : TRC GPS : Full GNSS data subd l:0 c:802b0000
#1229109 06.07.2026 16:53:47 : WRN WBAPI : eID-691468(277): /Dive/Alarms/Acknowledge 404
#1229110 06.07.2026 16:53:47 : WRN WBAPI : eID-691468(277): /Dive/DiveGases 404
#1229111 06.07.2026 16:53:47 : WRN WBAPI : eID-691468(277): /Dive/Gauge/Next 404
#1229112 06.07.2026 16:53:48 : EVT ANALYTICS : Battery-> 3 soc:100
#1229113 06.07.2026 16:53:48 : EVT ANALYTICS : #FusHr src:0 time:0
#1229114 06.07.2026 16:53:48 : EVT ANALYTICS : #Act id:16
#1229115 06.07.2026 16:53:48 : EVT ANALYTICS : #powersave mode:p temp:29.7
#1229116 06.07.2026 16:53:48 : EVT ANALYTICS : GPSMODE:NOTUSED
#1229117 06.07.2026 16:53:48 : EVT ANALYTICS : #gnss d:2026-07-06T00:00:00Z
#1229118 06.07.2026 16:53:49 : EVT ANALYTICS : #zapp n:Weather e:1
#1229119 06.07.2026 16:53:49 : EVT ANALYTICS : #zapp n:Movement e:1
#1229120 06.07.2026 16:53:49 : EVT ANALYTICS : #zapp n:Climb Log e:1
#1229121 06.07.2026 16:53:50 : EVT OHR : No HR update, invalidate by timer
#1229122 06.07.2026 16:53:53 : EVT LOGGER : Exercise paused
#1229123 06.07.2026 16:53:53 : WRN WBAPI : eID-691468(277): /Dive/Alarms/Acknowledge 404
#1229124 06.07.2026 16:53:53 : WRN WBAPI : eID-691468(277): /Dive/DiveGases 404
#1229125 06.07.2026 16:53:53 : WRN WBAPI : eID-691468(277): /Dive/Gauge/Next 404
#1229126 06.07.2026 16:53:54 : EVT ANALYTICS : #ws AID:16 BM:1 NS:0 SP:3 ZN:0 TG:0 BL:0 GPS:0
#1229127 06.07.2026 16:53:54 : EVT ANALYTICS : #2ws AID:16 WHR:1 INT:0 AL:0 AP:0 FE:1 MC:1 TH:0
#1229128 06.07.2026 16:53:55 : EVT APPLICATION : Zapp climbl01:Disable
#1229129 06.07.2026 16:53:55 : EVT ANALYTICS : Zapp disabled i:5 h:a5e7afa5 n:Climb Log
#1229130 06.07.2026 16:53:55 : EVT APPLICATION : Zapp zzmoveen:Disable
#1229131 06.07.2026 16:53:55 : EVT ANALYTICS : Zapp disabled i:6 h:7aac0887 n:Movement
#1229132 06.07.2026 16:53:55 : EVT UI_FRAMEWORK : evalFile: b:/zapp/zzmoveen.fea/ext2.js from ui
#1229133 06.07.2026 16:53:55 : EVT APPLICATION : Zapp zzwethen:Disable
#1229134 06.07.2026 16:53:55 : EVT ANALYTICS : Zapp disabled i:8 h:3f77f8ec n:Weather
#1229135 06.07.2026 16:53:55 : EVT UI_FRAMEWORK : JS discard disable zapps
#1229136 06.07.2026 16:53:55 : EVT UI_FRAMEWORK : JS will discard
#1229137 06.07.2026 16:53:55 : EVT <Unknown> : Update pres sampl intrvl:5
#1229138 06.07.2026 16:53:55 : EVT SPEEDFUSION : INFO # stop speed fusion
#1229139 06.07.2026 16:53:55 : WRN APPLICATION : discard hrr meas l:3 d:0 sh:0 mh:0 v:0
#1229140 06.07.2026 16:53:55 : WRN WBAPI : eID-698eec(583/65535): 404
#1229141 06.07.2026 16:53:55 : EVT TRAININGZONE : User Define Mode:5
#1229142 06.07.2026 16:53:55 : EVT TRAININGZONE : Tss HR:0.00
#1229143 06.07.2026 16:53:55 : EVT TRAININGZONE : A:16,Tss:[-200.00,-200.00,-200.00,0.00]
#1229144 06.07.2026 16:53:55 : EVT TRAININGLAB : AppFeature Vo2Max 0.000000
#1229145 06.07.2026 16:53:55 : EVT TRAININGLAB : TLab:~Mode T 15936 + 1 A 4050 + 0
#1229146 06.07.2026 16:53:55 : EVT TRAININGLAB : TLab:Change mode 3->2
#1229147 06.07.2026 16:53:55 : EVT TRAININGLAB : TLab:Mode::userInfo 60, 200, 1, 37, 182, 950, 1990
#1229148 06.07.2026 16:53:55 : EVT LOGGER : LGR 934, 80
#1229149 06.07.2026 16:53:55 : EVT TRAININGLAB : ModeUnsub:91C5
#1229150 06.07.2026 16:53:55 : EVT OHR : S:start 0x2123
#1229151 06.07.2026 16:53:55 : EVT TRAININGLAB : ModeSub:0400
#1229152 06.07.2026 16:53:55 : EVT LOGGER : Exercise stopped
#1229153 06.07.2026 16:53:55 : EVT ANALYTICS : WAOae:Activity WAOae:16
#1229154 06.07.2026 16:53:55 : EVT ANALYTICS : WAOae:TotalAcc WAOae:0,0,0
#1229155 06.07.2026 16:53:55 : EVT ANALYTICS : WAOae:AccCount WAOae:0,0,0
#1229156 06.07.2026 16:53:55 : EVT ANALYTICS : WAOae:Distance WAOae:0,0,0
#1229157 06.07.2026 16:53:55 : EVT ANALYTICS : WAOae:Duration WAOae:0,0,0
#1229158 06.07.2026 16:53:55 : EVT ANALYTICS : WAOae:Coeff WAOae:0,40,122,272,773,7524,7624
#1229159 06.07.2026 16:53:55 : EVT BLE : HR RR off (5201040, 8819 ms missing)
#1229160 06.07.2026 16:53:55 : EVT BLE : HR RR done
#1229161 06.07.2026 16:53:55 : EVT LOGGER : HrIbiLogger stop, off (0 ms)
#1229162 06.07.2026 16:53:55 : EVT LOGGER : HrIbiLogger stopped (0 ms)
#1229163 06.07.2026 16:53:55 : TRC GPS : Unsubd c:802b0000
#1229164 06.07.2026 16:53:55 : EVT LOGGER : LGR 934, 80
#1229165 06.07.2026 16:53:55 : EVT ANALYTICS : SleepQ:Tracking:On
#1229166 06.07.2026 16:53:55 : EVT LOGGER : Wr dpc on
#1229167 06.07.2026 16:53:55 : EVT LOGGER : LGR 20993, 56
#1229168 06.07.2026 16:53:56 : TRC NAVIGATION : CG: no climb WP
#1229169 06.07.2026 16:53:56 : TRC NAVIGATION : CG:init ZoomType=0
#1229170 06.07.2026 16:53:56 : EVT NAVIGATION : initSeg Idx=0 D=1 T=0 3-0-4
#1229171 06.07.2026 16:53:56 : EVT WBSTORAGE : CACHE_DEFRAG (696->1048, 24->24, 25)
#1229172 06.07.2026 16:53:56 : EVT SPEEDFUSION : INFO # IDLE mode(-1) set
#1229173 06.07.2026 16:53:56 : EVT ALTIFUSION : AltiBaroMode:2
#1229174 06.07.2026 16:53:56 : EVT WBSTORAGE : CACHE_DEFRAG (1024->1032, 24->24, 25)
#1229175 06.07.2026 16:53:56 : EVT WBSTORAGE : CACHE_DEFRAG (960->968, 24->24, 25)
#1229176 06.07.2026 16:53:56 : EVT BLE : lt,scan 1
#1229177 06.07.2026 16:53:56 : WRN BLE : sendDisconnect 6157
#1229178 06.07.2026 16:53:56 : ERR BLE : [AURA]No filters left, stopping scan
#1229179 06.07.2026 16:53:56 : ERR BLE : [AURA]Filter with handle 72 not found
#1229180 06.07.2026 16:53:56 : EVT BLE : packet 0 sensor found count 1
#1229181 06.07.2026 16:53:56 : EVT BLE : packet 0 sensor found count 2
#1229182 06.07.2026 16:53:56 : EVT <Unknown> : 1783349635658:Meas start 0x2123
#1229183 06.07.2026 16:53:56 : EVT BLE : Disconn sensor:1
#1229184 06.07.2026 16:53:56 : EVT BLE : BLE Sensor Link 4800180D Disc (L-E-:00:0)
#1229185 06.07.2026 16:53:56 : WRN BLE : sendDisconnect 6157
#1229186 06.07.2026 16:53:56 : ERR BLE : [AURA]No filters left, stopping scan
#1229187 06.07.2026 16:53:57 : EVT ANALYTICS : #powersave mode:p temp:29.7
#1229188 06.07.2026 16:53:57 : EVT ANALYTICS : Battery-> 4 soc:100
#1229189 06.07.2026 16:53:58 : EVT OHR : No HR update, invalidate by timer
#1229190 06.07.2026 16:53:58 : EVT <Unknown> : 1783349637673:On Skin Set.
#1229191 06.07.2026 16:53:59 : EVT UI_FRAMEWORK : JS discard
#1229192 06.07.2026 16:53:59 : WRN LOGGER : Delete b:logs/6A4BC17A
#1229193 06.07.2026 16:54:01 : EVT WBSTORAGE : CACHE_DEFRAG (896->904, 24->24, 25)
#1229194 06.07.2026 16:54:01 : EVT APPLICATION : Zapp zwc05901:Load script
#1229195 06.07.2026 16:54:01 : EVT APPLICATION : Zapp zwc05901:Enable
#1229196 06.07.2026 16:54:01 : EVT ANALYTICS : Zapp enabled i:3 h:ddb248f2 n:zwc05901 v:124f
#1229197 06.07.2026 16:54:01 : WRN WBAPI : eID-691468(277): /Weather/Current/ValidWeatherData.temp 
#1229198 06.07.2026 16:54:09 : EVT OHR : new HR update
#1229199 06.07.2026 16:54:30 : EVT <Unknown> : 1783349669791:Off Skin Set.
#1229200 06.07.2026 16:54:31 : EVT <Unknown> : 1783349670918:On Skin Set.
#1229201 06.07.2026 16:54:32 : EVT <Unknown> : 1783349672171:Off Skin Set.
#1229202 06.07.2026 16:54:35 : EVT PMIC : VBUS state is ON
#1229203 06.07.2026 16:54:35 : EVT PMIC : chgCntl1:0x70
#1229204 06.07.2026 16:54:35 : EVT PMIC : check chgCntl1:0x74
#1229205 06.07.2026 16:54:35 : EVT PMIC : Turn charge ON since VBUS->ON
#1229206 06.07.2026 16:54:35 : EVT PMIC : PMIC temp zone:0x2
#1229207 06.07.2026 16:54:35 : EVT PMIC : PMIC Fast-charge constant cur
#1229208 06.07.2026 16:54:35 : EVT OHR : VBUS on
#1229209 06.07.2026 16:54:35 : EVT OHR : S:stop 23
#1229210 06.07.2026 16:54:35 : EVT <Unknown> : 1783349675262:Meas stop 0x2123
#1229211 06.07.2026 16:54:35 : EVT PMIC : VBUS state is ON
#1229212 06.07.2026 16:54:35 : WRN <Unknown> : 1783349675262:FSM EVT STOP.
#1229213 06.07.2026 16:54:35 : EVT OHR : S:OFF 1->0
#1229214 06.07.2026 16:54:36 : EVT PMIC : PMIC Fast-charge constant voltage
#1229215 06.07.2026 16:54:36 : EVT PMIC : PMIC Fast-charge constant cur
#1229216 06.07.2026 16:54:36 : EVT PMIC : PMIC Fast-charge constant cur
#1229217 06.07.2026 16:54:36 : EVT PMIC : PMIC Fast-charge constant cur
#1229218 06.07.2026 16:54:36 : EVT PMIC : PMIC Fast-charge constant cur
#1229219 06.07.2026 16:54:36 : EVT PMIC : PMIC Fast-charge constant cur
#1229220 06.07.2026 16:54:36 : EVT PMIC : PMIC Fast-charge constant cur
#1229221 06.07.2026 16:54:36 : EVT PMIC : PMIC Fast-charge constant cur
#1229222 06.07.2026 16:54:36 : EVT PMIC : PMIC temp zone:0x7
#1229223 06.07.2026 16:54:36 : EVT PMIC : VBUS state is OFF
#1229224 06.07.2026 16:54:36 : EVT PMIC : Turn charge OFF since VBUS->OFF
#1229225 06.07.2026 16:54:36 : EVT OHR : VBUS off
#1229226 06.07.2026 16:54:36 : EVT OHR : S:ON 0->1
#1229227 06.07.2026 16:54:36 : EVT OHR : APPINIT:caps 0x1f4, 6b738616
#1229228 06.07.2026 16:54:36 : EVT <Unknown> : 1783349676744:AI@1783349676720, tz120
#1229229 06.07.2026 16:54:36 : EVT OHR : S:start 0x2123
#1229230 06.07.2026 16:54:36 : EVT <Unknown> : 1783349676749:Meas start 0x2123
#1229231 06.07.2026 16:54:37 : EVT <Unknown> : 1783349676764:PD1464, 0
#1229232 06.07.2026 16:54:37 : EVT <Unknown> : 1783349676827:GMV 20251126/1/4/0/395/46
#1229233 06.07.2026 16:54:37 : EVT <Unknown> : 1783349677081:Mi1.6.10, auth 0, hr_mode 0
#1229234 06.07.2026 16:54:37 : EVT OHR : No HR update, invalidate by timer
#1229235 06.07.2026 16:54:37 : EVT PMIC : VBUS state is ON
#1229236 06.07.2026 16:54:37 : EVT PMIC : chgCntl1:0x70
#1229237 06.07.2026 16:54:37 : EVT PMIC : check chgCntl1:0x74
#1229238 06.07.2026 16:54:37 : EVT PMIC : Turn charge ON since VBUS->ON
#1229239 06.07.2026 16:54:37 : EVT PMIC : PMIC temp zone:0x2
#1229240 06.07.2026 16:54:37 : EVT PMIC : PMIC Fast-charge constant cur
#1229241 06.07.2026 16:54:37 : EVT PMIC : PMIC Fast-charge constant cur
#1229242 06.07.2026 16:54:37 : EVT PMIC : PMIC Fast-charge constant cur
#1229243 06.07.2026 16:54:37 : EVT OHR : VBUS on
#1229244 06.07.2026 16:54:37 : EVT OHR : S:stop 23
#1229245 06.07.2026 16:54:37 : EVT <Unknown> : 1783349677677:Meas stop 0x2123
#1229246 06.07.2026 16:54:37 : WRN <Unknown> : 1783349677678:FSM EVT STOP.
#1229247 06.07.2026 16:54:37 : EVT OHR : S:OFF 1->0
#1229248 06.07.2026 16:54:37 : EVT PMIC : VBUS state is ON
#1229249 06.07.2026 16:54:37 : EVT PMIC : PMIC Maintain charge
#1229250 06.07.2026 16:54:43 : TRC FUEL_GAUGE : Chg->1,B:5,C:3.2,V:4439,U:1,bF:100%,bC:100%
#1229251 06.07.2026 16:54:43 : EVT PMIC : PMIC Fast-charge constant cur
#1229252 06.07.2026 16:54:43 : EVT ANALYTICS : Battery-> 2 soc:100
#1229253 06.07.2026 16:54:43 : EVT WBCOMM : P-9 connection made to ECSD00000000
#1229254 06.07.2026 16:54:43 : EVT WBCOMM : New Route: ECSD00000000
#1229255 06.07.2026 16:54:46 : EVT PMIC : PMIC Maintain charge
#1229256 06.07.2026 16:54:46 : EVT PMIC : PMIC Fast-charge constant cur
#1229257 06.07.2026 16:54:46 : EVT PMIC : PMIC Fast-charge constant cur
#1229258 06.07.2026 16:54:46 : EVT PMIC : PMIC Fast-charge constant cur
#1229259 06.07.2026 16:54:46 : EVT PMIC : PMIC Fast-charge constant cur
#1229260 06.07.2026 16:54:46 : EVT PMIC : PMIC Precharge
#1229261 06.07.2026 16:54:46 : EVT PMIC : PMIC Fast-charge constant cur
#1229262 06.07.2026 16:54:46 : EVT PMIC : PMIC Fast-charge constant cur
#1229263 06.07.2026 16:54:46 : EVT PMIC : PMIC Fast-charge constant cur
#1229264 06.07.2026 16:54:46 : EVT PMIC : PMIC Fast-charge constant cur
#1229265 06.07.2026 16:54:46 : EVT PMIC : PMIC Fast-charge constant cur
#1229266 06.07.2026 16:54:46 : EVT PMIC : PMIC Fast-charge constant cur
#1229267 06.07.2026 16:54:46 : EVT PMIC : PMIC Fast-charge constant cur
#1229268 06.07.2026 16:54:46 : EVT PMIC : PMIC Fast-charge constant cur
#1229269 06.07.2026 16:54:46 : EVT PMIC : PMIC Fast-charge constant cur
#1229270 06.07.2026 16:54:46 : EVT PMIC : PMIC Fast-charge constant cur
#1229271 06.07.2026 16:54:46 : EVT PMIC : PMIC Fast-charge constant cur
#1229272 06.07.2026 16:54:46 : EVT PMIC : PMIC Fast-charge constant cur
#1229273 06.07.2026 16:54:46 : EVT PMIC : PMIC Fast-charge constant cur
#1229274 06.07.2026 16:54:46 : EVT PMIC : PMIC Fast-charge constant cur
#1229275 06.07.2026 16:54:46 : EVT PMIC : PMIC Fast-charge constant cur
#1229276 06.07.2026 16:54:46 : EVT PMIC : PMIC Fast-charge constant cur
#1229277 06.07.2026 16:54:46 : EVT PMIC : PMIC Fast-charge constant cur
#1229278 06.07.2026 16:54:46 : EVT PMIC : PMIC Fast-charge constant cur
#1229279 06.07.2026 16:54:46 : EVT PMIC : PMIC Fast-charge constant cur
#1229280 06.07.2026 16:54:46 : EVT PMIC : PMIC Fast-charge constant cur
#1229281 06.07.2026 16:54:46 : EVT PMIC : PMIC Fast-charge constant cur
#1229282 06.07.2026 16:54:46 : EVT PMIC : PMIC Fast-charge constant cur
#1229283 06.07.2026 16:54:46 : EVT PMIC : PMIC Fast-charge constant cur
#1229284 06.07.2026 16:54:46 : EVT PMIC : PMIC Precharge
#1229285 06.07.2026 16:54:46 : EVT PMIC : PMIC Fast-charge constant cur
#1229286 06.07.2026 16:54:46 : EVT PMIC : PMIC Fast-charge constant cur
#1229287 06.07.2026 16:54:46 : EVT PMIC : PMIC Fast-charge constant cur
#1229288 06.07.2026 16:54:46 : EVT PMIC : PMIC Fast-charge constant cur
#1229289 06.07.2026 16:54:46 : EVT PMIC : PMIC Fast-charge constant cur
#1229290 06.07.2026 16:54:47 : EVT PMIC : PMIC Fast-charge constant cur
#1229291 06.07.2026 16:54:47 : EVT PMIC : PMIC Fast-charge constant cur
#1229292 06.07.2026 16:54:47 : EVT PMIC : PMIC Fast-charge constant cur
#1229293 06.07.2026 16:54:47 : EVT PMIC : PMIC Fast-charge constant cur
#1229294 06.07.2026 16:54:47 : EVT PMIC : PMIC Precharge
#1229295 06.07.2026 16:54:47 : EVT PMIC : PMIC Fast-charge constant cur
#1229296 06.07.2026 16:54:47 : EVT PMIC : PMIC Fast-charge constant cur
#1229297 06.07.2026 16:54:47 : EVT PMIC : PMIC Fast-charge constant cur
#1229298 06.07.2026 16:54:47 : EVT PMIC : PMIC Fast-charge constant cur
#1229299 06.07.2026 16:54:47 : EVT PMIC : PMIC Fast-charge constant cur
#1229300 06.07.2026 16:54:47 : EVT PMIC : PMIC Fast-charge constant cur
#1229301 06.07.2026 16:54:47 : EVT PMIC : PMIC Fast-charge constant cur
#1229302 06.07.2026 16:54:47 : EVT PMIC : PMIC Fast-charge constant cur
#1229303 06.07.2026 16:54:47 : EVT PMIC : PMIC Fast-charge constant cur
#1229304 06.07.2026 16:54:47 : EVT PMIC : PMIC Fast-charge constant cur
#1229305 06.07.2026 16:54:47 : EVT PMIC : PMIC Fast-charge constant cur
#1229306 06.07.2026 16:54:47 : EVT PMIC : PMIC Fast-charge constant cur
#1229307 06.07.2026 16:54:47 : EVT PMIC : PMIC Fast-charge constant cur
#1229308 06.07.2026 16:54:47 : EVT PMIC : PMIC Fast-charge constant cur
#1229309 06.07.2026 16:54:47 : EVT PMIC : PMIC Fast-charge constant cur
#1229310 06.07.2026 16:54:47 : EVT PMIC : PMIC Fast-charge constant cur
#1229311 06.07.2026 16:54:47 : EVT PMIC : PMIC Fast-charge constant cur
#1229312 06.07.2026 16:54:47 : EVT PMIC : PMIC Fast-charge constant cur
#1229313 06.07.2026 16:54:47 : EVT PMIC : PMIC Fast-charge constant cur
#1229314 06.07.2026 16:54:47 : EVT PMIC : PMIC Fast-charge constant cur
#1229315 06.07.2026 16:54:47 : ERR WBMAIN : *0: app 1096 Event 36 80005310
#1229316 06.07.2026 16:54:47 : ERR WBMAIN : 1: mea 27 Wait 0 00000000
#1229317 06.07.2026 16:54:47 : ERR WBMAIN : 2: ui 61 Wait 0 00000000
#1229318 06.07.2026 16:54:47 : EVT PMIC : PMIC Fast-charge constant cur
#1229319 06.07.2026 16:54:47 : EVT PMIC : PMIC Fast-charge constant cur
#1229320 06.07.2026 16:54:47 : EVT PMIC : PMIC Fast-charge constant cur
#1229321 06.07.2026 16:54:47 : EVT PMIC : PMIC Fast-charge constant cur
#1229322 06.07.2026 16:54:47 : EVT PMIC : PMIC Precharge
#1229323 06.07.2026 16:54:47 : EVT PMIC : PMIC Fast-charge constant cur
#1229324 06.07.2026 16:54:47 : EVT PMIC : PMIC Fast-charge constant cur
#1229325 06.07.2026 16:54:47 : EVT PMIC : PMIC Fast-charge constant cur
#1229326 06.07.2026 16:54:47 : EVT PMIC : PMIC Fast-charge constant cur
#1229327 06.07.2026 16:54:47 : EVT PMIC : PMIC Fast-charge constant cur
#1229328 06.07.2026 16:54:47 : EVT PMIC : PMIC Fast-charge constant cur
#1229329 06.07.2026 16:54:47 : EVT PMIC : PMIC Fast-charge constant cur
#1229330 06.07.2026 16:54:47 : EVT PMIC : PMIC Fast-charge constant cur
#1229331 06.07.2026 16:54:47 : EVT PMIC : PMIC Fast-charge constant cur
#1229332 06.07.2026 16:54:47 : EVT PMIC : PMIC Fast-charge constant cur
#1229333 06.07.2026 16:54:47 : EVT PMIC : PMIC Fast-charge constant cur
#1229334 06.07.2026 16:54:47 : EVT PMIC : PMIC Fast-charge constant cur
#1229335 06.07.2026 16:54:47 : EVT PMIC : PMIC Fast-charge constant cur
#1229336 06.07.2026 16:54:47 : EVT PMIC : PMIC Fast-charge constant cur
#1229337 06.07.2026 16:54:47 : EVT PMIC : PMIC Fast-charge constant cur
#1229338 06.07.2026 16:54:47 : EVT PMIC : PMIC Fast-charge constant cur
#1229339 06.07.2026 16:54:47 : EVT PMIC : PMIC Fast-charge constant cur
#1229340 06.07.2026 16:54:47 : EVT PMIC : PMIC Precharge
#1229341 06.07.2026 16:54:47 : EVT PMIC : PMIC Fast-charge constant cur
#1229342 06.07.2026 16:54:47 : EVT PMIC : PMIC Fast-charge constant cur
#1229343 06.07.2026 16:54:47 : EVT PMIC : PMIC Fast-charge constant cur
#1229344 06.07.2026 16:54:47 : EVT PMIC : PMIC Fast-charge constant cur
#1229345 06.07.2026 16:54:47 : EVT PMIC : PMIC Fast-charge constant cur
#1229346 06.07.2026 16:54:47 : EVT PMIC : PMIC Fast-charge constant cur
#1229347 06.07.2026 16:54:47 : EVT PMIC : PMIC Fast-charge constant cur
#1229348 06.07.2026 16:54:47 : EVT PMIC : PMIC Fast-charge constant cur
#1229349 06.07.2026 16:54:47 : EVT PMIC : PMIC Fast-charge constant cur
#1229350 06.07.2026 16:54:47 : EVT PMIC : PMIC Fast-charge constant cur
#1229351 06.07.2026 16:54:47 : EVT PMIC : PMIC Fast-charge constant cur
#1229352 06.07.2026 16:54:47 : EVT PMIC : PMIC Fast-charge constant cur
#1229353 06.07.2026 16:54:48 : EVT PMIC : PMIC Fast-charge constant cur
#1229354 06.07.2026 16:54:48 : EVT PMIC : PMIC Fast-charge constant cur
#1229355 06.07.2026 16:54:48 : EVT PMIC : PMIC Fast-charge constant cur
#1229356 06.07.2026 16:54:48 : EVT PMIC : PMIC Fast-charge constant cur
#1229357 06.07.2026 16:54:48 : EVT PMIC : PMIC Fast-charge constant cur
#1229358 06.07.2026 16:54:48 : EVT PMIC : PMIC Fast-charge constant cur
#1229359 06.07.2026 16:54:48 : EVT PMIC : PMIC Fast-charge constant cur
#1229360 06.07.2026 16:54:48 : EVT PMIC : PMIC Fast-charge constant cur
#1229361 06.07.2026 16:54:48 : EVT PMIC : PMIC Fast-charge constant cur
#1229362 06.07.2026 16:54:48 : EVT PMIC : PMIC Fast-charge constant cur
#1229363 06.07.2026 16:54:48 : EVT PMIC : PMIC Fast-charge constant cur
#1229364 06.07.2026 16:54:48 : EVT PMIC : PMIC Fast-charge constant cur
#1229365 06.07.2026 16:54:48 : EVT PMIC : PMIC Fast-charge constant cur
#1229366 06.07.2026 16:54:48 : EVT PMIC : PMIC Fast-charge constant cur
#1229367 06.07.2026 16:54:48 : EVT PMIC : PMIC Fast-charge constant cur
#1229368 06.07.2026 16:54:48 : ERR WBMAIN : *0: app 793 Event 36 80005310
#1229369 06.07.2026 16:54:48 : ERR WBMAIN : 1: mea 6 Wait 0 00000000
#1229370 06.07.2026 16:54:48 : ERR WBMAIN : 2: ui 61 Wait 0 00000000
#1229371 06.07.2026 16:54:48 : EVT PMIC : PMIC Fast-charge constant cur
#1229372 06.07.2026 16:54:48 : EVT PMIC : PMIC Fast-charge constant cur
#1229373 06.07.2026 16:54:48 : EVT PMIC : PMIC Precharge
#1229374 06.07.2026 16:54:48 : EVT PMIC : PMIC Fast-charge constant cur
#1229375 06.07.2026 16:54:48 : EVT PMIC : PMIC Fast-charge constant cur
#1229376 06.07.2026 16:54:48 : EVT PMIC : PMIC Fast-charge constant cur
#1229377 06.07.2026 16:54:48 : EVT PMIC : PMIC Fast-charge constant cur
#1229378 06.07.2026 16:54:48 : EVT PMIC : PMIC Precharge
#1229379 06.07.2026 16:54:48 : EVT PMIC : PMIC Fast-charge constant cur
#1229380 06.07.2026 16:54:48 : EVT PMIC : PMIC Precharge
#1229381 06.07.2026 16:54:48 : EVT PMIC : PMIC Fast-charge constant cur
#1229382 06.07.2026 16:54:48 : EVT PMIC : PMIC Fast-charge constant cur
#1229383 06.07.2026 16:54:48 : EVT PMIC : PMIC Fast-charge constant cur
#1229384 06.07.2026 16:54:48 : EVT PMIC : PMIC Fast-charge constant cur
#1229385 06.07.2026 16:54:48 : EVT PMIC : PMIC Fast-charge constant cur
#1229386 06.07.2026 16:54:48 : EVT PMIC : PMIC Fast-charge constant cur
#1229387 06.07.2026 16:54:48 : EVT PMIC : PMIC Fast-charge constant cur
#1229388 06.07.2026 16:54:48 : EVT PMIC : PMIC Fast-charge constant cur
#1229389 06.07.2026 16:54:48 : EVT PMIC : PMIC Fast-charge constant cur
#1229390 06.07.2026 16:54:48 : EVT PMIC : PMIC Fast-charge constant cur
#1229391 06.07.2026 16:54:48 : EVT PMIC : PMIC Fast-charge constant cur
#1229392 06.07.2026 16:54:48 : EVT PMIC : PMIC Fast-charge constant cur
#1229393 06.07.2026 16:54:48 : EVT PMIC : PMIC Precharge
#1229394 06.07.2026 16:54:48 : EVT PMIC : PMIC Fast-charge constant cur
#1229395 06.07.2026 16:54:48 : EVT PMIC : PMIC Fast-charge constant cur
#1229396 06.07.2026 16:54:48 : EVT PMIC : PMIC Fast-charge constant cur
#1229397 06.07.2026 16:54:48 : EVT PMIC : PMIC Fast-charge constant cur
#1229398 06.07.2026 16:54:48 : EVT PMIC : PMIC Fast-charge constant cur
#1229399 06.07.2026 16:54:48 : EVT PMIC : PMIC Fast-charge constant cur
#1229400 06.07.2026 16:54:48 : EVT PMIC : PMIC Fast-charge constant cur
#1229401 06.07.2026 16:54:48 : EVT PMIC : PMIC Fast-charge constant cur
#1229402 06.07.2026 16:54:48 : EVT PMIC : PMIC Fast-charge constant cur
#1229403 06.07.2026 16:54:48 : EVT PMIC : PMIC Fast-charge constant cur
#1229404 06.07.2026 16:54:48 : EVT PMIC : PMIC Fast-charge constant cur
#1229405 06.07.2026 16:54:48 : EVT PMIC : PMIC Fast-charge constant cur
#1229406 06.07.2026 16:54:48 : EVT PMIC : PMIC Precharge
#1229407 06.07.2026 16:54:48 : EVT PMIC : PMIC Fast-charge constant cur
#1229408 06.07.2026 16:54:48 : EVT PMIC : PMIC Precharge
#1229409 06.07.2026 16:54:48 : EVT PMIC : PMIC Fast-charge constant cur
#1229410 06.07.2026 16:54:48 : EVT PMIC : PMIC Fast-charge constant cur
#1229411 06.07.2026 16:54:48 : EVT PMIC : PMIC Fast-charge constant cur
#1229412 06.07.2026 16:54:48 : EVT PMIC : PMIC Fast-charge constant cur
#1229413 06.07.2026 16:54:48 : EVT PMIC : PMIC Fast-charge constant cur
#1229414 06.07.2026 16:54:48 : EVT PMIC : PMIC Fast-charge constant cur
#1229415 06.07.2026 16:54:48 : EVT PMIC : PMIC Fast-charge constant cur
#1229416 06.07.2026 16:54:48 : EVT PMIC : PMIC Fast-charge constant cur
#1229417 06.07.2026 16:54:48 : EVT PMIC : PMIC Fast-charge constant cur
#1229418 06.07.2026 16:54:48 : EVT PMIC : PMIC Fast-charge constant cur
#1229419 06.07.2026 16:54:48 : EVT PMIC : PMIC Fast-charge constant cur
#1229420 06.07.2026 16:54:48 : EVT PMIC : PMIC Fast-charge constant cur
#1229421 06.07.2026 16:54:48 : EVT PMIC : PMIC Fast-charge constant cur
#1229422 06.07.2026 16:54:48 : EVT PMIC : PMIC Fast-charge constant cur
#1229423 06.07.2026 16:54:48 : EVT PMIC : PMIC Fast-charge constant cur
#1229424 06.07.2026 16:54:48 : EVT PMIC : PMIC Fast-charge constant cur
#1229425 06.07.2026 16:54:48 : EVT PMIC : PMIC Fast-charge constant cur
#1229426 06.07.2026 16:54:48 : EVT PMIC : PMIC Fast-charge constant cur
#1229427 06.07.2026 16:54:48 : EVT PMIC : PMIC Fast-charge constant cur
#1229428 06.07.2026 16:54:48 : EVT PMIC : PMIC Fast-charge constant cur
#1229429 06.07.2026 16:54:48 : EVT PMIC : PMIC Fast-charge constant cur
#1229430 06.07.2026 16:54:48 : EVT PMIC : PMIC Fast-charge constant cur
#1229431 06.07.2026 16:54:48 : EVT PMIC : PMIC Fast-charge constant cur
#1229432 06.07.2026 16:54:48 : EVT PMIC : PMIC Fast-charge constant cur
#1229433 06.07.2026 16:54:48 : EVT PMIC : PMIC Fast-charge constant cur
#1229434 06.07.2026 16:54:48 : EVT PMIC : PMIC Fast-charge constant cur
#1229435 06.07.2026 16:54:48 : EVT PMIC : PMIC Precharge
#1229436 06.07.2026 16:54:48 : EVT PMIC : PMIC Fast-charge constant cur
#1229437 06.07.2026 16:54:49 : EVT PMIC : PMIC Fast-charge constant cur
#1229438 06.07.2026 16:54:49 : EVT PMIC : PMIC Fast-charge constant cur
#1229439 06.07.2026 16:54:49 : EVT PMIC : PMIC Fast-charge constant cur
#1229440 06.07.2026 16:54:49 : EVT PMIC : PMIC Fast-charge constant cur
#1229441 06.07.2026 16:54:49 : EVT PMIC : PMIC Fast-charge constant cur
#1229442 06.07.2026 16:54:49 : EVT PMIC : PMIC Fast-charge constant cur
#1229443 06.07.2026 16:54:49 : EVT PMIC : PMIC Fast-charge constant cur
#1229444 06.07.2026 16:54:49 : EVT PMIC : PMIC Fast-charge constant cur
#1229445 06.07.2026 16:54:49 : EVT PMIC : PMIC Fast-charge constant cur
#1229446 06.07.2026 16:54:49 : EVT PMIC : PMIC Fast-charge constant cur
#1229447 06.07.2026 16:54:49 : EVT PMIC : PMIC Fast-charge constant cur
#1229448 06.07.2026 16:54:49 : EVT PMIC : PMIC Precharge
#1229449 06.07.2026 16:54:49 : EVT PMIC : PMIC Fast-charge constant cur
#1229450 06.07.2026 16:54:49 : EVT PMIC : PMIC Fast-charge constant cur
#1229451 06.07.2026 16:54:49 : EVT PMIC : PMIC Fast-charge constant cur
#1229452 06.07.2026 16:54:49 : EVT PMIC : PMIC Fast-charge constant cur
#1229453 06.07.2026 16:54:49 : EVT PMIC : PMIC Fast-charge constant cur
#1229454 06.07.2026 16:54:49 : EVT PMIC : PMIC Fast-charge constant cur
#1229455 06.07.2026 16:54:49 : EVT PMIC : PMIC Fast-charge constant cur
#1229456 06.07.2026 16:54:49 : EVT PMIC : PMIC Fast-charge constant cur
#1229457 06.07.2026 16:54:49 : EVT PMIC : PMIC Fast-charge constant cur
#1229458 06.07.2026 16:54:49 : EVT ANALYTICS : Sync start
#1229459 06.07.2026 16:54:49 : EVT PMIC : PMIC Fast-charge constant cur
#1229460 06.07.2026 16:54:49 : EVT PMIC : PMIC Precharge
#1229461 06.07.2026 16:54:49 : EVT PMIC : PMIC Fast-charge constant cur
#1229462 06.07.2026 16:54:49 : EVT PMIC : PMIC Fast-charge constant cur
#1229463 06.07.2026 16:54:49 : EVT PMIC : PMIC Fast-charge constant cur
#1229464 06.07.2026 16:54:49 : EVT PMIC : PMIC Fast-charge constant cur
#1229465 06.07.2026 16:54:49 : EVT PMIC : PMIC Fast-charge constant cur
#1229466 06.07.2026 16:54:49 : EVT PMIC : PMIC Fast-charge constant cur
#1229467 06.07.2026 16:54:49 : EVT PMIC : PMIC Fast-charge constant cur
#1229468 06.07.2026 16:54:49 : EVT PMIC : PMIC Fast-charge constant cur
#1229469 06.07.2026 16:54:49 : EVT PMIC : PMIC Precharge
#1229470 06.07.2026 16:54:49 : EVT PMIC : PMIC Fast-charge constant cur
#1229471 06.07.2026 16:54:49 : EVT PMIC : PMIC Fast-charge constant cur
#1229472 06.07.2026 16:54:49 : EVT PMIC : PMIC Fast-charge constant cur
#1229473 06.07.2026 16:54:49 : EVT PMIC : PMIC Fast-charge constant cur
#1229474 06.07.2026 16:54:49 : EVT PMIC : PMIC Precharge
#1229475 06.07.2026 16:54:49 : EVT PMIC : PMIC Fast-charge constant cur
#1229476 06.07.2026 16:54:49 : EVT PMIC : PMIC Precharge
#1229477 06.07.2026 16:54:49 : EVT PMIC : PMIC Fast-charge constant cur
#1229478 06.07.2026 16:54:49 : EVT PMIC : PMIC Fast-charge constant cur
#1229479 06.07.2026 16:54:49 : EVT PMIC : PMIC Fast-charge constant cur
#1229480 06.07.2026 16:54:49 : EVT PMIC : PMIC Fast-charge constant cur
#1229481 06.07.2026 16:54:49 : EVT PMIC : PMIC Fast-charge constant cur
#1229482 06.07.2026 16:54:49 : EVT PMIC : PMIC Fast-charge constant cur
#1229483 06.07.2026 16:54:49 : EVT PMIC : PMIC Fast-charge constant cur
#1229484 06.07.2026 16:54:49 : EVT PMIC : PMIC Fast-charge constant cur
#1229485 06.07.2026 16:54:49 : EVT PMIC : PMIC Fast-charge constant cur
#1229486 06.07.2026 16:54:49 : EVT PMIC : PMIC Fast-charge constant cur
#1229487 06.07.2026 16:54:49 : EVT PMIC : PMIC Fast-charge constant cur
#1229488 06.07.2026 16:54:49 : EVT PMIC : PMIC Precharge
#1229489 06.07.2026 16:54:49 : EVT PMIC : PMIC Fast-charge constant cur
#1229490 06.07.2026 16:54:49 : EVT PMIC : PMIC Fast-charge constant cur
#1229491 06.07.2026 16:54:49 : EVT PMIC : PMIC Fast-charge constant cur
#1229492 06.07.2026 16:54:49 : EVT PMIC : PMIC Fast-charge constant cur
#1229493 06.07.2026 16:54:49 : EVT PMIC : PMIC Fast-charge constant cur
#1229494 06.07.2026 16:54:49 : EVT PMIC : PMIC Fast-charge constant cur
#1229495 06.07.2026 16:54:49 : EVT ANALYTICS : Sync start
#1229496 06.07.2026 16:54:49 : EVT PMIC : PMIC Fast-charge constant cur
#1229497 06.07.2026 16:54:49 : EVT PMIC : PMIC Fast-charge constant cur
#1229498 06.07.2026 16:54:49 : EVT PMIC : PMIC Fast-charge constant cur
#1229499 06.07.2026 16:54:49 : EVT PMIC : PMIC Fast-charge constant cur
#1229500 06.07.2026 16:54:49 : EVT PMIC : PMIC Fast-charge constant cur
#1229501 06.07.2026 16:54:49 : EVT PMIC : PMIC Fast-charge constant cur
#1229502 06.07.2026 16:54:49 : EVT PMIC : PMIC Fast-charge constant cur
#1229503 06.07.2026 16:54:49 : EVT PMIC : PMIC Fast-charge constant cur
#1229504 06.07.2026 16:54:49 : EVT PMIC : PMIC Fast-charge constant cur
#1229505 06.07.2026 16:54:49 : EVT PMIC : PMIC Fast-charge constant cur
#1229506 06.07.2026 16:54:49 : EVT PMIC : PMIC Fast-charge constant cur
#1229507 06.07.2026 16:54:49 : EVT PMIC : PMIC Fast-charge constant cur
#1229508 06.07.2026 16:54:49 : EVT PMIC : PMIC Fast-charge constant cur
#1229509 06.07.2026 16:54:49 : EVT PMIC : PMIC Precharge
#1229510 06.07.2026 16:54:49 : EVT PMIC : PMIC Fast-charge constant cur
#1229511 06.07.2026 16:54:49 : EVT PMIC : PMIC Fast-charge constant cur
#1229512 06.07.2026 16:54:50 : EVT PMIC : PMIC Fast-charge constant cur
#1229513 06.07.2026 16:54:50 : EVT PMIC : PMIC Fast-charge constant cur
#1229514 06.07.2026 16:54:50 : EVT PMIC : PMIC Fast-charge constant cur
#1229515 06.07.2026 16:54:50 : EVT PMIC : PMIC Fast-charge constant cur
#1229516 06.07.2026 16:54:52 : EVT WBSTORAGE : CACHE_DEFRAG (776->784, 24->24, 25)
#1229517 06.07.2026 16:54:52 : EVT PMIC : PMIC Fast-charge constant cur
#1229518 06.07.2026 16:54:52 : EVT PMIC : PMIC Fast-charge constant cur
#1229519 06.07.2026 16:54:52 : EVT PMIC : PMIC Fast-charge constant cur
#1229520 06.07.2026 16:54:52 : EVT PMIC : PMIC Fast-charge constant cur
#1229521 06.07.2026 16:54:52 : EVT PMIC : PMIC Fast-charge constant cur
#1229522 06.07.2026 16:54:52 : EVT PMIC : PMIC Fast-charge constant cur
#1229523 06.07.2026 16:54:52 : EVT PMIC : PMIC Fast-charge constant cur
#1229524 06.07.2026 16:54:52 : EVT PMIC : PMIC Precharge
#1229525 06.07.2026 16:54:52 : EVT PMIC : PMIC Fast-charge constant cur
#1229526 06.07.2026 16:54:52 : TRC APPLICATION : Zapp climbl01 uninstalled
#1229527 06.07.2026 16:54:52 : EVT PMIC : PMIC Fast-charge constant cur
#1229528 06.07.2026 16:54:52 : EVT PMIC : PMIC Fast-charge constant cur
#1229529 06.07.2026 16:54:52 : EVT PMIC : PMIC Fast-charge constant cur
#1229530 06.07.2026 16:54:52 : EVT PMIC : PMIC Fast-charge constant cur
#1229531 06.07.2026 16:54:52 : EVT PMIC : PMIC Fast-charge constant cur
#1229532 06.07.2026 16:54:52 : EVT PMIC : PMIC Fast-charge constant cur
#1229533 06.07.2026 16:54:52 : EVT PMIC : PMIC Fast-charge constant cur
#1229534 06.07.2026 16:54:52 : EVT PMIC : PMIC Fast-charge constant cur
#1229535 06.07.2026 16:54:52 : EVT PMIC : PMIC Fast-charge constant cur
#1229536 06.07.2026 16:54:52 : EVT PMIC : PMIC Fast-charge constant cur
#1229537 06.07.2026 16:54:52 : EVT PMIC : PMIC Fast-charge constant cur
#1229538 06.07.2026 16:54:52 : EVT PMIC : PMIC Precharge
#1229539 06.07.2026 16:54:52 : EVT PMIC : PMIC Fast-charge constant cur
#1229540 06.07.2026 16:54:52 : EVT PMIC : PMIC Fast-charge constant cur
#1229541 06.07.2026 16:54:52 : EVT PMIC : PMIC Fast-charge constant cur
#1229542 06.07.2026 16:54:52 : EVT PMIC : PMIC Fast-charge constant cur
#1229543 06.07.2026 16:54:52 : EVT PMIC : PMIC Fast-charge constant cur
#1229544 06.07.2026 16:54:52 : EVT PMIC : PMIC Fast-charge constant cur
#1229545 06.07.2026 16:54:52 : EVT PMIC : PMIC Fast-charge constant cur
#1229546 06.07.2026 16:54:52 : EVT PMIC : PMIC Fast-charge constant cur
#1229547 06.07.2026 16:54:52 : EVT PMIC : PMIC Fast-charge constant cur
#1229548 06.07.2026 16:54:52 : EVT PMIC : PMIC Fast-charge constant cur
#1229549 06.07.2026 16:54:52 : EVT PMIC : PMIC Fast-charge constant cur
#1229550 06.07.2026 16:54:52 : EVT PMIC : PMIC Fast-charge constant cur
#1229551 06.07.2026 16:54:52 : EVT PMIC : PMIC Fast-charge constant cur
#1229552 06.07.2026 16:54:52 : EVT PMIC : PMIC Fast-charge constant cur
#1229553 06.07.2026 16:54:52 : EVT PMIC : PMIC Fast-charge constant cur
#1229554 06.07.2026 16:54:52 : EVT PMIC : PMIC Fast-charge constant cur
#1229555 06.07.2026 16:54:52 : EVT PMIC : PMIC Fast-charge constant cur
#1229556 06.07.2026 16:54:52 : EVT PMIC : PMIC Fast-charge constant cur
#1229557 06.07.2026 16:54:52 : EVT PMIC : PMIC Fast-charge constant cur
#1229558 06.07.2026 16:54:52 : EVT PMIC : PMIC Fast-charge constant cur
#1229559 06.07.2026 16:54:52 : EVT PMIC : PMIC Fast-charge constant cur
#1229560 06.07.2026 16:54:52 : EVT PMIC : PMIC Fast-charge constant cur
#1229561 06.07.2026 16:54:52 : EVT PMIC : PMIC Fast-charge constant cur
#1229562 06.07.2026 16:54:52 : EVT PMIC : PMIC Fast-charge constant cur
#1229563 06.07.2026 16:54:52 : EVT PMIC : PMIC Fast-charge constant cur
#1229564 06.07.2026 16:54:52 : EVT PMIC : PMIC Fast-charge constant cur
#1229565 06.07.2026 16:54:53 : EVT PMIC : PMIC Fast-charge constant cur
#1229566 06.07.2026 16:54:53 : EVT PMIC : PMIC Fast-charge constant cur
#1229567 06.07.2026 16:54:53 : EVT PMIC : PMIC Fast-charge constant cur
#1229568 06.07.2026 16:54:53 : EVT PMIC : PMIC Fast-charge constant cur
#1229569 06.07.2026 16:54:53 : EVT PMIC : PMIC Fast-charge constant cur
#1229570 06.07.2026 16:54:53 : EVT PMIC : PMIC Fast-charge constant cur
#1229571 06.07.2026 16:54:53 : EVT PMIC : PMIC Fast-charge constant cur
#1229572 06.07.2026 16:54:53 : EVT PMIC : PMIC Fast-charge constant cur
#1229573 06.07.2026 16:54:53 : EVT PMIC : PMIC Fast-charge constant cur
#1229574 06.07.2026 16:54:53 : EVT PMIC : PMIC Fast-charge constant cur
#1229575 06.07.2026 16:54:53 : EVT PMIC : PMIC Fast-charge constant cur
#1229576 06.07.2026 16:54:53 : EVT PMIC : PMIC Fast-charge constant cur
#1229577 06.07.2026 16:54:53 : EVT PMIC : PMIC Fast-charge constant cur
#1229578 06.07.2026 16:54:53 : EVT PMIC : PMIC Fast-charge constant cur
#1229579 06.07.2026 16:54:53 : EVT PMIC : PMIC Fast-charge constant cur
#1229580 06.07.2026 16:54:53 : EVT PMIC : PMIC Fast-charge constant cur
#1229581 06.07.2026 16:54:53 : EVT PMIC : PMIC Fast-charge constant cur
#1229582 06.07.2026 16:54:53 : EVT PMIC : PMIC Fast-charge constant cur
#1229583 06.07.2026 16:54:53 : EVT PMIC : PMIC Fast-charge constant cur
#1229584 06.07.2026 16:54:53 : EVT PMIC : PMIC Fast-charge constant cur
#1229585 06.07.2026 16:54:53 : EVT PMIC : PMIC Fast-charge constant cur
#1229586 06.07.2026 16:54:53 : EVT PMIC : PMIC Precharge
#1229587 06.07.2026 16:54:53 : EVT PMIC : PMIC Fast-charge constant cur
#1229588 06.07.2026 16:54:53 : EVT PMIC : PMIC Fast-charge constant cur
#1229589 06.07.2026 16:54:53 : EVT PMIC : PMIC Fast-charge constant cur
#1229590 06.07.2026 16:54:53 : EVT PMIC : PMIC Fast-charge constant cur
#1229591 06.07.2026 16:54:53 : EVT PMIC : PMIC Fast-charge constant cur
#1229592 06.07.2026 16:54:53 : EVT PMIC : PMIC Fast-charge constant cur
#1229593 06.07.2026 16:54:53 : EVT PMIC : PMIC Fast-charge constant cur
#1229594 06.07.2026 16:54:53 : EVT PMIC : PMIC Fast-charge constant cur
#1229595 06.07.2026 16:54:53 : EVT PMIC : PMIC Fast-charge constant cur
#1229596 06.07.2026 16:54:53 : EVT PMIC : PMIC Fast-charge constant cur
#1229597 06.07.2026 16:54:53 : EVT PMIC : PMIC Fast-charge constant cur
#1229598 06.07.2026 16:54:53 : EVT PMIC : PMIC Precharge
#1229599 06.07.2026 16:54:53 : EVT PMIC : PMIC Fast-charge constant cur
#1229600 06.07.2026 16:54:53 : EVT PMIC : PMIC Fast-charge constant cur
#1229601 06.07.2026 16:54:53 : EVT PMIC : PMIC Fast-charge constant cur
#1229602 06.07.2026 16:54:53 : EVT PMIC : PMIC Fast-charge constant cur
#1229603 06.07.2026 16:54:53 : EVT PMIC : PMIC Fast-charge constant cur
#1229604 06.07.2026 16:54:53 : EVT PMIC : PMIC Fast-charge constant cur
#1229605 06.07.2026 16:54:53 : EVT PMIC : PMIC Fast-charge constant cur
#1229606 06.07.2026 16:54:53 : EVT PMIC : PMIC Fast-charge constant cur
#1229607 06.07.2026 16:54:53 : EVT PMIC : PMIC Fast-charge constant cur
#1229608 06.07.2026 16:54:53 : EVT PMIC : PMIC Precharge
#1229609 06.07.2026 16:54:53 : EVT PMIC : PMIC Fast-charge constant cur
#1229610 06.07.2026 16:54:53 : EVT PMIC : PMIC Fast-charge constant cur
#1229611 06.07.2026 16:54:53 : EVT PMIC : PMIC Fast-charge constant cur
#1229612 06.07.2026 16:54:53 : EVT PMIC : PMIC Precharge
#1229613 06.07.2026 16:54:53 : EVT PMIC : PMIC Fast-charge constant cur
#1229614 06.07.2026 16:54:53 : EVT PMIC : PMIC Fast-charge constant cur
#1229615 06.07.2026 16:54:53 : EVT PMIC : PMIC Fast-charge constant cur
#1229616 06.07.2026 16:54:53 : EVT PMIC : PMIC Fast-charge constant cur
#1229617 06.07.2026 16:54:53 : EVT PMIC : PMIC Fast-charge constant cur
#1229618 06.07.2026 16:54:53 : EVT PMIC : PMIC Fast-charge constant cur
#1229619 06.07.2026 16:54:53 : EVT PMIC : PMIC Fast-charge constant cur
#1229620 06.07.2026 16:54:53 : EVT PMIC : PMIC Fast-charge constant cur
#1229621 06.07.2026 16:54:53 : EVT PMIC : PMIC Fast-charge constant cur
#1229622 06.07.2026 16:54:53 : EVT PMIC : PMIC Fast-charge constant cur
#1229623 06.07.2026 16:54:53 : EVT PMIC : PMIC Fast-charge constant cur
#1229624 06.07.2026 16:54:53 : EVT PMIC : PMIC Fast-charge constant cur
#1229625 06.07.2026 16:54:53 : EVT PMIC : PMIC Fast-charge constant cur
#1229626 06.07.2026 16:54:53 : EVT PMIC : PMIC Fast-charge constant cur
#1229627 06.07.2026 16:54:53 : EVT PMIC : PMIC Fast-charge constant cur
#1229628 06.07.2026 16:54:53 : EVT PMIC : PMIC Fast-charge constant cur
#1229629 06.07.2026 16:54:54 : EVT PMIC : PMIC Fast-charge constant cur
#1229630 06.07.2026 16:54:54 : EVT PMIC : PMIC Fast-charge constant cur
#1229631 06.07.2026 16:54:54 : EVT PMIC : PMIC Fast-charge constant cur
#1229632 06.07.2026 16:54:54 : EVT PMIC : PMIC Precharge
#1229633 06.07.2026 16:54:54 : EVT PMIC : PMIC Fast-charge constant cur
#1229634 06.07.2026 16:54:54 : EVT PMIC : PMIC Fast-charge constant cur
#1229635 06.07.2026 16:54:54 : EVT PMIC : PMIC Fast-charge constant cur
#1229636 06.07.2026 16:54:54 : EVT PMIC : PMIC Fast-charge constant cur
#1229637 06.07.2026 16:54:54 : EVT PMIC : PMIC Fast-charge constant cur
#1229638 06.07.2026 16:54:54 : EVT PMIC : PMIC Fast-charge constant cur
#1229639 06.07.2026 16:54:54 : EVT PMIC : PMIC Fast-charge constant cur
#1229640 06.07.2026 16:54:54 : EVT PMIC : PMIC Fast-charge constant cur
#1229641 06.07.2026 16:54:54 : EVT PMIC : PMIC Fast-charge constant cur
#1229642 06.07.2026 16:54:54 : EVT PMIC : PMIC Fast-charge constant cur
#1229643 06.07.2026 16:54:54 : EVT PMIC : PMIC Fast-charge constant cur
#1229644 06.07.2026 16:54:54 : ERR WBMAIN : *0: app 1846 Event 36 80005310
#1229645 06.07.2026 16:54:54 : ERR WBMAIN : 1: mea 24 Wait 0 00000000
#1229646 06.07.2026 16:54:54 : ERR WBMAIN : 2: ui 23 Wait 0 00000000
#1229647 06.07.2026 16:54:54 : EVT WBSTORAGE : CACHE_DEFRAG (768->776, 24->24, 25)
#1229648 06.07.2026 16:54:54 : EVT WBSTORAGE : CACHE_DEFRAG (744->752, 24->24, 25)
#1229649 06.07.2026 16:54:54 : EVT WBSTORAGE : CACHE_DEFRAG (704->712, 24->24, 25)
#1229650 06.07.2026 16:54:54 : EVT <Unknown> : DL Region List
#1229651 06.07.2026 16:54:54 : EVT WIFI : Pwr up
#1229652 06.07.2026 16:54:54 : EVT PMIC : PMIC Fast-charge constant cur
#1229653 06.07.2026 16:54:54 : EVT PMIC : PMIC Fast-charge constant cur
#1229654 06.07.2026 16:54:54 : EVT PMIC : PMIC Fast-charge constant cur
#1229655 06.07.2026 16:54:54 : EVT PMIC : PMIC Fast-charge constant cur
#1229656 06.07.2026 16:54:54 : EVT PMIC : PMIC Fast-charge constant cur
#1229657 06.07.2026 16:54:54 : EVT PMIC : PMIC Fast-charge constant cur
#1229658 06.07.2026 16:54:54 : EVT PMIC : PMIC Fast-charge constant cur
#1229659 06.07.2026 16:54:54 : EVT PMIC : PMIC Fast-charge constant cur
#1229660 06.07.2026 16:54:54 : EVT PMIC : PMIC Fast-charge constant cur
#1229661 06.07.2026 16:54:54 : EVT PMIC : PMIC Fast-charge constant cur
#1229662 06.07.2026 16:54:54 : EVT PMIC : PMIC Fast-charge constant cur
#1229663 06.07.2026 16:54:54 : EVT PMIC : PMIC Fast-charge constant cur
#1229664 06.07.2026 16:54:54 : EVT PMIC : PMIC Fast-charge constant cur
#1229665 06.07.2026 16:54:54 : EVT PMIC : PMIC Fast-charge constant cur
#1229666 06.07.2026 16:54:54 : EVT PMIC : PMIC Fast-charge constant cur
#1229667 06.07.2026 16:54:54 : EVT PMIC : PMIC Fast-charge constant cur
#1229668 06.07.2026 16:54:54 : EVT PMIC : PMIC Fast-charge constant cur
#1229669 06.07.2026 16:54:54 : EVT PMIC : PMIC Fast-charge constant cur
#1229670 06.07.2026 16:54:54 : EVT PMIC : PMIC Fast-charge constant cur
#1229671 06.07.2026 16:54:54 : EVT PMIC : PMIC Precharge
#1229672 06.07.2026 16:54:54 : EVT PMIC : PMIC Fast-charge constant cur
#1229673 06.07.2026 16:54:54 : EVT PMIC : PMIC Fast-charge constant cur
#1229674 06.07.2026 16:54:54 : EVT PMIC : PMIC Fast-charge constant cur
#1229675 06.07.2026 16:54:54 : EVT PMIC : PMIC Fast-charge constant cur
#1229676 06.07.2026 16:54:54 : EVT PMIC : PMIC Precharge
#1229677 06.07.2026 16:54:54 : EVT PMIC : PMIC Fast-charge constant cur
#1229678 06.07.2026 16:54:54 : EVT PMIC : PMIC Fast-charge constant cur
#1229679 06.07.2026 16:54:54 : EVT PMIC : PMIC Fast-charge constant cur
#1229680 06.07.2026 16:54:54 : EVT PMIC : PMIC Fast-charge constant cur
#1229681 06.07.2026 16:54:54 : EVT PMIC : PMIC Fast-charge constant cur
#1229682 06.07.2026 16:54:54 : EVT PMIC : PMIC Fast-charge constant cur
#1229683 06.07.2026 16:54:54 : EVT PMIC : PMIC Fast-charge constant cur
#1229684 06.07.2026 16:54:54 : EVT PMIC : PMIC Precharge
#1229685 06.07.2026 16:54:54 : EVT PMIC : PMIC Fast-charge constant cur
#1229686 06.07.2026 16:54:54 : EVT PMIC : PMIC Fast-charge constant cur
#1229687 06.07.2026 16:54:54 : EVT PMIC : PMIC Precharge
#1229688 06.07.2026 16:54:54 : EVT PMIC : PMIC Fast-charge constant cur
#1229689 06.07.2026 16:54:54 : EVT PMIC : PMIC Fast-charge constant cur
#1229690 06.07.2026 16:54:54 : EVT PMIC : PMIC Fast-charge constant cur
#1229691 06.07.2026 16:54:54 : EVT PMIC : PMIC Fast-charge constant cur
#1229692 06.07.2026 16:54:54 : EVT PMIC : PMIC Fast-charge constant cur
#1229693 06.07.2026 16:54:54 : EVT PMIC : PMIC Fast-charge constant cur
#1229694 06.07.2026 16:54:54 : EVT PMIC : PMIC Fast-charge constant cur
#1229695 06.07.2026 16:54:54 : EVT PMIC : PMIC Precharge
#1229696 06.07.2026 16:54:54 : EVT PMIC : PMIC Fast-charge constant cur
#1229697 06.07.2026 16:54:54 : EVT PMIC : PMIC Fast-charge constant cur
#1229698 06.07.2026 16:54:55 : EVT PMIC : PMIC Fast-charge constant cur
#1229699 06.07.2026 16:54:55 : EVT PMIC : PMIC Fast-charge constant cur
#1229700 06.07.2026 16:54:55 : EVT PMIC : PMIC Fast-charge constant cur
#1229701 06.07.2026 16:54:55 : ERR WBMAIN : *0: app 697 Event 36 80005310
#1229702 06.07.2026 16:54:55 : ERR WBMAIN : 1: mea 13 Wait 0 00000000
#1229703 06.07.2026 16:54:55 : ERR WBMAIN : 2: ui 28 Wait 0 00000000
#1229704 06.07.2026 16:54:55 : EVT PMIC : PMIC Fast-charge constant cur
#1229705 06.07.2026 16:54:55 : EVT PMIC : PMIC Fast-charge constant cur
#1229706 06.07.2026 16:54:55 : EVT PMIC : PMIC Fast-charge constant cur
#1229707 06.07.2026 16:54:55 : EVT PMIC : PMIC Precharge
#1229708 06.07.2026 16:54:55 : EVT PMIC : PMIC Fast-charge constant cur
#1229709 06.07.2026 16:54:55 : EVT PMIC : PMIC Fast-charge constant cur
#1229710 06.07.2026 16:54:55 : EVT PMIC : PMIC Fast-charge constant cur
#1229711 06.07.2026 16:54:55 : EVT PMIC : PMIC Fast-charge constant cur
#1229712 06.07.2026 16:54:55 : EVT PMIC : PMIC Fast-charge constant cur
#1229713 06.07.2026 16:54:55 : EVT PMIC : PMIC Fast-charge constant cur
#1229714 06.07.2026 16:54:55 : EVT PMIC : PMIC Fast-charge constant cur
#1229715 06.07.2026 16:54:55 : EVT PMIC : PMIC Fast-charge constant cur
#1229716 06.07.2026 16:54:55 : EVT PMIC : PMIC Fast-charge constant cur
#1229717 06.07.2026 16:54:55 : EVT PMIC : PMIC Fast-charge constant cur
#1229718 06.07.2026 16:54:55 : EVT PMIC : PMIC Fast-charge constant cur
#1229719 06.07.2026 16:54:55 : EVT PMIC : PMIC Fast-charge constant cur
#1229720 06.07.2026 16:54:55 : EVT PMIC : PMIC Fast-charge constant cur
#1229721 06.07.2026 16:54:55 : EVT PMIC : PMIC Precharge
#1229722 06.07.2026 16:54:55 : EVT PMIC : PMIC Fast-charge constant cur
#1229723 06.07.2026 16:54:55 : EVT PMIC : PMIC Fast-charge constant cur
#1229724 06.07.2026 16:54:55 : EVT PMIC : PMIC Fast-charge constant cur
#1229725 06.07.2026 16:54:55 : EVT PMIC : PMIC Fast-charge constant cur
#1229726 06.07.2026 16:54:55 : EVT PMIC : PMIC Fast-charge constant cur
#1229727 06.07.2026 16:54:55 : EVT PMIC : PMIC Fast-charge constant cur
#1229728 06.07.2026 16:54:55 : EVT PMIC : PMIC Fast-charge constant cur
#1229729 06.07.2026 16:54:55 : EVT PMIC : PMIC Fast-charge constant cur
#1229730 06.07.2026 16:54:55 : EVT PMIC : PMIC Fast-charge constant cur
#1229731 06.07.2026 16:54:55 : EVT PMIC : PMIC Fast-charge constant cur
#1229732 06.07.2026 16:54:55 : EVT PMIC : PMIC Fast-charge constant cur
#1229733 06.07.2026 16:54:55 : EVT PMIC : PMIC Fast-charge constant cur
#1229734 06.07.2026 16:54:55 : EVT PMIC : PMIC Fast-charge constant cur
#1229735 06.07.2026 16:54:55 : EVT PMIC : PMIC Fast-charge constant cur
#1229736 06.07.2026 16:54:55 : EVT PMIC : PMIC Precharge
#1229737 06.07.2026 16:54:55 : EVT PMIC : PMIC Fast-charge constant cur
#1229738 06.07.2026 16:54:55 : EVT PMIC : PMIC Fast-charge constant cur
#1229739 06.07.2026 16:54:55 : EVT PMIC : PMIC Fast-charge constant cur
#1229740 06.07.2026 16:54:55 : EVT PMIC : PMIC Fast-charge constant cur
#1229741 06.07.2026 16:54:55 : EVT PMIC : PMIC Fast-charge constant cur
#1229742 06.07.2026 16:54:55 : EVT PMIC : PMIC Precharge
#1229743 06.07.2026 16:54:55 : EVT PMIC : PMIC Fast-charge constant cur
#1229744 06.07.2026 16:54:55 : EVT PMIC : PMIC Fast-charge constant cur
#1229745 06.07.2026 16:54:55 : EVT PMIC : PMIC Precharge
#1229746 06.07.2026 16:54:55 : EVT PMIC : PMIC Fast-charge constant cur
#1229747 06.07.2026 16:54:55 : EVT PMIC : PMIC Fast-charge constant cur
#1229748 06.07.2026 16:54:55 : EVT PMIC : PMIC Fast-charge constant cur
#1229749 06.07.2026 16:54:55 : EVT PMIC : PMIC Fast-charge constant cur
#1229750 06.07.2026 16:54:55 : EVT PMIC : PMIC Fast-charge constant cur
#1229751 06.07.2026 16:54:55 : EVT PMIC : PMIC Fast-charge constant cur
#1229752 06.07.2026 16:54:55 : EVT PMIC : PMIC Precharge
#1229753 06.07.2026 16:54:55 : EVT PMIC : PMIC Fast-charge constant cur
#1229754 06.07.2026 16:54:55 : EVT PMIC : PMIC Fast-charge constant cur
#1229755 06.07.2026 16:54:55 : EVT PMIC : PMIC Fast-charge constant cur
#1229756 06.07.2026 16:54:55 : EVT PMIC : PMIC Fast-charge constant cur
#1229757 06.07.2026 16:54:55 : EVT PMIC : PMIC Fast-charge constant cur
#1229758 06.07.2026 16:54:55 : EVT PMIC : PMIC Fast-charge constant cur
#1229759 06.07.2026 16:54:55 : EVT PMIC : PMIC Fast-charge constant cur
#1229760 06.07.2026 16:54:55 : EVT PMIC : PMIC Fast-charge constant cur
#1229761 06.07.2026 16:54:55 : EVT PMIC : PMIC Fast-charge constant cur
#1229762 06.07.2026 16:54:55 : EVT PMIC : PMIC Fast-charge constant cur
#1229763 06.07.2026 16:54:55 : EVT PMIC : PMIC Precharge
#1229764 06.07.2026 16:54:55 : EVT PMIC : PMIC Fast-charge constant cur
#1229765 06.07.2026 16:54:55 : EVT PMIC : PMIC Precharge
#1229766 06.07.2026 16:54:55 : EVT PMIC : PMIC Fast-charge constant cur
#1229767 06.07.2026 16:54:55 : EVT PMIC : PMIC Fast-charge constant cur
#1229768 06.07.2026 16:54:55 : EVT PMIC : PMIC Fast-charge constant cur
#1229769 06.07.2026 16:54:55 : EVT PMIC : PMIC Fast-charge constant cur
#1229770 06.07.2026 16:54:55 : EVT PMIC : PMIC Fast-charge constant cur
#1229771 06.07.2026 16:54:55 : EVT PMIC : PMIC Fast-charge constant cur
#1229772 06.07.2026 16:54:55 : EVT PMIC : PMIC Fast-charge constant cur
#1229773 06.07.2026 16:54:55 : EVT PMIC : PMIC Fast-charge constant cur
#1229774 06.07.2026 16:54:55 : EVT PMIC : PMIC Fast-charge constant cur
#1229775 06.07.2026 16:54:55 : EVT PMIC : PMIC Fast-charge constant cur
#1229776 06.07.2026 16:54:55 : EVT PMIC : PMIC Fast-charge constant cur
#1229777 06.07.2026 16:54:55 : EVT PMIC : PMIC Precharge
#1229778 06.07.2026 16:54:55 : EVT PMIC : PMIC Fast-charge constant cur
#1229779 06.07.2026 16:54:55 : EVT PMIC : PMIC Fast-charge constant cur
#1229780 06.07.2026 16:54:55 : EVT PMIC : PMIC Fast-charge constant cur
#1229781 06.07.2026 16:54:55 : EVT PMIC : PMIC Fast-charge constant cur
#1229782 06.07.2026 16:54:55 : EVT PMIC : PMIC Fast-charge constant cur
#1229783 06.07.2026 16:54:55 : EVT PMIC : PMIC Fast-charge constant cur
#1229784 06.07.2026 16:54:55 : EVT PMIC : PMIC Fast-charge constant cur
#1229785 06.07.2026 16:54:55 : EVT PMIC : PMIC Fast-charge constant cur
#1229786 06.07.2026 16:54:55 : EVT PMIC : PMIC Fast-charge constant cur
#1229787 06.07.2026 16:54:55 : EVT PMIC : PMIC Fast-charge constant cur
#1229788 06.07.2026 16:54:55 : EVT PMIC : PMIC Fast-charge constant cur
#1229789 06.07.2026 16:54:55 : EVT PMIC : PMIC Precharge
#1229790 06.07.2026 16:54:55 : EVT PMIC : PMIC Fast-charge constant cur
#1229791 06.07.2026 16:54:55 : EVT PMIC : PMIC Fast-charge constant cur
#1229792 06.07.2026 16:54:55 : EVT PMIC : PMIC Fast-charge constant cur
#1229793 06.07.2026 16:54:55 : EVT PMIC : PMIC Fast-charge constant cur
#1229794 06.07.2026 16:54:55 : EVT PMIC : PMIC Fast-charge constant cur
#1229795 06.07.2026 16:54:55 : EVT PMIC : PMIC Fast-charge constant cur
#1229796 06.07.2026 16:54:55 : EVT PMIC : PMIC Fast-charge constant cur
#1229797 06.07.2026 16:54:55 : EVT PMIC : PMIC Fast-charge constant cur
#1229798 06.07.2026 16:54:55 : EVT PMIC : PMIC Fast-charge constant cur
#1229799 06.07.2026 16:54:55 : EVT PMIC : PMIC Fast-charge constant cur
#1229800 06.07.2026 16:54:55 : EVT PMIC : PMIC Fast-charge constant cur
#1229801 06.07.2026 16:54:55 : EVT PMIC : PMIC Fast-charge constant cur
#1229802 06.07.2026 16:54:55 : EVT PMIC : PMIC Fast-charge constant cur
#1229803 06.07.2026 16:54:55 : EVT PMIC : PMIC Fast-charge constant cur
#1229804 06.07.2026 16:54:55 : EVT PMIC : PMIC Fast-charge constant cur
#1229805 06.07.2026 16:54:55 : EVT PMIC : PMIC Fast-charge constant cur
#1229806 06.07.2026 16:54:55 : EVT PMIC : PMIC Fast-charge constant cur
#1229807 06.07.2026 16:54:55 : EVT PMIC : PMIC Fast-charge constant cur
#1229808 06.07.2026 16:54:55 : EVT PMIC : PMIC Fast-charge constant cur
#1229809 06.07.2026 16:54:55 : EVT PMIC : PMIC Fast-charge constant cur
#1229810 06.07.2026 16:54:55 : EVT PMIC : PMIC Fast-charge constant cur
#1229811 06.07.2026 16:54:55 : EVT PMIC : PMIC Fast-charge constant cur
#1229812 06.07.2026 16:54:55 : EVT PMIC : PMIC Fast-charge constant cur
#1229813 06.07.2026 16:54:55 : EVT PMIC : PMIC Fast-charge constant cur
#1229814 06.07.2026 16:54:56 : EVT PMIC : PMIC Fast-charge constant cur
#1229815 06.07.2026 16:54:56 : EVT PMIC : PMIC Fast-charge constant cur
#1229816 06.07.2026 16:54:56 : EVT PMIC : PMIC Fast-charge constant cur
#1229817 06.07.2026 16:54:56 : EVT PMIC : PMIC Fast-charge constant cur
#1229818 06.07.2026 16:54:56 : EVT PMIC : PMIC Fast-charge constant cur
#1229819 06.07.2026 16:54:56 : EVT PMIC : PMIC Fast-charge constant cur
#1229820 06.07.2026 16:54:56 : EVT PMIC : PMIC Fast-charge constant cur
#1229821 06.07.2026 16:54:56 : EVT PMIC : PMIC Fast-charge constant cur
#1229822 06.07.2026 16:54:56 : EVT PMIC : PMIC Fast-charge constant cur
#1229823 06.07.2026 16:54:56 : EVT PMIC : PMIC Fast-charge constant cur
#1229824 06.07.2026 16:54:56 : EVT PMIC : PMIC Precharge
#1229825 06.07.2026 16:54:56 : EVT PMIC : PMIC Fast-charge constant cur
#1229826 06.07.2026 16:54:56 : EVT PMIC : PMIC Fast-charge constant cur
#1229827 06.07.2026 16:54:56 : EVT PMIC : PMIC Fast-charge constant cur
#1229828 06.07.2026 16:54:56 : EVT PMIC : PMIC Fast-charge constant cur
#1229829 06.07.2026 16:54:56 : EVT PMIC : PMIC Fast-charge constant cur
#1229830 06.07.2026 16:54:56 : EVT PMIC : PMIC Fast-charge constant cur
#1229831 06.07.2026 16:54:56 : EVT PMIC : PMIC Fast-charge constant cur
#1229832 06.07.2026 16:54:56 : EVT PMIC : PMIC Fast-charge constant cur
#1229833 06.07.2026 16:54:56 : EVT PMIC : PMIC Fast-charge constant cur
#1229834 06.07.2026 16:54:56 : EVT PMIC : PMIC Fast-charge constant cur
#1229835 06.07.2026 16:54:56 : EVT PMIC : PMIC Fast-charge constant cur
#1229836 06.07.2026 16:54:56 : EVT PMIC : PMIC Fast-charge constant cur
#1229837 06.07.2026 16:54:56 : EVT PMIC : PMIC Fast-charge constant cur
#1229838 06.07.2026 16:54:56 : EVT PMIC : PMIC Fast-charge constant cur
#1229839 06.07.2026 16:54:56 : EVT PMIC : PMIC Fast-charge constant cur
#1229840 06.07.2026 16:54:56 : EVT PMIC : PMIC Fast-charge constant cur
#1229841 06.07.2026 16:54:56 : EVT ANALYTICS : Sync start
#1229842 06.07.2026 16:54:56 : EVT PMIC : PMIC Precharge
#1229843 06.07.2026 16:54:56 : EVT PMIC : PMIC Fast-charge constant cur
#1229844 06.07.2026 16:54:56 : EVT PMIC : PMIC Fast-charge constant cur
#1229845 06.07.2026 16:54:56 : EVT PMIC : PMIC Fast-charge constant cur
#1229846 06.07.2026 16:54:56 : EVT PMIC : PMIC Fast-charge constant cur
#1229847 06.07.2026 16:54:56 : EVT PMIC : PMIC Fast-charge constant cur
#1229848 06.07.2026 16:54:56 : EVT PMIC : PMIC Fast-charge constant cur
#1229849 06.07.2026 16:54:56 : EVT PMIC : PMIC Fast-charge constant cur
#1229850 06.07.2026 16:54:56 : EVT PMIC : PMIC Fast-charge constant cur
#1229851 06.07.2026 16:54:56 : EVT PMIC : PMIC Fast-charge constant cur
#1229852 06.07.2026 16:54:56 : EVT PMIC : PMIC Fast-charge constant cur
#1229853 06.07.2026 16:54:56 : EVT PMIC : PMIC Fast-charge constant cur
#1229854 06.07.2026 16:54:56 : EVT PMIC : PMIC Fast-charge constant cur
#1229855 06.07.2026 16:54:56 : EVT PMIC : PMIC Fast-charge constant cur
#1229856 06.07.2026 16:54:56 : EVT PMIC : PMIC Fast-charge constant cur
#1229857 06.07.2026 16:54:56 : EVT PMIC : PMIC Fast-charge constant cur
#1229858 06.07.2026 16:54:56 : EVT PMIC : PMIC Fast-charge constant cur
#1229859 06.07.2026 16:54:56 : EVT PMIC : PMIC Fast-charge constant cur
#1229860 06.07.2026 16:54:56 : EVT PMIC : PMIC Fast-charge constant cur
#1229861 06.07.2026 16:54:56 : EVT PMIC : PMIC Fast-charge constant cur
#1229862 06.07.2026 16:54:56 : EVT PMIC : PMIC Fast-charge constant cur
#1229863 06.07.2026 16:54:56 : EVT PMIC : PMIC Precharge
#1229864 06.07.2026 16:54:56 : EVT PMIC : PMIC Fast-charge constant cur
#1229865 06.07.2026 16:54:56 : EVT PMIC : PMIC Precharge
#1229866 06.07.2026 16:54:56 : EVT PMIC : PMIC Fast-charge constant cur
#1229867 06.07.2026 16:54:56 : EVT PMIC : PMIC Fast-charge constant cur
#1229868 06.07.2026 16:54:56 : EVT PMIC : PMIC Fast-charge constant cur
#1229869 06.07.2026 16:54:56 : EVT PMIC : PMIC Fast-charge constant cur
#1229870 06.07.2026 16:54:56 : EVT PMIC : PMIC Precharge
#1229871 06.07.2026 16:54:56 : EVT PMIC : PMIC Fast-charge constant cur
#1229872 06.07.2026 16:54:56 : EVT PMIC : PMIC Fast-charge constant cur
#1229873 06.07.2026 16:54:56 : EVT PMIC : PMIC Fast-charge constant cur
#1229874 06.07.2026 16:54:56 : EVT PMIC : PMIC Fast-charge constant cur
#1229875 06.07.2026 16:54:56 : EVT PMIC : PMIC Fast-charge constant cur
#1229876 06.07.2026 16:54:56 : EVT PMIC : PMIC Fast-charge constant cur
#1229877 06.07.2026 16:54:56 : EVT PMIC : PMIC Fast-charge constant cur
#1229878 06.07.2026 16:54:56 : EVT PMIC : PMIC Fast-charge constant cur
#1229879 06.07.2026 16:54:56 : EVT PMIC : PMIC Precharge
#1229880 06.07.2026 16:54:56 : EVT PMIC : PMIC Fast-charge constant cur
#1229881 06.07.2026 16:54:56 : EVT PMIC : PMIC Fast-charge constant cur
#1229882 06.07.2026 16:54:56 : EVT PMIC : PMIC Fast-charge constant cur
#1229883 06.07.2026 16:54:56 : EVT ANALYTICS : Sync start
#1229884 06.07.2026 16:54:56 : EVT PMIC : PMIC Fast-charge constant cur
#1229885 06.07.2026 16:54:56 : EVT PMIC : PMIC Fast-charge constant cur
#1229886 06.07.2026 16:54:56 : EVT PMIC : PMIC Fast-charge constant cur
#1229887 06.07.2026 16:54:56 : EVT PMIC : PMIC Fast-charge constant cur
#1229888 06.07.2026 16:54:56 : EVT PMIC : PMIC Fast-charge constant cur
#1229889 06.07.2026 16:54:56 : EVT PMIC : PMIC Fast-charge constant cur
#1229890 06.07.2026 16:54:56 : EVT PMIC : PMIC Fast-charge constant cur
#1229891 06.07.2026 16:54:56 : EVT PMIC : PMIC Fast-charge constant cur
#1229892 06.07.2026 16:54:56 : EVT PMIC : PMIC Fast-charge constant cur
#1229893 06.07.2026 16:54:56 : EVT PMIC : PMIC Precharge
#1229894 06.07.2026 16:54:56 : EVT PMIC : PMIC Fast-charge constant cur
#1229895 06.07.2026 16:54:56 : EVT PMIC : PMIC Fast-charge constant cur
#1229896 06.07.2026 16:54:56 : EVT PMIC : PMIC Precharge
#1229897 06.07.2026 16:54:56 : EVT PMIC : PMIC Fast-charge constant cur
#1229898 06.07.2026 16:54:56 : EVT PMIC : PMIC Fast-charge constant cur
#1229899 06.07.2026 16:54:56 : EVT PMIC : PMIC Fast-charge constant cur
#1229900 06.07.2026 16:54:56 : EVT PMIC : PMIC Fast-charge constant cur
#1229901 06.07.2026 16:54:56 : EVT PMIC : PMIC Fast-charge constant cur
#1229902 06.07.2026 16:54:56 : EVT PMIC : PMIC Fast-charge constant cur
#1229903 06.07.2026 16:54:56 : EVT PMIC : PMIC Fast-charge constant cur
#1229904 06.07.2026 16:54:56 : EVT PMIC : PMIC Fast-charge constant cur
#1229905 06.07.2026 16:54:56 : EVT PMIC : PMIC Precharge
#1229906 06.07.2026 16:54:56 : EVT PMIC : PMIC Fast-charge constant cur
#1229907 06.07.2026 16:54:56 : EVT PMIC : PMIC Fast-charge constant cur
#1229908 06.07.2026 16:54:56 : EVT PMIC : PMIC Fast-charge constant cur
#1229909 06.07.2026 16:54:56 : EVT PMIC : PMIC Fast-charge constant cur
#1229910 06.07.2026 16:54:56 : EVT PMIC : PMIC Fast-charge constant cur
#1229911 06.07.2026 16:54:56 : EVT PMIC : PMIC Fast-charge constant cur
#1229912 06.07.2026 16:54:56 : EVT PMIC : PMIC Fast-charge constant cur
#1229913 06.07.2026 16:54:56 : EVT PMIC : PMIC Fast-charge constant cur
#1229914 06.07.2026 16:54:56 : EVT PMIC : PMIC Fast-charge constant cur
#1229915 06.07.2026 16:54:56 : EVT PMIC : PMIC Fast-charge constant cur
#1229916 06.07.2026 16:54:56 : EVT PMIC : PMIC Fast-charge constant cur
#1229917 06.07.2026 16:54:56 : EVT PMIC : PMIC Fast-charge constant cur
#1229918 06.07.2026 16:54:56 : EVT PMIC : PMIC Fast-charge constant cur
#1229919 06.07.2026 16:54:56 : EVT PMIC : PMIC Fast-charge constant cur
#1229920 06.07.2026 16:54:56 : EVT PMIC : PMIC Fast-charge constant cur
#1229921 06.07.2026 16:54:56 : EVT PMIC : PMIC Fast-charge constant cur
#1229922 06.07.2026 16:54:56 : EVT PMIC : PMIC Fast-charge constant cur
#1229923 06.07.2026 16:54:56 : EVT PMIC : PMIC Fast-charge constant cur
#1229924 06.07.2026 16:54:56 : EVT PMIC : PMIC Fast-charge constant cur
#1229925 06.07.2026 16:54:56 : EVT PMIC : PMIC Fast-charge constant cur
#1229926 06.07.2026 16:54:56 : EVT PMIC : PMIC Fast-charge constant cur
#1229927 06.07.2026 16:54:56 : EVT PMIC : PMIC Precharge
#1229928 06.07.2026 16:54:56 : EVT PMIC : PMIC Fast-charge constant cur
#1229929 06.07.2026 16:54:56 : EVT PMIC : PMIC Fast-charge constant cur
#1229930 06.07.2026 16:54:57 : EVT PMIC : PMIC Maintain charge
#1229931 06.07.2026 16:54:59 : EVT PMIC : PMIC Fast-charge constant cur
#1229932 06.07.2026 16:54:59 : EVT PMIC : PMIC Fast-charge constant cur
#1229933 06.07.2026 16:54:59 : EVT PMIC : PMIC Fast-charge constant cur
#1229934 06.07.2026 16:54:59 : EVT PMIC : PMIC Fast-charge constant cur
#1229935 06.07.2026 16:54:59 : EVT PMIC : PMIC Fast-charge constant cur
#1229936 06.07.2026 16:54:59 : EVT PMIC : PMIC Precharge
#1229937 06.07.2026 16:54:59 : EVT PMIC : PMIC Fast-charge constant cur
#1229938 06.07.2026 16:54:59 : EVT PMIC : PMIC Fast-charge constant cur
#1229939 06.07.2026 16:54:59 : EVT PMIC : PMIC Fast-charge constant cur
#1229940 06.07.2026 16:54:59 : EVT PMIC : PMIC Fast-charge constant cur
#1229941 06.07.2026 16:54:59 : EVT PMIC : PMIC Fast-charge constant cur
#1229942 06.07.2026 16:54:59 : EVT PMIC : PMIC Precharge
#1229943 06.07.2026 16:54:59 : EVT PMIC : PMIC Fast-charge constant cur
#1229944 06.07.2026 16:54:59 : EVT PMIC : PMIC Precharge
#1229945 06.07.2026 16:54:59 : EVT PMIC : PMIC Fast-charge constant cur
#1229946 06.07.2026 16:54:59 : EVT PMIC : PMIC Fast-charge constant cur
#1229947 06.07.2026 16:54:59 : EVT PMIC : PMIC Fast-charge constant cur
#1229948 06.07.2026 16:54:59 : EVT PMIC : PMIC Fast-charge constant cur
#1229949 06.07.2026 16:54:59 : EVT PMIC : PMIC Fast-charge constant cur
#1229950 06.07.2026 16:54:59 : EVT PMIC : PMIC Precharge
#1229951 06.07.2026 16:54:59 : EVT PMIC : PMIC Fast-charge constant cur
#1229952 06.07.2026 16:54:59 : EVT PMIC : PMIC Fast-charge constant cur
#1229953 06.07.2026 16:54:59 : EVT PMIC : PMIC Fast-charge constant cur
#1229954 06.07.2026 16:54:59 : EVT PMIC : PMIC Fast-charge constant cur
#1229955 06.07.2026 16:54:59 : EVT PMIC : PMIC Fast-charge constant cur
#1229956 06.07.2026 16:54:59 : EVT PMIC : PMIC Fast-charge constant cur
#1229957 06.07.2026 16:54:59 : EVT PMIC : PMIC Fast-charge constant cur
#1229958 06.07.2026 16:54:59 : EVT PMIC : PMIC Fast-charge constant cur
#1229959 06.07.2026 16:54:59 : EVT PMIC : PMIC Fast-charge constant cur
#1229960 06.07.2026 16:54:59 : EVT PMIC : PMIC Fast-charge constant cur
#1229961 06.07.2026 16:54:59 : EVT PMIC : PMIC Fast-charge constant cur
#1229962 06.07.2026 16:54:59 : EVT PMIC : PMIC Fast-charge constant cur
#1229963 06.07.2026 16:54:59 : EVT PMIC : PMIC Fast-charge constant cur
#1229964 06.07.2026 16:54:59 : EVT PMIC : PMIC Fast-charge constant cur
#1229965 06.07.2026 16:54:59 : EVT PMIC : PMIC Fast-charge constant cur
#1229966 06.07.2026 16:54:59 : EVT PMIC : PMIC Fast-charge constant cur
#1229967 06.07.2026 16:54:59 : EVT PMIC : PMIC Fast-charge constant cur
#1229968 06.07.2026 16:54:59 : EVT PMIC : PMIC Fast-charge constant cur
#1229969 06.07.2026 16:54:59 : EVT PMIC : PMIC Fast-charge constant cur
#1229970 06.07.2026 16:54:59 : EVT PMIC : PMIC Fast-charge constant cur
#1229971 06.07.2026 16:54:59 : EVT PMIC : PMIC Fast-charge constant cur
#1229972 06.07.2026 16:54:59 : EVT PMIC : PMIC Precharge
#1229973 06.07.2026 16:54:59 : EVT PMIC : PMIC Fast-charge constant cur
#1229974 06.07.2026 16:54:59 : EVT PMIC : PMIC Precharge
#1229975 06.07.2026 16:54:59 : EVT PMIC : PMIC Fast-charge constant cur
#1229976 06.07.2026 16:54:59 : EVT PMIC : PMIC Fast-charge constant cur
#1229977 06.07.2026 16:54:59 : EVT PMIC : PMIC Fast-charge constant cur
#1229978 06.07.2026 16:54:59 : EVT PMIC : PMIC Fast-charge constant cur
#1229979 06.07.2026 16:54:59 : EVT PMIC : PMIC Fast-charge constant cur
#1229980 06.07.2026 16:54:59 : EVT PMIC : PMIC Fast-charge constant cur
#1229981 06.07.2026 16:54:59 : EVT PMIC : PMIC Fast-charge constant cur
#1229982 06.07.2026 16:54:59 : EVT PMIC : PMIC Fast-charge constant cur
#1229983 06.07.2026 16:54:59 : EVT PMIC : PMIC Fast-charge constant cur
#1229984 06.07.2026 16:55:00 : EVT PMIC : PMIC Fast-charge constant cur
#1229985 06.07.2026 16:55:00 : EVT PMIC : PMIC Fast-charge constant cur
#1229986 06.07.2026 16:55:00 : EVT PMIC : PMIC Fast-charge constant cur
#1229987 06.07.2026 16:55:00 : EVT PMIC : PMIC Fast-charge constant cur
#1229988 06.07.2026 16:55:00 : EVT PMIC : PMIC Fast-charge constant cur
#1229989 06.07.2026 16:55:00 : EVT PMIC : PMIC Fast-charge constant cur
#1229990 06.07.2026 16:55:00 : EVT PMIC : PMIC Precharge
#1229991 06.07.2026 16:55:00 : EVT PMIC : PMIC Fast-charge constant cur
#1229992 06.07.2026 16:55:00 : EVT PMIC : PMIC Fast-charge constant cur
#1229993 06.07.2026 16:55:00 : EVT PMIC : PMIC Fast-charge constant cur
#1229994 06.07.2026 16:55:00 : EVT PMIC : PMIC Fast-charge constant cur
#1229995 06.07.2026 16:55:00 : EVT PMIC : PMIC Fast-charge constant cur
#1229996 06.07.2026 16:55:00 : EVT PMIC : PMIC Fast-charge constant cur
#1229997 06.07.2026 16:55:00 : EVT PMIC : PMIC Fast-charge constant cur
#1229998 06.07.2026 16:55:00 : EVT PMIC : PMIC Fast-charge constant cur
#1229999 06.07.2026 16:55:00 : EVT PMIC : PMIC Fast-charge constant cur
#1230000 06.07.2026 16:55:00 : EVT PMIC : PMIC Fast-charge constant cur
#1230001 06.07.2026 16:55:00 : EVT PMIC : PMIC Fast-charge constant cur
#1230002 06.07.2026 16:55:00 : EVT PMIC : PMIC Fast-charge constant cur
#1230003 06.07.2026 16:55:00 : EVT PMIC : PMIC Fast-charge constant cur
#1230004 06.07.2026 16:55:00 : EVT PMIC : PMIC Fast-charge constant cur
#1230005 06.07.2026 16:55:00 : EVT PMIC : PMIC Fast-charge constant cur
#1230006 06.07.2026 16:55:00 : EVT PMIC : PMIC Fast-charge constant cur
#1230007 06.07.2026 16:55:00 : EVT PMIC : PMIC Fast-charge constant cur
#1230008 06.07.2026 16:55:00 : EVT PMIC : PMIC Fast-charge constant cur
#1230009 06.07.2026 16:55:00 : EVT PMIC : PMIC Fast-charge constant cur
#1230010 06.07.2026 16:55:00 : EVT PMIC : PMIC Fast-charge constant cur
#1230011 06.07.2026 16:55:00 : EVT PMIC : PMIC Fast-charge constant cur
#1230012 06.07.2026 16:55:00 : EVT PMIC : PMIC Fast-charge constant cur
#1230013 06.07.2026 16:55:00 : EVT PMIC : PMIC Fast-charge constant cur
#1230014 06.07.2026 16:55:00 : EVT PMIC : PMIC Fast-charge constant cur
#1230015 06.07.2026 16:55:00 : EVT PMIC : PMIC Fast-charge constant cur
#1230016 06.07.2026 16:55:00 : EVT PMIC : PMIC Precharge
#1230017 06.07.2026 16:55:00 : EVT PMIC : PMIC Fast-charge constant cur
#1230018 06.07.2026 16:55:00 : EVT PMIC : PMIC Fast-charge constant cur
#1230019 06.07.2026 16:55:00 : EVT PMIC : PMIC Fast-charge constant cur
#1230020 06.07.2026 16:55:00 : EVT PMIC : PMIC Fast-charge constant cur
#1230021 06.07.2026 16:55:00 : EVT PMIC : PMIC Fast-charge constant cur
#1230022 06.07.2026 16:55:00 : EVT PMIC : PMIC Fast-charge constant cur
#1230023 06.07.2026 16:55:00 : EVT PMIC : PMIC Fast-charge constant cur
#1230024 06.07.2026 16:55:00 : EVT PMIC : PMIC Fast-charge constant cur
#1230025 06.07.2026 16:55:00 : EVT PMIC : PMIC Fast-charge constant cur
#1230026 06.07.2026 16:55:00 : EVT PMIC : PMIC Fast-charge constant cur
#1230027 06.07.2026 16:55:00 : EVT PMIC : PMIC Fast-charge constant cur
#1230028 06.07.2026 16:55:00 : EVT PMIC : PMIC Precharge
#1230029 06.07.2026 16:55:00 : EVT PMIC : PMIC Fast-charge constant cur
#1230030 06.07.2026 16:55:00 : EVT PMIC : PMIC Precharge
#1230031 06.07.2026 16:55:00 : EVT PMIC : PMIC Fast-charge constant cur
#1230032 06.07.2026 16:55:00 : EVT PMIC : PMIC Fast-charge constant cur
#1230033 06.07.2026 16:55:00 : EVT PMIC : PMIC Fast-charge constant cur
#1230034 06.07.2026 16:55:00 : EVT PMIC : PMIC Fast-charge constant cur
#1230035 06.07.2026 16:55:00 : EVT PMIC : PMIC Precharge
#1230036 06.07.2026 16:55:00 : EVT PMIC : PMIC Fast-charge constant cur
#1230037 06.07.2026 16:55:00 : EVT PMIC : PMIC Precharge
#1230038 06.07.2026 16:55:00 : EVT PMIC : PMIC Fast-charge constant cur
#1230039 06.07.2026 16:55:00 : EVT PMIC : PMIC Fast-charge constant cur
#1230040 06.07.2026 16:55:00 : EVT PMIC : PMIC Fast-charge constant cur
#1230041 06.07.2026 16:55:00 : EVT PMIC : PMIC Fast-charge constant cur
#1230042 06.07.2026 16:55:00 : EVT PMIC : PMIC Fast-charge constant cur
#1230043 06.07.2026 16:55:00 : EVT PMIC : PMIC Fast-charge constant cur
#1230044 06.07.2026 16:55:00 : EVT PMIC : PMIC Fast-charge constant cur
#1230045 06.07.2026 16:55:00 : EVT PMIC : PMIC Fast-charge constant cur
#1230046 06.07.2026 16:55:00 : EVT PMIC : PMIC Fast-charge constant cur
#1230047 06.07.2026 16:55:00 : EVT PMIC : PMIC Fast-charge constant cur
#1230048 06.07.2026 16:55:00 : EVT PMIC : PMIC Precharge
#1230049 06.07.2026 16:55:00 : EVT PMIC : PMIC Fast-charge constant cur
#1230050 06.07.2026 16:55:00 : EVT PMIC : PMIC Fast-charge constant cur
#1230051 06.07.2026 16:55:00 : EVT PMIC : PMIC Fast-charge constant cur
#1230052 06.07.2026 16:55:00 : EVT PMIC : PMIC Fast-charge constant cur
#1230053 06.07.2026 16:55:00 : EVT PMIC : PMIC Fast-charge constant cur
#1230054 06.07.2026 16:55:00 : EVT PMIC : PMIC Fast-charge constant cur
#1230055 06.07.2026 16:55:00 : EVT PMIC : PMIC Fast-charge constant cur
#1230056 06.07.2026 16:55:00 : EVT PMIC : PMIC Fast-charge constant cur
#1230057 06.07.2026 16:55:00 : EVT PMIC : PMIC Fast-charge constant cur
#1230058 06.07.2026 16:55:00 : EVT PMIC : PMIC Fast-charge constant cur
#1230059 06.07.2026 16:55:00 : EVT PMIC : PMIC Fast-charge constant cur
#1230060 06.07.2026 16:55:00 : EVT PMIC : PMIC Fast-charge constant cur
#1230061 06.07.2026 16:55:00 : EVT PMIC : PMIC Fast-charge constant cur
#1230062 06.07.2026 16:55:00 : EVT PMIC : PMIC Precharge
#1230063 06.07.2026 16:55:00 : EVT PMIC : PMIC Fast-charge constant cur
#1230064 06.07.2026 16:55:00 : EVT PMIC : PMIC Fast-charge constant cur
#1230065 06.07.2026 16:55:00 : EVT PMIC : PMIC Fast-charge constant cur
#1230066 06.07.2026 16:55:00 : EVT PMIC : PMIC Fast-charge constant cur
#1230067 06.07.2026 16:55:00 : EVT PMIC : PMIC Fast-charge constant cur
#1230068 06.07.2026 16:55:00 : EVT PMIC : PMIC Fast-charge constant cur
#1230069 06.07.2026 16:55:00 : EVT PMIC : PMIC Fast-charge constant cur
#1230070 06.07.2026 16:55:00 : EVT PMIC : PMIC Fast-charge constant cur
#1230071 06.07.2026 16:55:00 : EVT PMIC : PMIC Fast-charge constant cur
#1230072 06.07.2026 16:55:00 : EVT PMIC : PMIC Precharge
#1230073 06.07.2026 16:55:00 : EVT PMIC : PMIC Fast-charge constant cur
#1230074 06.07.2026 16:55:00 : EVT PMIC : PMIC Fast-charge constant cur
#1230075 06.07.2026 16:55:00 : EVT PMIC : PMIC Fast-charge constant cur
#1230076 06.07.2026 16:55:00 : EVT PMIC : PMIC Fast-charge constant cur
#1230077 06.07.2026 16:55:00 : EVT PMIC : PMIC Fast-charge constant cur
#1230078 06.07.2026 16:55:00 : EVT PMIC : PMIC Fast-charge constant cur
#1230079 06.07.2026 16:55:00 : EVT PMIC : PMIC Fast-charge constant cur
#1230080 06.07.2026 16:55:00 : EVT APPLICATION : Plugin climbl01.zip as type:[2]
#1230081 06.07.2026 16:55:00 : EVT PMIC : PMIC Fast-charge constant cur
#1230082 06.07.2026 16:55:00 : EVT PMIC : PMIC Fast-charge constant cur
#1230083 06.07.2026 16:55:00 : EVT PMIC : PMIC Fast-charge constant cur
#1230084 06.07.2026 16:55:00 : EVT PMIC : PMIC Fast-charge constant cur
#1230085 06.07.2026 16:55:00 : EVT PMIC : PMIC Fast-charge constant cur
#1230086 06.07.2026 16:55:00 : EVT PMIC : PMIC Fast-charge constant cur
#1230087 06.07.2026 16:55:00 : EVT PMIC : PMIC Fast-charge constant cur
#1230088 06.07.2026 16:55:00 : EVT PMIC : PMIC Precharge
#1230089 06.07.2026 16:55:00 : EVT PMIC : PMIC Fast-charge constant cur
#1230090 06.07.2026 16:55:00 : EVT PMIC : PMIC Fast-charge constant cur
#1230091 06.07.2026 16:55:00 : EVT PMIC : PMIC Fast-charge constant cur
#1230092 06.07.2026 16:55:00 : EVT PMIC : PMIC Fast-charge constant cur
#1230093 06.07.2026 16:55:00 : EVT PMIC : PMIC Fast-charge constant cur
#1230094 06.07.2026 16:55:00 : EVT PMIC : PMIC Fast-charge constant cur
#1230095 06.07.2026 16:55:00 : EVT PMIC : PMIC Fast-charge constant cur
#1230096 06.07.2026 16:55:00 : EVT WIFI : pwr up
#1230097 06.07.2026 16:55:00 : EVT PMIC : PMIC Fast-charge constant cur
#1230098 06.07.2026 16:55:00 : EVT PMIC : PMIC Fast-charge constant cur
#1230099 06.07.2026 16:55:00 : EVT PMIC : PMIC Fast-charge constant cur
#1230100 06.07.2026 16:55:00 : EVT PMIC : PMIC Fast-charge constant cur
#1230101 06.07.2026 16:55:00 : EVT PMIC : PMIC Fast-charge constant cur
#1230102 06.07.2026 16:55:00 : EVT PMIC : PMIC Fast-charge constant cur
#1230103 06.07.2026 16:55:00 : EVT PMIC : PMIC Fast-charge constant cur
#1230104 06.07.2026 16:55:00 : EVT PMIC : PMIC Fast-charge constant cur
#1230105 06.07.2026 16:55:00 : EVT PMIC : PMIC Fast-charge constant cur
#1230106 06.07.2026 16:55:00 : EVT PMIC : PMIC Fast-charge constant cur
#1230107 06.07.2026 16:55:00 : EVT PMIC : PMIC Fast-charge constant cur
#1230108 06.07.2026 16:55:00 : EVT PMIC : PMIC Fast-charge constant cur
#1230109 06.07.2026 16:55:00 : EVT PMIC : PMIC Fast-charge constant cur
#1230110 06.07.2026 16:55:00 : EVT PMIC : PMIC Fast-charge constant cur
#1230111 06.07.2026 16:55:00 : EVT PMIC : PMIC Fast-charge constant cur
#1230112 06.07.2026 16:55:01 : EVT PMIC : PMIC Precharge
#1230113 06.07.2026 16:55:01 : EVT PMIC : PMIC Fast-charge constant cur
#1230114 06.07.2026 16:55:01 : EVT PMIC : PMIC Fast-charge constant cur
#1230115 06.07.2026 16:55:01 : EVT PMIC : PMIC Fast-charge constant cur
#1230116 06.07.2026 16:55:01 : EVT PMIC : PMIC Fast-charge constant cur
#1230117 06.07.2026 16:55:01 : EVT PMIC : PMIC Fast-charge constant cur
#1230118 06.07.2026 16:55:01 : EVT PMIC : PMIC Fast-charge constant cur
#1230119 06.07.2026 16:55:01 : EVT PMIC : PMIC Fast-charge constant cur
#1230120 06.07.2026 16:55:01 : EVT PMIC : PMIC Fast-charge constant cur
#1230121 06.07.2026 16:55:01 : EVT PMIC : PMIC Fast-charge constant cur
#1230122 06.07.2026 16:55:01 : EVT PMIC : PMIC Fast-charge constant cur
#1230123 06.07.2026 16:55:01 : EVT PMIC : PMIC Fast-charge constant cur
#1230124 06.07.2026 16:55:01 : EVT PMIC : PMIC Fast-charge constant cur
#1230125 06.07.2026 16:55:01 : EVT PMIC : PMIC Fast-charge constant cur
#1230126 06.07.2026 16:55:01 : EVT PMIC : PMIC Fast-charge constant cur
#1230127 06.07.2026 16:55:01 : EVT PMIC : PMIC Fast-charge constant cur
#1230128 06.07.2026 16:55:01 : EVT PMIC : PMIC Fast-charge constant cur
#1230129 06.07.2026 16:55:01 : EVT PMIC : PMIC Fast-charge constant cur
#1230130 06.07.2026 16:55:01 : EVT PMIC : PMIC Precharge
#1230131 06.07.2026 16:55:01 : EVT PMIC : PMIC Fast-charge constant cur
#1230132 06.07.2026 16:55:01 : EVT PMIC : PMIC Fast-charge constant cur
#1230133 06.07.2026 16:55:01 : EVT PMIC : PMIC Fast-charge constant cur
#1230134 06.07.2026 16:55:01 : EVT PMIC : PMIC Fast-charge constant cur
#1230135 06.07.2026 16:55:01 : EVT PMIC : PMIC Fast-charge constant cur
#1230136 06.07.2026 16:55:01 : EVT PMIC : PMIC Fast-charge constant cur
#1230137 06.07.2026 16:55:01 : EVT PMIC : PMIC Fast-charge constant cur
#1230138 06.07.2026 16:55:01 : EVT PMIC : PMIC Fast-charge constant cur
#1230139 06.07.2026 16:55:01 : EVT PMIC : PMIC Fast-charge constant cur
#1230140 06.07.2026 16:55:01 : EVT PMIC : PMIC Fast-charge constant cur
#1230141 06.07.2026 16:55:01 : EVT PMIC : PMIC Fast-charge constant cur
#1230142 06.07.2026 16:55:01 : EVT PMIC : PMIC Fast-charge constant cur
#1230143 06.07.2026 16:55:01 : EVT PMIC : PMIC Fast-charge constant cur
#1230144 06.07.2026 16:55:01 : EVT PMIC : PMIC Fast-charge constant cur
#1230145 06.07.2026 16:55:01 : EVT PMIC : PMIC Fast-charge constant cur
#1230146 06.07.2026 16:55:01 : EVT PMIC : PMIC Fast-charge constant cur
#1230147 06.07.2026 16:55:01 : EVT PMIC : PMIC Fast-charge constant cur
#1230148 06.07.2026 16:55:01 : EVT PMIC : PMIC Fast-charge constant cur
#1230149 06.07.2026 16:55:01 : EVT PMIC : PMIC Fast-charge constant cur
#1230150 06.07.2026 16:55:01 : EVT PMIC : PMIC Precharge
#1230151 06.07.2026 16:55:01 : EVT PMIC : PMIC Fast-charge constant cur
#1230152 06.07.2026 16:55:01 : EVT PMIC : PMIC Fast-charge constant cur
#1230153 06.07.2026 16:55:01 : EVT PMIC : PMIC Fast-charge constant cur
#1230154 06.07.2026 16:55:01 : EVT PMIC : PMIC Fast-charge constant cur
#1230155 06.07.2026 16:55:01 : EVT PMIC : PMIC Fast-charge constant cur
#1230156 06.07.2026 16:55:01 : EVT PMIC : PMIC Fast-charge constant cur
#1230157 06.07.2026 16:55:01 : EVT PMIC : PMIC Fast-charge constant cur
#1230158 06.07.2026 16:55:01 : EVT PMIC : PMIC Fast-charge constant cur
#1230159 06.07.2026 16:55:01 : EVT PMIC : PMIC Fast-charge constant cur
#1230160 06.07.2026 16:55:01 : EVT PMIC : PMIC Fast-charge constant cur
#1230161 06.07.2026 16:55:01 : EVT PMIC : PMIC Fast-charge constant cur
#1230162 06.07.2026 16:55:01 : EVT PMIC : PMIC Precharge
#1230163 06.07.2026 16:55:01 : EVT PMIC : PMIC Fast-charge constant cur
#1230164 06.07.2026 16:55:01 : EVT PMIC : PMIC Fast-charge constant cur
#1230165 06.07.2026 16:55:01 : EVT PMIC : PMIC Fast-charge constant cur
#1230166 06.07.2026 16:55:01 : EVT PMIC : PMIC Fast-charge constant cur
#1230167 06.07.2026 16:55:01 : EVT PMIC : PMIC Fast-charge constant cur
#1230168 06.07.2026 16:55:01 : EVT PMIC : PMIC Fast-charge constant cur
#1230169 06.07.2026 16:55:01 : EVT PMIC : PMIC Fast-charge constant cur
#1230170 06.07.2026 16:55:01 : EVT PMIC : PMIC Fast-charge constant cur
#1230171 06.07.2026 16:55:01 : EVT PMIC : PMIC Fast-charge constant cur
#1230172 06.07.2026 16:55:01 : EVT PMIC : PMIC Fast-charge constant cur
#1230173 06.07.2026 16:55:01 : EVT PMIC : PMIC Fast-charge constant cur
#1230174 06.07.2026 16:55:01 : EVT PMIC : PMIC Precharge
#1230175 06.07.2026 16:55:01 : EVT PMIC : PMIC Fast-charge constant cur
#1230176 06.07.2026 16:55:01 : EVT PMIC : PMIC Fast-charge constant cur
#1230177 06.07.2026 16:55:01 : EVT PMIC : PMIC Fast-charge constant cur
#1230178 06.07.2026 16:55:01 : EVT PMIC : PMIC Fast-charge constant cur
#1230179 06.07.2026 16:55:01 : EVT PMIC : PMIC Fast-charge constant cur
#1230180 06.07.2026 16:55:01 : EVT PMIC : PMIC Fast-charge constant cur
#1230181 06.07.2026 16:55:01 : EVT PMIC : PMIC Fast-charge constant cur
#1230182 06.07.2026 16:55:01 : EVT PMIC : PMIC Fast-charge constant cur
#1230183 06.07.2026 16:55:01 : EVT PMIC : PMIC Fast-charge constant cur
#1230184 06.07.2026 16:55:01 : EVT PMIC : PMIC Fast-charge constant cur
#1230185 06.07.2026 16:55:01 : EVT PMIC : PMIC Fast-charge constant cur
#1230186 06.07.2026 16:55:01 : EVT PMIC : PMIC Fast-charge constant cur
#1230187 06.07.2026 16:55:01 : EVT PMIC : PMIC Fast-charge constant cur
#1230188 06.07.2026 16:55:01 : EVT PMIC : PMIC Precharge
#1230189 06.07.2026 16:55:01 : EVT PMIC : PMIC Fast-charge constant cur
#1230190 06.07.2026 16:55:01 : EVT PMIC : PMIC Fast-charge constant cur
#1230191 06.07.2026 16:55:01 : EVT PMIC : PMIC Fast-charge constant cur
#1230192 06.07.2026 16:55:01 : EVT PMIC : PMIC Fast-charge constant cur
#1230193 06.07.2026 16:55:01 : EVT PMIC : PMIC Fast-charge constant cur
#1230194 06.07.2026 16:55:01 : EVT PMIC : PMIC Fast-charge constant cur
#1230195 06.07.2026 16:55:01 : EVT PMIC : PMIC Fast-charge constant cur
#1230196 06.07.2026 16:55:01 : EVT PMIC : PMIC Fast-charge constant cur
#1230197 06.07.2026 16:55:01 : EVT PMIC : PMIC Fast-charge constant cur
#1230198 06.07.2026 16:55:01 : EVT PMIC : PMIC Fast-charge constant cur
#1230199 06.07.2026 16:55:01 : EVT PMIC : PMIC Fast-charge constant cur
#1230200 06.07.2026 16:55:01 : EVT PMIC : PMIC Fast-charge constant cur
#1230201 06.07.2026 16:55:01 : EVT PMIC : PMIC Fast-charge constant cur
#1230202 06.07.2026 16:55:01 : EVT PMIC : PMIC Fast-charge constant cur
#1230203 06.07.2026 16:55:01 : EVT PMIC : PMIC Fast-charge constant cur
#1230204 06.07.2026 16:55:01 : EVT PMIC : PMIC Fast-charge constant cur
#1230205 06.07.2026 16:55:01 : EVT PMIC : PMIC Fast-charge constant cur
#1230206 06.07.2026 16:55:01 : EVT PMIC : PMIC Fast-charge constant cur
#1230207 06.07.2026 16:55:01 : EVT PMIC : PMIC Fast-charge constant cur
#1230208 06.07.2026 16:55:01 : EVT PMIC : PMIC Fast-charge constant cur
#1230209 06.07.2026 16:55:01 : EVT PMIC : PMIC Fast-charge constant cur
#1230210 06.07.2026 16:55:01 : EVT PMIC : PMIC Fast-charge constant cur
#1230211 06.07.2026 16:55:01 : EVT PMIC : PMIC Fast-charge constant cur
#1230212 06.07.2026 16:55:01 : EVT PMIC : PMIC Fast-charge constant cur
#1230213 06.07.2026 16:55:01 : EVT PMIC : PMIC Fast-charge constant cur
#1230214 06.07.2026 16:55:01 : EVT PMIC : PMIC Fast-charge constant cur
#1230215 06.07.2026 16:55:01 : EVT PMIC : PMIC Fast-charge constant cur
#1230216 06.07.2026 16:55:01 : EVT PMIC : PMIC Fast-charge constant cur
#1230217 06.07.2026 16:55:01 : EVT PMIC : PMIC Fast-charge constant cur
#1230218 06.07.2026 16:55:01 : EVT PMIC : PMIC Fast-charge constant cur
#1230219 06.07.2026 16:55:01 : EVT PMIC : PMIC Fast-charge constant cur
#1230220 06.07.2026 16:55:01 : EVT PMIC : PMIC Fast-charge constant cur
#1230221 06.07.2026 16:55:01 : EVT PMIC : PMIC Fast-charge constant cur
#1230222 06.07.2026 16:55:01 : EVT PMIC : PMIC Fast-charge constant cur
#1230223 06.07.2026 16:55:01 : EVT PMIC : PMIC Fast-charge constant cur
#1230224 06.07.2026 16:55:01 : EVT PMIC : PMIC Fast-charge constant cur
#1230225 06.07.2026 16:55:01 : EVT PMIC : PMIC Fast-charge constant cur
#1230226 06.07.2026 16:55:01 : EVT PMIC : PMIC Fast-charge constant cur
#1230227 06.07.2026 16:55:01 : EVT PMIC : PMIC Fast-charge constant cur
#1230228 06.07.2026 16:55:01 : EVT PMIC : PMIC Fast-charge constant cur
#1230229 06.07.2026 16:55:01 : EVT PMIC : PMIC Fast-charge constant cur
#1230230 06.07.2026 16:55:01 : EVT PMIC : PMIC Fast-charge constant cur
#1230231 06.07.2026 16:55:01 : EVT PMIC : PMIC Fast-charge constant cur
#1230232 06.07.2026 16:55:01 : EVT PMIC : PMIC Precharge
#1230233 06.07.2026 16:55:01 : EVT PMIC : PMIC Fast-charge constant cur
#1230234 06.07.2026 16:55:01 : EVT PMIC : PMIC Fast-charge constant cur
#1230235 06.07.2026 16:55:01 : EVT PMIC : PMIC Fast-charge constant cur
#1230236 06.07.2026 16:55:01 : EVT PMIC : PMIC Fast-charge constant cur
#1230237 06.07.2026 16:55:01 : EVT PMIC : PMIC Fast-charge constant cur
#1230238 06.07.2026 16:55:01 : EVT PMIC : PMIC Fast-charge constant cur
#1230239 06.07.2026 16:55:02 : EVT PMIC : PMIC Fast-charge constant cur
#1230240 06.07.2026 16:55:02 : EVT PMIC : PMIC Fast-charge constant cur
#1230241 06.07.2026 16:55:02 : EVT PMIC : PMIC Fast-charge constant cur
#1230242 06.07.2026 16:55:02 : EVT PMIC : PMIC Fast-charge constant cur
#1230243 06.07.2026 16:55:02 : EVT PMIC : PMIC Fast-charge constant cur
#1230244 06.07.2026 16:55:02 : EVT PMIC : PMIC Fast-charge constant cur
#1230245 06.07.2026 16:55:02 : EVT PMIC : PMIC Fast-charge constant cur
#1230246 06.07.2026 16:55:02 : EVT PMIC : PMIC Fast-charge constant cur
#1230247 06.07.2026 16:55:02 : EVT PMIC : PMIC Fast-charge constant cur
#1230248 06.07.2026 16:55:02 : EVT PMIC : PMIC Fast-charge constant cur
#1230249 06.07.2026 16:55:02 : EVT PMIC : PMIC Fast-charge constant cur
#1230250 06.07.2026 16:55:02 : EVT PMIC : PMIC Fast-charge constant cur
#1230251 06.07.2026 16:55:02 : EVT PMIC : PMIC Fast-charge constant cur
#1230252 06.07.2026 16:55:02 : EVT PMIC : PMIC Precharge
#1230253 06.07.2026 16:55:02 : EVT PMIC : PMIC Fast-charge constant cur
#1230254 06.07.2026 16:55:02 : EVT PMIC : PMIC Fast-charge constant cur
#1230255 06.07.2026 16:55:02 : EVT PMIC : PMIC Fast-charge constant cur
#1230256 06.07.2026 16:55:02 : EVT PMIC : PMIC Fast-charge constant cur
#1230257 06.07.2026 16:55:02 : EVT PMIC : PMIC Fast-charge constant cur
#1230258 06.07.2026 16:55:02 : EVT PMIC : PMIC Fast-charge constant cur
#1230259 06.07.2026 16:55:02 : EVT PMIC : PMIC Fast-charge constant cur
#1230260 06.07.2026 16:55:02 : EVT PMIC : PMIC Fast-charge constant cur
#1230261 06.07.2026 16:55:02 : EVT PMIC : PMIC Fast-charge constant cur
#1230262 06.07.2026 16:55:02 : EVT PMIC : PMIC Fast-charge constant cur
#1230263 06.07.2026 16:55:02 : EVT PMIC : PMIC Fast-charge constant cur
#1230264 06.07.2026 16:55:02 : EVT PMIC : PMIC Fast-charge constant cur
#1230265 06.07.2026 16:55:02 : EVT PMIC : PMIC Fast-charge constant cur
#1230266 06.07.2026 16:55:02 : EVT PMIC : PMIC Fast-charge constant cur
#1230267 06.07.2026 16:55:02 : EVT PMIC : PMIC Precharge
#1230268 06.07.2026 16:55:02 : EVT PMIC : PMIC Fast-charge constant cur
#1230269 06.07.2026 16:55:02 : EVT PMIC : PMIC Fast-charge constant cur
#1230270 06.07.2026 16:55:02 : EVT PMIC : PMIC Precharge
#1230271 06.07.2026 16:55:02 : EVT PMIC : PMIC Fast-charge constant cur
#1230272 06.07.2026 16:55:02 : EVT PMIC : PMIC Precharge
#1230273 06.07.2026 16:55:02 : EVT PMIC : PMIC Fast-charge constant cur
#1230274 06.07.2026 16:55:02 : EVT PMIC : PMIC Fast-charge constant cur
#1230275 06.07.2026 16:55:02 : EVT PMIC : PMIC Fast-charge constant cur
#1230276 06.07.2026 16:55:02 : EVT PMIC : PMIC Fast-charge constant cur
#1230277 06.07.2026 16:55:02 : EVT PMIC : PMIC Precharge
#1230278 06.07.2026 16:55:02 : EVT PMIC : PMIC Fast-charge constant cur
#1230279 06.07.2026 16:55:02 : EVT PMIC : PMIC Fast-charge constant cur
#1230280 06.07.2026 16:55:02 : EVT PMIC : PMIC Fast-charge constant cur
#1230281 06.07.2026 16:55:02 : EVT PMIC : PMIC Fast-charge constant cur
#1230282 06.07.2026 16:55:02 : EVT PMIC : PMIC Fast-charge constant cur
#1230283 06.07.2026 16:55:02 : EVT PMIC : PMIC Fast-charge constant cur
#1230284 06.07.2026 16:55:02 : EVT PMIC : PMIC Fast-charge constant cur
#1230285 06.07.2026 16:55:02 : EVT PMIC : PMIC Fast-charge constant cur
#1230286 06.07.2026 16:55:02 : EVT PMIC : PMIC Fast-charge constant cur
#1230287 06.07.2026 16:55:02 : EVT PMIC : PMIC Fast-charge constant cur
#1230288 06.07.2026 16:55:02 : EVT PMIC : PMIC Fast-charge constant cur
#1230289 06.07.2026 16:55:02 : EVT PMIC : PMIC Fast-charge constant cur
#1230290 06.07.2026 16:55:02 : EVT PMIC : PMIC Fast-charge constant cur
#1230291 06.07.2026 16:55:02 : EVT PMIC : PMIC Fast-charge constant cur
#1230292 06.07.2026 16:55:02 : EVT PMIC : PMIC Fast-charge constant cur
#1230293 06.07.2026 16:55:02 : EVT PMIC : PMIC Fast-charge constant cur
#1230294 06.07.2026 16:55:02 : EVT PMIC : PMIC Fast-charge constant cur
#1230295 06.07.2026 16:55:02 : EVT PMIC : PMIC Fast-charge constant cur
#1230296 06.07.2026 16:55:02 : EVT PMIC : PMIC Fast-charge constant cur
#1230297 06.07.2026 16:55:02 : EVT PMIC : PMIC Fast-charge constant cur
#1230298 06.07.2026 16:55:02 : EVT PMIC : PMIC Fast-charge constant cur
#1230299 06.07.2026 16:55:02 : EVT PMIC : PMIC Fast-charge constant cur
#1230300 06.07.2026 16:55:02 : EVT PMIC : PMIC Fast-charge constant cur
#1230301 06.07.2026 16:55:02 : EVT PMIC : PMIC Fast-charge constant cur
#1230302 06.07.2026 16:55:02 : EVT PMIC : PMIC Fast-charge constant cur
#1230303 06.07.2026 16:55:02 : EVT PMIC : PMIC Fast-charge constant cur
#1230304 06.07.2026 16:55:02 : EVT PMIC : PMIC Fast-charge constant cur
#1230305 06.07.2026 16:55:02 : EVT PMIC : PMIC Fast-charge constant cur
#1230306 06.07.2026 16:55:02 : EVT PMIC : PMIC Fast-charge constant cur
#1230307 06.07.2026 16:55:02 : EVT PMIC : PMIC Precharge
#1230308 06.07.2026 16:55:02 : EVT PMIC : PMIC Fast-charge constant cur
#1230309 06.07.2026 16:55:02 : EVT PMIC : PMIC Fast-charge constant cur
#1230310 06.07.2026 16:55:02 : EVT PMIC : PMIC Fast-charge constant cur
#1230311 06.07.2026 16:55:02 : EVT PMIC : PMIC Fast-charge constant cur
#1230312 06.07.2026 16:55:02 : EVT PMIC : PMIC Fast-charge constant cur
#1230313 06.07.2026 16:55:02 : EVT PMIC : PMIC Fast-charge constant cur
#1230314 06.07.2026 16:55:02 : EVT PMIC : PMIC Fast-charge constant cur
#1230315 06.07.2026 16:55:02 : EVT PMIC : PMIC Fast-charge constant cur
#1230316 06.07.2026 16:55:02 : EVT PMIC : PMIC Fast-charge constant cur
#1230317 06.07.2026 16:55:02 : EVT PMIC : PMIC Fast-charge constant cur
#1230318 06.07.2026 16:55:02 : EVT PMIC : PMIC Precharge
#1230319 06.07.2026 16:55:02 : EVT PMIC : PMIC Fast-charge constant cur
#1230320 06.07.2026 16:55:02 : EVT PMIC : PMIC Fast-charge constant cur
#1230321 06.07.2026 16:55:02 : EVT PMIC : PMIC Precharge
#1230322 06.07.2026 16:55:02 : EVT PMIC : PMIC Fast-charge constant cur
#1230323 06.07.2026 16:55:02 : EVT PMIC : PMIC Fast-charge constant cur
#1230324 06.07.2026 16:55:02 : EVT PMIC : PMIC Fast-charge constant cur
#1230325 06.07.2026 16:55:02 : EVT PMIC : PMIC Fast-charge constant cur
#1230326 06.07.2026 16:55:02 : EVT PMIC : PMIC Fast-charge constant cur
#1230327 06.07.2026 16:55:02 : EVT PMIC : PMIC Precharge
#1230328 06.07.2026 16:55:02 : EVT PMIC : PMIC Fast-charge constant cur
#1230329 06.07.2026 16:55:02 : ERR WBMAIN : *0: app 2022 Event 36 80005310
#1230330 06.07.2026 16:55:02 : EVT PMIC : PMIC Fast-charge constant cur
#1230331 06.07.2026 16:55:02 : ERR WBMAIN : 1: mea 17 DPC 1 0053d827
#1230332 06.07.2026 16:55:02 : ERR WBMAIN : 2: ui 93 Wait 0 00000000
#1230333 06.07.2026 16:55:02 : EVT WIFI : SDK Ver(3.2.8.1)
#1230334 06.07.2026 16:55:02 : EVT PMIC : PMIC Fast-charge constant cur
#1230335 06.07.2026 16:55:02 : EVT PMIC : PMIC Fast-charge constant cur
#1230336 06.07.2026 16:55:02 : EVT PMIC : PMIC Fast-charge constant cur
#1230337 06.07.2026 16:55:02 : EVT PMIC : PMIC Fast-charge constant cur
#1230338 06.07.2026 16:55:02 : EVT PMIC : PMIC Fast-charge constant cur
#1230339 06.07.2026 16:55:02 : EVT PMIC : PMIC Fast-charge constant cur
#1230340 06.07.2026 16:55:02 : EVT PMIC : PMIC Fast-charge constant cur
#1230341 06.07.2026 16:55:02 : EVT PMIC : PMIC Fast-charge constant cur
#1230342 06.07.2026 16:55:03 : EVT PMIC : PMIC Fast-charge constant cur
#1230343 06.07.2026 16:55:03 : EVT PMIC : PMIC Fast-charge constant cur
#1230344 06.07.2026 16:55:03 : EVT PMIC : PMIC Fast-charge constant cur
#1230345 06.07.2026 16:55:03 : EVT PMIC : PMIC Fast-charge constant cur
#1230346 06.07.2026 16:55:03 : EVT PMIC : PMIC Fast-charge constant cur
#1230347 06.07.2026 16:55:03 : EVT PMIC : PMIC Fast-charge constant cur
#1230348 06.07.2026 16:55:03 : EVT PMIC : PMIC Fast-charge constant cur
#1230349 06.07.2026 16:55:03 : EVT PMIC : PMIC Fast-charge constant cur
#1230350 06.07.2026 16:55:03 : EVT PMIC : PMIC Fast-charge constant cur
#1230351 06.07.2026 16:55:03 : EVT PMIC : PMIC Fast-charge constant cur
#1230352 06.07.2026 16:55:03 : EVT PMIC : PMIC Fast-charge constant cur
#1230353 06.07.2026 16:55:03 : EVT PMIC : PMIC Fast-charge constant cur
#1230354 06.07.2026 16:55:03 : EVT PMIC : PMIC Fast-charge constant cur
#1230355 06.07.2026 16:55:03 : EVT PMIC : PMIC Fast-charge constant cur
#1230356 06.07.2026 16:55:03 : EVT PMIC : PMIC Fast-charge constant cur
#1230357 06.07.2026 16:55:03 : EVT PMIC : PMIC Fast-charge constant cur
#1230358 06.07.2026 16:55:03 : EVT PMIC : PMIC Fast-charge constant cur
#1230359 06.07.2026 16:55:03 : EVT PMIC : PMIC Fast-charge constant cur
#1230360 06.07.2026 16:55:03 : EVT PMIC : PMIC Fast-charge constant cur
#1230361 06.07.2026 16:55:03 : EVT PMIC : PMIC Fast-charge constant cur
#1230362 06.07.2026 16:55:03 : EVT PMIC : PMIC Fast-charge constant cur
#1230363 06.07.2026 16:55:03 : EVT PMIC : PMIC Fast-charge constant cur
#1230364 06.07.2026 16:55:03 : EVT PMIC : PMIC Fast-charge constant cur
#1230365 06.07.2026 16:55:03 : EVT PMIC : PMIC Fast-charge constant cur
#1230366 06.07.2026 16:55:03 : EVT PMIC : PMIC Fast-charge constant cur
#1230367 06.07.2026 16:55:03 : EVT PMIC : PMIC Fast-charge constant cur
#1230368 06.07.2026 16:55:03 : EVT PMIC : PMIC Fast-charge constant cur
#1230369 06.07.2026 16:55:03 : EVT PMIC : PMIC Fast-charge constant cur
#1230370 06.07.2026 16:55:03 : EVT PMIC : PMIC Fast-charge constant cur
#1230371 06.07.2026 16:55:03 : EVT PMIC : PMIC Fast-charge constant cur
#1230372 06.07.2026 16:55:03 : EVT PMIC : PMIC Fast-charge constant cur
#1230373 06.07.2026 16:55:03 : EVT PMIC : PMIC Precharge
#1230374 06.07.2026 16:55:03 : EVT PMIC : PMIC Fast-charge constant cur
#1230375 06.07.2026 16:55:03 : EVT PMIC : PMIC Fast-charge constant cur
#1230376 06.07.2026 16:55:03 : EVT PMIC : PMIC Fast-charge constant cur
#1230377 06.07.2026 16:55:03 : EVT PMIC : PMIC Fast-charge constant cur
#1230378 06.07.2026 16:55:03 : EVT PMIC : PMIC Fast-charge constant cur
#1230379 06.07.2026 16:55:03 : EVT PMIC : PMIC Fast-charge constant cur
#1230380 06.07.2026 16:55:03 : EVT PMIC : PMIC Precharge
#1230381 06.07.2026 16:55:03 : EVT PMIC : PMIC Fast-charge constant cur
#1230382 06.07.2026 16:55:03 : EVT PMIC : PMIC Fast-charge constant cur
#1230383 06.07.2026 16:55:03 : EVT PMIC : PMIC Fast-charge constant cur
#1230384 06.07.2026 16:55:03 : EVT PMIC : PMIC Fast-charge constant cur
#1230385 06.07.2026 16:55:03 : EVT PMIC : PMIC Fast-charge constant cur
#1230386 06.07.2026 16:55:03 : EVT PMIC : PMIC Fast-charge constant cur
#1230387 06.07.2026 16:55:03 : EVT PMIC : PMIC Fast-charge constant cur
#1230388 06.07.2026 16:55:03 : EVT PMIC : PMIC Fast-charge constant cur
#1230389 06.07.2026 16:55:03 : EVT PMIC : PMIC Precharge
#1230390 06.07.2026 16:55:03 : EVT PMIC : PMIC Fast-charge constant cur
#1230391 06.07.2026 16:55:03 : EVT PMIC : PMIC Precharge
#1230392 06.07.2026 16:55:03 : EVT PMIC : PMIC Fast-charge constant cur
#1230393 06.07.2026 16:55:03 : EVT PMIC : PMIC Fast-charge constant cur
#1230394 06.07.2026 16:55:03 : EVT PMIC : PMIC Fast-charge constant cur
#1230395 06.07.2026 16:55:03 : ERR WBMAIN : *0: app 802 Event 36 80005310
#1230396 06.07.2026 16:55:03 : ERR WBMAIN : 1: mea 15 Wait 0 00000000
#1230397 06.07.2026 16:55:03 : ERR WBMAIN : 2: ui 14 Wait 0 00000000
#1230398 06.07.2026 16:55:03 : EVT WIFI : Scann APs (1/3)
#1230399 06.07.2026 16:55:03 : EVT PMIC : PMIC Precharge
#1230400 06.07.2026 16:55:03 : EVT PMIC : PMIC Fast-charge constant cur
#1230401 06.07.2026 16:55:03 : EVT PMIC : PMIC Fast-charge constant cur
#1230402 06.07.2026 16:55:03 : EVT PMIC : PMIC Fast-charge constant cur
#1230403 06.07.2026 16:55:03 : EVT PMIC : PMIC Precharge
#1230404 06.07.2026 16:55:03 : EVT PMIC : PMIC Fast-charge constant cur
#1230405 06.07.2026 16:55:03 : EVT PMIC : PMIC Fast-charge constant cur
#1230406 06.07.2026 16:55:03 : EVT PMIC : PMIC Fast-charge constant cur
#1230407 06.07.2026 16:55:03 : EVT PMIC : PMIC Fast-charge constant cur
#1230408 06.07.2026 16:55:03 : EVT PMIC : PMIC Fast-charge constant cur
#1230409 06.07.2026 16:55:03 : EVT PMIC : PMIC Fast-charge constant cur
#1230410 06.07.2026 16:55:03 : EVT PMIC : PMIC Fast-charge constant cur
#1230411 06.07.2026 16:55:03 : EVT PMIC : PMIC Fast-charge constant cur
#1230412 06.07.2026 16:55:03 : EVT PMIC : PMIC Fast-charge constant cur
#1230413 06.07.2026 16:55:03 : EVT PMIC : PMIC Fast-charge constant cur
#1230414 06.07.2026 16:55:03 : EVT PMIC : PMIC Fast-charge constant cur
#1230415 06.07.2026 16:55:03 : EVT PMIC : PMIC Fast-charge constant cur
#1230416 06.07.2026 16:55:03 : EVT PMIC : PMIC Fast-charge constant cur
#1230417 06.07.2026 16:55:03 : EVT PMIC : PMIC Fast-charge constant cur
#1230418 06.07.2026 16:55:03 : EVT PMIC : PMIC Fast-charge constant cur
#1230419 06.07.2026 16:55:03 : EVT PMIC : PMIC Fast-charge constant cur
#1230420 06.07.2026 16:55:03 : EVT PMIC : PMIC Fast-charge constant cur
#1230421 06.07.2026 16:55:03 : EVT PMIC : PMIC Fast-charge constant cur
#1230422 06.07.2026 16:55:03 : EVT PMIC : PMIC Fast-charge constant cur
#1230423 06.07.2026 16:55:03 : EVT PMIC : PMIC Fast-charge constant cur
#1230424 06.07.2026 16:55:03 : EVT PMIC : PMIC Precharge
#1230425 06.07.2026 16:55:03 : EVT PMIC : PMIC Fast-charge constant cur
#1230426 06.07.2026 16:55:03 : EVT PMIC : PMIC Fast-charge constant cur
#1230427 06.07.2026 16:55:03 : EVT PMIC : PMIC Precharge
#1230428 06.07.2026 16:55:03 : EVT PMIC : PMIC Fast-charge constant cur
#1230429 06.07.2026 16:55:03 : EVT PMIC : PMIC Fast-charge constant cur
#1230430 06.07.2026 16:55:03 : EVT PMIC : PMIC Fast-charge constant cur
#1230431 06.07.2026 16:55:03 : EVT PMIC : PMIC Fast-charge constant cur
#1230432 06.07.2026 16:55:03 : EVT PMIC : PMIC Fast-charge constant cur
#1230433 06.07.2026 16:55:03 : EVT PMIC : PMIC Fast-charge constant cur
#1230434 06.07.2026 16:55:03 : EVT PMIC : PMIC Fast-charge constant cur
#1230435 06.07.2026 16:55:03 : EVT PMIC : PMIC Fast-charge constant cur
#1230436 06.07.2026 16:55:03 : EVT PMIC : PMIC Fast-charge constant cur
#1230437 06.07.2026 16:55:03 : EVT PMIC : PMIC Fast-charge constant cur
#1230438 06.07.2026 16:55:04 : EVT PMIC : PMIC Fast-charge constant cur
#1230439 06.07.2026 16:55:04 : EVT PMIC : PMIC Fast-charge constant cur
#1230440 06.07.2026 16:55:04 : EVT PMIC : PMIC Precharge
#1230441 06.07.2026 16:55:04 : EVT PMIC : PMIC Fast-charge constant cur
#1230442 06.07.2026 16:55:04 : EVT PMIC : PMIC Fast-charge constant cur
#1230443 06.07.2026 16:55:04 : EVT PMIC : PMIC Precharge
#1230444 06.07.2026 16:55:04 : EVT PMIC : PMIC Fast-charge constant cur
#1230445 06.07.2026 16:55:04 : EVT PMIC : PMIC Fast-charge constant cur
#1230446 06.07.2026 16:55:04 : EVT PMIC : PMIC Fast-charge constant cur
#1230447 06.07.2026 16:55:04 : EVT PMIC : PMIC Fast-charge constant cur
#1230448 06.07.2026 16:55:04 : EVT PMIC : PMIC Fast-charge constant cur
#1230449 06.07.2026 16:55:04 : EVT PMIC : PMIC Fast-charge constant cur
#1230450 06.07.2026 16:55:04 : EVT PMIC : PMIC Fast-charge constant cur
#1230451 06.07.2026 16:55:04 : EVT PMIC : PMIC Fast-charge constant cur
#1230452 06.07.2026 16:55:04 : EVT PMIC : PMIC Fast-charge constant cur
#1230453 06.07.2026 16:55:04 : EVT PMIC : PMIC Fast-charge constant cur
#1230454 06.07.2026 16:55:04 : EVT PMIC : PMIC Fast-charge constant cur
#1230455 06.07.2026 16:55:04 : EVT PMIC : PMIC Fast-charge constant cur
#1230456 06.07.2026 16:55:04 : EVT PMIC : PMIC Fast-charge constant cur
#1230457 06.07.2026 16:55:04 : EVT PMIC : PMIC Fast-charge constant cur
#1230458 06.07.2026 16:55:04 : EVT PMIC : PMIC Fast-charge constant cur
#1230459 06.07.2026 16:55:04 : EVT PMIC : PMIC Fast-charge constant cur
#1230460 06.07.2026 16:55:04 : EVT PMIC : PMIC Fast-charge constant cur
#1230461 06.07.2026 16:55:04 : EVT PMIC : PMIC Fast-charge constant cur
#1230462 06.07.2026 16:55:04 : EVT PMIC : PMIC Fast-charge constant cur
#1230463 06.07.2026 16:55:04 : EVT PMIC : PMIC Fast-charge constant cur
#1230464 06.07.2026 16:55:04 : EVT PMIC : PMIC Fast-charge constant cur
#1230465 06.07.2026 16:55:04 : EVT PMIC : PMIC Fast-charge constant cur
#1230466 06.07.2026 16:55:04 : EVT PMIC : PMIC Precharge
#1230467 06.07.2026 16:55:04 : EVT PMIC : PMIC Fast-charge constant cur
#1230468 06.07.2026 16:55:04 : EVT PMIC : PMIC Fast-charge constant cur
#1230469 06.07.2026 16:55:04 : EVT PMIC : PMIC Fast-charge constant cur
#1230470 06.07.2026 16:55:04 : EVT PMIC : PMIC Fast-charge constant cur
#1230471 06.07.2026 16:55:04 : EVT PMIC : PMIC Precharge
#1230472 06.07.2026 16:55:04 : EVT PMIC : PMIC Fast-charge constant cur
#1230473 06.07.2026 16:55:04 : EVT PMIC : PMIC Fast-charge constant cur
#1230474 06.07.2026 16:55:04 : EVT PMIC : PMIC Fast-charge constant cur
#1230475 06.07.2026 16:55:04 : EVT PMIC : PMIC Fast-charge constant cur
#1230476 06.07.2026 16:55:04 : EVT PMIC : PMIC Fast-charge constant cur
#1230477 06.07.2026 16:55:04 : EVT PMIC : PMIC Fast-charge constant cur
#1230478 06.07.2026 16:55:04 : EVT PMIC : PMIC Fast-charge constant cur
#1230479 06.07.2026 16:55:04 : EVT PMIC : PMIC Fast-charge constant cur
#1230480 06.07.2026 16:55:04 : EVT PMIC : PMIC Fast-charge constant cur
#1230481 06.07.2026 16:55:04 : EVT PMIC : PMIC Fast-charge constant cur
#1230482 06.07.2026 16:55:04 : EVT PMIC : PMIC Fast-charge constant cur
#1230483 06.07.2026 16:55:04 : EVT PMIC : PMIC Fast-charge constant cur
#1230484 06.07.2026 16:55:04 : EVT PMIC : PMIC Fast-charge constant cur
#1230485 06.07.2026 16:55:04 : EVT PMIC : PMIC Fast-charge constant cur
#1230486 06.07.2026 16:55:04 : EVT PMIC : PMIC Fast-charge constant cur
#1230487 06.07.2026 16:55:04 : EVT PMIC : PMIC Fast-charge constant cur
#1230488 06.07.2026 16:55:04 : EVT PMIC : PMIC Fast-charge constant cur
#1230489 06.07.2026 16:55:04 : EVT PMIC : PMIC Precharge
#1230490 06.07.2026 16:55:04 : EVT PMIC : PMIC Fast-charge constant cur
#1230491 06.07.2026 16:55:04 : EVT PMIC : PMIC Fast-charge constant cur
#1230492 06.07.2026 16:55:04 : EVT PMIC : PMIC Fast-charge constant cur
#1230493 06.07.2026 16:55:04 : EVT PMIC : PMIC Fast-charge constant cur
#1230494 06.07.2026 16:55:04 : EVT PMIC : PMIC Fast-charge constant cur
#1230495 06.07.2026 16:55:04 : EVT PMIC : PMIC Fast-charge constant cur
#1230496 06.07.2026 16:55:04 : EVT PMIC : PMIC Fast-charge constant cur
#1230497 06.07.2026 16:55:04 : EVT PMIC : PMIC Fast-charge constant cur
#1230498 06.07.2026 16:55:04 : EVT PMIC : PMIC Fast-charge constant cur
#1230499 06.07.2026 16:55:04 : EVT WIFI : APs scanned:16
#1230500 06.07.2026 16:55:04 : EVT WBSTORAGE : CACHE_DEFRAG (696->712, 24->24, 25)
#1230501 06.07.2026 16:55:04 : WRN WIFI : No APs matched to connect
#1230502 06.07.2026 16:55:04 : EVT WIFI : Scann APs (2/3)
#1230503 06.07.2026 16:55:04 : EVT PMIC : PMIC Precharge
#1230504 06.07.2026 16:55:04 : EVT PMIC : PMIC Fast-charge constant cur
#1230505 06.07.2026 16:55:04 : EVT PMIC : PMIC Fast-charge constant cur
#1230506 06.07.2026 16:55:04 : EVT PMIC : PMIC Fast-charge constant cur
#1230507 06.07.2026 16:55:04 : EVT PMIC : PMIC Fast-charge constant cur
#1230508 06.07.2026 16:55:04 : EVT PMIC : PMIC Fast-charge constant cur
#1230509 06.07.2026 16:55:04 : EVT PMIC : PMIC Precharge
#1230510 06.07.2026 16:55:04 : EVT PMIC : PMIC Fast-charge constant cur
#1230511 06.07.2026 16:55:04 : EVT PMIC : PMIC Fast-charge constant cur
#1230512 06.07.2026 16:55:04 : EVT PMIC : PMIC Fast-charge constant cur
#1230513 06.07.2026 16:55:04 : EVT PMIC : PMIC Fast-charge constant cur
#1230514 06.07.2026 16:55:04 : EVT PMIC : PMIC Fast-charge constant cur
#1230515 06.07.2026 16:55:04 : EVT PMIC : PMIC Fast-charge constant cur
#1230516 06.07.2026 16:55:04 : EVT PMIC : PMIC Fast-charge constant cur
#1230517 06.07.2026 16:55:04 : EVT PMIC : PMIC Fast-charge constant cur
#1230518 06.07.2026 16:55:04 : EVT PMIC : PMIC Fast-charge constant cur
#1230519 06.07.2026 16:55:04 : EVT PMIC : PMIC Precharge
#1230520 06.07.2026 16:55:04 : EVT PMIC : PMIC Fast-charge constant cur
#1230521 06.07.2026 16:55:04 : EVT PMIC : PMIC Fast-charge constant cur
#1230522 06.07.2026 16:55:04 : EVT PMIC : PMIC Fast-charge constant cur
#1230523 06.07.2026 16:55:04 : EVT PMIC : PMIC Fast-charge constant cur
#1230524 06.07.2026 16:55:04 : EVT PMIC : PMIC Fast-charge constant cur
#1230525 06.07.2026 16:55:04 : EVT PMIC : PMIC Fast-charge constant cur
#1230526 06.07.2026 16:55:04 : EVT PMIC : PMIC Fast-charge constant cur
#1230527 06.07.2026 16:55:04 : EVT PMIC : PMIC Fast-charge constant cur
#1230528 06.07.2026 16:55:04 : EVT PMIC : PMIC Fast-charge constant cur
#1230529 06.07.2026 16:55:04 : EVT PMIC : PMIC Fast-charge constant cur
#1230530 06.07.2026 16:55:04 : EVT PMIC : PMIC Precharge
#1230531 06.07.2026 16:55:04 : EVT PMIC : PMIC Fast-charge constant cur
#1230532 06.07.2026 16:55:04 : EVT PMIC : PMIC Fast-charge constant cur
#1230533 06.07.2026 16:55:04 : EVT PMIC : PMIC Fast-charge constant cur
#1230534 06.07.2026 16:55:04 : EVT PMIC : PMIC Fast-charge constant cur
#1230535 06.07.2026 16:55:04 : EVT PMIC : PMIC Fast-charge constant cur
#1230536 06.07.2026 16:55:04 : EVT PMIC : PMIC Fast-charge constant cur
#1230537 06.07.2026 16:55:04 : EVT PMIC : PMIC Fast-charge constant cur
#1230538 06.07.2026 16:55:04 : EVT PMIC : PMIC Fast-charge constant cur
#1230539 06.07.2026 16:55:04 : EVT PMIC : PMIC Fast-charge constant cur
#1230540 06.07.2026 16:55:04 : EVT PMIC : PMIC Fast-charge constant cur
#1230541 06.07.2026 16:55:04 : EVT PMIC : PMIC Fast-charge constant cur
#1230542 06.07.2026 16:55:04 : EVT PMIC : PMIC Fast-charge constant cur
#1230543 06.07.2026 16:55:04 : EVT PMIC : PMIC Fast-charge constant cur
#1230544 06.07.2026 16:55:04 : EVT PMIC : PMIC Fast-charge constant cur
#1230545 06.07.2026 16:55:04 : EVT PMIC : PMIC Fast-charge constant cur
#1230546 06.07.2026 16:55:04 : EVT PMIC : PMIC Fast-charge constant cur
#1230547 06.07.2026 16:55:04 : EVT PMIC : PMIC Precharge
#1230548 06.07.2026 16:55:04 : EVT PMIC : PMIC Fast-charge constant cur
#1230549 06.07.2026 16:55:04 : EVT PMIC : PMIC Fast-charge constant cur
#1230550 06.07.2026 16:55:04 : EVT PMIC : PMIC Fast-charge constant cur
#1230551 06.07.2026 16:55:04 : EVT PMIC : PMIC Fast-charge constant cur
#1230552 06.07.2026 16:55:04 : EVT PMIC : PMIC Fast-charge constant cur
#1230553 06.07.2026 16:55:04 : EVT PMIC : PMIC Fast-charge constant cur
#1230554 06.07.2026 16:55:04 : EVT PMIC : PMIC Fast-charge constant cur
#1230555 06.07.2026 16:55:04 : EVT PMIC : PMIC Fast-charge constant cur
#1230556 06.07.2026 16:55:04 : EVT PMIC : PMIC Fast-charge constant cur
#1230557 06.07.2026 16:55:04 : EVT PMIC : PMIC Fast-charge constant cur
#1230558 06.07.2026 16:55:04 : EVT PMIC : PMIC Fast-charge constant cur
#1230559 06.07.2026 16:55:04 : EVT PMIC : PMIC Fast-charge constant cur
#1230560 06.07.2026 16:55:04 : EVT PMIC : PMIC Fast-charge constant cur
#1230561 06.07.2026 16:55:04 : EVT PMIC : PMIC Fast-charge constant cur
#1230562 06.07.2026 16:55:04 : EVT PMIC : PMIC Fast-charge constant cur
#1230563 06.07.2026 16:55:04 : EVT PMIC : PMIC Fast-charge constant cur
#1230564 06.07.2026 16:55:04 : EVT ANALYTICS : Sync start
#1230565 06.07.2026 16:55:04 : EVT PMIC : PMIC Fast-charge constant cur
#1230566 06.07.2026 16:55:04 : EVT PMIC : PMIC Fast-charge constant cur
#1230567 06.07.2026 16:55:04 : EVT PMIC : PMIC Fast-charge constant cur
#1230568 06.07.2026 16:55:04 : EVT PMIC : PMIC Fast-charge constant cur
#1230569 06.07.2026 16:55:04 : EVT PMIC : PMIC Precharge
#1230570 06.07.2026 16:55:04 : EVT PMIC : PMIC Fast-charge constant cur
#1230571 06.07.2026 16:55:04 : EVT PMIC : PMIC Fast-charge constant cur
#1230572 06.07.2026 16:55:05 : EVT PMIC : PMIC Fast-charge constant cur
#1230573 06.07.2026 16:55:05 : EVT PMIC : PMIC Precharge
#1230574 06.07.2026 16:55:05 : EVT PMIC : PMIC Fast-charge constant cur
#1230575 06.07.2026 16:55:05 : EVT PMIC : PMIC Fast-charge constant cur
#1230576 06.07.2026 16:55:05 : EVT PMIC : PMIC Fast-charge constant cur
#1230577 06.07.2026 16:55:05 : EVT PMIC : PMIC Fast-charge constant cur
#1230578 06.07.2026 16:55:05 : EVT PMIC : PMIC Fast-charge constant cur
#1230579 06.07.2026 16:55:05 : EVT PMIC : PMIC Fast-charge constant cur
#1230580 06.07.2026 16:55:05 : EVT PMIC : PMIC Fast-charge constant cur
#1230581 06.07.2026 16:55:05 : EVT PMIC : PMIC Fast-charge constant cur
#1230582 06.07.2026 16:55:05 : EVT PMIC : PMIC Precharge
#1230583 06.07.2026 16:55:05 : EVT PMIC : PMIC Fast-charge constant cur
#1230584 06.07.2026 16:55:05 : EVT PMIC : PMIC Precharge
#1230585 06.07.2026 16:55:05 : EVT PMIC : PMIC Fast-charge constant cur
#1230586 06.07.2026 16:55:05 : EVT PMIC : PMIC Fast-charge constant cur
#1230587 06.07.2026 16:55:05 : EVT PMIC : PMIC Precharge
#1230588 06.07.2026 16:55:05 : EVT PMIC : PMIC Fast-charge constant cur
#1230589 06.07.2026 16:55:05 : EVT PMIC : PMIC Fast-charge constant cur
#1230590 06.07.2026 16:55:05 : EVT PMIC : PMIC Fast-charge constant cur
#1230591 06.07.2026 16:55:05 : EVT PMIC : PMIC Fast-charge constant cur
#1230592 06.07.2026 16:55:05 : EVT PMIC : PMIC Fast-charge constant cur
#1230593 06.07.2026 16:55:05 : EVT PMIC : PMIC Fast-charge constant cur
#1230594 06.07.2026 16:55:05 : EVT PMIC : PMIC Fast-charge constant cur
#1230595 06.07.2026 16:55:05 : EVT PMIC : PMIC Precharge
#1230596 06.07.2026 16:55:05 : EVT PMIC : PMIC Fast-charge constant cur
#1230597 06.07.2026 16:55:05 : EVT PMIC : PMIC Fast-charge constant cur
#1230598 06.07.2026 16:55:05 : EVT PMIC : PMIC Fast-charge constant cur
#1230599 06.07.2026 16:55:05 : EVT PMIC : PMIC Fast-charge constant cur
#1230600 06.07.2026 16:55:05 : EVT PMIC : PMIC Fast-charge constant cur
#1230601 06.07.2026 16:55:05 : EVT PMIC : PMIC Precharge
#1230602 06.07.2026 16:55:05 : EVT PMIC : PMIC Fast-charge constant cur
#1230603 06.07.2026 16:55:05 : EVT PMIC : PMIC Fast-charge constant cur
#1230604 06.07.2026 16:55:05 : EVT PMIC : PMIC Fast-charge constant cur
#1230605 06.07.2026 16:55:05 : EVT PMIC : PMIC Fast-charge constant cur
#1230606 06.07.2026 16:55:05 : EVT PMIC : PMIC Precharge
#1230607 06.07.2026 16:55:05 : EVT PMIC : PMIC Fast-charge constant cur
#1230608 06.07.2026 16:55:05 : EVT PMIC : PMIC Fast-charge constant cur
#1230609 06.07.2026 16:55:05 : EVT PMIC : PMIC Fast-charge constant cur
#1230610 06.07.2026 16:55:05 : EVT PMIC : PMIC Precharge
#1230611 06.07.2026 16:55:05 : EVT PMIC : PMIC Fast-charge constant cur
#1230612 06.07.2026 16:55:05 : EVT ANALYTICS : Sync start
#1230613 06.07.2026 16:55:05 : EVT PMIC : PMIC Fast-charge constant cur
#1230614 06.07.2026 16:55:05 : EVT PMIC : PMIC Precharge
#1230615 06.07.2026 16:55:05 : EVT PMIC : PMIC Fast-charge constant cur
#1230616 06.07.2026 16:55:05 : EVT PMIC : PMIC Fast-charge constant cur
#1230617 06.07.2026 16:55:05 : EVT PMIC : PMIC Fast-charge constant cur
#1230618 06.07.2026 16:55:05 : EVT PMIC : PMIC Precharge
#1230619 06.07.2026 16:55:05 : EVT PMIC : PMIC Fast-charge constant cur
#1230620 06.07.2026 16:55:05 : EVT PMIC : PMIC Precharge
#1230621 06.07.2026 16:55:05 : EVT PMIC : PMIC Fast-charge constant cur
#1230622 06.07.2026 16:55:05 : EVT PMIC : PMIC Fast-charge constant cur
#1230623 06.07.2026 16:55:05 : EVT PMIC : PMIC Fast-charge constant cur
#1230624 06.07.2026 16:55:05 : EVT PMIC : PMIC Fast-charge constant cur
#1230625 06.07.2026 16:55:05 : EVT PMIC : PMIC Fast-charge constant cur
#1230626 06.07.2026 16:55:05 : EVT PMIC : PMIC Fast-charge constant cur
#1230627 06.07.2026 16:55:05 : EVT PMIC : PMIC Fast-charge constant cur
#1230628 06.07.2026 16:55:05 : EVT PMIC : PMIC Fast-charge constant cur
#1230629 06.07.2026 16:55:05 : EVT PMIC : PMIC Fast-charge constant cur
#1230630 06.07.2026 16:55:05 : EVT PMIC : PMIC Fast-charge constant cur
#1230631 06.07.2026 16:55:05 : EVT PMIC : PMIC Fast-charge constant cur
#1230632 06.07.2026 16:55:05 : EVT PMIC : PMIC Fast-charge constant cur
#1230633 06.07.2026 16:55:05 : EVT PMIC : PMIC Fast-charge constant cur
#1230634 06.07.2026 16:55:05 : EVT WIFI : APs scanned:14
#1230635 06.07.2026 16:55:05 : WRN WIFI : No APs matched to connect
#1230636 06.07.2026 16:55:05 : EVT WIFI : Scann APs (3/3)
#1230637 06.07.2026 16:55:05 : EVT PMIC : PMIC Fast-charge constant cur
#1230638 06.07.2026 16:55:05 : EVT PMIC : PMIC Fast-charge constant cur
#1230639 06.07.2026 16:55:05 : EVT PMIC : PMIC Fast-charge constant cur
#1230640 06.07.2026 16:55:05 : EVT PMIC : PMIC Fast-charge constant cur
#1230641 06.07.2026 16:55:05 : EVT PMIC : PMIC Fast-charge constant cur
#1230642 06.07.2026 16:55:05 : EVT PMIC : PMIC Fast-charge constant cur
#1230643 06.07.2026 16:55:05 : EVT PMIC : PMIC Precharge
#1230644 06.07.2026 16:55:05 : EVT PMIC : PMIC Fast-charge constant cur
#1230645 06.07.2026 16:55:05 : EVT PMIC : PMIC Fast-charge constant cur
#1230646 06.07.2026 16:55:05 : EVT PMIC : PMIC Fast-charge constant cur
#1230647 06.07.2026 16:55:05 : EVT PMIC : PMIC Fast-charge constant cur
#1230648 06.07.2026 16:55:05 : EVT PMIC : PMIC Fast-charge constant cur
#1230649 06.07.2026 16:55:05 : EVT PMIC : PMIC Fast-charge constant cur
#1230650 06.07.2026 16:55:05 : EVT PMIC : PMIC Fast-charge constant cur
#1230651 06.07.2026 16:55:05 : EVT PMIC : PMIC Fast-charge constant cur
#1230652 06.07.2026 16:55:05 : EVT PMIC : PMIC Fast-charge constant cur
#1230653 06.07.2026 16:55:05 : EVT PMIC : PMIC Fast-charge constant cur
#1230654 06.07.2026 16:55:05 : EVT PMIC : PMIC Fast-charge constant cur
#1230655 06.07.2026 16:55:05 : EVT PMIC : PMIC Fast-charge constant cur
#1230656 06.07.2026 16:55:05 : EVT PMIC : PMIC Fast-charge constant cur
#1230657 06.07.2026 16:55:05 : EVT PMIC : PMIC Fast-charge constant cur
#1230658 06.07.2026 16:55:05 : EVT PMIC : PMIC Fast-charge constant cur
#1230659 06.07.2026 16:55:05 : EVT PMIC : PMIC Fast-charge constant cur
#1230660 06.07.2026 16:55:05 : EVT PMIC : PMIC Fast-charge constant cur
#1230661 06.07.2026 16:55:05 : EVT PMIC : PMIC Fast-charge constant cur
#1230662 06.07.2026 16:55:05 : EVT PMIC : PMIC Fast-charge constant cur
#1230663 06.07.2026 16:55:05 : EVT PMIC : PMIC Precharge
#1230664 06.07.2026 16:55:05 : EVT PMIC : PMIC Fast-charge constant cur
#1230665 06.07.2026 16:55:05 : EVT PMIC : PMIC Fast-charge constant cur
#1230666 06.07.2026 16:55:05 : EVT PMIC : PMIC Fast-charge constant cur
#1230667 06.07.2026 16:55:05 : EVT PMIC : PMIC Precharge
#1230668 06.07.2026 16:55:05 : EVT PMIC : PMIC Fast-charge constant cur
#1230669 06.07.2026 16:55:05 : EVT PMIC : PMIC Fast-charge constant cur
#1230670 06.07.2026 16:55:05 : EVT PMIC : PMIC Fast-charge constant cur
#1230671 06.07.2026 16:55:05 : EVT PMIC : PMIC Fast-charge constant cur
#1230672 06.07.2026 16:55:05 : EVT PMIC : PMIC Fast-charge constant cur
#1230673 06.07.2026 16:55:05 : EVT PMIC : PMIC Fast-charge constant cur
#1230674 06.07.2026 16:55:05 : EVT PMIC : PMIC Fast-charge constant cur
#1230675 06.07.2026 16:55:05 : EVT PMIC : PMIC Fast-charge constant cur
#1230676 06.07.2026 16:55:05 : EVT PMIC : PMIC Fast-charge constant cur
#1230677 06.07.2026 16:55:05 : EVT PMIC : PMIC Fast-charge constant cur
#1230678 06.07.2026 16:55:05 : EVT PMIC : PMIC Fast-charge constant cur
#1230679 06.07.2026 16:55:05 : EVT PMIC : PMIC Fast-charge constant cur
#1230680 06.07.2026 16:55:06 : EVT PMIC : PMIC Fast-charge constant cur
#1230681 06.07.2026 16:55:06 : EVT PMIC : PMIC Fast-charge constant cur
#1230682 06.07.2026 16:55:06 : EVT WIFI : APs scanned:14
#1230683 06.07.2026 16:55:06 : WRN WIFI : No APs matched to connect
#1230684 06.07.2026 16:55:06 : EVT WIFI : Internal connect ret:103
#1230685 06.07.2026 16:55:06 : ERR <Unknown> : DL GET resultCode=500
#1230686 06.07.2026 16:55:06 : EVT <Unknown> : DL try retry after 900000 ms
#1230687 06.07.2026 16:55:07 : EVT PMIC : PMIC Fast-charge constant cur

