#1262647 07.07.2026 14:11:23 : EVT PMIC : PMIC Fast-charge constant cur
#1262648 07.07.2026 14:11:23 : EVT ANALYTICS : Sync start
#1262649 07.07.2026 14:11:23 : EVT PMIC : PMIC Fast-charge constant cur
#1262650 07.07.2026 14:11:23 : EVT PMIC : PMIC Fast-charge constant cur
#1262651 07.07.2026 14:11:23 : EVT PMIC : PMIC Fast-charge constant cur
#1262652 07.07.2026 14:11:23 : EVT PMIC : PMIC Fast-charge constant cur
#1262653 07.07.2026 14:11:23 : EVT PMIC : PMIC Fast-charge constant cur
#1262654 07.07.2026 14:11:23 : EVT PMIC : PMIC Fast-charge constant cur
#1262655 07.07.2026 14:11:23 : EVT PMIC : PMIC Fast-charge constant cur
#1262656 07.07.2026 14:11:23 : EVT PMIC : PMIC Fast-charge constant cur
#1262657 07.07.2026 14:11:23 : EVT PMIC : PMIC Fast-charge constant cur
#1262658 07.07.2026 14:11:23 : EVT PMIC : PMIC Fast-charge constant cur
#1262659 07.07.2026 14:11:23 : EVT PMIC : PMIC Precharge
#1262660 07.07.2026 14:11:23 : EVT PMIC : PMIC Fast-charge constant cur
#1262661 07.07.2026 14:11:23 : EVT PMIC : PMIC Fast-charge constant cur
#1262662 07.07.2026 14:11:23 : EVT PMIC : PMIC Fast-charge constant cur
#1262663 07.07.2026 14:11:23 : EVT PMIC : PMIC Fast-charge constant cur
#1262664 07.07.2026 14:11:23 : EVT PMIC : PMIC Precharge
#1262665 07.07.2026 14:11:23 : EVT PMIC : PMIC Fast-charge constant cur
#1262666 07.07.2026 14:11:23 : EVT PMIC : PMIC Fast-charge constant cur
#1262667 07.07.2026 14:11:23 : EVT PMIC : PMIC Maintain charge
#1262668 07.07.2026 14:11:23 : EVT PMIC : PMIC Precharge
#1262669 07.07.2026 14:11:23 : EVT PMIC : PMIC Fast-charge constant cur
#1262670 07.07.2026 14:11:23 : EVT ANALYTICS : Sync start
#1262671 07.07.2026 14:11:24 : EVT PMIC : PMIC Fast-charge constant cur
#1262672 07.07.2026 14:11:24 : EVT PMIC : PMIC Precharge
#1262673 07.07.2026 14:11:24 : EVT PMIC : PMIC Fast-charge constant cur
#1262674 07.07.2026 14:11:24 : EVT PMIC : PMIC Fast-charge constant cur
#1262675 07.07.2026 14:11:24 : EVT PMIC : PMIC Precharge
#1262676 07.07.2026 14:11:24 : EVT PMIC : PMIC Fast-charge constant cur
#1262677 07.07.2026 14:11:24 : EVT PMIC : PMIC Precharge
#1262678 07.07.2026 14:11:24 : EVT PMIC : PMIC Fast-charge constant cur
#1262679 07.07.2026 14:11:24 : EVT PMIC : PMIC Fast-charge constant cur
#1262680 07.07.2026 14:11:24 : EVT PMIC : PMIC Fast-charge constant cur
#1262681 07.07.2026 14:11:24 : EVT PMIC : PMIC Fast-charge constant cur
#1262682 07.07.2026 14:11:24 : EVT PMIC : PMIC Fast-charge constant cur
#1262683 07.07.2026 14:11:24 : EVT PMIC : PMIC Fast-charge constant cur
#1262684 07.07.2026 14:11:24 : EVT PMIC : PMIC Fast-charge constant cur
#1262685 07.07.2026 14:11:24 : EVT PMIC : PMIC Fast-charge constant cur
#1262686 07.07.2026 14:11:24 : EVT PMIC : PMIC Precharge
#1262687 07.07.2026 14:11:24 : EVT PMIC : PMIC Fast-charge constant cur
#1262688 07.07.2026 14:11:24 : EVT PMIC : PMIC Fast-charge constant cur
#1262689 07.07.2026 14:11:24 : EVT PMIC : PMIC Precharge
#1262690 07.07.2026 14:11:24 : EVT PMIC : PMIC Fast-charge constant cur
#1262691 07.07.2026 14:11:24 : EVT PMIC : PMIC Fast-charge constant cur
#1262692 07.07.2026 14:11:24 : EVT PMIC : PMIC Fast-charge constant cur
#1262693 07.07.2026 14:11:24 : EVT PMIC : PMIC Fast-charge constant cur
#1262694 07.07.2026 14:11:24 : EVT PMIC : PMIC Precharge
#1262695 07.07.2026 14:11:24 : EVT PMIC : PMIC Fast-charge constant cur
#1262696 07.07.2026 14:11:24 : EVT PMIC : PMIC Fast-charge constant cur
#1262697 07.07.2026 14:11:24 : EVT PMIC : PMIC Fast-charge constant cur
#1262698 07.07.2026 14:11:24 : EVT PMIC : PMIC Fast-charge constant cur
#1262699 07.07.2026 14:11:24 : EVT PMIC : PMIC Precharge
#1262700 07.07.2026 14:11:24 : EVT PMIC : PMIC Fast-charge constant cur
#1262701 07.07.2026 14:11:24 : EVT PMIC : PMIC Fast-charge constant cur
#1262702 07.07.2026 14:11:28 : EVT WBSTORAGE : CACHE_DEFRAG (752->760, 24->24, 25)
#1262703 07.07.2026 14:11:28 : EVT WBSTORAGE : CACHE_DEFRAG (728->736, 24->24, 25)
#1262704 07.07.2026 14:11:28 : EVT <Unknown> : DL Region List
#1262705 07.07.2026 14:11:28 : EVT WIFI : Pwr up
#1262706 07.07.2026 14:11:28 : EVT PMIC : PMIC Maintain charge
#1262707 07.07.2026 14:11:34 : EVT WIFI : pwr up
#1262708 07.07.2026 14:11:34 : EVT WIFI : SDK Ver(3.2.8.1)
#1262709 07.07.2026 14:11:34 : EVT WIFI : Scann APs (1/3)
#1262710 07.07.2026 14:11:34 : EVT PMIC : PMIC Fast-charge constant cur
#1262711 07.07.2026 14:11:34 : EVT PMIC : PMIC Fast-charge constant cur
#1262712 07.07.2026 14:11:34 : EVT PMIC : PMIC Fast-charge constant cur
#1262713 07.07.2026 14:11:34 : EVT PMIC : PMIC Fast-charge constant cur
#1262714 07.07.2026 14:11:34 : EVT PMIC : PMIC Fast-charge constant cur
#1262715 07.07.2026 14:11:34 : EVT PMIC : PMIC Fast-charge constant cur
#1262716 07.07.2026 14:11:34 : EVT PMIC : PMIC Fast-charge constant cur
#1262717 07.07.2026 14:11:34 : EVT PMIC : PMIC Fast-charge constant cur
#1262718 07.07.2026 14:11:35 : EVT PMIC : PMIC Fast-charge constant cur
#1262719 07.07.2026 14:11:35 : EVT PMIC : PMIC Fast-charge constant cur
#1262720 07.07.2026 14:11:35 : EVT PMIC : PMIC Maintain charge
#1262721 07.07.2026 14:11:35 : EVT PMIC : PMIC Fast-charge constant cur
#1262722 07.07.2026 14:11:35 : EVT PMIC : PMIC Fast-charge constant cur
#1262723 07.07.2026 14:11:35 : EVT WIFI : APs scanned:5
#1262724 07.07.2026 14:11:35 : EVT WBSTORAGE : CACHE_DEFRAG (688->704, 24->24, 25)
#1262725 07.07.2026 14:11:35 : WRN WIFI : No APs matched to connect
#1262726 07.07.2026 14:11:35 : EVT WIFI : Scann APs (2/3)
#1262727 07.07.2026 14:11:35 : EVT PMIC : PMIC Fast-charge constant cur
#1262728 07.07.2026 14:11:35 : EVT PMIC : PMIC Fast-charge constant cur
#1262729 07.07.2026 14:11:35 : EVT PMIC : PMIC Fast-charge constant cur
#1262730 07.07.2026 14:11:35 : EVT PMIC : PMIC Fast-charge constant cur
#1262731 07.07.2026 14:11:35 : EVT PMIC : PMIC Fast-charge constant cur
#1262732 07.07.2026 14:11:35 : EVT PMIC : PMIC Fast-charge constant cur
#1262733 07.07.2026 14:11:35 : EVT PMIC : PMIC Fast-charge constant cur
#1262734 07.07.2026 14:11:36 : EVT PMIC : PMIC Fast-charge constant cur
#1262735 07.07.2026 14:11:36 : EVT WIFI : APs scanned:6
#1262736 07.07.2026 14:11:36 : WRN WIFI : No APs matched to connect
#1262737 07.07.2026 14:11:36 : EVT WIFI : Scann APs (3/3)
#1262738 07.07.2026 14:11:36 : EVT PMIC : PMIC Fast-charge constant cur
#1262739 07.07.2026 14:11:36 : EVT PMIC : PMIC Precharge
#1262740 07.07.2026 14:11:36 : EVT PMIC : PMIC Fast-charge constant cur
#1262741 07.07.2026 14:11:36 : EVT PMIC : PMIC Fast-charge constant cur
#1262742 07.07.2026 14:11:36 : EVT PMIC : PMIC Fast-charge constant cur
#1262743 07.07.2026 14:11:36 : EVT PMIC : PMIC Fast-charge constant cur
#1262744 07.07.2026 14:11:36 : EVT PMIC : PMIC Fast-charge constant cur
#1262745 07.07.2026 14:11:36 : EVT PMIC : PMIC Fast-charge constant cur
#1262746 07.07.2026 14:11:36 : EVT WIFI : APs scanned:6
#1262747 07.07.2026 14:11:36 : WRN WIFI : No APs matched to connect
#1262748 07.07.2026 14:11:36 : EVT WIFI : Internal connect ret:103
#1262749 07.07.2026 14:11:36 : ERR <Unknown> : DL GET resultCode=500
#1262750 07.07.2026 14:11:36 : EVT <Unknown> : DL try retry after 900000 ms
#1262751 07.07.2026 14:11:41 : EVT PMIC : PMIC Maintain charge
#1262752 07.07.2026 14:11:49 : EVT WIFI : Pwr down idle wifi (TO:13se)
#1262753 07.07.2026 14:11:49 : EVT WIFI : pwr down OK
#1262754 07.07.2026 14:12:01 : EVT PMIC : PMIC Fast-charge constant cur
#1262755 07.07.2026 14:12:05 : EVT PMIC : PMIC Maintain charge
#1262756 07.07.2026 14:13:02 : EVT PMIC : PMIC Fast-charge constant cur
#1262757 07.07.2026 14:13:05 : EVT PMIC : PMIC Maintain charge
#1262758 07.07.2026 14:14:02 : EVT PMIC : PMIC Fast-charge constant cur
#1262759 07.07.2026 14:14:04 : EVT PMIC : PMIC Maintain charge
#1262760 07.07.2026 14:14:37 : TRC FUEL_GAUGE : Batt: 4441 mV (raw: 4442) soc: 100 %, T: 29.0 C,H:102
#1262761 07.07.2026 14:15:02 : EVT PMIC : PMIC Fast-charge constant cur
#1262762 07.07.2026 14:15:02 : EVT PMIC : PMIC Maintain charge
#1262763 07.07.2026 14:16:02 : EVT PMIC : PMIC Fast-charge constant cur
#1262764 07.07.2026 14:16:02 : EVT PMIC : PMIC Fast-charge constant cur
#1262765 07.07.2026 14:16:08 : EVT PMIC : PMIC Maintain charge
#1262766 07.07.2026 14:16:13 : EVT APPLICATION : Zapp zwc05901:Disable
#1262767 07.07.2026 14:16:13 : EVT PMIC : PMIC Fast-charge constant cur
#1262768 07.07.2026 14:16:13 : EVT PMIC : PMIC Fast-charge constant cur
#1262769 07.07.2026 14:16:13 : EVT PMIC : PMIC Fast-charge constant cur
#1262770 07.07.2026 14:16:13 : EVT PMIC : PMIC Fast-charge constant cur
#1262771 07.07.2026 14:16:13 : EVT PMIC : PMIC Fast-charge constant cur
#1262772 07.07.2026 14:16:13 : EVT PMIC : PMIC Fast-charge constant cur
#1262773 07.07.2026 14:16:13 : EVT PMIC : PMIC Fast-charge constant cur
#1262774 07.07.2026 14:16:13 : EVT PMIC : PMIC Fast-charge constant cur
#1262775 07.07.2026 14:16:13 : EVT PMIC : PMIC Fast-charge constant cur
#1262776 07.07.2026 14:16:13 : EVT PMIC : PMIC Fast-charge constant cur
#1262777 07.07.2026 14:16:13 : EVT PMIC : PMIC Fast-charge constant cur
#1262778 07.07.2026 14:16:13 : EVT PMIC : PMIC Fast-charge constant cur
#1262779 07.07.2026 14:16:13 : EVT PMIC : PMIC Fast-charge constant cur
#1262780 07.07.2026 14:16:13 : EVT ANALYTICS : Zapp disabled i:3 h:ddb248f2 n:Vector classic
#1262781 07.07.2026 14:16:13 : TRC APPLICATION : The zapp watch face was closed due to TO
#1262782 07.07.2026 14:16:14 : EVT PMIC : PMIC Maintain charge
#1262783 07.07.2026 14:17:02 : EVT PMIC : PMIC Fast-charge constant cur
#1262784 07.07.2026 14:17:03 : EVT PMIC : PMIC Maintain charge
#1262785 07.07.2026 14:18:02 : EVT PMIC : PMIC Fast-charge constant cur
#1262786 07.07.2026 14:18:03 : EVT PMIC : PMIC Maintain charge
#1262787 07.07.2026 14:19:03 : EVT PMIC : PMIC Fast-charge constant cur
#1262788 07.07.2026 14:19:06 : EVT PMIC : PMIC Maintain charge
#1262789 07.07.2026 14:19:30 : EVT ANALYTICS : Weather sync TO
#1262790 07.07.2026 14:20:03 : EVT PMIC : PMIC Fast-charge constant cur
#1262791 07.07.2026 14:20:06 : EVT PMIC : PMIC Maintain charge
#1262792 07.07.2026 14:21:03 : EVT PMIC : PMIC Fast-charge constant cur
#1262793 07.07.2026 14:21:08 : EVT PMIC : PMIC Maintain charge
#1262794 07.07.2026 14:22:03 : EVT PMIC : PMIC Fast-charge constant cur
#1262795 07.07.2026 14:22:03 : EVT PMIC : PMIC Maintain charge
#1262796 07.07.2026 14:23:03 : EVT PMIC : PMIC Fast-charge constant cur
#1262797 07.07.2026 14:23:10 : EVT PMIC : PMIC Maintain charge
#1262798 07.07.2026 14:24:03 : TRC APPLICATION : Removing: b:/syslogs/systemevent_1247693.log
#1262799 07.07.2026 14:24:03 : EVT PMIC : PMIC Fast-charge constant cur
#1262800 07.07.2026 14:24:04 : EVT PMIC : PMIC Maintain charge
#1262801 07.07.2026 14:25:04 : EVT PMIC : PMIC Fast-charge constant cur
#1262802 07.07.2026 14:25:10 : EVT PMIC : PMIC Maintain charge
#1262803 07.07.2026 14:26:04 : EVT PMIC : PMIC Fast-charge constant cur
#1262804 07.07.2026 14:26:04 : EVT PMIC : PMIC Maintain charge
#1262805 07.07.2026 14:26:36 : EVT <Unknown> : DL Region List
#1262806 07.07.2026 14:26:37 : EVT PMIC : PMIC Fast-charge constant cur
#1262807 07.07.2026 14:26:37 : EVT PMIC : PMIC Fast-charge constant cur
#1262808 07.07.2026 14:26:37 : EVT PMIC : PMIC Fast-charge constant cur
#1262809 07.07.2026 14:26:37 : EVT PMIC : PMIC Fast-charge constant cur
#1262810 07.07.2026 14:26:37 : EVT PMIC : PMIC Fast-charge constant cur
#1262811 07.07.2026 14:26:37 : EVT PMIC : PMIC Fast-charge constant cur
#1262812 07.07.2026 14:26:37 : EVT WIFI : Pwr up
#1262813 07.07.2026 14:26:37 : EVT PMIC : PMIC Fast-charge constant cur
#1262814 07.07.2026 14:26:37 : EVT PMIC : PMIC Fast-charge constant cur
#1262815 07.07.2026 14:26:37 : EVT PMIC : PMIC Precharge
#1262816 07.07.2026 14:26:37 : EVT PMIC : PMIC Fast-charge constant cur
#1262817 07.07.2026 14:26:43 : EVT PMIC : PMIC Fast-charge constant cur
#1262818 07.07.2026 14:26:43 : EVT WIFI : pwr up
#1262819 07.07.2026 14:26:43 : EVT WIFI : SDK Ver(3.2.8.1)
#1262820 07.07.2026 14:26:43 : EVT WIFI : Scann APs (1/3)
#1262821 07.07.2026 14:26:43 : EVT PMIC : PMIC Fast-charge constant cur
#1262822 07.07.2026 14:26:43 : EVT PMIC : PMIC Fast-charge constant cur
#1262823 07.07.2026 14:26:43 : EVT PMIC : PMIC Fast-charge constant cur
#1262824 07.07.2026 14:26:43 : EVT PMIC : PMIC Precharge
#1262825 07.07.2026 14:26:43 : EVT PMIC : PMIC Fast-charge constant cur
#1262826 07.07.2026 14:26:43 : EVT PMIC : PMIC Fast-charge constant cur
#1262827 07.07.2026 14:26:43 : EVT PMIC : PMIC Fast-charge constant cur
#1262828 07.07.2026 14:26:43 : EVT PMIC : PMIC Fast-charge constant cur
#1262829 07.07.2026 14:26:43 : EVT PMIC : PMIC Fast-charge constant cur
#1262830 07.07.2026 14:26:43 : EVT PMIC : PMIC Fast-charge constant cur
#1262831 07.07.2026 14:26:43 : EVT PMIC : PMIC Precharge
#1262832 07.07.2026 14:26:43 : EVT PMIC : PMIC Fast-charge constant cur
#1262833 07.07.2026 14:26:43 : EVT PMIC : PMIC Fast-charge constant cur
#1262834 07.07.2026 14:26:43 : EVT PMIC : PMIC Fast-charge constant cur
#1262835 07.07.2026 14:26:43 : EVT PMIC : PMIC Fast-charge constant cur
#1262836 07.07.2026 14:26:43 : EVT PMIC : PMIC Fast-charge constant cur
#1262837 07.07.2026 14:26:43 : EVT PMIC : PMIC Precharge
#1262838 07.07.2026 14:26:43 : EVT PMIC : PMIC Fast-charge constant cur
#1262839 07.07.2026 14:26:43 : EVT PMIC : PMIC Fast-charge constant cur
#1262840 07.07.2026 14:26:43 : EVT PMIC : PMIC Fast-charge constant cur
#1262841 07.07.2026 14:26:43 : EVT PMIC : PMIC Fast-charge constant cur
#1262842 07.07.2026 14:26:44 : EVT PMIC : PMIC Precharge
#1262843 07.07.2026 14:26:44 : EVT PMIC : PMIC Fast-charge constant cur
#1262844 07.07.2026 14:26:44 : EVT PMIC : PMIC Fast-charge constant cur
#1262845 07.07.2026 14:26:44 : EVT PMIC : PMIC Fast-charge constant cur
#1262846 07.07.2026 14:26:44 : EVT PMIC : PMIC Fast-charge constant cur
#1262847 07.07.2026 14:26:44 : EVT PMIC : PMIC Fast-charge constant cur
#1262848 07.07.2026 14:26:44 : EVT PMIC : PMIC Fast-charge constant cur
#1262849 07.07.2026 14:26:44 : EVT PMIC : PMIC Fast-charge constant cur
#1262850 07.07.2026 14:26:44 : EVT PMIC : PMIC Fast-charge constant cur
#1262851 07.07.2026 14:26:44 : EVT PMIC : PMIC Fast-charge constant cur
#1262852 07.07.2026 14:26:44 : EVT PMIC : PMIC Fast-charge constant cur
#1262853 07.07.2026 14:26:44 : EVT PMIC : PMIC Fast-charge constant cur
#1262854 07.07.2026 14:26:44 : EVT PMIC : PMIC Fast-charge constant cur
#1262855 07.07.2026 14:26:44 : EVT PMIC : PMIC Fast-charge constant cur
#1262856 07.07.2026 14:26:44 : EVT PMIC : PMIC Fast-charge constant cur
#1262857 07.07.2026 14:26:44 : EVT PMIC : PMIC Fast-charge constant cur
#1262858 07.07.2026 14:26:44 : EVT PMIC : PMIC Fast-charge constant cur
#1262859 07.07.2026 14:26:44 : EVT PMIC : PMIC Fast-charge constant cur
#1262860 07.07.2026 14:26:44 : EVT PMIC : PMIC Fast-charge constant cur
#1262861 07.07.2026 14:26:44 : EVT WIFI : APs scanned:5
#1262862 07.07.2026 14:26:44 : WRN WIFI : No APs matched to connect
#1262863 07.07.2026 14:26:44 : EVT WIFI : Scann APs (2/3)
#1262864 07.07.2026 14:26:44 : EVT PMIC : PMIC Precharge
#1262865 07.07.2026 14:26:44 : EVT PMIC : PMIC Fast-charge constant cur
#1262866 07.07.2026 14:26:44 : EVT PMIC : PMIC Fast-charge constant cur
#1262867 07.07.2026 14:26:44 : EVT PMIC : PMIC Fast-charge constant cur
#1262868 07.07.2026 14:26:44 : EVT PMIC : PMIC Fast-charge constant cur
#1262869 07.07.2026 14:26:44 : EVT PMIC : PMIC Fast-charge constant cur
#1262870 07.07.2026 14:26:44 : EVT PMIC : PMIC Fast-charge constant cur
#1262871 07.07.2026 14:26:44 : EVT PMIC : PMIC Fast-charge constant cur
#1262872 07.07.2026 14:26:44 : EVT PMIC : PMIC Fast-charge constant cur
#1262873 07.07.2026 14:26:44 : EVT PMIC : PMIC Fast-charge constant cur
#1262874 07.07.2026 14:26:44 : EVT PMIC : PMIC Fast-charge constant cur
#1262875 07.07.2026 14:26:44 : EVT PMIC : PMIC Fast-charge constant cur
#1262876 07.07.2026 14:26:44 : EVT PMIC : PMIC Fast-charge constant cur
#1262877 07.07.2026 14:26:44 : EVT PMIC : PMIC Fast-charge constant cur
#1262878 07.07.2026 14:26:44 : EVT PMIC : PMIC Precharge
#1262879 07.07.2026 14:26:44 : EVT PMIC : PMIC Fast-charge constant cur
#1262880 07.07.2026 14:26:44 : EVT PMIC : PMIC Precharge
#1262881 07.07.2026 14:26:44 : EVT PMIC : PMIC Fast-charge constant cur
#1262882 07.07.2026 14:26:44 : EVT PMIC : PMIC Fast-charge constant cur
#1262883 07.07.2026 14:26:44 : EVT PMIC : PMIC Fast-charge constant cur
#1262884 07.07.2026 14:26:44 : EVT PMIC : PMIC Fast-charge constant cur
#1262885 07.07.2026 14:26:44 : EVT PMIC : PMIC Fast-charge constant cur
#1262886 07.07.2026 14:26:44 : EVT PMIC : PMIC Fast-charge constant cur
#1262887 07.07.2026 14:26:44 : EVT PMIC : PMIC Maintain charge
#1262888 07.07.2026 14:26:44 : EVT PMIC : PMIC Fast-charge constant cur
#1262889 07.07.2026 14:26:44 : EVT PMIC : PMIC Fast-charge constant cur
#1262890 07.07.2026 14:26:44 : EVT PMIC : PMIC Precharge
#1262891 07.07.2026 14:26:44 : EVT PMIC : PMIC Fast-charge constant cur
#1262892 07.07.2026 14:26:44 : EVT PMIC : PMIC Fast-charge constant cur
#1262893 07.07.2026 14:26:44 : EVT PMIC : PMIC Fast-charge constant cur
#1262894 07.07.2026 14:26:44 : EVT PMIC : PMIC Fast-charge constant cur
#1262895 07.07.2026 14:26:44 : EVT PMIC : PMIC Fast-charge constant cur
#1262896 07.07.2026 14:26:44 : EVT PMIC : PMIC Fast-charge constant cur
#1262897 07.07.2026 14:26:44 : EVT PMIC : PMIC Fast-charge constant cur
#1262898 07.07.2026 14:26:44 : EVT PMIC : PMIC Fast-charge constant cur
#1262899 07.07.2026 14:26:45 : EVT PMIC : PMIC Fast-charge constant cur
#1262900 07.07.2026 14:26:45 : EVT PMIC : PMIC Fast-charge constant cur
#1262901 07.07.2026 14:26:45 : EVT PMIC : PMIC Fast-charge constant cur
#1262902 07.07.2026 14:26:45 : EVT PMIC : PMIC Fast-charge constant cur
#1262903 07.07.2026 14:26:45 : EVT PMIC : PMIC Fast-charge constant cur
#1262904 07.07.2026 14:26:45 : EVT PMIC : PMIC Fast-charge constant cur
#1262905 07.07.2026 14:26:45 : EVT PMIC : PMIC Fast-charge constant cur
#1262906 07.07.2026 14:26:45 : EVT PMIC : PMIC Precharge
#1262907 07.07.2026 14:26:45 : EVT PMIC : PMIC Fast-charge constant cur
#1262908 07.07.2026 14:26:45 : EVT PMIC : PMIC Fast-charge constant cur
#1262909 07.07.2026 14:26:45 : EVT PMIC : PMIC Fast-charge constant cur
#1262910 07.07.2026 14:26:45 : EVT PMIC : PMIC Fast-charge constant cur
#1262911 07.07.2026 14:26:45 : EVT PMIC : PMIC Fast-charge constant cur
#1262912 07.07.2026 14:26:45 : EVT PMIC : PMIC Fast-charge constant cur
#1262913 07.07.2026 14:26:45 : EVT WIFI : APs scanned:6
#1262914 07.07.2026 14:26:45 : WRN WIFI : No APs matched to connect
#1262915 07.07.2026 14:26:45 : EVT WIFI : Scann APs (3/3)
#1262916 07.07.2026 14:26:45 : EVT PMIC : PMIC Fast-charge constant cur
#1262917 07.07.2026 14:26:45 : EVT PMIC : PMIC Fast-charge constant cur
#1262918 07.07.2026 14:26:45 : EVT PMIC : PMIC Fast-charge constant cur
#1262919 07.07.2026 14:26:45 : EVT PMIC : PMIC Fast-charge constant cur
#1262920 07.07.2026 14:26:45 : EVT PMIC : PMIC Fast-charge constant cur
#1262921 07.07.2026 14:26:45 : EVT PMIC : PMIC Fast-charge constant cur
#1262922 07.07.2026 14:26:45 : EVT PMIC : PMIC Fast-charge constant cur
#1262923 07.07.2026 14:26:45 : EVT PMIC : PMIC Precharge
#1262924 07.07.2026 14:26:45 : EVT PMIC : PMIC Fast-charge constant cur
#1262925 07.07.2026 14:26:45 : EVT PMIC : PMIC Fast-charge constant cur
#1262926 07.07.2026 14:26:45 : EVT PMIC : PMIC Fast-charge constant cur
#1262927 07.07.2026 14:26:45 : EVT PMIC : PMIC Fast-charge constant cur
#1262928 07.07.2026 14:26:45 : EVT PMIC : PMIC Precharge
#1262929 07.07.2026 14:26:45 : EVT PMIC : PMIC Fast-charge constant cur
#1262930 07.07.2026 14:26:45 : EVT PMIC : PMIC Precharge
#1262931 07.07.2026 14:26:45 : EVT PMIC : PMIC Fast-charge constant cur
#1262932 07.07.2026 14:26:45 : EVT PMIC : PMIC Fast-charge constant cur
#1262933 07.07.2026 14:26:45 : EVT PMIC : PMIC Fast-charge constant cur
#1262934 07.07.2026 14:26:45 : EVT PMIC : PMIC Fast-charge constant cur
#1262935 07.07.2026 14:26:45 : EVT PMIC : PMIC Fast-charge constant cur
#1262936 07.07.2026 14:26:45 : EVT PMIC : PMIC Fast-charge constant cur
#1262937 07.07.2026 14:26:45 : EVT PMIC : PMIC Fast-charge constant cur
#1262938 07.07.2026 14:26:45 : EVT PMIC : PMIC Fast-charge constant cur
#1262939 07.07.2026 14:26:45 : EVT PMIC : PMIC Precharge
#1262940 07.07.2026 14:26:45 : EVT PMIC : PMIC Fast-charge constant cur
#1262941 07.07.2026 14:26:45 : EVT PMIC : PMIC Precharge
#1262942 07.07.2026 14:26:45 : EVT PMIC : PMIC Fast-charge constant cur
#1262943 07.07.2026 14:26:45 : EVT PMIC : PMIC Fast-charge constant cur
#1262944 07.07.2026 14:26:45 : EVT PMIC : PMIC Precharge
#1262945 07.07.2026 14:26:45 : EVT PMIC : PMIC Fast-charge constant cur
#1262946 07.07.2026 14:26:45 : EVT PMIC : PMIC Precharge
#1262947 07.07.2026 14:26:45 : EVT PMIC : PMIC Fast-charge constant cur
#1262948 07.07.2026 14:26:45 : EVT PMIC : PMIC Fast-charge constant cur
#1262949 07.07.2026 14:26:45 : EVT PMIC : PMIC Fast-charge constant cur
#1262950 07.07.2026 14:26:45 : EVT PMIC : PMIC Precharge
#1262951 07.07.2026 14:26:45 : EVT PMIC : PMIC Fast-charge constant cur
#1262952 07.07.2026 14:26:45 : EVT PMIC : PMIC Fast-charge constant cur
#1262953 07.07.2026 14:26:45 : EVT PMIC : PMIC Fast-charge constant cur
#1262954 07.07.2026 14:26:45 : EVT PMIC : PMIC Fast-charge constant cur
#1262955 07.07.2026 14:26:45 : EVT PMIC : PMIC Fast-charge constant cur
#1262956 07.07.2026 14:26:45 : EVT PMIC : PMIC Fast-charge constant cur
#1262957 07.07.2026 14:26:45 : EVT PMIC : PMIC Fast-charge constant cur
#1262958 07.07.2026 14:26:45 : EVT PMIC : PMIC Fast-charge constant cur
#1262959 07.07.2026 14:26:45 : EVT PMIC : PMIC Fast-charge constant cur
#1262960 07.07.2026 14:26:45 : EVT PMIC : PMIC Fast-charge constant cur
#1262961 07.07.2026 14:26:45 : EVT PMIC : PMIC Fast-charge constant cur
#1262962 07.07.2026 14:26:45 : EVT PMIC : PMIC Fast-charge constant cur
#1262963 07.07.2026 14:26:45 : EVT PMIC : PMIC Fast-charge constant cur
#1262964 07.07.2026 14:26:45 : EVT PMIC : PMIC Fast-charge constant cur
#1262965 07.07.2026 14:26:45 : EVT PMIC : PMIC Fast-charge constant cur
#1262966 07.07.2026 14:26:45 : EVT PMIC : PMIC Fast-charge constant cur
#1262967 07.07.2026 14:26:45 : EVT PMIC : PMIC Precharge
#1262968 07.07.2026 14:26:45 : EVT PMIC : PMIC Fast-charge constant cur
#1262969 07.07.2026 14:26:45 : EVT PMIC : PMIC Precharge
#1262970 07.07.2026 14:26:45 : EVT PMIC : PMIC Fast-charge constant cur
#1262971 07.07.2026 14:26:45 : EVT PMIC : PMIC Precharge
#1262972 07.07.2026 14:26:45 : EVT PMIC : PMIC Fast-charge constant cur
#1262973 07.07.2026 14:26:45 : EVT PMIC : PMIC Fast-charge constant cur
#1262974 07.07.2026 14:26:45 : EVT PMIC : PMIC Fast-charge constant cur
#1262975 07.07.2026 14:26:45 : EVT PMIC : PMIC Fast-charge constant cur
#1262976 07.07.2026 14:26:46 : EVT WIFI : APs scanned:9
#1262977 07.07.2026 14:26:46 : EVT PMIC : PMIC Fast-charge constant cur
#1262978 07.07.2026 14:26:46 : WRN WIFI : No APs matched to connect
#1262979 07.07.2026 14:26:46 : EVT WIFI : Internal connect ret:103
#1262980 07.07.2026 14:26:46 : ERR <Unknown> : DL GET resultCode=500
#1262981 07.07.2026 14:26:46 : EVT <Unknown> : DL try retry after 900000 ms
#1262982 07.07.2026 14:26:46 : EVT PMIC : PMIC Maintain charge
#1262983 07.07.2026 14:26:46 : EVT PMIC : PMIC Fast-charge constant cur
#1262984 07.07.2026 14:26:46 : EVT PMIC : PMIC Fast-charge constant cur
#1262985 07.07.2026 14:26:46 : EVT PMIC : PMIC Fast-charge constant cur
#1262986 07.07.2026 14:26:46 : EVT PMIC : PMIC Fast-charge constant cur
#1262987 07.07.2026 14:26:47 : EVT PMIC : PMIC Fast-charge constant cur
#1262988 07.07.2026 14:26:48 : EVT PMIC : PMIC Fast-charge constant cur
#1262989 07.07.2026 14:26:49 : EVT PMIC : PMIC Fast-charge constant cur
#1262990 07.07.2026 14:26:50 : EVT PMIC : PMIC Fast-charge constant cur
#1262991 07.07.2026 14:26:50 : EVT PMIC : PMIC Fast-charge constant cur
#1262992 07.07.2026 14:26:50 : EVT PMIC : PMIC Fast-charge constant cur
#1262993 07.07.2026 14:26:52 : EVT PMIC : PMIC Maintain charge
#1262994 07.07.2026 14:26:53 : EVT PMIC : PMIC Fast-charge constant cur
#1262995 07.07.2026 14:26:53 : EVT PMIC : PMIC Fast-charge constant cur
#1262996 07.07.2026 14:26:53 : EVT PMIC : PMIC Maintain charge
#1262997 07.07.2026 14:26:54 : EVT PMIC : PMIC Fast-charge constant cur
#1262998 07.07.2026 14:26:55 : EVT PMIC : PMIC Precharge
#1262999 07.07.2026 14:26:55 : EVT PMIC : PMIC Fast-charge constant cur
#1263000 07.07.2026 14:26:55 : EVT PMIC : PMIC Maintain charge
#1263001 07.07.2026 14:26:55 : EVT PMIC : PMIC Fast-charge constant cur
#1263002 07.07.2026 14:26:56 : EVT PMIC : PMIC Fast-charge constant cur
#1263003 07.07.2026 14:26:56 : EVT PMIC : PMIC Fast-charge constant cur
#1263004 07.07.2026 14:26:57 : EVT PMIC : PMIC Fast-charge constant cur
#1263005 07.07.2026 14:26:59 : EVT PMIC : PMIC Fast-charge constant cur
#1263006 07.07.2026 14:26:59 : EVT WIFI : Pwr down idle wifi (TO:13se)
#1263007 07.07.2026 14:26:59 : EVT WIFI : pwr down OK
#1263008 07.07.2026 14:27:02 : EVT PMIC : PMIC Maintain charge
#1263009 07.07.2026 14:27:04 : EVT PMIC : PMIC Fast-charge constant cur
#1263010 07.07.2026 14:27:05 : EVT PMIC : PMIC Maintain charge
#1263011 07.07.2026 14:28:04 : EVT PMIC : PMIC Fast-charge constant cur
#1263012 07.07.2026 14:28:04 : EVT PMIC : PMIC Maintain charge
#1263013 07.07.2026 14:29:04 : EVT PMIC : PMIC Fast-charge constant cur
#1263014 07.07.2026 14:29:10 : EVT PMIC : PMIC Maintain charge
#1263015 07.07.2026 14:30:04 : EVT PMIC : PMIC Fast-charge constant cur
#1263016 07.07.2026 14:30:09 : EVT PMIC : PMIC Maintain charge
#1263017 07.07.2026 14:31:05 : EVT PMIC : PMIC Fast-charge constant cur
#1263018 07.07.2026 14:31:07 : EVT PMIC : PMIC Maintain charge
#1263019 07.07.2026 14:32:05 : EVT PMIC : PMIC Fast-charge constant cur
#1263020 07.07.2026 14:32:12 : EVT PMIC : PMIC Maintain charge
#1263021 07.07.2026 14:33:05 : EVT PMIC : PMIC Fast-charge constant cur
#1263022 07.07.2026 14:33:12 : EVT PMIC : PMIC Maintain charge
#1263023 07.07.2026 14:33:52 : EVT PMIC : PMIC Fast-charge constant cur
#1263024 07.07.2026 14:33:52 : EVT PMIC : PMIC Fast-charge constant cur
#1263025 07.07.2026 14:33:52 : EVT PMIC : PMIC Fast-charge constant cur
#1263026 07.07.2026 14:33:52 : EVT PMIC : PMIC Fast-charge constant cur
#1263027 07.07.2026 14:33:52 : EVT PMIC : PMIC Fast-charge constant cur
#1263028 07.07.2026 14:33:52 : EVT PMIC : PMIC Fast-charge constant cur
#1263029 07.07.2026 14:33:52 : EVT PMIC : PMIC Fast-charge constant cur
#1263030 07.07.2026 14:33:52 : EVT PMIC : PMIC Fast-charge constant cur
#1263031 07.07.2026 14:33:52 : EVT PMIC : PMIC Fast-charge constant cur
#1263032 07.07.2026 14:33:52 : EVT PMIC : PMIC Fast-charge constant cur
#1263033 07.07.2026 14:33:52 : EVT PMIC : PMIC Fast-charge constant cur
#1263034 07.07.2026 14:33:52 : EVT PMIC : PMIC Precharge
#1263035 07.07.2026 14:33:52 : EVT PMIC : PMIC Fast-charge constant cur
#1263036 07.07.2026 14:33:52 : EVT PMIC : PMIC Fast-charge constant cur
#1263037 07.07.2026 14:33:52 : EVT PMIC : PMIC Fast-charge constant cur
#1263038 07.07.2026 14:33:52 : EVT PMIC : PMIC Fast-charge constant cur
#1263039 07.07.2026 14:33:53 : EVT PMIC : PMIC Fast-charge constant cur
#1263040 07.07.2026 14:33:53 : EVT PMIC : PMIC Fast-charge constant cur
#1263041 07.07.2026 14:33:53 : EVT PMIC : PMIC Fast-charge constant cur
#1263042 07.07.2026 14:33:53 : EVT PMIC : PMIC Fast-charge constant cur
#1263043 07.07.2026 14:33:53 : EVT PMIC : PMIC Precharge
#1263044 07.07.2026 14:33:53 : EVT PMIC : PMIC Fast-charge constant cur
#1263045 07.07.2026 14:33:53 : EVT PMIC : PMIC Fast-charge constant cur
#1263046 07.07.2026 14:33:53 : EVT PMIC : PMIC Fast-charge constant cur
#1263047 07.07.2026 14:33:53 : EVT PMIC : PMIC Fast-charge constant cur
#1263048 07.07.2026 14:33:53 : EVT PMIC : PMIC Fast-charge constant cur
#1263049 07.07.2026 14:33:53 : EVT PMIC : PMIC Fast-charge constant cur
#1263050 07.07.2026 14:33:53 : EVT PMIC : PMIC Fast-charge constant cur
#1263051 07.07.2026 14:33:53 : EVT PMIC : PMIC Fast-charge constant cur
#1263052 07.07.2026 14:33:53 : EVT PMIC : PMIC Fast-charge constant cur
#1263053 07.07.2026 14:33:53 : EVT PMIC : PMIC Fast-charge constant cur
#1263054 07.07.2026 14:33:53 : EVT PMIC : PMIC Fast-charge constant cur
#1263055 07.07.2026 14:33:53 : EVT PMIC : PMIC Fast-charge constant cur
#1263056 07.07.2026 14:33:53 : EVT PMIC : PMIC Fast-charge constant cur
#1263057 07.07.2026 14:33:53 : EVT PMIC : PMIC Fast-charge constant cur
#1263058 07.07.2026 14:33:53 : EVT PMIC : PMIC Fast-charge constant cur
#1263059 07.07.2026 14:33:53 : EVT PMIC : PMIC Fast-charge constant cur
#1263060 07.07.2026 14:33:53 : EVT PMIC : PMIC Precharge
#1263061 07.07.2026 14:33:53 : EVT PMIC : PMIC Fast-charge constant cur
#1263062 07.07.2026 14:33:53 : EVT PMIC : PMIC Fast-charge constant cur
#1263063 07.07.2026 14:33:53 : EVT PMIC : PMIC Fast-charge constant cur
#1263064 07.07.2026 14:33:53 : EVT PMIC : PMIC Fast-charge constant cur
#1263065 07.07.2026 14:33:53 : EVT PMIC : PMIC Fast-charge constant cur
#1263066 07.07.2026 14:33:53 : EVT PMIC : PMIC Fast-charge constant cur
#1263067 07.07.2026 14:33:53 : EVT PMIC : PMIC Fast-charge constant cur
#1263068 07.07.2026 14:33:53 : EVT PMIC : PMIC Fast-charge constant cur
#1263069 07.07.2026 14:33:53 : EVT PMIC : PMIC Fast-charge constant cur
#1263070 07.07.2026 14:33:53 : EVT PMIC : PMIC Precharge
#1263071 07.07.2026 14:33:53 : EVT PMIC : PMIC Fast-charge constant cur
#1263072 07.07.2026 14:33:53 : EVT PMIC : PMIC Fast-charge constant cur
#1263073 07.07.2026 14:33:53 : EVT PMIC : PMIC Fast-charge constant cur
#1263074 07.07.2026 14:33:53 : EVT PMIC : PMIC Fast-charge constant cur
#1263075 07.07.2026 14:33:53 : EVT PMIC : PMIC Precharge
#1263076 07.07.2026 14:33:53 : EVT PMIC : PMIC Fast-charge constant cur
#1263077 07.07.2026 14:33:53 : EVT PMIC : PMIC Fast-charge constant cur
#1263078 07.07.2026 14:33:53 : EVT PMIC : PMIC Fast-charge constant cur
#1263079 07.07.2026 14:33:53 : EVT PMIC : PMIC Fast-charge constant cur
#1263080 07.07.2026 14:33:53 : EVT PMIC : PMIC Fast-charge constant cur
#1263081 07.07.2026 14:33:53 : EVT PMIC : PMIC Fast-charge constant cur
#1263082 07.07.2026 14:33:53 : EVT PMIC : PMIC Fast-charge constant cur
#1263083 07.07.2026 14:33:53 : EVT PMIC : PMIC Fast-charge constant cur
#1263084 07.07.2026 14:33:53 : EVT PMIC : PMIC Fast-charge constant cur
#1263085 07.07.2026 14:33:53 : EVT PMIC : PMIC Precharge
#1263086 07.07.2026 14:33:53 : EVT PMIC : PMIC Fast-charge constant cur
#1263087 07.07.2026 14:33:53 : EVT PMIC : PMIC Fast-charge constant cur
#1263088 07.07.2026 14:33:53 : EVT PMIC : PMIC Fast-charge constant cur
#1263089 07.07.2026 14:33:53 : EVT PMIC : PMIC Fast-charge constant cur
#1263090 07.07.2026 14:33:53 : EVT PMIC : PMIC Fast-charge constant cur
#1263091 07.07.2026 14:33:53 : EVT PMIC : PMIC Fast-charge constant cur
#1263092 07.07.2026 14:33:53 : EVT PMIC : PMIC Fast-charge constant cur
#1263093 07.07.2026 14:33:53 : EVT PMIC : PMIC Fast-charge constant cur
#1263094 07.07.2026 14:33:53 : EVT PMIC : PMIC Precharge
#1263095 07.07.2026 14:33:53 : EVT PMIC : PMIC Fast-charge constant cur
#1263096 07.07.2026 14:33:53 : EVT PMIC : PMIC Fast-charge constant cur
#1263097 07.07.2026 14:33:53 : EVT PMIC : PMIC Fast-charge constant cur
#1263098 07.07.2026 14:33:53 : EVT PMIC : PMIC Fast-charge constant cur
#1263099 07.07.2026 14:33:53 : EVT PMIC : PMIC Fast-charge constant cur
#1263100 07.07.2026 14:33:53 : EVT PMIC : PMIC Fast-charge constant cur
#1263101 07.07.2026 14:33:53 : EVT PMIC : PMIC Fast-charge constant cur
#1263102 07.07.2026 14:33:53 : EVT PMIC : PMIC Fast-charge constant cur
#1263103 07.07.2026 14:33:53 : EVT PMIC : PMIC Fast-charge constant cur
#1263104 07.07.2026 14:33:53 : EVT PMIC : PMIC Fast-charge constant cur
#1263105 07.07.2026 14:33:53 : EVT PMIC : PMIC Fast-charge constant cur
#1263106 07.07.2026 14:33:53 : EVT PMIC : PMIC Precharge
#1263107 07.07.2026 14:33:53 : EVT PMIC : PMIC Fast-charge constant cur
#1263108 07.07.2026 14:33:53 : EVT PMIC : PMIC Fast-charge constant cur
#1263109 07.07.2026 14:33:53 : EVT PMIC : PMIC Fast-charge constant cur
#1263110 07.07.2026 14:33:53 : EVT PMIC : PMIC Fast-charge constant cur
#1263111 07.07.2026 14:33:53 : EVT PMIC : PMIC Fast-charge constant cur
#1263112 07.07.2026 14:33:53 : EVT PMIC : PMIC Fast-charge constant cur
#1263113 07.07.2026 14:33:53 : EVT PMIC : PMIC Fast-charge constant cur
#1263114 07.07.2026 14:33:53 : EVT PMIC : PMIC Fast-charge constant cur
#1263115 07.07.2026 14:33:53 : EVT PMIC : PMIC Precharge
#1263116 07.07.2026 14:33:53 : EVT PMIC : PMIC Fast-charge constant cur
#1263117 07.07.2026 14:33:53 : EVT PMIC : PMIC Fast-charge constant cur
#1263118 07.07.2026 14:33:53 : EVT PMIC : PMIC Fast-charge constant cur
#1263119 07.07.2026 14:33:53 : EVT PMIC : PMIC Fast-charge constant cur
#1263120 07.07.2026 14:33:53 : EVT PMIC : PMIC Fast-charge constant cur
#1263121 07.07.2026 14:33:53 : EVT PMIC : PMIC Fast-charge constant cur
#1263122 07.07.2026 14:33:53 : EVT PMIC : PMIC Fast-charge constant cur
#1263123 07.07.2026 14:33:53 : EVT PMIC : PMIC Fast-charge constant cur
#1263124 07.07.2026 14:33:53 : EVT PMIC : PMIC Fast-charge constant cur
#1263125 07.07.2026 14:33:53 : EVT PMIC : PMIC Fast-charge constant cur
#1263126 07.07.2026 14:33:53 : EVT PMIC : PMIC Fast-charge constant cur
#1263127 07.07.2026 14:33:53 : EVT PMIC : PMIC Fast-charge constant cur
#1263128 07.07.2026 14:33:53 : EVT PMIC : PMIC Fast-charge constant cur
#1263129 07.07.2026 14:33:53 : EVT PMIC : PMIC Precharge
#1263130 07.07.2026 14:33:53 : EVT PMIC : PMIC Fast-charge constant cur
#1263131 07.07.2026 14:33:53 : EVT PMIC : PMIC Precharge
#1263132 07.07.2026 14:33:53 : EVT PMIC : PMIC Fast-charge constant cur
#1263133 07.07.2026 14:33:53 : EVT PMIC : PMIC Fast-charge constant cur
#1263134 07.07.2026 14:33:53 : EVT PMIC : PMIC Fast-charge constant cur
#1263135 07.07.2026 14:33:53 : EVT PMIC : PMIC Fast-charge constant cur
#1263136 07.07.2026 14:33:53 : EVT PMIC : PMIC Fast-charge constant cur
#1263137 07.07.2026 14:33:53 : EVT PMIC : PMIC Fast-charge constant cur
#1263138 07.07.2026 14:33:53 : EVT PMIC : PMIC Fast-charge constant cur
#1263139 07.07.2026 14:33:53 : EVT PMIC : PMIC Fast-charge constant cur
#1263140 07.07.2026 14:33:53 : EVT PMIC : PMIC Precharge
#1263141 07.07.2026 14:33:53 : EVT PMIC : PMIC Fast-charge constant cur
#1263142 07.07.2026 14:33:53 : EVT PMIC : PMIC Fast-charge constant cur
#1263143 07.07.2026 14:33:53 : EVT PMIC : PMIC Fast-charge constant cur
#1263144 07.07.2026 14:33:53 : EVT PMIC : PMIC Fast-charge constant cur
#1263145 07.07.2026 14:33:53 : EVT PMIC : PMIC Fast-charge constant cur
#1263146 07.07.2026 14:33:53 : EVT PMIC : PMIC Fast-charge constant cur
#1263147 07.07.2026 14:33:53 : EVT PMIC : PMIC Fast-charge constant cur
#1263148 07.07.2026 14:33:53 : EVT PMIC : PMIC Fast-charge constant cur
#1263149 07.07.2026 14:33:53 : EVT PMIC : PMIC Fast-charge constant cur
#1263150 07.07.2026 14:33:53 : EVT PMIC : PMIC Fast-charge constant cur
#1263151 07.07.2026 14:33:53 : EVT PMIC : PMIC Fast-charge constant cur
#1263152 07.07.2026 14:33:53 : EVT PMIC : PMIC Fast-charge constant cur
#1263153 07.07.2026 14:33:53 : EVT PMIC : PMIC Fast-charge constant cur
#1263154 07.07.2026 14:33:53 : EVT PMIC : PMIC Precharge
#1263155 07.07.2026 14:33:53 : EVT PMIC : PMIC Fast-charge constant cur
#1263156 07.07.2026 14:33:53 : EVT APPLICATION : Plugin climbl01.zip as type:[2]
#1263157 07.07.2026 14:33:54 : EVT PMIC : PMIC Fast-charge constant cur
#1263158 07.07.2026 14:33:54 : EVT PMIC : PMIC Fast-charge constant cur
#1263159 07.07.2026 14:33:54 : EVT PMIC : PMIC Fast-charge constant cur
#1263160 07.07.2026 14:33:54 : EVT PMIC : PMIC Fast-charge constant cur
#1263161 07.07.2026 14:33:54 : EVT PMIC : PMIC Fast-charge constant cur
#1263162 07.07.2026 14:33:54 : EVT PMIC : PMIC Fast-charge constant cur
#1263163 07.07.2026 14:33:54 : EVT PMIC : PMIC Fast-charge constant cur
#1263164 07.07.2026 14:33:54 : EVT PMIC : PMIC Fast-charge constant cur
#1263165 07.07.2026 14:33:54 : EVT PMIC : PMIC Fast-charge constant cur
#1263166 07.07.2026 14:33:54 : EVT PMIC : PMIC Fast-charge constant cur
#1263167 07.07.2026 14:33:54 : EVT PMIC : PMIC Fast-charge constant cur
#1263168 07.07.2026 14:33:54 : EVT PMIC : PMIC Fast-charge constant cur
#1263169 07.07.2026 14:33:54 : EVT PMIC : PMIC Fast-charge constant cur
#1263170 07.07.2026 14:33:54 : EVT PMIC : PMIC Fast-charge constant cur
#1263171 07.07.2026 14:33:54 : EVT PMIC : PMIC Fast-charge constant cur
#1263172 07.07.2026 14:33:54 : EVT PMIC : PMIC Fast-charge constant cur
#1263173 07.07.2026 14:33:54 : EVT PMIC : PMIC Fast-charge constant cur
#1263174 07.07.2026 14:33:54 : EVT PMIC : PMIC Fast-charge constant cur
#1263175 07.07.2026 14:33:54 : EVT PMIC : PMIC Fast-charge constant cur
#1263176 07.07.2026 14:33:54 : EVT PMIC : PMIC Fast-charge constant cur
#1263177 07.07.2026 14:33:54 : EVT PMIC : PMIC Fast-charge constant cur
#1263178 07.07.2026 14:33:54 : EVT PMIC : PMIC Fast-charge constant cur
#1263179 07.07.2026 14:33:54 : EVT PMIC : PMIC Fast-charge constant cur
#1263180 07.07.2026 14:33:54 : EVT PMIC : PMIC Fast-charge constant cur
#1263181 07.07.2026 14:33:54 : EVT PMIC : PMIC Fast-charge constant cur
#1263182 07.07.2026 14:33:54 : EVT PMIC : PMIC Precharge
#1263183 07.07.2026 14:33:54 : EVT PMIC : PMIC Fast-charge constant cur
#1263184 07.07.2026 14:33:54 : EVT PMIC : PMIC Fast-charge constant cur
#1263185 07.07.2026 14:33:54 : EVT PMIC : PMIC Precharge
#1263186 07.07.2026 14:33:54 : EVT PMIC : PMIC Fast-charge constant cur
#1263187 07.07.2026 14:33:54 : EVT PMIC : PMIC Fast-charge constant cur
#1263188 07.07.2026 14:33:54 : EVT PMIC : PMIC Fast-charge constant cur
#1263189 07.07.2026 14:33:54 : EVT PMIC : PMIC Fast-charge constant cur
#1263190 07.07.2026 14:33:54 : EVT PMIC : PMIC Fast-charge constant cur
#1263191 07.07.2026 14:33:54 : EVT PMIC : PMIC Fast-charge constant cur
#1263192 07.07.2026 14:33:54 : EVT PMIC : PMIC Fast-charge constant cur
#1263193 07.07.2026 14:33:54 : EVT PMIC : PMIC Fast-charge constant cur
#1263194 07.07.2026 14:33:54 : EVT PMIC : PMIC Precharge
#1263195 07.07.2026 14:33:54 : EVT PMIC : PMIC Fast-charge constant cur
#1263196 07.07.2026 14:33:54 : EVT PMIC : PMIC Fast-charge constant cur
#1263197 07.07.2026 14:33:54 : EVT PMIC : PMIC Fast-charge constant cur
#1263198 07.07.2026 14:33:54 : EVT PMIC : PMIC Fast-charge constant cur
#1263199 07.07.2026 14:33:54 : EVT PMIC : PMIC Fast-charge constant cur
#1263200 07.07.2026 14:33:54 : EVT PMIC : PMIC Fast-charge constant cur
#1263201 07.07.2026 14:33:54 : EVT PMIC : PMIC Fast-charge constant cur
#1263202 07.07.2026 14:33:54 : EVT PMIC : PMIC Fast-charge constant cur
#1263203 07.07.2026 14:33:54 : EVT PMIC : PMIC Fast-charge constant cur
#1263204 07.07.2026 14:33:54 : EVT PMIC : PMIC Fast-charge constant cur
#1263205 07.07.2026 14:33:54 : EVT PMIC : PMIC Fast-charge constant cur
#1263206 07.07.2026 14:33:54 : EVT PMIC : PMIC Fast-charge constant cur
#1263207 07.07.2026 14:33:54 : EVT PMIC : PMIC Precharge
#1263208 07.07.2026 14:33:54 : EVT PMIC : PMIC Fast-charge constant cur
#1263209 07.07.2026 14:33:54 : EVT PMIC : PMIC Fast-charge constant cur
#1263210 07.07.2026 14:33:54 : EVT PMIC : PMIC Fast-charge constant cur
#1263211 07.07.2026 14:33:54 : EVT PMIC : PMIC Precharge
#1263212 07.07.2026 14:33:54 : EVT PMIC : PMIC Fast-charge constant cur
#1263213 07.07.2026 14:33:54 : EVT PMIC : PMIC Fast-charge constant cur
#1263214 07.07.2026 14:33:54 : EVT PMIC : PMIC Fast-charge constant cur
#1263215 07.07.2026 14:33:54 : EVT PMIC : PMIC Fast-charge constant cur
#1263216 07.07.2026 14:33:54 : EVT PMIC : PMIC Fast-charge constant cur
#1263217 07.07.2026 14:33:54 : EVT PMIC : PMIC Fast-charge constant cur
#1263218 07.07.2026 14:33:54 : EVT PMIC : PMIC Fast-charge constant cur
#1263219 07.07.2026 14:33:54 : EVT PMIC : PMIC Fast-charge constant cur
#1263220 07.07.2026 14:33:54 : EVT PMIC : PMIC Fast-charge constant cur
#1263221 07.07.2026 14:33:54 : EVT PMIC : PMIC Fast-charge constant cur
#1263222 07.07.2026 14:33:54 : EVT PMIC : PMIC Fast-charge constant cur
#1263223 07.07.2026 14:33:54 : EVT PMIC : PMIC Precharge
#1263224 07.07.2026 14:33:54 : EVT PMIC : PMIC Fast-charge constant cur
#1263225 07.07.2026 14:33:54 : EVT PMIC : PMIC Precharge
#1263226 07.07.2026 14:33:54 : EVT PMIC : PMIC Fast-charge constant cur
#1263227 07.07.2026 14:33:54 : EVT PMIC : PMIC Precharge
#1263228 07.07.2026 14:33:54 : EVT PMIC : PMIC Fast-charge constant cur
#1263229 07.07.2026 14:33:54 : EVT PMIC : PMIC Fast-charge constant cur
#1263230 07.07.2026 14:33:54 : EVT PMIC : PMIC Fast-charge constant cur
#1263231 07.07.2026 14:33:54 : EVT PMIC : PMIC Fast-charge constant cur
#1263232 07.07.2026 14:33:54 : EVT PMIC : PMIC Fast-charge constant cur
#1263233 07.07.2026 14:33:54 : EVT PMIC : PMIC Fast-charge constant cur
#1263234 07.07.2026 14:33:54 : EVT PMIC : PMIC Fast-charge constant cur
#1263235 07.07.2026 14:33:54 : EVT PMIC : PMIC Fast-charge constant cur
#1263236 07.07.2026 14:33:54 : EVT PMIC : PMIC Fast-charge constant cur
#1263237 07.07.2026 14:33:54 : EVT PMIC : PMIC Fast-charge constant cur
#1263238 07.07.2026 14:33:54 : EVT PMIC : PMIC Precharge
#1263239 07.07.2026 14:33:54 : EVT PMIC : PMIC Fast-charge constant cur
#1263240 07.07.2026 14:33:54 : EVT PMIC : PMIC Precharge
#1263241 07.07.2026 14:33:54 : EVT PMIC : PMIC Fast-charge constant cur
#1263242 07.07.2026 14:33:54 : EVT PMIC : PMIC Fast-charge constant cur
#1263243 07.07.2026 14:33:54 : EVT PMIC : PMIC Fast-charge constant cur
#1263244 07.07.2026 14:33:54 : EVT PMIC : PMIC Fast-charge constant cur
#1263245 07.07.2026 14:33:54 : EVT PMIC : PMIC Fast-charge constant cur
#1263246 07.07.2026 14:33:54 : EVT PMIC : PMIC Fast-charge constant cur
#1263247 07.07.2026 14:33:54 : EVT PMIC : PMIC Fast-charge constant cur
#1263248 07.07.2026 14:33:54 : EVT PMIC : PMIC Fast-charge constant cur
#1263249 07.07.2026 14:33:54 : EVT PMIC : PMIC Fast-charge constant cur
#1263250 07.07.2026 14:33:54 : EVT PMIC : PMIC Fast-charge constant cur
#1263251 07.07.2026 14:33:54 : EVT PMIC : PMIC Fast-charge constant cur
#1263252 07.07.2026 14:33:54 : EVT PMIC : PMIC Fast-charge constant cur
#1263253 07.07.2026 14:33:54 : EVT PMIC : PMIC Fast-charge constant cur
#1263254 07.07.2026 14:33:54 : EVT PMIC : PMIC Fast-charge constant cur
#1263255 07.07.2026 14:33:54 : EVT PMIC : PMIC Fast-charge constant cur
#1263256 07.07.2026 14:33:54 : EVT PMIC : PMIC Precharge
#1263257 07.07.2026 14:33:54 : EVT PMIC : PMIC Fast-charge constant cur
#1263258 07.07.2026 14:33:54 : EVT PMIC : PMIC Precharge
#1263259 07.07.2026 14:33:54 : EVT PMIC : PMIC Fast-charge constant cur
#1263260 07.07.2026 14:33:54 : EVT PMIC : PMIC Precharge
#1263261 07.07.2026 14:33:54 : EVT PMIC : PMIC Fast-charge constant cur
#1263262 07.07.2026 14:33:54 : EVT PMIC : PMIC Fast-charge constant cur
#1263263 07.07.2026 14:33:54 : EVT PMIC : PMIC Fast-charge constant cur
#1263264 07.07.2026 14:33:54 : EVT PMIC : PMIC Fast-charge constant cur
#1263265 07.07.2026 14:33:54 : EVT PMIC : PMIC Fast-charge constant cur
#1263266 07.07.2026 14:33:54 : EVT PMIC : PMIC Precharge
#1263267 07.07.2026 14:33:54 : EVT PMIC : PMIC Fast-charge constant cur
#1263268 07.07.2026 14:33:54 : EVT PMIC : PMIC Precharge
#1263269 07.07.2026 14:33:54 : EVT PMIC : PMIC Fast-charge constant cur
#1263270 07.07.2026 14:33:54 : EVT PMIC : PMIC Fast-charge constant cur
#1263271 07.07.2026 14:33:54 : EVT PMIC : PMIC Fast-charge constant cur
#1263272 07.07.2026 14:33:54 : EVT PMIC : PMIC Fast-charge constant cur
#1263273 07.07.2026 14:33:54 : EVT PMIC : PMIC Fast-charge constant cur
#1263274 07.07.2026 14:33:54 : EVT PMIC : PMIC Fast-charge constant cur
#1263275 07.07.2026 14:33:54 : EVT PMIC : PMIC Fast-charge constant cur
#1263276 07.07.2026 14:33:54 : EVT PMIC : PMIC Fast-charge constant cur
#1263277 07.07.2026 14:33:54 : EVT PMIC : PMIC Fast-charge constant cur
#1263278 07.07.2026 14:33:54 : EVT PMIC : PMIC Fast-charge constant cur
#1263279 07.07.2026 14:33:55 : EVT PMIC : PMIC Fast-charge constant cur
#1263280 07.07.2026 14:33:55 : EVT PMIC : PMIC Fast-charge constant cur
#1263281 07.07.2026 14:33:55 : EVT PMIC : PMIC Fast-charge constant cur
#1263282 07.07.2026 14:33:55 : EVT PMIC : PMIC Fast-charge constant cur
#1263283 07.07.2026 14:33:55 : EVT PMIC : PMIC Fast-charge constant cur
#1263284 07.07.2026 14:33:55 : EVT PMIC : PMIC Fast-charge constant cur
#1263285 07.07.2026 14:33:55 : EVT PMIC : PMIC Fast-charge constant cur
#1263286 07.07.2026 14:33:55 : EVT PMIC : PMIC Fast-charge constant cur
#1263287 07.07.2026 14:33:55 : EVT PMIC : PMIC Fast-charge constant cur
#1263288 07.07.2026 14:33:55 : EVT PMIC : PMIC Fast-charge constant cur
#1263289 07.07.2026 14:33:55 : EVT PMIC : PMIC Fast-charge constant cur
#1263290 07.07.2026 14:33:55 : EVT PMIC : PMIC Fast-charge constant cur
#1263291 07.07.2026 14:33:55 : EVT PMIC : PMIC Fast-charge constant cur
#1263292 07.07.2026 14:33:55 : EVT PMIC : PMIC Fast-charge constant cur
#1263293 07.07.2026 14:33:55 : EVT PMIC : PMIC Fast-charge constant cur
#1263294 07.07.2026 14:33:55 : EVT PMIC : PMIC Fast-charge constant cur
#1263295 07.07.2026 14:33:55 : EVT PMIC : PMIC Fast-charge constant cur
#1263296 07.07.2026 14:33:55 : EVT PMIC : PMIC Fast-charge constant cur
#1263297 07.07.2026 14:33:55 : EVT PMIC : PMIC Fast-charge constant cur
#1263298 07.07.2026 14:33:55 : EVT PMIC : PMIC Fast-charge constant cur
#1263299 07.07.2026 14:33:55 : EVT PMIC : PMIC Fast-charge constant cur
#1263300 07.07.2026 14:33:55 : EVT PMIC : PMIC Fast-charge constant cur
#1263301 07.07.2026 14:33:55 : EVT PMIC : PMIC Fast-charge constant cur
#1263302 07.07.2026 14:33:55 : ERR WBMAIN : *0: app 1298 Event 36 80005310
#1263303 07.07.2026 14:33:55 : ERR WBMAIN : 1: mea 56 Wait 0 00000000
#1263304 07.07.2026 14:33:55 : ERR WBMAIN : 2: ui 363 Wait 0 00000000
#1263305 07.07.2026 14:33:55 : EVT PMIC : PMIC Fast-charge constant cur
#1263306 07.07.2026 14:33:55 : EVT PMIC : PMIC Fast-charge constant cur
#1263307 07.07.2026 14:33:55 : EVT PMIC : PMIC Fast-charge constant cur
#1263308 07.07.2026 14:33:55 : EVT PMIC : PMIC Fast-charge constant cur
#1263309 07.07.2026 14:33:55 : EVT PMIC : PMIC Fast-charge constant cur
#1263310 07.07.2026 14:33:55 : EVT PMIC : PMIC Fast-charge constant cur
#1263311 07.07.2026 14:33:55 : EVT PMIC : PMIC Fast-charge constant cur
#1263312 07.07.2026 14:33:55 : EVT PMIC : PMIC Fast-charge constant cur
#1263313 07.07.2026 14:33:55 : EVT PMIC : PMIC Fast-charge constant cur
#1263314 07.07.2026 14:33:55 : EVT PMIC : PMIC Fast-charge constant cur
#1263315 07.07.2026 14:33:55 : EVT PMIC : PMIC Fast-charge constant cur
#1263316 07.07.2026 14:33:55 : EVT PMIC : PMIC Fast-charge constant cur
#1263317 07.07.2026 14:33:55 : EVT PMIC : PMIC Fast-charge constant cur
#1263318 07.07.2026 14:33:55 : EVT PMIC : PMIC Fast-charge constant cur
#1263319 07.07.2026 14:33:55 : EVT PMIC : PMIC Fast-charge constant cur
#1263320 07.07.2026 14:33:55 : EVT PMIC : PMIC Fast-charge constant cur
#1263321 07.07.2026 14:33:55 : EVT PMIC : PMIC Fast-charge constant cur
#1263322 07.07.2026 14:33:55 : EVT PMIC : PMIC Fast-charge constant cur
#1263323 07.07.2026 14:33:55 : EVT PMIC : PMIC Fast-charge constant cur
#1263324 07.07.2026 14:33:55 : EVT PMIC : PMIC Fast-charge constant cur
#1263325 07.07.2026 14:33:55 : EVT PMIC : PMIC Fast-charge constant cur
#1263326 07.07.2026 14:33:55 : EVT PMIC : PMIC Fast-charge constant cur
#1263327 07.07.2026 14:33:55 : EVT PMIC : PMIC Fast-charge constant cur
#1263328 07.07.2026 14:33:55 : EVT PMIC : PMIC Fast-charge constant cur
#1263329 07.07.2026 14:33:55 : EVT PMIC : PMIC Fast-charge constant cur
#1263330 07.07.2026 14:33:55 : EVT PMIC : PMIC Fast-charge constant cur
#1263331 07.07.2026 14:33:55 : EVT PMIC : PMIC Fast-charge constant cur
#1263332 07.07.2026 14:33:55 : EVT PMIC : PMIC Fast-charge constant cur
#1263333 07.07.2026 14:33:55 : EVT PMIC : PMIC Fast-charge constant cur
#1263334 07.07.2026 14:33:55 : EVT PMIC : PMIC Fast-charge constant cur
#1263335 07.07.2026 14:33:55 : EVT PMIC : PMIC Fast-charge constant cur
#1263336 07.07.2026 14:33:55 : EVT PMIC : PMIC Fast-charge constant cur
#1263337 07.07.2026 14:33:55 : EVT PMIC : PMIC Precharge
#1263338 07.07.2026 14:33:55 : EVT PMIC : PMIC Fast-charge constant cur
#1263339 07.07.2026 14:33:55 : EVT PMIC : PMIC Fast-charge constant cur
#1263340 07.07.2026 14:33:55 : EVT PMIC : PMIC Fast-charge constant cur
#1263341 07.07.2026 14:33:55 : EVT PMIC : PMIC Fast-charge constant cur
#1263342 07.07.2026 14:33:55 : EVT PMIC : PMIC Fast-charge constant cur
#1263343 07.07.2026 14:33:55 : EVT PMIC : PMIC Fast-charge constant cur
#1263344 07.07.2026 14:33:55 : EVT PMIC : PMIC Fast-charge constant cur
#1263345 07.07.2026 14:33:55 : EVT PMIC : PMIC Fast-charge constant cur
#1263346 07.07.2026 14:33:55 : EVT PMIC : PMIC Precharge
#1263347 07.07.2026 14:33:55 : EVT PMIC : PMIC Fast-charge constant cur
#1263348 07.07.2026 14:33:55 : EVT PMIC : PMIC Fast-charge constant cur
#1263349 07.07.2026 14:33:55 : EVT PMIC : PMIC Fast-charge constant cur
#1263350 07.07.2026 14:33:55 : EVT PMIC : PMIC Fast-charge constant cur
#1263351 07.07.2026 14:33:55 : EVT PMIC : PMIC Fast-charge constant cur
#1263352 07.07.2026 14:33:55 : EVT PMIC : PMIC Fast-charge constant cur
#1263353 07.07.2026 14:33:55 : EVT PMIC : PMIC Fast-charge constant cur
#1263354 07.07.2026 14:33:55 : EVT PMIC : PMIC Fast-charge constant cur
#1263355 07.07.2026 14:33:55 : EVT PMIC : PMIC Fast-charge constant cur
#1263356 07.07.2026 14:33:55 : EVT PMIC : PMIC Fast-charge constant cur
#1263357 07.07.2026 14:33:55 : EVT PMIC : PMIC Fast-charge constant cur
#1263358 07.07.2026 14:33:55 : EVT PMIC : PMIC Fast-charge constant cur
#1263359 07.07.2026 14:33:55 : EVT PMIC : PMIC Fast-charge constant cur
#1263360 07.07.2026 14:33:55 : EVT PMIC : PMIC Fast-charge constant cur
#1263361 07.07.2026 14:33:55 : EVT PMIC : PMIC Fast-charge constant cur
#1263362 07.07.2026 14:33:55 : EVT PMIC : PMIC Fast-charge constant cur
#1263363 07.07.2026 14:33:55 : EVT PMIC : PMIC Fast-charge constant cur
#1263364 07.07.2026 14:33:55 : EVT PMIC : PMIC Fast-charge constant cur
#1263365 07.07.2026 14:33:56 : EVT ANALYTICS : Sync start
#1263366 07.07.2026 14:33:56 : EVT PMIC : PMIC Fast-charge constant cur
#1263367 07.07.2026 14:33:56 : EVT PMIC : PMIC Fast-charge constant cur
#1263368 07.07.2026 14:33:56 : EVT PMIC : PMIC Fast-charge constant cur
#1263369 07.07.2026 14:33:56 : EVT PMIC : PMIC Fast-charge constant cur
#1263370 07.07.2026 14:33:56 : EVT PMIC : PMIC Precharge
#1263371 07.07.2026 14:33:56 : EVT PMIC : PMIC Fast-charge constant cur
#1263372 07.07.2026 14:33:56 : EVT PMIC : PMIC Fast-charge constant cur
#1263373 07.07.2026 14:33:56 : EVT PMIC : PMIC Fast-charge constant cur
#1263374 07.07.2026 14:33:56 : EVT PMIC : PMIC Fast-charge constant cur
#1263375 07.07.2026 14:33:56 : EVT PMIC : PMIC Fast-charge constant cur
#1263376 07.07.2026 14:33:56 : EVT PMIC : PMIC Fast-charge constant cur
#1263377 07.07.2026 14:33:56 : EVT PMIC : PMIC Fast-charge constant cur
#1263378 07.07.2026 14:33:56 : EVT PMIC : PMIC Fast-charge constant cur
#1263379 07.07.2026 14:33:56 : EVT PMIC : PMIC Fast-charge constant cur
#1263380 07.07.2026 14:33:56 : EVT PMIC : PMIC Fast-charge constant cur
#1263381 07.07.2026 14:33:56 : EVT PMIC : PMIC Fast-charge constant cur
#1263382 07.07.2026 14:33:56 : EVT PMIC : PMIC Precharge
#1263383 07.07.2026 14:33:56 : EVT PMIC : PMIC Fast-charge constant cur
#1263384 07.07.2026 14:33:56 : EVT PMIC : PMIC Fast-charge constant cur
#1263385 07.07.2026 14:33:56 : EVT PMIC : PMIC Fast-charge constant cur
#1263386 07.07.2026 14:33:56 : EVT PMIC : PMIC Fast-charge constant cur
#1263387 07.07.2026 14:33:56 : EVT PMIC : PMIC Fast-charge constant cur
#1263388 07.07.2026 14:33:56 : EVT PMIC : PMIC Fast-charge constant cur
#1263389 07.07.2026 14:33:56 : EVT PMIC : PMIC Fast-charge constant cur
#1263390 07.07.2026 14:33:56 : EVT PMIC : PMIC Fast-charge constant cur
#1263391 07.07.2026 14:33:56 : EVT PMIC : PMIC Fast-charge constant cur
#1263392 07.07.2026 14:33:56 : EVT PMIC : PMIC Fast-charge constant cur
#1263393 07.07.2026 14:33:56 : EVT PMIC : PMIC Fast-charge constant cur
#1263394 07.07.2026 14:33:56 : EVT PMIC : PMIC Fast-charge constant cur
#1263395 07.07.2026 14:33:56 : EVT PMIC : PMIC Fast-charge constant cur
#1263396 07.07.2026 14:33:56 : EVT PMIC : PMIC Fast-charge constant cur
#1263397 07.07.2026 14:33:56 : EVT PMIC : PMIC Fast-charge constant cur
#1263398 07.07.2026 14:33:56 : EVT ANALYTICS : Sync start
#1263399 07.07.2026 14:33:56 : EVT PMIC : PMIC Fast-charge constant cur
#1263400 07.07.2026 14:33:56 : EVT PMIC : PMIC Fast-charge constant cur
#1263401 07.07.2026 14:33:56 : EVT PMIC : PMIC Fast-charge constant cur
#1263402 07.07.2026 14:33:56 : EVT PMIC : PMIC Fast-charge constant cur
#1263403 07.07.2026 14:33:56 : EVT PMIC : PMIC Fast-charge constant cur
#1263404 07.07.2026 14:33:56 : EVT PMIC : PMIC Fast-charge constant cur
#1263405 07.07.2026 14:33:56 : EVT PMIC : PMIC Fast-charge constant cur
#1263406 07.07.2026 14:33:56 : EVT PMIC : PMIC Fast-charge constant cur
#1263407 07.07.2026 14:33:56 : EVT PMIC : PMIC Fast-charge constant cur
#1263408 07.07.2026 14:33:56 : EVT PMIC : PMIC Fast-charge constant cur
#1263409 07.07.2026 14:33:56 : EVT PMIC : PMIC Fast-charge constant cur
#1263410 07.07.2026 14:33:56 : EVT PMIC : PMIC Fast-charge constant cur
#1263411 07.07.2026 14:33:56 : EVT PMIC : PMIC Fast-charge constant cur
#1263412 07.07.2026 14:33:56 : EVT PMIC : PMIC Fast-charge constant cur
#1263413 07.07.2026 14:33:56 : EVT PMIC : PMIC Fast-charge constant cur
#1263414 07.07.2026 14:33:56 : EVT PMIC : PMIC Precharge
#1263415 07.07.2026 14:33:56 : EVT PMIC : PMIC Fast-charge constant cur
#1263416 07.07.2026 14:33:56 : EVT PMIC : PMIC Fast-charge constant cur
#1263417 07.07.2026 14:33:56 : EVT PMIC : PMIC Fast-charge constant cur
#1263418 07.07.2026 14:33:56 : EVT PMIC : PMIC Fast-charge constant cur
#1263419 07.07.2026 14:33:56 : EVT PMIC : PMIC Precharge
#1263420 07.07.2026 14:33:56 : EVT PMIC : PMIC Fast-charge constant cur
#1263421 07.07.2026 14:33:56 : EVT PMIC : PMIC Fast-charge constant cur
#1263422 07.07.2026 14:33:56 : EVT PMIC : PMIC Fast-charge constant cur
#1263423 07.07.2026 14:33:56 : EVT PMIC : PMIC Fast-charge constant cur
#1263424 07.07.2026 14:33:56 : EVT PMIC : PMIC Fast-charge constant cur
#1263425 07.07.2026 14:33:56 : EVT PMIC : PMIC Fast-charge constant cur
#1263426 07.07.2026 14:33:56 : EVT PMIC : PMIC Fast-charge constant cur
#1263427 07.07.2026 14:33:56 : EVT PMIC : PMIC Fast-charge constant cur
#1263428 07.07.2026 14:33:56 : EVT PMIC : PMIC Fast-charge constant cur
#1263429 07.07.2026 14:33:56 : EVT PMIC : PMIC Fast-charge constant cur
#1263430 07.07.2026 14:33:56 : EVT PMIC : PMIC Fast-charge constant cur
#1263431 07.07.2026 14:33:56 : EVT PMIC : PMIC Fast-charge constant cur
#1263432 07.07.2026 14:33:56 : EVT PMIC : PMIC Fast-charge constant cur
#1263433 07.07.2026 14:33:56 : EVT PMIC : PMIC Fast-charge constant cur
#1263434 07.07.2026 14:33:56 : EVT PMIC : PMIC Fast-charge constant cur
#1263435 07.07.2026 14:33:56 : EVT PMIC : PMIC Fast-charge constant cur
#1263436 07.07.2026 14:33:56 : EVT PMIC : PMIC Fast-charge constant cur
#1263437 07.07.2026 14:33:56 : EVT PMIC : PMIC Fast-charge constant cur
#1263438 07.07.2026 14:33:56 : EVT PMIC : PMIC Fast-charge constant cur
#1263439 07.07.2026 14:33:56 : EVT PMIC : PMIC Fast-charge constant cur
#1263440 07.07.2026 14:33:56 : EVT PMIC : PMIC Fast-charge constant cur
#1263441 07.07.2026 14:33:56 : EVT PMIC : PMIC Fast-charge constant cur
#1263442 07.07.2026 14:33:56 : EVT PMIC : PMIC Fast-charge constant cur
#1263443 07.07.2026 14:34:01 : EVT PMIC : PMIC Maintain charge
#1263444 07.07.2026 14:34:05 : EVT PMIC : PMIC Fast-charge constant cur
#1263445 07.07.2026 14:34:06 : EVT PMIC : PMIC temp zone:0x7
#1263446 07.07.2026 14:34:06 : EVT PMIC : VBUS state is OFF
#1263447 07.07.2026 14:34:06 : EVT PMIC : Turn charge OFF since VBUS->OFF
#1263448 07.07.2026 14:34:06 : EVT WBCOMM : Route lost: ECSD00000000
#1263449 07.07.2026 14:34:06 : TRC FUEL_GAUGE : Chg->0,B:5,C:8.4,V:4444,U:0,bF:100%,bC:100%
#1263450 07.07.2026 14:34:06 : EVT OHR : VBUS off
#1263451 07.07.2026 14:34:06 : EVT OHR : S:ON 0->1
#1263452 07.07.2026 14:34:06 : EVT ANALYTICS : Battery-> 1 soc:100
#1263453 07.07.2026 14:34:06 : EVT OHR : APPINIT:caps 0x1f4, 6b738616
#1263454 07.07.2026 14:34:06 : EVT <Unknown> : 1783427646674:AI@1783427646650, tz120
#1263455 07.07.2026 14:34:06 : EVT OHR : S:start 0x2123
#1263456 07.07.2026 14:34:06 : EVT <Unknown> : 1783427646679:Meas start 0x2123
#1263457 07.07.2026 14:34:07 : EVT <Unknown> : 1783427646694:PD1464, 0
#1263458 07.07.2026 14:34:07 : EVT <Unknown> : 1783427646755:GMV 20251126/1/4/0/395/46
#1263459 07.07.2026 14:34:07 : EVT <Unknown> : 1783427647008:Mi1.6.10, auth 0, hr_mode 0
#1263460 07.07.2026 14:34:07 : EVT <Unknown> : 1783427647260:On Skin Set.
#1263461 07.07.2026 14:34:08 : EVT WBSTORAGE : CACHE_DEFRAG (664->672, 24->24, 25)
#1263462 07.07.2026 14:34:09 : TRC NAVIGATION : CG: no climb WP
#1263463 07.07.2026 14:34:09 : TRC NAVIGATION : CG:init ZoomType=0
#1263464 07.07.2026 14:34:09 : EVT NAVIGATION : initSeg Idx=0 D=1 T=0 3-0-4
#1263465 07.07.2026 14:34:09 : EVT WBSTORAGE : CACHE_DEFRAG (624->904, 24->24, 25)
#1263466 07.07.2026 14:34:09 : EVT ALTIFUSION : AltiBaroMode:0
#1263467 07.07.2026 14:34:09 : EVT ALTIFUSION : Init AltiBaro
#1263468 07.07.2026 14:34:09 : EVT ANALYTICS : SleepQ:Tracking:On
#1263469 07.07.2026 14:34:09 : EVT ALTIFUSION : AltiBaroMode:0
#1263470 07.07.2026 14:34:09 : EVT ALTIFUSION : Init AltiBaro
#1263471 07.07.2026 14:34:09 : EVT UI_FRAMEWORK : JS nsto enable zapp: zzwethen
#1263472 07.07.2026 14:34:09 : EVT UI_FRAMEWORK : JS nsto enable zapp: zzmoveen
#1263473 07.07.2026 14:34:09 : EVT UI_FRAMEWORK : JS nsto enable zapp: climbl01
#1263474 07.07.2026 14:34:09 : EVT APPLICATION : Zapp zzwethen:Load script
#1263475 07.07.2026 14:34:09 : EVT APPLICATION : Zapp zzwethen:Enable
#1263476 07.07.2026 14:34:09 : EVT ANALYTICS : Zapp enabled i:8 h:3f77f8ec n:zzwethen v:ade
#1263477 07.07.2026 14:34:09 : EVT APPLICATION : Zapp clid:32878
#1263478 07.07.2026 14:34:09 : EVT APPLICATION : Zapp zzmoveen:Load script
#1263479 07.07.2026 14:34:09 : EVT APPLICATION : Zapp zzmoveen:Enable
#1263480 07.07.2026 14:34:09 : EVT ANALYTICS : Zapp enabled i:6 h:7aac0887 n:zzmoveen v:8e0
#1263481 07.07.2026 14:34:09 : EVT UI_FRAMEWORK : evalFile: b:/zapp/zzmoveen.fea/ext1.js from ui
#1263482 07.07.2026 14:34:09 : EVT APPLICATION : Zapp clid:32879
#1263483 07.07.2026 14:34:09 : EVT APPLICATION : Zapp climbl01:Load script
#1263484 07.07.2026 14:34:10 : EVT APPLICATION : Zapp climbl01:Enable
#1263485 07.07.2026 14:34:10 : EVT ANALYTICS : Zapp enabled i:5 h:a5e7afa5 n:climbl01 v:3.0
#1263486 07.07.2026 14:34:10 : EVT APPLICATION : Zapp clid:32880
#1263487 07.07.2026 14:34:10 : EVT UI_FRAMEWORK : JS nsto all zapps enabled.
#1263488 07.07.2026 14:34:10 : ERR WBMAIN : *0: app 591 Event 37 80995318
#1263489 07.07.2026 14:34:10 : ERR WBMAIN : 1: mea 20 Wait 0 00000000
#1263490 07.07.2026 14:34:10 : ERR WBMAIN : 2: ui 26 Wait 0 00000000
#1263491 07.07.2026 14:34:10 : EVT UI_FRAMEWORK : JS Prestart Activity Id: 16.000
#1263492 07.07.2026 14:34:10 : WRN WBAPI : eID-691468(277): /Dive/Alarms/Acknowledge 404
#1263493 07.07.2026 14:34:10 : WRN WBAPI : eID-691468(277): /Dive/DiveGases 404
#1263494 07.07.2026 14:34:10 : WRN WBAPI : eID-691468(277): /Dive/Gauge/Next 404
#1263495 07.07.2026 14:34:10 : EVT WBSTORAGE : CACHE_DEFRAG (880->888, 24->24, 25)
#1263496 07.07.2026 14:34:10 : EVT WBSTORAGE : CACHE_DEFRAG (816->824, 24->24, 25)
#1263497 07.07.2026 14:34:10 : EVT WBSTORAGE : CACHE_DEFRAG (752->760, 24->24, 25)
#1263498 07.07.2026 14:34:10 : EVT BLE : BLE Sensor Link 4800180D Conn (--E-:00:1)
#1263499 07.07.2026 14:34:10 : WRN BLE : sendConnect 6157
#1263500 07.07.2026 14:34:10 : WRN WBAPI : eID-691468(277): /Dive/TankPressure/Alarm/Count 404
#1263501 07.07.2026 14:34:10 : EVT SPEEDFUSION : INFO # start speed fusion
#1263502 07.07.2026 14:34:10 : EVT SPEEDFUSION : Act:16,Acc:0,BPod:0,FPod:0,PPod:0,BeltPod:1
#1263503 07.07.2026 14:34:10 : EVT SPEEDFUSION : INFO # Start algo without wrist acc
#1263504 07.07.2026 14:34:10 : EVT <Unknown> : Update pres sampl intrvl:1
#1263505 07.07.2026 14:34:10 : EVT OHR : S:start 0x21a3
#1263506 07.07.2026 14:34:11 : ERR BLE : [AURA]No filters left, stopping scan
#1263507 07.07.2026 14:34:11 : EVT TRAININGLAB : TLab:~Mode T 15347 + 306 A 4070 + 0
#1263508 07.07.2026 14:34:11 : EVT TRAININGLAB : TLab:Change mode 2->3
#1263509 07.07.2026 14:34:11 : EVT TRAININGLAB : TLab:Mode::userInfo 60, 200, 1, 37, 182, 950, 1990
#1263510 07.07.2026 14:34:11 : EVT LOGGER : Log space:30499506 bytes free
#1263511 07.07.2026 14:34:11 : EVT TRAININGLAB : ModeUnsub:2800
#1263512 07.07.2026 14:34:11 : EVT TRAININGLAB : ModeSub:9004
#1263513 07.07.2026 14:34:11 : EVT TRAININGLAB : TLab:Select input 0
#1263514 07.07.2026 14:34:11 : EVT TRAININGLAB : TLab:Active input 0
#1263515 07.07.2026 14:34:11 : EVT LOGGER : Exercise started
#1263516 07.07.2026 14:34:11 : EVT BLE : HR RR on (63575322)
#1263517 07.07.2026 14:34:11 : TRC GPS : Full GNSS data subd l:0 c:802b0000
#1263518 07.07.2026 14:34:11 : EVT <Unknown> : 1783427650915:Meas start 0x21a3
#1263519 07.07.2026 14:34:11 : ERR <Unknown> : 1783427651323:Mi invalid call:100,code:0.
#1263520 07.07.2026 14:34:12 : EVT UI_FRAMEWORK : evalFile: b:/zapp/climbl01.fea/ext12.js from ui
#1263521 07.07.2026 14:34:13 : EVT ANALYTICS : Battery-> 3 soc:100
#1263522 07.07.2026 14:34:13 : EVT ANALYTICS : #FusHr src:0 time:0
#1263523 07.07.2026 14:34:13 : EVT ANALYTICS : #Act id:16
#1263524 07.07.2026 14:34:13 : EVT ANALYTICS : #powersave mode:p temp:28.4
#1263525 07.07.2026 14:34:13 : EVT ANALYTICS : GPSMODE:NOTUSED
#1263526 07.07.2026 14:34:13 : EVT ANALYTICS : #gnss d:2026-07-07T00:00:00Z
#1263527 07.07.2026 14:34:13 : EVT ANALYTICS : #zapp n:Weather e:1
#1263528 07.07.2026 14:34:13 : EVT ANALYTICS : #zapp n:Movement e:1
#1263529 07.07.2026 14:34:13 : EVT ANALYTICS : #zapp n:Climb Log e:1
#1263530 07.07.2026 14:34:15 : EVT OHR : No HR update, invalidate by timer
#1263531 07.07.2026 14:34:16 : EVT <Unknown> : 1783427655869:Off Skin Set.
#1263532 07.07.2026 14:34:17 : EVT PMIC : VBUS state is ON
#1263533 07.07.2026 14:34:17 : EVT PMIC : chgCntl1:0x70
#1263534 07.07.2026 14:34:17 : EVT PMIC : check chgCntl1:0x74
#1263535 07.07.2026 14:34:17 : EVT PMIC : Turn charge ON since VBUS->ON
#1263536 07.07.2026 14:34:17 : EVT PMIC : PMIC temp zone:0x2
#1263537 07.07.2026 14:34:17 : EVT PMIC : PMIC Fast-charge constant cur
#1263538 07.07.2026 14:34:17 : EVT OHR : VBUS on
#1263539 07.07.2026 14:34:17 : EVT OHR : S:stop a3
#1263540 07.07.2026 14:34:17 : EVT <Unknown> : 1783427657993:Meas stop 0x21a3
#1263541 07.07.2026 14:34:18 : WRN <Unknown> : 1783427657993:FSM EVT STOP.
#1263542 07.07.2026 14:34:18 : EVT OHR : S:OFF 1->0
#1263543 07.07.2026 14:34:18 : EVT PMIC : VBUS state is ON
#1263544 07.07.2026 14:34:18 : EVT PMIC : PMIC Precharge
#1263545 07.07.2026 14:34:18 : EVT PMIC : PMIC temp zone:0x7
#1263546 07.07.2026 14:34:18 : EVT PMIC : VBUS state is OFF
#1263547 07.07.2026 14:34:18 : EVT PMIC : Turn charge OFF since VBUS->OFF
#1263548 07.07.2026 14:34:18 : EVT OHR : VBUS off
#1263549 07.07.2026 14:34:18 : EVT OHR : S:ON 0->1
#1263550 07.07.2026 14:34:18 : WRN WBAPI : eID-691468(277): /Dive/Alarms/Acknowledge 404
#1263551 07.07.2026 14:34:18 : WRN WBAPI : eID-691468(277): /Dive/DiveGases 404
#1263552 07.07.2026 14:34:18 : WRN WBAPI : eID-691468(277): /Dive/Gauge/Next 404
#1263553 07.07.2026 14:34:18 : EVT OHR : APPINIT:caps 0x1f4, 6b738616
#1263554 07.07.2026 14:34:18 : EVT <Unknown> : 1783427658944:AI@1783427658920, tz120
#1263555 07.07.2026 14:34:18 : EVT OHR : S:start 0x21a3
#1263556 07.07.2026 14:34:19 : EVT ANALYTICS : #ws AID:16 BM:1 NS:0 SP:3 ZN:0 TG:0 BL:0 GPS:0
#1263557 07.07.2026 14:34:19 : EVT ANALYTICS : #2ws AID:16 WHR:1 INT:0 AL:0 AP:0 FE:1 MC:1 TH:0
#1263558 07.07.2026 14:34:19 : EVT <Unknown> : 1783427658950:Meas start 0x21a3
#1263559 07.07.2026 14:34:19 : EVT <Unknown> : 1783427658960:PD1464, 0
#1263560 07.07.2026 14:34:19 : EVT <Unknown> : 1783427659043:GMV 20251126/1/4/0/395/46
#1263561 07.07.2026 14:34:19 : EVT <Unknown> : 1783427659299:Mi1.6.10, auth 0, hr_mode 0
#1263562 07.07.2026 14:34:20 : EVT <Unknown> : 1783427659551:On Skin Set.
#1263563 07.07.2026 14:34:20 : EVT BLE : lt,scan 1
#1263564 07.07.2026 14:34:20 : WRN BLE : sendDisconnect 6157
#1263565 07.07.2026 14:34:20 : ERR BLE : [AURA]No filters left, stopping scan
#1263566 07.07.2026 14:34:20 : ERR BLE : [AURA]Filter with handle 72 not found
#1263567 07.07.2026 14:34:20 : EVT BLE : packet 0 sensor found count 1
#1263568 07.07.2026 14:34:20 : EVT BLE : packet 0 sensor found count 2
#1263569 07.07.2026 14:34:20 : EVT LOGGER : Exercise paused
#1263570 07.07.2026 14:34:20 : WRN WBAPI : eID-691468(277): /Dive/Alarms/Acknowledge 404
#1263571 07.07.2026 14:34:20 : WRN WBAPI : eID-691468(277): /Dive/DiveGases 404
#1263572 07.07.2026 14:34:20 : WRN WBAPI : eID-691468(277): /Dive/Gauge/Next 404
#1263573 07.07.2026 14:34:21 : EVT TRAININGLAB : TLab:Input src 0 TO
#1263574 07.07.2026 14:34:21 : EVT TRAININGLAB : TLab:Active input 3
#1263575 07.07.2026 14:34:22 : EVT APPLICATION : Zapp climbl01:Disable
#1263576 07.07.2026 14:34:22 : EVT ANALYTICS : Zapp disabled i:5 h:a5e7afa5 n:Climb Log
#1263577 07.07.2026 14:34:22 : EVT APPLICATION : Zapp zzmoveen:Disable
#1263578 07.07.2026 14:34:23 : EVT ANALYTICS : Zapp disabled i:6 h:7aac0887 n:Movement
#1263579 07.07.2026 14:34:23 : EVT UI_FRAMEWORK : evalFile: b:/zapp/zzmoveen.fea/ext2.js from ui
#1263580 07.07.2026 14:34:23 : EVT APPLICATION : Zapp zzwethen:Disable
#1263581 07.07.2026 14:34:23 : EVT ANALYTICS : Zapp disabled i:8 h:3f77f8ec n:Weather
#1263582 07.07.2026 14:34:23 : EVT UI_FRAMEWORK : JS discard disable zapps
#1263583 07.07.2026 14:34:23 : EVT UI_FRAMEWORK : JS will discard
#1263584 07.07.2026 14:34:23 : EVT SPEEDFUSION : INFO # stop speed fusion
#1263585 07.07.2026 14:34:23 : EVT <Unknown> : Update pres sampl intrvl:5
#1263586 07.07.2026 14:34:23 : WRN APPLICATION : discard hrr meas l:3 d:0 sh:0 mh:0 v:0
#1263587 07.07.2026 14:34:23 : WRN WBAPI : eID-698eec(583/65535): 404
#1263588 07.07.2026 14:34:23 : EVT TRAININGZONE : User Define Mode:5
#1263589 07.07.2026 14:34:23 : EVT TRAININGZONE : Tss HR:0.00
#1263590 07.07.2026 14:34:23 : EVT TRAININGZONE : A:16,Tss:[-200.00,-200.00,-200.00,0.00]
#1263591 07.07.2026 14:34:23 : EVT TRAININGLAB : AppFeature Vo2Max 0.000000
#1263592 07.07.2026 14:34:23 : EVT TRAININGLAB : TLab:~Mode T 15653 + 2 A 4070 + 0
#1263593 07.07.2026 14:34:23 : EVT TRAININGLAB : TLab:Change mode 3->2
#1263594 07.07.2026 14:34:23 : EVT TRAININGLAB : TLab:Mode::userInfo 60, 200, 1, 37, 182, 950, 1990
#1263595 07.07.2026 14:34:23 : EVT LOGGER : LGR 934, 80
#1263596 07.07.2026 14:34:23 : EVT TRAININGLAB : ModeUnsub:9145
#1263597 07.07.2026 14:34:23 : EVT OHR : S:start 0x2123
#1263598 07.07.2026 14:34:23 : EVT TRAININGLAB : ModeSub:0400
#1263599 07.07.2026 14:34:23 : EVT ANALYTICS : WAOae:Activity WAOae:16
#1263600 07.07.2026 14:34:23 : EVT ANALYTICS : WAOae:TotalAcc WAOae:0,0,0
#1263601 07.07.2026 14:34:23 : EVT ANALYTICS : WAOae:AccCount WAOae:0,0,0
#1263602 07.07.2026 14:34:23 : EVT ANALYTICS : WAOae:Distance WAOae:0,0,0
#1263603 07.07.2026 14:34:23 : EVT ANALYTICS : WAOae:Duration WAOae:0,0,0
#1263604 07.07.2026 14:34:23 : EVT ANALYTICS : WAOae:Coeff WAOae:0,40,240,390,773,7524,7624
#1263605 07.07.2026 14:34:23 : EVT LOGGER : Exercise stopped
#1263606 07.07.2026 14:34:23 : EVT BLE : HR RR off (63587166, 11844 ms missing)
#1263607 07.07.2026 14:34:23 : EVT BLE : HR RR done
#1263608 07.07.2026 14:34:23 : EVT LOGGER : HrIbiLogger stop, off (0 ms)
#1263609 07.07.2026 14:34:23 : EVT LOGGER : HrIbiLogger stopped (0 ms)
#1263610 07.07.2026 14:34:23 : TRC GPS : Unsubd c:802b0000
#1263611 07.07.2026 14:34:23 : EVT LOGGER : LGR 934, 80
#1263612 07.07.2026 14:34:23 : EVT ANALYTICS : SleepQ:Tracking:On
#1263613 07.07.2026 14:34:23 : EVT LOGGER : Wr dpc on
#1263614 07.07.2026 14:34:23 : EVT LOGGER : LGR 20993, 56
#1263615 07.07.2026 14:34:23 : EVT WBSTORAGE : CACHE_DEFRAG (680->1016, 24->24, 25)
#1263616 07.07.2026 14:34:23 : TRC NAVIGATION : CG: no climb WP
#1263617 07.07.2026 14:34:23 : TRC NAVIGATION : CG:init ZoomType=0
#1263618 07.07.2026 14:34:23 : EVT NAVIGATION : initSeg Idx=0 D=1 T=0 3-0-4
#1263619 07.07.2026 14:34:23 : EVT WBSTORAGE : CACHE_DEFRAG (1000->1024, 24->24, 25)
#1263620 07.07.2026 14:34:23 : EVT SPEEDFUSION : INFO # IDLE mode(-1) set
#1263621 07.07.2026 14:34:23 : EVT ALTIFUSION : AltiBaroMode:2
#1263622 07.07.2026 14:34:24 : EVT <Unknown> : 1783427663165:Meas start 0x2123
#1263623 07.07.2026 14:34:24 : ERR <Unknown> : 1783427663573:Mi invalid call:100,code:0.
#1263624 07.07.2026 14:34:24 : EVT BLE : Disconn sensor:1
#1263625 07.07.2026 14:34:24 : EVT BLE : BLE Sensor Link 4800180D Disc (L-E-:00:0)
#1263626 07.07.2026 14:34:24 : WRN BLE : sendDisconnect 6157
#1263627 07.07.2026 14:34:24 : ERR BLE : [AURA]No filters left, stopping scan
#1263628 07.07.2026 14:34:25 : EVT <Unknown> : 1783427664318:Off Skin Set.
#1263629 07.07.2026 14:34:25 : EVT ANALYTICS : #powersave mode:p temp:28.4
#1263630 07.07.2026 14:34:25 : EVT ANALYTICS : Battery-> 4 soc:100
#1263631 07.07.2026 14:34:25 : EVT OHR : No HR update, invalidate by timer
#1263632 07.07.2026 14:34:26 : EVT UI_FRAMEWORK : JS discard
#1263633 07.07.2026 14:34:26 : WRN LOGGER : Delete b:logs/6A4CF243
#1263634 07.07.2026 14:34:27 : EVT <Unknown> : 1783427667070:On Skin Set.
#1263635 07.07.2026 14:34:29 : EVT WBSTORAGE : CACHE_DEFRAG (1000->1008, 24->24, 25)
#1263636 07.07.2026 14:34:29 : EVT APPLICATION : Zapp zwc05901:Load script
#1263637 07.07.2026 14:34:29 : EVT APPLICATION : Zapp zwc05901:Enable
#1263638 07.07.2026 14:34:29 : EVT ANALYTICS : Zapp enabled i:3 h:ddb248f2 n:zwc05901 v:124f
#1263639 07.07.2026 14:34:29 : WRN WBAPI : eID-691468(277): /Weather/Current/ValidWeatherData.temp 
#1263640 07.07.2026 14:34:31 : EVT <Unknown> : 1783427670822:Off Skin Set.
#1263641 07.07.2026 14:34:32 : EVT <Unknown> : 1783427671324:On Skin Set.
#1263642 07.07.2026 14:34:34 : EVT WBSTORAGE : CACHE_DEFRAG (880->888, 24->24, 25)
#1263643 07.07.2026 14:34:35 : EVT WBSTORAGE : CACHE_DEFRAG (840->864, 24->24, 25)
#1263644 07.07.2026 14:34:35 : EVT WBSTORAGE : CACHE_DEFRAG (840->848, 24->24, 25)
#1263645 07.07.2026 14:34:35 : TRC NAVIGATION : CG: no climb WP
#1263646 07.07.2026 14:34:35 : TRC NAVIGATION : CG:init ZoomType=0
#1263647 07.07.2026 14:34:35 : EVT NAVIGATION : initSeg Idx=0 D=1 T=0 3-0-4
#1263648 07.07.2026 14:34:35 : EVT WBSTORAGE : CACHE_DEFRAG (832->944, 24->24, 25)
#1263649 07.07.2026 14:34:35 : EVT ALTIFUSION : AltiBaroMode:0
#1263650 07.07.2026 14:34:35 : EVT ALTIFUSION : Init AltiBaro
#1263651 07.07.2026 14:34:35 : EVT APPLICATION : Zapp zwc05901:Disable
#1263652 07.07.2026 14:34:35 : EVT ANALYTICS : Zapp disabled i:3 h:ddb248f2 n:Vector classic
#1263653 07.07.2026 14:34:35 : EVT ANALYTICS : SleepQ:Tracking:On
#1263654 07.07.2026 14:34:35 : EVT ALTIFUSION : AltiBaroMode:0
#1263655 07.07.2026 14:34:35 : EVT ALTIFUSION : Init AltiBaro
#1263656 07.07.2026 14:34:35 : EVT WBSTORAGE : CACHE_DEFRAG (920->928, 24->24, 25)
#1263657 07.07.2026 14:34:35 : EVT UI_FRAMEWORK : JS nsto enable zapp: zzwethen
#1263658 07.07.2026 14:34:35 : EVT UI_FRAMEWORK : JS nsto enable zapp: zzmoveen
#1263659 07.07.2026 14:34:35 : EVT UI_FRAMEWORK : JS nsto enable zapp: climbl01
#1263660 07.07.2026 14:34:35 : EVT APPLICATION : Zapp zzwethen:Load script
#1263661 07.07.2026 14:34:35 : EVT APPLICATION : Zapp zzwethen:Enable
#1263662 07.07.2026 14:34:35 : EVT ANALYTICS : Zapp enabled i:8 h:3f77f8ec n:zzwethen v:ade
#1263663 07.07.2026 14:34:35 : EVT APPLICATION : Zapp clid:32878
#1263664 07.07.2026 14:34:35 : EVT APPLICATION : Zapp zzmoveen:Load script
#1263665 07.07.2026 14:34:35 : EVT APPLICATION : Zapp zzmoveen:Enable
#1263666 07.07.2026 14:34:35 : EVT ANALYTICS : Zapp enabled i:6 h:7aac0887 n:zzmoveen v:8e0
#1263667 07.07.2026 14:34:35 : EVT UI_FRAMEWORK : evalFile: b:/zapp/zzmoveen.fea/ext1.js from ui
#1263668 07.07.2026 14:34:35 : EVT APPLICATION : Zapp clid:32879
#1263669 07.07.2026 14:34:35 : EVT APPLICATION : Zapp climbl01:Load script
#1263670 07.07.2026 14:34:36 : EVT APPLICATION : Zapp climbl01:Enable
#1263671 07.07.2026 14:34:36 : EVT ANALYTICS : Zapp enabled i:5 h:a5e7afa5 n:climbl01 v:3.0
#1263672 07.07.2026 14:34:36 : EVT APPLICATION : Zapp clid:32880
#1263673 07.07.2026 14:34:36 : ERR WBMAIN : *0: app 597 Event 37 80995318
#1263674 07.07.2026 14:34:36 : ERR WBMAIN : 1: mea 20 Wait 0 00000000
#1263675 07.07.2026 14:34:36 : EVT UI_FRAMEWORK : JS nsto all zapps enabled.
#1263676 07.07.2026 14:34:36 : ERR WBMAIN : 2: ui 26 Wait 0 00000000
#1263677 07.07.2026 14:34:36 : EVT UI_FRAMEWORK : JS Prestart Activity Id: 16.000
#1263678 07.07.2026 14:34:36 : WRN WBAPI : eID-691468(277): /Dive/Alarms/Acknowledge 404
#1263679 07.07.2026 14:34:36 : WRN WBAPI : eID-691468(277): /Dive/DiveGases 404
#1263680 07.07.2026 14:34:36 : WRN WBAPI : eID-691468(277): /Dive/Gauge/Next 404
#1263681 07.07.2026 14:34:36 : EVT WBSTORAGE : CACHE_DEFRAG (880->888, 24->24, 25)
#1263682 07.07.2026 14:34:36 : EVT WBSTORAGE : CACHE_DEFRAG (816->824, 24->24, 25)
#1263683 07.07.2026 14:34:36 : EVT WBSTORAGE : CACHE_DEFRAG (752->760, 24->24, 25)
#1263684 07.07.2026 14:34:36 : EVT BLE : BLE Sensor Link 4800180D Conn (--E-:00:1)
#1263685 07.07.2026 14:34:36 : WRN BLE : sendConnect 6157
#1263686 07.07.2026 14:34:37 : WRN WBAPI : eID-691468(277): /Dive/TankPressure/Alarm/Count 404
#1263687 07.07.2026 14:34:37 : EVT SPEEDFUSION : INFO # start speed fusion
#1263688 07.07.2026 14:34:37 : EVT SPEEDFUSION : Act:16,Acc:0,BPod:0,FPod:0,PPod:0,BeltPod:1
#1263689 07.07.2026 14:34:37 : EVT SPEEDFUSION : INFO # Start algo without wrist acc
#1263690 07.07.2026 14:34:37 : EVT <Unknown> : Update pres sampl intrvl:1
#1263691 07.07.2026 14:34:37 : EVT OHR : S:start 0x21a3
#1263692 07.07.2026 14:34:37 : EVT TRAININGLAB : TLab:~Mode T 15655 + 3 A 4070 + 0
#1263693 07.07.2026 14:34:37 : EVT TRAININGLAB : TLab:Change mode 2->3
#1263694 07.07.2026 14:34:37 : EVT TRAININGLAB : TLab:Mode::userInfo 60, 200, 1, 37, 182, 950, 1990
#1263695 07.07.2026 14:34:37 : EVT LOGGER : Log space:30499506 bytes free
#1263696 07.07.2026 14:34:37 : EVT TRAININGLAB : ModeUnsub:2800
#1263697 07.07.2026 14:34:37 : EVT TRAININGLAB : ModeSub:9004
#1263698 07.07.2026 14:34:37 : EVT TRAININGLAB : TLab:Select input 0
#1263699 07.07.2026 14:34:37 : EVT TRAININGLAB : TLab:Active input 0
#1263700 07.07.2026 14:34:37 : EVT LOGGER : Exercise started
#1263701 07.07.2026 14:34:37 : EVT BLE : HR RR on (63601340)
#1263702 07.07.2026 14:34:37 : TRC GPS : Full GNSS data subd l:0 c:802b0000
#1263703 07.07.2026 14:34:38 : EVT <Unknown> : 1783427677134:Meas start 0x21a3
#1263704 07.07.2026 14:34:38 : EVT UI_FRAMEWORK : evalFile: b:/zapp/climbl01.fea/ext12.js from ui
#1263705 07.07.2026 14:34:39 : EVT ANALYTICS : Battery-> 3 soc:100
#1263706 07.07.2026 14:34:39 : EVT ANALYTICS : #FusHr src:0 time:0
#1263707 07.07.2026 14:34:39 : EVT ANALYTICS : #Act id:16
#1263708 07.07.2026 14:34:39 : EVT ANALYTICS : #powersave mode:p temp:28.6
#1263709 07.07.2026 14:34:39 : EVT ANALYTICS : GPSMODE:NOTUSED
#1263710 07.07.2026 14:34:39 : EVT ANALYTICS : #gnss d:2026-07-07T00:00:00Z
#1263711 07.07.2026 14:34:39 : EVT ANALYTICS : #zapp n:Weather e:1
#1263712 07.07.2026 14:34:39 : EVT ANALYTICS : #zapp n:Movement e:1
#1263713 07.07.2026 14:34:39 : EVT ANALYTICS : #zapp n:Climb Log e:1
#1263714 07.07.2026 14:34:44 : EVT <Unknown> : 1783427683175:Off Skin Set.
#1263715 07.07.2026 14:34:44 : EVT PMIC : VBUS state is ON
#1263716 07.07.2026 14:34:44 : EVT PMIC : chgCntl1:0x70
#1263717 07.07.2026 14:34:44 : EVT PMIC : check chgCntl1:0x74
#1263718 07.07.2026 14:34:44 : EVT PMIC : Turn charge ON since VBUS->ON
#1263719 07.07.2026 14:34:44 : EVT PMIC : PMIC temp zone:0x2
#1263720 07.07.2026 14:34:44 : EVT PMIC : PMIC Fast-charge constant cur
#1263721 07.07.2026 14:34:44 : EVT OHR : VBUS on
#1263722 07.07.2026 14:34:44 : EVT OHR : S:stop a3
#1263723 07.07.2026 14:34:44 : EVT <Unknown> : 1783427684375:Meas stop 0x21a3
#1263724 07.07.2026 14:34:44 : WRN <Unknown> : 1783427684375:FSM EVT STOP.
#1263725 07.07.2026 14:34:44 : EVT OHR : S:OFF 1->0
#1263726 07.07.2026 14:34:44 : EVT PMIC : VBUS state is ON
#1263727 07.07.2026 14:34:44 : WRN WBAPI : eID-691468(277): /Dive/Alarms/Acknowledge 404
#1263728 07.07.2026 14:34:44 : WRN WBAPI : eID-691468(277): /Dive/DiveGases 404
#1263729 07.07.2026 14:34:44 : WRN WBAPI : eID-691468(277): /Dive/Gauge/Next 404
#1263730 07.07.2026 14:34:44 : ERR TOUCH : touch i2c don't init
#1263731 07.07.2026 14:34:45 : EVT ANALYTICS : #ws AID:16 BM:1 NS:0 SP:3 ZN:0 TG:0 BL:0 GPS:0
#1263732 07.07.2026 14:34:45 : EVT ANALYTICS : #2ws AID:16 WHR:1 INT:0 AL:0 AP:0 FE:1 MC:1 TH:0
#1263733 07.07.2026 14:34:45 : EVT PMIC : PMIC temp zone:0x7
#1263734 07.07.2026 14:34:45 : EVT PMIC : VBUS state is OFF
#1263735 07.07.2026 14:34:45 : EVT PMIC : Turn charge OFF since VBUS->OFF
#1263736 07.07.2026 14:34:45 : EVT OHR : VBUS off
#1263737 07.07.2026 14:34:45 : EVT OHR : S:ON 0->1
#1263738 07.07.2026 14:34:45 : EVT OHR : APPINIT:caps 0x1f4, 6b738616
#1263739 07.07.2026 14:34:45 : EVT <Unknown> : 1783427685784:AI@1783427685760, tz120
#1263740 07.07.2026 14:34:45 : EVT OHR : S:start 0x21a3
#1263741 07.07.2026 14:34:45 : EVT <Unknown> : 1783427685795:Meas start 0x21a3
#1263742 07.07.2026 14:34:46 : EVT <Unknown> : 1783427685811:PD1464, 0
#1263743 07.07.2026 14:34:46 : EVT <Unknown> : 1783427685875:GMV 20251126/1/4/0/395/46
#1263744 07.07.2026 14:34:46 : EVT <Unknown> : 1783427686134:Mi1.6.10, auth 0, hr_mode 0
#1263745 07.07.2026 14:34:46 : EVT <Unknown> : 1783427686385:On Skin Set.
#1263746 07.07.2026 14:34:46 : EVT BLE : lt,scan 1
#1263747 07.07.2026 14:34:46 : WRN BLE : sendDisconnect 6157
#1263748 07.07.2026 14:34:46 : ERR BLE : [AURA]No filters left, stopping scan
#1263749 07.07.2026 14:34:46 : ERR BLE : [AURA]Filter with handle 72 not found
#1263750 07.07.2026 14:34:46 : EVT BLE : packet 0 sensor found count 1
#1263751 07.07.2026 14:34:46 : EVT BLE : packet 0 sensor found count 2
#1263752 07.07.2026 14:34:47 : EVT LOGGER : Exercise paused
#1263753 07.07.2026 14:34:47 : WRN WBAPI : eID-691468(277): /Dive/Alarms/Acknowledge 404
#1263754 07.07.2026 14:34:47 : WRN WBAPI : eID-691468(277): /Dive/DiveGases 404
#1263755 07.07.2026 14:34:47 : WRN WBAPI : eID-691468(277): /Dive/Gauge/Next 404
#1263756 07.07.2026 14:34:48 : EVT OHR : No HR update, invalidate by timer
#1263757 07.07.2026 14:34:48 : EVT ANALYTICS : #FusHr src:2 time:10805
#1263758 07.07.2026 14:34:48 : EVT TRAININGLAB : Tlab:HR src is 2
#1263759 07.07.2026 14:34:48 : EVT ANALYTICS : #FusHr src:2 time:0
#1263760 07.07.2026 14:34:50 : ERR <Unknown> : 1783427690399:Mi invalid call:100,code:0.
#1263761 07.07.2026 14:35:02 : EVT OHR : new HR update
#1263762 07.07.2026 14:35:02 : EVT TRAININGLAB : TLab:Active input 1
#1263763 07.07.2026 14:36:46 : WRN <Unknown> : 1783427806414:Device stationary, stopping optical meas
#1263764 07.07.2026 14:36:46 : EVT <Unknown> : 1783427806415:SCD DET STATE OFF cnt:0/0.
#1263765 07.07.2026 14:36:51 : EVT OHR : No HR update, invalidate by timer
#1263766 07.07.2026 14:50:00 : ERR WBMAIN : *0: app 558 Event 24 80892700
#1263767 07.07.2026 14:50:00 : ERR WBMAIN : 1: mea 0 Event 3 80891701
#1263768 07.07.2026 14:50:00 : ERR WBMAIN : 2: ui 553 Wait 0 00000000
#1263769 07.07.2026 14:57:23 : EVT APPLICATION : Zapp climbl01:Disable
#1263770 07.07.2026 14:57:23 : EVT ANALYTICS : Zapp disabled i:5 h:a5e7afa5 n:Climb Log
#1263771 07.07.2026 14:57:23 : EVT APPLICATION : Zapp zzmoveen:Disable
#1263772 07.07.2026 14:57:23 : EVT ANALYTICS : Zapp disabled i:6 h:7aac0887 n:Movement
#1263773 07.07.2026 14:57:23 : EVT UI_FRAMEWORK : evalFile: b:/zapp/zzmoveen.fea/ext2.js from ui
#1263774 07.07.2026 14:57:23 : EVT APPLICATION : Zapp zzwethen:Disable
#1263775 07.07.2026 14:57:23 : EVT ANALYTICS : Zapp disabled i:8 h:3f77f8ec n:Weather
#1263776 07.07.2026 14:57:23 : EVT UI_FRAMEWORK : JS discard disable zapps
#1263777 07.07.2026 14:57:23 : EVT UI_FRAMEWORK : JS will discard
#1263778 07.07.2026 14:57:23 : EVT SPEEDFUSION : INFO # stop speed fusion
#1263779 07.07.2026 14:57:23 : EVT <Unknown> : Update pres sampl intrvl:5
#1263780 07.07.2026 14:57:23 : WRN APPLICATION : discard hrr meas l:3 d:0 sh:0 mh:0 v:0
#1263781 07.07.2026 14:57:23 : WRN WBAPI : eID-698eec(583/65535): 404
#1263782 07.07.2026 14:57:23 : EVT TRAININGZONE : User Define Mode:5
#1263783 07.07.2026 14:57:23 : EVT TRAININGZONE : Tss HR:0.09
#1263784 07.07.2026 14:57:23 : EVT TRAININGZONE : A:16,Tss:[-200.00,-200.00,-200.00,0.09]
#1263785 07.07.2026 14:57:23 : EVT TRAININGLAB : AppFeature Vo2Max 0.000000
#1263786 07.07.2026 14:57:23 : EVT TRAININGLAB : TLab:~Mode T 15658 + 482 A 4070 + 180
#1263787 07.07.2026 14:57:23 : EVT TRAININGLAB : TLab:Change mode 3->2
#1263788 07.07.2026 14:57:23 : EVT TRAININGLAB : TLab:Mode::userInfo 60, 200, 1, 37, 182, 950, 1990
#1263789 07.07.2026 14:57:23 : EVT LOGGER : LGR 934, 80
#1263790 07.07.2026 14:57:23 : EVT TRAININGLAB : ModeUnsub:9145
#1263791 07.07.2026 14:57:23 : EVT OHR : S:start 0x2123
#1263792 07.07.2026 14:57:23 : EVT TRAININGLAB : ModeSub:0400
#1263793 07.07.2026 14:57:23 : EVT ANALYTICS : WAOae:Activity WAOae:16
#1263794 07.07.2026 14:57:23 : EVT ANALYTICS : WAOae:TotalAcc WAOae:0,0,0
#1263795 07.07.2026 14:57:23 : EVT ANALYTICS : WAOae:AccCount WAOae:0,0,0
#1263796 07.07.2026 14:57:23 : EVT ANALYTICS : WAOae:Distance WAOae:0,0,0
#1263797 07.07.2026 14:57:23 : EVT ANALYTICS : WAOae:Duration WAOae:0,0,0
#1263798 07.07.2026 14:57:23 : EVT ANALYTICS : WAOae:Coeff WAOae:0,40,240,390,773,7524,7624
#1263799 07.07.2026 14:57:23 : EVT LOGGER : Exercise stopped
#1263800 07.07.2026 14:57:23 : EVT BLE : HR RR off (64967763, 1366423 ms missing)
#1263801 07.07.2026 14:57:23 : EVT BLE : HR RR done
#1263802 07.07.2026 14:57:23 : EVT LOGGER : HrIbiLogger stop, off (0 ms)
#1263803 07.07.2026 14:57:23 : EVT LOGGER : HrIbiLogger stopped (0 ms)
#1263804 07.07.2026 14:57:23 : TRC GPS : Unsubd c:802b0000
#1263805 07.07.2026 14:57:23 : EVT LOGGER : LGR 934, 80
#1263806 07.07.2026 14:57:23 : EVT ANALYTICS : SleepQ:Tracking:On
#1263807 07.07.2026 14:57:23 : EVT LOGGER : Wr dpc on
#1263808 07.07.2026 14:57:23 : EVT LOGGER : LGR 20993, 56
#1263809 07.07.2026 14:57:23 : EVT <Unknown> : 1783429043781:Meas start 0x2123
#1263810 07.07.2026 14:57:24 : EVT WBSTORAGE : CACHE_DEFRAG (680->1016, 24->24, 25)
#1263811 07.07.2026 14:57:24 : TRC NAVIGATION : CG: no climb WP
#1263812 07.07.2026 14:57:24 : TRC NAVIGATION : CG:init ZoomType=0
#1263813 07.07.2026 14:57:24 : EVT NAVIGATION : initSeg Idx=0 D=1 T=0 3-0-4
#1263814 07.07.2026 14:57:24 : EVT WBSTORAGE : CACHE_DEFRAG (1000->1024, 24->24, 25)
#1263815 07.07.2026 14:57:24 : EVT SPEEDFUSION : INFO # IDLE mode(-1) set
#1263816 07.07.2026 14:57:24 : EVT ALTIFUSION : AltiBaroMode:2
#1263817 07.07.2026 14:57:24 : EVT BLE : Disconn sensor:1
#1263818 07.07.2026 14:57:25 : EVT BLE : BLE Sensor Link 4800180D Disc (L-E-:00:0)
#1263819 07.07.2026 14:57:25 : WRN BLE : sendDisconnect 6157
#1263820 07.07.2026 14:57:25 : ERR BLE : [AURA]No filters left, stopping scan
#1263821 07.07.2026 14:57:25 : EVT ANALYTICS : #powersave mode:p temp:28.4
#1263822 07.07.2026 14:57:25 : EVT ANALYTICS : Battery-> 4 soc:100
#1263823 07.07.2026 14:57:25 : EVT <Unknown> : 1783429045723:xiaomi reset t:1359963562/120655822.
#1263824 07.07.2026 14:57:25 : EVT <Unknown> : 1783429045724:On Skin Set.
#1263825 07.07.2026 14:57:27 : EVT UI_FRAMEWORK : JS discard
#1263826 07.07.2026 14:57:27 : WRN LOGGER : Delete b:logs/6A4CF25D
#1263827 07.07.2026 14:57:28 : EVT OHR : No HR update, invalidate by timer
#1263828 07.07.2026 14:57:29 : EVT WBSTORAGE : CACHE_DEFRAG (1000->1008, 24->24, 25)
#1263829 07.07.2026 14:57:29 : EVT APPLICATION : Zapp zwc05901:Load script
#1263830 07.07.2026 14:57:29 : EVT APPLICATION : Zapp zwc05901:Enable
#1263831 07.07.2026 14:57:29 : EVT ANALYTICS : Zapp enabled i:3 h:ddb248f2 n:zwc05901 v:124f
#1263832 07.07.2026 14:57:29 : WRN WBAPI : eID-691468(277): /Weather/Current/ValidWeatherData.temp 
#1263833 07.07.2026 14:57:30 : ERR <Unknown> : 1783429049333:Mi invalid call:100,code:0.
#1263834 07.07.2026 14:57:31 : EVT <Unknown> : 1783429050916:Off Skin Set.
#1263835 07.07.2026 14:57:32 : EVT <Unknown> : 1783429051418:On Skin Set.
#1263836 07.07.2026 14:57:33 : EVT WBSTORAGE : CACHE_DEFRAG (880->888, 24->24, 25)
#1263837 07.07.2026 14:57:33 : EVT WBSTORAGE : CACHE_DEFRAG (840->864, 24->24, 25)
#1263838 07.07.2026 14:57:33 : EVT WBSTORAGE : CACHE_DEFRAG (840->848, 24->24, 25)
#1263839 07.07.2026 14:57:33 : TRC NAVIGATION : CG: no climb WP
#1263840 07.07.2026 14:57:33 : TRC NAVIGATION : CG:init ZoomType=0
#1263841 07.07.2026 14:57:33 : EVT NAVIGATION : initSeg Idx=0 D=1 T=0 3-0-4
#1263842 07.07.2026 14:57:33 : EVT WBSTORAGE : CACHE_DEFRAG (832->944, 24->24, 25)
#1263843 07.07.2026 14:57:33 : EVT ALTIFUSION : AltiBaroMode:0
#1263844 07.07.2026 14:57:33 : EVT ALTIFUSION : Init AltiBaro
#1263845 07.07.2026 14:57:33 : EVT APPLICATION : Zapp zwc05901:Disable
#1263846 07.07.2026 14:57:33 : EVT ANALYTICS : Zapp disabled i:3 h:ddb248f2 n:Vector classic
#1263847 07.07.2026 14:57:33 : EVT ANALYTICS : SleepQ:Tracking:On
#1263848 07.07.2026 14:57:33 : EVT ALTIFUSION : AltiBaroMode:0
#1263849 07.07.2026 14:57:33 : EVT ALTIFUSION : Init AltiBaro
#1263850 07.07.2026 14:57:34 : EVT WBSTORAGE : CACHE_DEFRAG (920->928, 24->24, 25)
#1263851 07.07.2026 14:57:34 : EVT UI_FRAMEWORK : JS nsto enable zapp: zzwethen
#1263852 07.07.2026 14:57:34 : EVT UI_FRAMEWORK : JS nsto enable zapp: zzmoveen
#1263853 07.07.2026 14:57:34 : EVT UI_FRAMEWORK : JS nsto enable zapp: climbl01
#1263854 07.07.2026 14:57:34 : EVT APPLICATION : Zapp zzwethen:Load script
#1263855 07.07.2026 14:57:34 : EVT APPLICATION : Zapp zzwethen:Enable
#1263856 07.07.2026 14:57:34 : EVT ANALYTICS : Zapp enabled i:8 h:3f77f8ec n:zzwethen v:ade
#1263857 07.07.2026 14:57:34 : EVT APPLICATION : Zapp clid:32878
#1263858 07.07.2026 14:57:34 : EVT APPLICATION : Zapp zzmoveen:Load script
#1263859 07.07.2026 14:57:34 : EVT APPLICATION : Zapp zzmoveen:Enable
#1263860 07.07.2026 14:57:34 : EVT ANALYTICS : Zapp enabled i:6 h:7aac0887 n:zzmoveen v:8e0
#1263861 07.07.2026 14:57:34 : EVT UI_FRAMEWORK : evalFile: b:/zapp/zzmoveen.fea/ext1.js from ui
#1263862 07.07.2026 14:57:34 : EVT APPLICATION : Zapp clid:32879
#1263863 07.07.2026 14:57:34 : EVT APPLICATION : Zapp climbl01:Load script
#1263864 07.07.2026 14:57:34 : EVT APPLICATION : Zapp climbl01:Enable
#1263865 07.07.2026 14:57:34 : EVT ANALYTICS : Zapp enabled i:5 h:a5e7afa5 n:climbl01 v:3.0
#1263866 07.07.2026 14:57:34 : EVT APPLICATION : Zapp clid:32880
#1263867 07.07.2026 14:57:34 : EVT UI_FRAMEWORK : JS nsto all zapps enabled.
#1263868 07.07.2026 14:57:34 : ERR WBMAIN : *0: app 568 Event 37 80995318
#1263869 07.07.2026 14:57:34 : ERR WBMAIN : 1: mea 22 Wait 0 00000000
#1263870 07.07.2026 14:57:34 : ERR WBMAIN : 2: ui 27 Wait 0 00000000
#1263871 07.07.2026 14:57:34 : EVT UI_FRAMEWORK : JS Prestart Activity Id: 16.000
#1263872 07.07.2026 14:57:35 : WRN WBAPI : eID-691468(277): /Dive/Alarms/Acknowledge 404
#1263873 07.07.2026 14:57:35 : WRN WBAPI : eID-691468(277): /Dive/DiveGases 404
#1263874 07.07.2026 14:57:35 : WRN WBAPI : eID-691468(277): /Dive/Gauge/Next 404
#1263875 07.07.2026 14:57:35 : EVT WBSTORAGE : CACHE_DEFRAG (880->888, 24->24, 25)
#1263876 07.07.2026 14:57:35 : EVT WBSTORAGE : CACHE_DEFRAG (816->824, 24->24, 25)
#1263877 07.07.2026 14:57:35 : EVT WBSTORAGE : CACHE_DEFRAG (752->760, 24->24, 25)
#1263878 07.07.2026 14:57:35 : EVT BLE : BLE Sensor Link 4800180D Conn (--E-:00:1)
#1263879 07.07.2026 14:57:35 : WRN BLE : sendConnect 6157
#1263880 07.07.2026 14:57:35 : WRN WBAPI : eID-691468(277): /Dive/TankPressure/Alarm/Count 404
#1263881 07.07.2026 14:57:35 : EVT UI_FRAMEWORK : evalFile: b:/zapp/climbl01.fea/ext12.js from ui
#1263882 07.07.2026 14:57:36 : EVT SPEEDFUSION : INFO # start speed fusion
#1263883 07.07.2026 14:57:36 : EVT SPEEDFUSION : Act:16,Acc:0,BPod:0,FPod:0,PPod:0,BeltPod:1
#1263884 07.07.2026 14:57:36 : EVT SPEEDFUSION : INFO # Start algo without wrist acc
#1263885 07.07.2026 14:57:36 : EVT <Unknown> : Update pres sampl intrvl:1
#1263886 07.07.2026 14:57:36 : EVT OHR : S:start 0x21a3
#1263887 07.07.2026 14:57:37 : EVT <Unknown> : 1783429056495:Meas start 0x21a3
#1263888 07.07.2026 14:57:39 : EVT TRAININGLAB : TLab:~Mode T 16140 + 3 A 4250 + 0
#1263889 07.07.2026 14:57:39 : EVT TRAININGLAB : TLab:Change mode 2->3
#1263890 07.07.2026 14:57:39 : WRN WBAPI : eID-691468(277): /Dive/Alarms/Acknowledge 404
#1263891 07.07.2026 14:57:39 : EVT TRAININGLAB : TLab:Mode::userInfo 60, 200, 1, 37, 182, 950, 1990
#1263892 07.07.2026 14:57:39 : WRN WBAPI : eID-691468(277): /Dive/DiveGases 404
#1263893 07.07.2026 14:57:39 : WRN WBAPI : eID-691468(277): /Dive/Gauge/Next 404
#1263894 07.07.2026 14:57:39 : EVT LOGGER : Log space:30499506 bytes free
#1263895 07.07.2026 14:57:39 : EVT TRAININGLAB : ModeUnsub:2800
#1263896 07.07.2026 14:57:39 : EVT TRAININGLAB : ModeSub:9004
#1263897 07.07.2026 14:57:39 : EVT TRAININGLAB : TLab:Select input 0
#1263898 07.07.2026 14:57:39 : EVT TRAININGLAB : TLab:Active input 0
#1263899 07.07.2026 14:57:39 : EVT LOGGER : Exercise started
#1263900 07.07.2026 14:57:39 : EVT BLE : HR RR on (64983913)
#1263901 07.07.2026 14:57:39 : TRC GPS : Full GNSS data subd l:0 c:802b0000
#1263902 07.07.2026 14:57:40 : EVT OHR : No HR update, invalidate by timer
#1263903 07.07.2026 14:57:41 : EVT ANALYTICS : Battery-> 3 soc:100
#1263904 07.07.2026 14:57:41 : EVT ANALYTICS : #FusHr src:0 time:0
#1263905 07.07.2026 14:57:41 : EVT ANALYTICS : #Act id:16
#1263906 07.07.2026 14:57:41 : EVT ANALYTICS : #powersave mode:p temp:26.3
#1263907 07.07.2026 14:57:41 : EVT ANALYTICS : GPSMODE:NOTUSED
#1263908 07.07.2026 14:57:41 : EVT ANALYTICS : #gnss d:2026-07-07T00:00:00Z
#1263909 07.07.2026 14:57:42 : EVT ANALYTICS : #zapp n:Weather e:1
#1263910 07.07.2026 14:57:42 : EVT ANALYTICS : #zapp n:Movement e:1
#1263911 07.07.2026 14:57:42 : EVT ANALYTICS : #zapp n:Climb Log e:1
#1263912 07.07.2026 14:57:42 : EVT OHR : new HR update
#1263913 07.07.2026 14:57:43 : EVT <Unknown> : 1783429062889:Off Skin Set.
#1263914 07.07.2026 14:57:44 : EVT LOGGER : Exercise paused
#1263915 07.07.2026 14:57:44 : WRN WBAPI : eID-691468(277): /Dive/Alarms/Acknowledge 404
#1263916 07.07.2026 14:57:44 : WRN WBAPI : eID-691468(277): /Dive/DiveGases 404
#1263917 07.07.2026 14:57:44 : WRN WBAPI : eID-691468(277): /Dive/Gauge/Next 404
#1263918 07.07.2026 14:57:45 : EVT BLE : lt,scan 1
#1263919 07.07.2026 14:57:45 : WRN BLE : sendDisconnect 6157
#1263920 07.07.2026 14:57:45 : ERR BLE : [AURA]No filters left, stopping scan
#1263921 07.07.2026 14:57:45 : ERR BLE : [AURA]Filter with handle 72 not found
#1263922 07.07.2026 14:57:45 : EVT BLE : packet 0 sensor found count 1
#1263923 07.07.2026 14:57:45 : EVT BLE : packet 0 sensor found count 2
#1263924 07.07.2026 14:57:47 : EVT OHR : No HR update, invalidate by timer
#1263925 07.07.2026 14:57:47 : EVT APPLICATION : Zapp climbl01:Disable
#1263926 07.07.2026 14:57:47 : EVT ANALYTICS : Zapp disabled i:5 h:a5e7afa5 n:Climb Log
#1263927 07.07.2026 14:57:47 : EVT APPLICATION : Zapp zzmoveen:Disable
#1263928 07.07.2026 14:57:47 : EVT ANALYTICS : Zapp disabled i:6 h:7aac0887 n:Movement
#1263929 07.07.2026 14:57:47 : EVT UI_FRAMEWORK : evalFile: b:/zapp/zzmoveen.fea/ext2.js from ui
#1263930 07.07.2026 14:57:47 : EVT APPLICATION : Zapp zzwethen:Disable
#1263931 07.07.2026 14:57:47 : EVT ANALYTICS : Zapp disabled i:8 h:3f77f8ec n:Weather
#1263932 07.07.2026 14:57:47 : EVT UI_FRAMEWORK : JS discard disable zapps
#1263933 07.07.2026 14:57:47 : EVT UI_FRAMEWORK : JS will discard
#1263934 07.07.2026 14:57:47 : EVT ANALYTICS : #ws AID:16 BM:1 NS:0 SP:0 ZN:0 TG:0 BL:0 GPS:0
#1263935 07.07.2026 14:57:47 : EVT ANALYTICS : #2ws AID:16 WHR:1 INT:0 AL:0 AP:0 FE:1 MC:1 TH:0
#1263936 07.07.2026 14:57:47 : EVT SPEEDFUSION : INFO # stop speed fusion
#1263937 07.07.2026 14:57:47 : EVT <Unknown> : Update pres sampl intrvl:5
#1263938 07.07.2026 14:57:47 : WRN APPLICATION : discard hrr meas l:3 d:0 sh:0 mh:0 v:0
#1263939 07.07.2026 14:57:47 : WRN WBAPI : eID-698eec(583/65535): 404
#1263940 07.07.2026 14:57:47 : EVT TRAININGZONE : User Define Mode:5
#1263941 07.07.2026 14:57:47 : EVT TRAININGZONE : Tss HR:0.05
#1263942 07.07.2026 14:57:47 : EVT TRAININGZONE : A:16,Tss:[-200.00,-200.00,-200.00,0.05]
#1263943 07.07.2026 14:57:47 : EVT TRAININGLAB : AppFeature Vo2Max 0.000000
#1263944 07.07.2026 14:57:47 : EVT TRAININGLAB : TLab:~Mode T 16143 + 1 A 4250 + 0
#1263945 07.07.2026 14:57:47 : EVT TRAININGLAB : TLab:Change mode 3->2
#1263946 07.07.2026 14:57:47 : EVT TRAININGLAB : TLab:Mode::userInfo 60, 200, 1, 37, 182, 950, 1990
#1263947 07.07.2026 14:57:47 : EVT LOGGER : LGR 934, 80
#1263948 07.07.2026 14:57:47 : EVT TRAININGLAB : ModeUnsub:91C5
#1263949 07.07.2026 14:57:47 : EVT OHR : S:start 0x2123
#1263950 07.07.2026 14:57:47 : EVT TRAININGLAB : ModeSub:0400
#1263951 07.07.2026 14:57:47 : EVT ANALYTICS : WAOae:Activity WAOae:16
#1263952 07.07.2026 14:57:47 : EVT ANALYTICS : WAOae:TotalAcc WAOae:0,0,0
#1263953 07.07.2026 14:57:47 : EVT ANALYTICS : WAOae:AccCount WAOae:0,0,0
#1263954 07.07.2026 14:57:47 : EVT ANALYTICS : WAOae:Distance WAOae:0,0,0
#1263955 07.07.2026 14:57:47 : EVT ANALYTICS : WAOae:Duration WAOae:0,0,0
#1263956 07.07.2026 14:57:47 : EVT ANALYTICS : WAOae:Coeff WAOae:0,40,240,390,773,7524,7624
#1263957 07.07.2026 14:57:47 : EVT LOGGER : Exercise stopped
#1263958 07.07.2026 14:57:47 : EVT BLE : HR RR off (64991936, 8023 ms missing)
#1263959 07.07.2026 14:57:47 : EVT BLE : HR RR done
#1263960 07.07.2026 14:57:47 : EVT LOGGER : HrIbiLogger stop, off (0 ms)
#1263961 07.07.2026 14:57:47 : EVT LOGGER : HrIbiLogger stopped (0 ms)
#1263962 07.07.2026 14:57:47 : TRC GPS : Unsubd c:802b0000
#1263963 07.07.2026 14:57:47 : EVT LOGGER : LGR 934, 80
#1263964 07.07.2026 14:57:48 : EVT ANALYTICS : SleepQ:Tracking:On
#1263965 07.07.2026 14:57:48 : EVT LOGGER : Wr dpc on
#1263966 07.07.2026 14:57:48 : EVT LOGGER : LGR 20993, 56
#1263967 07.07.2026 14:57:48 : EVT <Unknown> : 1783429067955:Meas start 0x2123
#1263968 07.07.2026 14:57:48 : EVT WBSTORAGE : CACHE_DEFRAG (680->840, 24->24, 25)
#1263969 07.07.2026 14:57:48 : EVT WBSTORAGE : CACHE_DEFRAG (824->832, 24->24, 25)
#1263970 07.07.2026 14:57:48 : EVT WBSTORAGE : CACHE_DEFRAG (816->824, 24->24, 25)
#1263971 07.07.2026 14:57:48 : TRC NAVIGATION : CG: no climb WP
#1263972 07.07.2026 14:57:48 : TRC NAVIGATION : CG:init ZoomType=0
#1263973 07.07.2026 14:57:48 : EVT NAVIGATION : initSeg Idx=0 D=1 T=0 3-0-4
#1263974 07.07.2026 14:57:48 : EVT WBSTORAGE : CACHE_DEFRAG (808->1024, 24->24, 25)
#1263975 07.07.2026 14:57:48 : EVT SPEEDFUSION : INFO # IDLE mode(-1) set
#1263976 07.07.2026 14:57:48 : EVT ALTIFUSION : AltiBaroMode:2
#1263977 07.07.2026 14:57:49 : EVT BLE : Disconn sensor:1
#1263978 07.07.2026 14:57:49 : EVT BLE : BLE Sensor Link 4800180D Disc (L-E-:00:0)
#1263979 07.07.2026 14:57:49 : WRN BLE : sendDisconnect 6157
#1263980 07.07.2026 14:57:49 : ERR BLE : [AURA]No filters left, stopping scan
#1263981 07.07.2026 14:57:50 : EVT ANALYTICS : #powersave mode:p temp:26.3
#1263982 07.07.2026 14:57:50 : EVT ANALYTICS : Battery-> 4 soc:100
#1263983 07.07.2026 14:57:51 : EVT UI_FRAMEWORK : JS discard
#1263984 07.07.2026 14:57:51 : WRN LOGGER : Delete b:logs/6A4CF7C3
#1263985 07.07.2026 14:57:52 : EVT OHR : No HR update, invalidate by timer
#1263986 07.07.2026 14:57:53 : EVT WBSTORAGE : CACHE_DEFRAG (1000->1008, 24->24, 25)
#1263987 07.07.2026 14:57:53 : EVT APPLICATION : Zapp zwc05901:Load script
#1263988 07.07.2026 14:57:53 : EVT APPLICATION : Zapp zwc05901:Enable
#1263989 07.07.2026 14:57:53 : EVT ANALYTICS : Zapp enabled i:3 h:ddb248f2 n:zwc05901 v:124f
#1263990 07.07.2026 14:57:53 : WRN WBAPI : eID-691468(277): /Weather/Current/ValidWeatherData.temp 
#1263991 07.07.2026 14:58:00 : EVT WBSTORAGE : CACHE_DEFRAG (880->888, 24->24, 25)
#1263992 07.07.2026 14:58:00 : EVT WBSTORAGE : CACHE_DEFRAG (840->872, 24->24, 25)
#1263993 07.07.2026 14:58:00 : EVT WBSTORAGE : CACHE_DEFRAG (848->856, 24->24, 25)
#1263994 07.07.2026 14:58:00 : EVT WBSTORAGE : CACHE_DEFRAG (840->848, 24->24, 25)
#1263995 07.07.2026 14:58:00 : TRC NAVIGATION : CG: no climb WP
#1263996 07.07.2026 14:58:00 : TRC NAVIGATION : CG:init ZoomType=0
#1263997 07.07.2026 14:58:00 : EVT NAVIGATION : initSeg Idx=0 D=1 T=0 3-0-4
#1263998 07.07.2026 14:58:00 : EVT WBSTORAGE : CACHE_DEFRAG (832->944, 24->24, 25)
#1263999 07.07.2026 14:58:00 : EVT ALTIFUSION : AltiBaroMode:0
#1264000 07.07.2026 14:58:00 : EVT ALTIFUSION : Init AltiBaro
#1264001 07.07.2026 14:58:00 : EVT APPLICATION : Zapp zwc05901:Disable
#1264002 07.07.2026 14:58:00 : EVT ANALYTICS : Zapp disabled i:3 h:ddb248f2 n:Vector classic
#1264003 07.07.2026 14:58:01 : EVT ANALYTICS : SleepQ:Tracking:On
#1264004 07.07.2026 14:58:01 : EVT ALTIFUSION : AltiBaroMode:0
#1264005 07.07.2026 14:58:01 : EVT ALTIFUSION : Init AltiBaro
#1264006 07.07.2026 14:58:01 : EVT WBSTORAGE : CACHE_DEFRAG (920->928, 24->24, 25)
#1264007 07.07.2026 14:58:01 : EVT UI_FRAMEWORK : JS nsto enable zapp: zzwethen
#1264008 07.07.2026 14:58:01 : EVT UI_FRAMEWORK : JS nsto enable zapp: zzmoveen
#1264009 07.07.2026 14:58:01 : EVT UI_FRAMEWORK : JS nsto enable zapp: climbl01
#1264010 07.07.2026 14:58:01 : EVT APPLICATION : Zapp zzwethen:Load script
#1264011 07.07.2026 14:58:01 : EVT APPLICATION : Zapp zzwethen:Enable
#1264012 07.07.2026 14:58:01 : EVT ANALYTICS : Zapp enabled i:8 h:3f77f8ec n:zzwethen v:ade
#1264013 07.07.2026 14:58:01 : EVT APPLICATION : Zapp clid:32878
#1264014 07.07.2026 14:58:01 : EVT APPLICATION : Zapp zzmoveen:Load script
#1264015 07.07.2026 14:58:01 : EVT APPLICATION : Zapp zzmoveen:Enable
#1264016 07.07.2026 14:58:01 : EVT ANALYTICS : Zapp enabled i:6 h:7aac0887 n:zzmoveen v:8e0
#1264017 07.07.2026 14:58:01 : EVT UI_FRAMEWORK : evalFile: b:/zapp/zzmoveen.fea/ext1.js from ui
#1264018 07.07.2026 14:58:01 : EVT APPLICATION : Zapp clid:32879
#1264019 07.07.2026 14:58:01 : EVT APPLICATION : Zapp climbl01:Load script
#1264020 07.07.2026 14:58:01 : EVT APPLICATION : Zapp climbl01:Enable
#1264021 07.07.2026 14:58:02 : EVT ANALYTICS : Zapp enabled i:5 h:a5e7afa5 n:climbl01 v:3.0
#1264022 07.07.2026 14:58:02 : EVT APPLICATION : Zapp clid:32880
#1264023 07.07.2026 14:58:02 : ERR WBMAIN : *0: app 597 Event 37 80995318
#1264024 07.07.2026 14:58:02 : ERR WBMAIN : 1: mea 9 Wait 0 00000000
#1264025 07.07.2026 14:58:02 : ERR WBMAIN : 2: ui 8 Wait 0 00000000
#1264026 07.07.2026 14:58:02 : EVT UI_FRAMEWORK : JS nsto all zapps enabled.
#1264027 07.07.2026 14:58:02 : EVT UI_FRAMEWORK : JS Prestart Activity Id: 16.000
#1264028 07.07.2026 14:58:02 : WRN WBAPI : eID-691468(277): /Dive/Alarms/Acknowledge 404
#1264029 07.07.2026 14:58:02 : WRN WBAPI : eID-691468(277): /Dive/DiveGases 404
#1264030 07.07.2026 14:58:02 : WRN WBAPI : eID-691468(277): /Dive/Gauge/Next 404
#1264031 07.07.2026 14:58:02 : EVT WBSTORAGE : CACHE_DEFRAG (880->888, 24->24, 25)
#1264032 07.07.2026 14:58:02 : EVT WBSTORAGE : CACHE_DEFRAG (816->824, 24->24, 25)
#1264033 07.07.2026 14:58:02 : EVT WBSTORAGE : CACHE_DEFRAG (752->760, 24->24, 25)
#1264034 07.07.2026 14:58:02 : EVT BLE : BLE Sensor Link 4800180D Conn (--E-:00:1)
#1264035 07.07.2026 14:58:02 : WRN BLE : sendConnect 6157
#1264036 07.07.2026 14:58:02 : WRN WBAPI : eID-691468(277): /Dive/TankPressure/Alarm/Count 404
#1264037 07.07.2026 14:58:02 : EVT SPEEDFUSION : INFO # start speed fusion
#1264038 07.07.2026 14:58:02 : EVT SPEEDFUSION : Act:16,Acc:0,BPod:0,FPod:0,PPod:0,BeltPod:1
#1264039 07.07.2026 14:58:02 : EVT SPEEDFUSION : INFO # Start algo without wrist acc
#1264040 07.07.2026 14:58:02 : EVT <Unknown> : Update pres sampl intrvl:1
#1264041 07.07.2026 14:58:02 : EVT OHR : S:start 0x21a3
#1264042 07.07.2026 14:58:02 : EVT TRAININGLAB : TLab:~Mode T 16144 + 3 A 4250 + 0
#1264043 07.07.2026 14:58:02 : EVT TRAININGLAB : TLab:Change mode 2->3
#1264044 07.07.2026 14:58:02 : EVT TRAININGLAB : TLab:Mode::userInfo 60, 200, 1, 37, 182, 950, 1990
#1264045 07.07.2026 14:58:02 : EVT LOGGER : Log space:30499506 bytes free
#1264046 07.07.2026 14:58:02 : EVT TRAININGLAB : ModeUnsub:2800
#1264047 07.07.2026 14:58:02 : EVT TRAININGLAB : ModeSub:9004
#1264048 07.07.2026 14:58:02 : EVT TRAININGLAB : TLab:Select input 0
#1264049 07.07.2026 14:58:02 : EVT TRAININGLAB : TLab:Active input 0
#1264050 07.07.2026 14:58:02 : EVT LOGGER : Exercise started
#1264051 07.07.2026 14:58:02 : EVT BLE : HR RR on (65006899)
#1264052 07.07.2026 14:58:02 : TRC GPS : Full GNSS data subd l:0 c:802b0000
#1264053 07.07.2026 14:58:03 : EVT <Unknown> : 1783429082699:Meas start 0x21a3
#1264054 07.07.2026 14:58:04 : EVT UI_FRAMEWORK : evalFile: b:/zapp/climbl01.fea/ext12.js from ui
#1264055 07.07.2026 14:58:04 : EVT ANALYTICS : Battery-> 3 soc:100
#1264056 07.07.2026 14:58:04 : EVT ANALYTICS : #FusHr src:0 time:0
#1264057 07.07.2026 14:58:04 : EVT ANALYTICS : #Act id:16
#1264058 07.07.2026 14:58:04 : EVT ANALYTICS : #powersave mode:p temp:26.8
#1264059 07.07.2026 14:58:04 : EVT ANALYTICS : GPSMODE:NOTUSED
#1264060 07.07.2026 14:58:04 : EVT ANALYTICS : #gnss d:2026-07-07T00:00:00Z
#1264061 07.07.2026 14:58:05 : EVT ANALYTICS : #zapp n:Weather e:1
#1264062 07.07.2026 14:58:05 : EVT ANALYTICS : #zapp n:Movement e:1
#1264063 07.07.2026 14:58:05 : EVT ANALYTICS : #zapp n:Climb Log e:1
#1264064 07.07.2026 14:58:07 : EVT OHR : No HR update, invalidate by timer
#1264065 07.07.2026 14:58:08 : EVT PMIC : VBUS state is ON
#1264066 07.07.2026 14:58:08 : EVT PMIC : chgCntl1:0x70
#1264067 07.07.2026 14:58:08 : EVT PMIC : check chgCntl1:0x74
#1264068 07.07.2026 14:58:08 : EVT PMIC : Turn charge ON since VBUS->ON
#1264069 07.07.2026 14:58:08 : EVT PMIC : PMIC temp zone:0x2
#1264070 07.07.2026 14:58:08 : EVT PMIC : PMIC Fast-charge constant cur
#1264071 07.07.2026 14:58:08 : EVT OHR : VBUS on
#1264072 07.07.2026 14:58:08 : EVT OHR : S:stop a3
#1264073 07.07.2026 14:58:08 : EVT <Unknown> : 1783429088974:Meas stop 0x21a3
#1264074 07.07.2026 14:58:09 : WRN <Unknown> : 1783429088974:FSM EVT STOP.
#1264075 07.07.2026 14:58:09 : EVT OHR : S:OFF 1->0
#1264076 07.07.2026 14:58:09 : EVT PMIC : VBUS state is ON
#1264077 07.07.2026 14:58:09 : EVT PMIC : PMIC temp zone:0x7
#1264078 07.07.2026 14:58:09 : EVT PMIC : VBUS state is OFF
#1264079 07.07.2026 14:58:09 : EVT PMIC : Turn charge OFF since VBUS->OFF
#1264080 07.07.2026 14:58:09 : EVT OHR : VBUS off
#1264081 07.07.2026 14:58:09 : EVT OHR : S:ON 0->1
#1264082 07.07.2026 14:58:09 : WRN WBAPI : eID-691468(277): /Dive/Alarms/Acknowledge 404
#1264083 07.07.2026 14:58:09 : WRN WBAPI : eID-691468(277): /Dive/DiveGases 404
#1264084 07.07.2026 14:58:09 : WRN WBAPI : eID-691468(277): /Dive/Gauge/Next 404
#1264085 07.07.2026 14:58:09 : EVT OHR : APPINIT:caps 0x1f4, 6b738616
#1264086 07.07.2026 14:58:09 : EVT <Unknown> : 1783429089972:AI@1783429089940, tz120
#1264087 07.07.2026 14:58:09 : EVT OHR : S:start 0x21a3
#1264088 07.07.2026 14:58:10 : EVT <Unknown> : 1783429089978:Meas start 0x21a3
#1264089 07.07.2026 14:58:10 : EVT <Unknown> : 1783429089988:PD1464, 0
#1264090 07.07.2026 14:58:10 : EVT <Unknown> : 1783429090076:GMV 20251126/1/4/0/395/46
#1264091 07.07.2026 14:58:10 : EVT <Unknown> : 1783429090337:Mi1.6.10, auth 0, hr_mode 0
#1264092 07.07.2026 14:58:10 : EVT ANALYTICS : #ws AID:16 BM:1 NS:0 SP:3 ZN:0 TG:0 BL:0 GPS:0
#1264093 07.07.2026 14:58:10 : EVT ANALYTICS : #2ws AID:16 WHR:1 INT:0 AL:0 AP:0 FE:1 MC:1 TH:0
#1264094 07.07.2026 14:58:11 : EVT <Unknown> : 1783429090588:On Skin Set.
#1264095 07.07.2026 14:58:12 : EVT BLE : lt,scan 1
#1264096 07.07.2026 14:58:12 : WRN BLE : sendDisconnect 6157
#1264097 07.07.2026 14:58:12 : ERR BLE : [AURA]No filters left, stopping scan
#1264098 07.07.2026 14:58:12 : ERR BLE : [AURA]Filter with handle 72 not found
#1264099 07.07.2026 14:58:12 : EVT BLE : packet 0 sensor found count 1
#1264100 07.07.2026 14:58:12 : EVT BLE : packet 0 sensor found count 2
#1264101 07.07.2026 14:58:12 : EVT TRAININGLAB : TLab:Input src 0 TO
#1264102 07.07.2026 14:58:12 : EVT TRAININGLAB : TLab:Active input 3
#1264103 07.07.2026 14:58:13 : EVT LOGGER : Exercise paused
#1264104 07.07.2026 14:58:13 : WRN WBAPI : eID-691468(277): /Dive/Alarms/Acknowledge 404
#1264105 07.07.2026 14:58:13 : WRN WBAPI : eID-691468(277): /Dive/DiveGases 404
#1264106 07.07.2026 14:58:13 : WRN WBAPI : eID-691468(277): /Dive/Gauge/Next 404
#1264107 07.07.2026 14:58:15 : ERR <Unknown> : 1783429094602:Mi invalid call:100,code:0.
#1264108 07.07.2026 14:58:16 : EVT APPLICATION : Zapp climbl01:Disable
#1264109 07.07.2026 14:58:16 : EVT ANALYTICS : Zapp disabled i:5 h:a5e7afa5 n:Climb Log
#1264110 07.07.2026 14:58:16 : EVT APPLICATION : Zapp zzmoveen:Disable
#1264111 07.07.2026 14:58:16 : EVT ANALYTICS : Zapp disabled i:6 h:7aac0887 n:Movement
#1264112 07.07.2026 14:58:16 : EVT UI_FRAMEWORK : evalFile: b:/zapp/zzmoveen.fea/ext2.js from ui
#1264113 07.07.2026 14:58:16 : EVT APPLICATION : Zapp zzwethen:Disable
#1264114 07.07.2026 14:58:16 : EVT ANALYTICS : Zapp disabled i:8 h:3f77f8ec n:Weather
#1264115 07.07.2026 14:58:16 : EVT UI_FRAMEWORK : JS discard disable zapps
#1264116 07.07.2026 14:58:16 : EVT UI_FRAMEWORK : JS will discard
#1264117 07.07.2026 14:58:16 : EVT SPEEDFUSION : INFO # stop speed fusion
#1264118 07.07.2026 14:58:16 : EVT <Unknown> : Update pres sampl intrvl:5
#1264119 07.07.2026 14:58:16 : WRN APPLICATION : discard hrr meas l:3 d:0 sh:0 mh:0 v:0
#1264120 07.07.2026 14:58:16 : WRN WBAPI : eID-698eec(583/65535): 404
#1264121 07.07.2026 14:58:16 : EVT TRAININGZONE : User Define Mode:5
#1264122 07.07.2026 14:58:16 : EVT TRAININGZONE : Tss HR:0.00
#1264123 07.07.2026 14:58:16 : EVT TRAININGZONE : A:16,Tss:[-200.00,-200.00,-200.00,0.00]
#1264124 07.07.2026 14:58:16 : EVT TRAININGLAB : AppFeature Vo2Max 0.000000
#1264125 07.07.2026 14:58:16 : EVT TRAININGLAB : TLab:~Mode T 16147 + 2 A 4250 + 0
#1264126 07.07.2026 14:58:16 : EVT TRAININGLAB : TLab:Change mode 3->2
#1264127 07.07.2026 14:58:16 : EVT TRAININGLAB : TLab:Mode::userInfo 60, 200, 1, 37, 182, 950, 1990
#1264128 07.07.2026 14:58:16 : EVT LOGGER : LGR 934, 80
#1264129 07.07.2026 14:58:16 : EVT TRAININGLAB : ModeUnsub:9145
#1264130 07.07.2026 14:58:16 : EVT OHR : S:start 0x2123
#1264131 07.07.2026 14:58:16 : EVT TRAININGLAB : ModeSub:0400
#1264132 07.07.2026 14:58:16 : EVT ANALYTICS : WAOae:Activity WAOae:16
#1264133 07.07.2026 14:58:16 : EVT ANALYTICS : WAOae:TotalAcc WAOae:0,0,0
#1264134 07.07.2026 14:58:16 : EVT ANALYTICS : WAOae:AccCount WAOae:0,0,0
#1264135 07.07.2026 14:58:16 : EVT ANALYTICS : WAOae:Distance WAOae:0,0,0
#1264136 07.07.2026 14:58:16 : EVT ANALYTICS : WAOae:Duration WAOae:0,0,0
#1264137 07.07.2026 14:58:16 : EVT ANALYTICS : WAOae:Coeff WAOae:0,40,240,390,773,7524,7624
#1264138 07.07.2026 14:58:16 : EVT LOGGER : Exercise stopped
#1264139 07.07.2026 14:58:16 : EVT BLE : HR RR off (65020521, 13622 ms missing)
#1264140 07.07.2026 14:58:16 : EVT BLE : HR RR done
#1264141 07.07.2026 14:58:16 : EVT LOGGER : HrIbiLogger stop, off (0 ms)
#1264142 07.07.2026 14:58:16 : EVT LOGGER : HrIbiLogger stopped (0 ms)
#1264143 07.07.2026 14:58:16 : TRC GPS : Unsubd c:802b0000
#1264144 07.07.2026 14:58:16 : EVT LOGGER : LGR 934, 80
#1264145 07.07.2026 14:58:16 : EVT ANALYTICS : SleepQ:Tracking:On
#1264146 07.07.2026 14:58:16 : EVT LOGGER : Wr dpc on
#1264147 07.07.2026 14:58:16 : EVT LOGGER : LGR 20993, 56
#1264148 07.07.2026 14:58:17 : EVT WBSTORAGE : CACHE_DEFRAG (680->1016, 24->24, 25)
#1264149 07.07.2026 14:58:17 : EVT <Unknown> : 1783429096524:Meas start 0x2123
#1264150 07.07.2026 14:58:17 : TRC NAVIGATION : CG: no climb WP
#1264151 07.07.2026 14:58:17 : TRC NAVIGATION : CG:init ZoomType=0
#1264152 07.07.2026 14:58:17 : EVT NAVIGATION : initSeg Idx=0 D=1 T=0 3-0-4
#1264153 07.07.2026 14:58:17 : EVT WBSTORAGE : CACHE_DEFRAG (1000->1024, 24->24, 25)
#1264154 07.07.2026 14:58:17 : EVT SPEEDFUSION : INFO # IDLE mode(-1) set
#1264155 07.07.2026 14:58:17 : EVT ALTIFUSION : AltiBaroMode:2
#1264156 07.07.2026 14:58:17 : EVT BLE : Disconn sensor:1
#1264157 07.07.2026 14:58:17 : EVT BLE : BLE Sensor Link 4800180D Disc (L-E-:00:0)
#1264158 07.07.2026 14:58:17 : WRN BLE : sendDisconnect 6157
#1264159 07.07.2026 14:58:17 : ERR BLE : [AURA]No filters left, stopping scan
#1264160 07.07.2026 14:58:18 : EVT ANALYTICS : #powersave mode:p temp:26.9
#1264161 07.07.2026 14:58:18 : EVT ANALYTICS : Battery-> 4 soc:100
#1264162 07.07.2026 14:58:18 : EVT OHR : No HR update, invalidate by timer
#1264163 07.07.2026 14:58:20 : EVT UI_FRAMEWORK : JS discard
#1264164 07.07.2026 14:58:20 : WRN LOGGER : Delete b:logs/6A4CF7DA
#1264165 07.07.2026 14:58:22 : EVT WBSTORAGE : CACHE_DEFRAG (1000->1008, 24->24, 25)
#1264166 07.07.2026 14:58:22 : EVT APPLICATION : Zapp zwc05901:Load script
#1264167 07.07.2026 14:58:22 : EVT APPLICATION : Zapp zwc05901:Enable
#1264168 07.07.2026 14:58:22 : EVT ANALYTICS : Zapp enabled i:3 h:ddb248f2 n:zwc05901 v:124f
#1264169 07.07.2026 14:58:22 : WRN WBAPI : eID-691468(277): /Weather/Current/ValidWeatherData.temp 
#1264170 07.07.2026 14:58:24 : EVT <Unknown> : 1783429103366:Off Skin Set.
#1264171 07.07.2026 14:58:25 : EVT WBSTORAGE : CACHE_DEFRAG (880->888, 24->24, 25)
#1264172 07.07.2026 14:58:25 : EVT WBSTORAGE : CACHE_DEFRAG (840->864, 24->24, 25)
#1264173 07.07.2026 14:58:25 : EVT WBSTORAGE : CACHE_DEFRAG (840->848, 24->24, 25)
#1264174 07.07.2026 14:58:25 : TRC NAVIGATION : CG: no climb WP
#1264175 07.07.2026 14:58:25 : TRC NAVIGATION : CG:init ZoomType=0
#1264176 07.07.2026 14:58:25 : EVT NAVIGATION : initSeg Idx=0 D=1 T=0 3-0-4
#1264177 07.07.2026 14:58:25 : EVT WBSTORAGE : CACHE_DEFRAG (832->944, 24->24, 25)
#1264178 07.07.2026 14:58:25 : EVT ALTIFUSION : AltiBaroMode:0
#1264179 07.07.2026 14:58:25 : EVT ALTIFUSION : Init AltiBaro
#1264180 07.07.2026 14:58:25 : EVT APPLICATION : Zapp zwc05901:Disable
#1264181 07.07.2026 14:58:25 : EVT ANALYTICS : Zapp disabled i:3 h:ddb248f2 n:Vector classic
#1264182 07.07.2026 14:58:26 : EVT ANALYTICS : SleepQ:Tracking:On
#1264183 07.07.2026 14:58:26 : EVT ALTIFUSION : AltiBaroMode:0
#1264184 07.07.2026 14:58:26 : EVT ALTIFUSION : Init AltiBaro
#1264185 07.07.2026 14:58:26 : EVT WBSTORAGE : CACHE_DEFRAG (920->928, 24->24, 25)
#1264186 07.07.2026 14:58:26 : EVT UI_FRAMEWORK : JS nsto enable zapp: zzwethen
#1264187 07.07.2026 14:58:26 : EVT UI_FRAMEWORK : JS nsto enable zapp: zzmoveen
#1264188 07.07.2026 14:58:26 : EVT UI_FRAMEWORK : JS nsto enable zapp: climbl01
#1264189 07.07.2026 14:58:26 : EVT APPLICATION : Zapp zzwethen:Load script
#1264190 07.07.2026 14:58:26 : EVT APPLICATION : Zapp zzwethen:Enable
#1264191 07.07.2026 14:58:26 : EVT ANALYTICS : Zapp enabled i:8 h:3f77f8ec n:zzwethen v:ade
#1264192 07.07.2026 14:58:26 : EVT APPLICATION : Zapp clid:32878
#1264193 07.07.2026 14:58:26 : EVT APPLICATION : Zapp zzmoveen:Load script
#1264194 07.07.2026 14:58:26 : EVT APPLICATION : Zapp zzmoveen:Enable
#1264195 07.07.2026 14:58:26 : EVT ANALYTICS : Zapp enabled i:6 h:7aac0887 n:zzmoveen v:8e0
#1264196 07.07.2026 14:58:26 : EVT UI_FRAMEWORK : evalFile: b:/zapp/zzmoveen.fea/ext1.js from ui
#1264197 07.07.2026 14:58:26 : EVT APPLICATION : Zapp clid:32879
#1264198 07.07.2026 14:58:26 : EVT APPLICATION : Zapp climbl01:Load script
#1264199 07.07.2026 14:58:26 : EVT APPLICATION : Zapp climbl01:Enable
#1264200 07.07.2026 14:58:26 : EVT ANALYTICS : Zapp enabled i:5 h:a5e7afa5 n:climbl01 v:3.0
#1264201 07.07.2026 14:58:26 : EVT APPLICATION : Zapp clid:32880
#1264202 07.07.2026 14:58:26 : EVT UI_FRAMEWORK : JS nsto all zapps enabled.
#1264203 07.07.2026 14:58:26 : EVT UI_FRAMEWORK : JS Prestart Activity Id: 16.000
#1264204 07.07.2026 14:58:26 : WRN WBAPI : eID-691468(277): /Dive/Alarms/Acknowledge 404
#1264205 07.07.2026 14:58:26 : WRN WBAPI : eID-691468(277): /Dive/DiveGases 404
#1264206 07.07.2026 14:58:26 : WRN WBAPI : eID-691468(277): /Dive/Gauge/Next 404
#1264207 07.07.2026 14:58:26 : EVT WBSTORAGE : CACHE_DEFRAG (880->888, 24->24, 25)
#1264208 07.07.2026 14:58:26 : EVT WBSTORAGE : CACHE_DEFRAG (816->824, 24->24, 25)
#1264209 07.07.2026 14:58:26 : EVT WBSTORAGE : CACHE_DEFRAG (752->760, 24->24, 25)
#1264210 07.07.2026 14:58:26 : EVT BLE : BLE Sensor Link 4800180D Conn (--E-:00:1)
#1264211 07.07.2026 14:58:26 : WRN BLE : sendConnect 6157
#1264212 07.07.2026 14:58:27 : WRN WBAPI : eID-691468(277): /Dive/TankPressure/Alarm/Count 404
#1264213 07.07.2026 14:58:27 : EVT SPEEDFUSION : INFO # start speed fusion
#1264214 07.07.2026 14:58:27 : EVT SPEEDFUSION : Act:16,Acc:0,BPod:0,FPod:0,PPod:0,BeltPod:1
#1264215 07.07.2026 14:58:27 : EVT SPEEDFUSION : INFO # Start algo without wrist acc
#1264216 07.07.2026 14:58:27 : EVT <Unknown> : Update pres sampl intrvl:1
#1264217 07.07.2026 14:58:27 : EVT OHR : S:start 0x21a3
#1264218 07.07.2026 14:58:27 : EVT TRAININGLAB : TLab:~Mode T 16149 + 2 A 4250 + 0
#1264219 07.07.2026 14:58:27 : EVT TRAININGLAB : TLab:Change mode 2->3
#1264220 07.07.2026 14:58:27 : EVT TRAININGLAB : TLab:Mode::userInfo 60, 200, 1, 37, 182, 950, 1990
#1264221 07.07.2026 14:58:27 : EVT LOGGER : Log space:30499506 bytes free
#1264222 07.07.2026 14:58:27 : EVT TRAININGLAB : ModeUnsub:2800
#1264223 07.07.2026 14:58:27 : EVT TRAININGLAB : ModeSub:9004
#1264224 07.07.2026 14:58:27 : EVT TRAININGLAB : TLab:Select input 0
#1264225 07.07.2026 14:58:27 : EVT TRAININGLAB : TLab:Active input 0
#1264226 07.07.2026 14:58:27 : EVT LOGGER : Exercise started
#1264227 07.07.2026 14:58:27 : EVT BLE : HR RR on (65031389)
#1264228 07.07.2026 14:58:27 : TRC GPS : Full GNSS data subd l:0 c:802b0000
#1264229 07.07.2026 14:58:28 : EVT <Unknown> : 1783429107161:Meas start 0x21a3
#1264230 07.07.2026 14:58:28 : EVT UI_FRAMEWORK : evalFile: b:/zapp/climbl01.fea/ext12.js from ui
#1264231 07.07.2026 14:58:29 : EVT ANALYTICS : Battery-> 3 soc:100
#1264232 07.07.2026 14:58:29 : EVT ANALYTICS : #FusHr src:0 time:0
#1264233 07.07.2026 14:58:29 : EVT ANALYTICS : #Act id:16
#1264234 07.07.2026 14:58:29 : EVT ANALYTICS : #powersave mode:p temp:27.5
#1264235 07.07.2026 14:58:29 : EVT ANALYTICS : GPSMODE:NOTUSED
#1264236 07.07.2026 14:58:29 : EVT ANALYTICS : #gnss d:2026-07-07T00:00:00Z
#1264237 07.07.2026 14:58:29 : EVT ANALYTICS : #zapp n:Weather e:1
#1264238 07.07.2026 14:58:29 : EVT ANALYTICS : #zapp n:Movement e:1
#1264239 07.07.2026 14:58:29 : EVT ANALYTICS : #zapp n:Climb Log e:1
#1264240 07.07.2026 14:58:31 : EVT OHR : No HR update, invalidate by timer
#1264241 07.07.2026 14:58:32 : EVT PMIC : VBUS state is ON
#1264242 07.07.2026 14:58:32 : EVT PMIC : chgCntl1:0x70
#1264243 07.07.2026 14:58:32 : EVT PMIC : check chgCntl1:0x74
#1264244 07.07.2026 14:58:32 : EVT PMIC : Turn charge ON since VBUS->ON
#1264245 07.07.2026 14:58:32 : EVT PMIC : PMIC temp zone:0x2
#1264246 07.07.2026 14:58:32 : EVT PMIC : PMIC Fast-charge constant cur
#1264247 07.07.2026 14:58:32 : EVT OHR : VBUS on
#1264248 07.07.2026 14:58:32 : EVT OHR : S:stop a3
#1264249 07.07.2026 14:58:32 : EVT <Unknown> : 1783429112512:Meas stop 0x21a3
#1264250 07.07.2026 14:58:32 : WRN <Unknown> : 1783429112512:FSM EVT STOP.
#1264251 07.07.2026 14:58:32 : EVT OHR : S:OFF 1->0
#1264252 07.07.2026 14:58:32 : EVT PMIC : VBUS state is ON
#1264253 07.07.2026 14:58:32 : EVT PMIC : PMIC temp zone:0x7
#1264254 07.07.2026 14:58:33 : EVT PMIC : VBUS state is OFF
#1264255 07.07.2026 14:58:33 : EVT PMIC : Turn charge OFF since VBUS->OFF
#1264256 07.07.2026 14:58:33 : EVT OHR : VBUS off
#1264257 07.07.2026 14:58:33 : EVT OHR : S:ON 0->1
#1264258 07.07.2026 14:58:33 : WRN WBAPI : eID-691468(277): /Dive/Alarms/Acknowledge 404
#1264259 07.07.2026 14:58:33 : WRN WBAPI : eID-691468(277): /Dive/DiveGases 404
#1264260 07.07.2026 14:58:33 : WRN WBAPI : eID-691468(277): /Dive/Gauge/Next 404
#1264261 07.07.2026 14:58:33 : EVT OHR : APPINIT:caps 0x1f4, 6b738616
#1264262 07.07.2026 14:58:33 : EVT <Unknown> : 1783429113354:AI@1783429113330, tz120
#1264263 07.07.2026 14:58:33 : EVT OHR : S:start 0x21a3
#1264264 07.07.2026 14:58:33 : EVT <Unknown> : 1783429113360:Meas start 0x21a3
#1264265 07.07.2026 14:58:33 : EVT <Unknown> : 1783429113370:PD1464, 0
#1264266 07.07.2026 14:58:33 : EVT <Unknown> : 1783429113428:GMV 20251126/1/4/0/395/46
#1264267 07.07.2026 14:58:33 : EVT <Unknown> : 1783429113681:Mi1.6.10, auth 0, hr_mode 0
#1264268 07.07.2026 14:58:34 : EVT <Unknown> : 1783429114238:On Skin Set.
#1264269 07.07.2026 14:58:34 : EVT LOGGER : Exercise paused
#1264270 07.07.2026 14:58:34 : WRN WBAPI : eID-691468(277): /Dive/Alarms/Acknowledge 404
#1264271 07.07.2026 14:58:34 : WRN WBAPI : eID-691468(277): /Dive/DiveGases 404
#1264272 07.07.2026 14:58:34 : WRN WBAPI : eID-691468(277): /Dive/Gauge/Next 404
#1264273 07.07.2026 14:58:35 : EVT ANALYTICS : #ws AID:16 BM:1 NS:0 SP:3 ZN:0 TG:0 BL:0 GPS:0
#1264274 07.07.2026 14:58:35 : EVT ANALYTICS : #2ws AID:16 WHR:1 INT:0 AL:0 AP:0 FE:1 MC:1 TH:0
#1264275 07.07.2026 14:58:35 : EVT <Unknown> : 1783429115550:Off Skin Set.
#1264276 07.07.2026 14:58:36 : EVT BLE : lt,scan 1
#1264277 07.07.2026 14:58:36 : WRN BLE : sendDisconnect 6157
#1264278 07.07.2026 14:58:36 : ERR BLE : [AURA]No filters left, stopping scan
#1264279 07.07.2026 14:58:36 : ERR BLE : [AURA]Filter with handle 72 not found
#1264280 07.07.2026 14:58:36 : EVT BLE : packet 0 sensor found count 1
#1264281 07.07.2026 14:58:36 : EVT BLE : packet 0 sensor found count 2
#1264282 07.07.2026 14:58:36 : EVT APPLICATION : Zapp climbl01:Disable
#1264283 07.07.2026 14:58:36 : EVT ANALYTICS : Zapp disabled i:5 h:a5e7afa5 n:Climb Log
#1264284 07.07.2026 14:58:36 : EVT APPLICATION : Zapp zzmoveen:Disable
#1264285 07.07.2026 14:58:37 : EVT ANALYTICS : Zapp disabled i:6 h:7aac0887 n:Movement
#1264286 07.07.2026 14:58:37 : EVT UI_FRAMEWORK : evalFile: b:/zapp/zzmoveen.fea/ext2.js from ui
#1264287 07.07.2026 14:58:37 : EVT APPLICATION : Zapp zzwethen:Disable
#1264288 07.07.2026 14:58:37 : EVT ANALYTICS : Zapp disabled i:8 h:3f77f8ec n:Weather
#1264289 07.07.2026 14:58:37 : EVT UI_FRAMEWORK : JS discard disable zapps
#1264290 07.07.2026 14:58:37 : EVT UI_FRAMEWORK : JS will discard
#1264291 07.07.2026 14:58:37 : EVT SPEEDFUSION : INFO # stop speed fusion
#1264292 07.07.2026 14:58:37 : EVT <Unknown> : Update pres sampl intrvl:5
#1264293 07.07.2026 14:58:37 : WRN APPLICATION : discard hrr meas l:3 d:0 sh:0 mh:0 v:0
#1264294 07.07.2026 14:58:37 : WRN WBAPI : eID-698eec(583/65535): 404
#1264295 07.07.2026 14:58:37 : EVT TRAININGZONE : User Define Mode:5
#1264296 07.07.2026 14:58:37 : EVT TRAININGZONE : Tss HR:0.00
#1264297 07.07.2026 14:58:37 : EVT TRAININGZONE : A:16,Tss:[-200.00,-200.00,-200.00,0.00]
#1264298 07.07.2026 14:58:37 : EVT TRAININGLAB : AppFeature Vo2Max 0.000000
#1264299 07.07.2026 14:58:37 : EVT TRAININGLAB : TLab:~Mode T 16151 + 1 A 4250 + 0
#1264300 07.07.2026 14:58:37 : EVT TRAININGLAB : TLab:Change mode 3->2
#1264301 07.07.2026 14:58:37 : EVT TRAININGLAB : TLab:Mode::userInfo 60, 200, 1, 37, 182, 950, 1990
#1264302 07.07.2026 14:58:37 : EVT LOGGER : LGR 934, 80
#1264303 07.07.2026 14:58:37 : EVT TRAININGLAB : ModeUnsub:91C5
#1264304 07.07.2026 14:58:37 : EVT OHR : S:start 0x2123
#1264305 07.07.2026 14:58:37 : EVT TRAININGLAB : ModeSub:0400
#1264306 07.07.2026 14:58:37 : EVT ANALYTICS : WAOae:Activity WAOae:16
#1264307 07.07.2026 14:58:37 : EVT ANALYTICS : WAOae:TotalAcc WAOae:0,0,0
#1264308 07.07.2026 14:58:37 : EVT ANALYTICS : WAOae:AccCount WAOae:0,0,0
#1264309 07.07.2026 14:58:37 : EVT ANALYTICS : WAOae:Distance WAOae:0,0,0
#1264310 07.07.2026 14:58:37 : EVT ANALYTICS : WAOae:Duration WAOae:0,0,0
#1264311 07.07.2026 14:58:37 : EVT ANALYTICS : WAOae:Coeff WAOae:0,40,240,390,773,7524,7624
#1264312 07.07.2026 14:58:37 : EVT LOGGER : Exercise stopped
#1264313 07.07.2026 14:58:37 : EVT BLE : HR RR off (65041136, 9747 ms missing)
#1264314 07.07.2026 14:58:37 : EVT BLE : HR RR done
#1264315 07.07.2026 14:58:37 : EVT LOGGER : HrIbiLogger stop, off (0 ms)
#1264316 07.07.2026 14:58:37 : EVT LOGGER : HrIbiLogger stopped (0 ms)
#1264317 07.07.2026 14:58:37 : TRC GPS : Unsubd c:802b0000
#1264318 07.07.2026 14:58:37 : EVT LOGGER : LGR 934, 80
#1264319 07.07.2026 14:58:37 : EVT ANALYTICS : SleepQ:Tracking:On
#1264320 07.07.2026 14:58:37 : EVT LOGGER : Wr dpc on
#1264321 07.07.2026 14:58:37 : EVT LOGGER : LGR 20993, 56
#1264322 07.07.2026 14:58:37 : EVT <Unknown> : 1783429117135:Meas start 0x2123
#1264323 07.07.2026 14:58:37 : EVT <Unknown> : 1783429117302:On Skin Set.
#1264324 07.07.2026 14:58:37 : EVT <Unknown> : 1783429117493:Off Skin Set.
#1264325 07.07.2026 14:58:37 : EVT WBSTORAGE : CACHE_DEFRAG (680->840, 24->24, 25)
#1264326 07.07.2026 14:58:37 : EVT WBSTORAGE : CACHE_DEFRAG (824->832, 24->24, 25)
#1264327 07.07.2026 14:58:37 : EVT WBSTORAGE : CACHE_DEFRAG (816->824, 24->24, 25)
#1264328 07.07.2026 14:58:37 : TRC NAVIGATION : CG: no climb WP
#1264329 07.07.2026 14:58:37 : TRC NAVIGATION : CG:init ZoomType=0
#1264330 07.07.2026 14:58:37 : EVT NAVIGATION : initSeg Idx=0 D=1 T=0 3-0-4
#1264331 07.07.2026 14:58:37 : EVT WBSTORAGE : CACHE_DEFRAG (808->1024, 24->24, 25)
#1264332 07.07.2026 14:58:37 : EVT SPEEDFUSION : INFO # IDLE mode(-1) set
#1264333 07.07.2026 14:58:37 : EVT ALTIFUSION : AltiBaroMode:2
#1264334 07.07.2026 14:58:38 : EVT BLE : Disconn sensor:1
#1264335 07.07.2026 14:58:38 : EVT BLE : BLE Sensor Link 4800180D Disc (L-E-:00:0)
#1264336 07.07.2026 14:58:38 : WRN BLE : sendDisconnect 6157
#1264337 07.07.2026 14:58:38 : ERR BLE : [AURA]No filters left, stopping scan
#1264338 07.07.2026 14:58:39 : EVT ANALYTICS : #powersave mode:p temp:27.6
#1264339 07.07.2026 14:58:39 : EVT ANALYTICS : Battery-> 4 soc:100
#1264340 07.07.2026 14:58:39 : EVT OHR : No HR update, invalidate by timer
#1264341 07.07.2026 14:58:40 : EVT PMIC : VBUS state is ON
#1264342 07.07.2026 14:58:40 : EVT PMIC : chgCntl1:0x70
#1264343 07.07.2026 14:58:40 : EVT PMIC : check chgCntl1:0x74
#1264344 07.07.2026 14:58:40 : EVT PMIC : Turn charge ON since VBUS->ON
#1264345 07.07.2026 14:58:40 : EVT PMIC : PMIC temp zone:0x2
#1264346 07.07.2026 14:58:40 : EVT PMIC : PMIC Fast-charge constant cur
#1264347 07.07.2026 14:58:40 : EVT OHR : VBUS on
#1264348 07.07.2026 14:58:40 : EVT OHR : S:stop 23
#1264349 07.07.2026 14:58:40 : TRC APPLICATION : Notification n-char not allowed (247 < 255)
#1264350 07.07.2026 14:58:40 : EVT <Unknown> : 1783429120632:Meas stop 0x2123
#1264351 07.07.2026 14:58:40 : WRN <Unknown> : 1783429120632:FSM EVT STOP.
#1264352 07.07.2026 14:58:40 : EVT OHR : S:OFF 1->0
#1264353 07.07.2026 14:58:40 : EVT UI_FRAMEWORK : JS discard
#1264354 07.07.2026 14:58:40 : EVT PMIC : PMIC Fast-charge constant cur
#1264355 07.07.2026 14:58:40 : WRN LOGGER : Delete b:logs/6A4CF7F3
#1264356 07.07.2026 14:58:40 : EVT PMIC : PMIC Precharge
#1264357 07.07.2026 14:58:40 : EVT PMIC : PMIC Fast-charge constant cur
#1264358 07.07.2026 14:58:40 : EVT PMIC : PMIC Fast-charge constant cur
#1264359 07.07.2026 14:58:40 : EVT PMIC : PMIC Fast-charge constant cur
#1264360 07.07.2026 14:58:40 : EVT PMIC : PMIC Fast-charge constant cur
#1264361 07.07.2026 14:58:40 : EVT PMIC : PMIC Fast-charge constant cur
#1264362 07.07.2026 14:58:40 : EVT PMIC : PMIC Fast-charge constant cur
#1264363 07.07.2026 14:58:40 : EVT PMIC : PMIC Fast-charge constant cur
#1264364 07.07.2026 14:58:41 : EVT PMIC : PMIC Maintain charge
#1264365 07.07.2026 14:58:43 : EVT WBSTORAGE : CACHE_DEFRAG (1000->1008, 24->24, 25)
#1264366 07.07.2026 14:58:43 : EVT PMIC : PMIC Fast-charge constant cur
#1264367 07.07.2026 14:58:43 : EVT PMIC : PMIC Fast-charge constant cur
#1264368 07.07.2026 14:58:43 : EVT APPLICATION : Zapp zwc05901:Load script
#1264369 07.07.2026 14:58:43 : EVT PMIC : PMIC Fast-charge constant cur
#1264370 07.07.2026 14:58:43 : EVT PMIC : PMIC Fast-charge constant cur
#1264371 07.07.2026 14:58:43 : EVT APPLICATION : Zapp zwc05901:Enable
#1264372 07.07.2026 14:58:43 : EVT ANALYTICS : Zapp enabled i:3 h:ddb248f2 n:zwc05901 v:124f
#1264373 07.07.2026 14:58:43 : WRN WBAPI : eID-691468(277): /Weather/Current/ValidWeatherData.temp 
#1264374 07.07.2026 14:58:43 : EVT PMIC : PMIC Maintain charge
#1264375 07.07.2026 14:58:43 : EVT PMIC : PMIC Fast-charge constant cur
#1264376 07.07.2026 14:58:43 : EVT PMIC : PMIC Fast-charge constant cur
#1264377 07.07.2026 14:58:43 : EVT PMIC : PMIC Fast-charge constant cur
#1264378 07.07.2026 14:58:43 : EVT PMIC : PMIC Fast-charge constant cur
#1264379 07.07.2026 14:58:44 : EVT PMIC : PMIC Fast-charge constant cur
#1264380 07.07.2026 14:58:44 : EVT PMIC : PMIC Fast-charge constant cur
#1264381 07.07.2026 14:58:44 : EVT PMIC : PMIC Fast-charge constant cur
#1264382 07.07.2026 14:58:44 : EVT PMIC : PMIC Fast-charge constant cur
#1264383 07.07.2026 14:58:44 : EVT PMIC : PMIC Fast-charge constant cur
#1264384 07.07.2026 14:58:44 : EVT PMIC : PMIC Precharge
#1264385 07.07.2026 14:58:44 : EVT PMIC : PMIC Fast-charge constant cur
#1264386 07.07.2026 14:58:44 : EVT PMIC : PMIC Fast-charge constant cur
#1264387 07.07.2026 14:58:44 : EVT PMIC : PMIC Maintain charge
#1264388 07.07.2026 14:58:45 : EVT PMIC : PMIC Fast-charge constant cur
#1264389 07.07.2026 14:58:45 : EVT PMIC : PMIC Fast-charge constant cur
#1264390 07.07.2026 14:58:45 : EVT PMIC : PMIC Fast-charge constant cur
#1264391 07.07.2026 14:58:45 : EVT PMIC : PMIC Fast-charge constant cur
#1264392 07.07.2026 14:58:45 : EVT PMIC : PMIC Fast-charge constant cur
#1264393 07.07.2026 14:58:45 : EVT PMIC : PMIC Fast-charge constant cur
#1264394 07.07.2026 14:58:45 : EVT PMIC : PMIC Fast-charge constant cur
#1264395 07.07.2026 14:58:45 : EVT PMIC : PMIC Fast-charge constant cur
#1264396 07.07.2026 14:58:45 : EVT PMIC : PMIC Precharge
#1264397 07.07.2026 14:58:45 : EVT PMIC : PMIC Fast-charge constant cur
#1264398 07.07.2026 14:58:45 : EVT PMIC : PMIC Fast-charge constant cur
#1264399 07.07.2026 14:58:45 : EVT PMIC : PMIC Fast-charge constant cur
#1264400 07.07.2026 14:58:45 : EVT PMIC : PMIC Fast-charge constant cur
#1264401 07.07.2026 14:58:45 : EVT PMIC : PMIC Precharge
#1264402 07.07.2026 14:58:45 : EVT PMIC : PMIC Fast-charge constant cur
#1264403 07.07.2026 14:58:45 : EVT PMIC : PMIC Fast-charge constant cur
#1264404 07.07.2026 14:58:45 : EVT PMIC : PMIC Maintain charge
#1264405 07.07.2026 14:58:47 : EVT PMIC : PMIC Fast-charge constant cur
#1264406 07.07.2026 14:58:47 : EVT PMIC : PMIC temp zone:0x7
#1264407 07.07.2026 14:58:47 : EVT PMIC : VBUS state is OFF
#1264408 07.07.2026 14:58:47 : EVT PMIC : Turn charge OFF since VBUS->OFF
#1264409 07.07.2026 14:58:47 : EVT OHR : VBUS off
#1264410 07.07.2026 14:58:47 : EVT OHR : S:ON 0->1
#1264411 07.07.2026 14:58:47 : EVT OHR : APPINIT:caps 0x1f4, 6b738616
#1264412 07.07.2026 14:58:47 : EVT <Unknown> : 1783429127764:AI@1783429127740, tz120
#1264413 07.07.2026 14:58:47 : EVT OHR : S:start 0x2123
#1264414 07.07.2026 14:58:47 : EVT <Unknown> : 1783429127797:Meas start 0x2123
#1264415 07.07.2026 14:58:48 : EVT <Unknown> : 1783429127812:PD1464, 0
#1264416 07.07.2026 14:58:48 : EVT <Unknown> : 1783429127875:GMV 20251126/1/4/0/395/46
#1264417 07.07.2026 14:58:48 : EVT <Unknown> : 1783429128129:Mi1.6.10, auth 0, hr_mode 0
#1264418 07.07.2026 14:58:48 : EVT PMIC : VBUS state is ON
#1264419 07.07.2026 14:58:48 : EVT PMIC : chgCntl1:0x70
#1264420 07.07.2026 14:58:48 : EVT PMIC : check chgCntl1:0x74
#1264421 07.07.2026 14:58:48 : EVT PMIC : Turn charge ON since VBUS->ON
#1264422 07.07.2026 14:58:48 : EVT PMIC : PMIC temp zone:0x2
#1264423 07.07.2026 14:58:48 : EVT PMIC : PMIC Fast-charge constant cur
#1264424 07.07.2026 14:58:48 : EVT OHR : VBUS on
#1264425 07.07.2026 14:58:48 : EVT OHR : S:stop 23
#1264426 07.07.2026 14:58:48 : EVT <Unknown> : 1783429128577:Meas stop 0x2123
#1264427 07.07.2026 14:58:48 : EVT PMIC : VBUS state is ON
#1264428 07.07.2026 14:58:48 : WRN <Unknown> : 1783429128577:FSM EVT STOP.
#1264429 07.07.2026 14:58:48 : EVT OHR : S:OFF 1->0
#1264430 07.07.2026 14:58:50 : TRC FUEL_GAUGE : Chg->1,B:5,C:1.4,V:4429,U:1,bF:100%,bC:100%
#1264431 07.07.2026 14:58:50 : EVT PMIC : PMIC Fast-charge constant cur
#1264432 07.07.2026 14:58:50 : EVT ANALYTICS : Battery-> 2 soc:100
#1264433 07.07.2026 14:58:52 : EVT PMIC : PMIC Maintain charge
#1264434 07.07.2026 14:59:12 : EVT WBCOMM : P-9 connection made to ECSD00000000
#1264435 07.07.2026 14:59:12 : EVT WBCOMM : New Route: ECSD00000000
#1264436 07.07.2026 14:59:32 : EVT PMIC : PMIC Fast-charge constant cur
#1264437 07.07.2026 14:59:32 : EVT PMIC : PMIC Fast-charge constant cur
#1264438 07.07.2026 14:59:32 : EVT PMIC : PMIC Fast-charge constant cur
#1264439 07.07.2026 14:59:32 : EVT PMIC : PMIC Fast-charge constant cur
#1264440 07.07.2026 14:59:32 : EVT PMIC : PMIC Fast-charge constant cur
#1264441 07.07.2026 14:59:32 : EVT PMIC : PMIC Fast-charge constant cur
#1264442 07.07.2026 14:59:32 : EVT PMIC : PMIC Fast-charge constant cur
#1264443 07.07.2026 14:59:32 : WRN WBCOMM : Route ECSD00000000 error 504: Dropping existing connecti
#1264444 07.07.2026 14:59:32 : EVT PMIC : PMIC Fast-charge constant cur
#1264445 07.07.2026 14:59:33 : EVT WBCOMM : Route lost: ECSD00000000
#1264446 07.07.2026 14:59:33 : EVT WBCOMM : P-9 connection made to ECSD00000000
#1264447 07.07.2026 14:59:33 : EVT WBCOMM : New Route: ECSD00000000
#1264448 07.07.2026 14:59:33 : EVT PMIC : PMIC Fast-charge constant cur
#1264449 07.07.2026 14:59:33 : EVT PMIC : PMIC Fast-charge constant cur
#1264450 07.07.2026 14:59:33 : EVT PMIC : PMIC Fast-charge constant cur
#1264451 07.07.2026 14:59:33 : WRN WBAPI : eID-691468(277): /Weather/Current/ValidWeatherData.temp 
#1264452 07.07.2026 14:59:35 : EVT PMIC : PMIC Precharge
#1264453 07.07.2026 14:59:35 : EVT PMIC : PMIC Fast-charge constant cur
#1264454 07.07.2026 14:59:35 : EVT PMIC : PMIC Fast-charge constant cur
#1264455 07.07.2026 14:59:35 : EVT PMIC : PMIC Fast-charge constant cur
#1264456 07.07.2026 14:59:35 : EVT PMIC : PMIC Fast-charge constant cur
#1264457 07.07.2026 14:59:35 : EVT PMIC : PMIC Fast-charge constant cur
#1264458 07.07.2026 14:59:35 : EVT PMIC : PMIC Fast-charge constant cur
#1264459 07.07.2026 14:59:35 : EVT PMIC : PMIC Fast-charge constant cur
#1264460 07.07.2026 14:59:35 : EVT PMIC : PMIC Fast-charge constant cur
#1264461 07.07.2026 14:59:35 : EVT PMIC : PMIC Fast-charge constant cur
#1264462 07.07.2026 14:59:35 : EVT PMIC : PMIC Fast-charge constant cur
#1264463 07.07.2026 14:59:35 : EVT PMIC : PMIC Fast-charge constant cur
#1264464 07.07.2026 14:59:35 : EVT PMIC : PMIC Fast-charge constant cur
#1264465 07.07.2026 14:59:35 : EVT PMIC : PMIC Fast-charge constant cur
#1264466 07.07.2026 14:59:35 : EVT PMIC : PMIC Fast-charge constant cur
#1264467 07.07.2026 14:59:35 : EVT PMIC : PMIC Precharge
#1264468 07.07.2026 14:59:35 : EVT PMIC : PMIC Fast-charge constant cur
#1264469 07.07.2026 14:59:35 : EVT PMIC : PMIC Fast-charge constant cur
#1264470 07.07.2026 14:59:35 : EVT PMIC : PMIC Precharge
#1264471 07.07.2026 14:59:35 : EVT PMIC : PMIC Fast-charge constant cur
#1264472 07.07.2026 14:59:35 : EVT PMIC : PMIC Precharge
#1264473 07.07.2026 14:59:35 : EVT PMIC : PMIC Fast-charge constant cur
#1264474 07.07.2026 14:59:35 : EVT PMIC : PMIC Fast-charge constant cur
#1264475 07.07.2026 14:59:35 : EVT PMIC : PMIC Fast-charge constant cur
#1264476 07.07.2026 14:59:35 : EVT PMIC : PMIC Fast-charge constant cur
#1264477 07.07.2026 14:59:35 : EVT PMIC : PMIC Fast-charge constant cur
#1264478 07.07.2026 14:59:35 : EVT PMIC : PMIC Fast-charge constant cur
#1264479 07.07.2026 14:59:35 : EVT PMIC : PMIC Fast-charge constant cur
#1264480 07.07.2026 14:59:35 : EVT PMIC : PMIC Fast-charge constant cur
#1264481 07.07.2026 14:59:35 : EVT PMIC : PMIC Fast-charge constant cur
#1264482 07.07.2026 14:59:35 : EVT PMIC : PMIC Fast-charge constant cur
#1264483 07.07.2026 14:59:35 : EVT PMIC : PMIC Fast-charge constant cur
#1264484 07.07.2026 14:59:35 : EVT PMIC : PMIC Fast-charge constant cur
#1264485 07.07.2026 14:59:35 : EVT PMIC : PMIC Fast-charge constant cur
#1264486 07.07.2026 14:59:35 : EVT PMIC : PMIC Fast-charge constant cur
#1264487 07.07.2026 14:59:36 : EVT PMIC : PMIC Fast-charge constant cur
#1264488 07.07.2026 14:59:36 : EVT PMIC : PMIC Fast-charge constant cur
#1264489 07.07.2026 14:59:36 : EVT PMIC : PMIC Fast-charge constant cur
#1264490 07.07.2026 14:59:36 : EVT PMIC : PMIC Precharge
#1264491 07.07.2026 14:59:36 : EVT PMIC : PMIC Fast-charge constant cur
#1264492 07.07.2026 14:59:36 : EVT PMIC : PMIC Fast-charge constant cur
#1264493 07.07.2026 14:59:36 : EVT PMIC : PMIC Fast-charge constant cur
#1264494 07.07.2026 14:59:36 : EVT PMIC : PMIC Fast-charge constant cur
#1264495 07.07.2026 14:59:36 : EVT PMIC : PMIC Fast-charge constant cur
#1264496 07.07.2026 14:59:36 : EVT PMIC : PMIC Precharge
#1264497 07.07.2026 14:59:36 : EVT PMIC : PMIC Fast-charge constant cur
#1264498 07.07.2026 14:59:36 : EVT PMIC : PMIC Precharge
#1264499 07.07.2026 14:59:36 : EVT PMIC : PMIC Fast-charge constant cur
#1264500 07.07.2026 14:59:36 : EVT PMIC : PMIC Fast-charge constant cur
#1264501 07.07.2026 14:59:36 : EVT PMIC : PMIC Fast-charge constant cur
#1264502 07.07.2026 14:59:36 : EVT PMIC : PMIC Precharge
#1264503 07.07.2026 14:59:36 : EVT PMIC : PMIC Fast-charge constant cur
#1264504 07.07.2026 14:59:36 : EVT PMIC : PMIC Fast-charge constant cur
#1264505 07.07.2026 14:59:36 : EVT PMIC : PMIC Fast-charge constant cur
#1264506 07.07.2026 14:59:36 : EVT PMIC : PMIC Fast-charge constant cur
#1264507 07.07.2026 14:59:36 : ERR WBMAIN : *0: app 926 Event 36 80005310
#1264508 07.07.2026 14:59:36 : ERR WBMAIN : 1: mea 1 Wait 0 00000000
#1264509 07.07.2026 14:59:36 : ERR WBMAIN : 2: ui 28 Wait 0 00000000
#1264510 07.07.2026 14:59:36 : EVT PMIC : PMIC Fast-charge constant cur
#1264511 07.07.2026 14:59:36 : EVT PMIC : PMIC Fast-charge constant cur
#1264512 07.07.2026 14:59:36 : EVT PMIC : PMIC Fast-charge constant cur
#1264513 07.07.2026 14:59:36 : EVT PMIC : PMIC Fast-charge constant cur
#1264514 07.07.2026 14:59:36 : EVT PMIC : PMIC Fast-charge constant cur
#1264515 07.07.2026 14:59:36 : EVT PMIC : PMIC Precharge
#1264516 07.07.2026 14:59:36 : EVT PMIC : PMIC Fast-charge constant cur
#1264517 07.07.2026 14:59:36 : EVT PMIC : PMIC Precharge
#1264518 07.07.2026 14:59:36 : EVT PMIC : PMIC Fast-charge constant cur
#1264519 07.07.2026 14:59:36 : EVT PMIC : PMIC Fast-charge constant cur
#1264520 07.07.2026 14:59:36 : EVT PMIC : PMIC Fast-charge constant cur
#1264521 07.07.2026 14:59:36 : EVT PMIC : PMIC Fast-charge constant cur
#1264522 07.07.2026 14:59:36 : EVT PMIC : PMIC Precharge
#1264523 07.07.2026 14:59:36 : EVT PMIC : PMIC Fast-charge constant cur
#1264524 07.07.2026 14:59:36 : EVT PMIC : PMIC Fast-charge constant cur
#1264525 07.07.2026 14:59:36 : EVT PMIC : PMIC Fast-charge constant cur
#1264526 07.07.2026 14:59:36 : EVT PMIC : PMIC Fast-charge constant cur
#1264527 07.07.2026 14:59:36 : EVT PMIC : PMIC Precharge
#1264528 07.07.2026 14:59:36 : EVT PMIC : PMIC Fast-charge constant cur
#1264529 07.07.2026 14:59:36 : EVT PMIC : PMIC Fast-charge constant cur
#1264530 07.07.2026 14:59:36 : EVT PMIC : PMIC Fast-charge constant cur
#1264531 07.07.2026 14:59:36 : EVT PMIC : PMIC Fast-charge constant cur
#1264532 07.07.2026 14:59:36 : EVT PMIC : PMIC Fast-charge constant cur
#1264533 07.07.2026 14:59:36 : EVT PMIC : PMIC Fast-charge constant cur
#1264534 07.07.2026 14:59:36 : EVT PMIC : PMIC Fast-charge constant cur
#1264535 07.07.2026 14:59:36 : EVT PMIC : PMIC Fast-charge constant cur
#1264536 07.07.2026 14:59:36 : EVT PMIC : PMIC Precharge
#1264537 07.07.2026 14:59:36 : EVT PMIC : PMIC Fast-charge constant cur
#1264538 07.07.2026 14:59:36 : EVT PMIC : PMIC Fast-charge constant cur
#1264539 07.07.2026 14:59:36 : EVT PMIC : PMIC Precharge
#1264540 07.07.2026 14:59:36 : EVT PMIC : PMIC Fast-charge constant cur
#1264541 07.07.2026 14:59:36 : EVT PMIC : PMIC Fast-charge constant cur
#1264542 07.07.2026 14:59:36 : EVT PMIC : PMIC Fast-charge constant cur
#1264543 07.07.2026 14:59:36 : EVT PMIC : PMIC Fast-charge constant cur
#1264544 07.07.2026 14:59:36 : EVT PMIC : PMIC Fast-charge constant cur
#1264545 07.07.2026 14:59:36 : EVT PMIC : PMIC Fast-charge constant cur
#1264546 07.07.2026 14:59:36 : EVT PMIC : PMIC Fast-charge constant cur
#1264547 07.07.2026 14:59:37 : EVT PMIC : PMIC Fast-charge constant cur
#1264548 07.07.2026 14:59:37 : EVT PMIC : PMIC Fast-charge constant cur
#1264549 07.07.2026 14:59:37 : EVT PMIC : PMIC Fast-charge constant cur
#1264550 07.07.2026 14:59:37 : EVT ANALYTICS : Sync start
#1264551 07.07.2026 14:59:37 : EVT PMIC : PMIC Fast-charge constant cur
#1264552 07.07.2026 14:59:37 : EVT PMIC : PMIC Fast-charge constant cur
#1264553 07.07.2026 14:59:37 : EVT PMIC : PMIC Fast-charge constant cur
#1264554 07.07.2026 14:59:37 : EVT PMIC : PMIC Fast-charge constant cur
#1264555 07.07.2026 14:59:37 : EVT PMIC : PMIC Fast-charge constant cur
#1264556 07.07.2026 14:59:37 : EVT PMIC : PMIC Fast-charge constant cur
#1264557 07.07.2026 14:59:37 : EVT PMIC : PMIC Fast-charge constant cur
#1264558 07.07.2026 14:59:37 : EVT PMIC : PMIC Fast-charge constant cur
#1264559 07.07.2026 14:59:37 : EVT PMIC : PMIC Fast-charge constant cur
#1264560 07.07.2026 14:59:37 : EVT PMIC : PMIC Fast-charge constant cur
#1264561 07.07.2026 14:59:37 : EVT PMIC : PMIC Fast-charge constant cur
#1264562 07.07.2026 14:59:37 : EVT PMIC : PMIC Fast-charge constant cur
#1264563 07.07.2026 14:59:37 : EVT PMIC : PMIC Fast-charge constant cur
#1264564 07.07.2026 14:59:37 : EVT PMIC : PMIC Fast-charge constant cur
#1264565 07.07.2026 14:59:37 : EVT PMIC : PMIC Fast-charge constant cur
#1264566 07.07.2026 14:59:37 : EVT PMIC : PMIC Fast-charge constant cur
#1264567 07.07.2026 14:59:37 : EVT PMIC : PMIC Precharge
#1264568 07.07.2026 14:59:37 : EVT PMIC : PMIC Fast-charge constant cur
#1264569 07.07.2026 14:59:37 : EVT PMIC : PMIC Fast-charge constant cur
#1264570 07.07.2026 14:59:37 : EVT PMIC : PMIC Fast-charge constant cur
#1264571 07.07.2026 14:59:37 : EVT PMIC : PMIC Precharge
#1264572 07.07.2026 14:59:37 : EVT PMIC : PMIC Fast-charge constant cur
#1264573 07.07.2026 14:59:37 : EVT PMIC : PMIC Fast-charge constant cur
#1264574 07.07.2026 14:59:37 : EVT PMIC : PMIC Fast-charge constant cur
#1264575 07.07.2026 14:59:37 : EVT PMIC : PMIC Fast-charge constant cur
#1264576 07.07.2026 14:59:37 : EVT PMIC : PMIC Fast-charge constant cur
#1264577 07.07.2026 14:59:37 : EVT PMIC : PMIC Fast-charge constant cur
#1264578 07.07.2026 14:59:37 : EVT PMIC : PMIC Precharge
#1264579 07.07.2026 14:59:37 : EVT PMIC : PMIC Fast-charge constant cur
#1264580 07.07.2026 14:59:37 : EVT PMIC : PMIC Precharge
#1264581 07.07.2026 14:59:37 : EVT PMIC : PMIC Fast-charge constant cur
#1264582 07.07.2026 14:59:37 : EVT PMIC : PMIC Fast-charge constant cur
#1264583 07.07.2026 14:59:37 : EVT PMIC : PMIC Fast-charge constant cur
#1264584 07.07.2026 14:59:37 : EVT PMIC : PMIC Fast-charge constant cur
#1264585 07.07.2026 14:59:37 : EVT PMIC : PMIC Fast-charge constant cur
#1264586 07.07.2026 14:59:37 : EVT PMIC : PMIC Fast-charge constant cur
#1264587 07.07.2026 14:59:37 : EVT PMIC : PMIC Fast-charge constant cur
#1264588 07.07.2026 14:59:37 : EVT PMIC : PMIC Fast-charge constant cur
#1264589 07.07.2026 14:59:37 : EVT PMIC : PMIC Fast-charge constant cur
#1264590 07.07.2026 14:59:37 : EVT PMIC : PMIC Fast-charge constant cur
#1264591 07.07.2026 14:59:37 : EVT ANALYTICS : Sync start
#1264592 07.07.2026 14:59:37 : EVT PMIC : PMIC Precharge
#1264593 07.07.2026 14:59:37 : EVT PMIC : PMIC Fast-charge constant cur
#1264594 07.07.2026 14:59:37 : EVT PMIC : PMIC Fast-charge constant cur
#1264595 07.07.2026 14:59:37 : EVT PMIC : PMIC Fast-charge constant cur
#1264596 07.07.2026 14:59:37 : EVT PMIC : PMIC Fast-charge constant cur
#1264597 07.07.2026 14:59:37 : EVT PMIC : PMIC Fast-charge constant cur
#1264598 07.07.2026 14:59:37 : EVT PMIC : PMIC Fast-charge constant cur
#1264599 07.07.2026 14:59:37 : EVT PMIC : PMIC Fast-charge constant cur
#1264600 07.07.2026 14:59:37 : EVT PMIC : PMIC Fast-charge constant cur
#1264601 07.07.2026 14:59:37 : EVT PMIC : PMIC Fast-charge constant cur
#1264602 07.07.2026 14:59:37 : EVT PMIC : PMIC Fast-charge constant cur
#1264603 07.07.2026 14:59:37 : EVT PMIC : PMIC Fast-charge constant cur
#1264604 07.07.2026 14:59:37 : EVT PMIC : PMIC Fast-charge constant cur
#1264605 07.07.2026 14:59:37 : EVT PMIC : PMIC Fast-charge constant cur
#1264606 07.07.2026 14:59:38 : EVT PMIC : PMIC Fast-charge constant cur
#1264607 07.07.2026 14:59:38 : EVT PMIC : PMIC Fast-charge constant cur

