#1250929 07.07.2026 03:06:02 : EVT OHR : new HR update
#1250930 07.07.2026 03:06:02 : EVT <Unknown> : 1783386363269:Meas start 0x2130
#1250931 07.07.2026 03:07:06 : WRN <Unknown> : 1783386427344:Str2-SpO2 v:92.0/0.0/0/1500.
#1250932 07.07.2026 03:07:06 : EVT OHR : UNSUB SpO2 c:8074
#1250933 07.07.2026 03:07:06 : EVT OHR : S:start 0x2123
#1250934 07.07.2026 03:07:07 : EVT <Unknown> : 1783386427581:Meas start 0x2123
#1250935 07.07.2026 03:07:07 : EVT <Unknown> : 1783386427582:xiaomi reset t:14388432281/14324076293.
#1250936 07.07.2026 03:07:10 : ERR <Unknown> : 1783386431220:Mi invalid call:100,code:0.
#1250937 07.07.2026 03:07:13 : EVT OHR : new HR update
#1250938 07.07.2026 03:07:16 : ERR <Unknown> : 1783386436796:Mi invalid call:100,code:0.
#1250939 07.07.2026 03:10:09 : TRC FUEL_GAUGE : Batt: 4413 mV (raw: 4414) soc: 98 %, T: 31.7 C,H:105
#1250940 07.07.2026 03:19:30 : EVT ANALYTICS : Weather sync TO
#1250941 07.07.2026 03:26:02 : EVT OHR : SUB SpO2 c:8074
#1250942 07.07.2026 03:26:02 : EVT OHR : S:start 0x2133
#1250943 07.07.2026 03:26:02 : EVT OHR : new HR update
#1250944 07.07.2026 03:26:02 : EVT OHR : new HR update
#1250945 07.07.2026 03:26:02 : EVT <Unknown> : 1783387563351:Meas start 0x2130
#1250946 07.07.2026 03:27:06 : WRN <Unknown> : 1783387627079:Str2-SpO2 v:92.0/0.0/0/1500.
#1250947 07.07.2026 03:27:06 : EVT OHR : UNSUB SpO2 c:8074
#1250948 07.07.2026 03:27:06 : EVT OHR : S:start 0x2123
#1250949 07.07.2026 03:27:07 : EVT <Unknown> : 1783387627598:Meas start 0x2123
#1250950 07.07.2026 03:27:07 : EVT <Unknown> : 1783387627599:xiaomi reset t:15588449554/15524201934.
#1250951 07.07.2026 03:27:11 : ERR <Unknown> : 1783387631608:Mi invalid call:100,code:0.
#1250952 07.07.2026 03:27:14 : EVT OHR : new HR update
#1250953 07.07.2026 03:27:16 : ERR <Unknown> : 1783387636813:Mi invalid call:100,code:0.
#1250954 07.07.2026 03:46:02 : EVT OHR : SUB SpO2 c:8074
#1250955 07.07.2026 03:46:02 : EVT OHR : S:start 0x2133
#1250956 07.07.2026 03:46:02 : EVT OHR : new HR update
#1250957 07.07.2026 03:46:02 : EVT <Unknown> : 1783388763369:Meas start 0x2130
#1250958 07.07.2026 03:46:23 : EVT <Unknown> : 1783388784252:SpO2 f:1/7/1/0,v:95.84/96.0.
#1250959 07.07.2026 03:46:23 : EVT OHR : UNSUB SpO2 c:8074
#1250960 07.07.2026 03:46:23 : EVT <Unknown> : 1783388784252:SpO2 s:479/0/0,o:95.84/91.46.
#1250961 07.07.2026 03:46:23 : EVT OHR : S:start 0x2123
#1250962 07.07.2026 03:46:24 : EVT <Unknown> : 1783388784676:Meas start 0x2123
#1250963 07.07.2026 03:46:31 : EVT OHR : new HR update
#1250964 07.07.2026 04:00:00 : EVT <Unknown> : pwr daily,ontime:4
#1250965 07.07.2026 04:00:00 : EVT WBSTORAGE : CACHE_DEFRAG (120->128, 24->24, 25)
#1250966 07.07.2026 04:00:00 : EVT WEATHER : t:495378, d:8
#1250967 07.07.2026 04:06:02 : EVT OHR : SUB SpO2 c:8074
#1250968 07.07.2026 04:06:02 : EVT OHR : S:start 0x2133
#1250969 07.07.2026 04:06:02 : EVT <Unknown> : 1783389963311:Meas start 0x2130
#1250970 07.07.2026 04:06:42 : EVT <Unknown> : 1783390003827:SpO2 f:1/7/1/0,v:85.25/86.0.
#1250971 07.07.2026 04:06:42 : EVT OHR : UNSUB SpO2 c:8074
#1250972 07.07.2026 04:06:42 : EVT <Unknown> : 1783390003827:SpO2 s:979/0/0,o:85.25/38.23.
#1250973 07.07.2026 04:06:42 : EVT OHR : S:start 0x2123
#1250974 07.07.2026 04:06:43 : EVT <Unknown> : 1783390003863:Meas start 0x2123
#1250975 07.07.2026 04:06:53 : EVT OHR : new HR update
#1250976 07.07.2026 04:11:09 : TRC FUEL_GAUGE : Batt: 4409 mV (raw: 4409) soc: 98 %, T: 32.0 C,H:105
#1250977 07.07.2026 04:16:07 : EVT OHR : No HR update, invalidate by timer
#1250978 07.07.2026 04:16:07 : EVT OHR : new HR update
#1250979 07.07.2026 04:19:30 : EVT ANALYTICS : Weather sync TO
#1250980 07.07.2026 04:22:00 : EVT WBSTORAGE : CACHE_DEFRAG (16->24, 24->24, 25)
#1250981 07.07.2026 04:22:00 : EVT <Unknown> : dl emphemerides data
#1250982 07.07.2026 04:22:00 : EVT WBSTORAGE : CACHE_DEFRAG (8->16, 24->24, 25)
#1250983 07.07.2026 04:22:00 : EVT <Unknown> : dl satellite 0
#1250984 07.07.2026 04:22:00 : EVT WIFI : Pwr up
#1250985 07.07.2026 04:22:06 : EVT WIFI : pwr up
#1250986 07.07.2026 04:22:06 : EVT WIFI : SDK Ver(3.2.8.1)
#1250987 07.07.2026 04:22:06 : EVT WIFI : Scann APs (1/3)
#1250988 07.07.2026 04:22:07 : EVT WIFI : APs scanned:3
#1250989 07.07.2026 04:22:07 : EVT WBSTORAGE : CACHE_DEFRAG (0->152, 21->21, 25)
#1250990 07.07.2026 04:22:07 : WRN WIFI : No APs matched to connect
#1250991 07.07.2026 04:22:07 : EVT WIFI : Scann APs (2/3)
#1250992 07.07.2026 04:22:08 : EVT WIFI : APs scanned:3
#1250993 07.07.2026 04:22:08 : WRN WIFI : No APs matched to connect
#1250994 07.07.2026 04:22:08 : EVT WIFI : Scann APs (3/3)
#1250995 07.07.2026 04:22:09 : EVT WIFI : APs scanned:3
#1250996 07.07.2026 04:22:09 : WRN WIFI : No APs matched to connect
#1250997 07.07.2026 04:22:09 : EVT WIFI : Internal connect ret:103
#1250998 07.07.2026 04:22:09 : EVT ANALYTICS : WifiDl eph fail r:4 v:200
#1250999 07.07.2026 04:22:09 : EVT <Unknown> : dl ephemerides done
#1251000 07.07.2026 04:22:22 : EVT WIFI : Pwr down idle wifi (TO:13se)
#1251001 07.07.2026 04:22:22 : EVT WIFI : pwr down OK
#1251002 07.07.2026 04:23:00 : EVT <Unknown> : dl start
#1251003 07.07.2026 04:23:00 : EVT <Unknown> : Url:https://weather.sports-tracker.com/weather/watch/com
#1251004 07.07.2026 04:23:00 : EVT WIFI : Pwr up
#1251005 07.07.2026 04:23:06 : EVT WIFI : pwr up
#1251006 07.07.2026 04:23:06 : EVT WIFI : SDK Ver(3.2.8.1)
#1251007 07.07.2026 04:23:06 : EVT WIFI : Scann APs (1/3)
#1251008 07.07.2026 04:23:07 : EVT WIFI : APs scanned:4
#1251009 07.07.2026 04:23:07 : WRN WIFI : No APs matched to connect
#1251010 07.07.2026 04:23:07 : EVT WIFI : Scann APs (2/3)
#1251011 07.07.2026 04:23:08 : EVT WIFI : APs scanned:4
#1251012 07.07.2026 04:23:08 : WRN WIFI : No APs matched to connect
#1251013 07.07.2026 04:23:08 : EVT WIFI : Scann APs (3/3)
#1251014 07.07.2026 04:23:09 : EVT WIFI : APs scanned:3
#1251015 07.07.2026 04:23:09 : WRN WIFI : No APs matched to connect
#1251016 07.07.2026 04:23:09 : EVT WIFI : Internal connect ret:103
#1251017 07.07.2026 04:23:09 : ERR <Unknown> : dl:(500, 200)
#1251018 07.07.2026 04:23:22 : EVT WIFI : Pwr down idle wifi (TO:13se)
#1251019 07.07.2026 04:23:22 : EVT WIFI : pwr down OK
#1251020 07.07.2026 04:26:02 : EVT OHR : SUB SpO2 c:8074
#1251021 07.07.2026 04:26:02 : EVT OHR : S:start 0x2133
#1251022 07.07.2026 04:26:02 : EVT <Unknown> : 1783391163327:Meas start 0x2130
#1251023 07.07.2026 04:26:09 : TRC FUEL_GAUGE : batFgLevel cur:97%, prev:98%
#1251024 07.07.2026 04:27:17 : EVT <Unknown> : 1783391239040:SpO2 f:1/7/1/0,v:96.19/97.0.
#1251025 07.07.2026 04:27:17 : EVT OHR : UNSUB SpO2 c:8074
#1251026 07.07.2026 04:27:17 : EVT <Unknown> : 1783391239040:SpO2 s:504/95/0,o:96.19/92.08.
#1251027 07.07.2026 04:27:17 : EVT OHR : S:start 0x2123
#1251028 07.07.2026 04:27:18 : EVT <Unknown> : 1783391239123:Meas start 0x2123
#1251029 07.07.2026 04:27:18 : EVT <Unknown> : 1783391239124:xiaomi reset t:19199973999/19124164733.
#1251030 07.07.2026 04:27:22 : ERR <Unknown> : 1783391243186:Mi invalid call:100,code:0.
#1251031 07.07.2026 04:27:27 : EVT OHR : new HR update
#1251032 07.07.2026 04:27:27 : ERR <Unknown> : 1783391248358:Mi invalid call:100,code:0.
#1251033 07.07.2026 04:46:02 : EVT OHR : SUB SpO2 c:8074
#1251034 07.07.2026 04:46:02 : EVT OHR : S:start 0x2133
#1251035 07.07.2026 04:46:02 : EVT <Unknown> : 1783392363339:Meas start 0x2130
#1251036 07.07.2026 04:46:31 : EVT <Unknown> : 1783392392217:SpO2 f:1/6/1/0,v:80.05/81.0.
#1251037 07.07.2026 04:46:31 : EVT <Unknown> : 1783392392217:SpO2 s:679/0/0,o:80.05/18.58.
#1251038 07.07.2026 04:46:32 : EVT <Unknown> : 1783392393413:SpO2 f:1/6/1/0,v:80.05/81.0.
#1251039 07.07.2026 04:46:33 : EVT <Unknown> : 1783392393413:SpO2 s:704/0/0,o:80.18/17.81.
#1251040 07.07.2026 04:46:33 : EVT <Unknown> : 1783392394249:SpO2 f:1/6/1/0,v:80.05/81.0.
#1251041 07.07.2026 04:46:33 : EVT <Unknown> : 1783392394249:SpO2 s:729/0/0,o:80.28/17.22.
#1251042 07.07.2026 04:46:34 : EVT <Unknown> : 1783392395414:SpO2 f:1/6/1/0,v:80.05/81.0.
#1251043 07.07.2026 04:46:35 : EVT <Unknown> : 1783392395414:SpO2 s:754/0/0,o:80.34/16.98.
#1251044 07.07.2026 04:46:35 : EVT <Unknown> : 1783392396218:SpO2 f:1/6/1/0,v:80.05/81.0.
#1251045 07.07.2026 04:46:35 : EVT <Unknown> : 1783392396218:SpO2 s:779/0/0,o:80.41/17.01.
#1251046 07.07.2026 04:46:36 : EVT <Unknown> : 1783392397413:SpO2 f:1/6/1/0,v:80.05/81.0.
#1251047 07.07.2026 04:46:37 : EVT <Unknown> : 1783392397413:SpO2 s:804/0/0,o:80.48/17.12.
#1251048 07.07.2026 04:46:37 : EVT <Unknown> : 1783392398250:SpO2 f:1/6/1/0,v:80.05/81.0.
#1251049 07.07.2026 04:46:37 : EVT <Unknown> : 1783392398250:SpO2 s:829/0/0,o:80.53/17.24.
#1251050 07.07.2026 04:46:38 : EVT <Unknown> : 1783392399414:SpO2 f:1/6/1/0,v:80.05/81.0.
#1251051 07.07.2026 04:46:39 : EVT <Unknown> : 1783392399414:SpO2 s:854/0/0,o:80.59/17.40.
#1251052 07.07.2026 04:46:39 : EVT <Unknown> : 1783392400219:SpO2 f:1/6/1/0,v:80.05/81.0.
#1251053 07.07.2026 04:46:39 : EVT <Unknown> : 1783392400219:SpO2 s:879/0/0,o:80.63/17.57.
#1251054 07.07.2026 04:46:40 : EVT <Unknown> : 1783392401415:SpO2 f:1/6/1/0,v:80.05/81.0.
#1251055 07.07.2026 04:46:41 : EVT <Unknown> : 1783392401415:SpO2 s:904/0/0,o:80.55/17.57.
#1251056 07.07.2026 04:46:41 : EVT <Unknown> : 1783392402251:SpO2 f:1/6/1/0,v:80.05/81.0.
#1251057 07.07.2026 04:46:41 : EVT <Unknown> : 1783392402251:SpO2 s:929/0/0,o:80.46/17.63.
#1251058 07.07.2026 04:46:42 : EVT <Unknown> : 1783392403416:SpO2 f:1/6/1/0,v:80.05/81.0.
#1251059 07.07.2026 04:46:43 : EVT <Unknown> : 1783392403416:SpO2 s:954/0/0,o:80.36/18.04.
#1251060 07.07.2026 04:46:43 : EVT <Unknown> : 1783392404222:SpO2 f:1/6/1/0,v:80.05/81.0.
#1251061 07.07.2026 04:46:43 : EVT <Unknown> : 1783392404222:SpO2 s:979/0/0,o:80.24/18.52.
#1251062 07.07.2026 04:46:44 : EVT <Unknown> : 1783392405418:SpO2 f:1/6/1/0,v:80.05/81.0.
#1251063 07.07.2026 04:46:45 : EVT <Unknown> : 1783392405418:SpO2 s:1004/0/0,o:80.13/19.17.
#1251064 07.07.2026 04:46:45 : EVT <Unknown> : 1783392406255:SpO2 f:1/6/1/0,v:80.05/81.0.
#1251065 07.07.2026 04:46:45 : EVT <Unknown> : 1783392406255:SpO2 s:1029/0/0,o:80.02/20.11.
#1251066 07.07.2026 04:46:46 : EVT <Unknown> : 1783392407420:SpO2 f:1/6/1/0,v:80.05/81.0.
#1251067 07.07.2026 04:46:47 : EVT <Unknown> : 1783392407420:SpO2 s:1054/0/0,o:79.92/21.40.
#1251068 07.07.2026 04:46:47 : EVT <Unknown> : 1783392408225:SpO2 f:1/6/1/0,v:80.05/81.0.
#1251069 07.07.2026 04:46:47 : EVT <Unknown> : 1783392408225:SpO2 s:1079/0/0,o:79.82/23.07.
#1251070 07.07.2026 04:46:48 : EVT <Unknown> : 1783392409423:SpO2 f:1/6/1/0,v:80.05/81.0.
#1251071 07.07.2026 04:46:49 : EVT <Unknown> : 1783392409423:SpO2 s:1104/0/0,o:79.73/25.11.
#1251072 07.07.2026 04:46:49 : EVT <Unknown> : 1783392410259:SpO2 f:1/6/1/0,v:80.05/81.0.
#1251073 07.07.2026 04:46:49 : EVT <Unknown> : 1783392410259:SpO2 s:1129/0/0,o:79.65/27.20.
#1251074 07.07.2026 04:46:50 : EVT <Unknown> : 1783392411424:SpO2 f:1/6/1/0,v:80.05/81.0.
#1251075 07.07.2026 04:46:51 : EVT <Unknown> : 1783392411424:SpO2 s:1154/0/0,o:79.57/29.50.
#1251076 07.07.2026 04:46:51 : EVT <Unknown> : 1783392412230:SpO2 f:1/6/1/0,v:80.05/81.0.
#1251077 07.07.2026 04:46:51 : EVT <Unknown> : 1783392412230:SpO2 s:1179/0/0,o:79.51/31.87.
#1251078 07.07.2026 04:46:52 : EVT <Unknown> : 1783392413426:SpO2 f:1/6/1/0,v:80.05/81.0.
#1251079 07.07.2026 04:46:53 : EVT <Unknown> : 1783392413426:SpO2 s:1204/0/0,o:79.46/34.21.
#1251080 07.07.2026 04:46:53 : EVT <Unknown> : 1783392414262:SpO2 f:1/6/1/0,v:80.05/81.0.
#1251081 07.07.2026 04:46:53 : EVT <Unknown> : 1783392414262:SpO2 s:1229/0/0,o:79.42/36.31.
#1251082 07.07.2026 04:46:54 : EVT <Unknown> : 1783392415428:SpO2 f:1/6/1/0,v:80.05/81.0.
#1251083 07.07.2026 04:46:55 : EVT <Unknown> : 1783392415428:SpO2 s:1254/0/0,o:79.40/38.20.
#1251084 07.07.2026 04:46:55 : EVT <Unknown> : 1783392416233:SpO2 f:1/6/1/0,v:80.05/81.0.
#1251085 07.07.2026 04:46:55 : EVT <Unknown> : 1783392416233:SpO2 s:1279/0/0,o:79.39/39.92.
#1251086 07.07.2026 04:46:57 : EVT <Unknown> : 1783392417430:SpO2 f:1/6/1/0,v:80.05/81.0.
#1251087 07.07.2026 04:46:57 : EVT <Unknown> : 1783392417430:SpO2 s:1304/0/0,o:79.39/41.95.
#1251088 07.07.2026 04:46:57 : EVT <Unknown> : 1783392418268:SpO2 f:1/6/1/0,v:80.05/81.0.
#1251089 07.07.2026 04:46:57 : EVT <Unknown> : 1783392418268:SpO2 s:1329/0/0,o:79.41/43.77.
#1251090 07.07.2026 04:46:58 : EVT <Unknown> : 1783392419432:SpO2 f:1/6/1/0,v:80.05/81.0.
#1251091 07.07.2026 04:46:59 : EVT <Unknown> : 1783392419433:SpO2 s:1354/0/0,o:79.41/45.18.
#1251092 07.07.2026 04:46:59 : EVT <Unknown> : 1783392420238:SpO2 f:1/6/1/0,v:80.05/81.0.
#1251093 07.07.2026 04:46:59 : EVT <Unknown> : 1783392420238:SpO2 s:1379/0/0,o:79.34/44.14.
#1251094 07.07.2026 04:47:03 : WRN <Unknown> : 1783392425013:Str2-SpO2 v:92.0/0.0/0/1500.
#1251095 07.07.2026 04:47:04 : EVT OHR : UNSUB SpO2 c:8074
#1251096 07.07.2026 04:47:04 : EVT OHR : S:start 0x2123
#1251097 07.07.2026 04:47:04 : EVT <Unknown> : 1783392425272:Meas start 0x2123
#1251098 07.07.2026 04:47:04 : EVT <Unknown> : 1783392425273:xiaomi reset t:20386122772/20323896453.
#1251099 07.07.2026 04:47:07 : ERR <Unknown> : 1783392428914:Mi invalid call:100,code:0.
#1251100 07.07.2026 04:47:13 : ERR <Unknown> : 1783392434519:Mi invalid call:100,code:0.
#1251101 07.07.2026 04:47:14 : EVT OHR : new HR update
#1251102 07.07.2026 04:59:24 : EVT ACCELEROMETER : Gyro bias:-0.294700 0.002100 -0.105700
#1251103 07.07.2026 04:59:26 : EVT ACCELEROMETER : Gyro bias:-0.209300 -0.010500 -0.062300
#1251104 07.07.2026 04:59:28 : EVT ACCELEROMETER : Gyro bias:-0.285600 -0.058800 -0.140000
#1251105 07.07.2026 04:59:30 : EVT ACCELEROMETER : Gyro bias:-0.283500 0.002800 -0.091000
#1251106 07.07.2026 05:00:00 : EVT <Unknown> : pwr daily,ontime:5
#1251107 07.07.2026 05:00:00 : EVT WBSTORAGE : CACHE_DEFRAG (80->160, 20->20, 25)
#1251108 07.07.2026 05:00:00 : EVT WEATHER : t:495378, d:9
#1251109 07.07.2026 05:06:02 : EVT OHR : SUB SpO2 c:8074
#1251110 07.07.2026 05:06:02 : EVT OHR : S:start 0x2133
#1251111 07.07.2026 05:06:02 : EVT <Unknown> : 1783393563353:Meas start 0x2130
#1251112 07.07.2026 05:06:23 : EVT <Unknown> : 1783393584229:SpO2 f:1/7/1/0,v:96.37/97.0.
#1251113 07.07.2026 05:06:23 : EVT OHR : UNSUB SpO2 c:8074
#1251114 07.07.2026 05:06:23 : EVT <Unknown> : 1783393584229:SpO2 s:479/0/0,o:96.37/89.79.
#1251115 07.07.2026 05:06:23 : EVT OHR : S:start 0x2123
#1251116 07.07.2026 05:06:23 : EVT <Unknown> : 1783393584311:Meas start 0x2123
#1251117 07.07.2026 05:06:31 : EVT OHR : new HR update
#1251118 07.07.2026 05:12:09 : TRC FUEL_GAUGE : Batt: 4406 mV (raw: 4407) soc: 97 %, T: 33.9 C,H:105
#1251119 07.07.2026 05:19:30 : EVT ANALYTICS : Weather sync TO
#1251120 07.07.2026 05:26:02 : EVT OHR : SUB SpO2 c:8074
#1251121 07.07.2026 05:26:02 : EVT OHR : S:start 0x2133
#1251122 07.07.2026 05:26:02 : EVT <Unknown> : 1783394763365:Meas start 0x2130
#1251123 07.07.2026 05:27:13 : WRN <Unknown> : 1783394834299:Str2-SpO2 v:92.0/0.0/0/1500.
#1251124 07.07.2026 05:27:13 : EVT OHR : UNSUB SpO2 c:8074
#1251125 07.07.2026 05:27:13 : EVT OHR : S:start 0x2123
#1251126 07.07.2026 05:27:13 : EVT <Unknown> : 1783394834316:Meas start 0x2123
#1251127 07.07.2026 05:27:14 : EVT <Unknown> : 1783394834317:xiaomi reset t:22795167541/22724174072.
#1251128 07.07.2026 05:27:17 : ERR <Unknown> : 1783394838381:Mi invalid call:100,code:0.
#1251129 07.07.2026 05:27:22 : EVT OHR : new HR update
#1251130 07.07.2026 05:27:22 : ERR <Unknown> : 1783394843551:Mi invalid call:100,code:0.
#1251131 07.07.2026 05:46:02 : EVT OHR : SUB SpO2 c:8074
#1251132 07.07.2026 05:46:02 : EVT OHR : S:start 0x2133
#1251133 07.07.2026 05:46:02 : EVT <Unknown> : 1783395963379:Meas start 0x2130
#1251134 07.07.2026 05:46:32 : EVT <Unknown> : 1783395993498:SpO2 f:1/5/1/0,v:77.05/78.0.
#1251135 07.07.2026 05:46:32 : EVT <Unknown> : 1783395993498:SpO2 s:704/0/0,o:77.05/84.79.
#1251136 07.07.2026 05:46:32 : EVT <Unknown> : 1783395994272:SpO2 f:1/5/1/0,v:77.05/78.0.
#1251137 07.07.2026 05:46:33 : EVT <Unknown> : 1783395994272:SpO2 s:729/0/0,o:76.98/85.10.
#1251138 07.07.2026 05:46:34 : EVT <Unknown> : 1783395995468:SpO2 f:1/5/1/0,v:77.05/78.0.
#1251139 07.07.2026 05:46:34 : EVT <Unknown> : 1783395995468:SpO2 s:754/0/0,o:76.95/85.35.
#1251140 07.07.2026 05:46:34 : EVT <Unknown> : 1783395996274:SpO2 f:1/5/1/0,v:77.05/78.0.
#1251141 07.07.2026 05:46:34 : EVT <Unknown> : 1783395996274:SpO2 s:779/0/0,o:76.94/85.48.
#1251142 07.07.2026 05:46:36 : EVT <Unknown> : 1783395997503:SpO2 f:1/5/1/0,v:77.05/78.0.
#1251143 07.07.2026 05:46:36 : EVT <Unknown> : 1783395997503:SpO2 s:804/0/0,o:76.93/85.59.
#1251144 07.07.2026 05:46:36 : EVT <Unknown> : 1783395998276:SpO2 f:1/5/1/0,v:77.05/78.0.
#1251145 07.07.2026 05:46:36 : EVT <Unknown> : 1783395998276:SpO2 s:829/0/0,o:76.93/85.71.
#1251146 07.07.2026 05:46:38 : EVT <Unknown> : 1783395999472:SpO2 f:1/5/1/0,v:77.05/78.0.
#1251147 07.07.2026 05:46:38 : EVT <Unknown> : 1783395999472:SpO2 s:854/0/0,o:76.92/85.83.
#1251148 07.07.2026 05:46:38 : EVT <Unknown> : 1783396000277:SpO2 f:1/5/1/0,v:77.05/78.0.
#1251149 07.07.2026 05:46:38 : EVT <Unknown> : 1783396000278:SpO2 s:879/0/0,o:76.92/85.94.
#1251150 07.07.2026 05:46:40 : EVT <Unknown> : 1783396001506:SpO2 f:1/5/1/0,v:77.05/78.0.
#1251151 07.07.2026 05:46:40 : EVT <Unknown> : 1783396001506:SpO2 s:904/0/0,o:76.92/86.03.
#1251152 07.07.2026 05:46:40 : EVT <Unknown> : 1783396002279:SpO2 f:1/5/1/0,v:77.05/78.0.
#1251153 07.07.2026 05:46:40 : EVT <Unknown> : 1783396002279:SpO2 s:929/0/0,o:76.91/86.09.
#1251154 07.07.2026 05:46:42 : EVT <Unknown> : 1783396003476:SpO2 f:1/5/1/0,v:77.05/78.0.
#1251155 07.07.2026 05:46:42 : EVT <Unknown> : 1783396003476:SpO2 s:954/0/0,o:76.90/86.14.
#1251156 07.07.2026 05:46:42 : EVT <Unknown> : 1783396004281:SpO2 f:1/5/1/0,v:77.05/78.0.
#1251157 07.07.2026 05:46:42 : EVT <Unknown> : 1783396004281:SpO2 s:979/0/0,o:76.89/86.19.
#1251158 07.07.2026 05:46:44 : EVT <Unknown> : 1783396005510:SpO2 f:1/5/1/0,v:77.05/78.0.
#1251159 07.07.2026 05:46:44 : EVT <Unknown> : 1783396005511:SpO2 s:1004/0/0,o:76.84/86.26.
#1251160 07.07.2026 05:46:44 : EVT <Unknown> : 1783396006283:SpO2 f:1/5/1/0,v:77.05/78.0.
#1251161 07.07.2026 05:46:44 : EVT <Unknown> : 1783396006283:SpO2 s:1029/0/0,o:76.76/86.32.
#1251162 07.07.2026 05:46:56 : EVT <Unknown> : 1783396017516:SpO2 f:1/4/1/0,v:76.65/77.0.
#1251163 07.07.2026 05:46:56 : EVT <Unknown> : 1783396017516:SpO2 s:154/0/0,o:76.65/81.90.
#1251164 07.07.2026 05:46:57 : EVT <Unknown> : 1783396018294:SpO2 f:1/4/1/0,v:76.65/77.0.
#1251165 07.07.2026 05:46:57 : EVT <Unknown> : 1783396018294:SpO2 s:179/0/0,o:77.68/74.68.
#1251166 07.07.2026 05:46:58 : EVT <Unknown> : 1783396019485:SpO2 f:1/4/1/0,v:76.65/77.0.
#1251167 07.07.2026 05:46:58 : EVT <Unknown> : 1783396019485:SpO2 s:204/0/0,o:79.04/68.22.
#1251168 07.07.2026 05:46:58 : EVT <Unknown> : 1783396020295:SpO2 f:1/4/1/0,v:76.65/77.0.
#1251169 07.07.2026 05:46:59 : EVT <Unknown> : 1783396020295:SpO2 s:229/0/0,o:80.30/62.40.
#1251170 07.07.2026 05:47:00 : EVT <Unknown> : 1783396021519:SpO2 f:1/4/1/0,v:76.65/77.0.
#1251171 07.07.2026 05:47:00 : EVT <Unknown> : 1783396021519:SpO2 s:254/0/0,o:81.44/57.17.
#1251172 07.07.2026 05:47:08 : EVT <Unknown> : 1783396029528:SpO2 f:1/4/1/0,v:76.65/77.0.
#1251173 07.07.2026 05:47:08 : EVT <Unknown> : 1783396029528:SpO2 s:454/0/0,o:82.64/52.38.
#1251174 07.07.2026 05:47:09 : EVT <Unknown> : 1783396030306:SpO2 f:1/4/1/0,v:76.65/77.0.
#1251175 07.07.2026 05:47:09 : EVT <Unknown> : 1783396030306:SpO2 s:479/0/0,o:83.71/48.06.
#1251176 07.07.2026 05:47:10 : EVT <Unknown> : 1783396031496:SpO2 f:1/4/1/0,v:76.65/77.0.
#1251177 07.07.2026 05:47:10 : EVT <Unknown> : 1783396031497:SpO2 s:504/0/0,o:84.46/44.25.
#1251178 07.07.2026 05:47:11 : EVT <Unknown> : 1783396032308:SpO2 f:1/4/1/0,v:76.65/77.0.
#1251179 07.07.2026 05:47:11 : EVT <Unknown> : 1783396032308:SpO2 s:529/0/0,o:85.12/40.82.
#1251180 07.07.2026 05:47:12 : EVT <Unknown> : 1783396033531:SpO2 f:1/4/1/0,v:76.65/77.0.
#1251181 07.07.2026 05:47:12 : EVT <Unknown> : 1783396033531:SpO2 s:554/0/0,o:85.35/38.90.
#1251182 07.07.2026 05:47:13 : EVT <Unknown> : 1783396034309:SpO2 f:1/4/1/0,v:76.65/77.0.
#1251183 07.07.2026 05:47:13 : EVT <Unknown> : 1783396034310:SpO2 s:579/0/0,o:84.33/43.67.
#1251184 07.07.2026 05:47:14 : EVT <Unknown> : 1783396035501:SpO2 f:1/4/1/0,v:76.65/77.0.
#1251185 07.07.2026 05:47:14 : EVT <Unknown> : 1783396035501:SpO2 s:604/0/0,o:83.42/47.98.
#1251186 07.07.2026 05:47:15 : EVT <Unknown> : 1783396036311:SpO2 f:1/4/1/0,v:76.65/77.0.
#1251187 07.07.2026 05:47:15 : EVT <Unknown> : 1783396036311:SpO2 s:629/0/0,o:82.60/51.85.
#1251188 07.07.2026 05:47:16 : EVT <Unknown> : 1783396037535:SpO2 f:1/4/1/0,v:76.65/77.0.
#1251189 07.07.2026 05:47:16 : EVT <Unknown> : 1783396037535:SpO2 s:654/0/0,o:81.86/55.35.
#1251190 07.07.2026 05:47:17 : EVT <Unknown> : 1783396038313:SpO2 f:1/4/1/0,v:76.65/77.0.
#1251191 07.07.2026 05:47:17 : EVT <Unknown> : 1783396038313:SpO2 s:679/0/0,o:81.19/58.51.
#1251192 07.07.2026 05:47:18 : EVT <Unknown> : 1783396039504:SpO2 f:1/4/1/0,v:76.65/77.0.
#1251193 07.07.2026 05:47:18 : EVT <Unknown> : 1783396039504:SpO2 s:704/0/0,o:80.58/61.37.
#1251194 07.07.2026 05:47:19 : EVT <Unknown> : 1783396040315:SpO2 f:1/4/1/0,v:76.65/77.0.
#1251195 07.07.2026 05:47:19 : EVT <Unknown> : 1783396040315:SpO2 s:729/0/0,o:80.04/63.95.
#1251196 07.07.2026 05:47:20 : EVT <Unknown> : 1783396041539:SpO2 f:1/4/1/0,v:76.65/77.0.
#1251197 07.07.2026 05:47:20 : EVT <Unknown> : 1783396041539:SpO2 s:754/0/0,o:79.56/66.26.
#1251198 07.07.2026 05:47:21 : EVT <Unknown> : 1783396042317:SpO2 f:1/4/1/0,v:76.65/77.0.
#1251199 07.07.2026 05:47:21 : EVT <Unknown> : 1783396042317:SpO2 s:779/0/0,o:79.13/68.36.
#1251200 07.07.2026 05:47:22 : EVT OHR : UNSUB SpO2 c:8074
#1251201 07.07.2026 05:47:22 : EVT OHR : S:start 0x2123
#1251202 07.07.2026 05:47:22 : EVT <Unknown> : 1783396043375:Meas start 0x2123
#1251203 07.07.2026 05:47:22 : EVT <Unknown> : 1783396043376:xiaomi reset t:24004226287/23924212097.
#1251204 07.07.2026 05:47:25 : ERR <Unknown> : 1783396046985:Mi invalid call:100,code:0.
#1251205 07.07.2026 05:47:31 : ERR <Unknown> : 1783396052590:Mi invalid call:100,code:0.
#1251206 07.07.2026 05:47:31 : EVT OHR : new HR update
#1251207 07.07.2026 05:58:24 : EVT OHR : No HR update, invalidate by timer
#1251208 07.07.2026 05:58:26 : EVT OHR : new HR update
#1251209 07.07.2026 06:00:00 : EVT <Unknown> : pwr daily,ontime:6
#1251210 07.07.2026 06:00:00 : EVT WBSTORAGE : CACHE_DEFRAG (48->344, 19->19, 25)
#1251211 07.07.2026 06:00:00 : EVT WEATHER : t:495378, d:10
#1251212 07.07.2026 06:06:02 : EVT OHR : SUB SpO2 c:8074
#1251213 07.07.2026 06:06:02 : EVT OHR : S:start 0x2133
#1251214 07.07.2026 06:06:02 : EVT OHR : new HR update
#1251215 07.07.2026 06:06:02 : EVT <Unknown> : 1783397163394:Meas start 0x2130
#1251216 07.07.2026 06:06:28 : EVT <Unknown> : 1783397189872:SpO2 f:1/4/1/0,v:93.42/94.0.
#1251217 07.07.2026 06:06:28 : EVT OHR : UNSUB SpO2 c:8074
#1251218 07.07.2026 06:06:28 : EVT <Unknown> : 1783397189872:SpO2 s:629/0/0,o:93.42/82.64.
#1251219 07.07.2026 06:06:28 : EVT OHR : S:start 0x2123
#1251220 07.07.2026 06:06:29 : EVT <Unknown> : 1783397190185:Meas start 0x2123
#1251221 07.07.2026 06:06:37 : EVT OHR : new HR update
#1251222 07.07.2026 06:13:09 : TRC FUEL_GAUGE : Batt: 4403 mV (raw: 4402) soc: 97 %, T: 32.8 C,H:105
#1251223 07.07.2026 06:19:30 : EVT ANALYTICS : Weather sync TO
#1251224 07.07.2026 06:26:02 : EVT OHR : SUB SpO2 c:8074
#1251225 07.07.2026 06:26:02 : EVT OHR : S:start 0x2133
#1251226 07.07.2026 06:26:02 : EVT OHR : new HR update
#1251227 07.07.2026 06:26:02 : EVT <Unknown> : 1783398363407:Meas start 0x2130
#1251228 07.07.2026 06:26:23 : EVT <Unknown> : 1783398383915:SpO2 f:1/7/1/0,v:95.68/96.0.
#1251229 07.07.2026 06:26:23 : EVT OHR : UNSUB SpO2 c:8074
#1251230 07.07.2026 06:26:23 : EVT <Unknown> : 1783398383915:SpO2 s:479/0/0,o:95.68/91.38.
#1251231 07.07.2026 06:26:23 : EVT OHR : S:start 0x2123
#1251232 07.07.2026 06:26:24 : EVT <Unknown> : 1783398384830:Meas start 0x2123
#1251233 07.07.2026 06:26:33 : EVT OHR : new HR update
#1251234 07.07.2026 06:46:02 : EVT OHR : SUB SpO2 c:8074
#1251235 07.07.2026 06:46:02 : EVT OHR : S:start 0x2133
#1251236 07.07.2026 06:46:02 : EVT <Unknown> : 1783399563421:Meas start 0x2130
#1251237 07.07.2026 06:46:24 : EVT <Unknown> : 1783399585905:SpO2 f:1/7/1/0,v:92.99/93.0.
#1251238 07.07.2026 06:46:24 : EVT OHR : UNSUB SpO2 c:8074
#1251239 07.07.2026 06:46:24 : EVT <Unknown> : 1783399585905:SpO2 s:529/0/0,o:92.99/87.93.
#1251240 07.07.2026 06:46:24 : EVT OHR : S:start 0x2123
#1251241 07.07.2026 06:46:25 : EVT <Unknown> : 1783399586171:Meas start 0x2123
#1251242 07.07.2026 06:46:34 : EVT OHR : new HR update
#1251243 07.07.2026 07:00:00 : EVT <Unknown> : pwr daily,ontime:7
#1251244 07.07.2026 07:00:00 : EVT WEATHER : t:495378, d:11
#1251245 07.07.2026 07:06:02 : EVT OHR : SUB SpO2 c:8074
#1251246 07.07.2026 07:06:02 : EVT OHR : S:start 0x2133
#1251247 07.07.2026 07:06:02 : EVT OHR : new HR update
#1251248 07.07.2026 07:06:02 : EVT <Unknown> : 1783400763582:Meas start 0x2130
#1251249 07.07.2026 07:06:22 : EVT <Unknown> : 1783400784065:SpO2 f:1/7/1/0,v:97.43/98.0.
#1251250 07.07.2026 07:06:22 : EVT OHR : UNSUB SpO2 c:8074
#1251251 07.07.2026 07:06:22 : EVT <Unknown> : 1783400784065:SpO2 s:479/0/0,o:97.43/92.43.
#1251252 07.07.2026 07:06:22 : EVT OHR : S:start 0x2123
#1251253 07.07.2026 07:06:23 : EVT <Unknown> : 1783400784184:Meas start 0x2123
#1251254 07.07.2026 07:06:31 : EVT OHR : new HR update
#1251255 07.07.2026 07:14:09 : TRC FUEL_GAUGE : Batt: 4401 mV (raw: 4400) soc: 97 %, T: 31.3 C,H:105
#1251256 07.07.2026 07:19:30 : EVT ANALYTICS : Weather sync TO
#1251257 07.07.2026 07:26:02 : EVT OHR : SUB SpO2 c:8074
#1251258 07.07.2026 07:26:02 : EVT OHR : new HR update
#1251259 07.07.2026 07:26:02 : EVT OHR : S:start 0x2133
#1251260 07.07.2026 07:26:03 : EVT <Unknown> : 1783401963623:Meas start 0x2130
#1251261 07.07.2026 07:26:26 : EVT <Unknown> : 1783401987333:SpO2 f:1/7/1/0,v:97.94/98.0.
#1251262 07.07.2026 07:26:26 : EVT OHR : UNSUB SpO2 c:8074
#1251263 07.07.2026 07:26:26 : EVT <Unknown> : 1783401987333:SpO2 s:239/0/0,o:97.94/89.86.
#1251264 07.07.2026 07:26:26 : EVT OHR : S:start 0x2123
#1251265 07.07.2026 07:26:27 : EVT <Unknown> : 1783401987648:Meas start 0x2123
#1251266 07.07.2026 07:26:35 : EVT OHR : new HR update
#1251267 07.07.2026 07:30:00 : EVT SLEEP : DND OFF
#1251268 07.07.2026 07:30:00 : EVT BRIGHTNESS : Custom state pwr:[1,-1] bri:[-1.00,-1.00]
#1251269 07.07.2026 07:30:05 : EVT BRIGHTNESS : Custom state pwr:[-1,-1] bri:[-1.00,-1.00]
#1251270 07.07.2026 07:32:43 : EVT WBSTORAGE : CACHE_DEFRAG (120->232, 20->20, 25)
#1251271 07.07.2026 07:35:02 : EVT SLEEP : GMSLEEP:Got GMSLEEPSTATUS 28
#1251272 07.07.2026 07:35:02 : EVT SLEEP : GMSLEEP:Rest Offset + Valid Sleep
#1251273 07.07.2026 07:35:03 : EVT SLEEP : GMSLEEP:Got GMSLEEPSTATUS 0
#1251274 07.07.2026 07:35:04 : EVT <Unknown> : 1783402504697:T:1,sS:1783375080,eS:1783402320,SS:908
#1251275 07.07.2026 07:35:04 : EVT SLEEP : GMSLEEP:Got Sleep Summary, type == 1
#1251276 07.07.2026 07:35:04 : EVT <Unknown> : 1783402504697:GMV 20251126/1/4/0/395/46
#1251277 07.07.2026 07:35:04 : EVT SLEEP : GMSLEEP:Start-End TS 1783375080-1783402320, dur 27240
#1251278 07.07.2026 07:35:04 : EVT SLEEP : GMSLEEP:SOL 0, WASO 90, WBOB 0
#1251279 07.07.2026 07:35:04 : EVT <Unknown> : 1783402504697:ST:1783375080,FT:1783402320,nM:454
#1251280 07.07.2026 07:35:04 : EVT <Unknown> : 1783402504697:tT:452.500000,w:1.500000,sP:454.0
#1251281 07.07.2026 07:35:04 : EVT <Unknown> : 1783402504697:wR:0.003304,r:0.277533,lR:0.538546,wM:1.
#1251282 07.07.2026 07:35:04 : EVT <Unknown> : 1783402504697:wM:1.500000,rM:126.0,lM:244.500000
#1251283 07.07.2026 07:35:04 : EVT <Unknown> : 1783402504697:dM:82.0,sc:83.993393
#1251284 07.07.2026 07:35:04 : EVT SLEEP : GMSLEEP:Got 160 of 908 sleep stages
#1251285 07.07.2026 07:35:04 : EVT SLEEP : GMSLEEP:Got 320 of 908 sleep stages
#1251286 07.07.2026 07:35:04 : EVT SLEEP : GMSLEEP:Got 480 of 908 sleep stages
#1251287 07.07.2026 07:35:04 : EVT SLEEP : GMSLEEP:Got 640 of 908 sleep stages
#1251288 07.07.2026 07:35:04 : EVT SLEEP : GMSLEEP:Got 800 of 908 sleep stages
#1251289 07.07.2026 07:35:04 : EVT SLEEP : GMSLEEP:Got 908 of 908 sleep stages
#1251290 07.07.2026 07:35:04 : EVT SLEEP : sleep dur 27150 secs; deep 4920 light 14670 rem 7560
#1251291 07.07.2026 07:35:04 : EVT SLEEP : SleepQ:DetectedSleepType:Long Sleep
#1251292 07.07.2026 07:35:04 : EVT SLEEP : SleepQ:SleepQuality:84 %
#1251293 07.07.2026 07:35:04 : EVT SLEEP : SleepQ:AverageHeartRate:55 bpm
#1251294 07.07.2026 07:35:04 : EVT SLEEP : SleepQ:MinimumHeartRate:49 bpm
#1251295 07.07.2026 07:35:04 : EVT SLEEP : SleepQ:MaximumSpO2:98 %
#1251296 07.07.2026 07:35:04 : EVT SLEEP : SleepQ:Altitude:332 m
#1251297 07.07.2026 07:35:04 : EVT SLEEP : SleepQ:AverageHrvRmssd:55 ms
#1251298 07.07.2026 07:35:04 : EVT SLEEP : SleepQ:AverageHrvCount:60
#1251299 07.07.2026 07:35:04 : EVT SLEEP : SleepQ:FallAsleepTime:23:58.00
#1251300 07.07.2026 07:35:04 : EVT SLEEP : SleepQ:WakeUpTime:07:32.00
#1251301 07.07.2026 07:35:04 : EVT SLEEP : SleepQ:TotalSleepDuration:7:32.30
#1251302 07.07.2026 07:35:04 : EVT SLEEP : SleepQ:DeepSleepDur:1:22.00
#1251303 07.07.2026 07:35:04 : EVT SLEEP : SleepQ:LightSleepDur:4:04.30
#1251304 07.07.2026 07:35:04 : EVT SLEEP : SleepQ:RemSleepDur:2:06.00
#1251305 07.07.2026 07:35:04 : EVT SLEEP : SleepQ:AwakeMidSleepDur:0:01.30
#1251306 07.07.2026 07:35:04 : EVT WBSTORAGE : CACHE_DEFRAG (104->304, 19->19, 25)
#1251307 07.07.2026 07:35:28 : EVT ANALYTICS : WakeUpDet 07:32.00 > SleepSumm 07:35.04 > Notif 07:35.28
#1251308 07.07.2026 07:35:28 : WRN WBAPI : eID-691468(277): /Outdoor/SunEvent/Next.event 404
#1251309 07.07.2026 07:35:29 : EVT UI_FRAMEWORK : JS sl-hello onActivate, is_close: 0
#1251310 07.07.2026 07:40:29 : EVT APPLICATION : Zapp zwc05901:Disable
#1251311 07.07.2026 07:40:29 : EVT ANALYTICS : Zapp disabled i:3 h:ddb248f2 n:Vector classic
#1251312 07.07.2026 07:40:29 : TRC APPLICATION : The zapp watch face was closed due to TO
#1251313 07.07.2026 07:45:57 : EVT OHR : No HR update, invalidate by timer
#1251314 07.07.2026 07:46:00 : EVT SEDENTARY : stop monitoring
#1251315 07.07.2026 07:46:02 : ERR <Unknown> : 1783403163521:Hr_out conf_low:75/10.
#1251316 07.07.2026 07:46:15 : EVT OHR : new HR update
#1251317 07.07.2026 07:46:36 : EVT APPLICATION : Zapp zwc05901:Load script
#1251318 07.07.2026 07:46:36 : EVT APPLICATION : Zapp zwc05901:Enable
#1251319 07.07.2026 07:46:36 : EVT ANALYTICS : Zapp enabled i:3 h:ddb248f2 n:zwc05901 v:124f
#1251320 07.07.2026 07:49:02 : EVT OHR : No HR update, invalidate by timer
#1251321 07.07.2026 07:49:06 : EVT OHR : new HR update
#1251322 07.07.2026 07:50:33 : EVT WBSTORAGE : CACHE_DEFRAG (8->912, 23->23, 25)
#1251323 07.07.2026 07:50:33 : TRC NAVIGATION : CG: no climb WP
#1251324 07.07.2026 07:50:33 : TRC NAVIGATION : CG:init ZoomType=0
#1251325 07.07.2026 07:50:33 : EVT NAVIGATION : initSeg Idx=0 D=1 T=0 3-0-4
#1251326 07.07.2026 07:50:33 : EVT WBSTORAGE : CACHE_DEFRAG (824->968, 24->24, 25)
#1251327 07.07.2026 07:50:33 : EVT ALTIFUSION : AltiBaroMode:0
#1251328 07.07.2026 07:50:33 : EVT ALTIFUSION : Init Search Kalman
#1251329 07.07.2026 07:50:33 : EVT GPS : AltitudeService:sub Best
#1251330 07.07.2026 07:50:33 : TRC GPS : Full GNSS data subd l:15 c:80420010
#1251331 07.07.2026 07:50:33 : EVT APPLICATION : Zapp zwc05901:Disable
#1251332 07.07.2026 07:50:33 : TRC GPS : Power enabled
#1251333 07.07.2026 07:50:33 : EVT ANALYTICS : Zapp disabled i:3 h:ddb248f2 n:Vector classic
#1251334 07.07.2026 07:50:34 : EVT ANALYTICS : SleepQ:Tracking:On
#1251335 07.07.2026 07:50:34 : EVT WBSTORAGE : CACHE_DEFRAG (944->952, 24->24, 25)
#1251336 07.07.2026 07:50:34 : EVT UI_FRAMEWORK : JS nsto enable zapp: zzdecoen
#1251337 07.07.2026 07:50:34 : EVT GPS : LocationProviderImpl:sub Best
#1251338 07.07.2026 07:50:34 : TRC GPS : Full GNSS data subd l:15 c:80160010
#1251339 07.07.2026 07:50:34 : EVT ALTIFUSION : AltiBaroMode:0
#1251340 07.07.2026 07:50:34 : EVT APPLICATION : Zapp zzdecoen:Load script
#1251341 07.07.2026 07:50:34 : EVT APPLICATION : Zapp zzdecoen:Enable
#1251342 07.07.2026 07:50:34 : EVT ANALYTICS : Zapp enabled i:1 h:747c0027 n:zzdecoen v:e73
#1251343 07.07.2026 07:50:34 : EVT APPLICATION : Zapp clid:32878
#1251344 07.07.2026 07:50:34 : EVT UI_FRAMEWORK : JS nsto all zapps enabled.
#1251345 07.07.2026 07:50:34 : EVT UI_FRAMEWORK : JS Prestart Activity Id: 105.000
#1251346 07.07.2026 07:50:34 : EVT GOMORE : GoMore Update User Info
#1251347 07.07.2026 07:50:34 : WRN WBAPI : eID-691468(277): /Dive/Alarms/Acknowledge 404
#1251348 07.07.2026 07:50:34 : WRN WBAPI : eID-691468(277): /Dive/DiveGases 404
#1251349 07.07.2026 07:50:34 : WRN WBAPI : eID-691468(277): /Dive/Gauge/Next 404
#1251350 07.07.2026 07:50:34 : EVT WBSTORAGE : CACHE_DEFRAG (928->936, 24->24, 25)
#1251351 07.07.2026 07:50:34 : EVT WBSTORAGE : CACHE_DEFRAG (864->872, 24->24, 25)
#1251352 07.07.2026 07:50:34 : EVT WBSTORAGE : CACHE_DEFRAG (800->808, 24->24, 25)
#1251353 07.07.2026 07:50:34 : EVT BLE : BLE Sensor Link 4800180D Conn (--E-:00:1)
#1251354 07.07.2026 07:50:34 : WRN BLE : sendConnect 6157
#1251355 07.07.2026 07:50:34 : WRN WBAPI : eID-691468(277): /Dive/TankPressure/Alarm/Count 404
#1251356 07.07.2026 07:50:34 : EVT <Unknown> : Update pres sampl intrvl:1
#1251357 07.07.2026 07:50:34 : EVT SPEEDFUSION : INFO # start speed fusion
#1251358 07.07.2026 07:50:34 : EVT SPEEDFUSION : Act:105,Acc:0,BPod:1,FPod:0,PPod:0,BeltPod:1
#1251359 07.07.2026 07:50:34 : EVT SPEEDFUSION : INFO # GPS changed from:0, to:1
#1251360 07.07.2026 07:50:34 : TRC GPS : Full GNSS data subd l:15 c:803d0010
#1251361 07.07.2026 07:50:34 : EVT SPEEDFUSION : INFO # Start algo without wrist acc
#1251362 07.07.2026 07:50:34 : EVT BLE : No addr,connect to all paired sensor:3
#1251363 07.07.2026 07:50:34 : ERR BLE : no sensor found of type 3
#1251364 07.07.2026 07:50:34 : ERR BLE : sensorLinkRequest
#1251365 07.07.2026 07:50:35 : EVT OHR : S:start 0x21a3
#1251366 07.07.2026 07:50:35 : TRC GPS : Stat report:1
#1251367 07.07.2026 07:50:35 : TRC GPS : @GTIM 2026 7 7 5 50 35
#1251368 07.07.2026 07:50:35 : TRC GPS : Done:GTI
#1251369 07.07.2026 07:50:35 : TRC GPS : GNS setting 0x1fcb
#1251370 07.07.2026 07:50:35 : TRC GPS : @GSR
#1251371 07.07.2026 07:50:35 : EVT <Unknown> : 1783403436647:Meas start 0x21a3
#1251372 07.07.2026 07:50:36 : TRC GPS : Done:GSR
#1251373 07.07.2026 07:50:40 : EVT APPLICATION : Zapp zzdecoen:Disable
#1251374 07.07.2026 07:50:40 : EVT ANALYTICS : Zapp disabled i:1 h:747c0027 n:Aerobic decoupling
#1251375 07.07.2026 07:50:40 : ERR APPLICATION : Zapp out type 0
#1251376 07.07.2026 07:50:40 : EVT WBSTORAGE : CACHE_DEFRAG (728->736, 24->24, 25)
#1251377 07.07.2026 07:50:44 : EVT BLE : lt,scan 1
#1251378 07.07.2026 07:50:44 : WRN BLE : sendDisconnect 6157
#1251379 07.07.2026 07:50:44 : ERR BLE : [AURA]No filters left, stopping scan
#1251380 07.07.2026 07:50:44 : ERR BLE : [AURA]Filter with handle 72 not found
#1251381 07.07.2026 07:50:44 : EVT BLE : packet 0 sensor found count 1
#1251382 07.07.2026 07:50:44 : EVT BLE : packet 0 sensor found count 2
#1251383 07.07.2026 07:50:44 : EVT ANALYTICS : #FusHr src:2 time:10384
#1251384 07.07.2026 07:50:46 : EVT APPLICATION : Zapp climbl01:Load script
#1251385 07.07.2026 07:50:46 : EVT APPLICATION : Zapp climbl01:Enable
#1251386 07.07.2026 07:50:46 : EVT ANALYTICS : Zapp enabled i:5 h:a5e7afa5 n:climbl01 v:3.0
#1251387 07.07.2026 07:50:46 : EVT APPLICATION : Zapp clid:32878
#1251388 07.07.2026 07:50:47 : TRC GPS : Fix valid: 0 idx:9 sat:5 ehpe:100 -lim
#1251389 07.07.2026 07:50:47 : EVT UI_FRAMEWORK : evalFile: b:/zapp/climbl01.fea/ext12.js from ui
#1251390 07.07.2026 07:50:47 : ERR APPLICATION : localStorage: reading b:/zapp/storage/climbl01/data.jsn 
#1251391 07.07.2026 07:50:47 : ERR APPLICATION : localStorage: reading b:/zapp/storage/climbl01/data.jsn 
#1251392 07.07.2026 07:50:47 : ERR APPLICATION : localStorage: reading b:/zapp/storage/climbl01/data.jsn 
#1251393 07.07.2026 07:50:47 : EVT UI_FRAMEWORK : evalFile: b:/zapp/climbl01.fea/ext13.js from ui
#1251394 07.07.2026 07:50:47 : ERR APPLICATION : localStorage: reading b:/zapp/storage/climbl01/data.jsn 
#1251395 07.07.2026 07:50:47 : ERR APPLICATION : localStorage: reading b:/zapp/storage/climbl01/data.jsn 
#1251396 07.07.2026 07:50:47 : ERR APPLICATION : localStorage: reading b:/zapp/storage/climbl01/data.jsn 
#1251397 07.07.2026 07:50:47 : ERR APPLICATION : localStorage: reading b:/zapp/storage/climbl01/data.jsn 
#1251398 07.07.2026 07:50:47 : ERR APPLICATION : localStorage: reading b:/zapp/storage/climbl01/data.jsn 
#1251399 07.07.2026 07:50:47 : ERR APPLICATION : localStorage: reading b:/zapp/storage/climbl01/data.jsn 
#1251400 07.07.2026 07:50:47 : ERR APPLICATION : localStorage: reading b:/zapp/storage/climbl01/data.jsn 
#1251401 07.07.2026 07:50:47 : ERR APPLICATION : localStorage: reading b:/zapp/storage/climbl01/data.jsn 
#1251402 07.07.2026 07:50:47 : ERR APPLICATION : localStorage: reading b:/zapp/storage/climbl01/data.jsn 
#1251403 07.07.2026 07:50:47 : ERR APPLICATION : localStorage: reading b:/zapp/storage/climbl01/data.jsn 
#1251404 07.07.2026 07:50:47 : ERR APPLICATION : localStorage: reading b:/zapp/storage/climbl01/data.jsn 
#1251405 07.07.2026 07:50:47 : ERR APPLICATION : localStorage: reading b:/zapp/storage/climbl01/data.jsn 
#1251406 07.07.2026 07:50:47 : ERR APPLICATION : localStorage: reading b:/zapp/storage/climbl01/data.jsn 
#1251407 07.07.2026 07:50:47 : ERR APPLICATION : localStorage: reading b:/zapp/storage/climbl01/data.jsn 
#1251408 07.07.2026 07:50:47 : ERR APPLICATION : localStorage: reading b:/zapp/storage/climbl01/data.jsn 
#1251409 07.07.2026 07:50:47 : ERR APPLICATION : localStorage: reading b:/zapp/storage/climbl01/data.jsn 
#1251410 07.07.2026 07:50:47 : EVT UI_FRAMEWORK : evalFile: b:/zapp/climbl01.fea/ext12.js from ui
#1251411 07.07.2026 07:50:47 : ERR APPLICATION : localStorage: reading b:/zapp/storage/climbl01/data.jsn 
#1251412 07.07.2026 07:50:47 : ERR APPLICATION : localStorage: reading b:/zapp/storage/climbl01/data.jsn 
#1251413 07.07.2026 07:50:47 : ERR APPLICATION : localStorage: reading b:/zapp/storage/climbl01/data.jsn 
#1251414 07.07.2026 07:50:48 : TRC GPS : Fix valid: 1 idx:10 sat:7 ehpe:28
#1251415 07.07.2026 07:50:48 : EVT GPS : Timesync:error_ms 330
#1251416 07.07.2026 07:50:48 : EVT GPS : Timesync:sys 1783403448330ms gps 1783403448
#1251417 07.07.2026 07:50:48 : EVT GPS : Timesync:rel 39372306 relgps 39372306
#1251418 07.07.2026 07:50:48 : EVT GPS : Timesync:Dev time updated
#1251419 07.07.2026 07:50:49 : EVT APPLICATION : Zapp zzwethen:Load script
#1251420 07.07.2026 07:50:49 : EVT APPLICATION : Zapp zzwethen:Enable
#1251421 07.07.2026 07:50:49 : EVT ANALYTICS : Zapp enabled i:8 h:3f77f8ec n:zzwethen v:ade
#1251422 07.07.2026 07:50:49 : EVT APPLICATION : Zapp clid:32879
#1251423 07.07.2026 07:50:49 : EVT WBSTORAGE : CACHE_DEFRAG (672->696, 25->24, 25)
#1251424 07.07.2026 07:50:51 : EVT APPLICATION : Zapp zzmoveen:Load script
#1251425 07.07.2026 07:50:51 : EVT APPLICATION : Zapp zzmoveen:Enable
#1251426 07.07.2026 07:50:51 : EVT ANALYTICS : Zapp enabled i:6 h:7aac0887 n:zzmoveen v:8e0
#1251427 07.07.2026 07:50:51 : EVT UI_FRAMEWORK : evalFile: b:/zapp/zzmoveen.fea/ext1.js from ui
#1251428 07.07.2026 07:50:51 : EVT APPLICATION : Zapp clid:32880
#1251429 07.07.2026 07:50:59 : EVT LOGGER : HrIbiLogger stop, off (0 ms)
#1251430 07.07.2026 07:50:59 : TRC NAVIGATION : CG: no climb WP
#1251431 07.07.2026 07:50:59 : TRC NAVIGATION : CG:init ZoomType=0
#1251432 07.07.2026 07:50:59 : EVT NAVIGATION : initSeg Idx=0 D=1 T=0 3-0-4
#1251433 07.07.2026 07:50:59 : EVT WBSTORAGE : CACHE_DEFRAG (648->1048, 24->24, 25)
#1251434 07.07.2026 07:50:59 : EVT SPEEDFUSION : INFO # IDLE mode(-1) set
#1251435 07.07.2026 07:50:59 : EVT ALTIFUSION : AltiBaroMode:2
#1251436 07.07.2026 07:50:59 : EVT ALTIFUSION : Init AltiBaro
#1251437 07.07.2026 07:50:59 : EVT GPS : AltitudeService:unsub
#1251438 07.07.2026 07:50:59 : TRC GPS : Unsubd c:80420010
#1251439 07.07.2026 07:50:59 : EVT GPS : LocationProviderImpl:sub Passive
#1251440 07.07.2026 07:50:59 : TRC GPS : Full GNSS data subd l:0 c:80160010
#1251441 07.07.2026 07:50:59 : EVT APPLICATION : Zapp climbl01:Disable
#1251442 07.07.2026 07:50:59 : EVT ANALYTICS : Zapp disabled i:5 h:a5e7afa5 n:Climb Log
#1251443 07.07.2026 07:50:59 : EVT APPLICATION : Zapp zzmoveen:Disable
#1251444 07.07.2026 07:50:59 : EVT ANALYTICS : Zapp disabled i:6 h:7aac0887 n:Movement
#1251445 07.07.2026 07:51:00 : EVT UI_FRAMEWORK : evalFile: b:/zapp/zzmoveen.fea/ext2.js from ui
#1251446 07.07.2026 07:51:00 : EVT APPLICATION : Zapp zzwethen:Disable
#1251447 07.07.2026 07:51:00 : EVT ANALYTICS : Zapp disabled i:8 h:3f77f8ec n:Weather
#1251448 07.07.2026 07:51:00 : EVT SPEEDFUSION : INFO # stop speed fusion
#1251449 07.07.2026 07:51:00 : EVT SPEEDFUSION : INFO # GPS changed from:1, to:0
#1251450 07.07.2026 07:51:00 : TRC GPS : Unsubd c:803d0010
#1251451 07.07.2026 07:51:00 : EVT <Unknown> : Update pres sampl intrvl:5
#1251452 07.07.2026 07:51:00 : EVT ANALYTICS : SleepQ:Tracking:On
#1251453 07.07.2026 07:51:00 : TRC GPS : GnssServiceLevel::PASSIVE
#1251454 07.07.2026 07:51:00 : EVT OHR : S:start 0x2123
#1251455 07.07.2026 07:51:00 : TRC GPS : @GSTP
#1251456 07.07.2026 07:51:00 : EVT WBSTORAGE : CACHE_DEFRAG (1024->1032, 24->24, 25)
#1251457 07.07.2026 07:51:00 : EVT <Unknown> : 1783403461734:Meas start 0x2123
#1251458 07.07.2026 07:51:01 : EVT APPLICATION : Zapp zwc05901:Load script
#1251459 07.07.2026 07:51:01 : EVT APPLICATION : Zapp zwc05901:Enable
#1251460 07.07.2026 07:51:01 : EVT BLE : Disconn sensor:3
#1251461 07.07.2026 07:51:01 : EVT BLE : BLE Sensor Link 42001816 Disc (--E-:00:0)
#1251462 07.07.2026 07:51:01 : ERR BLE : [AURA]Filter with handle 66 not found
#1251463 07.07.2026 07:51:01 : EVT BLE : Disconn sensor:1
#1251464 07.07.2026 07:51:01 : EVT BLE : BLE Sensor Link 4800180D Disc (L-E-:00:0)
#1251465 07.07.2026 07:51:01 : WRN BLE : sendDisconnect 6157
#1251466 07.07.2026 07:51:01 : EVT ANALYTICS : Zapp enabled i:3 h:ddb248f2 n:zwc05901 v:124f
#1251467 07.07.2026 07:51:01 : ERR BLE : [AURA]No filters left, stopping scan
#1251468 07.07.2026 07:51:01 : WRN WBAPI : eID-691468(277): /Weather/Current/ValidWeatherData.temp 
#1251469 07.07.2026 07:51:01 : TRC GPS : @BUP
#1251470 07.07.2026 07:51:03 : TRC GPS : Done:BUP
#1251471 07.07.2026 07:51:03 : TRC GPS : Power disabled
#1251472 07.07.2026 07:53:09 : TRC FUEL_GAUGE : batFgLevel cur:96%, prev:97%
#1251473 07.07.2026 08:00:00 : EVT <Unknown> : pwr daily,ontime:8
#1251474 07.07.2026 08:00:00 : EVT WBSTORAGE : CACHE_DEFRAG (904->912, 24->24, 25)
#1251475 07.07.2026 08:00:00 : EVT WEATHER : t:495378, d:12
#1251476 07.07.2026 08:02:45 : EVT WBSTORAGE : CACHE_DEFRAG (800->808, 24->24, 25)
#1251477 07.07.2026 08:02:45 : EVT WBSTORAGE : CACHE_DEFRAG (760->784, 24->24, 25)
#1251478 07.07.2026 08:02:45 : EVT WBSTORAGE : CACHE_DEFRAG (760->768, 24->24, 25)
#1251479 07.07.2026 08:02:45 : EVT WBSTORAGE : CACHE_DEFRAG (752->760, 24->24, 25)
#1251480 07.07.2026 08:02:45 : EVT WBSTORAGE : CACHE_DEFRAG (744->776, 24->24, 25)
#1251481 07.07.2026 08:02:45 : TRC NAVIGATION : CG: no climb WP
#1251482 07.07.2026 08:02:45 : TRC NAVIGATION : CG:init ZoomType=0
#1251483 07.07.2026 08:02:45 : EVT NAVIGATION : initSeg Idx=0 D=1 T=0 3-0-4
#1251484 07.07.2026 08:02:45 : EVT GPS : LocationProviderImpl:sub Best
#1251485 07.07.2026 08:02:45 : TRC GPS : Full GNSS data subd l:15 c:80160010
#1251486 07.07.2026 08:02:45 : EVT ALTIFUSION : AltiBaroMode:0
#1251487 07.07.2026 08:02:45 : EVT ALTIFUSION : Init Search Kalman
#1251488 07.07.2026 08:02:45 : EVT GPS : AltitudeService:sub Best
#1251489 07.07.2026 08:02:45 : TRC GPS : Full GNSS data subd l:15 c:80420010
#1251490 07.07.2026 08:02:45 : EVT APPLICATION : Zapp zwc05901:Disable
#1251491 07.07.2026 08:02:46 : TRC GPS : Power enabled
#1251492 07.07.2026 08:02:46 : EVT ANALYTICS : Zapp disabled i:3 h:ddb248f2 n:Vector classic
#1251493 07.07.2026 08:02:46 : EVT ANALYTICS : SleepQ:Tracking:On
#1251494 07.07.2026 08:02:46 : EVT ALTIFUSION : AltiBaroMode:0
#1251495 07.07.2026 08:02:46 : EVT WBSTORAGE : CACHE_DEFRAG (696->952, 24->24, 25)
#1251496 07.07.2026 08:02:46 : EVT UI_FRAMEWORK : JS nsto enable zapp: climbl01
#1251497 07.07.2026 08:02:46 : EVT UI_FRAMEWORK : JS nsto enable zapp: zzwethen
#1251498 07.07.2026 08:02:46 : EVT UI_FRAMEWORK : JS nsto enable zapp: zzmoveen
#1251499 07.07.2026 08:02:46 : EVT APPLICATION : Zapp climbl01:Load script
#1251500 07.07.2026 08:02:47 : EVT APPLICATION : Zapp climbl01:Enable
#1251501 07.07.2026 08:02:47 : EVT ANALYTICS : Zapp enabled i:5 h:a5e7afa5 n:climbl01 v:3.0
#1251502 07.07.2026 08:02:47 : EVT APPLICATION : Zapp clid:32878
#1251503 07.07.2026 08:02:47 : ERR WBMAIN : *0: app 589 Event 37 80995318
#1251504 07.07.2026 08:02:47 : ERR WBMAIN : 1: mea 22 Wait 0 00000000
#1251505 07.07.2026 08:02:47 : ERR WBMAIN : 2: ui 27 Wait 0 00000000
#1251506 07.07.2026 08:02:47 : EVT APPLICATION : Zapp zzwethen:Load script
#1251507 07.07.2026 08:02:47 : EVT APPLICATION : Zapp zzwethen:Enable
#1251508 07.07.2026 08:02:47 : EVT ANALYTICS : Zapp enabled i:8 h:3f77f8ec n:zzwethen v:ade
#1251509 07.07.2026 08:02:47 : EVT APPLICATION : Zapp clid:32879
#1251510 07.07.2026 08:02:47 : EVT APPLICATION : Zapp zzmoveen:Load script
#1251511 07.07.2026 08:02:47 : TRC GPS : Stat report:1
#1251512 07.07.2026 08:02:47 : EVT APPLICATION : Zapp zzmoveen:Enable
#1251513 07.07.2026 08:02:47 : TRC GPS : @GTIM 2026 7 7 6 2 47
#1251514 07.07.2026 08:02:47 : TRC GPS : Done:GTI
#1251515 07.07.2026 08:02:47 : TRC GPS : GNS setting 0x1fcb
#1251516 07.07.2026 08:02:47 : TRC GPS : @GSR
#1251517 07.07.2026 08:02:47 : EVT ANALYTICS : Zapp enabled i:6 h:7aac0887 n:zzmoveen v:8e0
#1251518 07.07.2026 08:02:47 : EVT UI_FRAMEWORK : evalFile: b:/zapp/zzmoveen.fea/ext1.js from ui
#1251519 07.07.2026 08:02:47 : EVT APPLICATION : Zapp clid:32880
#1251520 07.07.2026 08:02:47 : EVT UI_FRAMEWORK : JS nsto all zapps enabled.
#1251521 07.07.2026 08:02:47 : EVT UI_FRAMEWORK : JS Prestart Activity Id: 105.000
#1251522 07.07.2026 08:02:47 : WRN WBAPI : eID-691468(277): /Dive/Alarms/Acknowledge 404
#1251523 07.07.2026 08:02:47 : WRN WBAPI : eID-691468(277): /Dive/DiveGases 404
#1251524 07.07.2026 08:02:47 : WRN WBAPI : eID-691468(277): /Dive/Gauge/Next 404
#1251525 07.07.2026 08:02:47 : EVT WBSTORAGE : CACHE_DEFRAG (904->912, 24->24, 25)
#1251526 07.07.2026 08:02:47 : EVT WBSTORAGE : CACHE_DEFRAG (840->848, 24->24, 25)
#1251527 07.07.2026 08:02:47 : EVT WBSTORAGE : CACHE_DEFRAG (776->784, 24->24, 25)
#1251528 07.07.2026 08:02:47 : EVT BLE : BLE Sensor Link 4800180D Conn (--E-:00:1)
#1251529 07.07.2026 08:02:47 : WRN BLE : sendConnect 6157
#1251530 07.07.2026 08:02:47 : WRN WBAPI : eID-691468(277): /Dive/TankPressure/Alarm/Count 404
#1251531 07.07.2026 08:02:47 : EVT <Unknown> : Update pres sampl intrvl:1
#1251532 07.07.2026 08:02:48 : EVT UI_FRAMEWORK : evalFile: b:/zapp/climbl01.fea/ext12.js from ui
#1251533 07.07.2026 08:02:48 : EVT SPEEDFUSION : INFO # start speed fusion
#1251534 07.07.2026 08:02:48 : EVT SPEEDFUSION : Act:105,Acc:0,BPod:1,FPod:0,PPod:0,BeltPod:1
#1251535 07.07.2026 08:02:48 : EVT SPEEDFUSION : INFO # GPS changed from:0, to:1
#1251536 07.07.2026 08:02:48 : TRC GPS : Full GNSS data subd l:15 c:803d0010
#1251537 07.07.2026 08:02:48 : EVT SPEEDFUSION : INFO # Start algo without wrist acc
#1251538 07.07.2026 08:02:48 : TRC GPS : Done:GSR
#1251539 07.07.2026 08:02:48 : ERR APPLICATION : localStorage: reading b:/zapp/storage/climbl01/data.jsn 
#1251540 07.07.2026 08:02:48 : ERR APPLICATION : localStorage: reading b:/zapp/storage/climbl01/data.jsn 
#1251541 07.07.2026 08:02:48 : ERR APPLICATION : localStorage: reading b:/zapp/storage/climbl01/data.jsn 
#1251542 07.07.2026 08:02:48 : EVT UI_FRAMEWORK : evalFile: b:/zapp/climbl01.fea/ext13.js from ui
#1251543 07.07.2026 08:02:48 : ERR APPLICATION : localStorage: reading b:/zapp/storage/climbl01/data.jsn 
#1251544 07.07.2026 08:02:48 : ERR APPLICATION : localStorage: reading b:/zapp/storage/climbl01/data.jsn 
#1251545 07.07.2026 08:02:48 : ERR APPLICATION : localStorage: reading b:/zapp/storage/climbl01/data.jsn 
#1251546 07.07.2026 08:02:48 : ERR APPLICATION : localStorage: reading b:/zapp/storage/climbl01/data.jsn 
#1251547 07.07.2026 08:02:48 : ERR APPLICATION : localStorage: reading b:/zapp/storage/climbl01/data.jsn 
#1251548 07.07.2026 08:02:48 : ERR APPLICATION : localStorage: reading b:/zapp/storage/climbl01/data.jsn 
#1251549 07.07.2026 08:02:48 : ERR APPLICATION : localStorage: reading b:/zapp/storage/climbl01/data.jsn 
#1251550 07.07.2026 08:02:48 : ERR APPLICATION : localStorage: reading b:/zapp/storage/climbl01/data.jsn 
#1251551 07.07.2026 08:02:48 : ERR APPLICATION : localStorage: reading b:/zapp/storage/climbl01/data.jsn 
#1251552 07.07.2026 08:02:48 : ERR APPLICATION : localStorage: reading b:/zapp/storage/climbl01/data.jsn 
#1251553 07.07.2026 08:02:48 : ERR APPLICATION : localStorage: reading b:/zapp/storage/climbl01/data.jsn 
#1251554 07.07.2026 08:02:48 : EVT BLE : DEV H connected
#1251555 07.07.2026 08:02:48 : ERR APPLICATION : localStorage: reading b:/zapp/storage/climbl01/data.jsn 
#1251556 07.07.2026 08:02:48 : ERR APPLICATION : localStorage: reading b:/zapp/storage/climbl01/data.jsn 
#1251557 07.07.2026 08:02:48 : ERR APPLICATION : localStorage: reading b:/zapp/storage/climbl01/data.jsn 
#1251558 07.07.2026 08:02:48 : ERR APPLICATION : localStorage: reading b:/zapp/storage/climbl01/data.jsn 
#1251559 07.07.2026 08:02:48 : ERR APPLICATION : localStorage: reading b:/zapp/storage/climbl01/data.jsn 
#1251560 07.07.2026 08:02:48 : EVT UI_FRAMEWORK : evalFile: b:/zapp/climbl01.fea/ext12.js from ui
#1251561 07.07.2026 08:02:48 : TRC BLE : SVC H/F200 enabled
#1251562 07.07.2026 08:02:48 : EVT OHR : S:start 0x21a3
#1251563 07.07.2026 08:02:48 : TRC BLE : SVC H/180D enabled
#1251564 07.07.2026 08:02:48 : TRC BLE : HR connected (0 ms missing)
#1251565 07.07.2026 08:02:48 : ERR APPLICATION : localStorage: reading b:/zapp/storage/climbl01/data.jsn 
#1251566 07.07.2026 08:02:48 : ERR APPLICATION : localStorage: reading b:/zapp/storage/climbl01/data.jsn 
#1251567 07.07.2026 08:02:48 : EVT BLE : HR BlueBelt 2550100113 (1.1.0/F2. )
#1251568 07.07.2026 08:02:48 : ERR APPLICATION : localStorage: reading b:/zapp/storage/climbl01/data.jsn 
#1251569 07.07.2026 08:02:48 : EVT WBSTORAGE : CACHE_DEFRAG (704->712, 24->24, 25)
#1251570 07.07.2026 08:02:48 : WRN UI_FRAMEWORK : JsTotMem 130648/133120
#1251571 07.07.2026 08:02:48 : EVT BLE : No addr,connect to all paired sensor:3
#1251572 07.07.2026 08:02:48 : EVT <Unknown> : 1783404169907:Meas start 0x21a3
#1251573 07.07.2026 08:02:48 : ERR BLE : no sensor found of type 3
#1251574 07.07.2026 08:02:48 : ERR BLE : sensorLinkRequest
#1251575 07.07.2026 08:02:48 : EVT BLE : report state:40092793
#1251576 07.07.2026 08:02:49 : TRC BLE : HR time resync bt=6463 D=40086704
#1251577 07.07.2026 08:02:49 : EVT BLE : HR RR done
#1251578 07.07.2026 08:02:49 : TRC BLE : HR belt slow conn
#1251579 07.07.2026 08:02:49 : EVT BLE : type 1 is conn, set
#1251580 07.07.2026 08:02:50 : TRC GPS : Fix valid: 0 idx:1 sat:10 ehpe:100 -lim
#1251581 07.07.2026 08:02:57 : TRC GPS : Fix valid: 1 idx:8 sat:22 ehpe:13
#1251582 07.07.2026 08:02:59 : EVT ANALYTICS : #FusHr src:2 time:10010
#1251583 07.07.2026 08:03:00 : EVT SEDENTARY : stop monitoring
#1251584 07.07.2026 08:03:12 : EVT BLE : sub batt level:100
#1251585 07.07.2026 08:03:16 : EVT SPEEDFUSION : INFO # stop speed fusion
#1251586 07.07.2026 08:03:16 : EVT SPEEDFUSION : INFO # GPS changed from:1, to:0
#1251587 07.07.2026 08:03:16 : TRC GPS : Unsubd c:803d0010
#1251588 07.07.2026 08:03:16 : EVT <Unknown> : Update pres sampl intrvl:5
#1251589 07.07.2026 08:03:16 : EVT OHR : S:start 0x2123
#1251590 07.07.2026 08:03:16 : EVT SPEEDFUSION : INFO # start speed fusion
#1251591 07.07.2026 08:03:16 : EVT SPEEDFUSION : Act:105,Acc:0,BPod:1,FPod:0,PPod:0,BeltPod:1
#1251592 07.07.2026 08:03:16 : EVT SPEEDFUSION : INFO # GPS changed from:0, to:1
#1251593 07.07.2026 08:03:16 : TRC GPS : Full GNSS data subd l:15 c:803d0010
#1251594 07.07.2026 08:03:16 : EVT SPEEDFUSION : INFO # Start algo without wrist acc
#1251595 07.07.2026 08:03:16 : EVT <Unknown> : Update pres sampl intrvl:1
#1251596 07.07.2026 08:03:16 : EVT <Unknown> : 1783404198018:Meas start 0x2123
#1251597 07.07.2026 08:03:18 : WRN WBAPI : eID-691468(277): /Dive/TankPressure/Alarm/Count 404
#1251598 07.07.2026 08:03:18 : EVT OHR : S:start 0x21a3
#1251599 07.07.2026 08:03:18 : EVT <Unknown> : 1783404199618:Meas start 0x21a3
#1251600 07.07.2026 08:03:24 : EVT LOGGER : HrIbiLogger stop, off (0 ms)
#1251601 07.07.2026 08:03:24 : TRC NAVIGATION : CG: no climb WP
#1251602 07.07.2026 08:03:24 : TRC NAVIGATION : CG:init ZoomType=0
#1251603 07.07.2026 08:03:24 : EVT NAVIGATION : initSeg Idx=0 D=1 T=0 3-0-4
#1251604 07.07.2026 08:03:24 : EVT WBSTORAGE : CACHE_DEFRAG (648->1048, 24->24, 25)
#1251605 07.07.2026 08:03:24 : EVT SPEEDFUSION : INFO # IDLE mode(-1) set
#1251606 07.07.2026 08:03:24 : EVT ALTIFUSION : AltiBaroMode:2
#1251607 07.07.2026 08:03:24 : EVT ALTIFUSION : Init AltiBaro
#1251608 07.07.2026 08:03:24 : EVT GPS : AltitudeService:unsub
#1251609 07.07.2026 08:03:24 : TRC GPS : Unsubd c:80420010
#1251610 07.07.2026 08:03:24 : EVT GPS : LocationProviderImpl:sub Passive
#1251611 07.07.2026 08:03:24 : TRC GPS : Full GNSS data subd l:0 c:80160010
#1251612 07.07.2026 08:03:24 : EVT APPLICATION : Zapp climbl01:Disable
#1251613 07.07.2026 08:03:24 : EVT ANALYTICS : Zapp disabled i:5 h:a5e7afa5 n:Climb Log
#1251614 07.07.2026 08:03:24 : EVT APPLICATION : Zapp zzmoveen:Disable
#1251615 07.07.2026 08:03:24 : EVT ANALYTICS : Zapp disabled i:6 h:7aac0887 n:Movement
#1251616 07.07.2026 08:03:24 : EVT UI_FRAMEWORK : evalFile: b:/zapp/zzmoveen.fea/ext2.js from ui
#1251617 07.07.2026 08:03:24 : EVT APPLICATION : Zapp zzwethen:Disable
#1251618 07.07.2026 08:03:24 : EVT ANALYTICS : Zapp disabled i:8 h:3f77f8ec n:Weather
#1251619 07.07.2026 08:03:24 : EVT SPEEDFUSION : INFO # stop speed fusion
#1251620 07.07.2026 08:03:24 : EVT SPEEDFUSION : INFO # GPS changed from:1, to:0
#1251621 07.07.2026 08:03:24 : TRC GPS : Unsubd c:803d0010
#1251622 07.07.2026 08:03:24 : EVT <Unknown> : Update pres sampl intrvl:5
#1251623 07.07.2026 08:03:24 : TRC GPS : GnssServiceLevel::PASSIVE
#1251624 07.07.2026 08:03:24 : TRC GPS : @GSTP
#1251625 07.07.2026 08:03:25 : EVT ANALYTICS : SleepQ:Tracking:On
#1251626 07.07.2026 08:03:25 : EVT OHR : S:start 0x2123
#1251627 07.07.2026 08:03:25 : EVT WBSTORAGE : CACHE_DEFRAG (1024->1032, 24->24, 25)
#1251628 07.07.2026 08:03:25 : EVT WBSTORAGE : CACHE_DEFRAG (904->912, 24->24, 25)
#1251629 07.07.2026 08:03:25 : EVT <Unknown> : 1783404206474:Meas start 0x2123
#1251630 07.07.2026 08:03:25 : EVT WBSTORAGE : CACHE_DEFRAG (864->904, 24->24, 25)
#1251631 07.07.2026 08:03:25 : EVT WBSTORAGE : CACHE_DEFRAG (880->888, 24->24, 25)
#1251632 07.07.2026 08:03:25 : EVT WBSTORAGE : CACHE_DEFRAG (872->880, 24->24, 25)
#1251633 07.07.2026 08:03:25 : EVT WBSTORAGE : CACHE_DEFRAG (864->872, 24->24, 25)
#1251634 07.07.2026 08:03:25 : EVT WBSTORAGE : CACHE_DEFRAG (856->864, 24->24, 25)
#1251635 07.07.2026 08:03:25 : TRC NAVIGATION : CG: no climb WP
#1251636 07.07.2026 08:03:25 : TRC NAVIGATION : CG:init ZoomType=0
#1251637 07.07.2026 08:03:25 : EVT NAVIGATION : initSeg Idx=0 D=1 T=0 3-0-4
#1251638 07.07.2026 08:03:26 : EVT WBSTORAGE : CACHE_DEFRAG (784->968, 24->24, 25)
#1251639 07.07.2026 08:03:26 : EVT GPS : LocationProviderImpl:sub Best
#1251640 07.07.2026 08:03:26 : TRC GPS : Full GNSS data subd l:15 c:80160010
#1251641 07.07.2026 08:03:26 : EVT ALTIFUSION : AltiBaroMode:0
#1251642 07.07.2026 08:03:26 : EVT ALTIFUSION : Init Search Kalman
#1251643 07.07.2026 08:03:26 : EVT GPS : AltitudeService:sub Best
#1251644 07.07.2026 08:03:26 : TRC GPS : Full GNSS data subd l:15 c:80420010
#1251645 07.07.2026 08:03:26 : EVT BLE : Disconn sensor:3
#1251646 07.07.2026 08:03:26 : EVT BLE : BLE Sensor Link 42001816 Disc (--E-:00:0)
#1251647 07.07.2026 08:03:26 : ERR BLE : [AURA]Filter with handle 66 not found
#1251648 07.07.2026 08:03:26 : EVT BLE : Disconn sensor:1
#1251649 07.07.2026 08:03:26 : EVT BLE : BLE Sensor Link 4800180D Disc (L-E-:25:0)
#1251650 07.07.2026 08:03:26 : WRN BLE : sendDisconnect 6157
#1251651 07.07.2026 08:03:26 : ERR BLE : [AURA]Filter with handle 72 not found
#1251652 07.07.2026 08:03:26 : EVT ANALYTICS : SleepQ:Tracking:On
#1251653 07.07.2026 08:03:26 : EVT ALTIFUSION : AltiBaroMode:0
#1251654 07.07.2026 08:03:26 : EVT WBSTORAGE : CACHE_DEFRAG (944->952, 24->24, 25)
#1251655 07.07.2026 08:03:26 : EVT UI_FRAMEWORK : JS nsto enable zapp: climbl01
#1251656 07.07.2026 08:03:26 : EVT UI_FRAMEWORK : JS nsto enable zapp: zzwethen
#1251657 07.07.2026 08:03:26 : EVT UI_FRAMEWORK : JS nsto enable zapp: zzmoveen
#1251658 07.07.2026 08:03:26 : EVT APPLICATION : Zapp climbl01:Load script
#1251659 07.07.2026 08:03:26 : TRC BLE : SVC H/180D disabled
#1251660 07.07.2026 08:03:26 : TRC BLE : SVC H/F200 disabled
#1251661 07.07.2026 08:03:26 : EVT BLE : DEV H disconnected
#1251662 07.07.2026 08:03:26 : TRC GPS : @BUP
#1251663 07.07.2026 08:03:26 : EVT APPLICATION : Zapp climbl01:Enable
#1251664 07.07.2026 08:03:26 : EVT ANALYTICS : Zapp enabled i:5 h:a5e7afa5 n:climbl01 v:3.0
#1251665 07.07.2026 08:03:26 : EVT APPLICATION : Zapp clid:32878
#1251666 07.07.2026 08:03:26 : ERR WBMAIN : *0: app 570 Event 37 80995318
#1251667 07.07.2026 08:03:26 : ERR WBMAIN : 1: mea 18 Wait 0 00000000
#1251668 07.07.2026 08:03:26 : ERR WBMAIN : 2: ui 29 Wait 0 00000000
#1251669 07.07.2026 08:03:26 : EVT WBSTORAGE : CACHE_DEFRAG (904->912, 24->24, 25)
#1251670 07.07.2026 08:03:26 : EVT WBSTORAGE : CACHE_DEFRAG (840->848, 24->24, 25)
#1251671 07.07.2026 08:03:26 : EVT APPLICATION : Zapp zzwethen:Load script
#1251672 07.07.2026 08:03:26 : EVT APPLICATION : Zapp zzwethen:Enable
#1251673 07.07.2026 08:03:27 : EVT ANALYTICS : Zapp enabled i:8 h:3f77f8ec n:zzwethen v:ade
#1251674 07.07.2026 08:03:27 : EVT APPLICATION : Zapp clid:32879
#1251675 07.07.2026 08:03:27 : EVT APPLICATION : Zapp zzmoveen:Load script
#1251676 07.07.2026 08:03:27 : EVT APPLICATION : Zapp zzmoveen:Enable
#1251677 07.07.2026 08:03:27 : EVT ANALYTICS : Zapp enabled i:6 h:7aac0887 n:zzmoveen v:8e0
#1251678 07.07.2026 08:03:27 : EVT UI_FRAMEWORK : evalFile: b:/zapp/zzmoveen.fea/ext1.js from ui
#1251679 07.07.2026 08:03:27 : EVT APPLICATION : Zapp clid:32880
#1251680 07.07.2026 08:03:27 : EVT UI_FRAMEWORK : JS nsto all zapps enabled.
#1251681 07.07.2026 08:03:27 : EVT BLE : report state:40131250
#1251682 07.07.2026 08:03:27 : EVT UI_FRAMEWORK : JS Prestart Activity Id: 105.000
#1251683 07.07.2026 08:03:27 : WRN WBAPI : eID-691468(277): /Dive/Alarms/Acknowledge 404
#1251684 07.07.2026 08:03:27 : WRN WBAPI : eID-691468(277): /Dive/DiveGases 404
#1251685 07.07.2026 08:03:27 : WRN WBAPI : eID-691468(277): /Dive/Gauge/Next 404
#1251686 07.07.2026 08:03:27 : EVT WBSTORAGE : CACHE_DEFRAG (776->784, 24->24, 25)
#1251687 07.07.2026 08:03:27 : EVT BLE : BLE Sensor Link 4800180D Conn (--E-:00:1)
#1251688 07.07.2026 08:03:27 : WRN BLE : sendConnect 6157
#1251689 07.07.2026 08:03:27 : WRN WBAPI : eID-691468(277): /Dive/TankPressure/Alarm/Count 404
#1251690 07.07.2026 08:03:27 : EVT <Unknown> : Update pres sampl intrvl:1
#1251691 07.07.2026 08:03:27 : TRC GPS : Done:BUP
#1251692 07.07.2026 08:03:27 : EVT UI_FRAMEWORK : evalFile: b:/zapp/climbl01.fea/ext12.js from ui
#1251693 07.07.2026 08:03:27 : EVT SPEEDFUSION : INFO # start speed fusion
#1251694 07.07.2026 08:03:27 : EVT SPEEDFUSION : Act:105,Acc:0,BPod:1,FPod:0,PPod:0,BeltPod:1
#1251695 07.07.2026 08:03:27 : EVT SPEEDFUSION : INFO # GPS changed from:0, to:1
#1251696 07.07.2026 08:03:27 : TRC GPS : Full GNSS data subd l:15 c:803d0010
#1251697 07.07.2026 08:03:27 : EVT SPEEDFUSION : INFO # Start algo without wrist acc
#1251698 07.07.2026 08:03:27 : ERR APPLICATION : localStorage: reading b:/zapp/storage/climbl01/data.jsn 
#1251699 07.07.2026 08:03:27 : ERR APPLICATION : localStorage: reading b:/zapp/storage/climbl01/data.jsn 
#1251700 07.07.2026 08:03:27 : ERR APPLICATION : localStorage: reading b:/zapp/storage/climbl01/data.jsn 
#1251701 07.07.2026 08:03:27 : EVT UI_FRAMEWORK : evalFile: b:/zapp/climbl01.fea/ext13.js from ui
#1251702 07.07.2026 08:03:27 : ERR APPLICATION : localStorage: reading b:/zapp/storage/climbl01/data.jsn 
#1251703 07.07.2026 08:03:27 : ERR APPLICATION : localStorage: reading b:/zapp/storage/climbl01/data.jsn 
#1251704 07.07.2026 08:03:27 : ERR APPLICATION : localStorage: reading b:/zapp/storage/climbl01/data.jsn 
#1251705 07.07.2026 08:03:27 : ERR APPLICATION : localStorage: reading b:/zapp/storage/climbl01/data.jsn 
#1251706 07.07.2026 08:03:27 : ERR APPLICATION : localStorage: reading b:/zapp/storage/climbl01/data.jsn 
#1251707 07.07.2026 08:03:27 : ERR APPLICATION : localStorage: reading b:/zapp/storage/climbl01/data.jsn 
#1251708 07.07.2026 08:03:27 : ERR APPLICATION : localStorage: reading b:/zapp/storage/climbl01/data.jsn 
#1251709 07.07.2026 08:03:27 : ERR APPLICATION : localStorage: reading b:/zapp/storage/climbl01/data.jsn 
#1251710 07.07.2026 08:03:27 : ERR APPLICATION : localStorage: reading b:/zapp/storage/climbl01/data.jsn 
#1251711 07.07.2026 08:03:27 : ERR APPLICATION : localStorage: reading b:/zapp/storage/climbl01/data.jsn 
#1251712 07.07.2026 08:03:28 : ERR APPLICATION : localStorage: reading b:/zapp/storage/climbl01/data.jsn 
#1251713 07.07.2026 08:03:28 : ERR APPLICATION : localStorage: reading b:/zapp/storage/climbl01/data.jsn 
#1251714 07.07.2026 08:03:28 : ERR APPLICATION : localStorage: reading b:/zapp/storage/climbl01/data.jsn 
#1251715 07.07.2026 08:03:28 : ERR APPLICATION : localStorage: reading b:/zapp/storage/climbl01/data.jsn 
#1251716 07.07.2026 08:03:28 : ERR APPLICATION : localStorage: reading b:/zapp/storage/climbl01/data.jsn 
#1251717 07.07.2026 08:03:28 : ERR APPLICATION : localStorage: reading b:/zapp/storage/climbl01/data.jsn 
#1251718 07.07.2026 08:03:28 : EVT UI_FRAMEWORK : evalFile: b:/zapp/climbl01.fea/ext12.js from ui
#1251719 07.07.2026 08:03:28 : ERR APPLICATION : localStorage: reading b:/zapp/storage/climbl01/data.jsn 
#1251720 07.07.2026 08:03:28 : ERR APPLICATION : localStorage: reading b:/zapp/storage/climbl01/data.jsn 
#1251721 07.07.2026 08:03:28 : ERR APPLICATION : localStorage: reading b:/zapp/storage/climbl01/data.jsn 
#1251722 07.07.2026 08:03:28 : EVT OHR : S:start 0x21a3
#1251723 07.07.2026 08:03:28 : EVT BLE : No addr,connect to all paired sensor:3
#1251724 07.07.2026 08:03:28 : TRC GPS : Power disabled
#1251725 07.07.2026 08:03:28 : ERR BLE : no sensor found of type 3
#1251726 07.07.2026 08:03:28 : ERR BLE : sensorLinkRequest
#1251727 07.07.2026 08:03:28 : TRC GPS : Power enabled
#1251728 07.07.2026 08:03:28 : EVT <Unknown> : 1783404209603:Meas start 0x21a3
#1251729 07.07.2026 08:03:28 : EVT BLE : DEV H connected
#1251730 07.07.2026 08:03:28 : TRC BLE : SVC H/F200 enabled
#1251731 07.07.2026 08:03:28 : TRC BLE : SVC H/180D enabled
#1251732 07.07.2026 08:03:28 : EVT WBSTORAGE : CACHE_DEFRAG (704->712, 24->24, 25)
#1251733 07.07.2026 08:03:28 : TRC BLE : HR connected (0 ms missing)
#1251734 07.07.2026 08:03:28 : EVT BLE : HR BlueBelt 2550100113 (1.1.0/F2. )
#1251735 07.07.2026 08:03:29 : EVT BLE : HR RR done
#1251736 07.07.2026 08:03:29 : TRC BLE : HR belt slow conn
#1251737 07.07.2026 08:03:29 : TRC GPS : Stat report:1
#1251738 07.07.2026 08:03:29 : TRC GPS : @GTIM 2026 7 7 6 3 29
#1251739 07.07.2026 08:03:29 : TRC GPS : Done:GTI
#1251740 07.07.2026 08:03:29 : TRC GPS : GNS setting 0x1fcb
#1251741 07.07.2026 08:03:29 : TRC GPS : @GSR
#1251742 07.07.2026 08:03:29 : EVT BLE : type 1 is conn, set
#1251743 07.07.2026 08:03:30 : EVT BLE : report state:40134255
#1251744 07.07.2026 08:03:30 : TRC GPS : Done:GSR
#1251745 07.07.2026 08:03:33 : TRC GPS : Fix valid: 0 idx:1 sat:7 ehpe:100 -lim
#1251746 07.07.2026 08:03:39 : TRC GPS : Fix valid: 1 idx:8 sat:15 ehpe:12
#1251747 07.07.2026 08:03:41 : EVT ANALYTICS : #FusHr src:2 time:10001
#1251748 07.07.2026 08:03:44 : EVT BLE : sub batt level:100
#1251749 07.07.2026 08:03:45 : EVT BLE : BLE Sensor Link 4800180D Disc (L-E-:25:1)
#1251750 07.07.2026 08:03:45 : WRN BLE : sendDisconnect 6157
#1251751 07.07.2026 08:03:45 : EVT BLE : packet 0 sensor found count 1
#1251752 07.07.2026 08:03:45 : TRC BLE : SVC H/180D disabled
#1251753 07.07.2026 08:03:46 : TRC BLE : SVC H/F200 disabled
#1251754 07.07.2026 08:03:46 : EVT BLE : DEV H disconnected
#1251755 07.07.2026 08:03:46 : EVT BLE : report state:40150212
#1251756 07.07.2026 08:03:52 : ERR BLE : [AURA]No filters left, stopping scan
#1251757 07.07.2026 08:03:52 : EVT BLE : packet 0 sensor found count 1
#1251758 07.07.2026 08:03:52 : EVT BLE : packet 0 sensor found count 2
#1251759 07.07.2026 08:03:53 : ERR BLE : [AURA]No filters left, stopping scan
#1251760 07.07.2026 08:03:54 : WRN BLE : BLE Link 4800180D Disc (--E-:00:1)
#1251761 07.07.2026 08:03:54 : EVT BLE : BLE Sensor Link 4800180D Conn (--E-:00:1)
#1251762 07.07.2026 08:03:54 : WRN BLE : sendConnect 6157
#1251763 07.07.2026 08:03:54 : ERR BLE : [AURA]Filter with handle 72 not found
#1251764 07.07.2026 08:03:54 : EVT BLE : DEV H connected
#1251765 07.07.2026 08:03:54 : TRC BLE : SVC H/F200 enabled
#1251766 07.07.2026 08:03:54 : TRC BLE : SVC H/180D enabled
#1251767 07.07.2026 08:03:54 : TRC BLE : HR connected (0 ms missing)
#1251768 07.07.2026 08:03:55 : EVT BLE : HR BlueBelt 2550100113 (1.1.0/F2. )
#1251769 07.07.2026 08:03:55 : EVT BLE : report state:40159054
#1251770 07.07.2026 08:03:55 : EVT BLE : HR RR done
#1251771 07.07.2026 08:03:55 : TRC BLE : HR belt slow conn
#1251772 07.07.2026 08:03:55 : EVT BLE : type 1 is conn, set
#1251773 07.07.2026 08:03:56 : TRC BLE : SVC H/180D disabled
#1251774 07.07.2026 08:03:56 : TRC BLE : HR disconnected (0 ms missing)
#1251775 07.07.2026 08:03:58 : EVT BLE : sub batt level:100
#1251776 07.07.2026 08:03:58 : EVT BLE : sub batt level:100
#1251777 07.07.2026 08:04:00 : EVT SEDENTARY : stop monitoring
#1251778 07.07.2026 08:04:04 : TRC BLE : SVC H/180D enabled
#1251779 07.07.2026 08:04:04 : TRC BLE : HR connected (0 ms missing)
#1251780 07.07.2026 08:04:05 : EVT ANALYTICS : #FusHr src:1 time:9985
#1251781 07.07.2026 08:04:05 : EVT OHR : S:start 0x20
#1251782 07.07.2026 08:04:05 : EVT OHR : new HR update
#1251783 07.07.2026 08:04:05 : EVT <Unknown> : 1783404246593:Meas start 0x20
#1251784 07.07.2026 08:04:08 : EVT SPEEDFUSION : INFO # stop speed fusion
#1251785 07.07.2026 08:04:08 : EVT SPEEDFUSION : INFO # GPS changed from:1, to:0
#1251786 07.07.2026 08:04:08 : TRC GPS : Unsubd c:803d0010
#1251787 07.07.2026 08:04:08 : EVT <Unknown> : Update pres sampl intrvl:5
#1251788 07.07.2026 08:04:09 : EVT SPEEDFUSION : INFO # start speed fusion
#1251789 07.07.2026 08:04:09 : EVT SPEEDFUSION : Act:105,Acc:0,BPod:1,FPod:0,PPod:0,BeltPod:1
#1251790 07.07.2026 08:04:09 : EVT SPEEDFUSION : INFO # GPS changed from:0, to:1
#1251791 07.07.2026 08:04:09 : TRC GPS : Full GNSS data subd l:15 c:803d0010
#1251792 07.07.2026 08:04:09 : EVT SPEEDFUSION : INFO # Start algo without wrist acc
#1251793 07.07.2026 08:04:09 : EVT <Unknown> : Update pres sampl intrvl:1
#1251794 07.07.2026 08:04:10 : EVT OHR : No HR update, invalidate by timer
#1251795 07.07.2026 08:04:10 : WRN WBAPI : eID-691468(277): /Dive/TankPressure/Alarm/Count 404
#1251796 07.07.2026 08:04:12 : WRN WBAPI : eID-691468(277): /Dive/Alarms/Acknowledge 404
#1251797 07.07.2026 08:04:12 : WRN WBAPI : eID-691468(277): /Dive/DiveGases 404
#1251798 07.07.2026 08:04:12 : WRN WBAPI : eID-691468(277): /Dive/Gauge/Next 404
#1251799 07.07.2026 08:04:12 : EVT ANALYTICS : #FusHr src:1 time:0
#1251800 07.07.2026 08:04:12 : EVT GPS : LocationProviderImpl:sub Passive
#1251801 07.07.2026 08:04:12 : TRC GPS : Full GNSS data subd l:0 c:80160010
#1251802 07.07.2026 08:04:12 : EVT TRAININGLAB : TLab:~Mode T 0 + 6622 A 0 + 190
#1251803 07.07.2026 08:04:12 : EVT TRAININGLAB : TLab:Change mode 2->3
#1251804 07.07.2026 08:04:12 : EVT TRAININGLAB : TLab:Mode::userInfo 60, 200, 1, 37, 182, 950, 1990
#1251805 07.07.2026 08:04:12 : EVT LOGGER : Log space:30644552 bytes free
#1251806 07.07.2026 08:04:13 : EVT TRAININGLAB : ModeUnsub:2800
#1251807 07.07.2026 08:04:13 : EVT TRAININGLAB : ModeSub:9004
#1251808 07.07.2026 08:04:13 : EVT TRAININGLAB : TLab:Select input 0
#1251809 07.07.2026 08:04:13 : EVT TRAININGLAB : Tlab:HR src is 1
#1251810 07.07.2026 08:04:13 : EVT TRAININGLAB : TLab:Active input 0
#1251811 07.07.2026 08:04:13 : EVT LOGGER : Exercise started
#1251812 07.07.2026 08:04:13 : EVT BLE : HR RR on (40177043)
#1251813 07.07.2026 08:04:13 : TRC GPS : Full GNSS data subd l:0 c:802b0000
#1251814 07.07.2026 08:04:13 : ERR WBMAIN : *0: app 570 Event 37 8099031a
#1251815 07.07.2026 08:04:13 : ERR WBMAIN : 1: mea 0 Wait 0 00000000
#1251816 07.07.2026 08:04:13 : ERR WBMAIN : 2: ui 4 Wait 0 00000000
#1251817 07.07.2026 08:04:13 : EVT EXTRAM : Init extram 3
#1251818 07.07.2026 08:04:14 : TRC BLE : HR belt fast conn
#1251819 07.07.2026 08:04:14 : EVT ANALYTICS : Battery-> 3 soc:96
#1251820 07.07.2026 08:04:14 : EVT ANALYTICS : #FusHr src:1 time:0
#1251821 07.07.2026 08:04:14 : EVT ANALYTICS : #Act id:105
#1251822 07.07.2026 08:04:14 : EVT ANALYTICS : #powersave mode:p temp:30.2
#1251823 07.07.2026 08:04:14 : EVT ANALYTICS : #GPS mode:BEST soc:-1
#1251824 07.07.2026 08:04:14 : EVT ANALYTICS : #gnss d:2026-07-06T00:00:00Z
#1251825 07.07.2026 08:04:14 : EVT ANALYTICS : #zapp n:Weather e:1
#1251826 07.07.2026 08:04:14 : EVT ANALYTICS : #zapp n:Movement e:1
#1251827 07.07.2026 08:04:14 : EVT ANALYTICS : #zapp n:Climb Log e:1
#1251828 07.07.2026 08:04:20 : EVT ANALYTICS : #ws AID:105 BM:1 NS:1 SP:3 ZN:0 TG:0 BL:0 GPS:1
#1251829 07.07.2026 08:04:20 : EVT ANALYTICS : #2ws AID:105 WHR:1 INT:0 AL:0 AP:1 FE:1 MC:1 TH:0
#1251830 07.07.2026 08:04:30 : TRC BLE : HR belt slow conn
#1251831 07.07.2026 08:04:31 : TRC BLE : SVC M/F000 enabled
#1251832 07.07.2026 08:04:31 : EVT WBCOMM : P-9 connection made to ECSD00000003
#1251833 07.07.2026 08:04:31 : EVT WBCOMM : New Route: ECSD00000003
#1251834 07.07.2026 08:04:31 : EVT ANALYTICS : BLE-COMM SHWM 146 (01)
#1251835 07.07.2026 08:04:31 : EVT BLE : DEV M connected
#1251836 07.07.2026 08:04:31 : EVT APPLICATION : MCP:remote resources mapped
#1251837 07.07.2026 08:04:34 : EVT ANALYTICS : #sf R:4 A:
#1251838 07.07.2026 08:04:35 : EVT WBSTORAGE : CACHE_DEFRAG (648->664, 24->24, 25)
#1251839 07.07.2026 08:04:37 : EVT ANALYTICS : Weather sync ok d:32280 f:9
#1251840 07.07.2026 08:04:37 : EVT WBSTORAGE : CACHE_DEFRAG (608->656, 24->24, 25)
#1251841 07.07.2026 08:04:37 : EVT ANALYTICS : synced city:Eglisau
#1251842 07.07.2026 08:04:38 : EVT GPS : Last known coordinate:lat:475802012, lon:85222216
#1251843 07.07.2026 08:04:38 : EVT ANALYTICS : Weather sync ok d:0 f:0
#1251844 07.07.2026 08:04:38 : EVT ANALYTICS : synced city:Eglisau
#1251845 07.07.2026 08:04:39 : EVT GPS : Last known coordinate:lat:475800480, lon:85219609
#1251846 07.07.2026 08:05:27 : TRC MAPS : Maps opened
#1251847 07.07.2026 08:05:27 : TRC MAPS : Tile[0]: FREE (x0, y0, z0)
#1251848 07.07.2026 08:05:27 : TRC MAPS : Tile[1]: FREE (x0, y0, z0)
#1251849 07.07.2026 08:05:27 : TRC MAPS : Tile[2]: FREE (x0, y0, z0)
#1251850 07.07.2026 08:05:27 : TRC MAPS : Tile[3]: FREE (x0, y0, z0)
#1251851 07.07.2026 08:05:27 : TRC MAPS : Tile[4]: FREE (x0, y0, z0)
#1251852 07.07.2026 08:05:27 : TRC MAPS : Tile[5]: FREE (x0, y0, z0)
#1251853 07.07.2026 08:05:27 : TRC MAPS : Tile[6]: FREE (x0, y0, z0)
#1251854 07.07.2026 08:05:27 : TRC MAPS : Tile[7]: FREE (x0, y0, z0)
#1251855 07.07.2026 08:05:27 : TRC MAPS : Tile[8]: FREE (x0, y0, z0)
#1251856 07.07.2026 08:05:27 : TRC MAPS : Tile[9]: FREE (x0, y0, z0)
#1251857 07.07.2026 08:05:27 : EVT MAPS : Load style:default-off
#1251858 07.07.2026 08:05:27 : EVT MAPS : Style size=12 layers=0 (default-off)
#1251859 07.07.2026 08:05:27 : EVT MAPS : Load style:maps/s_amoled_dark.json
#1251860 07.07.2026 08:05:27 : EVT MAPS : Style size=4736 layers=74 (maps/s_amoled_dark.json)
#1251861 07.07.2026 08:05:27 : EVT GPS : LocationProviderImpl:sub Best
#1251862 07.07.2026 08:05:27 : TRC GPS : Full GNSS data subd l:15 c:80160010
#1251863 07.07.2026 08:05:27 : TRC MAPS : requestMapTile: sending a req with id 0 to queue
#1251864 07.07.2026 08:05:27 : TRC MAPS : Read an UI load req with id 0 from the queue
#1251865 07.07.2026 08:05:27 : TRC MAPS : Tile x17159 y11447 z15 requested
#1251866 07.07.2026 08:05:27 : TRC MAPS : Init stage
#1251867 07.07.2026 08:05:27 : TRC MAPS : DIR '0001'
#1251868 07.07.2026 08:05:27 : TRC MAPS : Read tile b:maps1/0001/f/4/6/2/p.smtf (@9925415 18347B)
#1251869 07.07.2026 08:05:27 : TRC MAPS : Triangulate size=32880
#1251870 07.07.2026 08:05:27 : EVT MAPS : Tile sz=27720, x17159, y11447, z15
#1251871 07.07.2026 08:05:27 : TRC MAPS : Req[0] result: Code=OK
#1251872 07.07.2026 08:05:27 : TRC MAPS : Req[0] handle: clientID=1, handle=2306591467933292520, r
#1251873 07.07.2026 08:05:27 : EVT MAPS : Req[0]:354ms dec:@169 conv:@310 x:17159 y:11447 z:15
#1251874 07.07.2026 08:05:27 : TRC MAPS : Wait for req
#1251875 07.07.2026 08:05:27 : TRC MAPS : TilesChangedDpc fired
#1251876 07.07.2026 08:05:27 : TRC MAPS : requestMapTile: sending a req with id 0 to queue
#1251877 07.07.2026 08:05:27 : TRC MAPS : Read an UI load req with id 0 from the queue
#1251878 07.07.2026 08:05:27 : TRC MAPS : Tile x17159 y11448 z15 requested
#1251879 07.07.2026 08:05:27 : TRC MAPS : Init stage
#1251880 07.07.2026 08:05:27 : TRC MAPS : DIR '0001'
#1251881 07.07.2026 08:05:27 : TRC MAPS : Read tile b:maps1/0001/f/4/6/2/p.smtf (@10564891 24200B)
#1251882 07.07.2026 08:05:28 : TRC MAPS : Triangulate size=43048
#1251883 07.07.2026 08:05:28 : EVT MAPS : Tile sz=36772, x17159, y11448, z15
#1251884 07.07.2026 08:05:28 : TRC MAPS : Req[0] result: Code=OK
#1251885 07.07.2026 08:05:28 : TRC MAPS : Req[0] handle: clientID=1, handle=2306591467933320252, r
#1251886 07.07.2026 08:05:28 : TRC MAPS : TilesChangedDpc fired
#1251887 07.07.2026 08:05:28 : TRC MAPS : requestMapTile: sending a req with id 0 to queue
#1251888 07.07.2026 08:05:28 : EVT MAPS : Req[0]:425ms dec:@99 conv:@299 x:17159 y:11448 z:15
#1251889 07.07.2026 08:05:28 : TRC MAPS : Wait for req
#1251890 07.07.2026 08:05:28 : TRC MAPS : Read an UI load req with id 0 from the queue
#1251891 07.07.2026 08:05:28 : TRC MAPS : Tile x17160 y11447 z15 requested
#1251892 07.07.2026 08:05:28 : TRC MAPS : Init stage
#1251893 07.07.2026 08:05:28 : TRC MAPS : DIR '0001'
#1251894 07.07.2026 08:05:28 : TRC MAPS : Read tile b:maps1/0001/f/4/6/2/p.smtf (@9943762 11233B)
#1251895 07.07.2026 08:05:28 : TRC MAPS : Triangulate size=18604
#1251896 07.07.2026 08:05:28 : EVT MAPS : Tile sz=15732, x17160, y11447, z15
#1251897 07.07.2026 08:05:28 : TRC MAPS : Req[0] result: Code=OK
#1251898 07.07.2026 08:05:28 : TRC MAPS : Req[0] handle: clientID=1, handle=2306591467933357036, r
#1251899 07.07.2026 08:05:28 : EVT MAPS : Req[0]:772ms dec:@279 conv:@600 x:17160 y:11447 z:15
#1251900 07.07.2026 08:05:28 : TRC MAPS : Wait for req
#1251901 07.07.2026 08:05:28 : TRC MAPS : TilesChangedDpc fired
#1251902 07.07.2026 08:05:28 : TRC MAPS : requestMapTile: sending a req with id 0 to queue
#1251903 07.07.2026 08:05:28 : TRC MAPS : Read an UI load req with id 0 from the queue
#1251904 07.07.2026 08:05:28 : TRC MAPS : Tile x17160 y11448 z15 requested
#1251905 07.07.2026 08:05:28 : TRC MAPS : Init stage
#1251906 07.07.2026 08:05:28 : TRC MAPS : DIR '0001'
#1251907 07.07.2026 08:05:28 : TRC MAPS : Read tile b:maps1/0001/f/4/6/2/p.smtf (@10589091 17422B)
#1251908 07.07.2026 08:05:29 : TRC MAPS : Triangulate size=28936
#1251909 07.07.2026 08:05:29 : EVT MAPS : Tile sz=24916, x17160, y11448, z15
#1251910 07.07.2026 08:05:29 : TRC MAPS : Req[0] result: Code=OK
#1251911 07.07.2026 08:05:29 : TRC MAPS : Req[0] handle: clientID=1, handle=2306591467933372780, r
#1251912 07.07.2026 08:05:29 : TRC MAPS : TilesChangedDpc fired
#1251913 07.07.2026 08:05:29 : EVT MAPS : Req[0]:196ms dec:@59 conv:@155 x:17160 y:11448 z:15
#1251914 07.07.2026 08:05:29 : TRC MAPS : Wait for req
#1251915 07.07.2026 08:05:32 : EVT GPS : LocationProviderImpl:sub Passive
#1251916 07.07.2026 08:05:32 : TRC GPS : Full GNSS data subd l:0 c:80160010
#1251917 07.07.2026 08:05:34 : TRC MAPS : Closed resource file handle on TO
#1251918 07.07.2026 08:05:44 : TRC MAPS : Maps closed
#1251919 07.07.2026 08:05:44 : TRC MAPS : Tile[0]: CLEAR_PENDING (x17159, y11447, z15)
#1251920 07.07.2026 08:05:44 : TRC MAPS : Tile[1]: CLEAR_PENDING (x17159, y11448, z15)
#1251921 07.07.2026 08:05:44 : TRC MAPS : Tile[2]: CLEAR_PENDING (x17160, y11447, z15)
#1251922 07.07.2026 08:05:44 : TRC MAPS : Tile[3]: CLEAR_PENDING (x17160, y11448, z15)
#1251923 07.07.2026 08:05:44 : TRC MAPS : Tile[4]: FREE (x0, y0, z0)
#1251924 07.07.2026 08:05:44 : TRC MAPS : Tile[5]: FREE (x0, y0, z0)
#1251925 07.07.2026 08:05:44 : TRC MAPS : Tile[6]: FREE (x0, y0, z0)
#1251926 07.07.2026 08:05:44 : TRC MAPS : Tile[7]: FREE (x0, y0, z0)
#1251927 07.07.2026 08:05:44 : TRC MAPS : Tile[8]: FREE (x0, y0, z0)
#1251928 07.07.2026 08:05:44 : TRC MAPS : Tile[9]: FREE (x0, y0, z0)
#1251929 07.07.2026 08:05:44 : WRN WBAPI : eID-691468(277): /Dive/Alarms/Acknowledge 404
#1251930 07.07.2026 08:05:44 : WRN WBAPI : eID-691468(277): /Dive/DiveGases 404
#1251931 07.07.2026 08:05:44 : WRN WBAPI : eID-691468(277): /Dive/Gauge/Next 404
#1251932 07.07.2026 08:05:51 : EVT LOGGER : LGR 934, 80
#1251933 07.07.2026 08:05:51 : WRN WBAPI : eID-691468(277): /Dive/Alarms/Acknowledge 404
#1251934 07.07.2026 08:05:51 : WRN WBAPI : eID-691468(277): /Dive/DiveGases 404
#1251935 07.07.2026 08:05:51 : WRN WBAPI : eID-691468(277): /Dive/Gauge/Next 404
#1251936 07.07.2026 08:07:14 : EVT ALTIFUSION : Init Kalman
#1251937 07.07.2026 08:07:14 : EVT GPS : AltitudeService:unsub
#1251938 07.07.2026 08:07:14 : TRC GPS : Unsubd c:80420010
#1251939 07.07.2026 08:07:14 : EVT GPS : AltitudeService:sub Passive
#1251940 07.07.2026 08:07:14 : TRC GPS : Full GNSS data subd l:0 c:80420010
#1251941 07.07.2026 08:07:44 : TRC MAPS : Disabled map tile cache on TO
#1251942 07.07.2026 08:10:00 : ERR WBMAIN : *0: app 624 Event 24 80892700
#1251943 07.07.2026 08:10:00 : ERR WBMAIN : 1: mea 1 Event 3 80891701
#1251944 07.07.2026 08:10:00 : ERR WBMAIN : 2: ui 7 Wait 0 00000000
#1251945 07.07.2026 08:10:45 : EVT LOGGER : LGR 934, 80
#1251946 07.07.2026 08:10:45 : EVT UI_FRAMEWORK : evalFile: b:/zapp/climbl01.fea/ext10.js from ui
#1251947 07.07.2026 08:10:47 : WRN WBAPI : eID-691468(277): /Dive/Alarms/Acknowledge 404
#1251948 07.07.2026 08:10:47 : WRN WBAPI : eID-691468(277): /Dive/DiveGases 404
#1251949 07.07.2026 08:10:47 : WRN WBAPI : eID-691468(277): /Dive/Gauge/Next 404
#1251950 07.07.2026 08:10:49 : EVT LOGGER : LGR 934, 80
#1251951 07.07.2026 08:10:49 : WRN WBAPI : eID-691468(277): /Dive/Alarms/Acknowledge 404
#1251952 07.07.2026 08:10:49 : WRN WBAPI : eID-691468(277): /Dive/DiveGases 404
#1251953 07.07.2026 08:10:49 : WRN WBAPI : eID-691468(277): /Dive/Gauge/Next 404
#1251954 07.07.2026 08:14:10 : TRC FUEL_GAUGE : Batt: 4387 mV (raw: 4388) soc: 96 %, T: 24.0 C,H:105
#1251955 07.07.2026 08:19:00 : EVT SPEEDFUSION : INFO # autopaused
#1251956 07.07.2026 08:19:00 : WRN WBAPI : eID-691468(277): /Dive/Alarms/Acknowledge 404
#1251957 07.07.2026 08:19:00 : WRN WBAPI : eID-691468(277): /Dive/DiveGases 404
#1251958 07.07.2026 08:19:00 : WRN WBAPI : eID-691468(277): /Dive/Gauge/Next 404
#1251959 07.07.2026 08:19:00 : EVT LOGGER : Exercise paused
#1251960 07.07.2026 08:19:00 : EVT LOGGER : Exercise continue
#1251961 07.07.2026 08:19:00 : WRN WBAPI : eID-691468(277): /Dive/Alarms/Acknowledge 404
#1251962 07.07.2026 08:19:00 : WRN WBAPI : eID-691468(277): /Dive/DiveGases 404
#1251963 07.07.2026 08:19:00 : WRN WBAPI : eID-691468(277): /Dive/Gauge/Next 404
#1251964 07.07.2026 08:19:04 : EVT ANALYTICS : Weather sync ok d:900 f:0
#1251965 07.07.2026 08:19:04 : EVT ANALYTICS : synced city:Bülach
#1251966 07.07.2026 08:19:04 : EVT GPS : Last known coordinate:lat:475229107, lon:85468561
#1251967 07.07.2026 08:19:16 : TRC GPS : Fix valid: 0 idx:945 sat:0 ehpe:nan
#1251968 07.07.2026 08:21:14 : TRC GPS : Fix valid: 0 idx:1063 sat:11 ehpe:100 -lim
#1251969 07.07.2026 08:21:15 : TRC GPS : Fix valid: 1 idx:1064 sat:12 ehpe:15
#1251970 07.07.2026 08:21:19 : EVT SPEEDFUSION : INFO # autopaused
#1251971 07.07.2026 08:21:19 : WRN WBAPI : eID-691468(277): /Dive/Alarms/Acknowledge 404
#1251972 07.07.2026 08:21:19 : WRN WBAPI : eID-691468(277): /Dive/DiveGases 404
#1251973 07.07.2026 08:21:19 : WRN WBAPI : eID-691468(277): /Dive/Gauge/Next 404
#1251974 07.07.2026 08:21:19 : EVT LOGGER : Exercise paused
#1251975 07.07.2026 08:21:19 : EVT LOGGER : Exercise continue
#1251976 07.07.2026 08:21:19 : WRN WBAPI : eID-691468(277): /Dive/Alarms/Acknowledge 404
#1251977 07.07.2026 08:21:19 : WRN WBAPI : eID-691468(277): /Dive/DiveGases 404
#1251978 07.07.2026 08:21:19 : WRN WBAPI : eID-691468(277): /Dive/Gauge/Next 404
#1251979 07.07.2026 08:22:28 : EVT LOGGER : LGR 934, 80
#1251980 07.07.2026 08:22:28 : EVT UI_FRAMEWORK : evalFile: b:/zapp/climbl01.fea/ext10.js from ui
#1251981 07.07.2026 08:22:29 : WRN WBAPI : eID-691468(277): /Dive/Alarms/Acknowledge 404
#1251982 07.07.2026 08:22:29 : WRN WBAPI : eID-691468(277): /Dive/DiveGases 404
#1251983 07.07.2026 08:22:29 : WRN WBAPI : eID-691468(277): /Dive/Gauge/Next 404
#1251984 07.07.2026 08:22:45 : EVT LOGGER : LGR 934, 80
#1251985 07.07.2026 08:22:45 : WRN WBAPI : eID-691468(277): /Dive/Alarms/Acknowledge 404
#1251986 07.07.2026 08:22:45 : WRN WBAPI : eID-691468(277): /Dive/DiveGases 404
#1251987 07.07.2026 08:22:45 : WRN WBAPI : eID-691468(277): /Dive/Gauge/Next 404
#1251988 07.07.2026 08:30:10 : EVT LOGGER : LGR 934, 80
#1251989 07.07.2026 08:30:12 : WRN WBAPI : eID-691468(277): /Dive/Alarms/Acknowledge 404
#1251990 07.07.2026 08:30:12 : WRN WBAPI : eID-691468(277): /Dive/DiveGases 404
#1251991 07.07.2026 08:30:12 : WRN WBAPI : eID-691468(277): /Dive/Gauge/Next 404
#1251992 07.07.2026 08:30:13 : EVT LOGGER : LGR 934, 80
#1251993 07.07.2026 08:30:13 : WRN WBAPI : eID-691468(277): /Dive/Alarms/Acknowledge 404
#1251994 07.07.2026 08:30:13 : WRN WBAPI : eID-691468(277): /Dive/DiveGases 404
#1251995 07.07.2026 08:30:13 : WRN WBAPI : eID-691468(277): /Dive/Gauge/Next 404
#1251996 07.07.2026 08:31:18 : TRC FUEL_GAUGE : batFgLevel cur:95%, prev:96%
#1251997 07.07.2026 08:38:58 : TRC GPS : Fix valid: 0 idx:2127 sat:0 ehpe:nan
#1251998 07.07.2026 08:39:01 : TRC GPS : Fix valid: 1 idx:2130 sat:33 ehpe:3
#1251999 07.07.2026 08:50:46 : EVT SPEEDFUSION : INFO # autopaused
#1252000 07.07.2026 08:50:46 : WRN WBAPI : eID-691468(277): /Dive/Alarms/Acknowledge 404
#1252001 07.07.2026 08:50:46 : WRN WBAPI : eID-691468(277): /Dive/DiveGases 404
#1252002 07.07.2026 08:50:46 : WRN WBAPI : eID-691468(277): /Dive/Gauge/Next 404
#1252003 07.07.2026 08:50:46 : EVT LOGGER : Exercise paused
#1252004 07.07.2026 08:50:46 : EVT LOGGER : Exercise continue
#1252005 07.07.2026 08:50:46 : WRN WBAPI : eID-691468(277): /Dive/Alarms/Acknowledge 404
#1252006 07.07.2026 08:50:46 : WRN WBAPI : eID-691468(277): /Dive/DiveGases 404
#1252007 07.07.2026 08:50:46 : WRN WBAPI : eID-691468(277): /Dive/Gauge/Next 404
#1252008 07.07.2026 08:50:50 : EVT LOGGER : LGR 934, 80
#1252009 07.07.2026 08:50:51 : EVT UI_FRAMEWORK : evalFile: b:/zapp/climbl01.fea/ext10.js from ui
#1252010 07.07.2026 08:50:52 : EVT BLE : HR belt req TO
#1252011 07.07.2026 08:50:52 : TRC BLE : HR belt fast conn
#1252012 07.07.2026 08:50:52 : TRC BLE : SVC H/180D disabled
#1252013 07.07.2026 08:50:52 : TRC BLE : HR disconnected (13533 ms missing)
#1252014 07.07.2026 08:50:52 : TRC BLE : SVC H/F200 disabled
#1252015 07.07.2026 08:50:52 : EVT BLE : DEV H disconnected
#1252016 07.07.2026 08:50:52 : WRN WBAPI : eID-691468(277): /Dive/Alarms/Acknowledge 404
#1252017 07.07.2026 08:50:52 : WRN WBAPI : eID-691468(277): /Dive/DiveGases 404
#1252018 07.07.2026 08:50:52 : WRN WBAPI : eID-691468(277): /Dive/Gauge/Next 404
#1252019 07.07.2026 08:50:52 : EVT WBSTORAGE : CACHE_DEFRAG (592->904, 24->24, 25)
#1252020 07.07.2026 08:50:52 : EVT WBSTORAGE : CACHE_DEFRAG (832->840, 24->24, 25)
#1252021 07.07.2026 08:50:52 : EVT BLE : report state:42976853
#1252022 07.07.2026 08:50:54 : EVT LOGGER : LGR 934, 80
#1252023 07.07.2026 08:50:54 : WRN WBAPI : eID-691468(277): /Dive/Alarms/Acknowledge 404
#1252024 07.07.2026 08:50:54 : WRN WBAPI : eID-691468(277): /Dive/DiveGases 404
#1252025 07.07.2026 08:50:54 : WRN WBAPI : eID-691468(277): /Dive/Gauge/Next 404
#1252026 07.07.2026 08:51:49 : EVT BLE : DEV H connected
#1252027 07.07.2026 08:51:49 : EVT WBSTORAGE : CACHE_DEFRAG (768->776, 24->24, 25)
#1252028 07.07.2026 08:51:49 : TRC BLE : SVC H/F200 enabled
#1252029 07.07.2026 08:51:49 : TRC BLE : SVC H/180D enabled
#1252030 07.07.2026 08:51:49 : TRC BLE : HR connected (70748 ms missing)
#1252031 07.07.2026 08:51:49 : EVT BLE : HR BlueBelt 2550100113 (1.1.0/F2. )
#1252032 07.07.2026 08:51:50 : EVT BLE : report state:43034177
#1252033 07.07.2026 08:51:50 : TRC BLE : HR time resync bt=1499 D=43032984
#1252034 07.07.2026 08:51:50 : EVT WBSTORAGE : CACHE_DEFRAG (712->720, 24->24, 25)
#1252035 07.07.2026 08:51:50 : EVT BLE : type 1 is conn, set
#1252036 07.07.2026 08:52:05 : TRC BLE : HR belt slow conn
#1252037 07.07.2026 08:53:32 : EVT SPEEDFUSION : INFO # autopaused
#1252038 07.07.2026 08:53:32 : WRN WBAPI : eID-691468(277): /Dive/Alarms/Acknowledge 404
#1252039 07.07.2026 08:53:32 : WRN WBAPI : eID-691468(277): /Dive/DiveGases 404
#1252040 07.07.2026 08:53:32 : WRN WBAPI : eID-691468(277): /Dive/Gauge/Next 404
#1252041 07.07.2026 08:53:32 : EVT LOGGER : Exercise paused
#1252042 07.07.2026 08:53:32 : EVT LOGGER : Exercise continue
#1252043 07.07.2026 08:53:32 : WRN WBAPI : eID-691468(277): /Dive/Alarms/Acknowledge 404
#1252044 07.07.2026 08:53:32 : WRN WBAPI : eID-691468(277): /Dive/DiveGases 404
#1252045 07.07.2026 08:53:32 : WRN WBAPI : eID-691468(277): /Dive/Gauge/Next 404
#1252046 07.07.2026 08:53:32 : ERR GOMORE : GoMore updateIndex Code:-4
#1252047 07.07.2026 08:55:22 : EVT SPEEDFUSION : INFO # autopaused
#1252048 07.07.2026 08:55:22 : WRN WBAPI : eID-691468(277): /Dive/Alarms/Acknowledge 404
#1252049 07.07.2026 08:55:22 : WRN WBAPI : eID-691468(277): /Dive/DiveGases 404
#1252050 07.07.2026 08:55:22 : WRN WBAPI : eID-691468(277): /Dive/Gauge/Next 404
#1252051 07.07.2026 08:55:22 : EVT LOGGER : Exercise paused
#1252052 07.07.2026 08:55:22 : EVT LOGGER : Exercise continue
#1252053 07.07.2026 08:55:22 : WRN WBAPI : eID-691468(277): /Dive/Alarms/Acknowledge 404
#1252054 07.07.2026 08:55:22 : WRN WBAPI : eID-691468(277): /Dive/DiveGases 404
#1252055 07.07.2026 08:55:22 : WRN WBAPI : eID-691468(277): /Dive/Gauge/Next 404
#1252056 07.07.2026 08:55:22 : ERR GOMORE : GoMore updateIndex Code:-4
#1252057 07.07.2026 08:56:06 : EVT LOGGER : LGR 934, 80
#1252058 07.07.2026 08:56:06 : EVT UI_FRAMEWORK : evalFile: b:/zapp/climbl01.fea/ext10.js from ui
#1252059 07.07.2026 08:56:08 : WRN WBAPI : eID-691468(277): /Dive/Alarms/Acknowledge 404
#1252060 07.07.2026 08:56:08 : WRN WBAPI : eID-691468(277): /Dive/DiveGases 404
#1252061 07.07.2026 08:56:08 : WRN WBAPI : eID-691468(277): /Dive/Gauge/Next 404
#1252062 07.07.2026 08:56:11 : EVT LOGGER : LGR 934, 80
#1252063 07.07.2026 08:56:11 : WRN WBAPI : eID-691468(277): /Dive/Alarms/Acknowledge 404
#1252064 07.07.2026 08:56:11 : WRN WBAPI : eID-691468(277): /Dive/DiveGases 404
#1252065 07.07.2026 08:56:11 : WRN WBAPI : eID-691468(277): /Dive/Gauge/Next 404
#1252066 07.07.2026 08:59:45 : EVT SPEEDFUSION : INFO # autopaused
#1252067 07.07.2026 08:59:45 : WRN WBAPI : eID-691468(277): /Dive/Alarms/Acknowledge 404
#1252068 07.07.2026 08:59:45 : WRN WBAPI : eID-691468(277): /Dive/DiveGases 404
#1252069 07.07.2026 08:59:45 : WRN WBAPI : eID-691468(277): /Dive/Gauge/Next 404
#1252070 07.07.2026 08:59:45 : EVT LOGGER : Exercise paused
#1252071 07.07.2026 08:59:45 : EVT LOGGER : Exercise continue
#1252072 07.07.2026 08:59:45 : WRN WBAPI : eID-691468(277): /Dive/Alarms/Acknowledge 404
#1252073 07.07.2026 08:59:45 : WRN WBAPI : eID-691468(277): /Dive/DiveGases 404
#1252074 07.07.2026 08:59:45 : WRN WBAPI : eID-691468(277): /Dive/Gauge/Next 404
#1252075 07.07.2026 08:59:45 : ERR GOMORE : GoMore updateIndex Code:-4
#1252076 07.07.2026 09:00:00 : EVT <Unknown> : pwr daily,ontime:9
#1252077 07.07.2026 09:00:00 : EVT WBSTORAGE : CACHE_DEFRAG (640->648, 24->24, 25)
#1252078 07.07.2026 09:00:00 : EVT WEATHER : t:495390, d:1
#1252079 07.07.2026 09:01:00 : TRC APPLICATION : Removing: b:/syslogs/systemevent_1225579.log
#1252080 07.07.2026 09:01:42 : TRC FUEL_GAUGE : batFgLevel cur:94%, prev:95%
#1252081 07.07.2026 09:04:24 : EVT SPEEDFUSION : INFO # autopaused
#1252082 07.07.2026 09:04:24 : WRN WBAPI : eID-691468(277): /Dive/Alarms/Acknowledge 404
#1252083 07.07.2026 09:04:24 : WRN WBAPI : eID-691468(277): /Dive/DiveGases 404
#1252084 07.07.2026 09:04:24 : WRN WBAPI : eID-691468(277): /Dive/Gauge/Next 404
#1252085 07.07.2026 09:04:24 : EVT LOGGER : Exercise paused
#1252086 07.07.2026 09:04:24 : EVT LOGGER : Exercise continue
#1252087 07.07.2026 09:04:24 : WRN WBAPI : eID-691468(277): /Dive/Alarms/Acknowledge 404
#1252088 07.07.2026 09:04:24 : WRN WBAPI : eID-691468(277): /Dive/DiveGases 404
#1252089 07.07.2026 09:04:24 : WRN WBAPI : eID-691468(277): /Dive/Gauge/Next 404
#1252090 07.07.2026 09:04:24 : ERR GOMORE : GoMore updateIndex Code:-4
#1252091 07.07.2026 09:05:38 : EVT SPEEDFUSION : INFO # autopaused
#1252092 07.07.2026 09:05:38 : WRN WBAPI : eID-691468(277): /Dive/Alarms/Acknowledge 404
#1252093 07.07.2026 09:05:38 : WRN WBAPI : eID-691468(277): /Dive/DiveGases 404
#1252094 07.07.2026 09:05:38 : WRN WBAPI : eID-691468(277): /Dive/Gauge/Next 404
#1252095 07.07.2026 09:05:38 : EVT LOGGER : Exercise paused
#1252096 07.07.2026 09:05:38 : EVT LOGGER : Exercise continue
#1252097 07.07.2026 09:05:38 : WRN WBAPI : eID-691468(277): /Dive/Alarms/Acknowledge 404
#1252098 07.07.2026 09:05:38 : WRN WBAPI : eID-691468(277): /Dive/DiveGases 404
#1252099 07.07.2026 09:05:38 : WRN WBAPI : eID-691468(277): /Dive/Gauge/Next 404
#1252100 07.07.2026 09:05:38 : ERR GOMORE : GoMore updateIndex Code:-4
#1252101 07.07.2026 09:06:01 : EVT FILESYSTEM : maxfh:5 dff4 2 b:/syslogs/seq.txt
#1252102 07.07.2026 09:07:08 : EVT SPEEDFUSION : INFO # autopaused
#1252103 07.07.2026 09:07:08 : WRN WBAPI : eID-691468(277): /Dive/Alarms/Acknowledge 404
#1252104 07.07.2026 09:07:08 : WRN WBAPI : eID-691468(277): /Dive/DiveGases 404
#1252105 07.07.2026 09:07:08 : WRN WBAPI : eID-691468(277): /Dive/Gauge/Next 404
#1252106 07.07.2026 09:07:08 : EVT LOGGER : Exercise paused
#1252107 07.07.2026 09:07:08 : EVT LOGGER : Exercise continue
#1252108 07.07.2026 09:07:08 : WRN WBAPI : eID-691468(277): /Dive/Alarms/Acknowledge 404
#1252109 07.07.2026 09:07:08 : WRN WBAPI : eID-691468(277): /Dive/DiveGases 404
#1252110 07.07.2026 09:07:08 : WRN WBAPI : eID-691468(277): /Dive/Gauge/Next 404
#1252111 07.07.2026 09:07:08 : ERR GOMORE : GoMore updateIndex Code:-4
#1252112 07.07.2026 09:08:30 : EVT SPEEDFUSION : INFO # autopaused
#1252113 07.07.2026 09:08:30 : WRN WBAPI : eID-691468(277): /Dive/Alarms/Acknowledge 404
#1252114 07.07.2026 09:08:30 : WRN WBAPI : eID-691468(277): /Dive/DiveGases 404
#1252115 07.07.2026 09:08:30 : WRN WBAPI : eID-691468(277): /Dive/Gauge/Next 404
#1252116 07.07.2026 09:08:30 : EVT LOGGER : Exercise paused
#1252117 07.07.2026 09:08:30 : EVT LOGGER : Exercise continue
#1252118 07.07.2026 09:08:30 : WRN WBAPI : eID-691468(277): /Dive/Alarms/Acknowledge 404
#1252119 07.07.2026 09:08:30 : WRN WBAPI : eID-691468(277): /Dive/DiveGases 404
#1252120 07.07.2026 09:08:30 : WRN WBAPI : eID-691468(277): /Dive/Gauge/Next 404
#1252121 07.07.2026 09:08:30 : ERR GOMORE : GoMore updateIndex Code:-4
#1252122 07.07.2026 09:09:06 : EVT LOGGER : LGR 934, 80
#1252123 07.07.2026 09:09:06 : EVT UI_FRAMEWORK : evalFile: b:/zapp/climbl01.fea/ext10.js from ui
#1252124 07.07.2026 09:09:08 : WRN WBAPI : eID-691468(277): /Dive/Alarms/Acknowledge 404
#1252125 07.07.2026 09:09:08 : WRN WBAPI : eID-691468(277): /Dive/DiveGases 404
#1252126 07.07.2026 09:09:08 : WRN WBAPI : eID-691468(277): /Dive/Gauge/Next 404
#1252127 07.07.2026 09:09:10 : EVT LOGGER : LGR 934, 80
#1252128 07.07.2026 09:09:10 : WRN WBAPI : eID-691468(277): /Dive/Alarms/Acknowledge 404
#1252129 07.07.2026 09:09:10 : WRN WBAPI : eID-691468(277): /Dive/DiveGases 404
#1252130 07.07.2026 09:09:10 : WRN WBAPI : eID-691468(277): /Dive/Gauge/Next 404
#1252131 07.07.2026 09:12:09 : EVT BLE : ANCS #1828365611 S02 C6 f02 t1783415529 s33
#1252132 07.07.2026 09:12:09 : EVT BRIGHTNESS : Custom state pwr:[3,-1] bri:[-1.00,-1.00]
#1252133 07.07.2026 09:12:09 : EVT BRIGHTNESS : Custom state pwr:[-1,-1] bri:[-1.00,-1.00]
#1252134 07.07.2026 09:12:16 : EVT LOGGER : LGR 934, 80
#1252135 07.07.2026 09:12:23 : WRN WBAPI : eID-691468(277): /Dive/Alarms/Acknowledge 404
#1252136 07.07.2026 09:12:23 : WRN WBAPI : eID-691468(277): /Dive/DiveGases 404
#1252137 07.07.2026 09:12:23 : WRN WBAPI : eID-691468(277): /Dive/Gauge/Next 404
#1252138 07.07.2026 09:12:24 : EVT LOGGER : LGR 934, 80
#1252139 07.07.2026 09:12:24 : WRN WBAPI : eID-691468(277): /Dive/Alarms/Acknowledge 404
#1252140 07.07.2026 09:12:24 : WRN WBAPI : eID-691468(277): /Dive/DiveGases 404
#1252141 07.07.2026 09:12:24 : WRN WBAPI : eID-691468(277): /Dive/Gauge/Next 404
#1252142 07.07.2026 09:14:12 : TRC FUEL_GAUGE : Batt: 4368 mV (raw: 4368) soc: 94 %, T: 29.9 C,H:105
#1252143 07.07.2026 09:14:31 : EVT SPEEDFUSION : INFO # autopaused
#1252144 07.07.2026 09:14:31 : EVT LOGGER : Exercise paused
#1252145 07.07.2026 09:14:31 : WRN WBAPI : eID-691468(277): /Dive/Alarms/Acknowledge 404
#1252146 07.07.2026 09:14:31 : WRN WBAPI : eID-691468(277): /Dive/DiveGases 404
#1252147 07.07.2026 09:14:31 : WRN WBAPI : eID-691468(277): /Dive/Gauge/Next 404
#1252148 07.07.2026 09:14:31 : EVT LOGGER : Exercise continue
#1252149 07.07.2026 09:14:31 : WRN WBAPI : eID-691468(277): /Dive/Alarms/Acknowledge 404
#1252150 07.07.2026 09:14:31 : WRN WBAPI : eID-691468(277): /Dive/DiveGases 404
#1252151 07.07.2026 09:14:31 : WRN WBAPI : eID-691468(277): /Dive/Gauge/Next 404
#1252152 07.07.2026 09:14:31 : ERR GOMORE : GoMore updateIndex Code:-4
#1252153 07.07.2026 09:14:34 : EVT LOGGER : LGR 934, 80
#1252154 07.07.2026 09:14:34 : EVT UI_FRAMEWORK : evalFile: b:/zapp/climbl01.fea/ext10.js from ui
#1252155 07.07.2026 09:14:35 : WRN WBAPI : eID-691468(277): /Dive/Alarms/Acknowledge 404
#1252156 07.07.2026 09:14:35 : WRN WBAPI : eID-691468(277): /Dive/DiveGases 404
#1252157 07.07.2026 09:14:35 : WRN WBAPI : eID-691468(277): /Dive/Gauge/Next 404
#1252158 07.07.2026 09:15:37 : TRC GPS : Fix valid: 0 idx:4326 sat:0 ehpe:nan
#1252159 07.07.2026 09:15:42 : TRC GPS : Fix valid: 1 idx:4331 sat:16 ehpe:9
#1252160 07.07.2026 09:15:47 : EVT SPEEDFUSION : INFO # autopaused
#1252161 07.07.2026 09:15:47 : WRN WBAPI : eID-691468(277): /Dive/Alarms/Acknowledge 404
#1252162 07.07.2026 09:15:47 : WRN WBAPI : eID-691468(277): /Dive/DiveGases 404
#1252163 07.07.2026 09:15:47 : WRN WBAPI : eID-691468(277): /Dive/Gauge/Next 404
#1252164 07.07.2026 09:15:47 : EVT LOGGER : Exercise paused
#1252165 07.07.2026 09:15:47 : EVT LOGGER : Exercise continue
#1252166 07.07.2026 09:15:47 : WRN WBAPI : eID-691468(277): /Dive/Alarms/Acknowledge 404
#1252167 07.07.2026 09:15:47 : WRN WBAPI : eID-691468(277): /Dive/DiveGases 404
#1252168 07.07.2026 09:15:47 : WRN WBAPI : eID-691468(277): /Dive/Gauge/Next 404
#1252169 07.07.2026 09:15:47 : ERR GOMORE : GoMore updateIndex Code:-4
#1252170 07.07.2026 09:16:07 : WRN WBAPI : eID-691468(277): /Dive/Alarms/Acknowledge 404
#1252171 07.07.2026 09:16:07 : WRN WBAPI : eID-691468(277): /Dive/DiveGases 404
#1252172 07.07.2026 09:16:07 : WRN WBAPI : eID-691468(277): /Dive/Gauge/Next 404
#1252173 07.07.2026 09:16:07 : EVT LOGGER : Exercise paused
#1252174 07.07.2026 09:16:24 : TRC GPS : Fix valid: 0 idx:4373 sat:0 ehpe:nan
#1252175 07.07.2026 09:19:04 : EVT ANALYTICS : Weather sync ok d:3600 f:0
#1252176 07.07.2026 09:19:04 : EVT ANALYTICS : synced city:Zollikon
#1252177 07.07.2026 09:19:04 : EVT GPS : Last known coordinate:lat:473477176, lon:85880738
#1252178 07.07.2026 09:20:31 : EVT APPLICATION : Zapp climbl01:Disable
#1252179 07.07.2026 09:20:31 : EVT UI_FRAMEWORK : evalFile: b:/zapp/climbl01.fea/ext11.js from ui
#1252180 07.07.2026 09:20:31 : ERR APPLICATION : localStorage: reading b:/zapp/storage/climbl01/data.jsn 
#1252181 07.07.2026 09:20:31 : ERR APPLICATION : localStorage: reading b:/zapp/storage/climbl01/data.jsn 
#1252182 07.07.2026 09:20:31 : ERR APPLICATION : localStorage: reading b:/zapp/storage/climbl01/data.jsn 
#1252183 07.07.2026 09:20:31 : ERR APPLICATION : localStorage: reading b:/zapp/storage/climbl01/data.jsn 
#1252184 07.07.2026 09:20:31 : EVT ANALYTICS : Zapp disabled i:5 h:a5e7afa5 n:Climb Log
#1252185 07.07.2026 09:20:31 : EVT APPLICATION : Zapp zzmoveen:Disable
#1252186 07.07.2026 09:20:31 : EVT ANALYTICS : Zapp disabled i:6 h:7aac0887 n:Movement
#1252187 07.07.2026 09:20:31 : EVT UI_FRAMEWORK : evalFile: b:/zapp/zzmoveen.fea/ext2.js from ui
#1252188 07.07.2026 09:20:31 : EVT APPLICATION : Zapp zzwethen:Disable
#1252189 07.07.2026 09:20:31 : EVT ANALYTICS : Zapp disabled i:8 h:3f77f8ec n:Weather
#1252190 07.07.2026 09:20:31 : EVT UI_FRAMEWORK : JS discard disable zapps
#1252191 07.07.2026 09:20:31 : EVT UI_FRAMEWORK : JS will discard
#1252192 07.07.2026 09:20:31 : EVT SPEEDFUSION : INFO # stop speed fusion
#1252193 07.07.2026 09:20:31 : EVT SPEEDFUSION : INFO # GPS changed from:1, to:0
#1252194 07.07.2026 09:20:31 : TRC GPS : Unsubd c:803d0010
#1252195 07.07.2026 09:20:31 : EVT <Unknown> : Update pres sampl intrvl:5
#1252196 07.07.2026 09:20:31 : WRN APPLICATION : discard hrr meas l:3 d:0 sh:122 mh:122 v:0
#1252197 07.07.2026 09:20:31 : EVT EXTRAM : Deinit extram 3
#1252198 07.07.2026 09:20:31 : WRN WBAPI : eID-698eec(583/65535): 404
#1252199 07.07.2026 09:20:31 : EVT GPS : LocationProviderImpl:sub Best
#1252200 07.07.2026 09:20:31 : TRC GPS : Full GNSS data subd l:15 c:80160010
#1252201 07.07.2026 09:20:31 : EVT TRAININGZONE : User Define Mode:5
#1252202 07.07.2026 09:20:31 : EVT TRAININGZONE : Tss HR:45.52
#1252203 07.07.2026 09:20:31 : EVT TRAININGZONE : A:105,Tss:[0.00,-200.00,-200.00,45.52]
#1252204 07.07.2026 09:20:31 : EVT ANALYTICS : WAOae:Activity WAOae:105
#1252205 07.07.2026 09:20:31 : EVT ANALYTICS : WAOae:TotalAcc WAOae:0,0,0
#1252206 07.07.2026 09:20:31 : EVT ANALYTICS : WAOae:AccCount WAOae:0,0,0
#1252207 07.07.2026 09:20:31 : EVT ANALYTICS : WAOae:Distance WAOae:0,0,0
#1252208 07.07.2026 09:20:31 : EVT ANALYTICS : WAOae:Duration WAOae:0,0,0
#1252209 07.07.2026 09:20:31 : EVT ANALYTICS : WAOae:Coeff WAOae:0,40,240,390,773,7524,7624
#1252210 07.07.2026 09:20:31 : EVT LOGGER : Exercise stopped
#1252211 07.07.2026 09:20:31 : EVT BLE : HR RR off (44755903, 4902 ms missing)
#1252212 07.07.2026 09:20:31 : EVT LOGGER : HrIbiLogger stop, wait (4573958 ms)
#1252213 07.07.2026 09:20:31 : TRC GPS : Unsubd c:802b0000
#1252214 07.07.2026 09:20:31 : EVT ANALYTICS : SleepQ:Tracking:On
#1252215 07.07.2026 09:20:31 : TRC GPS : GnssServiceLevel Change: Should not be here 4
#1252216 07.07.2026 09:20:32 : EVT BLE : HR RR done
#1252217 07.07.2026 09:20:32 : EVT TRAININGLAB : AppFeature Vo2Max 0.000000
#1252218 07.07.2026 09:20:32 : EVT TRAININGLAB : TLab:~Mode T 6622 + 4083 A 190 + 3070
#1252219 07.07.2026 09:20:32 : EVT TRAININGLAB : TLab:Change mode 3->2
#1252220 07.07.2026 09:20:32 : EVT TRAININGLAB : TLab:Mode::userInfo 60, 200, 1, 37, 182, 950, 1990
#1252221 07.07.2026 09:20:32 : EVT LOGGER : LGR 934, 80
#1252222 07.07.2026 09:20:32 : EVT TRAININGLAB : ModeUnsub:91C5
#1252223 07.07.2026 09:20:32 : EVT TRAININGLAB : ModeSub:0400
#1252224 07.07.2026 09:20:32 : EVT LOGGER : HrIbiLogger stopped (4578860 ms)
#1252225 07.07.2026 09:20:32 : EVT LOGGER : LGR 934, 80
#1252226 07.07.2026 09:20:32 : EVT LOGGER : LGR 934, 80
#1252227 07.07.2026 09:20:32 : EVT LOGGER : Wr dpc on
#1252228 07.07.2026 09:20:32 : EVT LOGGER : LGR 20993, 56
#1252229 07.07.2026 09:20:32 : TRC BLE : HR belt fast conn
#1252230 07.07.2026 09:20:33 : EVT WBSTORAGE : CACHE_DEFRAG (536->544, 24->24, 25)
#1252231 07.07.2026 09:20:33 : EVT BLE : Disconn sensor:3
#1252232 07.07.2026 09:20:33 : EVT BLE : BLE Sensor Link 42001816 Disc (--E-:00:0)
#1252233 07.07.2026 09:20:33 : ERR BLE : [AURA]Filter with handle 66 not found
#1252234 07.07.2026 09:20:33 : EVT UI_FRAMEWORK : JS feeling vs idle 1
#1252235 07.07.2026 09:20:33 : EVT WBSTORAGE : CACHE_DEFRAG (528->536, 24->24, 25)
#1252236 07.07.2026 09:20:33 : EVT BLE : Disconn sensor:1
#1252237 07.07.2026 09:20:33 : EVT BLE : BLE Sensor Link 4800180D Disc (L-E-:25:0)
#1252238 07.07.2026 09:20:33 : WRN BLE : sendDisconnect 6157
#1252239 07.07.2026 09:20:33 : EVT UI_FRAMEWORK : JS feeling open ex-saving
#1252240 07.07.2026 09:20:33 : ERR BLE : [AURA]Filter with handle 72 not found
#1252241 07.07.2026 09:20:34 : TRC BLE : SVC H/180D disabled
#1252242 07.07.2026 09:20:34 : TRC BLE : SVC H/F200 disabled
#1252243 07.07.2026 09:20:34 : EVT BLE : DEV H disconnected
#1252244 07.07.2026 09:20:34 : EVT WBSTORAGE : CACHE_DEFRAG (512->912, 24->24, 25)
#1252245 07.07.2026 09:20:34 : EVT WBSTORAGE : CACHE_DEFRAG (896->904, 24->24, 25)
#1252246 07.07.2026 09:20:34 : TRC NAVIGATION : CG: no climb WP
#1252247 07.07.2026 09:20:34 : TRC NAVIGATION : CG:init ZoomType=0
#1252248 07.07.2026 09:20:34 : EVT NAVIGATION : initSeg Idx=0 D=1 T=0 3-0-4
#1252249 07.07.2026 09:20:34 : EVT WBSTORAGE : CACHE_DEFRAG (888->1024, 24->24, 25)
#1252250 07.07.2026 09:20:34 : EVT SPEEDFUSION : INFO # IDLE mode(-1) set
#1252251 07.07.2026 09:20:34 : EVT ALTIFUSION : AltiBaroMode:2
#1252252 07.07.2026 09:20:34 : EVT ALTIFUSION : Init AltiBaro
#1252253 07.07.2026 09:20:34 : EVT GPS : AltitudeService:unsub
#1252254 07.07.2026 09:20:34 : TRC GPS : Unsubd c:80420010
#1252255 07.07.2026 09:20:34 : ERR WBMAIN : *0: app 519 Event 37 8099031c
#1252256 07.07.2026 09:20:34 : ERR WBMAIN : 1: mea 2 Event 24 8042037d
#1252257 07.07.2026 09:20:34 : ERR WBMAIN : 2: ui 3 Wait 0 00000000
#1252258 07.07.2026 09:20:34 : EVT WBSTORAGE : CACHE_DEFRAG (1000->1008, 24->24, 25)
#1252259 07.07.2026 09:20:34 : EVT WBSTORAGE : CACHE_DEFRAG (936->944, 24->24, 25)
#1252260 07.07.2026 09:20:34 : EVT GPS : LocationProviderImpl:sub Passive
#1252261 07.07.2026 09:20:34 : TRC GPS : Full GNSS data subd l:0 c:80160010
#1252262 07.07.2026 09:20:34 : TRC GPS : GnssServiceLevel::PASSIVE
#1252263 07.07.2026 09:20:34 : EVT OHR : S:start 0x2123
#1252264 07.07.2026 09:20:34 : EVT BLE : report state:44758493
#1252265 07.07.2026 09:20:34 : EVT ANALYTICS : #powersave mode:p temp:27.0
#1252266 07.07.2026 09:20:34 : EVT ANALYTICS : Battery-> 4 soc:94
#1252267 07.07.2026 09:20:34 : TRC GPS : @GSTP
#1252268 07.07.2026 09:20:35 : EVT <Unknown> : 1783408835989:Meas start 0x2123
#1252269 07.07.2026 09:20:35 : EVT <Unknown> : 1783408835990:xiaomi reset t:36796840087/32207296875.
#1252270 07.07.2026 09:20:36 : TRC GPS : @BUP
#1252271 07.07.2026 09:20:37 : TRC GPS : Done:BUP
#1252272 07.07.2026 09:20:37 : TRC GPS : Power disabled
#1252273 07.07.2026 09:20:37 : EVT ANALYTICS : Duration ExSaving:3854
#1252274 07.07.2026 09:20:38 : EVT ANALYTICS : Duration ExSumBroker:655
#1252275 07.07.2026 09:20:38 : ERR <Unknown> : 1783408839599:Mi invalid call:100,code:0.
#1252276 07.07.2026 09:20:39 : EVT OHR : No HR update, invalidate by timer
#1252277 07.07.2026 09:20:41 : EVT <Unknown> : 1783408842343:Off Skin Set.
#1252278 07.07.2026 09:20:41 : EVT <Unknown> : 1783408842845:On Skin Set.
#1252279 07.07.2026 09:20:51 : EVT OHR : new HR update
#1252280 07.07.2026 09:20:59 : EVT APPLICATION : Zapp zwc05901:Load script
#1252281 07.07.2026 09:20:59 : EVT APPLICATION : Zapp zwc05901:Enable
#1252282 07.07.2026 09:20:59 : EVT ANALYTICS : Zapp enabled i:3 h:ddb248f2 n:zwc05901 v:124f
#1252283 07.07.2026 09:20:59 : WRN WBAPI : eID-691468(277): /Weather/Current/ValidWeatherData.temp 
#1252284 07.07.2026 09:21:00 : EVT TRAININGZONE : Update TSS:45.52
#1252285 07.07.2026 09:21:00 : EVT WBSTORAGE : CACHE_DEFRAG (872->880, 24->24, 25)
#1252286 07.07.2026 09:21:00 : WRN WBAPI : eID-691468(277): /Weather/Current/ValidWeatherData.temp 
#1252287 07.07.2026 09:21:00 : EVT ANALYTICS : Sync start
#1252288 07.07.2026 09:21:01 : EVT ANALYTICS : Sync start
#1252289 07.07.2026 09:21:14 : EVT OHR : No HR update, invalidate by timer
#1252290 07.07.2026 09:21:15 : EVT ANALYTICS : #sf R:5 A:Xiamen-fw_2.53.42.29545-V-8b67dbcf
#1252291 07.07.2026 09:21:19 : ERR <Unknown> : 1783408880382:Hr_out conf_low:78/10.
#1252292 07.07.2026 09:21:19 : EVT OHR : new HR update
#1252293 07.07.2026 09:21:26 : EVT OHR : No HR update, invalidate by timer
#1252294 07.07.2026 09:21:31 : ERR <Unknown> : 1783408892394:Hr_out conf_low:72/10.
#1252295 07.07.2026 09:21:38 : TRC GPS : Power enabled
#1252296 07.07.2026 09:21:39 : TRC GPS : Stat report:1
#1252297 07.07.2026 09:21:40 : EVT WBSTORAGE : CACHE_DEFRAG (752->760, 24->24, 25)
#1252298 07.07.2026 09:21:41 : ERR WBMAIN : *0: app 672 Event 37 8000a405
#1252299 07.07.2026 09:21:41 : ERR WBMAIN : 1: mea 785 Wait 0 00000000
#1252300 07.07.2026 09:21:41 : ERR WBMAIN : 2: ui 784 Wait 0 00000000
#1252301 07.07.2026 09:21:49 : EVT OHR : new HR update
#1252302 07.07.2026 09:21:52 : TRC GPS : LLE GP:0707 QZ:0707 GL:0707 GA:0707 BE:0707
#1252303 07.07.2026 09:21:52 : TRC GPS : Power disabled
#1252304 07.07.2026 09:21:59 : EVT OHR : No HR update, invalidate by timer
#1252305 07.07.2026 09:22:00 : EVT SEDENTARY : stop monitoring
#1252306 07.07.2026 09:22:04 : ERR <Unknown> : 1783408925257:Hr_out conf_low:87/10.
#1252307 07.07.2026 09:22:24 : ERR <Unknown> : 1783408945276:Hr_out conf_low:86/30.
#1252308 07.07.2026 09:22:28 : EVT OHR : new HR update
#1252309 07.07.2026 09:22:33 : EVT OHR : No HR update, invalidate by timer
#1252310 07.07.2026 09:22:38 : ERR <Unknown> : 1783408959241:Hr_out conf_low:100/10.
#1252311 07.07.2026 09:22:42 : WRN <Unknown> : 1783408962873:Device stationary, stopping optical meas
#1252312 07.07.2026 09:22:42 : EVT <Unknown> : 1783408962873:SCD DET STATE OFF cnt:0/78.
#1252313 07.07.2026 09:23:00 : EVT SEDENTARY : stop monitoring
#1252314 07.07.2026 09:23:09 : EVT <Unknown> : 1783408990636:On Skin Set.
#1252315 07.07.2026 09:23:19 : EVT OHR : new HR update
#1252316 07.07.2026 09:25:09 : WRN <Unknown> : 1783409110664:Device stationary, stopping optical meas
#1252317 07.07.2026 09:25:09 : EVT <Unknown> : 1783409110665:SCD DET STATE OFF cnt:0/0.
#1252318 07.07.2026 09:25:14 : EVT OHR : No HR update, invalidate by timer
#1252319 07.07.2026 09:26:00 : EVT SEDENTARY : stop monitoring
#1252320 07.07.2026 09:26:16 : EVT <Unknown> : 1783409177062:xiaomi reset t:37137911895/37071515655.
#1252321 07.07.2026 09:26:16 : EVT <Unknown> : 1783409177062:On Skin Set.
#1252322 07.07.2026 09:26:16 : EVT <Unknown> : 1783409177293:Off Skin Set.
#1252323 07.07.2026 09:26:34 : WRN <Unknown> : 1783409195549:Device stationary, stopping optical meas
#1252324 07.07.2026 09:31:03 : EVT <Unknown> : 1783409464621:xiaomi reset t:37425471405/37071515655.
#1252325 07.07.2026 09:31:03 : EVT <Unknown> : 1783409464622:On Skin Set.
#1252326 07.07.2026 09:31:04 : EVT <Unknown> : 1783409466093:Off Skin Set.
#1252327 07.07.2026 09:31:05 : EVT <Unknown> : 1783409466470:On Skin Set.
#1252328 07.07.2026 09:31:07 : ERR <Unknown> : 1783409468888:Mi invalid call:100,code:0.
#1252329 07.07.2026 09:31:08 : EVT <Unknown> : 1783409469542:Off Skin Set.
#1252330 07.07.2026 09:31:26 : WRN <Unknown> : 1783409487422:Device stationary, stopping optical meas
#1252331 07.07.2026 09:31:29 : WRN WBAPI : eID-691468(277): /Weather/Current/ValidWeatherData.temp 
#1252332 07.07.2026 09:31:29 : EVT <Unknown> : 1783409491305:On Skin Set.
#1252333 07.07.2026 09:31:30 : EVT <Unknown> : 1783409491816:Off Skin Set.
#1252334 07.07.2026 09:31:32 : EVT <Unknown> : 1783409494068:On Skin Set.
#1252335 07.07.2026 09:31:32 : EVT WBSTORAGE : CACHE_DEFRAG (520->536, 24->24, 25)
#1252336 07.07.2026 09:31:33 : EVT <Unknown> : 1783409494580:Off Skin Set.
#1252337 07.07.2026 09:31:34 : EVT PMIC : VBUS state is ON
#1252338 07.07.2026 09:31:34 : EVT PMIC : chgCntl1:0x70
#1252339 07.07.2026 09:31:34 : EVT PMIC : check chgCntl1:0x74
#1252340 07.07.2026 09:31:34 : EVT PMIC : Turn charge ON since VBUS->ON
#1252341 07.07.2026 09:31:34 : EVT PMIC : PMIC temp zone:0x2
#1252342 07.07.2026 09:31:34 : EVT PMIC : PMIC Fast-charge constant cur
#1252343 07.07.2026 09:31:34 : EVT OHR : VBUS on
#1252344 07.07.2026 09:31:34 : EVT OHR : S:stop 23
#1252345 07.07.2026 09:31:34 : EVT <Unknown> : 1783409496439:Meas stop 0x2123
#1252346 07.07.2026 09:31:34 : EVT PMIC : PMIC Fast-charge constant voltage
#1252347 07.07.2026 09:31:34 : EVT PMIC : VBUS state is ON
#1252348 07.07.2026 09:31:35 : WRN <Unknown> : 1783409496439:FSM EVT STOP.
#1252349 07.07.2026 09:31:35 : EVT OHR : S:OFF 1->0
#1252350 07.07.2026 09:31:36 : EVT PMIC : PMIC temp zone:0x7
#1252351 07.07.2026 09:31:36 : EVT PMIC : VBUS state is OFF
#1252352 07.07.2026 09:31:36 : EVT PMIC : Turn charge OFF since VBUS->OFF
#1252353 07.07.2026 09:31:36 : EVT OHR : VBUS off
#1252354 07.07.2026 09:31:36 : EVT OHR : S:ON 0->1
#1252355 07.07.2026 09:31:36 : EVT OHR : APPINIT:caps 0x1f4, 6b738616
#1252356 07.07.2026 09:31:36 : EVT <Unknown> : 1783409496774:AI@1783409496750, tz120
#1252357 07.07.2026 09:31:36 : EVT OHR : S:start 0x2123
#1252358 07.07.2026 09:31:36 : EVT <Unknown> : 1783409496780:Meas start 0x2123
#1252359 07.07.2026 09:31:37 : EVT <Unknown> : 1783409496794:PD1464, 0
#1252360 07.07.2026 09:31:37 : EVT <Unknown> : 1783409496859:GMV 20251126/1/4/0/395/46
#1252361 07.07.2026 09:31:37 : EVT <Unknown> : 1783409497112:Mi1.6.10, auth 0, hr_mode 0
#1252362 07.07.2026 09:31:38 : EVT PMIC : VBUS state is ON
#1252363 07.07.2026 09:31:38 : EVT PMIC : chgCntl1:0x70
#1252364 07.07.2026 09:31:38 : EVT PMIC : check chgCntl1:0x74
#1252365 07.07.2026 09:31:38 : EVT PMIC : Turn charge ON since VBUS->ON
#1252366 07.07.2026 09:31:38 : EVT PMIC : PMIC temp zone:0x2
#1252367 07.07.2026 09:31:38 : EVT PMIC : PMIC Fast-charge constant cur
#1252368 07.07.2026 09:31:38 : EVT OHR : VBUS on
#1252369 07.07.2026 09:31:38 : EVT OHR : S:stop 23
#1252370 07.07.2026 09:31:38 : EVT <Unknown> : 1783409498663:Meas stop 0x2123
#1252371 07.07.2026 09:31:38 : EVT PMIC : PMIC Fast-charge constant voltage
#1252372 07.07.2026 09:31:38 : WRN <Unknown> : 1783409498663:FSM EVT STOP.
#1252373 07.07.2026 09:31:38 : EVT OHR : S:OFF 1->0
#1252374 07.07.2026 09:31:38 : EVT PMIC : VBUS state is ON
#1252375 07.07.2026 09:31:44 : TRC FUEL_GAUGE : Chg->1,B:5,C:77.9,V:4371,U:1,bF:94%,bC:94%
#1252376 07.07.2026 09:31:44 : EVT ANALYTICS : Battery-> 2 soc:94
#1252377 07.07.2026 09:31:55 : EVT WBCOMM : P-9 connection made to ECSD00000000
#1252378 07.07.2026 09:31:55 : EVT WBCOMM : New Route: ECSD00000000
#1252379 07.07.2026 09:31:56 : ERR WBMAIN : *0: app 642 Event 36 80005310
#1252380 07.07.2026 09:31:56 : ERR WBMAIN : 1: mea 49 Wait 0 00000000
#1252381 07.07.2026 09:31:56 : ERR WBMAIN : 2: ui 48 Wait 0 00000000
#1252382 07.07.2026 09:31:57 : EVT ANALYTICS : Sync start
#1252383 07.07.2026 09:31:57 : EVT ANALYTICS : Sync start
#1252384 07.07.2026 09:31:57 : EVT PMIC : PMIC Fast-charge constant cur
#1252385 07.07.2026 09:31:57 : EVT PMIC : PMIC Fast-charge constant cur
#1252386 07.07.2026 09:31:57 : EVT PMIC : PMIC Fast-charge constant voltage
#1252387 07.07.2026 09:34:46 : TRC FUEL_GAUGE : batFgLevel cur:95%, prev:94%
#1252388 07.07.2026 09:36:13 : EVT ANALYTICS : #sf R:5 A:Xiamen-fw_2.53.42.29545-V-8b67dbcf
#1252389 07.07.2026 09:36:38 : EVT APPLICATION : Zapp zwc05901:Disable
#1252390 07.07.2026 09:36:38 : EVT PMIC : PMIC Fast-charge constant cur
#1252391 07.07.2026 09:36:38 : EVT ANALYTICS : Zapp disabled i:3 h:ddb248f2 n:Vector classic
#1252392 07.07.2026 09:36:38 : TRC APPLICATION : The zapp watch face was closed due to TO
#1252393 07.07.2026 09:36:38 : EVT PMIC : PMIC Fast-charge constant voltage
#1252394 07.07.2026 09:37:05 : EVT BLE : ANCS #1714411134 S02 C6 f02 t1783417026 s2
#1252395 07.07.2026 09:37:05 : EVT BRIGHTNESS : Custom state pwr:[3,-1] bri:[-1.00,-1.00]
#1252396 07.07.2026 09:37:11 : EVT PMIC : PMIC temp zone:0x7
#1252397 07.07.2026 09:37:11 : EVT PMIC : VBUS state is OFF
#1252398 07.07.2026 09:37:11 : EVT PMIC : Turn charge OFF since VBUS->OFF
#1252399 07.07.2026 09:37:11 : EVT WBCOMM : Route lost: ECSD00000000
#1252400 07.07.2026 09:37:11 : TRC FUEL_GAUGE : Chg->0,B:5,C:87.3,V:4434,U:0,bF:95%,bC:95%
#1252401 07.07.2026 09:37:11 : EVT OHR : VBUS off
#1252402 07.07.2026 09:37:11 : EVT OHR : S:ON 0->1
#1252403 07.07.2026 09:37:11 : EVT ANALYTICS : Battery-> 1 soc:95
#1252404 07.07.2026 09:37:11 : EVT OHR : APPINIT:caps 0x1f4, 6b738616
#1252405 07.07.2026 09:37:11 : EVT <Unknown> : 1783409831774:AI@1783409831750, tz120
#1252406 07.07.2026 09:37:11 : EVT OHR : S:start 0x2123
#1252407 07.07.2026 09:37:11 : EVT <Unknown> : 1783409831781:Meas start 0x2123
#1252408 07.07.2026 09:37:12 : EVT <Unknown> : 1783409831796:PD1464, 0
#1252409 07.07.2026 09:37:12 : EVT <Unknown> : 1783409831860:GMV 20251126/1/4/0/395/46
#1252410 07.07.2026 09:37:12 : EVT <Unknown> : 1783409832114:Mi1.6.10, auth 0, hr_mode 0
#1252411 07.07.2026 09:37:12 : WRN UI_FRAMEWORK : JS

#1252412 07.07.2026 09:37:12 : WRN UI_FRAMEWORK : Call Method F fail
#1252413 07.07.2026 09:37:12 : EVT <Unknown> : 1783409832365:On Skin Set.
#1252414 07.07.2026 09:37:13 : EVT BLE : ANCS #1714411134 S03 C6 f02 t1783417034 s26
#1252415 07.07.2026 09:37:13 : EVT BRIGHTNESS : Custom state pwr:[-1,-1] bri:[-1.00,-1.00]
#1252416 07.07.2026 09:37:13 : EVT BRIGHTNESS : Custom state pwr:[3,-1] bri:[-1.00,-1.00]
#1252417 07.07.2026 09:37:16 : ERR <Unknown> : 1783409836380:Mi invalid call:100,code:0.
#1252418 07.07.2026 09:37:23 : EVT BRIGHTNESS : Custom state pwr:[-1,-1] bri:[-1.00,-1.00]
#1252419 07.07.2026 09:37:23 : EVT PMIC : VBUS state is OFF
#1252420 07.07.2026 09:37:27 : EVT OHR : new HR update
#1252421 07.07.2026 09:37:34 : ERR WBMAIN : *0: app 690 Event 36 80005310
#1252422 07.07.2026 09:37:34 : ERR WBMAIN : 1: mea 45 Wait 0 00000000
#1252423 07.07.2026 09:37:34 : ERR WBMAIN : 2: ui 33 Wait 0 00000000
#1252424 07.07.2026 09:37:34 : TRC APPLICATION : Zapp climbl01 uninstalled
#1252425 07.07.2026 09:37:40 : EVT APPLICATION : Plugin zzclimen.zip as type:[2]
#1252426 07.07.2026 09:37:43 : EVT <Unknown> : 1783409863202:SCD DET STATE ON.
#1252427 07.07.2026 09:37:45 : EVT APPLICATION : Plugin 6gmb8hz3.zip as type:[3]
#1252428 07.07.2026 09:37:47 : ERR WBMAIN : *0: app 1251 Event 36 80005310
#1252429 07.07.2026 09:37:47 : ERR WBMAIN : 1: mea 24 Wait 0 00000000
#1252430 07.07.2026 09:37:47 : ERR WBMAIN : 2: ui 14 Wait 0 00000000
#1252431 07.07.2026 09:38:23 : EVT APPLICATION : Zapp zwc05901:Load script
#1252432 07.07.2026 09:38:23 : EVT APPLICATION : Zapp zwc05901:Enable
#1252433 07.07.2026 09:38:23 : EVT ANALYTICS : Zapp enabled i:3 h:ddb248f2 n:zwc05901 v:124f
#1252434 07.07.2026 09:41:59 : ERR WBMAIN : *0: app 833 Event 36 80005310
#1252435 07.07.2026 09:41:59 : ERR WBMAIN : 1: mea 48 Wait 0 00000000
#1252436 07.07.2026 09:41:59 : ERR WBMAIN : 2: ui 48 Wait 0 00000000
#1252437 07.07.2026 09:42:04 : EVT APPLICATION : Plugin zzclimen.zip as type:[2]
#1252438 07.07.2026 09:42:05 : ERR WBMAIN : *0: app 1156 Event 36 80005310
#1252439 07.07.2026 09:42:05 : ERR WBMAIN : 1: mea 65 Wait 0 00000000
#1252440 07.07.2026 09:42:05 : ERR WBMAIN : 2: ui 63 Wait 0 00000000
#1252441 07.07.2026 09:42:05 : EVT ANALYTICS : Sync start
#1252442 07.07.2026 09:42:06 : EVT ANALYTICS : Sync start
#1252443 07.07.2026 09:42:06 : TRC SETTINGS : UTC:1783410127|60 DST:1|120|1774746000|1792890000
#1252444 07.07.2026 09:42:06 : TRC SETTINGS : TMZ:|Europe/Zurich|
#1252445 07.07.2026 09:42:08 : EVT SLEEP : sleep backup file created count 1
#1252446 07.07.2026 09:42:08 : EVT SLEEP : sleepstages backup file created count 29
#1252447 07.07.2026 09:42:10 : EVT WBSTORAGE : CACHE_DEFRAG (448->472, 24->24, 25)
#1252448 07.07.2026 09:42:14 : EVT ANALYTICS : Weather sync ok d:1380 f:0
#1252449 07.07.2026 09:42:14 : EVT WBSTORAGE : CACHE_DEFRAG (416->424, 24->24, 25)
#1252450 07.07.2026 09:42:14 : EVT ANALYTICS : synced city:Zollikon
#1252451 07.07.2026 09:42:14 : EVT GPS : Last known coordinate:lat:473476095, lon:85881538
#1252452 07.07.2026 09:53:41 : TRC BLE : SVC M/F000 disabled
#1252453 07.07.2026 09:53:41 : EVT WBCOMM : Route lost: ECSD00000003
#1252454 07.07.2026 09:53:42 : EVT BLE : DEV M disconnected
#1252455 07.07.2026 09:59:35 : EVT ACCELEROMETER : Gyro bias:-0.249900 -0.088900 -0.096600
#1252456 07.07.2026 09:59:38 : EVT ACCELEROMETER : Gyro bias:-0.263200 -0.051100 -0.114100
#1252457 07.07.2026 10:00:00 : EVT <Unknown> : pwr daily,ontime:10
#1252458 07.07.2026 10:00:00 : EVT WBSTORAGE : CACHE_DEFRAG (360->368, 24->24, 25)
#1252459 07.07.2026 10:00:00 : EVT WEATHER : t:495391, d:1
#1252460 07.07.2026 10:09:37 : EVT <Unknown> : 1783411777012:Off Skin Set.
#1252461 07.07.2026 10:09:38 : EVT <Unknown> : 1783411778514:On Skin Set.
#1252462 07.07.2026 10:09:39 : EVT <Unknown> : 1783411779396:Off Skin Set.
#1252463 07.07.2026 10:09:39 : EVT SEDENTARY : stop monitoring
#1252464 07.07.2026 10:09:40 : EVT <Unknown> : 1783411780398:On Skin Set.
#1252465 07.07.2026 10:09:41 : EVT PMIC : VBUS state is ON
#1252466 07.07.2026 10:09:41 : EVT PMIC : chgCntl1:0x70
#1252467 07.07.2026 10:09:41 : EVT PMIC : check chgCntl1:0x74
#1252468 07.07.2026 10:09:41 : EVT PMIC : Turn charge ON since VBUS->ON
#1252469 07.07.2026 10:09:41 : EVT PMIC : PMIC temp zone:0x2
#1252470 07.07.2026 10:09:41 : EVT PMIC : PMIC Fast-charge constant cur
#1252471 07.07.2026 10:09:41 : EVT OHR : VBUS on
#1252472 07.07.2026 10:09:41 : EVT OHR : S:stop 23
#1252473 07.07.2026 10:09:41 : EVT <Unknown> : 1783411781081:Off Skin Set.
#1252474 07.07.2026 10:09:41 : EVT SEDENTARY : stop monitoring
#1252475 07.07.2026 10:09:41 : EVT <Unknown> : 1783411781249:Meas stop 0x2123
#1252476 07.07.2026 10:09:41 : EVT PMIC : VBUS state is ON
#1252477 07.07.2026 10:09:41 : WRN <Unknown> : 1783411781249:FSM EVT STOP.
#1252478 07.07.2026 10:09:41 : EVT OHR : S:OFF 1->0
#1252479 07.07.2026 10:09:41 : EVT PMIC : PMIC Fast-charge constant voltage
#1252480 07.07.2026 10:09:43 : EVT PMIC : PMIC temp zone:0x7
#1252481 07.07.2026 10:09:43 : TRC FUEL_GAUGE : Chg->1,B:5,C:73.5,V:4386,U:1,bF:95%,bC:95%
#1252482 07.07.2026 10:09:43 : EVT PMIC : VBUS state is OFF
#1252483 07.07.2026 10:09:43 : EVT PMIC : Turn charge OFF since VBUS->OFF
#1252484 07.07.2026 10:09:43 : TRC FUEL_GAUGE : Chg->0,B:5,C:73.5,V:4386,U:0,bF:95%,bC:95%
#1252485 07.07.2026 10:09:43 : EVT OHR : VBUS off
#1252486 07.07.2026 10:09:43 : EVT OHR : S:ON 0->1
#1252487 07.07.2026 10:09:43 : EVT ANALYTICS : Battery-> 1 soc:95
#1252488 07.07.2026 10:09:43 : EVT ANALYTICS : Battery-> 0 soc:95
#1252489 07.07.2026 10:09:43 : EVT OHR : APPINIT:caps 0x1f4, 6b738616
#1252490 07.07.2026 10:09:43 : EVT <Unknown> : 1783411783715:AI@1783411783690, tz120
#1252491 07.07.2026 10:09:43 : EVT OHR : S:start 0x2123
#1252492 07.07.2026 10:09:43 : EVT <Unknown> : 1783411783721:Meas start 0x2123
#1252493 07.07.2026 10:09:44 : EVT <Unknown> : 1783411783735:PD1464, 0
#1252494 07.07.2026 10:09:44 : EVT <Unknown> : 1783411783799:GMV 20251126/1/4/0/395/46
#1252495 07.07.2026 10:09:44 : EVT <Unknown> : 1783411784053:Mi1.6.10, auth 0, hr_mode 0
#1252496 07.07.2026 10:09:44 : EVT PMIC : VBUS state is ON
#1252497 07.07.2026 10:09:44 : EVT PMIC : chgCntl1:0x70
#1252498 07.07.2026 10:09:44 : EVT PMIC : check chgCntl1:0x74
#1252499 07.07.2026 10:09:44 : EVT PMIC : Turn charge ON since VBUS->ON
#1252500 07.07.2026 10:09:44 : TRC FUEL_GAUGE : Chg->1,B:5,C:73.5,V:4386,U:1,bF:95%,bC:95%
#1252501 07.07.2026 10:09:44 : EVT PMIC : PMIC temp zone:0x2
#1252502 07.07.2026 10:09:44 : EVT PMIC : PMIC Fast-charge constant cur
#1252503 07.07.2026 10:09:44 : EVT PMIC : PMIC Fast-charge constant voltage
#1252504 07.07.2026 10:09:44 : EVT OHR : VBUS on
#1252505 07.07.2026 10:09:44 : EVT OHR : S:stop 23
#1252506 07.07.2026 10:09:44 : EVT ANALYTICS : Battery-> 2 soc:95
#1252507 07.07.2026 10:09:44 : EVT <Unknown> : 1783411784817:Meas stop 0x2123
#1252508 07.07.2026 10:09:44 : EVT PMIC : VBUS state is ON
#1252509 07.07.2026 10:09:44 : WRN <Unknown> : 1783411784817:FSM EVT STOP.
#1252510 07.07.2026 10:09:44 : EVT OHR : S:OFF 1->0
#1252511 07.07.2026 10:09:46 : EVT OHR : No HR update, invalidate by timer
#1252512 07.07.2026 10:10:00 : ERR WBMAIN : *0: app 670 Event 24 80892700
#1252513 07.07.2026 10:10:00 : ERR WBMAIN : 1: mea 1 Event 3 80891701
#1252514 07.07.2026 10:10:00 : ERR WBMAIN : 2: ui 33 Wait 0 00000000
#1252515 07.07.2026 10:10:23 : EVT PMIC : PMIC temp zone:0x7
#1252516 07.07.2026 10:10:23 : EVT PMIC : VBUS state is OFF
#1252517 07.07.2026 10:10:23 : EVT PMIC : Turn charge OFF since VBUS->OFF
#1252518 07.07.2026 10:10:23 : TRC FUEL_GAUGE : Chg->0,B:5,C:111.4,V:4414,U:0,bF:95%,bC:95%
#1252519 07.07.2026 10:10:23 : EVT OHR : VBUS off
#1252520 07.07.2026 10:10:23 : EVT OHR : S:ON 0->1
#1252521 07.07.2026 10:10:23 : EVT ANALYTICS : Battery-> 1 soc:95
#1252522 07.07.2026 10:10:23 : EVT OHR : APPINIT:caps 0x1f4, 6b738616
#1252523 07.07.2026 10:10:23 : EVT <Unknown> : 1783411823865:AI@1783411823840, tz120
#1252524 07.07.2026 10:10:23 : EVT OHR : S:start 0x2123
#1252525 07.07.2026 10:10:23 : EVT <Unknown> : 1783411823872:Meas start 0x2123
#1252526 07.07.2026 10:10:24 : EVT <Unknown> : 1783411823887:PD1464, 0
#1252527 07.07.2026 10:10:24 : EVT <Unknown> : 1783411823947:GMV 20251126/1/4/0/395/46
#1252528 07.07.2026 10:10:24 : EVT <Unknown> : 1783411824204:Mi1.6.10, auth 0, hr_mode 0
#1252529 07.07.2026 10:10:26 : EVT PMIC : VBUS state is ON
#1252530 07.07.2026 10:10:26 : EVT PMIC : chgCntl1:0x70
#1252531 07.07.2026 10:10:26 : EVT PMIC : check chgCntl1:0x74
#1252532 07.07.2026 10:10:26 : EVT PMIC : Turn charge ON since VBUS->ON
#1252533 07.07.2026 10:10:26 : TRC FUEL_GAUGE : Chg->1,B:5,C:85.2,V:4414,U:1,bF:95%,bC:95%
#1252534 07.07.2026 10:10:26 : EVT PMIC : PMIC temp zone:0x2
#1252535 07.07.2026 10:10:26 : EVT PMIC : PMIC Fast-charge constant cur
#1252536 07.07.2026 10:10:26 : EVT PMIC : PMIC Fast-charge constant voltage
#1252537 07.07.2026 10:10:26 : EVT OHR : VBUS on
#1252538 07.07.2026 10:10:26 : EVT OHR : S:stop 23
#1252539 07.07.2026 10:10:26 : EVT ANALYTICS : Battery-> 2 soc:95
#1252540 07.07.2026 10:10:26 : EVT <Unknown> : 1783411826425:Meas stop 0x2123
#1252541 07.07.2026 10:10:26 : WRN <Unknown> : 1783411826426:FSM EVT STOP.
#1252542 07.07.2026 10:10:26 : EVT OHR : S:OFF 1->0
#1252543 07.07.2026 10:10:26 : EVT PMIC : VBUS state is ON
#1252544 07.07.2026 10:10:29 : EVT WBCOMM : P-9 connection made to ECSD00000000
#1252545 07.07.2026 10:10:29 : EVT WBCOMM : New Route: ECSD00000000
#1252546 07.07.2026 10:10:32 : ERR WBMAIN : *0: app 750 Event 36 80005310
#1252547 07.07.2026 10:10:32 : ERR WBMAIN : 1: mea 37 Wait 0 00000000
#1252548 07.07.2026 10:10:32 : ERR WBMAIN : 2: ui 35 Wait 0 00000000
#1252549 07.07.2026 10:10:32 : ERR WBMAIN : 0: app 0 Wait 0 00000000
#1252550 07.07.2026 10:10:32 : ERR WBMAIN : 1: mea 41 Wait 0 00000000
#1252551 07.07.2026 10:10:32 : ERR WBMAIN : 2: ui 0 Wait 0 00000000
#1252552 07.07.2026 10:10:33 : EVT ANALYTICS : Sync start
#1252553 07.07.2026 10:10:33 : EVT ANALYTICS : Sync start
#1252554 07.07.2026 10:10:33 : EVT PMIC : PMIC Fast-charge constant cur
#1252555 07.07.2026 10:10:33 : EVT PMIC : PMIC Fast-charge constant cur
#1252556 07.07.2026 10:10:33 : EVT PMIC : PMIC Fast-charge constant voltage
#1252557 07.07.2026 10:11:14 : TRC APPLICATION : Zapp zzclimen uninstalled
#1252558 07.07.2026 10:11:15 : ERR WBMAIN : *0: app 1080 Event 36 80005310
#1252559 07.07.2026 10:11:15 : ERR WBMAIN : 1: mea 49 Wait 0 00000000
#1252560 07.07.2026 10:11:15 : ERR WBMAIN : 2: ui 49 Wait 0 00000000
#1252561 07.07.2026 10:11:16 : EVT ANALYTICS : Sync start
#1252562 07.07.2026 10:11:16 : EVT PMIC : PMIC Fast-charge constant cur
#1252563 07.07.2026 10:11:16 : EVT ANALYTICS : Sync start
#1252564 07.07.2026 10:11:16 : EVT PMIC : PMIC Fast-charge constant voltage
#1252565 07.07.2026 10:11:21 : EVT APPLICATION : Plugin climbl01.zip as type:[2]
#1252566 07.07.2026 10:11:22 : ERR WBMAIN : *0: app 1187 Event 36 80005310
#1252567 07.07.2026 10:11:23 : ERR WBMAIN : 1: mea 36 Wait 0 00000000
#1252568 07.07.2026 10:11:23 : ERR WBMAIN : 2: ui 35 Wait 0 00000000
#1252569 07.07.2026 10:11:23 : EVT ANALYTICS : Sync start
#1252570 07.07.2026 10:11:23 : EVT ANALYTICS : Sync start
#1252571 07.07.2026 10:11:36 : EVT PMIC : PMIC temp zone:0x7
#1252572 07.07.2026 10:11:36 : EVT PMIC : VBUS state is OFF
#1252573 07.07.2026 10:11:36 : EVT PMIC : Turn charge OFF since VBUS->OFF
#1252574 07.07.2026 10:11:36 : EVT WBCOMM : Route lost: ECSD00000000
#1252575 07.07.2026 10:11:36 : TRC FUEL_GAUGE : Chg->0,B:5,C:99.2,V:4430,U:0,bF:95%,bC:95%
#1252576 07.07.2026 10:11:36 : EVT OHR : VBUS off
#1252577 07.07.2026 10:11:36 : EVT OHR : S:ON 0->1
#1252578 07.07.2026 10:11:36 : EVT ANALYTICS : Battery-> 1 soc:95
#1252579 07.07.2026 10:11:36 : EVT OHR : APPINIT:caps 0x1f4, 6b738616
#1252580 07.07.2026 10:11:36 : EVT <Unknown> : 1783411896844:AI@1783411896820, tz120
#1252581 07.07.2026 10:11:36 : EVT OHR : S:start 0x2123
#1252582 07.07.2026 10:11:36 : EVT <Unknown> : 1783411896851:Meas start 0x2123
#1252583 07.07.2026 10:11:37 : EVT <Unknown> : 1783411896867:PD1464, 0
#1252584 07.07.2026 10:11:37 : EVT <Unknown> : 1783411896927:GMV 20251126/1/4/0/395/46
#1252585 07.07.2026 10:11:37 : EVT <Unknown> : 1783411897181:Mi1.6.10, auth 0, hr_mode 0
#1252586 07.07.2026 10:11:37 : EVT <Unknown> : 1783411897432:On Skin Set.
#1252587 07.07.2026 10:11:41 : ERR <Unknown> : 1783411901446:Mi invalid call:100,code:0.
#1252588 07.07.2026 10:11:50 : WRN WBAPI : eID-691468(277): /Weather/Current/ValidWeatherData.temp 
#1252589 07.07.2026 10:11:52 : EVT OHR : new HR update
#1252590 07.07.2026 10:11:56 : EVT WBSTORAGE : CACHE_DEFRAG (256->264, 24->24, 25)
#1252591 07.07.2026 10:11:56 : TRC NAVIGATION : CG: no climb WP
#1252592 07.07.2026 10:11:56 : TRC NAVIGATION : CG:init ZoomType=0
#1252593 07.07.2026 10:11:56 : EVT NAVIGATION : initSeg Idx=0 D=1 T=0 3-0-4
#1252594 07.07.2026 10:11:56 : EVT ALTIFUSION : AltiBaroMode:0
#1252595 07.07.2026 10:11:56 : EVT ALTIFUSION : Init AltiBaro
#1252596 07.07.2026 10:11:57 : EVT APPLICATION : Zapp zwc05901:Disable
#1252597 07.07.2026 10:11:57 : EVT ANALYTICS : Zapp disabled i:3 h:ddb248f2 n:Vector classic
#1252598 07.07.2026 10:11:57 : EVT ANALYTICS : SleepQ:Tracking:On
#1252599 07.07.2026 10:11:57 : EVT ALTIFUSION : AltiBaroMode:0
#1252600 07.07.2026 10:11:57 : EVT ALTIFUSION : Init AltiBaro
#1252601 07.07.2026 10:11:57 : EVT UI_FRAMEWORK : JS nsto enable zapp: zzwethen
#1252602 07.07.2026 10:11:57 : EVT UI_FRAMEWORK : JS nsto enable zapp: zzmoveen
#1252603 07.07.2026 10:11:57 : EVT UI_FRAMEWORK : JS nsto enable zapp: climbl01
#1252604 07.07.2026 10:11:57 : EVT APPLICATION : Zapp zzwethen:Load script
#1252605 07.07.2026 10:11:57 : EVT APPLICATION : Zapp zzwethen:Enable
#1252606 07.07.2026 10:11:57 : EVT ANALYTICS : Zapp enabled i:8 h:3f77f8ec n:zzwethen v:ade
#1252607 07.07.2026 10:11:57 : EVT APPLICATION : Zapp clid:32878
#1252608 07.07.2026 10:11:57 : EVT APPLICATION : Zapp zzmoveen:Load script
#1252609 07.07.2026 10:11:57 : EVT APPLICATION : Zapp zzmoveen:Enable
#1252610 07.07.2026 10:11:57 : EVT ANALYTICS : Zapp enabled i:6 h:7aac0887 n:zzmoveen v:8e0
#1252611 07.07.2026 10:11:57 : EVT UI_FRAMEWORK : evalFile: b:/zapp/zzmoveen.fea/ext1.js from ui
#1252612 07.07.2026 10:11:57 : EVT APPLICATION : Zapp clid:32879
#1252613 07.07.2026 10:11:57 : EVT APPLICATION : Zapp climbl01:Load script
#1252614 07.07.2026 10:11:57 : EVT APPLICATION : Zapp climbl01:Enable
#1252615 07.07.2026 10:11:57 : EVT <Unknown> : 1783411917428:Off Skin Set.
#1252616 07.07.2026 10:11:57 : EVT ANALYTICS : Zapp enabled i:5 h:a5e7afa5 n:climbl01 v:3.0
#1252617 07.07.2026 10:11:57 : EVT APPLICATION : Zapp clid:32880
#1252618 07.07.2026 10:11:57 : EVT UI_FRAMEWORK : JS nsto all zapps enabled.
#1252619 07.07.2026 10:11:57 : EVT UI_FRAMEWORK : JS Prestart Activity Id: 16.000
#1252620 07.07.2026 10:11:57 : WRN WBAPI : eID-691468(277): /Dive/Alarms/Acknowledge 404
#1252621 07.07.2026 10:11:57 : WRN WBAPI : eID-691468(277): /Dive/DiveGases 404
#1252622 07.07.2026 10:11:57 : WRN WBAPI : eID-691468(277): /Dive/Gauge/Next 404
#1252623 07.07.2026 10:11:57 : EVT WBSTORAGE : CACHE_DEFRAG (216->888, 24->24, 25)
#1252624 07.07.2026 10:11:57 : EVT WBSTORAGE : CACHE_DEFRAG (816->824, 24->24, 25)
#1252625 07.07.2026 10:11:58 : EVT WBSTORAGE : CACHE_DEFRAG (752->760, 24->24, 25)
#1252626 07.07.2026 10:11:58 : EVT BLE : BLE Sensor Link 4800180D Conn (--E-:00:1)
#1252627 07.07.2026 10:11:58 : WRN BLE : sendConnect 6157
#1252628 07.07.2026 10:11:58 : EVT GPS : LocationProviderImpl:sub Best
#1252629 07.07.2026 10:11:58 : TRC GPS : Full GNSS data subd l:15 c:80160010
#1252630 07.07.2026 10:11:58 : WRN WBAPI : eID-691468(277): /Dive/TankPressure/Alarm/Count 404
#1252631 07.07.2026 10:11:58 : TRC GPS : Power enabled
#1252632 07.07.2026 10:11:58 : EVT <Unknown> : Update pres sampl intrvl:1
#1252633 07.07.2026 10:11:58 : EVT SPEEDFUSION : INFO # start speed fusion
#1252634 07.07.2026 10:11:58 : EVT SPEEDFUSION : Act:16,Acc:0,BPod:0,FPod:0,PPod:0,BeltPod:1
#1252635 07.07.2026 10:11:58 : EVT SPEEDFUSION : INFO # Start algo without wrist acc
#1252636 07.07.2026 10:11:58 : EVT OHR : S:start 0x21a3
#1252637 07.07.2026 10:11:58 : EVT <Unknown> : 1783411918706:Meas start 0x21a3
#1252638 07.07.2026 10:11:58 : EVT UI_FRAMEWORK : evalFile: b:/zapp/climbl01.fea/ext12.js from ui
#1252639 07.07.2026 10:12:00 : EVT SEDENTARY : stop monitoring
#1252640 07.07.2026 10:12:00 : TRC GPS : Stat report:1
#1252641 07.07.2026 10:12:00 : TRC GPS : @GTIM 2026 7 7 8 12 0
#1252642 07.07.2026 10:12:00 : TRC GPS : Done:GTI
#1252643 07.07.2026 10:12:00 : TRC GPS : GNS setting 0x1fcb
#1252644 07.07.2026 10:12:00 : TRC GPS : @GSR
#1252645 07.07.2026 10:12:00 : TRC GPS : Done:GSR
#1252646 07.07.2026 10:12:01 : EVT OHR : No HR update, invalidate by timer
#1252647 07.07.2026 10:12:04 : EVT GPS : LocationProviderImpl:sub Passive
#1252648 07.07.2026 10:12:04 : TRC GPS : Full GNSS data subd l:0 c:80160010
#1252649 07.07.2026 10:12:04 : WRN WBAPI : eID-691468(277): /Dive/Alarms/Acknowledge 404
#1252650 07.07.2026 10:12:04 : WRN WBAPI : eID-691468(277): /Dive/DiveGases 404
#1252651 07.07.2026 10:12:04 : WRN WBAPI : eID-691468(277): /Dive/Gauge/Next 404
#1252652 07.07.2026 10:12:04 : TRC GPS : GnssServiceLevel::PASSIVE
#1252653 07.07.2026 10:12:04 : TRC GPS : @GSTP
#1252654 07.07.2026 10:12:04 : EVT TRAININGLAB : TLab:~Mode T 10705 + 844 A 3260 + 160
#1252655 07.07.2026 10:12:04 : EVT TRAININGLAB : TLab:Change mode 2->3
#1252656 07.07.2026 10:12:04 : EVT TRAININGLAB : TLab:Mode::userInfo 60, 200, 1, 37, 182, 950, 1990
#1252657 07.07.2026 10:12:04 : EVT LOGGER : Log space:30499506 bytes free
#1252658 07.07.2026 10:12:05 : EVT <Unknown> : 1783411924306:On Skin Set.
#1252659 07.07.2026 10:12:05 : EVT OHR : new HR update
#1252660 07.07.2026 10:12:05 : EVT TRAININGLAB : ModeUnsub:2800
#1252661 07.07.2026 10:12:05 : EVT TRAININGLAB : ModeSub:9004
#1252662 07.07.2026 10:12:05 : EVT TRAININGLAB : TLab:Select input 0
#1252663 07.07.2026 10:12:05 : EVT TRAININGLAB : TLab:Active input 0
#1252664 07.07.2026 10:12:05 : EVT LOGGER : Exercise started
#1252665 07.07.2026 10:12:05 : EVT BLE : HR RR on (47849094)
#1252666 07.07.2026 10:12:05 : TRC GPS : Full GNSS data subd l:0 c:802b0000
#1252667 07.07.2026 10:12:06 : TRC GPS : @BUP
#1252668 07.07.2026 10:12:06 : EVT ANALYTICS : Battery-> 3 soc:95
#1252669 07.07.2026 10:12:06 : EVT ANALYTICS : #FusHr src:0 time:0
#1252670 07.07.2026 10:12:06 : EVT ANALYTICS : #Act id:16
#1252671 07.07.2026 10:12:06 : EVT ANALYTICS : #powersave mode:p temp:30.7
#1252672 07.07.2026 10:12:06 : EVT ANALYTICS : GPSMODE:NOTUSED
#1252673 07.07.2026 10:12:06 : EVT ANALYTICS : #gnss d:2026-07-07T00:00:00Z
#1252674 07.07.2026 10:12:07 : EVT ANALYTICS : #zapp n:Weather e:1
#1252675 07.07.2026 10:12:07 : EVT ANALYTICS : #zapp n:Movement e:1
#1252676 07.07.2026 10:12:07 : EVT ANALYTICS : #zapp n:Climb Log e:1
#1252677 07.07.2026 10:12:07 : TRC GPS : Done:BUP
#1252678 07.07.2026 10:12:07 : TRC GPS : Power disabled
#1252679 07.07.2026 10:12:08 : EVT BLE : lt,scan 1
#1252680 07.07.2026 10:12:08 : WRN BLE : sendDisconnect 6157
#1252681 07.07.2026 10:12:08 : ERR BLE : [AURA]No filters left, stopping scan
#1252682 07.07.2026 10:12:08 : ERR BLE : [AURA]Filter with handle 72 not found
#1252683 07.07.2026 10:12:08 : EVT BLE : packet 0 sensor found count 1
#1252684 07.07.2026 10:12:08 : EVT BLE : packet 0 sensor found count 2
#1252685 07.07.2026 10:12:12 : EVT ANALYTICS : #ws AID:16 BM:1 NS:1 SP:3 ZN:0 TG:0 BL:0 GPS:0
#1252686 07.07.2026 10:12:12 : EVT ANALYTICS : #2ws AID:16 WHR:1 INT:0 AL:0 AP:0 FE:1 MC:1 TH:0
#1252687 07.07.2026 10:12:13 : WRN WBAPI : eID-691468(277): /Dive/Alarms/Acknowledge 404
#1252688 07.07.2026 10:12:13 : WRN WBAPI : eID-691468(277): /Dive/DiveGases 404
#1252689 07.07.2026 10:12:13 : WRN WBAPI : eID-691468(277): /Dive/Gauge/Next 404
#1252690 07.07.2026 10:12:16 : EVT ANALYTICS : #FusHr src:2 time:11123
#1252691 07.07.2026 10:12:16 : EVT TRAININGLAB : Tlab:HR src is 2
#1252692 07.07.2026 10:12:16 : EVT ANALYTICS : #FusHr src:2 time:0
#1252693 07.07.2026 10:12:16 : EVT TRAININGLAB : TLab:Active input 1
#1252694 07.07.2026 10:12:18 : EVT LOGGER : LGR 934, 80
#1252695 07.07.2026 10:12:18 : WRN WBAPI : eID-691468(277): /Dive/Alarms/Acknowledge 404
#1252696 07.07.2026 10:12:18 : WRN WBAPI : eID-691468(277): /Dive/DiveGases 404
#1252697 07.07.2026 10:12:18 : WRN WBAPI : eID-691468(277): /Dive/Gauge/Next 404
#1252698 07.07.2026 10:12:20 : EVT LOGGER : LGR 934, 80
#1252699 07.07.2026 10:12:20 : EVT UI_FRAMEWORK : evalFile: b:/zapp/climbl01.fea/ext10.js from ui
#1252700 07.07.2026 10:12:21 : WRN WBAPI : eID-691468(277): /Dive/Alarms/Acknowledge 404
#1252701 07.07.2026 10:12:21 : WRN WBAPI : eID-691468(277): /Dive/DiveGases 404
#1252702 07.07.2026 10:12:21 : WRN WBAPI : eID-691468(277): /Dive/Gauge/Next 404
#1252703 07.07.2026 10:12:23 : EVT LOGGER : LGR 934, 80
#1252704 07.07.2026 10:12:23 : WRN WBAPI : eID-691468(277): /Dive/Alarms/Acknowledge 404
#1252705 07.07.2026 10:12:23 : WRN WBAPI : eID-691468(277): /Dive/DiveGases 404
#1252706 07.07.2026 10:12:23 : WRN WBAPI : eID-691468(277): /Dive/Gauge/Next 404
#1252707 07.07.2026 10:12:25 : EVT LOGGER : Exercise paused
#1252708 07.07.2026 10:12:25 : WRN WBAPI : eID-691468(277): /Dive/Alarms/Acknowledge 404
#1252709 07.07.2026 10:12:25 : WRN WBAPI : eID-691468(277): /Dive/DiveGases 404
#1252710 07.07.2026 10:12:25 : WRN WBAPI : eID-691468(277): /Dive/Gauge/Next 404
#1252711 07.07.2026 10:12:28 : EVT APPLICATION : Zapp climbl01:Disable
#1252712 07.07.2026 10:12:28 : EVT UI_FRAMEWORK : evalFile: b:/zapp/climbl01.fea/ext10.js from ui
#1252713 07.07.2026 10:12:28 : EVT UI_FRAMEWORK : evalFile: b:/zapp/climbl01.fea/ext11.js from ui
#1252714 07.07.2026 10:12:28 : EVT ANALYTICS : Zapp disabled i:5 h:a5e7afa5 n:Climb Log
#1252715 07.07.2026 10:12:28 : EVT APPLICATION : Zapp zzmoveen:Disable
#1252716 07.07.2026 10:12:28 : EVT ANALYTICS : Zapp disabled i:6 h:7aac0887 n:Movement
#1252717 07.07.2026 10:12:28 : EVT UI_FRAMEWORK : evalFile: b:/zapp/zzmoveen.fea/ext2.js from ui
#1252718 07.07.2026 10:12:28 : EVT APPLICATION : Zapp zzwethen:Disable
#1252719 07.07.2026 10:12:28 : EVT ANALYTICS : Zapp disabled i:8 h:3f77f8ec n:Weather
#1252720 07.07.2026 10:12:28 : EVT UI_FRAMEWORK : JS discard disable zapps
#1252721 07.07.2026 10:12:28 : EVT UI_FRAMEWORK : JS will discard
#1252722 07.07.2026 10:12:28 : EVT SPEEDFUSION : INFO # stop speed fusion
#1252723 07.07.2026 10:12:28 : EVT <Unknown> : Update pres sampl intrvl:5
#1252724 07.07.2026 10:12:28 : WRN APPLICATION : discard hrr meas l:3 d:0 sh:85 mh:85 v:0
#1252725 07.07.2026 10:12:28 : WRN WBAPI : eID-698eec(583/65535): 404
#1252726 07.07.2026 10:12:28 : EVT GPS : LocationProviderImpl:sub Best
#1252727 07.07.2026 10:12:28 : TRC GPS : Full GNSS data subd l:15 c:80160010
#1252728 07.07.2026 10:12:28 : EVT TRAININGZONE : User Define Mode:5
#1252729 07.07.2026 10:12:28 : EVT TRAININGZONE : Tss HR:0.18
#1252730 07.07.2026 10:12:28 : EVT TRAININGZONE : A:16,Tss:[-200.00,-200.00,-200.00,0.18]
#1252731 07.07.2026 10:12:28 : EVT TRAININGLAB : AppFeature Vo2Max 0.000000
#1252732 07.07.2026 10:12:28 : EVT TRAININGLAB : TLab:~Mode T 11549 + 5 A 3420 + 0
#1252733 07.07.2026 10:12:28 : EVT TRAININGLAB : TLab:Change mode 3->2
#1252734 07.07.2026 10:12:28 : EVT TRAININGLAB : TLab:Mode::userInfo 60, 200, 1, 37, 182, 950, 1990
#1252735 07.07.2026 10:12:28 : EVT LOGGER : LGR 934, 80
#1252736 07.07.2026 10:12:28 : EVT TRAININGLAB : ModeUnsub:9145
#1252737 07.07.2026 10:12:28 : EVT TRAININGLAB : ModeSub:0400
#1252738 07.07.2026 10:12:28 : EVT OHR : S:start 0x2123
#1252739 07.07.2026 10:12:28 : EVT ANALYTICS : WAOae:Activity WAOae:16
#1252740 07.07.2026 10:12:28 : EVT ANALYTICS : WAOae:TotalAcc WAOae:0,0,0
#1252741 07.07.2026 10:12:28 : EVT ANALYTICS : WAOae:AccCount WAOae:0,0,0
#1252742 07.07.2026 10:12:28 : EVT ANALYTICS : WAOae:Distance WAOae:0,0,0
#1252743 07.07.2026 10:12:28 : EVT ANALYTICS : WAOae:Duration WAOae:0,0,0
#1252744 07.07.2026 10:12:28 : EVT ANALYTICS : WAOae:Coeff WAOae:0,40,240,390,773,7524,7624
#1252745 07.07.2026 10:12:28 : EVT LOGGER : Exercise stopped
#1252746 07.07.2026 10:12:28 : EVT BLE : HR RR off (47872482, 23388 ms missing)
#1252747 07.07.2026 10:12:28 : EVT BLE : HR RR done
#1252748 07.07.2026 10:12:28 : EVT LOGGER : HrIbiLogger stop, off (0 ms)
#1252749 07.07.2026 10:12:28 : EVT LOGGER : HrIbiLogger stopped (0 ms)
#1252750 07.07.2026 10:12:28 : TRC GPS : Unsubd c:802b0000
#1252751 07.07.2026 10:12:28 : EVT LOGGER : LGR 934, 80
#1252752 07.07.2026 10:12:28 : EVT LOGGER : LGR 934, 80
#1252753 07.07.2026 10:12:28 : TRC GPS : Power enabled
#1252754 07.07.2026 10:12:28 : EVT ANALYTICS : SleepQ:Tracking:On
#1252755 07.07.2026 10:12:28 : EVT LOGGER : Wr dpc on
#1252756 07.07.2026 10:12:28 : EVT LOGGER : LGR 20993, 56
#1252757 07.07.2026 10:12:29 : EVT <Unknown> : 1783411948481:Meas start 0x2123
#1252758 07.07.2026 10:12:29 : EVT BLE : Disconn sensor:1
#1252759 07.07.2026 10:12:29 : EVT BLE : BLE Sensor Link 4800180D Disc (L-E-:00:0)
#1252760 07.07.2026 10:12:29 : WRN BLE : sendDisconnect 6157
#1252761 07.07.2026 10:12:29 : ERR BLE : [AURA]No filters left, stopping scan
#1252762 07.07.2026 10:12:29 : EVT UI_FRAMEWORK : JS feeling vs idle 1
#1252763 07.07.2026 10:12:29 : EVT UI_FRAMEWORK : JS feeling open ex-saving
#1252764 07.07.2026 10:12:30 : TRC GPS : Stat report:1
#1252765 07.07.2026 10:12:30 : TRC GPS : @GTIM 2026 7 7 8 12 30
#1252766 07.07.2026 10:12:30 : TRC GPS : Done:GTI
#1252767 07.07.2026 10:12:30 : TRC GPS : GNS setting 0x1fcb
#1252768 07.07.2026 10:12:30 : TRC GPS : @GSR
#1252769 07.07.2026 10:12:30 : EVT WBSTORAGE : CACHE_DEFRAG (680->1008, 24->24, 25)
#1252770 07.07.2026 10:12:30 : EVT WBSTORAGE : CACHE_DEFRAG (992->1000, 24->24, 25)
#1252771 07.07.2026 10:12:30 : TRC NAVIGATION : CG: no climb WP
#1252772 07.07.2026 10:12:30 : TRC NAVIGATION : CG:init ZoomType=0
#1252773 07.07.2026 10:12:30 : EVT NAVIGATION : initSeg Idx=0 D=1 T=0 3-0-4
#1252774 07.07.2026 10:12:30 : EVT WBSTORAGE : CACHE_DEFRAG (984->1024, 24->24, 25)
#1252775 07.07.2026 10:12:30 : EVT SPEEDFUSION : INFO # IDLE mode(-1) set
#1252776 07.07.2026 10:12:30 : EVT ALTIFUSION : AltiBaroMode:2
#1252777 07.07.2026 10:12:30 : ERR WBMAIN : *0: app 622 Event 37 8099031c
#1252778 07.07.2026 10:12:30 : ERR WBMAIN : 1: mea 0 Wait 0 00000000
#1252779 07.07.2026 10:12:30 : ERR WBMAIN : 2: ui 2 Wait 0 00000000
#1252780 07.07.2026 10:12:30 : EVT GPS : LocationProviderImpl:sub Passive
#1252781 07.07.2026 10:12:30 : TRC GPS : Full GNSS data subd l:0 c:80160010
#1252782 07.07.2026 10:12:30 : EVT ANALYTICS : #powersave mode:p temp:30.8
#1252783 07.07.2026 10:12:30 : EVT ANALYTICS : Battery-> 4 soc:95
#1252784 07.07.2026 10:12:30 : TRC GPS : Done:GSR
#1252785 07.07.2026 10:12:30 : TRC GPS : GnssServiceLevel::PASSIVE
#1252786 07.07.2026 10:12:30 : TRC GPS : @GSTP
#1252787 07.07.2026 10:12:32 : TRC GPS : @BUP
#1252788 07.07.2026 10:12:33 : EVT OHR : No HR update, invalidate by timer
#1252789 07.07.2026 10:12:33 : EVT ANALYTICS : Duration ExSaving:3691
#1252790 07.07.2026 10:12:33 : TRC GPS : Done:BUP
#1252791 07.07.2026 10:12:33 : TRC GPS : Power disabled
#1252792 07.07.2026 10:12:33 : EVT ANALYTICS : Duration ExSumBroker:362
#1252793 07.07.2026 10:12:34 : EVT ALTIFUSION : Init Search Kalman
#1252794 07.07.2026 10:12:34 : EVT GPS : AltitudeService:sub Best
#1252795 07.07.2026 10:12:34 : TRC GPS : Full GNSS data subd l:15 c:80420010
#1252796 07.07.2026 10:12:34 : TRC GPS : Power enabled
#1252797 07.07.2026 10:12:35 : TRC GPS : Stat report:1
#1252798 07.07.2026 10:12:35 : TRC GPS : @GTIM 2026 7 7 8 12 35
#1252799 07.07.2026 10:12:35 : TRC GPS : Done:GTI
#1252800 07.07.2026 10:12:35 : TRC GPS : GNS setting 0x1fcb
#1252801 07.07.2026 10:12:35 : TRC GPS : @GSR
#1252802 07.07.2026 10:12:36 : TRC GPS : Done:GSR
#1252803 07.07.2026 10:12:38 : EVT UI_FRAMEWORK : JS delete log
#1252804 07.07.2026 10:12:38 : WRN LOGGER : Delete b:logs/6A4CB4D4
#1252805 07.07.2026 10:12:38 : ERR <Unknown> : 1783411958372:Hr_out conf_low:76/10.
#1252806 07.07.2026 10:12:39 : EVT OHR : new HR update
#1252807 07.07.2026 10:12:40 : EVT WBSTORAGE : CACHE_DEFRAG (1000->1008, 24->24, 25)
#1252808 07.07.2026 10:12:40 : EVT APPLICATION : Zapp zwc05901:Load script
#1252809 07.07.2026 10:12:40 : EVT APPLICATION : Zapp zwc05901:Enable
#1252810 07.07.2026 10:12:40 : EVT ANALYTICS : Zapp enabled i:3 h:ddb248f2 n:zwc05901 v:124f
#1252811 07.07.2026 10:12:40 : WRN WBAPI : eID-691468(277): /Weather/Current/ValidWeatherData.temp 
#1252812 07.07.2026 10:12:44 : EVT OHR : No HR update, invalidate by timer
#1252813 07.07.2026 10:12:48 : EVT <Unknown> : 1783411968541:Off Skin Set.
#1252814 07.07.2026 10:12:50 : EVT PMIC : VBUS state is ON
#1252815 07.07.2026 10:12:50 : EVT PMIC : chgCntl1:0x70
#1252816 07.07.2026 10:12:50 : EVT PMIC : check chgCntl1:0x74
#1252817 07.07.2026 10:12:50 : EVT PMIC : Turn charge ON since VBUS->ON
#1252818 07.07.2026 10:12:50 : EVT PMIC : PMIC temp zone:0x2
#1252819 07.07.2026 10:12:50 : EVT PMIC : PMIC Fast-charge constant cur
#1252820 07.07.2026 10:12:50 : EVT OHR : VBUS on
#1252821 07.07.2026 10:12:50 : EVT OHR : S:stop 23
#1252822 07.07.2026 10:12:51 : EVT PMIC : PMIC Fast-charge constant voltage
#1252823 07.07.2026 10:12:51 : EVT <Unknown> : 1783411971006:Meas stop 0x2123
#1252824 07.07.2026 10:12:51 : WRN <Unknown> : 1783411971006:FSM EVT STOP.
#1252825 07.07.2026 10:12:51 : EVT OHR : S:OFF 1->0
#1252826 07.07.2026 10:12:51 : EVT PMIC : VBUS state is ON
#1252827 07.07.2026 10:12:51 : EVT PMIC : PMIC temp zone:0x7
#1252828 07.07.2026 10:12:51 : EVT PMIC : VBUS state is OFF
#1252829 07.07.2026 10:12:51 : EVT PMIC : Turn charge OFF since VBUS->OFF
#1252830 07.07.2026 10:12:51 : EVT OHR : VBUS off
#1252831 07.07.2026 10:12:51 : EVT OHR : S:ON 0->1
#1252832 07.07.2026 10:12:52 : EVT OHR : APPINIT:caps 0x1f4, 6b738616
#1252833 07.07.2026 10:12:52 : EVT <Unknown> : 1783411972155:AI@1783411972130, tz120
#1252834 07.07.2026 10:12:52 : EVT OHR : S:start 0x2123
#1252835 07.07.2026 10:12:52 : EVT <Unknown> : 1783411972160:Meas start 0x2123
#1252836 07.07.2026 10:12:52 : EVT <Unknown> : 1783411972175:PD1464, 0
#1252837 07.07.2026 10:12:52 : EVT <Unknown> : 1783411972235:GMV 20251126/1/4/0/395/46
#1252838 07.07.2026 10:12:52 : EVT <Unknown> : 1783411972494:Mi1.6.10, auth 0, hr_mode 0
#1252839 07.07.2026 10:12:53 : EVT PMIC : VBUS state is ON
#1252840 07.07.2026 10:12:53 : EVT PMIC : chgCntl1:0x70
#1252841 07.07.2026 10:12:53 : EVT PMIC : check chgCntl1:0x74
#1252842 07.07.2026 10:12:53 : EVT PMIC : Turn charge ON since VBUS->ON
#1252843 07.07.2026 10:12:53 : EVT PMIC : PMIC temp zone:0x2
#1252844 07.07.2026 10:12:53 : EVT PMIC : PMIC Fast-charge constant cur
#1252845 07.07.2026 10:12:53 : EVT OHR : VBUS on
#1252846 07.07.2026 10:12:53 : EVT OHR : S:stop 23
#1252847 07.07.2026 10:12:53 : EVT <Unknown> : 1783411973568:Meas stop 0x2123
#1252848 07.07.2026 10:12:53 : EVT PMIC : PMIC Fast-charge constant voltage
#1252849 07.07.2026 10:12:53 : WRN <Unknown> : 1783411973569:FSM EVT STOP.
#1252850 07.07.2026 10:12:53 : EVT OHR : S:OFF 1->0
#1252851 07.07.2026 10:12:53 : EVT PMIC : VBUS state is ON
#1252852 07.07.2026 10:12:55 : TRC FUEL_GAUGE : Chg->1,B:5,C:12.9,V:4398,U:1,bF:95%,bC:95%
#1252853 07.07.2026 10:12:55 : EVT ANALYTICS : Battery-> 2 soc:95
#1252854 07.07.2026 10:13:00 : EVT SEDENTARY : stop monitoring
#1252855 07.07.2026 10:13:00 : EVT WBCOMM : P-9 connection made to ECSD00000000
#1252856 07.07.2026 10:13:00 : EVT WBCOMM : New Route: ECSD00000000
#1252857 07.07.2026 10:13:03 : ERR WBMAIN : *0: app 724 Event 36 80005310
#1252858 07.07.2026 10:13:03 : ERR WBMAIN : 1: mea 37 Wait 0 00000000
#1252859 07.07.2026 10:13:03 : ERR WBMAIN : 2: ui 36 Wait 0 00000000
#1252860 07.07.2026 10:13:04 : EVT ANALYTICS : Sync start
#1252861 07.07.2026 10:13:04 : EVT ANALYTICS : Sync start
#1252862 07.07.2026 10:13:07 : EVT WBSTORAGE : CACHE_DEFRAG (880->888, 24->24, 25)
#1252863 07.07.2026 10:13:07 : TRC APPLICATION : Zapp climbl01 uninstalled
#1252864 07.07.2026 10:13:08 : EVT PMIC : PMIC Fast-charge constant cur
#1252865 07.07.2026 10:13:08 : EVT PMIC : PMIC Fast-charge constant cur
#1252866 07.07.2026 10:13:08 : EVT PMIC : PMIC Fast-charge constant voltage
#1252867 07.07.2026 10:13:09 : ERR WBMAIN : *0: app 1071 Event 36 80005310
#1252868 07.07.2026 10:13:09 : ERR WBMAIN : 1: mea 17 Wait 0 00000000
#1252869 07.07.2026 10:13:09 : ERR WBMAIN : 2: ui 16 Wait 0 00000000
#1252870 07.07.2026 10:13:09 : EVT WBSTORAGE : CACHE_DEFRAG (872->880, 24->24, 25)
#1252871 07.07.2026 10:13:09 : EVT WBSTORAGE : CACHE_DEFRAG (848->856, 24->24, 25)
#1252872 07.07.2026 10:13:09 : EVT WBSTORAGE : CACHE_DEFRAG (808->816, 24->24, 25)
#1252873 07.07.2026 10:13:09 : EVT <Unknown> : DL Region List
#1252874 07.07.2026 10:13:09 : EVT WIFI : Pwr up
#1252875 07.07.2026 10:13:09 : EVT ANALYTICS : Sync start
#1252876 07.07.2026 10:13:09 : EVT ANALYTICS : Sync start
#1252877 07.07.2026 10:13:12 : EVT PMIC : PMIC Fast-charge constant cur
#1252878 07.07.2026 10:13:13 : EVT PMIC : PMIC Fast-charge constant voltage
#1252879 07.07.2026 10:13:13 : EVT PMIC : PMIC Fast-charge constant cur
#1252880 07.07.2026 10:13:13 : EVT PMIC : PMIC Fast-charge constant cur
#1252881 07.07.2026 10:13:13 : EVT PMIC : PMIC Fast-charge constant voltage
#1252882 07.07.2026 10:13:13 : EVT PMIC : PMIC Fast-charge constant cur
#1252883 07.07.2026 10:13:13 : EVT APPLICATION : Plugin climbl01.zip as type:[2]
#1252884 07.07.2026 10:13:13 : EVT PMIC : PMIC Fast-charge constant voltage
#1252885 07.07.2026 10:13:14 : EVT PMIC : PMIC Fast-charge constant cur
#1252886 07.07.2026 10:13:14 : EVT PMIC : PMIC Fast-charge constant voltage
#1252887 07.07.2026 10:13:14 : ERR WBMAIN : *0: app 1185 Event 36 80005310
#1252888 07.07.2026 10:13:14 : ERR WBMAIN : 1: mea 67 Wait 0 00000000
#1252889 07.07.2026 10:13:14 : ERR WBMAIN : 2: ui 67 Wait 0 00000000
#1252890 07.07.2026 10:13:15 : EVT PMIC : PMIC Fast-charge constant cur
#1252891 07.07.2026 10:13:15 : EVT PMIC : PMIC Fast-charge constant voltage
#1252892 07.07.2026 10:13:15 : EVT ANALYTICS : Sync start
#1252893 07.07.2026 10:13:15 : EVT ANALYTICS : Sync start
#1252894 07.07.2026 10:13:15 : EVT WIFI : pwr up
#1252895 07.07.2026 10:13:15 : EVT WIFI : SDK Ver(3.2.8.1)
#1252896 07.07.2026 10:13:16 : EVT WIFI : Scann APs (1/3)
#1252897 07.07.2026 10:13:16 : EVT PMIC : PMIC Fast-charge constant cur
#1252898 07.07.2026 10:13:16 : EVT PMIC : PMIC Fast-charge constant voltage
#1252899 07.07.2026 10:13:16 : EVT PMIC : PMIC Fast-charge constant cur
#1252900 07.07.2026 10:13:16 : EVT PMIC : PMIC Fast-charge constant voltage
#1252901 07.07.2026 10:13:16 : EVT PMIC : PMIC Fast-charge constant cur
#1252902 07.07.2026 10:13:16 : EVT PMIC : PMIC Fast-charge constant voltage
#1252903 07.07.2026 10:13:16 : EVT WIFI : APs scanned:18
#1252904 07.07.2026 10:13:16 : EVT WBSTORAGE : CACHE_DEFRAG (800->816, 24->24, 25)
#1252905 07.07.2026 10:13:16 : WRN WIFI : No APs matched to connect
#1252906 07.07.2026 10:13:16 : EVT WIFI : Scann APs (2/3)
#1252907 07.07.2026 10:13:17 : EVT WIFI : APs scanned:16
#1252908 07.07.2026 10:13:17 : WRN WIFI : No APs matched to connect
#1252909 07.07.2026 10:13:17 : EVT WIFI : Scann APs (3/3)
#1252910 07.07.2026 10:13:17 : EVT PMIC : PMIC Fast-charge constant cur
#1252911 07.07.2026 10:13:17 : EVT PMIC : PMIC Fast-charge constant voltage
#1252912 07.07.2026 10:13:18 : EVT WIFI : APs scanned:15
#1252913 07.07.2026 10:13:18 : WRN WIFI : No APs matched to connect
#1252914 07.07.2026 10:13:18 : EVT WIFI : Internal connect ret:103
#1252915 07.07.2026 10:13:18 : ERR <Unknown> : DL GET resultCode=500
#1252916 07.07.2026 10:13:18 : EVT <Unknown> : DL try retry after 5000 ms

