#1186480 03.07.2026 18:09:51 : EVT PMIC : PMIC Fast-charge constant cur
#1186481 03.07.2026 18:09:51 : EVT PMIC : PMIC Fast-charge constant cur
#1186482 03.07.2026 18:09:51 : EVT PMIC : PMIC Fast-charge constant cur
#1186483 03.07.2026 18:09:51 : EVT PMIC : PMIC Fast-charge constant cur
#1186484 03.07.2026 18:09:51 : EVT WIFI : APs scanned:11
#1186485 03.07.2026 18:09:51 : WRN WIFI : No APs matched to connect
#1186486 03.07.2026 18:09:51 : EVT WIFI : Internal connect ret:103
#1186487 03.07.2026 18:09:51 : ERR <Unknown> : DL GET resultCode=500
#1186488 03.07.2026 18:09:51 : EVT <Unknown> : DL try retry after 10000 ms
#1186489 03.07.2026 18:09:53 : EVT PMIC : PMIC temp zone:0x7
#1186490 03.07.2026 18:09:53 : EVT PMIC : VBUS state is OFF
#1186491 03.07.2026 18:09:53 : EVT PMIC : Turn charge OFF since VBUS->OFF
#1186492 03.07.2026 18:09:53 : EVT WBCOMM : Route lost: ECSD00000000
#1186493 03.07.2026 18:09:53 : TRC FUEL_GAUGE : Chg->0,B:5,C:14.7,V:4433,U:0,bF:100%,bC:100%
#1186494 03.07.2026 18:09:53 : EVT OHR : VBUS off
#1186495 03.07.2026 18:09:53 : EVT OHR : S:ON 0->1
#1186496 03.07.2026 18:09:53 : EVT ANALYTICS : Battery-> 1 soc:100
#1186497 03.07.2026 18:09:53 : EVT OHR : APPINIT:caps 0x1f4, 6b738616
#1186498 03.07.2026 18:09:53 : EVT <Unknown> : 1783094993844:AI@1783094993820, tz120
#1186499 03.07.2026 18:09:53 : EVT OHR : S:start 0x2123
#1186500 03.07.2026 18:09:53 : EVT <Unknown> : 1783094993850:Meas start 0x2123
#1186501 03.07.2026 18:09:54 : EVT <Unknown> : 1783094993864:PD1464, 0
#1186502 03.07.2026 18:09:54 : EVT <Unknown> : 1783094993921:GMV 20251126/1/4/0/395/46
#1186503 03.07.2026 18:09:54 : EVT <Unknown> : 1783094994177:Mi1.6.10, auth 0, hr_mode 0
#1186504 03.07.2026 18:09:54 : EVT <Unknown> : 1783094994428:On Skin Set.
#1186505 03.07.2026 18:09:56 : EVT WBSTORAGE : CACHE_DEFRAG (792->800, 24->24, 25)
#1186506 03.07.2026 18:09:56 : EVT WBSTORAGE : CACHE_DEFRAG (752->792, 24->24, 25)
#1186507 03.07.2026 18:09:56 : EVT WBSTORAGE : CACHE_DEFRAG (768->864, 24->24, 25)
#1186508 03.07.2026 18:09:56 : TRC NAVIGATION : CG: no climb WP
#1186509 03.07.2026 18:09:56 : TRC NAVIGATION : CG:init ZoomType=0
#1186510 03.07.2026 18:09:56 : EVT NAVIGATION : initSeg Idx=0 D=1 T=0 3-0-4
#1186511 03.07.2026 18:09:56 : EVT WBSTORAGE : CACHE_DEFRAG (784->928, 24->24, 25)
#1186512 03.07.2026 18:09:56 : EVT GPS : LocationProviderImpl:sub Best
#1186513 03.07.2026 18:09:56 : TRC GPS : Full GNSS data subd l:15 c:80160010
#1186514 03.07.2026 18:09:56 : EVT ALTIFUSION : AltiBaroMode:0
#1186515 03.07.2026 18:09:56 : EVT APPLICATION : Zapp zwc05901:Disable
#1186516 03.07.2026 18:09:56 : EVT ANALYTICS : Zapp disabled i:3 h:ddb248f2 n:Vector classic
#1186517 03.07.2026 18:09:56 : EVT GPS : LocationProviderImpl:sub Passive
#1186518 03.07.2026 18:09:56 : TRC GPS : Full GNSS data subd l:0 c:80160010
#1186519 03.07.2026 18:09:56 : EVT ANALYTICS : SleepQ:Tracking:On
#1186520 03.07.2026 18:09:57 : EVT ALTIFUSION : AltiBaroMode:0
#1186521 03.07.2026 18:09:57 : EVT UI_FRAMEWORK : JS nsto enable zapp: zzwethen
#1186522 03.07.2026 18:09:57 : EVT UI_FRAMEWORK : JS nsto enable zapp: climbl01
#1186523 03.07.2026 18:09:57 : EVT UI_FRAMEWORK : JS nsto enable zapp: zzmoveen
#1186524 03.07.2026 18:09:57 : EVT APPLICATION : Zapp zzwethen:Load script
#1186525 03.07.2026 18:09:57 : EVT APPLICATION : Zapp zzwethen:Enable
#1186526 03.07.2026 18:09:57 : EVT ANALYTICS : Zapp enabled i:8 h:3f77f8ec n:zzwethen v:ade
#1186527 03.07.2026 18:09:57 : EVT APPLICATION : Zapp clid:32878
#1186528 03.07.2026 18:09:57 : EVT APPLICATION : Zapp climbl01:Load script
#1186529 03.07.2026 18:09:57 : EVT APPLICATION : Zapp climbl01:Enable
#1186530 03.07.2026 18:09:57 : EVT ANALYTICS : Zapp enabled i:5 h:a5e7afa5 n:climbl01 v:3.0
#1186531 03.07.2026 18:09:57 : EVT APPLICATION : Zapp clid:32879
#1186532 03.07.2026 18:09:57 : EVT APPLICATION : Zapp zzmoveen:Load script
#1186533 03.07.2026 18:09:57 : EVT APPLICATION : Zapp zzmoveen:Enable
#1186534 03.07.2026 18:09:57 : EVT ANALYTICS : Zapp enabled i:6 h:7aac0887 n:zzmoveen v:8e0
#1186535 03.07.2026 18:09:57 : EVT UI_FRAMEWORK : evalFile: b:/zapp/zzmoveen.fea/ext1.js from ui
#1186536 03.07.2026 18:09:57 : EVT APPLICATION : Zapp clid:32880
#1186537 03.07.2026 18:09:57 : EVT UI_FRAMEWORK : JS nsto all zapps enabled.
#1186538 03.07.2026 18:09:57 : EVT UI_FRAMEWORK : JS Prestart Activity Id: 16.000
#1186539 03.07.2026 18:09:57 : WRN WBAPI : eID-691468(277): /Dive/Alarms/Acknowledge 404
#1186540 03.07.2026 18:09:57 : WRN WBAPI : eID-691468(277): /Dive/DiveGases 404
#1186541 03.07.2026 18:09:57 : WRN WBAPI : eID-691468(277): /Dive/Gauge/Next 404
#1186542 03.07.2026 18:09:57 : EVT WBSTORAGE : CACHE_DEFRAG (904->912, 24->24, 25)
#1186543 03.07.2026 18:09:57 : EVT WBSTORAGE : CACHE_DEFRAG (840->848, 24->24, 25)
#1186544 03.07.2026 18:09:57 : EVT WBSTORAGE : CACHE_DEFRAG (776->784, 24->24, 25)
#1186545 03.07.2026 18:09:57 : EVT BLE : BLE Sensor Link 4800180D Conn (--E-:00:1)
#1186546 03.07.2026 18:09:57 : WRN BLE : sendConnect 6157
#1186547 03.07.2026 18:09:58 : WRN WBAPI : eID-691468(277): /Dive/TankPressure/Alarm/Count 404
#1186548 03.07.2026 18:09:58 : EVT SPEEDFUSION : INFO # start speed fusion
#1186549 03.07.2026 18:09:58 : EVT SPEEDFUSION : Act:16,Acc:0,BPod:0,FPod:0,PPod:0,BeltPod:1
#1186550 03.07.2026 18:09:58 : EVT SPEEDFUSION : INFO # Start algo without wrist acc
#1186551 03.07.2026 18:09:58 : EVT <Unknown> : Update pres sampl intrvl:1
#1186552 03.07.2026 18:09:58 : EVT OHR : S:start 0x21a3
#1186553 03.07.2026 18:09:58 : EVT UI_FRAMEWORK : evalFile: b:/zapp/climbl01.fea/ext12.js from ui
#1186554 03.07.2026 18:09:58 : EVT TRAININGLAB : TLab:~Mode T 17466 + 10 A 4520 + 0
#1186555 03.07.2026 18:09:58 : EVT TRAININGLAB : TLab:Change mode 2->3
#1186556 03.07.2026 18:09:58 : WRN WBAPI : eID-691468(277): /Dive/Alarms/Acknowledge 404
#1186557 03.07.2026 18:09:58 : WRN WBAPI : eID-691468(277): /Dive/DiveGases 404
#1186558 03.07.2026 18:09:58 : WRN WBAPI : eID-691468(277): /Dive/Gauge/Next 404
#1186559 03.07.2026 18:09:58 : EVT TRAININGLAB : TLab:Mode::userInfo 60, 200, 1, 37, 182, 950, 1990
#1186560 03.07.2026 18:09:58 : EVT LOGGER : Log space:30650913 bytes free
#1186561 03.07.2026 18:09:58 : EVT <Unknown> : 1783094998119:Meas start 0x21a3
#1186562 03.07.2026 18:09:58 : ERR <Unknown> : 1783094998527:Mi invalid call:100,code:0.
#1186563 03.07.2026 18:09:58 : EVT TRAININGLAB : ModeUnsub:2800
#1186564 03.07.2026 18:09:58 : EVT TRAININGLAB : ModeSub:9004
#1186565 03.07.2026 18:09:58 : EVT TRAININGLAB : TLab:Select input 0
#1186566 03.07.2026 18:09:58 : EVT TRAININGLAB : TLab:Active input 0
#1186567 03.07.2026 18:09:59 : EVT LOGGER : Exercise started
#1186568 03.07.2026 18:09:59 : EVT BLE : HR RR on (12712092)
#1186569 03.07.2026 18:09:59 : TRC GPS : Full GNSS data subd l:0 c:802b0000
#1186570 03.07.2026 18:10:00 : ERR WBMAIN : *0: app 586 Event 24 80892700
#1186571 03.07.2026 18:10:00 : ERR WBMAIN : 1: mea 0 Event 3 80891701
#1186572 03.07.2026 18:10:00 : ERR WBMAIN : 2: ui 90 Wait 0 00000000
#1186573 03.07.2026 18:10:00 : EVT SEDENTARY : stop monitoring
#1186574 03.07.2026 18:10:01 : EVT ANALYTICS : Battery-> 3 soc:100
#1186575 03.07.2026 18:10:01 : EVT ANALYTICS : #FusHr src:0 time:0
#1186576 03.07.2026 18:10:01 : EVT ANALYTICS : #Act id:16
#1186577 03.07.2026 18:10:01 : EVT ANALYTICS : #powersave mode:p temp:31.5
#1186578 03.07.2026 18:10:01 : EVT ANALYTICS : GPSMODE:NOTUSED
#1186579 03.07.2026 18:10:01 : EVT ANALYTICS : #gnss d:2026-07-03T00:00:00Z
#1186580 03.07.2026 18:10:01 : EVT ANALYTICS : #zapp n:Weather e:1
#1186581 03.07.2026 18:10:01 : EVT ANALYTICS : #zapp n:Movement e:1
#1186582 03.07.2026 18:10:01 : EVT ANALYTICS : #zapp n:Climb Log e:1
#1186583 03.07.2026 18:10:02 : EVT OHR : No HR update, invalidate by timer
#1186584 03.07.2026 18:10:04 : EVT WIFI : Pwr down idle wifi (TO:13se)
#1186585 03.07.2026 18:10:05 : EVT WIFI : pwr down OK
#1186586 03.07.2026 18:10:05 : WRN WBAPI : eID-691468(277): /Dive/Alarms/Acknowledge 404
#1186587 03.07.2026 18:10:05 : WRN WBAPI : eID-691468(277): /Dive/DiveGases 404
#1186588 03.07.2026 18:10:05 : WRN WBAPI : eID-691468(277): /Dive/Gauge/Next 404
#1186589 03.07.2026 18:10:06 : EVT ANALYTICS : #ws AID:16 BM:1 NS:0 SP:3 ZN:0 TG:0 BL:0 GPS:0
#1186590 03.07.2026 18:10:06 : EVT ANALYTICS : #2ws AID:16 WHR:1 INT:0 AL:0 AP:0 FE:1 MC:1 TH:0
#1186591 03.07.2026 18:10:07 : EVT BLE : lt,scan 1
#1186592 03.07.2026 18:10:07 : WRN BLE : sendDisconnect 6157
#1186593 03.07.2026 18:10:07 : ERR BLE : [AURA]No filters left, stopping scan
#1186594 03.07.2026 18:10:07 : ERR BLE : [AURA]Filter with handle 72 not found
#1186595 03.07.2026 18:10:07 : EVT BLE : packet 0 sensor found count 1
#1186596 03.07.2026 18:10:07 : EVT BLE : packet 0 sensor found count 2
#1186597 03.07.2026 18:10:08 : EVT OHR : new HR update
#1186598 03.07.2026 18:10:08 : EVT LOGGER : LGR 934, 80
#1186599 03.07.2026 18:10:08 : WRN WBAPI : eID-691468(277): /Dive/Alarms/Acknowledge 404
#1186600 03.07.2026 18:10:08 : WRN WBAPI : eID-691468(277): /Dive/DiveGases 404
#1186601 03.07.2026 18:10:08 : WRN WBAPI : eID-691468(277): /Dive/Gauge/Next 404
#1186602 03.07.2026 18:10:08 : EVT LOGGER : LGR 934, 80
#1186603 03.07.2026 18:10:09 : EVT ANALYTICS : #FusHr src:2 time:10002
#1186604 03.07.2026 18:10:09 : EVT TRAININGLAB : Tlab:HR src is 2
#1186605 03.07.2026 18:10:09 : EVT ANALYTICS : #FusHr src:2 time:0
#1186606 03.07.2026 18:10:09 : EVT TRAININGLAB : TLab:Active input 1
#1186607 03.07.2026 18:10:09 : EVT UI_FRAMEWORK : evalFile: b:/zapp/climbl01.fea/ext10.js from ui
#1186608 03.07.2026 18:10:09 : WRN WBAPI : eID-691468(277): /Dive/Alarms/Acknowledge 404
#1186609 03.07.2026 18:10:09 : WRN WBAPI : eID-691468(277): /Dive/DiveGases 404
#1186610 03.07.2026 18:10:09 : WRN WBAPI : eID-691468(277): /Dive/Gauge/Next 404
#1186611 03.07.2026 18:10:09 : EVT LOGGER : LGR 934, 80
#1186612 03.07.2026 18:10:10 : WRN WBAPI : eID-691468(277): /Dive/Alarms/Acknowledge 404
#1186613 03.07.2026 18:10:10 : WRN WBAPI : eID-691468(277): /Dive/DiveGases 404
#1186614 03.07.2026 18:10:10 : WRN WBAPI : eID-691468(277): /Dive/Gauge/Next 404
#1186615 03.07.2026 18:10:12 : WRN WBAPI : eID-691468(277): /Dive/Alarms/Acknowledge 404
#1186616 03.07.2026 18:10:12 : WRN WBAPI : eID-691468(277): /Dive/DiveGases 404
#1186617 03.07.2026 18:10:12 : WRN WBAPI : eID-691468(277): /Dive/Gauge/Next 404
#1186618 03.07.2026 18:10:12 : EVT LOGGER : LGR 934, 80
#1186619 03.07.2026 18:10:12 : WRN WBAPI : eID-691468(277): /Dive/Alarms/Acknowledge 404
#1186620 03.07.2026 18:10:12 : WRN WBAPI : eID-691468(277): /Dive/DiveGases 404
#1186621 03.07.2026 18:10:12 : WRN WBAPI : eID-691468(277): /Dive/Gauge/Next 404
#1186622 03.07.2026 18:10:13 : EVT LOGGER : LGR 934, 80
#1186623 03.07.2026 18:10:14 : WRN WBAPI : eID-691468(277): /Dive/Alarms/Acknowledge 404
#1186624 03.07.2026 18:10:14 : WRN WBAPI : eID-691468(277): /Dive/DiveGases 404
#1186625 03.07.2026 18:10:14 : WRN WBAPI : eID-691468(277): /Dive/Gauge/Next 404
#1186626 03.07.2026 18:10:18 : EVT LOGGER : LGR 934, 80
#1186627 03.07.2026 18:10:19 : EVT LOGGER : LGR 934, 80
#1186628 03.07.2026 18:10:21 : EVT LOGGER : LGR 934, 80
#1186629 03.07.2026 18:10:21 : WRN WBAPI : eID-691468(277): /Dive/Alarms/Acknowledge 404
#1186630 03.07.2026 18:10:21 : WRN WBAPI : eID-691468(277): /Dive/DiveGases 404
#1186631 03.07.2026 18:10:21 : WRN WBAPI : eID-691468(277): /Dive/Gauge/Next 404
#1186632 03.07.2026 18:10:21 : EVT LOGGER : LGR 934, 80
#1186633 03.07.2026 18:10:22 : WRN WBAPI : eID-691468(277): /Dive/Alarms/Acknowledge 404
#1186634 03.07.2026 18:10:22 : WRN WBAPI : eID-691468(277): /Dive/DiveGases 404
#1186635 03.07.2026 18:10:22 : WRN WBAPI : eID-691468(277): /Dive/Gauge/Next 404
#1186636 03.07.2026 18:10:23 : EVT LOGGER : LGR 934, 80
#1186637 03.07.2026 18:10:23 : WRN WBAPI : eID-691468(277): /Dive/Alarms/Acknowledge 404
#1186638 03.07.2026 18:10:23 : WRN WBAPI : eID-691468(277): /Dive/DiveGases 404
#1186639 03.07.2026 18:10:23 : WRN WBAPI : eID-691468(277): /Dive/Gauge/Next 404
#1186640 03.07.2026 18:10:24 : EVT LOGGER : LGR 934, 80
#1186641 03.07.2026 18:10:26 : WRN WBAPI : eID-691468(277): /Dive/Alarms/Acknowledge 404
#1186642 03.07.2026 18:10:26 : WRN WBAPI : eID-691468(277): /Dive/DiveGases 404
#1186643 03.07.2026 18:10:26 : WRN WBAPI : eID-691468(277): /Dive/Gauge/Next 404
#1186644 03.07.2026 18:10:27 : EVT LOGGER : LGR 934, 80
#1186645 03.07.2026 18:10:27 : WRN WBAPI : eID-691468(277): /Dive/Alarms/Acknowledge 404
#1186646 03.07.2026 18:10:27 : WRN WBAPI : eID-691468(277): /Dive/DiveGases 404
#1186647 03.07.2026 18:10:27 : WRN WBAPI : eID-691468(277): /Dive/Gauge/Next 404
#1186648 03.07.2026 18:10:28 : EVT <Unknown> : 1783095026952:SCD DET STATE ON.
#1186649 03.07.2026 18:10:29 : EVT LOGGER : LGR 934, 80
#1186650 03.07.2026 18:10:29 : WRN WBAPI : eID-691468(277): /Dive/Alarms/Acknowledge 404
#1186651 03.07.2026 18:10:29 : WRN WBAPI : eID-691468(277): /Dive/DiveGases 404
#1186652 03.07.2026 18:10:29 : WRN WBAPI : eID-691468(277): /Dive/Gauge/Next 404
#1186653 03.07.2026 18:10:31 : EVT LOGGER : Exercise paused
#1186654 03.07.2026 18:10:31 : WRN WBAPI : eID-691468(277): /Dive/Alarms/Acknowledge 404
#1186655 03.07.2026 18:10:31 : WRN WBAPI : eID-691468(277): /Dive/DiveGases 404
#1186656 03.07.2026 18:10:31 : WRN WBAPI : eID-691468(277): /Dive/Gauge/Next 404
#1186657 03.07.2026 18:10:39 : EVT APPLICATION : Zapp climbl01:Disable
#1186658 03.07.2026 18:10:39 : ERR APPLICATION : Zapp:relMemCb (exec:zapp)
#1186659 03.07.2026 18:10:39 : EVT APPLICATION : Zapp zzwethen:Disable
#1186660 03.07.2026 18:10:39 : EVT ANALYTICS : Zapp disabled i:8 h:3f77f8ec n:Weather
#1186661 03.07.2026 18:10:39 : ERR APPLICATION : Zapp 3:RelMem->unload
#1186662 03.07.2026 18:10:39 : ERR APPLICATION : Zapp:relMemCb (exec:zapp)
#1186663 03.07.2026 18:10:39 : EVT APPLICATION : Zapp zzmoveen:Disable
#1186664 03.07.2026 18:10:39 : EVT ANALYTICS : Zapp disabled i:6 h:7aac0887 n:Movement
#1186665 03.07.2026 18:10:39 : ERR APPLICATION : Zapp 3:RelMem->unload
#1186666 03.07.2026 18:10:39 : ERR APPLICATION : Zapp:relMemCb (exec:zapp)
#1186667 03.07.2026 18:10:39 : ERR APPLICATION : Zapp:RelMem->None avail
#1186668 03.07.2026 18:10:39 : ERR DUKTAPE : JSalloc:2071
#1186669 03.07.2026 18:10:39 : ERR APPLICATION : Zapp:relMemCb (exec:zapp)
#1186670 03.07.2026 18:10:39 : ERR APPLICATION : Zapp:RelMem->None avail
#1186671 03.07.2026 18:10:39 : ERR DUKTAPE : JSalloc:2071
#1186672 03.07.2026 18:10:39 : ERR APPLICATION : Zapp:relMemCb (exec:zapp)
#1186673 03.07.2026 18:10:39 : ERR APPLICATION : Zapp:RelMem->None avail
#1186674 03.07.2026 18:10:39 : ERR DUKTAPE : JSalloc:2071
#1186675 03.07.2026 18:10:39 : EVT UI_FRAMEWORK : evalFile: b:/zapp/climbl01.fea/ext11.js from ui
#1186676 03.07.2026 18:10:40 : EVT ANALYTICS : Zapp disabled i:5 h:a5e7afa5 n:Climb Log
#1186677 03.07.2026 18:10:41 : EVT <Unknown> : 1783095041321:Off Skin Set.
#1186678 03.07.2026 18:10:42 : EVT <Unknown> : 1783095042323:On Skin Set.
#1186679 03.07.2026 18:10:42 : EVT <Unknown> : 1783095042594:Off Skin Set.
#1186680 03.07.2026 18:10:43 : EVT PMIC : VBUS state is ON
#1186681 03.07.2026 18:10:43 : EVT PMIC : chgCntl1:0x70
#1186682 03.07.2026 18:10:43 : EVT PMIC : check chgCntl1:0x74
#1186683 03.07.2026 18:10:43 : EVT PMIC : Turn charge ON since VBUS->ON
#1186684 03.07.2026 18:10:43 : EVT PMIC : PMIC temp zone:0x2
#1186685 03.07.2026 18:10:43 : EVT PMIC : PMIC Fast-charge constant cur
#1186686 03.07.2026 18:10:43 : EVT OHR : VBUS on
#1186687 03.07.2026 18:10:43 : EVT OHR : S:stop a3
#1186688 03.07.2026 18:10:43 : EVT <Unknown> : 1783095043913:Meas stop 0x21a3
#1186689 03.07.2026 18:10:43 : WRN <Unknown> : 1783095043913:FSM EVT STOP.
#1186690 03.07.2026 18:10:43 : EVT OHR : S:OFF 1->0
#1186691 03.07.2026 18:10:44 : EVT PMIC : VBUS state is ON
#1186692 03.07.2026 18:10:44 : EVT PMIC : PMIC Maintain charge
#1186693 03.07.2026 18:10:44 : EVT PMIC : PMIC Fast-charge constant cur
#1186694 03.07.2026 18:10:44 : EVT PMIC : PMIC temp zone:0x7
#1186695 03.07.2026 18:10:44 : EVT PMIC : VBUS state is OFF
#1186696 03.07.2026 18:10:44 : EVT PMIC : Turn charge OFF since VBUS->OFF
#1186697 03.07.2026 18:10:44 : EVT OHR : VBUS off
#1186698 03.07.2026 18:10:44 : EVT OHR : S:ON 0->1
#1186699 03.07.2026 18:10:44 : EVT OHR : APPINIT:caps 0x1f4, 6b738616
#1186700 03.07.2026 18:10:45 : EVT <Unknown> : 1783095045004:AI@1783095044980, tz120
#1186701 03.07.2026 18:10:45 : EVT OHR : S:start 0x21a3
#1186702 03.07.2026 18:10:45 : EVT <Unknown> : 1783095045010:Meas start 0x21a3
#1186703 03.07.2026 18:10:45 : EVT <Unknown> : 1783095045050:PD1464, 0
#1186704 03.07.2026 18:10:45 : EVT <Unknown> : 1783095045109:GMV 20251126/1/4/0/395/46
#1186705 03.07.2026 18:10:45 : EVT <Unknown> : 1783095045364:Mi1.6.10, auth 0, hr_mode 0
#1186706 03.07.2026 18:10:45 : EVT OHR : No HR update, invalidate by timer
#1186707 03.07.2026 18:10:45 : EVT UI_FRAMEWORK : JS discard disable zapps
#1186708 03.07.2026 18:10:45 : EVT UI_FRAMEWORK : JS will discard
#1186709 03.07.2026 18:10:45 : EVT SPEEDFUSION : INFO # stop speed fusion
#1186710 03.07.2026 18:10:45 : EVT <Unknown> : Update pres sampl intrvl:5
#1186711 03.07.2026 18:10:45 : WRN APPLICATION : discard hrr meas l:3 d:0 sh:71 mh:71 v:0
#1186712 03.07.2026 18:10:45 : WRN WBAPI : eID-698eec(583/65535): 404
#1186713 03.07.2026 18:10:45 : EVT TRAININGZONE : User Define Mode:5
#1186714 03.07.2026 18:10:45 : EVT TRAININGZONE : Tss HR:0.28
#1186715 03.07.2026 18:10:45 : EVT TRAININGZONE : A:16,Tss:[-200.00,-200.00,-200.00,0.28]
#1186716 03.07.2026 18:10:45 : EVT TRAININGLAB : AppFeature Vo2Max 0.000000
#1186717 03.07.2026 18:10:45 : EVT TRAININGLAB : TLab:~Mode T 17476 + 10 A 4520 + 0
#1186718 03.07.2026 18:10:45 : EVT TRAININGLAB : TLab:Change mode 3->2
#1186719 03.07.2026 18:10:45 : EVT TRAININGLAB : TLab:Mode::userInfo 60, 200, 1, 37, 182, 950, 1990
#1186720 03.07.2026 18:10:45 : EVT TRAININGLAB : ModeUnsub:9145
#1186721 03.07.2026 18:10:45 : EVT TRAININGLAB : ModeSub:0400
#1186722 03.07.2026 18:10:45 : EVT LOGGER : LGR 934, 80
#1186723 03.07.2026 18:10:46 : EVT <Unknown> : 1783095045638:On Skin Set.
#1186724 03.07.2026 18:10:46 : EVT OHR : S:start 0x2123
#1186725 03.07.2026 18:10:46 : EVT LOGGER : Exercise stopped
#1186726 03.07.2026 18:10:46 : EVT ANALYTICS : WAOae:Activity WAOae:16
#1186727 03.07.2026 18:10:46 : EVT ANALYTICS : WAOae:TotalAcc WAOae:0,0,0
#1186728 03.07.2026 18:10:46 : EVT ANALYTICS : WAOae:AccCount WAOae:0,0,0
#1186729 03.07.2026 18:10:46 : EVT ANALYTICS : WAOae:Distance WAOae:0,0,0
#1186730 03.07.2026 18:10:46 : EVT ANALYTICS : WAOae:Duration WAOae:0,0,0
#1186731 03.07.2026 18:10:46 : EVT ANALYTICS : WAOae:Coeff WAOae:0,40,240,390,773,7524,7624
#1186732 03.07.2026 18:10:46 : EVT BLE : HR RR off (12759087, 46995 ms missing)
#1186733 03.07.2026 18:10:46 : EVT BLE : HR RR done
#1186734 03.07.2026 18:10:46 : EVT LOGGER : HrIbiLogger stop, off (0 ms)
#1186735 03.07.2026 18:10:46 : EVT LOGGER : HrIbiLogger stopped (0 ms)
#1186736 03.07.2026 18:10:46 : TRC GPS : Unsubd c:802b0000
#1186737 03.07.2026 18:10:46 : EVT LOGGER : LGR 934, 80
#1186738 03.07.2026 18:10:46 : EVT LOGGER : LGR 934, 80
#1186739 03.07.2026 18:10:46 : EVT ANALYTICS : SleepQ:Tracking:On
#1186740 03.07.2026 18:10:46 : EVT LOGGER : Wr dpc on
#1186741 03.07.2026 18:10:46 : EVT LOGGER : LGR 20993, 56
#1186742 03.07.2026 18:10:46 : EVT <Unknown> : 1783095046012:Meas start 0x2123
#1186743 03.07.2026 18:10:46 : EVT <Unknown> : 1783095046029:Off Skin Set.
#1186744 03.07.2026 18:10:47 : EVT UI_FRAMEWORK : JS feeling vs idle 1
#1186745 03.07.2026 18:10:47 : EVT UI_FRAMEWORK : JS feeling open ex-saving
#1186746 03.07.2026 18:10:47 : TRC NAVIGATION : CG: no climb WP
#1186747 03.07.2026 18:10:47 : TRC NAVIGATION : CG:init ZoomType=0
#1186748 03.07.2026 18:10:47 : EVT NAVIGATION : initSeg Idx=0 D=1 T=0 3-0-4
#1186749 03.07.2026 18:10:47 : EVT WBSTORAGE : CACHE_DEFRAG (696->1048, 24->24, 25)
#1186750 03.07.2026 18:10:47 : EVT SPEEDFUSION : INFO # IDLE mode(-1) set
#1186751 03.07.2026 18:10:47 : EVT ALTIFUSION : AltiBaroMode:2
#1186752 03.07.2026 18:10:47 : ERR WBMAIN : *0: app 509 Event 37 8099031c
#1186753 03.07.2026 18:10:47 : ERR WBMAIN : 1: mea 0 Wait 0 00000000
#1186754 03.07.2026 18:10:47 : ERR WBMAIN : 2: ui 3 Wait 0 00000000
#1186755 03.07.2026 18:10:47 : EVT BLE : Disconn sensor:1
#1186756 03.07.2026 18:10:47 : EVT BLE : BLE Sensor Link 4800180D Disc (L-E-:00:0)
#1186757 03.07.2026 18:10:47 : WRN BLE : sendDisconnect 6157
#1186758 03.07.2026 18:10:47 : ERR BLE : [AURA]No filters left, stopping scan
#1186759 03.07.2026 18:10:48 : EVT ANALYTICS : #powersave mode:p temp:31.7
#1186760 03.07.2026 18:10:48 : EVT <Unknown> : 1783095047406:On Skin Set.
#1186761 03.07.2026 18:10:48 : EVT ANALYTICS : Battery-> 4 soc:100
#1186762 03.07.2026 18:10:50 : EVT ANALYTICS : Duration ExSaving:3795
#1186763 03.07.2026 18:10:51 : EVT OHR : No HR update, invalidate by timer
#1186764 03.07.2026 18:10:51 : EVT ANALYTICS : Duration ExSumBroker:364
#1186765 03.07.2026 18:10:52 : ERR <Unknown> : 1783095051441:Mi invalid call:100,code:0.
#1186766 03.07.2026 18:10:55 : EVT <Unknown> : 1783095054279:Off Skin Set.
#1186767 03.07.2026 18:10:56 : EVT <Unknown> : 1783095055406:On Skin Set.
#1186768 03.07.2026 18:10:56 : EVT UI_FRAMEWORK : JS delete log
#1186769 03.07.2026 18:10:56 : WRN LOGGER : Delete b:logs/6A47DED6
#1186770 03.07.2026 18:10:58 : EVT WBSTORAGE : CACHE_DEFRAG (1024->1032, 24->24, 25)
#1186771 03.07.2026 18:10:58 : EVT APPLICATION : Zapp zwc05901:Load script
#1186772 03.07.2026 18:10:58 : EVT APPLICATION : Zapp zwc05901:Enable
#1186773 03.07.2026 18:10:58 : EVT ANALYTICS : Zapp enabled i:3 h:ddb248f2 n:zwc05901 v:124f
#1186774 03.07.2026 18:10:58 : WRN WBAPI : eID-691468(277): /Weather/Current/ValidWeatherData.temp 
#1186775 03.07.2026 18:11:00 : EVT WBSTORAGE : CACHE_DEFRAG (904->912, 24->24, 25)
#1186776 03.07.2026 18:11:02 : EVT <Unknown> : 1783095062279:Off Skin Set.
#1186777 03.07.2026 18:11:03 : EVT WBSTORAGE : CACHE_DEFRAG (824->832, 24->24, 25)
#1186778 03.07.2026 18:11:03 : EVT WBSTORAGE : CACHE_DEFRAG (784->816, 24->24, 25)
#1186779 03.07.2026 18:11:03 : EVT WBSTORAGE : CACHE_DEFRAG (792->800, 24->24, 25)
#1186780 03.07.2026 18:11:03 : EVT WBSTORAGE : CACHE_DEFRAG (784->792, 24->24, 25)
#1186781 03.07.2026 18:11:03 : TRC NAVIGATION : CG: no climb WP
#1186782 03.07.2026 18:11:03 : TRC NAVIGATION : CG:init ZoomType=0
#1186783 03.07.2026 18:11:03 : EVT NAVIGATION : initSeg Idx=0 D=1 T=0 3-0-4
#1186784 03.07.2026 18:11:04 : EVT WBSTORAGE : CACHE_DEFRAG (776->928, 24->24, 25)
#1186785 03.07.2026 18:11:04 : EVT ALTIFUSION : AltiBaroMode:0
#1186786 03.07.2026 18:11:04 : EVT APPLICATION : Zapp zwc05901:Disable
#1186787 03.07.2026 18:11:04 : EVT ANALYTICS : Zapp disabled i:3 h:ddb248f2 n:Vector classic
#1186788 03.07.2026 18:11:04 : EVT ANALYTICS : SleepQ:Tracking:On
#1186789 03.07.2026 18:11:04 : EVT ALTIFUSION : AltiBaroMode:0
#1186790 03.07.2026 18:11:04 : EVT UI_FRAMEWORK : JS nsto enable zapp: zzwethen
#1186791 03.07.2026 18:11:04 : EVT UI_FRAMEWORK : JS nsto enable zapp: climbl01
#1186792 03.07.2026 18:11:04 : EVT UI_FRAMEWORK : JS nsto enable zapp: zzmoveen
#1186793 03.07.2026 18:11:04 : EVT APPLICATION : Zapp zzwethen:Load script
#1186794 03.07.2026 18:11:04 : EVT APPLICATION : Zapp zzwethen:Enable
#1186795 03.07.2026 18:11:04 : EVT ANALYTICS : Zapp enabled i:8 h:3f77f8ec n:zzwethen v:ade
#1186796 03.07.2026 18:11:04 : EVT APPLICATION : Zapp clid:32878
#1186797 03.07.2026 18:11:04 : EVT APPLICATION : Zapp climbl01:Load script
#1186798 03.07.2026 18:11:04 : EVT APPLICATION : Zapp climbl01:Enable
#1186799 03.07.2026 18:11:04 : EVT ANALYTICS : Zapp enabled i:5 h:a5e7afa5 n:climbl01 v:3.0
#1186800 03.07.2026 18:11:04 : EVT APPLICATION : Zapp clid:32879
#1186801 03.07.2026 18:11:04 : EVT APPLICATION : Zapp zzmoveen:Load script
#1186802 03.07.2026 18:11:04 : EVT APPLICATION : Zapp zzmoveen:Enable
#1186803 03.07.2026 18:11:04 : EVT ANALYTICS : Zapp enabled i:6 h:7aac0887 n:zzmoveen v:8e0
#1186804 03.07.2026 18:11:04 : EVT UI_FRAMEWORK : evalFile: b:/zapp/zzmoveen.fea/ext1.js from ui
#1186805 03.07.2026 18:11:04 : EVT APPLICATION : Zapp clid:32880
#1186806 03.07.2026 18:11:04 : EVT UI_FRAMEWORK : JS nsto all zapps enabled.
#1186807 03.07.2026 18:11:04 : EVT UI_FRAMEWORK : JS Prestart Activity Id: 16.000
#1186808 03.07.2026 18:11:04 : WRN WBAPI : eID-691468(277): /Dive/Alarms/Acknowledge 404
#1186809 03.07.2026 18:11:04 : WRN WBAPI : eID-691468(277): /Dive/DiveGases 404
#1186810 03.07.2026 18:11:04 : WRN WBAPI : eID-691468(277): /Dive/Gauge/Next 404
#1186811 03.07.2026 18:11:04 : EVT WBSTORAGE : CACHE_DEFRAG (904->912, 24->24, 25)
#1186812 03.07.2026 18:11:04 : EVT WBSTORAGE : CACHE_DEFRAG (840->848, 24->24, 25)
#1186813 03.07.2026 18:11:04 : EVT WBSTORAGE : CACHE_DEFRAG (776->784, 24->24, 25)
#1186814 03.07.2026 18:11:04 : EVT BLE : BLE Sensor Link 4800180D Conn (--E-:00:1)
#1186815 03.07.2026 18:11:04 : WRN BLE : sendConnect 6157
#1186816 03.07.2026 18:11:05 : WRN WBAPI : eID-691468(277): /Dive/TankPressure/Alarm/Count 404
#1186817 03.07.2026 18:11:05 : EVT SPEEDFUSION : INFO # start speed fusion
#1186818 03.07.2026 18:11:05 : EVT SPEEDFUSION : Act:16,Acc:0,BPod:0,FPod:0,PPod:0,BeltPod:1
#1186819 03.07.2026 18:11:05 : EVT SPEEDFUSION : INFO # Start algo without wrist acc
#1186820 03.07.2026 18:11:05 : EVT <Unknown> : Update pres sampl intrvl:1
#1186821 03.07.2026 18:11:05 : EVT OHR : S:start 0x21a3
#1186822 03.07.2026 18:11:05 : EVT UI_FRAMEWORK : evalFile: b:/zapp/climbl01.fea/ext12.js from ui
#1186823 03.07.2026 18:11:06 : EVT TRAININGLAB : TLab:~Mode T 17486 + 4 A 4520 + 0
#1186824 03.07.2026 18:11:06 : EVT TRAININGLAB : TLab:Change mode 2->3
#1186825 03.07.2026 18:11:06 : WRN WBAPI : eID-691468(277): /Dive/Alarms/Acknowledge 404
#1186826 03.07.2026 18:11:06 : EVT TRAININGLAB : TLab:Mode::userInfo 60, 200, 1, 37, 182, 950, 1990
#1186827 03.07.2026 18:11:06 : WRN WBAPI : eID-691468(277): /Dive/DiveGases 404
#1186828 03.07.2026 18:11:06 : WRN WBAPI : eID-691468(277): /Dive/Gauge/Next 404
#1186829 03.07.2026 18:11:06 : EVT LOGGER : Log space:30650913 bytes free
#1186830 03.07.2026 18:11:06 : EVT TRAININGLAB : ModeUnsub:2800
#1186831 03.07.2026 18:11:06 : EVT TRAININGLAB : ModeSub:9004
#1186832 03.07.2026 18:11:06 : EVT TRAININGLAB : TLab:Select input 0
#1186833 03.07.2026 18:11:06 : EVT TRAININGLAB : TLab:Active input 0
#1186834 03.07.2026 18:11:06 : EVT LOGGER : Exercise started
#1186835 03.07.2026 18:11:06 : EVT BLE : HR RR on (12779276)
#1186836 03.07.2026 18:11:06 : TRC GPS : Full GNSS data subd l:0 c:802b0000
#1186837 03.07.2026 18:11:06 : EVT <Unknown> : 1783095065387:Meas start 0x21a3
#1186838 03.07.2026 18:11:06 : WRN WBAPI : eID-691468(277): /Dive/Alarms/Acknowledge 404
#1186839 03.07.2026 18:11:06 : WRN WBAPI : eID-691468(277): /Dive/DiveGases 404
#1186840 03.07.2026 18:11:06 : WRN WBAPI : eID-691468(277): /Dive/Gauge/Next 404
#1186841 03.07.2026 18:11:08 : EVT ANALYTICS : Battery-> 3 soc:100
#1186842 03.07.2026 18:11:08 : EVT ANALYTICS : #FusHr src:0 time:0
#1186843 03.07.2026 18:11:08 : EVT ANALYTICS : #Act id:16
#1186844 03.07.2026 18:11:08 : EVT ANALYTICS : #powersave mode:p temp:32.3
#1186845 03.07.2026 18:11:08 : EVT ANALYTICS : GPSMODE:NOTUSED
#1186846 03.07.2026 18:11:08 : EVT ANALYTICS : #gnss d:2026-07-03T00:00:00Z
#1186847 03.07.2026 18:11:08 : EVT ANALYTICS : #zapp n:Weather e:1
#1186848 03.07.2026 18:11:08 : EVT ANALYTICS : #zapp n:Movement e:1
#1186849 03.07.2026 18:11:08 : EVT ANALYTICS : #zapp n:Climb Log e:1
#1186850 03.07.2026 18:11:09 : EVT LOGGER : LGR 934, 80
#1186851 03.07.2026 18:11:09 : WRN WBAPI : eID-691468(277): /Dive/Alarms/Acknowledge 404
#1186852 03.07.2026 18:11:09 : WRN WBAPI : eID-691468(277): /Dive/DiveGases 404
#1186853 03.07.2026 18:11:09 : WRN WBAPI : eID-691468(277): /Dive/Gauge/Next 404
#1186854 03.07.2026 18:11:09 : EVT <Unknown> : 1783095068782:On Skin Set.
#1186855 03.07.2026 18:11:10 : EVT OHR : No HR update, invalidate by timer
#1186856 03.07.2026 18:11:10 : EVT LOGGER : LGR 934, 80
#1186857 03.07.2026 18:11:10 : EVT UI_FRAMEWORK : evalFile: b:/zapp/climbl01.fea/ext10.js from ui
#1186858 03.07.2026 18:11:11 : WRN WBAPI : eID-691468(277): /Dive/Alarms/Acknowledge 404
#1186859 03.07.2026 18:11:11 : WRN WBAPI : eID-691468(277): /Dive/DiveGases 404
#1186860 03.07.2026 18:11:11 : WRN WBAPI : eID-691468(277): /Dive/Gauge/Next 404
#1186861 03.07.2026 18:11:11 : EVT OHR : new HR update
#1186862 03.07.2026 18:11:14 : EVT ANALYTICS : #ws AID:16 BM:1 NS:0 SP:3 ZN:0 TG:0 BL:0 GPS:0
#1186863 03.07.2026 18:11:14 : EVT ANALYTICS : #2ws AID:16 WHR:1 INT:0 AL:0 AP:0 FE:1 MC:1 TH:0
#1186864 03.07.2026 18:11:15 : EVT BLE : lt,scan 1
#1186865 03.07.2026 18:11:15 : WRN BLE : sendDisconnect 6157
#1186866 03.07.2026 18:11:15 : ERR BLE : [AURA]No filters left, stopping scan
#1186867 03.07.2026 18:11:15 : ERR BLE : [AURA]Filter with handle 72 not found
#1186868 03.07.2026 18:11:15 : EVT BLE : packet 0 sensor found count 1
#1186869 03.07.2026 18:11:15 : EVT BLE : packet 0 sensor found count 2
#1186870 03.07.2026 18:11:15 : EVT LOGGER : LGR 934, 80
#1186871 03.07.2026 18:11:16 : WRN WBAPI : eID-691468(277): /Dive/Alarms/Acknowledge 404
#1186872 03.07.2026 18:11:16 : WRN WBAPI : eID-691468(277): /Dive/DiveGases 404
#1186873 03.07.2026 18:11:16 : WRN WBAPI : eID-691468(277): /Dive/Gauge/Next 404
#1186874 03.07.2026 18:11:17 : EVT ANALYTICS : #FusHr src:2 time:11288
#1186875 03.07.2026 18:11:17 : EVT TRAININGLAB : Tlab:HR src is 2
#1186876 03.07.2026 18:11:17 : EVT ANALYTICS : #FusHr src:2 time:0
#1186877 03.07.2026 18:11:17 : EVT TRAININGLAB : TLab:Active input 1
#1186878 03.07.2026 18:11:17 : EVT LOGGER : LGR 934, 80
#1186879 03.07.2026 18:11:18 : WRN WBAPI : eID-691468(277): /Dive/Alarms/Acknowledge 404
#1186880 03.07.2026 18:11:18 : WRN WBAPI : eID-691468(277): /Dive/DiveGases 404
#1186881 03.07.2026 18:11:18 : WRN WBAPI : eID-691468(277): /Dive/Gauge/Next 404
#1186882 03.07.2026 18:11:19 : EVT LOGGER : LGR 934, 80
#1186883 03.07.2026 18:11:19 : WRN WBAPI : eID-691468(277): /Dive/Alarms/Acknowledge 404
#1186884 03.07.2026 18:11:19 : WRN WBAPI : eID-691468(277): /Dive/DiveGases 404
#1186885 03.07.2026 18:11:19 : WRN WBAPI : eID-691468(277): /Dive/Gauge/Next 404
#1186886 03.07.2026 18:11:20 : EVT LOGGER : LGR 934, 80
#1186887 03.07.2026 18:11:21 : WRN WBAPI : eID-691468(277): /Dive/Alarms/Acknowledge 404
#1186888 03.07.2026 18:11:21 : WRN WBAPI : eID-691468(277): /Dive/DiveGases 404
#1186889 03.07.2026 18:11:21 : WRN WBAPI : eID-691468(277): /Dive/Gauge/Next 404
#1186890 03.07.2026 18:11:23 : EVT LOGGER : Exercise paused
#1186891 03.07.2026 18:11:23 : WRN WBAPI : eID-691468(277): /Dive/Alarms/Acknowledge 404
#1186892 03.07.2026 18:11:23 : WRN WBAPI : eID-691468(277): /Dive/DiveGases 404
#1186893 03.07.2026 18:11:23 : WRN WBAPI : eID-691468(277): /Dive/Gauge/Next 404
#1186894 03.07.2026 18:11:26 : EVT APPLICATION : Zapp climbl01:Disable
#1186895 03.07.2026 18:11:26 : EVT UI_FRAMEWORK : evalFile: b:/zapp/climbl01.fea/ext11.js from ui
#1186896 03.07.2026 18:11:26 : EVT ANALYTICS : Zapp disabled i:5 h:a5e7afa5 n:Climb Log
#1186897 03.07.2026 18:11:26 : EVT APPLICATION : Zapp zzmoveen:Disable
#1186898 03.07.2026 18:11:26 : EVT ANALYTICS : Zapp disabled i:6 h:7aac0887 n:Movement
#1186899 03.07.2026 18:11:26 : EVT UI_FRAMEWORK : evalFile: b:/zapp/zzmoveen.fea/ext2.js from ui
#1186900 03.07.2026 18:11:26 : EVT APPLICATION : Zapp zzwethen:Disable
#1186901 03.07.2026 18:11:27 : EVT ANALYTICS : Zapp disabled i:8 h:3f77f8ec n:Weather
#1186902 03.07.2026 18:11:27 : EVT UI_FRAMEWORK : JS discard disable zapps
#1186903 03.07.2026 18:11:27 : EVT UI_FRAMEWORK : JS will discard
#1186904 03.07.2026 18:11:27 : EVT SPEEDFUSION : INFO # stop speed fusion
#1186905 03.07.2026 18:11:27 : EVT <Unknown> : Update pres sampl intrvl:5
#1186906 03.07.2026 18:11:27 : WRN APPLICATION : discard hrr meas l:3 d:0 sh:70 mh:70 v:0
#1186907 03.07.2026 18:11:27 : WRN WBAPI : eID-698eec(583/65535): 404
#1186908 03.07.2026 18:11:27 : EVT TRAININGZONE : User Define Mode:5
#1186909 03.07.2026 18:11:27 : EVT TRAININGZONE : Tss HR:0.15
#1186910 03.07.2026 18:11:27 : EVT TRAININGZONE : A:16,Tss:[-200.00,-200.00,-200.00,0.15]
#1186911 03.07.2026 18:11:27 : EVT TRAININGLAB : AppFeature Vo2Max 0.000000
#1186912 03.07.2026 18:11:27 : EVT TRAININGLAB : TLab:~Mode T 17490 + 4 A 4520 + 0
#1186913 03.07.2026 18:11:27 : EVT TRAININGLAB : TLab:Change mode 3->2
#1186914 03.07.2026 18:11:27 : EVT TRAININGLAB : TLab:Mode::userInfo 60, 200, 1, 37, 182, 950, 1990
#1186915 03.07.2026 18:11:27 : EVT LOGGER : LGR 934, 80
#1186916 03.07.2026 18:11:27 : EVT TRAININGLAB : ModeUnsub:9145
#1186917 03.07.2026 18:11:27 : EVT OHR : S:start 0x2123
#1186918 03.07.2026 18:11:27 : EVT TRAININGLAB : ModeSub:0400
#1186919 03.07.2026 18:11:27 : EVT ANALYTICS : WAOae:Activity WAOae:16
#1186920 03.07.2026 18:11:27 : EVT ANALYTICS : WAOae:TotalAcc WAOae:0,0,0
#1186921 03.07.2026 18:11:27 : EVT ANALYTICS : WAOae:AccCount WAOae:0,0,0
#1186922 03.07.2026 18:11:27 : EVT ANALYTICS : WAOae:Distance WAOae:0,0,0
#1186923 03.07.2026 18:11:27 : EVT ANALYTICS : WAOae:Duration WAOae:0,0,0
#1186924 03.07.2026 18:11:27 : EVT ANALYTICS : WAOae:Coeff WAOae:0,40,240,390,773,7524,7624
#1186925 03.07.2026 18:11:27 : EVT LOGGER : Exercise stopped
#1186926 03.07.2026 18:11:27 : EVT BLE : HR RR off (12800189, 20913 ms missing)
#1186927 03.07.2026 18:11:27 : EVT BLE : HR RR done
#1186928 03.07.2026 18:11:27 : EVT LOGGER : HrIbiLogger stop, off (0 ms)
#1186929 03.07.2026 18:11:27 : EVT LOGGER : HrIbiLogger stopped (0 ms)
#1186930 03.07.2026 18:11:27 : TRC GPS : Unsubd c:802b0000
#1186931 03.07.2026 18:11:27 : EVT LOGGER : LGR 934, 80
#1186932 03.07.2026 18:11:27 : EVT LOGGER : LGR 934, 80
#1186933 03.07.2026 18:11:27 : EVT ANALYTICS : SleepQ:Tracking:On
#1186934 03.07.2026 18:11:27 : EVT LOGGER : Wr dpc on
#1186935 03.07.2026 18:11:27 : EVT LOGGER : LGR 20993, 56
#1186936 03.07.2026 18:11:27 : EVT <Unknown> : 1783095087085:Meas start 0x2123
#1186937 03.07.2026 18:11:28 : EVT UI_FRAMEWORK : JS feeling vs idle 1
#1186938 03.07.2026 18:11:28 : EVT UI_FRAMEWORK : JS feeling open ex-saving
#1186939 03.07.2026 18:11:28 : TRC NAVIGATION : CG: no climb WP
#1186940 03.07.2026 18:11:28 : TRC NAVIGATION : CG:init ZoomType=0
#1186941 03.07.2026 18:11:28 : EVT NAVIGATION : initSeg Idx=0 D=1 T=0 3-0-4
#1186942 03.07.2026 18:11:28 : EVT WBSTORAGE : CACHE_DEFRAG (696->1048, 24->24, 25)
#1186943 03.07.2026 18:11:28 : EVT SPEEDFUSION : INFO # IDLE mode(-1) set
#1186944 03.07.2026 18:11:28 : EVT ALTIFUSION : AltiBaroMode:2
#1186945 03.07.2026 18:11:28 : EVT BLE : Disconn sensor:1
#1186946 03.07.2026 18:11:28 : EVT BLE : BLE Sensor Link 4800180D Disc (L-E-:00:0)
#1186947 03.07.2026 18:11:28 : WRN BLE : sendDisconnect 6157
#1186948 03.07.2026 18:11:28 : ERR BLE : [AURA]No filters left, stopping scan
#1186949 03.07.2026 18:11:29 : EVT ANALYTICS : #powersave mode:p temp:32.4
#1186950 03.07.2026 18:11:29 : EVT ANALYTICS : Battery-> 4 soc:100
#1186951 03.07.2026 18:11:31 : EVT ANALYTICS : Duration ExSaving:3541
#1186952 03.07.2026 18:11:32 : EVT ANALYTICS : Duration ExSumBroker:372
#1186953 03.07.2026 18:11:32 : EVT OHR : No HR update, invalidate by timer
#1186954 03.07.2026 18:11:36 : EVT OHR : new HR update
#1186955 03.07.2026 18:11:38 : EVT UI_FRAMEWORK : JS delete log
#1186956 03.07.2026 18:11:38 : WRN LOGGER : Delete b:logs/6A47DF1A
#1186957 03.07.2026 18:11:39 : EVT <Unknown> : 1783095099241:Off Skin Set.
#1186958 03.07.2026 18:11:40 : EVT WBSTORAGE : CACHE_DEFRAG (1024->1032, 24->24, 25)
#1186959 03.07.2026 18:11:40 : EVT APPLICATION : Zapp zwc05901:Load script
#1186960 03.07.2026 18:11:40 : EVT APPLICATION : Zapp zwc05901:Enable
#1186961 03.07.2026 18:11:40 : EVT ANALYTICS : Zapp enabled i:3 h:ddb248f2 n:zwc05901 v:124f
#1186962 03.07.2026 18:11:40 : WRN WBAPI : eID-691468(277): /Weather/Current/ValidWeatherData.temp 
#1186963 03.07.2026 18:11:42 : EVT OHR : No HR update, invalidate by timer
#1186964 03.07.2026 18:11:42 : EVT PMIC : VBUS state is ON
#1186965 03.07.2026 18:11:42 : EVT PMIC : chgCntl1:0x70
#1186966 03.07.2026 18:11:42 : EVT PMIC : check chgCntl1:0x74
#1186967 03.07.2026 18:11:42 : EVT PMIC : Turn charge ON since VBUS->ON
#1186968 03.07.2026 18:11:42 : EVT PMIC : PMIC temp zone:0x2
#1186969 03.07.2026 18:11:42 : EVT PMIC : PMIC Fast-charge constant cur
#1186970 03.07.2026 18:11:42 : EVT OHR : VBUS on
#1186971 03.07.2026 18:11:42 : EVT OHR : S:stop 23
#1186972 03.07.2026 18:11:42 : EVT <Unknown> : 1783095102899:Meas stop 0x2123
#1186973 03.07.2026 18:11:42 : WRN <Unknown> : 1783095102900:FSM EVT STOP.
#1186974 03.07.2026 18:11:42 : EVT OHR : S:OFF 1->0
#1186975 03.07.2026 18:11:43 : EVT PMIC : VBUS state is ON
#1186976 03.07.2026 18:11:44 : EVT PMIC : PMIC Maintain charge
#1186977 03.07.2026 18:11:50 : TRC FUEL_GAUGE : Chg->1,B:5,C:2.6,V:4427,U:1,bF:100%,bC:100%
#1186978 03.07.2026 18:11:51 : EVT PMIC : PMIC Maintain charge
#1186979 03.07.2026 18:11:51 : EVT ANALYTICS : Battery-> 2 soc:100
#1186980 03.07.2026 18:11:57 : EVT WBSTORAGE : CACHE_DEFRAG (904->912, 24->24, 25)
#1186981 03.07.2026 18:11:57 : EVT WBSTORAGE : CACHE_DEFRAG (880->888, 24->24, 25)
#1186982 03.07.2026 18:11:57 : EVT WBSTORAGE : CACHE_DEFRAG (840->848, 24->24, 25)
#1186983 03.07.2026 18:11:57 : EVT <Unknown> : DL Region List
#1186984 03.07.2026 18:11:57 : EVT WIFI : Pwr up
#1186985 03.07.2026 18:12:00 : EVT SEDENTARY : stop monitoring
#1186986 03.07.2026 18:12:04 : EVT WIFI : pwr up
#1186987 03.07.2026 18:12:04 : EVT WIFI : SDK Ver(3.2.8.1)
#1186988 03.07.2026 18:12:04 : EVT WIFI : Scann APs (1/3)
#1186989 03.07.2026 18:12:04 : EVT PMIC : PMIC Fast-charge constant cur
#1186990 03.07.2026 18:12:04 : EVT PMIC : PMIC Fast-charge constant cur
#1186991 03.07.2026 18:12:04 : EVT PMIC : PMIC Fast-charge constant cur
#1186992 03.07.2026 18:12:04 : EVT PMIC : PMIC Fast-charge constant cur
#1186993 03.07.2026 18:12:04 : EVT PMIC : PMIC Fast-charge constant cur
#1186994 03.07.2026 18:12:05 : EVT PMIC : PMIC Fast-charge constant cur
#1186995 03.07.2026 18:12:05 : EVT WIFI : APs scanned:13
#1186996 03.07.2026 18:12:05 : EVT WBSTORAGE : CACHE_DEFRAG (832->840, 24->24, 25)
#1186997 03.07.2026 18:12:05 : WRN WIFI : No APs matched to connect
#1186998 03.07.2026 18:12:05 : EVT WIFI : Scann APs (2/3)
#1186999 03.07.2026 18:12:05 : EVT PMIC : PMIC Fast-charge constant cur
#1187000 03.07.2026 18:12:05 : EVT PMIC : PMIC Fast-charge constant cur
#1187001 03.07.2026 18:12:06 : EVT PMIC : PMIC Fast-charge constant cur
#1187002 03.07.2026 18:12:06 : EVT WIFI : APs scanned:12
#1187003 03.07.2026 18:12:06 : WRN WIFI : No APs matched to connect
#1187004 03.07.2026 18:12:06 : EVT WIFI : Scann APs (3/3)
#1187005 03.07.2026 18:12:06 : EVT PMIC : PMIC Fast-charge constant cur
#1187006 03.07.2026 18:12:06 : EVT PMIC : PMIC Maintain charge
#1187007 03.07.2026 18:12:06 : EVT PMIC : PMIC Fast-charge constant cur
#1187008 03.07.2026 18:12:06 : EVT PMIC : PMIC Precharge
#1187009 03.07.2026 18:12:06 : EVT PMIC : PMIC Fast-charge constant cur
#1187010 03.07.2026 18:12:06 : EVT PMIC : PMIC Fast-charge constant cur
#1187011 03.07.2026 18:12:06 : EVT WIFI : APs scanned:13
#1187012 03.07.2026 18:12:06 : WRN WIFI : No APs matched to connect
#1187013 03.07.2026 18:12:06 : EVT WIFI : Internal connect ret:103
#1187014 03.07.2026 18:12:06 : ERR <Unknown> : DL GET resultCode=500
#1187015 03.07.2026 18:12:06 : EVT <Unknown> : DL try retry after 20000 ms
#1187016 03.07.2026 18:12:07 : EVT PMIC : PMIC Fast-charge constant cur
#1187017 03.07.2026 18:12:08 : EVT PMIC : PMIC Fast-charge constant cur
#1187018 03.07.2026 18:12:08 : EVT PMIC : PMIC Fast-charge constant cur
#1187019 03.07.2026 18:12:08 : EVT PMIC : PMIC Fast-charge constant cur
#1187020 03.07.2026 18:12:08 : EVT PMIC : PMIC Fast-charge constant cur
#1187021 03.07.2026 18:12:08 : EVT PMIC : PMIC Fast-charge constant cur
#1187022 03.07.2026 18:12:08 : EVT PMIC : PMIC Precharge
#1187023 03.07.2026 18:12:08 : EVT PMIC : PMIC Fast-charge constant cur
#1187024 03.07.2026 18:12:08 : EVT PMIC : PMIC Fast-charge constant cur
#1187025 03.07.2026 18:12:08 : EVT PMIC : PMIC Fast-charge constant cur
#1187026 03.07.2026 18:12:08 : EVT PMIC : PMIC Fast-charge constant cur
#1187027 03.07.2026 18:12:08 : EVT PMIC : PMIC Fast-charge constant cur
#1187028 03.07.2026 18:12:08 : EVT PMIC : PMIC Fast-charge constant cur
#1187029 03.07.2026 18:12:08 : EVT PMIC : PMIC Precharge
#1187030 03.07.2026 18:12:08 : EVT PMIC : PMIC Fast-charge constant cur
#1187031 03.07.2026 18:12:08 : EVT PMIC : PMIC Fast-charge constant cur
#1187032 03.07.2026 18:12:08 : EVT PMIC : PMIC Fast-charge constant cur
#1187033 03.07.2026 18:12:08 : EVT PMIC : PMIC Maintain charge
#1187034 03.07.2026 18:12:19 : EVT WIFI : Pwr down idle wifi (TO:13se)
#1187035 03.07.2026 18:12:19 : EVT WIFI : pwr down OK
#1187036 03.07.2026 18:12:26 : EVT <Unknown> : DL Region List
#1187037 03.07.2026 18:12:26 : EVT PMIC : PMIC Precharge
#1187038 03.07.2026 18:12:26 : EVT PMIC : PMIC Fast-charge constant cur
#1187039 03.07.2026 18:12:26 : EVT PMIC : PMIC Precharge
#1187040 03.07.2026 18:12:26 : EVT PMIC : PMIC Fast-charge constant cur
#1187041 03.07.2026 18:12:26 : EVT PMIC : PMIC Fast-charge constant cur
#1187042 03.07.2026 18:12:26 : EVT PMIC : PMIC Fast-charge constant cur
#1187043 03.07.2026 18:12:27 : EVT WIFI : Pwr up
#1187044 03.07.2026 18:12:33 : EVT WIFI : pwr up
#1187045 03.07.2026 18:12:33 : EVT WIFI : SDK Ver(3.2.8.1)
#1187046 03.07.2026 18:12:33 : WRN WIFI : No APs matched to connect
#1187047 03.07.2026 18:12:33 : EVT WIFI : Scann APs (1/3)
#1187048 03.07.2026 18:12:33 : EVT PMIC : PMIC Fast-charge constant cur
#1187049 03.07.2026 18:12:33 : EVT PMIC : PMIC Fast-charge constant cur
#1187050 03.07.2026 18:12:33 : EVT PMIC : PMIC Fast-charge constant cur
#1187051 03.07.2026 18:12:34 : EVT PMIC : PMIC Fast-charge constant cur
#1187052 03.07.2026 18:12:34 : EVT PMIC : PMIC Fast-charge constant cur
#1187053 03.07.2026 18:12:34 : EVT WIFI : APs scanned:17
#1187054 03.07.2026 18:12:34 : WRN WIFI : No APs matched to connect
#1187055 03.07.2026 18:12:34 : EVT WIFI : Scann APs (2/3)
#1187056 03.07.2026 18:12:34 : EVT PMIC : PMIC Fast-charge constant cur
#1187057 03.07.2026 18:12:34 : EVT PMIC : PMIC Fast-charge constant cur
#1187058 03.07.2026 18:12:34 : EVT PMIC : PMIC Fast-charge constant cur
#1187059 03.07.2026 18:12:34 : EVT PMIC : PMIC Fast-charge constant cur
#1187060 03.07.2026 18:12:34 : EVT PMIC : PMIC Fast-charge constant cur
#1187061 03.07.2026 18:12:35 : EVT PMIC : PMIC Fast-charge constant cur
#1187062 03.07.2026 18:12:35 : EVT PMIC : PMIC Fast-charge constant cur
#1187063 03.07.2026 18:12:35 : EVT WIFI : APs scanned:14
#1187064 03.07.2026 18:12:35 : WRN WIFI : No APs matched to connect
#1187065 03.07.2026 18:12:35 : EVT WIFI : Scann APs (3/3)
#1187066 03.07.2026 18:12:35 : EVT PMIC : PMIC Fast-charge constant cur
#1187067 03.07.2026 18:12:35 : EVT PMIC : PMIC Fast-charge constant cur
#1187068 03.07.2026 18:12:35 : EVT PMIC : PMIC Fast-charge constant cur
#1187069 03.07.2026 18:12:35 : EVT PMIC : PMIC Maintain charge
#1187070 03.07.2026 18:12:35 : EVT PMIC : PMIC Fast-charge constant cur
#1187071 03.07.2026 18:12:35 : EVT WIFI : APs scanned:14
#1187072 03.07.2026 18:12:35 : WRN WIFI : No APs matched to connect
#1187073 03.07.2026 18:12:35 : EVT WIFI : Internal connect ret:103
#1187074 03.07.2026 18:12:35 : ERR <Unknown> : DL GET resultCode=500
#1187075 03.07.2026 18:12:35 : EVT <Unknown> : DL try retry after 40000 ms
#1187076 03.07.2026 18:12:37 : EVT PMIC : PMIC Maintain charge
#1187077 03.07.2026 18:12:48 : EVT WIFI : Pwr down idle wifi (TO:13se)
#1187078 03.07.2026 18:12:48 : EVT WIFI : pwr down OK
#1187079 03.07.2026 18:12:50 : EVT PMIC : PMIC temp zone:0x7
#1187080 03.07.2026 18:12:50 : EVT PMIC : VBUS state is OFF
#1187081 03.07.2026 18:12:50 : EVT PMIC : Turn charge OFF since VBUS->OFF
#1187082 03.07.2026 18:12:50 : TRC FUEL_GAUGE : Chg->0,B:5,C:19.5,V:4438,U:0,bF:100%,bC:100%
#1187083 03.07.2026 18:12:50 : EVT OHR : VBUS off
#1187084 03.07.2026 18:12:50 : EVT OHR : S:ON 0->1
#1187085 03.07.2026 18:12:51 : EVT PMIC : PMIC temp zone:0x2
#1187086 03.07.2026 18:12:51 : EVT ANALYTICS : Battery-> 1 soc:100
#1187087 03.07.2026 18:12:51 : EVT OHR : APPINIT:caps 0x1f4, 6b738616
#1187088 03.07.2026 18:12:51 : EVT <Unknown> : 1783095171094:AI@1783095171070, tz120
#1187089 03.07.2026 18:12:51 : EVT OHR : S:start 0x2123
#1187090 03.07.2026 18:12:51 : EVT <Unknown> : 1783095171102:Meas start 0x2123
#1187091 03.07.2026 18:12:51 : EVT <Unknown> : 1783095171116:PD1464, 0
#1187092 03.07.2026 18:12:51 : EVT <Unknown> : 1783095171175:GMV 20251126/1/4/0/395/46
#1187093 03.07.2026 18:12:51 : EVT PMIC : VBUS state is ON
#1187094 03.07.2026 18:12:51 : EVT PMIC : chgCntl1:0x70
#1187095 03.07.2026 18:12:51 : EVT PMIC : check chgCntl1:0x74
#1187096 03.07.2026 18:12:51 : EVT PMIC : Turn charge ON since VBUS->ON
#1187097 03.07.2026 18:12:51 : ERR WR_MAGN : TLI493D-W2BW (FF=1 PD0=0)
#1187098 03.07.2026 18:12:51 : ERR WR_MAGN : WRMAGN:measure
#1187099 03.07.2026 18:12:51 : TRC FUEL_GAUGE : Chg->1,B:5,C:18.4,V:4438,U:1,bF:100%,bC:100%
#1187100 03.07.2026 18:12:51 : EVT PMIC : PMIC Fast-charge constant cur
#1187101 03.07.2026 18:12:51 : EVT PMIC : PMIC Fast-charge constant cur
#1187102 03.07.2026 18:12:51 : EVT OHR : VBUS on
#1187103 03.07.2026 18:12:51 : EVT PMIC : PMIC Fast-charge constant cur
#1187104 03.07.2026 18:12:51 : EVT ANALYTICS : Battery-> 2 soc:100
#1187105 03.07.2026 18:12:51 : EVT <Unknown> : 1783095171433:Mi1.6.10, auth 0, hr_mode 0
#1187106 03.07.2026 18:12:51 : EVT OHR : S:stop 23
#1187107 03.07.2026 18:12:51 : EVT <Unknown> : 1783095171437:Meas stop 0x2123
#1187108 03.07.2026 18:12:51 : EVT PMIC : PMIC Fast-charge constant cur
#1187109 03.07.2026 18:12:51 : EVT PMIC : PMIC Maintain charge
#1187110 03.07.2026 18:12:51 : EVT PMIC : PMIC Fast-charge constant cur
#1187111 03.07.2026 18:12:51 : WRN <Unknown> : 1783095171438:FSM EVT STOP.
#1187112 03.07.2026 18:12:51 : EVT OHR : S:OFF 1->0
#1187113 03.07.2026 18:12:51 : EVT PMIC : PMIC temp zone:0x7
#1187114 03.07.2026 18:12:51 : EVT PMIC : VBUS state is OFF
#1187115 03.07.2026 18:12:51 : EVT PMIC : Turn charge OFF since VBUS->OFF
#1187116 03.07.2026 18:12:51 : TRC FUEL_GAUGE : Chg->0,B:5,C:18.5,V:4438,U:0,bF:100%,bC:100%
#1187117 03.07.2026 18:12:51 : EVT OHR : VBUS off
#1187118 03.07.2026 18:12:51 : EVT OHR : S:ON 0->1
#1187119 03.07.2026 18:12:51 : EVT PMIC : VBUS state is ON
#1187120 03.07.2026 18:12:51 : EVT PMIC : chgCntl1:0x70
#1187121 03.07.2026 18:12:51 : EVT PMIC : check chgCntl1:0x74
#1187122 03.07.2026 18:12:51 : EVT PMIC : Turn charge ON since VBUS->ON
#1187123 03.07.2026 18:12:51 : ERR WR_MAGN : TLI493D-W2BW (FF=1 PD0=0)
#1187124 03.07.2026 18:12:51 : ERR WR_MAGN : WRMAGN:measure
#1187125 03.07.2026 18:12:51 : TRC FUEL_GAUGE : Chg->1,B:5,C:16.3,V:4438,U:1,bF:100%,bC:100%
#1187126 03.07.2026 18:12:51 : EVT PMIC : PMIC temp zone:0x2
#1187127 03.07.2026 18:12:51 : EVT PMIC : PMIC Fast-charge constant cur
#1187128 03.07.2026 18:12:52 : EVT OHR : VBUS on
#1187129 03.07.2026 18:12:52 : EVT ANALYTICS : Battery-> 2 soc:100
#1187130 03.07.2026 18:12:52 : EVT OHR : APPINIT:caps 0x1f4, 6b738616
#1187131 03.07.2026 18:12:52 : EVT <Unknown> : 1783095172114:AI@1783095172090, tz120
#1187132 03.07.2026 18:12:52 : EVT ANALYTICS : Battery-> 0 soc:100
#1187133 03.07.2026 18:12:52 : EVT PMIC : VBUS state is ON
#1187134 03.07.2026 18:12:52 : EVT PMIC : PMIC Fast-charge constant cur
#1187135 03.07.2026 18:12:52 : EVT PMIC : VBUS state is ON
#1187136 03.07.2026 18:12:52 : EVT PMIC : PMIC Fast-charge constant cur
#1187137 03.07.2026 18:12:52 : EVT PMIC : PMIC Fast-charge constant cur
#1187138 03.07.2026 18:12:52 : EVT PMIC : PMIC Fast-charge constant cur
#1187139 03.07.2026 18:12:52 : EVT PMIC : PMIC Fast-charge constant cur
#1187140 03.07.2026 18:12:52 : EVT PMIC : PMIC Fast-charge constant cur
#1187141 03.07.2026 18:12:52 : EVT PMIC : PMIC Fast-charge constant cur
#1187142 03.07.2026 18:12:52 : EVT PMIC : PMIC Fast-charge constant cur
#1187143 03.07.2026 18:12:52 : EVT PMIC : PMIC Precharge
#1187144 03.07.2026 18:12:52 : EVT PMIC : PMIC Fast-charge constant cur
#1187145 03.07.2026 18:12:52 : EVT PMIC : PMIC Fast-charge constant cur
#1187146 03.07.2026 18:12:52 : EVT PMIC : PMIC Fast-charge constant cur
#1187147 03.07.2026 18:12:52 : EVT PMIC : PMIC Fast-charge constant cur
#1187148 03.07.2026 18:12:52 : EVT PMIC : PMIC Fast-charge constant cur
#1187149 03.07.2026 18:12:52 : EVT PMIC : PMIC Precharge
#1187150 03.07.2026 18:12:52 : EVT PMIC : PMIC Fast-charge constant cur
#1187151 03.07.2026 18:12:52 : EVT PMIC : PMIC Precharge
#1187152 03.07.2026 18:12:52 : EVT PMIC : PMIC Fast-charge constant cur
#1187153 03.07.2026 18:12:52 : EVT <Unknown> : 1783095172127:PD1464, 0
#1187154 03.07.2026 18:12:52 : EVT <Unknown> : 1783095172195:GMV 20251126/1/4/0/395/46
#1187155 03.07.2026 18:12:52 : EVT <Unknown> : 1783095172449:Mi1.6.10, auth 0, hr_mode 0
#1187156 03.07.2026 18:12:52 : EVT OHR : S:OFF 1->0
#1187157 03.07.2026 18:12:52 : EVT PMIC : PMIC Fast-charge constant cur
#1187158 03.07.2026 18:12:52 : EVT PMIC : PMIC Fast-charge constant cur
#1187159 03.07.2026 18:12:52 : EVT PMIC : PMIC Fast-charge constant cur
#1187160 03.07.2026 18:12:52 : EVT PMIC : PMIC Fast-charge constant cur
#1187161 03.07.2026 18:12:52 : EVT PMIC : PMIC Fast-charge constant cur
#1187162 03.07.2026 18:12:52 : EVT PMIC : PMIC Fast-charge constant cur
#1187163 03.07.2026 18:12:52 : EVT PMIC : PMIC Fast-charge constant cur
#1187164 03.07.2026 18:12:52 : EVT PMIC : PMIC Fast-charge constant cur
#1187165 03.07.2026 18:12:52 : EVT PMIC : PMIC Fast-charge constant cur
#1187166 03.07.2026 18:12:52 : EVT PMIC : PMIC Fast-charge constant cur
#1187167 03.07.2026 18:12:52 : EVT PMIC : PMIC Fast-charge constant cur
#1187168 03.07.2026 18:12:52 : EVT PMIC : PMIC Fast-charge constant cur
#1187169 03.07.2026 18:12:52 : EVT PMIC : PMIC Fast-charge constant cur
#1187170 03.07.2026 18:12:53 : EVT PMIC : PMIC Maintain charge
#1187171 03.07.2026 18:13:06 : EVT <Unknown> : DL Region List
#1187172 03.07.2026 18:13:06 : EVT PMIC : PMIC Fast-charge constant cur
#1187173 03.07.2026 18:13:06 : EVT PMIC : PMIC Fast-charge constant cur
#1187174 03.07.2026 18:13:06 : EVT PMIC : PMIC Fast-charge constant cur
#1187175 03.07.2026 18:13:07 : EVT PMIC : PMIC Fast-charge constant cur
#1187176 03.07.2026 18:13:07 : EVT PMIC : PMIC Fast-charge constant cur
#1187177 03.07.2026 18:13:07 : EVT PMIC : PMIC Fast-charge constant cur
#1187178 03.07.2026 18:13:07 : EVT PMIC : PMIC Fast-charge constant cur
#1187179 03.07.2026 18:13:07 : EVT WIFI : Pwr up
#1187180 03.07.2026 18:13:09 : EVT PMIC : PMIC Maintain charge
#1187181 03.07.2026 18:13:13 : EVT WIFI : pwr up
#1187182 03.07.2026 18:13:13 : EVT WIFI : SDK Ver(3.2.8.1)
#1187183 03.07.2026 18:13:13 : EVT WIFI : Scann APs (1/3)
#1187184 03.07.2026 18:13:13 : EVT PMIC : PMIC temp zone:0x7
#1187185 03.07.2026 18:13:14 : EVT PMIC : VBUS state is OFF
#1187186 03.07.2026 18:13:14 : EVT PMIC : Turn charge OFF since VBUS->OFF
#1187187 03.07.2026 18:13:14 : TRC FUEL_GAUGE : Chg->0,B:5,C:17.5,V:4439,U:0,bF:100%,bC:100%
#1187188 03.07.2026 18:13:14 : EVT OHR : VBUS off
#1187189 03.07.2026 18:13:14 : EVT OHR : S:ON 0->1
#1187190 03.07.2026 18:13:14 : EVT WIFI : APs scanned:13
#1187191 03.07.2026 18:13:14 : WRN WIFI : No APs matched to connect
#1187192 03.07.2026 18:13:14 : EVT WIFI : Scann APs (2/3)
#1187193 03.07.2026 18:13:14 : EVT OHR : APPINIT:caps 0x1f4, 6b738616
#1187194 03.07.2026 18:13:14 : EVT <Unknown> : 1783095194545:AI@1783095194520, tz120
#1187195 03.07.2026 18:13:14 : EVT OHR : S:start 0x2123
#1187196 03.07.2026 18:13:14 : EVT ANALYTICS : Battery-> 1 soc:100
#1187197 03.07.2026 18:13:14 : EVT <Unknown> : 1783095194552:Meas start 0x2123
#1187198 03.07.2026 18:13:14 : EVT <Unknown> : 1783095194567:PD1464, 0
#1187199 03.07.2026 18:13:14 : EVT <Unknown> : 1783095194627:GMV 20251126/1/4/0/395/46
#1187200 03.07.2026 18:13:14 : EVT <Unknown> : 1783095194884:Mi1.6.10, auth 0, hr_mode 0
#1187201 03.07.2026 18:13:15 : EVT WIFI : APs scanned:16
#1187202 03.07.2026 18:13:15 : WRN WIFI : No APs matched to connect
#1187203 03.07.2026 18:13:15 : EVT WIFI : Scann APs (3/3)
#1187204 03.07.2026 18:13:15 : EVT PMIC : VBUS state is ON
#1187205 03.07.2026 18:13:15 : EVT PMIC : chgCntl1:0x70
#1187206 03.07.2026 18:13:15 : EVT PMIC : check chgCntl1:0x74
#1187207 03.07.2026 18:13:15 : EVT PMIC : Turn charge ON since VBUS->ON
#1187208 03.07.2026 18:13:15 : TRC FUEL_GAUGE : Chg->1,B:5,C:10.0,V:4439,U:1,bF:100%,bC:100%
#1187209 03.07.2026 18:13:15 : EVT PMIC : PMIC temp zone:0x2
#1187210 03.07.2026 18:13:15 : EVT PMIC : PMIC Fast-charge constant cur
#1187211 03.07.2026 18:13:15 : EVT PMIC : PMIC Fast-charge constant cur
#1187212 03.07.2026 18:13:15 : EVT OHR : VBUS on
#1187213 03.07.2026 18:13:15 : EVT OHR : S:stop 23
#1187214 03.07.2026 18:13:15 : EVT ANALYTICS : Battery-> 2 soc:100
#1187215 03.07.2026 18:13:15 : EVT <Unknown> : 1783095195723:Meas stop 0x2123
#1187216 03.07.2026 18:13:15 : EVT PMIC : PMIC Fast-charge constant cur
#1187217 03.07.2026 18:13:15 : EVT PMIC : PMIC Fast-charge constant cur
#1187218 03.07.2026 18:13:15 : EVT PMIC : PMIC Fast-charge constant cur
#1187219 03.07.2026 18:13:15 : EVT PMIC : PMIC Fast-charge constant cur
#1187220 03.07.2026 18:13:15 : EVT PMIC : PMIC Fast-charge constant cur
#1187221 03.07.2026 18:13:15 : EVT PMIC : PMIC Fast-charge constant cur
#1187222 03.07.2026 18:13:15 : EVT PMIC : PMIC Fast-charge constant cur
#1187223 03.07.2026 18:13:15 : WRN <Unknown> : 1783095195723:FSM EVT STOP.
#1187224 03.07.2026 18:13:15 : EVT OHR : S:OFF 1->0
#1187225 03.07.2026 18:13:15 : EVT PMIC : PMIC Fast-charge constant cur
#1187226 03.07.2026 18:13:15 : EVT PMIC : PMIC Fast-charge constant cur
#1187227 03.07.2026 18:13:15 : EVT PMIC : PMIC Fast-charge constant cur
#1187228 03.07.2026 18:13:15 : EVT PMIC : PMIC Fast-charge constant cur
#1187229 03.07.2026 18:13:15 : EVT PMIC : PMIC Fast-charge constant cur
#1187230 03.07.2026 18:13:15 : EVT PMIC : PMIC Precharge
#1187231 03.07.2026 18:13:15 : EVT PMIC : PMIC Fast-charge constant cur
#1187232 03.07.2026 18:13:15 : EVT PMIC : PMIC Fast-charge constant cur
#1187233 03.07.2026 18:13:15 : EVT PMIC : PMIC Fast-charge constant cur
#1187234 03.07.2026 18:13:15 : EVT PMIC : PMIC Precharge
#1187235 03.07.2026 18:13:15 : EVT PMIC : PMIC Fast-charge constant cur
#1187236 03.07.2026 18:13:15 : EVT PMIC : VBUS state is ON
#1187237 03.07.2026 18:13:15 : EVT PMIC : PMIC Fast-charge constant cur
#1187238 03.07.2026 18:13:15 : EVT PMIC : PMIC Fast-charge constant cur
#1187239 03.07.2026 18:13:16 : EVT PMIC : PMIC Precharge
#1187240 03.07.2026 18:13:16 : EVT PMIC : PMIC Fast-charge constant cur
#1187241 03.07.2026 18:13:16 : EVT PMIC : PMIC Fast-charge constant cur
#1187242 03.07.2026 18:13:16 : EVT PMIC : PMIC Fast-charge constant cur
#1187243 03.07.2026 18:13:16 : EVT PMIC : PMIC Fast-charge constant cur
#1187244 03.07.2026 18:13:16 : EVT WIFI : APs scanned:20
#1187245 03.07.2026 18:13:16 : WRN WIFI : No APs matched to connect
#1187246 03.07.2026 18:13:16 : EVT PMIC : PMIC Fast-charge constant cur
#1187247 03.07.2026 18:13:16 : EVT WIFI : Internal connect ret:103
#1187248 03.07.2026 18:13:16 : EVT PMIC : PMIC Fast-charge constant cur
#1187249 03.07.2026 18:13:16 : ERR <Unknown> : DL GET resultCode=500
#1187250 03.07.2026 18:13:16 : EVT PMIC : PMIC Fast-charge constant cur
#1187251 03.07.2026 18:13:16 : EVT <Unknown> : DL try retry after 80000 ms
#1187252 03.07.2026 18:13:16 : EVT PMIC : PMIC Precharge
#1187253 03.07.2026 18:13:16 : EVT PMIC : PMIC Fast-charge constant cur
#1187254 03.07.2026 18:13:16 : EVT PMIC : PMIC Fast-charge constant cur
#1187255 03.07.2026 18:13:16 : EVT PMIC : PMIC Precharge
#1187256 03.07.2026 18:13:16 : EVT PMIC : PMIC Fast-charge constant cur
#1187257 03.07.2026 18:13:16 : EVT PMIC : PMIC Fast-charge constant cur
#1187258 03.07.2026 18:13:16 : EVT PMIC : PMIC Fast-charge constant cur
#1187259 03.07.2026 18:13:16 : EVT PMIC : PMIC Precharge
#1187260 03.07.2026 18:13:16 : EVT PMIC : PMIC Fast-charge constant cur
#1187261 03.07.2026 18:13:16 : EVT PMIC : PMIC Precharge
#1187262 03.07.2026 18:13:16 : EVT PMIC : PMIC Fast-charge constant cur
#1187263 03.07.2026 18:13:16 : EVT PMIC : PMIC Fast-charge constant cur
#1187264 03.07.2026 18:13:16 : EVT PMIC : PMIC Fast-charge constant cur
#1187265 03.07.2026 18:13:16 : EVT PMIC : PMIC Fast-charge constant cur
#1187266 03.07.2026 18:13:16 : EVT PMIC : PMIC Fast-charge constant cur
#1187267 03.07.2026 18:13:16 : EVT PMIC : PMIC Fast-charge constant cur
#1187268 03.07.2026 18:13:16 : EVT PMIC : PMIC Fast-charge constant cur
#1187269 03.07.2026 18:13:16 : EVT PMIC : PMIC Fast-charge constant cur
#1187270 03.07.2026 18:13:16 : EVT PMIC : PMIC Fast-charge constant cur
#1187271 03.07.2026 18:13:16 : EVT PMIC : PMIC Fast-charge constant cur
#1187272 03.07.2026 18:13:16 : EVT PMIC : PMIC Precharge
#1187273 03.07.2026 18:13:16 : EVT PMIC : PMIC Fast-charge constant cur
#1187274 03.07.2026 18:13:16 : EVT PMIC : PMIC Fast-charge constant cur
#1187275 03.07.2026 18:13:16 : EVT PMIC : PMIC Precharge
#1187276 03.07.2026 18:13:16 : EVT PMIC : PMIC Fast-charge constant cur
#1187277 03.07.2026 18:13:16 : EVT PMIC : PMIC Fast-charge constant cur
#1187278 03.07.2026 18:13:16 : EVT PMIC : PMIC Fast-charge constant cur
#1187279 03.07.2026 18:13:16 : EVT PMIC : PMIC Fast-charge constant cur
#1187280 03.07.2026 18:13:16 : EVT PMIC : PMIC Fast-charge constant cur
#1187281 03.07.2026 18:13:16 : EVT PMIC : PMIC Fast-charge constant cur
#1187282 03.07.2026 18:13:16 : EVT PMIC : PMIC Fast-charge constant cur
#1187283 03.07.2026 18:13:16 : EVT PMIC : PMIC Fast-charge constant cur
#1187284 03.07.2026 18:13:16 : EVT PMIC : PMIC Fast-charge constant cur
#1187285 03.07.2026 18:13:16 : EVT PMIC : PMIC Fast-charge constant cur
#1187286 03.07.2026 18:13:16 : EVT PMIC : PMIC Fast-charge constant cur
#1187287 03.07.2026 18:13:16 : EVT PMIC : PMIC Precharge
#1187288 03.07.2026 18:13:16 : EVT PMIC : PMIC Fast-charge constant cur
#1187289 03.07.2026 18:13:16 : EVT PMIC : PMIC Fast-charge constant cur
#1187290 03.07.2026 18:13:16 : EVT PMIC : PMIC Fast-charge constant cur
#1187291 03.07.2026 18:13:16 : EVT PMIC : PMIC Fast-charge constant cur
#1187292 03.07.2026 18:13:16 : EVT PMIC : PMIC Fast-charge constant cur
#1187293 03.07.2026 18:13:16 : EVT PMIC : PMIC Fast-charge constant cur
#1187294 03.07.2026 18:13:17 : EVT PMIC : PMIC Fast-charge constant cur
#1187295 03.07.2026 18:13:17 : EVT PMIC : PMIC Maintain charge
#1187296 03.07.2026 18:13:17 : EVT PMIC : PMIC Fast-charge constant cur
#1187297 03.07.2026 18:13:17 : EVT PMIC : PMIC Fast-charge constant cur
#1187298 03.07.2026 18:13:17 : EVT WBCOMM : P-9 connection made to ECSD00000000
#1187299 03.07.2026 18:13:17 : EVT WBCOMM : New Route: ECSD00000000
#1187300 03.07.2026 18:13:17 : EVT PMIC : PMIC Fast-charge constant cur
#1187301 03.07.2026 18:13:18 : EVT PMIC : PMIC Fast-charge constant cur
#1187302 03.07.2026 18:13:18 : EVT PMIC : PMIC Maintain charge
#1187303 03.07.2026 18:13:18 : EVT PMIC : PMIC Fast-charge constant cur
#1187304 03.07.2026 18:13:19 : EVT PMIC : PMIC Fast-charge constant cur
#1187305 03.07.2026 18:13:19 : EVT PMIC : PMIC Fast-charge constant cur
#1187306 03.07.2026 18:13:20 : EVT PMIC : PMIC Fast-charge constant cur
#1187307 03.07.2026 18:13:20 : EVT PMIC : PMIC Fast-charge constant cur
#1187308 03.07.2026 18:13:20 : EVT PMIC : PMIC Fast-charge constant cur
#1187309 03.07.2026 18:13:20 : EVT PMIC : PMIC Fast-charge constant cur
#1187310 03.07.2026 18:13:20 : EVT PMIC : PMIC Fast-charge constant cur
#1187311 03.07.2026 18:13:20 : EVT PMIC : PMIC Fast-charge constant cur
#1187312 03.07.2026 18:13:20 : EVT PMIC : PMIC Fast-charge constant cur
#1187313 03.07.2026 18:13:20 : EVT PMIC : PMIC Fast-charge constant cur
#1187314 03.07.2026 18:13:20 : EVT PMIC : PMIC Precharge
#1187315 03.07.2026 18:13:20 : EVT PMIC : PMIC Fast-charge constant cur
#1187316 03.07.2026 18:13:20 : EVT PMIC : PMIC Precharge
#1187317 03.07.2026 18:13:20 : EVT PMIC : PMIC Fast-charge constant cur
#1187318 03.07.2026 18:13:20 : EVT PMIC : PMIC Fast-charge constant cur
#1187319 03.07.2026 18:13:20 : EVT PMIC : PMIC Fast-charge constant cur
#1187320 03.07.2026 18:13:20 : EVT PMIC : PMIC Precharge
#1187321 03.07.2026 18:13:20 : EVT PMIC : PMIC Fast-charge constant cur
#1187322 03.07.2026 18:13:20 : EVT PMIC : PMIC Fast-charge constant cur
#1187323 03.07.2026 18:13:20 : EVT PMIC : PMIC Fast-charge constant cur
#1187324 03.07.2026 18:13:20 : EVT PMIC : PMIC Fast-charge constant cur
#1187325 03.07.2026 18:13:20 : EVT PMIC : PMIC Fast-charge constant cur
#1187326 03.07.2026 18:13:20 : EVT PMIC : PMIC Fast-charge constant cur
#1187327 03.07.2026 18:13:20 : EVT PMIC : PMIC Fast-charge constant cur
#1187328 03.07.2026 18:13:20 : EVT PMIC : PMIC Fast-charge constant cur
#1187329 03.07.2026 18:13:20 : EVT PMIC : PMIC Fast-charge constant cur
#1187330 03.07.2026 18:13:20 : EVT PMIC : PMIC Precharge
#1187331 03.07.2026 18:13:20 : EVT PMIC : PMIC Fast-charge constant cur
#1187332 03.07.2026 18:13:20 : EVT PMIC : PMIC Fast-charge constant cur
#1187333 03.07.2026 18:13:20 : EVT PMIC : PMIC Fast-charge constant cur
#1187334 03.07.2026 18:13:20 : EVT PMIC : PMIC Fast-charge constant cur
#1187335 03.07.2026 18:13:20 : EVT PMIC : PMIC Fast-charge constant cur
#1187336 03.07.2026 18:13:20 : EVT PMIC : PMIC Fast-charge constant cur
#1187337 03.07.2026 18:13:20 : EVT PMIC : PMIC Fast-charge constant cur
#1187338 03.07.2026 18:13:20 : EVT PMIC : PMIC Fast-charge constant cur
#1187339 03.07.2026 18:13:20 : EVT PMIC : PMIC Precharge
#1187340 03.07.2026 18:13:20 : EVT PMIC : PMIC Fast-charge constant cur
#1187341 03.07.2026 18:13:20 : EVT PMIC : PMIC Fast-charge constant cur
#1187342 03.07.2026 18:13:20 : EVT PMIC : PMIC Fast-charge constant cur
#1187343 03.07.2026 18:13:20 : EVT PMIC : PMIC Precharge
#1187344 03.07.2026 18:13:20 : EVT PMIC : PMIC Fast-charge constant cur
#1187345 03.07.2026 18:13:20 : EVT PMIC : PMIC Fast-charge constant cur
#1187346 03.07.2026 18:13:20 : EVT PMIC : PMIC Fast-charge constant cur
#1187347 03.07.2026 18:13:20 : EVT PMIC : PMIC Fast-charge constant cur
#1187348 03.07.2026 18:13:20 : EVT PMIC : PMIC Fast-charge constant cur
#1187349 03.07.2026 18:13:20 : EVT PMIC : PMIC Fast-charge constant cur
#1187350 03.07.2026 18:13:20 : EVT PMIC : PMIC Fast-charge constant cur
#1187351 03.07.2026 18:13:20 : EVT PMIC : PMIC Fast-charge constant cur
#1187352 03.07.2026 18:13:20 : EVT PMIC : PMIC Fast-charge constant cur
#1187353 03.07.2026 18:13:20 : EVT PMIC : PMIC Fast-charge constant cur
#1187354 03.07.2026 18:13:20 : EVT PMIC : PMIC Fast-charge constant cur
#1187355 03.07.2026 18:13:20 : EVT PMIC : PMIC Fast-charge constant cur
#1187356 03.07.2026 18:13:20 : EVT PMIC : PMIC Fast-charge constant cur
#1187357 03.07.2026 18:13:20 : EVT PMIC : PMIC Fast-charge constant cur
#1187358 03.07.2026 18:13:20 : EVT PMIC : PMIC Fast-charge constant cur
#1187359 03.07.2026 18:13:20 : EVT PMIC : PMIC Fast-charge constant cur
#1187360 03.07.2026 18:13:20 : EVT PMIC : PMIC Fast-charge constant cur
#1187361 03.07.2026 18:13:20 : EVT PMIC : PMIC Precharge
#1187362 03.07.2026 18:13:20 : EVT PMIC : PMIC Fast-charge constant cur
#1187363 03.07.2026 18:13:20 : EVT PMIC : PMIC Fast-charge constant cur
#1187364 03.07.2026 18:13:21 : EVT PMIC : PMIC Fast-charge constant cur
#1187365 03.07.2026 18:13:21 : EVT PMIC : PMIC Fast-charge constant cur
#1187366 03.07.2026 18:13:21 : EVT PMIC : PMIC Fast-charge constant cur
#1187367 03.07.2026 18:13:21 : EVT PMIC : PMIC Fast-charge constant cur
#1187368 03.07.2026 18:13:21 : EVT PMIC : PMIC Fast-charge constant cur
#1187369 03.07.2026 18:13:21 : EVT PMIC : PMIC Precharge
#1187370 03.07.2026 18:13:21 : EVT PMIC : PMIC Fast-charge constant cur
#1187371 03.07.2026 18:13:21 : EVT PMIC : PMIC Fast-charge constant cur
#1187372 03.07.2026 18:13:21 : EVT PMIC : PMIC Fast-charge constant cur
#1187373 03.07.2026 18:13:21 : EVT PMIC : PMIC Fast-charge constant cur
#1187374 03.07.2026 18:13:21 : EVT PMIC : PMIC Fast-charge constant cur
#1187375 03.07.2026 18:13:21 : EVT PMIC : PMIC Fast-charge constant cur
#1187376 03.07.2026 18:13:21 : EVT PMIC : PMIC Fast-charge constant cur
#1187377 03.07.2026 18:13:21 : EVT PMIC : PMIC Fast-charge constant cur
#1187378 03.07.2026 18:13:21 : EVT PMIC : PMIC Fast-charge constant cur
#1187379 03.07.2026 18:13:21 : EVT PMIC : PMIC Fast-charge constant cur
#1187380 03.07.2026 18:13:21 : EVT PMIC : PMIC Precharge
#1187381 03.07.2026 18:13:21 : EVT PMIC : PMIC Fast-charge constant cur
#1187382 03.07.2026 18:13:21 : EVT PMIC : PMIC Fast-charge constant cur
#1187383 03.07.2026 18:13:21 : ERR WBMAIN : *0: app 1083 Event 36 80005310
#1187384 03.07.2026 18:13:21 : ERR WBMAIN : 1: mea 26 Wait 0 00000000
#1187385 03.07.2026 18:13:21 : ERR WBMAIN : 2: ui 353 Wait 0 00000000
#1187386 03.07.2026 18:13:21 : EVT PMIC : PMIC Precharge
#1187387 03.07.2026 18:13:21 : EVT PMIC : PMIC Fast-charge constant cur
#1187388 03.07.2026 18:13:21 : EVT PMIC : PMIC Fast-charge constant cur
#1187389 03.07.2026 18:13:21 : EVT PMIC : PMIC Fast-charge constant cur
#1187390 03.07.2026 18:13:21 : EVT PMIC : PMIC Fast-charge constant cur
#1187391 03.07.2026 18:13:21 : EVT PMIC : PMIC Fast-charge constant cur
#1187392 03.07.2026 18:13:21 : EVT PMIC : PMIC Fast-charge constant cur
#1187393 03.07.2026 18:13:21 : EVT PMIC : PMIC Fast-charge constant cur
#1187394 03.07.2026 18:13:21 : EVT PMIC : PMIC Fast-charge constant cur
#1187395 03.07.2026 18:13:21 : EVT PMIC : PMIC Fast-charge constant cur
#1187396 03.07.2026 18:13:21 : EVT PMIC : PMIC Fast-charge constant cur
#1187397 03.07.2026 18:13:21 : EVT PMIC : PMIC Fast-charge constant cur
#1187398 03.07.2026 18:13:21 : EVT PMIC : PMIC Fast-charge constant cur
#1187399 03.07.2026 18:13:21 : EVT PMIC : PMIC Fast-charge constant cur
#1187400 03.07.2026 18:13:21 : EVT PMIC : PMIC Fast-charge constant cur
#1187401 03.07.2026 18:13:21 : EVT PMIC : PMIC Fast-charge constant cur
#1187402 03.07.2026 18:13:21 : EVT PMIC : PMIC Fast-charge constant cur
#1187403 03.07.2026 18:13:21 : EVT PMIC : PMIC Fast-charge constant cur
#1187404 03.07.2026 18:13:21 : EVT PMIC : PMIC Fast-charge constant cur
#1187405 03.07.2026 18:13:21 : EVT PMIC : PMIC Fast-charge constant cur
#1187406 03.07.2026 18:13:21 : EVT PMIC : PMIC Fast-charge constant cur
#1187407 03.07.2026 18:13:21 : EVT PMIC : PMIC Fast-charge constant cur
#1187408 03.07.2026 18:13:21 : EVT PMIC : PMIC Fast-charge constant cur
#1187409 03.07.2026 18:13:21 : EVT PMIC : PMIC Fast-charge constant cur
#1187410 03.07.2026 18:13:21 : EVT PMIC : PMIC Fast-charge constant cur
#1187411 03.07.2026 18:13:21 : EVT PMIC : PMIC Precharge
#1187412 03.07.2026 18:13:21 : EVT PMIC : PMIC Fast-charge constant cur
#1187413 03.07.2026 18:13:21 : EVT PMIC : PMIC Fast-charge constant cur
#1187414 03.07.2026 18:13:21 : EVT PMIC : PMIC Fast-charge constant cur
#1187415 03.07.2026 18:13:21 : EVT PMIC : PMIC Fast-charge constant cur
#1187416 03.07.2026 18:13:21 : EVT PMIC : PMIC Fast-charge constant cur
#1187417 03.07.2026 18:13:21 : EVT PMIC : PMIC Fast-charge constant cur
#1187418 03.07.2026 18:13:21 : EVT PMIC : PMIC Fast-charge constant cur
#1187419 03.07.2026 18:13:21 : EVT PMIC : PMIC Fast-charge constant cur
#1187420 03.07.2026 18:13:21 : EVT PMIC : PMIC Fast-charge constant cur
#1187421 03.07.2026 18:13:21 : EVT PMIC : PMIC Fast-charge constant cur
#1187422 03.07.2026 18:13:21 : EVT PMIC : PMIC Fast-charge constant cur
#1187423 03.07.2026 18:13:21 : EVT PMIC : PMIC Fast-charge constant cur
#1187424 03.07.2026 18:13:21 : EVT PMIC : PMIC Fast-charge constant cur
#1187425 03.07.2026 18:13:21 : EVT PMIC : PMIC Fast-charge constant cur
#1187426 03.07.2026 18:13:21 : EVT PMIC : PMIC Fast-charge constant cur
#1187427 03.07.2026 18:13:21 : EVT PMIC : PMIC Precharge
#1187428 03.07.2026 18:13:21 : EVT PMIC : PMIC Fast-charge constant cur
#1187429 03.07.2026 18:13:21 : EVT PMIC : PMIC Fast-charge constant cur
#1187430 03.07.2026 18:13:21 : EVT PMIC : PMIC Precharge
#1187431 03.07.2026 18:13:21 : EVT PMIC : PMIC Fast-charge constant cur
#1187432 03.07.2026 18:13:21 : EVT PMIC : PMIC Precharge
#1187433 03.07.2026 18:13:21 : EVT PMIC : PMIC Fast-charge constant cur
#1187434 03.07.2026 18:13:22 : EVT PMIC : PMIC Fast-charge constant cur
#1187435 03.07.2026 18:13:22 : EVT PMIC : PMIC Fast-charge constant cur
#1187436 03.07.2026 18:13:22 : EVT PMIC : PMIC Fast-charge constant cur
#1187437 03.07.2026 18:13:22 : EVT PMIC : PMIC Fast-charge constant cur
#1187438 03.07.2026 18:13:22 : EVT PMIC : PMIC Fast-charge constant cur
#1187439 03.07.2026 18:13:22 : EVT PMIC : PMIC Fast-charge constant cur
#1187440 03.07.2026 18:13:22 : EVT PMIC : PMIC Fast-charge constant cur
#1187441 03.07.2026 18:13:22 : EVT PMIC : PMIC Fast-charge constant cur
#1187442 03.07.2026 18:13:22 : EVT PMIC : PMIC Fast-charge constant cur
#1187443 03.07.2026 18:13:22 : EVT PMIC : PMIC Fast-charge constant cur
#1187444 03.07.2026 18:13:22 : EVT PMIC : PMIC Fast-charge constant cur
#1187445 03.07.2026 18:13:22 : EVT PMIC : PMIC Fast-charge constant cur
#1187446 03.07.2026 18:13:22 : EVT PMIC : PMIC Precharge
#1187447 03.07.2026 18:13:22 : EVT PMIC : PMIC Fast-charge constant cur
#1187448 03.07.2026 18:13:22 : EVT PMIC : PMIC Fast-charge constant cur
#1187449 03.07.2026 18:13:22 : EVT PMIC : PMIC Fast-charge constant cur
#1187450 03.07.2026 18:13:22 : EVT PMIC : PMIC Fast-charge constant cur
#1187451 03.07.2026 18:13:22 : ERR WBMAIN : *0: app 880 Event 36 80005310
#1187452 03.07.2026 18:13:22 : ERR WBMAIN : 1: mea 5 Wait 0 00000000
#1187453 03.07.2026 18:13:22 : ERR WBMAIN : 2: ui 240 Wait 0 00000000
#1187454 03.07.2026 18:13:22 : EVT PMIC : PMIC Fast-charge constant cur
#1187455 03.07.2026 18:13:22 : EVT PMIC : PMIC Fast-charge constant cur
#1187456 03.07.2026 18:13:22 : EVT PMIC : PMIC Fast-charge constant cur
#1187457 03.07.2026 18:13:22 : EVT PMIC : PMIC Fast-charge constant cur
#1187458 03.07.2026 18:13:22 : EVT PMIC : PMIC Fast-charge constant cur
#1187459 03.07.2026 18:13:22 : EVT PMIC : PMIC Fast-charge constant cur
#1187460 03.07.2026 18:13:22 : EVT PMIC : PMIC Fast-charge constant cur
#1187461 03.07.2026 18:13:22 : EVT PMIC : PMIC Precharge
#1187462 03.07.2026 18:13:22 : EVT PMIC : PMIC Fast-charge constant cur
#1187463 03.07.2026 18:13:22 : EVT PMIC : PMIC Fast-charge constant cur
#1187464 03.07.2026 18:13:22 : EVT PMIC : PMIC Fast-charge constant cur
#1187465 03.07.2026 18:13:22 : EVT PMIC : PMIC Fast-charge constant cur
#1187466 03.07.2026 18:13:22 : EVT PMIC : PMIC Fast-charge constant cur
#1187467 03.07.2026 18:13:22 : EVT PMIC : PMIC Fast-charge constant cur
#1187468 03.07.2026 18:13:22 : EVT PMIC : PMIC Fast-charge constant cur
#1187469 03.07.2026 18:13:22 : EVT PMIC : PMIC Fast-charge constant cur
#1187470 03.07.2026 18:13:22 : EVT PMIC : PMIC Fast-charge constant cur
#1187471 03.07.2026 18:13:22 : EVT PMIC : PMIC Fast-charge constant cur
#1187472 03.07.2026 18:13:22 : EVT PMIC : PMIC Fast-charge constant cur
#1187473 03.07.2026 18:13:22 : EVT PMIC : PMIC Fast-charge constant cur
#1187474 03.07.2026 18:13:22 : EVT PMIC : PMIC Fast-charge constant cur
#1187475 03.07.2026 18:13:22 : EVT PMIC : PMIC Fast-charge constant cur
#1187476 03.07.2026 18:13:22 : EVT PMIC : PMIC Fast-charge constant cur
#1187477 03.07.2026 18:13:22 : EVT PMIC : PMIC Fast-charge constant cur
#1187478 03.07.2026 18:13:22 : EVT PMIC : PMIC Fast-charge constant cur
#1187479 03.07.2026 18:13:22 : EVT PMIC : PMIC Fast-charge constant cur
#1187480 03.07.2026 18:13:22 : EVT PMIC : PMIC Fast-charge constant cur
#1187481 03.07.2026 18:13:22 : EVT PMIC : PMIC Fast-charge constant cur
#1187482 03.07.2026 18:13:22 : EVT PMIC : PMIC Precharge
#1187483 03.07.2026 18:13:22 : EVT PMIC : PMIC Fast-charge constant cur
#1187484 03.07.2026 18:13:22 : EVT PMIC : PMIC Fast-charge constant cur
#1187485 03.07.2026 18:13:22 : EVT PMIC : PMIC Fast-charge constant cur
#1187486 03.07.2026 18:13:22 : EVT PMIC : PMIC Fast-charge constant cur
#1187487 03.07.2026 18:13:22 : EVT PMIC : PMIC Fast-charge constant cur
#1187488 03.07.2026 18:13:22 : EVT PMIC : PMIC Fast-charge constant cur
#1187489 03.07.2026 18:13:22 : EVT PMIC : PMIC Fast-charge constant cur
#1187490 03.07.2026 18:13:22 : EVT PMIC : PMIC Fast-charge constant cur
#1187491 03.07.2026 18:13:22 : EVT PMIC : PMIC Fast-charge constant cur
#1187492 03.07.2026 18:13:22 : EVT PMIC : PMIC Fast-charge constant cur
#1187493 03.07.2026 18:13:22 : EVT PMIC : PMIC Fast-charge constant cur
#1187494 03.07.2026 18:13:22 : EVT PMIC : PMIC Fast-charge constant cur
#1187495 03.07.2026 18:13:22 : EVT PMIC : PMIC Fast-charge constant cur
#1187496 03.07.2026 18:13:22 : EVT PMIC : PMIC Fast-charge constant cur
#1187497 03.07.2026 18:13:22 : EVT PMIC : PMIC Fast-charge constant cur
#1187498 03.07.2026 18:13:22 : EVT PMIC : PMIC Fast-charge constant cur
#1187499 03.07.2026 18:13:22 : EVT PMIC : PMIC Fast-charge constant cur
#1187500 03.07.2026 18:13:22 : EVT PMIC : PMIC Fast-charge constant cur
#1187501 03.07.2026 18:13:22 : EVT PMIC : PMIC Fast-charge constant cur
#1187502 03.07.2026 18:13:22 : EVT PMIC : PMIC Fast-charge constant cur
#1187503 03.07.2026 18:13:22 : EVT PMIC : PMIC Fast-charge constant cur
#1187504 03.07.2026 18:13:22 : EVT PMIC : PMIC Precharge
#1187505 03.07.2026 18:13:22 : EVT PMIC : PMIC Fast-charge constant cur
#1187506 03.07.2026 18:13:22 : EVT PMIC : PMIC Fast-charge constant cur
#1187507 03.07.2026 18:13:22 : EVT PMIC : PMIC Fast-charge constant cur
#1187508 03.07.2026 18:13:22 : EVT PMIC : PMIC Fast-charge constant cur
#1187509 03.07.2026 18:13:22 : EVT PMIC : PMIC Fast-charge constant cur
#1187510 03.07.2026 18:13:22 : EVT PMIC : PMIC Precharge
#1187511 03.07.2026 18:13:22 : EVT PMIC : PMIC Fast-charge constant cur
#1187512 03.07.2026 18:13:22 : EVT PMIC : PMIC Fast-charge constant cur
#1187513 03.07.2026 18:13:22 : EVT PMIC : PMIC Fast-charge constant cur
#1187514 03.07.2026 18:13:22 : EVT PMIC : PMIC Fast-charge constant cur
#1187515 03.07.2026 18:13:22 : EVT PMIC : PMIC Fast-charge constant cur
#1187516 03.07.2026 18:13:22 : EVT PMIC : PMIC Fast-charge constant cur
#1187517 03.07.2026 18:13:22 : EVT PMIC : PMIC Fast-charge constant cur
#1187518 03.07.2026 18:13:22 : EVT PMIC : PMIC Fast-charge constant cur
#1187519 03.07.2026 18:13:22 : EVT PMIC : PMIC Fast-charge constant cur
#1187520 03.07.2026 18:13:22 : EVT PMIC : PMIC Precharge
#1187521 03.07.2026 18:13:22 : EVT PMIC : PMIC Fast-charge constant cur
#1187522 03.07.2026 18:13:22 : EVT PMIC : PMIC Fast-charge constant cur
#1187523 03.07.2026 18:13:22 : EVT PMIC : PMIC Fast-charge constant cur
#1187524 03.07.2026 18:13:22 : EVT PMIC : PMIC Fast-charge constant cur
#1187525 03.07.2026 18:13:22 : EVT PMIC : PMIC Precharge
#1187526 03.07.2026 18:13:22 : EVT PMIC : PMIC Fast-charge constant cur
#1187527 03.07.2026 18:13:22 : EVT PMIC : PMIC Fast-charge constant cur
#1187528 03.07.2026 18:13:22 : EVT PMIC : PMIC Fast-charge constant cur
#1187529 03.07.2026 18:13:22 : EVT PMIC : PMIC Precharge
#1187530 03.07.2026 18:13:22 : EVT PMIC : PMIC Fast-charge constant cur
#1187531 03.07.2026 18:13:22 : EVT PMIC : PMIC Fast-charge constant cur
#1187532 03.07.2026 18:13:22 : EVT PMIC : PMIC Fast-charge constant cur
#1187533 03.07.2026 18:13:23 : EVT PMIC : PMIC Fast-charge constant cur
#1187534 03.07.2026 18:13:23 : EVT PMIC : PMIC Fast-charge constant cur
#1187535 03.07.2026 18:13:23 : EVT PMIC : PMIC Fast-charge constant cur
#1187536 03.07.2026 18:13:23 : EVT PMIC : PMIC Fast-charge constant cur
#1187537 03.07.2026 18:13:23 : EVT PMIC : PMIC Precharge
#1187538 03.07.2026 18:13:23 : EVT PMIC : PMIC Fast-charge constant cur
#1187539 03.07.2026 18:13:23 : EVT PMIC : PMIC Precharge
#1187540 03.07.2026 18:13:23 : EVT PMIC : PMIC Fast-charge constant cur
#1187541 03.07.2026 18:13:23 : EVT PMIC : PMIC Fast-charge constant cur
#1187542 03.07.2026 18:13:23 : EVT PMIC : PMIC Fast-charge constant cur
#1187543 03.07.2026 18:13:23 : EVT PMIC : PMIC Fast-charge constant cur
#1187544 03.07.2026 18:13:23 : EVT PMIC : PMIC Precharge
#1187545 03.07.2026 18:13:23 : EVT PMIC : PMIC Fast-charge constant cur
#1187546 03.07.2026 18:13:23 : EVT PMIC : PMIC Fast-charge constant cur
#1187547 03.07.2026 18:13:23 : EVT PMIC : PMIC Fast-charge constant cur
#1187548 03.07.2026 18:13:23 : EVT PMIC : PMIC Fast-charge constant cur
#1187549 03.07.2026 18:13:23 : EVT PMIC : PMIC Fast-charge constant cur
#1187550 03.07.2026 18:13:23 : EVT PMIC : PMIC Fast-charge constant cur
#1187551 03.07.2026 18:13:23 : EVT PMIC : PMIC Fast-charge constant cur
#1187552 03.07.2026 18:13:23 : EVT PMIC : PMIC Fast-charge constant cur
#1187553 03.07.2026 18:13:23 : EVT PMIC : PMIC Fast-charge constant cur
#1187554 03.07.2026 18:13:23 : EVT PMIC : PMIC Fast-charge constant cur
#1187555 03.07.2026 18:13:23 : EVT PMIC : PMIC Fast-charge constant cur
#1187556 03.07.2026 18:13:23 : EVT PMIC : PMIC Fast-charge constant cur
#1187557 03.07.2026 18:13:23 : EVT PMIC : PMIC Precharge
#1187558 03.07.2026 18:13:23 : EVT PMIC : PMIC Fast-charge constant cur
#1187559 03.07.2026 18:13:23 : EVT PMIC : PMIC Fast-charge constant cur
#1187560 03.07.2026 18:13:23 : EVT PMIC : PMIC Fast-charge constant cur
#1187561 03.07.2026 18:13:23 : EVT PMIC : PMIC Fast-charge constant cur
#1187562 03.07.2026 18:13:23 : EVT PMIC : PMIC Fast-charge constant cur
#1187563 03.07.2026 18:13:23 : EVT PMIC : PMIC Fast-charge constant cur
#1187564 03.07.2026 18:13:23 : EVT PMIC : PMIC Fast-charge constant cur
#1187565 03.07.2026 18:13:23 : EVT PMIC : PMIC Fast-charge constant cur
#1187566 03.07.2026 18:13:23 : EVT PMIC : PMIC Precharge
#1187567 03.07.2026 18:13:23 : EVT PMIC : PMIC Fast-charge constant cur
#1187568 03.07.2026 18:13:23 : EVT PMIC : PMIC Fast-charge constant cur
#1187569 03.07.2026 18:13:23 : EVT PMIC : PMIC Fast-charge constant cur
#1187570 03.07.2026 18:13:23 : EVT PMIC : PMIC Fast-charge constant cur
#1187571 03.07.2026 18:13:23 : EVT PMIC : PMIC Fast-charge constant cur
#1187572 03.07.2026 18:13:23 : EVT PMIC : PMIC Fast-charge constant cur
#1187573 03.07.2026 18:13:23 : EVT PMIC : PMIC Fast-charge constant cur
#1187574 03.07.2026 18:13:23 : EVT PMIC : PMIC Precharge
#1187575 03.07.2026 18:13:23 : EVT PMIC : PMIC Fast-charge constant cur
#1187576 03.07.2026 18:13:23 : EVT PMIC : PMIC Fast-charge constant cur
#1187577 03.07.2026 18:13:23 : EVT PMIC : PMIC Fast-charge constant cur
#1187578 03.07.2026 18:13:23 : EVT PMIC : PMIC Fast-charge constant cur
#1187579 03.07.2026 18:13:23 : EVT PMIC : PMIC Fast-charge constant cur
#1187580 03.07.2026 18:13:23 : EVT PMIC : PMIC Fast-charge constant cur
#1187581 03.07.2026 18:13:23 : EVT PMIC : PMIC Fast-charge constant cur
#1187582 03.07.2026 18:13:23 : EVT PMIC : PMIC Fast-charge constant cur
#1187583 03.07.2026 18:13:23 : EVT PMIC : PMIC Fast-charge constant cur
#1187584 03.07.2026 18:13:23 : EVT PMIC : PMIC Fast-charge constant cur
#1187585 03.07.2026 18:13:23 : EVT PMIC : PMIC Precharge
#1187586 03.07.2026 18:13:23 : EVT PMIC : PMIC Fast-charge constant cur
#1187587 03.07.2026 18:13:23 : EVT PMIC : PMIC Fast-charge constant cur
#1187588 03.07.2026 18:13:23 : EVT ANALYTICS : Sync start
#1187589 03.07.2026 18:13:23 : EVT PMIC : PMIC Fast-charge constant cur
#1187590 03.07.2026 18:13:23 : EVT PMIC : PMIC Fast-charge constant cur
#1187591 03.07.2026 18:13:23 : EVT PMIC : PMIC Fast-charge constant cur
#1187592 03.07.2026 18:13:23 : EVT PMIC : PMIC Fast-charge constant cur
#1187593 03.07.2026 18:13:23 : EVT PMIC : PMIC Fast-charge constant cur
#1187594 03.07.2026 18:13:23 : EVT PMIC : PMIC Fast-charge constant cur
#1187595 03.07.2026 18:13:23 : EVT PMIC : PMIC Fast-charge constant cur
#1187596 03.07.2026 18:13:23 : EVT PMIC : PMIC Fast-charge constant cur
#1187597 03.07.2026 18:13:23 : EVT PMIC : PMIC Fast-charge constant cur
#1187598 03.07.2026 18:13:23 : EVT PMIC : PMIC Precharge
#1187599 03.07.2026 18:13:23 : EVT PMIC : PMIC Fast-charge constant cur
#1187600 03.07.2026 18:13:23 : EVT PMIC : PMIC Fast-charge constant cur
#1187601 03.07.2026 18:13:23 : EVT PMIC : PMIC Fast-charge constant cur
#1187602 03.07.2026 18:13:23 : EVT PMIC : PMIC Fast-charge constant cur
#1187603 03.07.2026 18:13:23 : EVT PMIC : PMIC Fast-charge constant cur
#1187604 03.07.2026 18:13:23 : EVT PMIC : PMIC Fast-charge constant cur
#1187605 03.07.2026 18:13:23 : EVT PMIC : PMIC Fast-charge constant cur
#1187606 03.07.2026 18:13:23 : EVT PMIC : PMIC Fast-charge constant cur
#1187607 03.07.2026 18:13:23 : EVT PMIC : PMIC Fast-charge constant cur
#1187608 03.07.2026 18:13:23 : EVT PMIC : PMIC Fast-charge constant cur
#1187609 03.07.2026 18:13:23 : EVT PMIC : PMIC Fast-charge constant cur
#1187610 03.07.2026 18:13:23 : EVT PMIC : PMIC Fast-charge constant cur
#1187611 03.07.2026 18:13:23 : EVT PMIC : PMIC Fast-charge constant cur
#1187612 03.07.2026 18:13:23 : EVT PMIC : PMIC Precharge
#1187613 03.07.2026 18:13:23 : EVT PMIC : PMIC Fast-charge constant cur
#1187614 03.07.2026 18:13:23 : EVT PMIC : PMIC Fast-charge constant cur
#1187615 03.07.2026 18:13:23 : EVT PMIC : PMIC Fast-charge constant cur
#1187616 03.07.2026 18:13:23 : EVT PMIC : PMIC Fast-charge constant cur
#1187617 03.07.2026 18:13:23 : EVT PMIC : PMIC Fast-charge constant cur
#1187618 03.07.2026 18:13:23 : EVT PMIC : PMIC Fast-charge constant cur
#1187619 03.07.2026 18:13:23 : EVT ANALYTICS : Sync start
#1187620 03.07.2026 18:13:23 : EVT PMIC : PMIC Fast-charge constant cur
#1187621 03.07.2026 18:13:23 : EVT PMIC : PMIC Fast-charge constant cur
#1187622 03.07.2026 18:13:23 : EVT PMIC : PMIC Fast-charge constant cur
#1187623 03.07.2026 18:13:23 : EVT PMIC : PMIC Fast-charge constant cur
#1187624 03.07.2026 18:13:23 : EVT PMIC : PMIC Fast-charge constant cur
#1187625 03.07.2026 18:13:23 : EVT PMIC : PMIC Fast-charge constant cur
#1187626 03.07.2026 18:13:23 : EVT PMIC : PMIC Fast-charge constant cur
#1187627 03.07.2026 18:13:23 : EVT PMIC : PMIC Fast-charge constant cur
#1187628 03.07.2026 18:13:23 : EVT PMIC : PMIC Fast-charge constant cur
#1187629 03.07.2026 18:13:23 : EVT PMIC : PMIC Fast-charge constant cur
#1187630 03.07.2026 18:13:23 : EVT PMIC : PMIC Fast-charge constant cur
#1187631 03.07.2026 18:13:23 : EVT PMIC : PMIC Fast-charge constant cur
#1187632 03.07.2026 18:13:23 : EVT PMIC : PMIC Fast-charge constant cur
#1187633 03.07.2026 18:13:23 : EVT PMIC : PMIC Precharge
#1187634 03.07.2026 18:13:23 : EVT PMIC : PMIC Fast-charge constant cur
#1187635 03.07.2026 18:13:23 : EVT PMIC : PMIC Fast-charge constant cur
#1187636 03.07.2026 18:13:24 : EVT PMIC : PMIC Fast-charge constant cur
#1187637 03.07.2026 18:13:24 : EVT PMIC : PMIC Precharge
#1187638 03.07.2026 18:13:24 : EVT PMIC : PMIC Fast-charge constant cur
#1187639 03.07.2026 18:13:24 : EVT PMIC : PMIC Fast-charge constant cur
#1187640 03.07.2026 18:13:24 : EVT PMIC : PMIC Fast-charge constant cur
#1187641 03.07.2026 18:13:24 : EVT PMIC : PMIC Precharge
#1187642 03.07.2026 18:13:24 : EVT PMIC : PMIC Fast-charge constant cur
#1187643 03.07.2026 18:13:24 : EVT PMIC : PMIC Fast-charge constant cur
#1187644 03.07.2026 18:13:24 : EVT PMIC : PMIC Precharge
#1187645 03.07.2026 18:13:24 : EVT PMIC : PMIC Fast-charge constant cur
#1187646 03.07.2026 18:13:24 : EVT PMIC : PMIC Precharge
#1187647 03.07.2026 18:13:24 : EVT PMIC : PMIC Fast-charge constant cur
#1187648 03.07.2026 18:13:24 : EVT PMIC : PMIC Fast-charge constant cur
#1187649 03.07.2026 18:13:24 : EVT PMIC : PMIC Fast-charge constant cur
#1187650 03.07.2026 18:13:24 : EVT PMIC : PMIC Fast-charge constant cur
#1187651 03.07.2026 18:13:24 : EVT PMIC : PMIC Precharge
#1187652 03.07.2026 18:13:24 : EVT PMIC : PMIC Fast-charge constant cur
#1187653 03.07.2026 18:13:24 : EVT PMIC : PMIC Fast-charge constant cur
#1187654 03.07.2026 18:13:24 : EVT PMIC : PMIC Precharge
#1187655 03.07.2026 18:13:24 : EVT PMIC : PMIC Fast-charge constant cur
#1187656 03.07.2026 18:13:24 : EVT PMIC : PMIC Fast-charge constant cur
#1187657 03.07.2026 18:13:24 : EVT PMIC : PMIC Fast-charge constant cur
#1187658 03.07.2026 18:13:24 : EVT PMIC : PMIC Fast-charge constant cur
#1187659 03.07.2026 18:13:24 : EVT PMIC : PMIC Fast-charge constant cur
#1187660 03.07.2026 18:13:24 : EVT PMIC : PMIC Fast-charge constant cur
#1187661 03.07.2026 18:13:24 : EVT PMIC : PMIC Fast-charge constant cur
#1187662 03.07.2026 18:13:24 : EVT PMIC : PMIC Precharge
#1187663 03.07.2026 18:13:24 : EVT PMIC : PMIC Fast-charge constant cur
#1187664 03.07.2026 18:13:24 : EVT PMIC : PMIC Fast-charge constant cur
#1187665 03.07.2026 18:13:24 : EVT PMIC : PMIC Fast-charge constant cur
#1187666 03.07.2026 18:13:24 : EVT PMIC : PMIC Fast-charge constant cur
#1187667 03.07.2026 18:13:24 : EVT PMIC : PMIC Fast-charge constant cur
#1187668 03.07.2026 18:13:24 : EVT PMIC : PMIC Fast-charge constant cur
#1187669 03.07.2026 18:13:24 : EVT PMIC : PMIC Fast-charge constant cur
#1187670 03.07.2026 18:13:24 : EVT PMIC : PMIC Fast-charge constant cur
#1187671 03.07.2026 18:13:24 : EVT PMIC : PMIC Fast-charge constant cur
#1187672 03.07.2026 18:13:27 : EVT WBSTORAGE : CACHE_DEFRAG (800->808, 24->24, 25)
#1187673 03.07.2026 18:13:27 : EVT PMIC : PMIC Fast-charge constant cur
#1187674 03.07.2026 18:13:27 : EVT PMIC : PMIC Fast-charge constant cur
#1187675 03.07.2026 18:13:27 : EVT PMIC : PMIC Fast-charge constant cur
#1187676 03.07.2026 18:13:27 : EVT PMIC : PMIC Fast-charge constant cur
#1187677 03.07.2026 18:13:27 : EVT PMIC : PMIC Fast-charge constant cur
#1187678 03.07.2026 18:13:27 : TRC APPLICATION : Zapp climbl01 uninstalled
#1187679 03.07.2026 18:13:27 : EVT PMIC : PMIC Fast-charge constant cur
#1187680 03.07.2026 18:13:27 : EVT PMIC : PMIC Fast-charge constant cur
#1187681 03.07.2026 18:13:27 : EVT PMIC : PMIC Fast-charge constant cur
#1187682 03.07.2026 18:13:27 : EVT PMIC : PMIC Fast-charge constant cur
#1187683 03.07.2026 18:13:27 : EVT PMIC : PMIC Fast-charge constant cur
#1187684 03.07.2026 18:13:27 : EVT PMIC : PMIC Precharge
#1187685 03.07.2026 18:13:27 : EVT PMIC : PMIC Fast-charge constant cur
#1187686 03.07.2026 18:13:27 : EVT PMIC : PMIC Precharge
#1187687 03.07.2026 18:13:27 : EVT PMIC : PMIC Fast-charge constant cur
#1187688 03.07.2026 18:13:27 : EVT PMIC : PMIC Precharge
#1187689 03.07.2026 18:13:27 : EVT PMIC : PMIC Fast-charge constant cur
#1187690 03.07.2026 18:13:27 : EVT PMIC : PMIC Fast-charge constant cur
#1187691 03.07.2026 18:13:27 : EVT PMIC : PMIC Fast-charge constant cur
#1187692 03.07.2026 18:13:27 : EVT PMIC : PMIC Fast-charge constant cur
#1187693 03.07.2026 18:13:27 : EVT PMIC : PMIC Fast-charge constant cur
#1187694 03.07.2026 18:13:27 : EVT PMIC : PMIC Fast-charge constant cur
#1187695 03.07.2026 18:13:27 : EVT PMIC : PMIC Precharge
#1187696 03.07.2026 18:13:27 : EVT PMIC : PMIC Fast-charge constant cur
#1187697 03.07.2026 18:13:27 : EVT PMIC : PMIC Fast-charge constant cur
#1187698 03.07.2026 18:13:27 : EVT PMIC : PMIC Fast-charge constant cur
#1187699 03.07.2026 18:13:27 : EVT PMIC : PMIC Fast-charge constant cur
#1187700 03.07.2026 18:13:27 : EVT PMIC : PMIC Precharge
#1187701 03.07.2026 18:13:27 : EVT PMIC : PMIC Fast-charge constant cur
#1187702 03.07.2026 18:13:27 : EVT PMIC : PMIC Fast-charge constant cur
#1187703 03.07.2026 18:13:27 : EVT PMIC : PMIC Fast-charge constant cur
#1187704 03.07.2026 18:13:27 : EVT PMIC : PMIC Precharge
#1187705 03.07.2026 18:13:27 : EVT PMIC : PMIC Fast-charge constant cur
#1187706 03.07.2026 18:13:27 : EVT PMIC : PMIC Precharge
#1187707 03.07.2026 18:13:27 : EVT PMIC : PMIC Fast-charge constant cur
#1187708 03.07.2026 18:13:27 : EVT PMIC : PMIC Precharge
#1187709 03.07.2026 18:13:27 : EVT PMIC : PMIC Fast-charge constant cur
#1187710 03.07.2026 18:13:27 : EVT PMIC : PMIC Fast-charge constant cur
#1187711 03.07.2026 18:13:27 : EVT PMIC : PMIC Fast-charge constant cur
#1187712 03.07.2026 18:13:27 : EVT PMIC : PMIC Fast-charge constant cur
#1187713 03.07.2026 18:13:27 : EVT PMIC : PMIC Fast-charge constant cur
#1187714 03.07.2026 18:13:27 : EVT PMIC : PMIC Fast-charge constant cur
#1187715 03.07.2026 18:13:27 : EVT PMIC : PMIC Fast-charge constant cur
#1187716 03.07.2026 18:13:27 : EVT PMIC : PMIC Fast-charge constant cur
#1187717 03.07.2026 18:13:27 : EVT PMIC : PMIC Precharge
#1187718 03.07.2026 18:13:27 : EVT PMIC : PMIC Fast-charge constant cur
#1187719 03.07.2026 18:13:27 : EVT PMIC : PMIC Fast-charge constant cur
#1187720 03.07.2026 18:13:27 : EVT PMIC : PMIC Fast-charge constant cur
#1187721 03.07.2026 18:13:27 : EVT PMIC : PMIC Fast-charge constant cur
#1187722 03.07.2026 18:13:27 : EVT PMIC : PMIC Fast-charge constant cur
#1187723 03.07.2026 18:13:27 : EVT PMIC : PMIC Fast-charge constant cur
#1187724 03.07.2026 18:13:27 : EVT PMIC : PMIC Fast-charge constant cur
#1187725 03.07.2026 18:13:27 : EVT PMIC : PMIC Fast-charge constant cur
#1187726 03.07.2026 18:13:27 : EVT PMIC : PMIC Fast-charge constant cur
#1187727 03.07.2026 18:13:27 : EVT PMIC : PMIC Fast-charge constant cur
#1187728 03.07.2026 18:13:27 : EVT PMIC : PMIC Fast-charge constant cur
#1187729 03.07.2026 18:13:27 : EVT PMIC : PMIC Fast-charge constant cur
#1187730 03.07.2026 18:13:27 : EVT PMIC : PMIC Fast-charge constant cur
#1187731 03.07.2026 18:13:27 : EVT PMIC : PMIC Fast-charge constant cur
#1187732 03.07.2026 18:13:27 : EVT PMIC : PMIC Fast-charge constant cur
#1187733 03.07.2026 18:13:27 : EVT PMIC : PMIC Fast-charge constant cur
#1187734 03.07.2026 18:13:27 : EVT PMIC : PMIC Fast-charge constant cur
#1187735 03.07.2026 18:13:27 : EVT PMIC : PMIC Fast-charge constant cur
#1187736 03.07.2026 18:13:27 : EVT PMIC : PMIC Fast-charge constant cur
#1187737 03.07.2026 18:13:27 : EVT PMIC : PMIC Precharge
#1187738 03.07.2026 18:13:27 : EVT PMIC : PMIC Fast-charge constant cur
#1187739 03.07.2026 18:13:27 : EVT PMIC : PMIC Fast-charge constant cur
#1187740 03.07.2026 18:13:27 : EVT PMIC : PMIC Fast-charge constant cur
#1187741 03.07.2026 18:13:27 : EVT PMIC : PMIC Fast-charge constant cur
#1187742 03.07.2026 18:13:27 : EVT PMIC : PMIC Fast-charge constant cur
#1187743 03.07.2026 18:13:27 : EVT PMIC : PMIC Fast-charge constant cur
#1187744 03.07.2026 18:13:27 : EVT PMIC : PMIC Precharge
#1187745 03.07.2026 18:13:27 : EVT PMIC : PMIC Fast-charge constant cur
#1187746 03.07.2026 18:13:27 : EVT PMIC : PMIC Fast-charge constant cur
#1187747 03.07.2026 18:13:27 : EVT PMIC : PMIC Fast-charge constant cur
#1187748 03.07.2026 18:13:27 : EVT PMIC : PMIC Precharge
#1187749 03.07.2026 18:13:27 : EVT PMIC : PMIC Fast-charge constant cur
#1187750 03.07.2026 18:13:27 : EVT PMIC : PMIC Fast-charge constant cur
#1187751 03.07.2026 18:13:27 : EVT PMIC : PMIC Fast-charge constant cur
#1187752 03.07.2026 18:13:28 : EVT PMIC : PMIC Fast-charge constant cur
#1187753 03.07.2026 18:13:28 : EVT PMIC : PMIC Fast-charge constant cur
#1187754 03.07.2026 18:13:28 : EVT PMIC : PMIC Fast-charge constant cur
#1187755 03.07.2026 18:13:28 : EVT PMIC : PMIC Fast-charge constant cur
#1187756 03.07.2026 18:13:28 : EVT PMIC : PMIC Fast-charge constant cur
#1187757 03.07.2026 18:13:28 : EVT PMIC : PMIC Precharge
#1187758 03.07.2026 18:13:28 : EVT PMIC : PMIC Fast-charge constant cur
#1187759 03.07.2026 18:13:28 : EVT PMIC : PMIC Fast-charge constant cur
#1187760 03.07.2026 18:13:28 : EVT PMIC : PMIC Fast-charge constant cur
#1187761 03.07.2026 18:13:28 : EVT PMIC : PMIC Fast-charge constant cur
#1187762 03.07.2026 18:13:28 : EVT PMIC : PMIC Fast-charge constant cur
#1187763 03.07.2026 18:13:28 : EVT PMIC : PMIC Fast-charge constant cur
#1187764 03.07.2026 18:13:28 : EVT PMIC : PMIC Fast-charge constant cur
#1187765 03.07.2026 18:13:28 : EVT PMIC : PMIC Fast-charge constant cur
#1187766 03.07.2026 18:13:28 : EVT PMIC : PMIC Fast-charge constant cur
#1187767 03.07.2026 18:13:28 : EVT PMIC : PMIC Fast-charge constant cur
#1187768 03.07.2026 18:13:28 : EVT PMIC : PMIC Fast-charge constant cur
#1187769 03.07.2026 18:13:28 : EVT PMIC : PMIC Fast-charge constant cur
#1187770 03.07.2026 18:13:28 : EVT PMIC : PMIC Fast-charge constant cur
#1187771 03.07.2026 18:13:28 : EVT PMIC : PMIC Fast-charge constant cur
#1187772 03.07.2026 18:13:28 : EVT PMIC : PMIC Fast-charge constant cur
#1187773 03.07.2026 18:13:28 : EVT PMIC : PMIC Fast-charge constant cur
#1187774 03.07.2026 18:13:28 : EVT PMIC : PMIC Fast-charge constant cur
#1187775 03.07.2026 18:13:28 : EVT PMIC : PMIC Fast-charge constant cur
#1187776 03.07.2026 18:13:28 : EVT PMIC : PMIC Fast-charge constant cur
#1187777 03.07.2026 18:13:28 : EVT PMIC : PMIC Fast-charge constant cur
#1187778 03.07.2026 18:13:28 : EVT PMIC : PMIC Fast-charge constant cur
#1187779 03.07.2026 18:13:28 : EVT PMIC : PMIC Fast-charge constant cur
#1187780 03.07.2026 18:13:28 : EVT PMIC : PMIC Fast-charge constant cur
#1187781 03.07.2026 18:13:28 : EVT PMIC : PMIC Fast-charge constant cur
#1187782 03.07.2026 18:13:28 : EVT PMIC : PMIC Fast-charge constant cur
#1187783 03.07.2026 18:13:28 : EVT PMIC : PMIC Precharge
#1187784 03.07.2026 18:13:28 : EVT PMIC : PMIC Fast-charge constant cur
#1187785 03.07.2026 18:13:28 : EVT PMIC : PMIC Fast-charge constant cur
#1187786 03.07.2026 18:13:28 : EVT PMIC : PMIC Fast-charge constant cur
#1187787 03.07.2026 18:13:28 : EVT PMIC : PMIC Fast-charge constant cur
#1187788 03.07.2026 18:13:28 : EVT PMIC : PMIC Fast-charge constant cur
#1187789 03.07.2026 18:13:28 : EVT PMIC : PMIC Fast-charge constant cur
#1187790 03.07.2026 18:13:28 : EVT PMIC : PMIC Fast-charge constant cur
#1187791 03.07.2026 18:13:28 : EVT PMIC : PMIC Fast-charge constant cur
#1187792 03.07.2026 18:13:28 : EVT PMIC : PMIC Fast-charge constant cur
#1187793 03.07.2026 18:13:28 : EVT PMIC : PMIC Precharge
#1187794 03.07.2026 18:13:28 : EVT PMIC : PMIC Fast-charge constant cur
#1187795 03.07.2026 18:13:28 : EVT PMIC : PMIC Fast-charge constant cur
#1187796 03.07.2026 18:13:28 : EVT PMIC : PMIC Fast-charge constant cur
#1187797 03.07.2026 18:13:28 : EVT PMIC : PMIC Fast-charge constant cur
#1187798 03.07.2026 18:13:28 : EVT PMIC : PMIC Fast-charge constant cur
#1187799 03.07.2026 18:13:28 : EVT PMIC : PMIC Fast-charge constant cur
#1187800 03.07.2026 18:13:28 : EVT PMIC : PMIC Fast-charge constant cur
#1187801 03.07.2026 18:13:28 : EVT PMIC : PMIC Precharge
#1187802 03.07.2026 18:13:28 : EVT PMIC : PMIC Fast-charge constant cur
#1187803 03.07.2026 18:13:28 : EVT PMIC : PMIC Fast-charge constant cur
#1187804 03.07.2026 18:13:28 : EVT PMIC : PMIC Fast-charge constant cur
#1187805 03.07.2026 18:13:28 : EVT PMIC : PMIC Fast-charge constant cur
#1187806 03.07.2026 18:13:28 : EVT PMIC : PMIC Precharge
#1187807 03.07.2026 18:13:28 : EVT PMIC : PMIC Fast-charge constant cur
#1187808 03.07.2026 18:13:28 : EVT PMIC : PMIC Fast-charge constant cur
#1187809 03.07.2026 18:13:28 : EVT PMIC : PMIC Fast-charge constant cur
#1187810 03.07.2026 18:13:28 : EVT PMIC : PMIC Fast-charge constant cur
#1187811 03.07.2026 18:13:28 : EVT PMIC : PMIC Fast-charge constant cur
#1187812 03.07.2026 18:13:28 : EVT PMIC : PMIC Fast-charge constant cur
#1187813 03.07.2026 18:13:28 : EVT PMIC : PMIC Fast-charge constant cur
#1187814 03.07.2026 18:13:28 : EVT PMIC : PMIC Precharge
#1187815 03.07.2026 18:13:28 : EVT PMIC : PMIC Fast-charge constant cur
#1187816 03.07.2026 18:13:28 : EVT PMIC : PMIC Precharge
#1187817 03.07.2026 18:13:28 : EVT PMIC : PMIC Fast-charge constant cur
#1187818 03.07.2026 18:13:28 : EVT PMIC : PMIC Fast-charge constant cur
#1187819 03.07.2026 18:13:28 : EVT PMIC : PMIC Fast-charge constant cur
#1187820 03.07.2026 18:13:28 : EVT PMIC : PMIC Fast-charge constant cur
#1187821 03.07.2026 18:13:28 : EVT PMIC : PMIC Fast-charge constant cur
#1187822 03.07.2026 18:13:28 : EVT PMIC : PMIC Fast-charge constant cur
#1187823 03.07.2026 18:13:28 : EVT PMIC : PMIC Fast-charge constant cur
#1187824 03.07.2026 18:13:28 : EVT PMIC : PMIC Fast-charge constant cur
#1187825 03.07.2026 18:13:28 : EVT PMIC : PMIC Fast-charge constant cur
#1187826 03.07.2026 18:13:28 : EVT PMIC : PMIC Fast-charge constant cur
#1187827 03.07.2026 18:13:28 : EVT PMIC : PMIC Fast-charge constant cur
#1187828 03.07.2026 18:13:28 : EVT PMIC : PMIC Fast-charge constant cur
#1187829 03.07.2026 18:13:28 : EVT PMIC : PMIC Fast-charge constant cur
#1187830 03.07.2026 18:13:28 : EVT PMIC : PMIC Fast-charge constant cur
#1187831 03.07.2026 18:13:28 : EVT PMIC : PMIC Fast-charge constant cur
#1187832 03.07.2026 18:13:29 : EVT PMIC : PMIC Fast-charge constant cur
#1187833 03.07.2026 18:13:29 : EVT PMIC : PMIC Fast-charge constant cur
#1187834 03.07.2026 18:13:29 : EVT PMIC : PMIC Precharge
#1187835 03.07.2026 18:13:29 : EVT PMIC : PMIC Fast-charge constant cur
#1187836 03.07.2026 18:13:29 : EVT PMIC : PMIC Fast-charge constant cur
#1187837 03.07.2026 18:13:29 : EVT PMIC : PMIC Precharge
#1187838 03.07.2026 18:13:29 : EVT PMIC : PMIC Fast-charge constant cur
#1187839 03.07.2026 18:13:29 : EVT PMIC : PMIC Fast-charge constant cur
#1187840 03.07.2026 18:13:29 : EVT PMIC : PMIC Fast-charge constant cur
#1187841 03.07.2026 18:13:29 : EVT PMIC : PMIC Fast-charge constant cur
#1187842 03.07.2026 18:13:29 : ERR WBMAIN : *0: app 1847 Event 36 80005310
#1187843 03.07.2026 18:13:29 : ERR WBMAIN : 1: mea 14 Wait 0 00000000
#1187844 03.07.2026 18:13:29 : ERR WBMAIN : 2: ui 105 Wait 0 00000000
#1187845 03.07.2026 18:13:29 : EVT WIFI : Pwr down idle wifi (TO:13se)
#1187846 03.07.2026 18:13:29 : EVT WIFI : pwr down OK
#1187847 03.07.2026 18:13:29 : EVT PMIC : PMIC Fast-charge constant cur
#1187848 03.07.2026 18:13:29 : EVT PMIC : PMIC Fast-charge constant cur
#1187849 03.07.2026 18:13:29 : EVT PMIC : PMIC Fast-charge constant cur
#1187850 03.07.2026 18:13:29 : EVT PMIC : PMIC Fast-charge constant cur
#1187851 03.07.2026 18:13:29 : EVT PMIC : PMIC Fast-charge constant cur
#1187852 03.07.2026 18:13:29 : EVT PMIC : PMIC Fast-charge constant cur
#1187853 03.07.2026 18:13:29 : EVT PMIC : PMIC Fast-charge constant cur
#1187854 03.07.2026 18:13:29 : EVT PMIC : PMIC Fast-charge constant cur
#1187855 03.07.2026 18:13:29 : EVT PMIC : PMIC Fast-charge constant cur
#1187856 03.07.2026 18:13:29 : EVT PMIC : PMIC Fast-charge constant cur
#1187857 03.07.2026 18:13:29 : EVT PMIC : PMIC Fast-charge constant cur
#1187858 03.07.2026 18:13:29 : EVT PMIC : PMIC Fast-charge constant cur
#1187859 03.07.2026 18:13:29 : EVT PMIC : PMIC Fast-charge constant cur
#1187860 03.07.2026 18:13:29 : EVT PMIC : PMIC Fast-charge constant cur
#1187861 03.07.2026 18:13:29 : EVT PMIC : PMIC Fast-charge constant cur
#1187862 03.07.2026 18:13:29 : EVT PMIC : PMIC Fast-charge constant cur
#1187863 03.07.2026 18:13:29 : EVT PMIC : PMIC Fast-charge constant cur
#1187864 03.07.2026 18:13:29 : EVT PMIC : PMIC Precharge
#1187865 03.07.2026 18:13:29 : EVT PMIC : PMIC Fast-charge constant cur
#1187866 03.07.2026 18:13:29 : EVT PMIC : PMIC Precharge
#1187867 03.07.2026 18:13:29 : EVT PMIC : PMIC Fast-charge constant cur
#1187868 03.07.2026 18:13:29 : EVT PMIC : PMIC Fast-charge constant cur
#1187869 03.07.2026 18:13:29 : EVT PMIC : PMIC Fast-charge constant cur
#1187870 03.07.2026 18:13:29 : EVT PMIC : PMIC Fast-charge constant cur
#1187871 03.07.2026 18:13:29 : EVT PMIC : PMIC Fast-charge constant cur
#1187872 03.07.2026 18:13:29 : EVT PMIC : PMIC Precharge
#1187873 03.07.2026 18:13:29 : EVT PMIC : PMIC Fast-charge constant cur
#1187874 03.07.2026 18:13:29 : EVT PMIC : PMIC Fast-charge constant cur
#1187875 03.07.2026 18:13:29 : EVT PMIC : PMIC Fast-charge constant cur
#1187876 03.07.2026 18:13:29 : EVT PMIC : PMIC Fast-charge constant cur
#1187877 03.07.2026 18:13:29 : ERR WBMAIN : *0: app 746 Event 36 80005310
#1187878 03.07.2026 18:13:29 : ERR WBMAIN : 1: mea 28 Wait 0 00000000
#1187879 03.07.2026 18:13:29 : ERR WBMAIN : 2: ui 746 Wait 0 00000000
#1187880 03.07.2026 18:13:29 : EVT PMIC : PMIC Fast-charge constant cur
#1187881 03.07.2026 18:13:29 : EVT PMIC : PMIC Fast-charge constant cur
#1187882 03.07.2026 18:13:29 : EVT PMIC : PMIC Fast-charge constant cur
#1187883 03.07.2026 18:13:29 : EVT PMIC : PMIC Fast-charge constant cur
#1187884 03.07.2026 18:13:29 : EVT PMIC : PMIC Fast-charge constant cur
#1187885 03.07.2026 18:13:29 : EVT PMIC : PMIC Fast-charge constant cur
#1187886 03.07.2026 18:13:29 : EVT PMIC : PMIC Fast-charge constant cur
#1187887 03.07.2026 18:13:29 : EVT PMIC : PMIC Fast-charge constant cur
#1187888 03.07.2026 18:13:29 : EVT PMIC : PMIC Fast-charge constant cur
#1187889 03.07.2026 18:13:29 : EVT PMIC : PMIC Fast-charge constant cur
#1187890 03.07.2026 18:13:30 : EVT PMIC : PMIC Fast-charge constant cur
#1187891 03.07.2026 18:13:30 : EVT PMIC : PMIC Fast-charge constant cur
#1187892 03.07.2026 18:13:30 : EVT PMIC : PMIC Fast-charge constant cur
#1187893 03.07.2026 18:13:30 : EVT PMIC : PMIC Fast-charge constant cur
#1187894 03.07.2026 18:13:30 : EVT PMIC : PMIC Fast-charge constant cur
#1187895 03.07.2026 18:13:30 : EVT PMIC : PMIC Fast-charge constant cur
#1187896 03.07.2026 18:13:30 : EVT PMIC : PMIC Precharge
#1187897 03.07.2026 18:13:30 : EVT PMIC : PMIC Fast-charge constant cur
#1187898 03.07.2026 18:13:30 : EVT PMIC : PMIC Fast-charge constant cur
#1187899 03.07.2026 18:13:30 : EVT PMIC : PMIC Fast-charge constant cur
#1187900 03.07.2026 18:13:30 : EVT PMIC : PMIC Fast-charge constant cur
#1187901 03.07.2026 18:13:30 : EVT PMIC : PMIC Fast-charge constant cur
#1187902 03.07.2026 18:13:30 : EVT PMIC : PMIC Fast-charge constant cur
#1187903 03.07.2026 18:13:30 : EVT PMIC : PMIC Fast-charge constant cur
#1187904 03.07.2026 18:13:30 : EVT PMIC : PMIC Fast-charge constant cur
#1187905 03.07.2026 18:13:30 : EVT PMIC : PMIC Fast-charge constant cur
#1187906 03.07.2026 18:13:30 : EVT PMIC : PMIC Fast-charge constant cur
#1187907 03.07.2026 18:13:30 : EVT PMIC : PMIC Fast-charge constant cur
#1187908 03.07.2026 18:13:30 : EVT PMIC : PMIC Fast-charge constant cur
#1187909 03.07.2026 18:13:30 : EVT PMIC : PMIC Fast-charge constant cur
#1187910 03.07.2026 18:13:30 : EVT PMIC : PMIC Fast-charge constant cur
#1187911 03.07.2026 18:13:30 : EVT PMIC : PMIC Fast-charge constant cur
#1187912 03.07.2026 18:13:30 : EVT PMIC : PMIC Fast-charge constant cur
#1187913 03.07.2026 18:13:30 : EVT PMIC : PMIC Precharge
#1187914 03.07.2026 18:13:30 : EVT PMIC : PMIC Fast-charge constant cur
#1187915 03.07.2026 18:13:30 : EVT PMIC : PMIC Fast-charge constant cur
#1187916 03.07.2026 18:13:30 : EVT PMIC : PMIC Fast-charge constant cur
#1187917 03.07.2026 18:13:30 : EVT PMIC : PMIC Fast-charge constant cur
#1187918 03.07.2026 18:13:30 : EVT PMIC : PMIC Fast-charge constant cur
#1187919 03.07.2026 18:13:30 : EVT PMIC : PMIC Fast-charge constant cur
#1187920 03.07.2026 18:13:30 : EVT PMIC : PMIC Fast-charge constant cur
#1187921 03.07.2026 18:13:30 : EVT PMIC : PMIC Fast-charge constant cur
#1187922 03.07.2026 18:13:30 : EVT PMIC : PMIC Fast-charge constant cur
#1187923 03.07.2026 18:13:30 : EVT PMIC : PMIC Fast-charge constant cur
#1187924 03.07.2026 18:13:30 : EVT PMIC : PMIC Fast-charge constant cur
#1187925 03.07.2026 18:13:30 : EVT PMIC : PMIC Fast-charge constant cur
#1187926 03.07.2026 18:13:30 : EVT PMIC : PMIC Fast-charge constant cur
#1187927 03.07.2026 18:13:30 : EVT PMIC : PMIC Precharge
#1187928 03.07.2026 18:13:30 : EVT PMIC : PMIC Fast-charge constant cur
#1187929 03.07.2026 18:13:30 : EVT PMIC : PMIC Precharge
#1187930 03.07.2026 18:13:30 : EVT PMIC : PMIC Fast-charge constant cur
#1187931 03.07.2026 18:13:30 : EVT PMIC : PMIC Fast-charge constant cur
#1187932 03.07.2026 18:13:30 : EVT PMIC : PMIC Fast-charge constant cur
#1187933 03.07.2026 18:13:30 : EVT PMIC : PMIC Fast-charge constant cur
#1187934 03.07.2026 18:13:30 : EVT PMIC : PMIC Fast-charge constant cur
#1187935 03.07.2026 18:13:30 : EVT PMIC : PMIC Fast-charge constant cur
#1187936 03.07.2026 18:13:30 : EVT PMIC : PMIC Precharge
#1187937 03.07.2026 18:13:30 : EVT PMIC : PMIC Fast-charge constant cur
#1187938 03.07.2026 18:13:30 : EVT PMIC : PMIC Fast-charge constant cur
#1187939 03.07.2026 18:13:30 : EVT PMIC : PMIC Fast-charge constant cur
#1187940 03.07.2026 18:13:30 : EVT PMIC : PMIC Fast-charge constant cur
#1187941 03.07.2026 18:13:30 : EVT PMIC : PMIC Fast-charge constant cur
#1187942 03.07.2026 18:13:30 : EVT PMIC : PMIC Fast-charge constant cur
#1187943 03.07.2026 18:13:30 : EVT PMIC : PMIC Fast-charge constant cur
#1187944 03.07.2026 18:13:30 : EVT PMIC : PMIC Precharge
#1187945 03.07.2026 18:13:30 : EVT PMIC : PMIC Fast-charge constant cur
#1187946 03.07.2026 18:13:30 : EVT PMIC : PMIC Fast-charge constant cur
#1187947 03.07.2026 18:13:30 : EVT PMIC : PMIC Precharge
#1187948 03.07.2026 18:13:30 : EVT PMIC : PMIC Fast-charge constant cur
#1187949 03.07.2026 18:13:30 : EVT PMIC : PMIC Precharge
#1187950 03.07.2026 18:13:30 : EVT PMIC : PMIC Fast-charge constant cur
#1187951 03.07.2026 18:13:30 : EVT PMIC : PMIC Fast-charge constant cur
#1187952 03.07.2026 18:13:30 : EVT PMIC : PMIC Fast-charge constant cur
#1187953 03.07.2026 18:13:30 : EVT PMIC : PMIC Fast-charge constant cur
#1187954 03.07.2026 18:13:30 : EVT PMIC : PMIC Fast-charge constant cur
#1187955 03.07.2026 18:13:30 : EVT PMIC : PMIC Fast-charge constant cur
#1187956 03.07.2026 18:13:30 : EVT PMIC : PMIC Fast-charge constant cur
#1187957 03.07.2026 18:13:30 : EVT PMIC : PMIC Fast-charge constant cur
#1187958 03.07.2026 18:13:30 : EVT PMIC : PMIC Fast-charge constant cur
#1187959 03.07.2026 18:13:30 : EVT ANALYTICS : Sync start
#1187960 03.07.2026 18:13:30 : EVT PMIC : PMIC Fast-charge constant cur
#1187961 03.07.2026 18:13:30 : EVT PMIC : PMIC Fast-charge constant cur
#1187962 03.07.2026 18:13:30 : EVT PMIC : PMIC Fast-charge constant cur
#1187963 03.07.2026 18:13:30 : EVT PMIC : PMIC Fast-charge constant cur
#1187964 03.07.2026 18:13:30 : EVT PMIC : PMIC Precharge
#1187965 03.07.2026 18:13:31 : EVT PMIC : PMIC Fast-charge constant cur
#1187966 03.07.2026 18:13:31 : EVT PMIC : PMIC Fast-charge constant cur
#1187967 03.07.2026 18:13:31 : EVT PMIC : PMIC Fast-charge constant cur
#1187968 03.07.2026 18:13:31 : EVT PMIC : PMIC Fast-charge constant cur
#1187969 03.07.2026 18:13:31 : EVT PMIC : PMIC Precharge
#1187970 03.07.2026 18:13:31 : EVT PMIC : PMIC Fast-charge constant cur
#1187971 03.07.2026 18:13:31 : EVT PMIC : PMIC Fast-charge constant cur
#1187972 03.07.2026 18:13:31 : EVT PMIC : PMIC Fast-charge constant cur
#1187973 03.07.2026 18:13:31 : EVT PMIC : PMIC Fast-charge constant cur
#1187974 03.07.2026 18:13:31 : EVT PMIC : PMIC Fast-charge constant cur
#1187975 03.07.2026 18:13:31 : EVT PMIC : PMIC Fast-charge constant cur
#1187976 03.07.2026 18:13:31 : EVT PMIC : PMIC Fast-charge constant cur
#1187977 03.07.2026 18:13:31 : EVT PMIC : PMIC Fast-charge constant cur
#1187978 03.07.2026 18:13:31 : EVT PMIC : PMIC Fast-charge constant cur
#1187979 03.07.2026 18:13:31 : EVT PMIC : PMIC Fast-charge constant cur
#1187980 03.07.2026 18:13:31 : EVT PMIC : PMIC Fast-charge constant cur
#1187981 03.07.2026 18:13:31 : EVT PMIC : PMIC Fast-charge constant cur
#1187982 03.07.2026 18:13:31 : EVT PMIC : PMIC Fast-charge constant cur
#1187983 03.07.2026 18:13:31 : EVT PMIC : PMIC Fast-charge constant cur
#1187984 03.07.2026 18:13:31 : EVT PMIC : PMIC Fast-charge constant cur
#1187985 03.07.2026 18:13:31 : EVT PMIC : PMIC Fast-charge constant cur
#1187986 03.07.2026 18:13:31 : EVT PMIC : PMIC Fast-charge constant cur
#1187987 03.07.2026 18:13:31 : EVT PMIC : PMIC Fast-charge constant cur
#1187988 03.07.2026 18:13:31 : EVT PMIC : PMIC Fast-charge constant cur
#1187989 03.07.2026 18:13:31 : EVT PMIC : PMIC Fast-charge constant cur
#1187990 03.07.2026 18:13:31 : EVT PMIC : PMIC Fast-charge constant cur
#1187991 03.07.2026 18:13:31 : EVT PMIC : PMIC Fast-charge constant cur
#1187992 03.07.2026 18:13:31 : EVT PMIC : PMIC Fast-charge constant cur
#1187993 03.07.2026 18:13:31 : EVT PMIC : PMIC Fast-charge constant cur
#1187994 03.07.2026 18:13:31 : EVT PMIC : PMIC Fast-charge constant cur
#1187995 03.07.2026 18:13:31 : EVT ANALYTICS : Sync start
#1187996 03.07.2026 18:13:31 : EVT PMIC : PMIC Fast-charge constant cur
#1187997 03.07.2026 18:13:31 : EVT PMIC : PMIC Precharge
#1187998 03.07.2026 18:13:31 : EVT PMIC : PMIC Fast-charge constant cur
#1187999 03.07.2026 18:13:31 : EVT PMIC : PMIC Fast-charge constant cur
#1188000 03.07.2026 18:13:31 : EVT PMIC : PMIC Fast-charge constant cur
#1188001 03.07.2026 18:13:31 : EVT PMIC : PMIC Precharge
#1188002 03.07.2026 18:13:31 : EVT PMIC : PMIC Fast-charge constant cur
#1188003 03.07.2026 18:13:31 : EVT PMIC : PMIC Fast-charge constant cur
#1188004 03.07.2026 18:13:31 : EVT PMIC : PMIC Fast-charge constant cur
#1188005 03.07.2026 18:13:31 : EVT PMIC : PMIC Fast-charge constant cur
#1188006 03.07.2026 18:13:31 : EVT PMIC : PMIC Precharge
#1188007 03.07.2026 18:13:31 : EVT PMIC : PMIC Fast-charge constant cur
#1188008 03.07.2026 18:13:31 : EVT PMIC : PMIC Fast-charge constant cur
#1188009 03.07.2026 18:13:31 : EVT PMIC : PMIC Fast-charge constant cur
#1188010 03.07.2026 18:13:31 : EVT PMIC : PMIC Fast-charge constant cur
#1188011 03.07.2026 18:13:31 : EVT PMIC : PMIC Fast-charge constant cur
#1188012 03.07.2026 18:13:31 : EVT PMIC : PMIC Fast-charge constant cur
#1188013 03.07.2026 18:13:31 : EVT PMIC : PMIC Fast-charge constant cur
#1188014 03.07.2026 18:13:31 : EVT PMIC : PMIC Precharge
#1188015 03.07.2026 18:13:31 : EVT PMIC : PMIC Fast-charge constant cur
#1188016 03.07.2026 18:13:31 : EVT PMIC : PMIC Fast-charge constant cur
#1188017 03.07.2026 18:13:31 : EVT PMIC : PMIC Fast-charge constant cur
#1188018 03.07.2026 18:13:31 : EVT PMIC : PMIC Fast-charge constant cur
#1188019 03.07.2026 18:13:31 : EVT PMIC : PMIC Fast-charge constant cur
#1188020 03.07.2026 18:13:31 : EVT PMIC : PMIC Fast-charge constant cur
#1188021 03.07.2026 18:13:31 : EVT PMIC : PMIC Fast-charge constant cur
#1188022 03.07.2026 18:13:31 : EVT PMIC : PMIC Fast-charge constant cur
#1188023 03.07.2026 18:13:31 : EVT PMIC : PMIC Fast-charge constant cur
#1188024 03.07.2026 18:13:31 : EVT PMIC : PMIC Fast-charge constant cur
#1188025 03.07.2026 18:13:31 : EVT PMIC : PMIC Fast-charge constant cur
#1188026 03.07.2026 18:13:31 : EVT PMIC : PMIC Fast-charge constant cur
#1188027 03.07.2026 18:13:31 : EVT PMIC : PMIC Fast-charge constant cur
#1188028 03.07.2026 18:13:31 : EVT PMIC : PMIC Fast-charge constant cur
#1188029 03.07.2026 18:13:31 : EVT PMIC : PMIC Fast-charge constant cur
#1188030 03.07.2026 18:13:31 : EVT PMIC : PMIC Fast-charge constant cur
#1188031 03.07.2026 18:13:32 : EVT PMIC : PMIC Maintain charge
#1188032 03.07.2026 18:13:34 : EVT PMIC : PMIC Fast-charge constant cur
#1188033 03.07.2026 18:13:34 : EVT PMIC : PMIC Fast-charge constant cur
#1188034 03.07.2026 18:13:34 : EVT PMIC : PMIC Fast-charge constant cur
#1188035 03.07.2026 18:13:34 : EVT PMIC : PMIC Fast-charge constant cur
#1188036 03.07.2026 18:13:34 : EVT PMIC : PMIC Fast-charge constant cur
#1188037 03.07.2026 18:13:34 : EVT PMIC : PMIC Fast-charge constant cur
#1188038 03.07.2026 18:13:34 : EVT PMIC : PMIC Fast-charge constant cur
#1188039 03.07.2026 18:13:34 : EVT PMIC : PMIC Fast-charge constant cur
#1188040 03.07.2026 18:13:34 : EVT PMIC : PMIC Fast-charge constant cur
#1188041 03.07.2026 18:13:34 : EVT PMIC : PMIC Fast-charge constant cur
#1188042 03.07.2026 18:13:34 : EVT PMIC : PMIC Fast-charge constant cur
#1188043 03.07.2026 18:13:34 : EVT PMIC : PMIC Fast-charge constant cur
#1188044 03.07.2026 18:13:34 : EVT PMIC : PMIC Fast-charge constant cur
#1188045 03.07.2026 18:13:34 : EVT PMIC : PMIC Fast-charge constant cur
#1188046 03.07.2026 18:13:34 : EVT PMIC : PMIC Fast-charge constant cur
#1188047 03.07.2026 18:13:34 : EVT PMIC : PMIC Fast-charge constant cur
#1188048 03.07.2026 18:13:34 : EVT PMIC : PMIC Fast-charge constant cur
#1188049 03.07.2026 18:13:34 : EVT PMIC : PMIC Fast-charge constant cur
#1188050 03.07.2026 18:13:34 : EVT PMIC : PMIC Fast-charge constant cur
#1188051 03.07.2026 18:13:34 : EVT PMIC : PMIC Fast-charge constant cur
#1188052 03.07.2026 18:13:34 : EVT PMIC : PMIC Fast-charge constant cur
#1188053 03.07.2026 18:13:34 : EVT PMIC : PMIC Fast-charge constant cur
#1188054 03.07.2026 18:13:34 : EVT PMIC : PMIC Fast-charge constant cur
#1188055 03.07.2026 18:13:34 : EVT PMIC : PMIC Fast-charge constant cur
#1188056 03.07.2026 18:13:34 : EVT PMIC : PMIC Fast-charge constant cur
#1188057 03.07.2026 18:13:34 : EVT PMIC : PMIC Fast-charge constant cur
#1188058 03.07.2026 18:13:34 : EVT PMIC : PMIC Fast-charge constant cur
#1188059 03.07.2026 18:13:34 : EVT PMIC : PMIC Precharge
#1188060 03.07.2026 18:13:34 : EVT PMIC : PMIC Fast-charge constant cur
#1188061 03.07.2026 18:13:34 : EVT PMIC : PMIC Fast-charge constant cur
#1188062 03.07.2026 18:13:34 : EVT PMIC : PMIC Fast-charge constant cur
#1188063 03.07.2026 18:13:34 : EVT PMIC : PMIC Fast-charge constant cur
#1188064 03.07.2026 18:13:34 : EVT PMIC : PMIC Precharge
#1188065 03.07.2026 18:13:34 : EVT PMIC : PMIC Fast-charge constant cur
#1188066 03.07.2026 18:13:34 : EVT PMIC : PMIC Fast-charge constant cur
#1188067 03.07.2026 18:13:34 : EVT PMIC : PMIC Fast-charge constant cur
#1188068 03.07.2026 18:13:34 : EVT PMIC : PMIC Fast-charge constant cur
#1188069 03.07.2026 18:13:34 : EVT PMIC : PMIC Fast-charge constant cur
#1188070 03.07.2026 18:13:34 : EVT PMIC : PMIC Fast-charge constant cur
#1188071 03.07.2026 18:13:34 : EVT PMIC : PMIC Fast-charge constant cur
#1188072 03.07.2026 18:13:34 : EVT PMIC : PMIC Fast-charge constant cur
#1188073 03.07.2026 18:13:34 : EVT PMIC : PMIC Fast-charge constant cur
#1188074 03.07.2026 18:13:34 : EVT PMIC : PMIC Fast-charge constant cur
#1188075 03.07.2026 18:13:34 : EVT PMIC : PMIC Precharge
#1188076 03.07.2026 18:13:34 : EVT PMIC : PMIC Fast-charge constant cur
#1188077 03.07.2026 18:13:34 : EVT PMIC : PMIC Fast-charge constant cur
#1188078 03.07.2026 18:13:34 : EVT PMIC : PMIC Fast-charge constant cur
#1188079 03.07.2026 18:13:34 : EVT PMIC : PMIC Fast-charge constant cur
#1188080 03.07.2026 18:13:34 : EVT PMIC : PMIC Fast-charge constant cur
#1188081 03.07.2026 18:13:34 : EVT PMIC : PMIC Fast-charge constant cur
#1188082 03.07.2026 18:13:34 : EVT PMIC : PMIC Fast-charge constant cur
#1188083 03.07.2026 18:13:34 : EVT PMIC : PMIC Fast-charge constant cur
#1188084 03.07.2026 18:13:34 : EVT PMIC : PMIC Fast-charge constant cur
#1188085 03.07.2026 18:13:34 : EVT PMIC : PMIC Fast-charge constant cur
#1188086 03.07.2026 18:13:34 : EVT PMIC : PMIC Fast-charge constant cur
#1188087 03.07.2026 18:13:34 : EVT PMIC : PMIC Fast-charge constant cur
#1188088 03.07.2026 18:13:34 : EVT PMIC : PMIC Fast-charge constant cur
#1188089 03.07.2026 18:13:34 : EVT PMIC : PMIC Fast-charge constant cur
#1188090 03.07.2026 18:13:34 : EVT PMIC : PMIC Fast-charge constant cur
#1188091 03.07.2026 18:13:34 : EVT PMIC : PMIC Fast-charge constant cur
#1188092 03.07.2026 18:13:34 : EVT PMIC : PMIC Fast-charge constant voltage
#1188093 03.07.2026 18:13:34 : EVT PMIC : PMIC Fast-charge constant cur
#1188094 03.07.2026 18:13:34 : EVT PMIC : PMIC Fast-charge constant cur
#1188095 03.07.2026 18:13:34 : EVT PMIC : PMIC Fast-charge constant cur
#1188096 03.07.2026 18:13:34 : EVT PMIC : PMIC Fast-charge constant cur
#1188097 03.07.2026 18:13:34 : EVT PMIC : PMIC Fast-charge constant cur
#1188098 03.07.2026 18:13:34 : EVT PMIC : PMIC Fast-charge constant cur
#1188099 03.07.2026 18:13:34 : EVT PMIC : PMIC Fast-charge constant cur
#1188100 03.07.2026 18:13:34 : EVT PMIC : PMIC Fast-charge constant cur
#1188101 03.07.2026 18:13:35 : EVT PMIC : PMIC Fast-charge constant cur
#1188102 03.07.2026 18:13:35 : EVT PMIC : PMIC Fast-charge constant cur
#1188103 03.07.2026 18:13:35 : EVT PMIC : PMIC Fast-charge constant cur
#1188104 03.07.2026 18:13:35 : EVT PMIC : PMIC Precharge
#1188105 03.07.2026 18:13:35 : EVT PMIC : PMIC Fast-charge constant cur
#1188106 03.07.2026 18:13:35 : EVT PMIC : PMIC Precharge
#1188107 03.07.2026 18:13:35 : EVT PMIC : PMIC Fast-charge constant cur
#1188108 03.07.2026 18:13:35 : EVT PMIC : PMIC Fast-charge constant cur
#1188109 03.07.2026 18:13:35 : EVT PMIC : PMIC Fast-charge constant cur
#1188110 03.07.2026 18:13:35 : EVT PMIC : PMIC Fast-charge constant cur
#1188111 03.07.2026 18:13:35 : EVT APPLICATION : Plugin climbl01.zip as type:[2]
#1188112 03.07.2026 18:13:35 : EVT PMIC : PMIC Fast-charge constant cur
#1188113 03.07.2026 18:13:35 : EVT PMIC : PMIC Fast-charge constant cur
#1188114 03.07.2026 18:13:35 : EVT PMIC : PMIC Fast-charge constant cur
#1188115 03.07.2026 18:13:35 : EVT PMIC : PMIC Fast-charge constant cur
#1188116 03.07.2026 18:13:35 : EVT PMIC : PMIC Fast-charge constant cur
#1188117 03.07.2026 18:13:35 : EVT PMIC : PMIC Fast-charge constant cur
#1188118 03.07.2026 18:13:35 : EVT PMIC : PMIC Precharge
#1188119 03.07.2026 18:13:35 : EVT PMIC : PMIC Fast-charge constant cur
#1188120 03.07.2026 18:13:35 : EVT PMIC : PMIC Fast-charge constant cur
#1188121 03.07.2026 18:13:35 : EVT PMIC : PMIC Fast-charge constant cur
#1188122 03.07.2026 18:13:35 : EVT PMIC : PMIC Fast-charge constant cur
#1188123 03.07.2026 18:13:35 : EVT PMIC : PMIC Fast-charge constant cur
#1188124 03.07.2026 18:13:35 : EVT PMIC : PMIC Fast-charge constant cur
#1188125 03.07.2026 18:13:35 : EVT PMIC : PMIC Fast-charge constant cur
#1188126 03.07.2026 18:13:35 : EVT PMIC : PMIC Fast-charge constant cur
#1188127 03.07.2026 18:13:35 : EVT PMIC : PMIC Fast-charge constant cur
#1188128 03.07.2026 18:13:35 : EVT PMIC : PMIC Fast-charge constant cur
#1188129 03.07.2026 18:13:35 : EVT PMIC : PMIC Fast-charge constant cur
#1188130 03.07.2026 18:13:35 : EVT PMIC : PMIC Fast-charge constant cur
#1188131 03.07.2026 18:13:35 : EVT PMIC : PMIC Precharge
#1188132 03.07.2026 18:13:35 : EVT PMIC : PMIC Fast-charge constant cur
#1188133 03.07.2026 18:13:35 : EVT PMIC : PMIC Fast-charge constant cur
#1188134 03.07.2026 18:13:35 : EVT PMIC : PMIC Fast-charge constant cur
#1188135 03.07.2026 18:13:35 : EVT PMIC : PMIC Fast-charge constant cur
#1188136 03.07.2026 18:13:35 : EVT PMIC : PMIC Fast-charge constant cur
#1188137 03.07.2026 18:13:35 : EVT PMIC : PMIC Fast-charge constant cur
#1188138 03.07.2026 18:13:35 : EVT PMIC : PMIC Fast-charge constant cur
#1188139 03.07.2026 18:13:35 : EVT PMIC : PMIC Fast-charge constant cur
#1188140 03.07.2026 18:13:35 : EVT PMIC : PMIC Fast-charge constant cur
#1188141 03.07.2026 18:13:35 : EVT PMIC : PMIC Fast-charge constant cur
#1188142 03.07.2026 18:13:35 : EVT PMIC : PMIC Fast-charge constant cur
#1188143 03.07.2026 18:13:35 : EVT PMIC : PMIC Fast-charge constant cur
#1188144 03.07.2026 18:13:35 : EVT PMIC : PMIC Precharge
#1188145 03.07.2026 18:13:35 : EVT PMIC : PMIC Fast-charge constant cur
#1188146 03.07.2026 18:13:35 : EVT PMIC : PMIC Fast-charge constant cur
#1188147 03.07.2026 18:13:35 : EVT PMIC : PMIC Fast-charge constant cur
#1188148 03.07.2026 18:13:35 : EVT PMIC : PMIC Fast-charge constant cur
#1188149 03.07.2026 18:13:35 : EVT PMIC : PMIC Fast-charge constant cur
#1188150 03.07.2026 18:13:35 : EVT PMIC : PMIC Fast-charge constant cur
#1188151 03.07.2026 18:13:35 : EVT PMIC : PMIC Fast-charge constant cur
#1188152 03.07.2026 18:13:35 : EVT PMIC : PMIC Precharge
#1188153 03.07.2026 18:13:35 : EVT PMIC : PMIC Fast-charge constant cur
#1188154 03.07.2026 18:13:35 : EVT PMIC : PMIC Fast-charge constant cur
#1188155 03.07.2026 18:13:35 : EVT PMIC : PMIC Fast-charge constant cur
#1188156 03.07.2026 18:13:35 : EVT PMIC : PMIC Fast-charge constant cur
#1188157 03.07.2026 18:13:35 : EVT PMIC : PMIC Fast-charge constant cur
#1188158 03.07.2026 18:13:35 : EVT PMIC : PMIC Fast-charge constant cur
#1188159 03.07.2026 18:13:35 : EVT PMIC : PMIC Fast-charge constant cur
#1188160 03.07.2026 18:13:35 : EVT PMIC : PMIC Fast-charge constant cur
#1188161 03.07.2026 18:13:35 : EVT PMIC : PMIC Precharge
#1188162 03.07.2026 18:13:35 : EVT PMIC : PMIC Fast-charge constant cur
#1188163 03.07.2026 18:13:35 : EVT PMIC : PMIC Fast-charge constant cur
#1188164 03.07.2026 18:13:35 : EVT PMIC : PMIC Fast-charge constant cur
#1188165 03.07.2026 18:13:35 : EVT PMIC : PMIC Fast-charge constant cur
#1188166 03.07.2026 18:13:35 : EVT PMIC : PMIC Fast-charge constant cur
#1188167 03.07.2026 18:13:35 : EVT PMIC : PMIC Fast-charge constant cur
#1188168 03.07.2026 18:13:35 : EVT PMIC : PMIC Fast-charge constant cur
#1188169 03.07.2026 18:13:35 : EVT PMIC : PMIC Fast-charge constant cur
#1188170 03.07.2026 18:13:35 : EVT PMIC : PMIC Fast-charge constant cur
#1188171 03.07.2026 18:13:35 : EVT PMIC : PMIC Precharge
#1188172 03.07.2026 18:13:35 : EVT PMIC : PMIC Fast-charge constant cur
#1188173 03.07.2026 18:13:36 : EVT PMIC : PMIC Fast-charge constant cur
#1188174 03.07.2026 18:13:36 : EVT PMIC : PMIC Fast-charge constant cur
#1188175 03.07.2026 18:13:36 : EVT PMIC : PMIC Fast-charge constant cur
#1188176 03.07.2026 18:13:36 : EVT PMIC : PMIC Fast-charge constant cur
#1188177 03.07.2026 18:13:36 : EVT PMIC : PMIC Fast-charge constant cur
#1188178 03.07.2026 18:13:36 : EVT PMIC : PMIC Fast-charge constant cur
#1188179 03.07.2026 18:13:36 : EVT PMIC : PMIC Fast-charge constant cur
#1188180 03.07.2026 18:13:36 : EVT PMIC : PMIC Fast-charge constant cur
#1188181 03.07.2026 18:13:36 : EVT PMIC : PMIC Fast-charge constant cur
#1188182 03.07.2026 18:13:36 : EVT PMIC : PMIC Fast-charge constant cur
#1188183 03.07.2026 18:13:36 : EVT PMIC : PMIC Fast-charge constant cur
#1188184 03.07.2026 18:13:36 : EVT PMIC : PMIC Precharge
#1188185 03.07.2026 18:13:36 : EVT PMIC : PMIC Fast-charge constant cur
#1188186 03.07.2026 18:13:36 : EVT PMIC : PMIC Precharge
#1188187 03.07.2026 18:13:36 : EVT PMIC : PMIC Fast-charge constant cur
#1188188 03.07.2026 18:13:36 : EVT PMIC : PMIC Fast-charge constant cur
#1188189 03.07.2026 18:13:36 : EVT PMIC : PMIC Precharge
#1188190 03.07.2026 18:13:36 : EVT PMIC : PMIC Fast-charge constant cur
#1188191 03.07.2026 18:13:36 : EVT PMIC : PMIC Fast-charge constant cur
#1188192 03.07.2026 18:13:36 : EVT PMIC : PMIC Fast-charge constant cur
#1188193 03.07.2026 18:13:36 : EVT PMIC : PMIC Fast-charge constant cur
#1188194 03.07.2026 18:13:36 : EVT PMIC : PMIC Fast-charge constant cur
#1188195 03.07.2026 18:13:36 : EVT PMIC : PMIC Fast-charge constant cur
#1188196 03.07.2026 18:13:36 : EVT PMIC : PMIC Fast-charge constant cur
#1188197 03.07.2026 18:13:36 : EVT PMIC : PMIC Fast-charge constant cur
#1188198 03.07.2026 18:13:36 : EVT PMIC : PMIC Fast-charge constant cur
#1188199 03.07.2026 18:13:36 : EVT PMIC : PMIC Fast-charge constant cur
#1188200 03.07.2026 18:13:36 : EVT PMIC : PMIC Fast-charge constant cur
#1188201 03.07.2026 18:13:36 : EVT PMIC : PMIC Fast-charge constant cur
#1188202 03.07.2026 18:13:36 : EVT PMIC : PMIC Precharge
#1188203 03.07.2026 18:13:36 : EVT PMIC : PMIC Fast-charge constant cur
#1188204 03.07.2026 18:13:36 : EVT PMIC : PMIC Fast-charge constant cur
#1188205 03.07.2026 18:13:36 : EVT PMIC : PMIC Fast-charge constant cur
#1188206 03.07.2026 18:13:36 : EVT PMIC : PMIC Fast-charge constant cur
#1188207 03.07.2026 18:13:36 : EVT PMIC : PMIC Fast-charge constant cur
#1188208 03.07.2026 18:13:36 : EVT PMIC : PMIC Fast-charge constant cur
#1188209 03.07.2026 18:13:36 : EVT PMIC : PMIC Fast-charge constant cur
#1188210 03.07.2026 18:13:36 : EVT PMIC : PMIC Precharge
#1188211 03.07.2026 18:13:36 : EVT PMIC : PMIC Fast-charge constant cur
#1188212 03.07.2026 18:13:36 : EVT PMIC : PMIC Precharge
#1188213 03.07.2026 18:13:36 : EVT PMIC : PMIC Fast-charge constant cur
#1188214 03.07.2026 18:13:36 : EVT PMIC : PMIC Fast-charge constant cur
#1188215 03.07.2026 18:13:36 : EVT PMIC : PMIC Fast-charge constant cur
#1188216 03.07.2026 18:13:36 : EVT PMIC : PMIC Fast-charge constant cur
#1188217 03.07.2026 18:13:36 : EVT PMIC : PMIC Fast-charge constant cur
#1188218 03.07.2026 18:13:36 : EVT PMIC : PMIC Fast-charge constant cur
#1188219 03.07.2026 18:13:36 : EVT PMIC : PMIC Fast-charge constant cur
#1188220 03.07.2026 18:13:36 : EVT PMIC : PMIC Fast-charge constant cur
#1188221 03.07.2026 18:13:36 : EVT PMIC : PMIC Fast-charge constant cur
#1188222 03.07.2026 18:13:36 : EVT PMIC : PMIC Fast-charge constant cur
#1188223 03.07.2026 18:13:36 : EVT PMIC : PMIC Fast-charge constant cur
#1188224 03.07.2026 18:13:36 : EVT PMIC : PMIC Fast-charge constant cur
#1188225 03.07.2026 18:13:36 : EVT PMIC : PMIC Fast-charge constant cur
#1188226 03.07.2026 18:13:36 : EVT PMIC : PMIC Precharge
#1188227 03.07.2026 18:13:36 : EVT PMIC : PMIC Fast-charge constant cur
#1188228 03.07.2026 18:13:36 : EVT PMIC : PMIC Fast-charge constant cur
#1188229 03.07.2026 18:13:36 : EVT PMIC : PMIC Fast-charge constant cur
#1188230 03.07.2026 18:13:36 : EVT PMIC : PMIC Fast-charge constant cur
#1188231 03.07.2026 18:13:36 : EVT PMIC : PMIC Fast-charge constant cur
#1188232 03.07.2026 18:13:36 : EVT PMIC : PMIC Fast-charge constant cur
#1188233 03.07.2026 18:13:36 : EVT PMIC : PMIC Precharge
#1188234 03.07.2026 18:13:36 : EVT PMIC : PMIC Fast-charge constant cur
#1188235 03.07.2026 18:13:36 : EVT PMIC : PMIC Precharge
#1188236 03.07.2026 18:13:36 : EVT PMIC : PMIC Fast-charge constant cur
#1188237 03.07.2026 18:13:36 : EVT PMIC : PMIC Fast-charge constant cur
#1188238 03.07.2026 18:13:36 : EVT PMIC : PMIC Fast-charge constant cur
#1188239 03.07.2026 18:13:36 : EVT PMIC : PMIC Fast-charge constant cur
#1188240 03.07.2026 18:13:36 : EVT PMIC : PMIC Fast-charge constant cur
#1188241 03.07.2026 18:13:37 : EVT PMIC : PMIC Fast-charge constant cur
#1188242 03.07.2026 18:13:37 : EVT PMIC : PMIC Fast-charge constant cur
#1188243 03.07.2026 18:13:37 : EVT PMIC : PMIC Fast-charge constant cur
#1188244 03.07.2026 18:13:37 : EVT PMIC : PMIC Fast-charge constant cur
#1188245 03.07.2026 18:13:37 : EVT PMIC : PMIC Fast-charge constant cur
#1188246 03.07.2026 18:13:37 : ERR WBMAIN : *0: app 1832 Event 36 80005310
#1188247 03.07.2026 18:13:37 : ERR WBMAIN : 1: mea 4 Wait 0 00000000
#1188248 03.07.2026 18:13:37 : ERR WBMAIN : 2: ui 127 Wait 0 00000000
#1188249 03.07.2026 18:13:37 : EVT PMIC : PMIC Fast-charge constant cur
#1188250 03.07.2026 18:13:37 : EVT PMIC : PMIC Fast-charge constant cur
#1188251 03.07.2026 18:13:37 : EVT PMIC : PMIC Fast-charge constant cur
#1188252 03.07.2026 18:13:37 : EVT PMIC : PMIC Fast-charge constant cur
#1188253 03.07.2026 18:13:37 : EVT PMIC : PMIC Fast-charge constant cur
#1188254 03.07.2026 18:13:37 : EVT PMIC : PMIC Precharge
#1188255 03.07.2026 18:13:37 : EVT PMIC : PMIC Fast-charge constant cur
#1188256 03.07.2026 18:13:37 : EVT PMIC : PMIC Precharge
#1188257 03.07.2026 18:13:37 : EVT PMIC : PMIC Fast-charge constant cur
#1188258 03.07.2026 18:13:37 : EVT PMIC : PMIC Fast-charge constant cur
#1188259 03.07.2026 18:13:37 : EVT PMIC : PMIC Precharge
#1188260 03.07.2026 18:13:37 : EVT PMIC : PMIC Fast-charge constant cur
#1188261 03.07.2026 18:13:37 : EVT PMIC : PMIC Fast-charge constant cur
#1188262 03.07.2026 18:13:37 : EVT PMIC : PMIC Fast-charge constant cur
#1188263 03.07.2026 18:13:37 : EVT PMIC : PMIC Fast-charge constant cur
#1188264 03.07.2026 18:13:37 : EVT PMIC : PMIC Fast-charge constant cur
#1188265 03.07.2026 18:13:37 : EVT PMIC : PMIC Precharge
#1188266 03.07.2026 18:13:37 : EVT PMIC : PMIC Fast-charge constant cur
#1188267 03.07.2026 18:13:37 : EVT PMIC : PMIC Fast-charge constant cur
#1188268 03.07.2026 18:13:37 : EVT PMIC : PMIC Precharge
#1188269 03.07.2026 18:13:37 : EVT PMIC : PMIC Fast-charge constant cur
#1188270 03.07.2026 18:13:37 : EVT PMIC : PMIC Fast-charge constant cur
#1188271 03.07.2026 18:13:37 : EVT PMIC : PMIC Precharge
#1188272 03.07.2026 18:13:37 : EVT PMIC : PMIC Fast-charge constant cur
#1188273 03.07.2026 18:13:37 : EVT PMIC : PMIC Fast-charge constant cur
#1188274 03.07.2026 18:13:37 : EVT PMIC : PMIC Fast-charge constant cur
#1188275 03.07.2026 18:13:37 : EVT PMIC : PMIC Fast-charge constant cur
#1188276 03.07.2026 18:13:37 : EVT PMIC : PMIC Fast-charge constant cur
#1188277 03.07.2026 18:13:37 : EVT PMIC : PMIC Fast-charge constant cur
#1188278 03.07.2026 18:13:37 : EVT PMIC : PMIC Fast-charge constant cur
#1188279 03.07.2026 18:13:37 : EVT PMIC : PMIC Fast-charge constant cur
#1188280 03.07.2026 18:13:37 : EVT PMIC : PMIC Fast-charge constant cur
#1188281 03.07.2026 18:13:37 : EVT PMIC : PMIC Fast-charge constant cur
#1188282 03.07.2026 18:13:37 : EVT PMIC : PMIC Fast-charge constant cur
#1188283 03.07.2026 18:13:37 : EVT PMIC : PMIC Fast-charge constant cur
#1188284 03.07.2026 18:13:37 : EVT PMIC : PMIC Fast-charge constant cur
#1188285 03.07.2026 18:13:37 : EVT PMIC : PMIC Fast-charge constant cur
#1188286 03.07.2026 18:13:37 : EVT PMIC : PMIC Fast-charge constant cur
#1188287 03.07.2026 18:13:37 : EVT PMIC : PMIC Fast-charge constant cur
#1188288 03.07.2026 18:13:37 : EVT PMIC : PMIC Fast-charge constant cur
#1188289 03.07.2026 18:13:37 : EVT PMIC : PMIC Fast-charge constant cur
#1188290 03.07.2026 18:13:37 : ERR WBMAIN : *0: app 847 Event 36 80005310
#1188291 03.07.2026 18:13:37 : ERR WBMAIN : 1: mea 5 Wait 0 00000000
#1188292 03.07.2026 18:13:37 : ERR WBMAIN : 2: ui 849 Wait 0 00000000
#1188293 03.07.2026 18:13:38 : EVT PMIC : PMIC Fast-charge constant cur
#1188294 03.07.2026 18:13:38 : EVT PMIC : PMIC Fast-charge constant cur
#1188295 03.07.2026 18:13:38 : EVT PMIC : PMIC Fast-charge constant cur
#1188296 03.07.2026 18:13:38 : EVT PMIC : PMIC Precharge
#1188297 03.07.2026 18:13:38 : EVT PMIC : PMIC Fast-charge constant cur
#1188298 03.07.2026 18:13:38 : EVT PMIC : PMIC Precharge
#1188299 03.07.2026 18:13:38 : EVT PMIC : PMIC Fast-charge constant cur
#1188300 03.07.2026 18:13:38 : EVT PMIC : PMIC Fast-charge constant cur
#1188301 03.07.2026 18:13:38 : EVT PMIC : PMIC Fast-charge constant cur
#1188302 03.07.2026 18:13:38 : EVT PMIC : PMIC Fast-charge constant cur
#1188303 03.07.2026 18:13:38 : EVT PMIC : PMIC Fast-charge constant cur
#1188304 03.07.2026 18:13:38 : EVT PMIC : PMIC Fast-charge constant cur
#1188305 03.07.2026 18:13:38 : EVT PMIC : PMIC Fast-charge constant cur
#1188306 03.07.2026 18:13:38 : EVT PMIC : PMIC Fast-charge constant cur
#1188307 03.07.2026 18:13:38 : EVT PMIC : PMIC Fast-charge constant cur
#1188308 03.07.2026 18:13:38 : EVT PMIC : PMIC Fast-charge constant cur
#1188309 03.07.2026 18:13:38 : EVT PMIC : PMIC Fast-charge constant cur
#1188310 03.07.2026 18:13:38 : EVT PMIC : PMIC Fast-charge constant cur
#1188311 03.07.2026 18:13:38 : EVT PMIC : PMIC Fast-charge constant cur
#1188312 03.07.2026 18:13:38 : EVT PMIC : PMIC Fast-charge constant cur
#1188313 03.07.2026 18:13:38 : EVT PMIC : PMIC Precharge
#1188314 03.07.2026 18:13:38 : EVT PMIC : PMIC Fast-charge constant cur
#1188315 03.07.2026 18:13:38 : EVT PMIC : PMIC Fast-charge constant cur
#1188316 03.07.2026 18:13:38 : EVT PMIC : PMIC Fast-charge constant cur
#1188317 03.07.2026 18:13:38 : EVT PMIC : PMIC Fast-charge constant cur
#1188318 03.07.2026 18:13:38 : EVT PMIC : PMIC Fast-charge constant cur
#1188319 03.07.2026 18:13:38 : EVT PMIC : PMIC Fast-charge constant cur
#1188320 03.07.2026 18:13:38 : EVT PMIC : PMIC Fast-charge constant cur
#1188321 03.07.2026 18:13:38 : EVT PMIC : PMIC Fast-charge constant cur
#1188322 03.07.2026 18:13:38 : EVT PMIC : PMIC Fast-charge constant cur
#1188323 03.07.2026 18:13:38 : EVT PMIC : PMIC Fast-charge constant cur
#1188324 03.07.2026 18:13:38 : EVT PMIC : PMIC Fast-charge constant cur
#1188325 03.07.2026 18:13:38 : EVT PMIC : PMIC Fast-charge constant cur
#1188326 03.07.2026 18:13:38 : EVT PMIC : PMIC Fast-charge constant cur
#1188327 03.07.2026 18:13:38 : EVT PMIC : PMIC Fast-charge constant cur
#1188328 03.07.2026 18:13:38 : EVT PMIC : PMIC Fast-charge constant cur
#1188329 03.07.2026 18:13:38 : EVT PMIC : PMIC Fast-charge constant cur
#1188330 03.07.2026 18:13:38 : EVT PMIC : PMIC Fast-charge constant cur
#1188331 03.07.2026 18:13:38 : EVT PMIC : PMIC Fast-charge constant cur
#1188332 03.07.2026 18:13:38 : EVT PMIC : PMIC Fast-charge constant cur
#1188333 03.07.2026 18:13:38 : EVT PMIC : PMIC Fast-charge constant cur
#1188334 03.07.2026 18:13:38 : EVT PMIC : PMIC Fast-charge constant cur
#1188335 03.07.2026 18:13:38 : EVT PMIC : PMIC Precharge
#1188336 03.07.2026 18:13:38 : EVT PMIC : PMIC Fast-charge constant cur
#1188337 03.07.2026 18:13:38 : EVT PMIC : PMIC Precharge
#1188338 03.07.2026 18:13:38 : EVT PMIC : PMIC Fast-charge constant cur
#1188339 03.07.2026 18:13:38 : EVT PMIC : PMIC Fast-charge constant cur
#1188340 03.07.2026 18:13:38 : EVT PMIC : PMIC Fast-charge constant cur
#1188341 03.07.2026 18:13:38 : EVT PMIC : PMIC Precharge
#1188342 03.07.2026 18:13:38 : EVT PMIC : PMIC Fast-charge constant cur
#1188343 03.07.2026 18:13:38 : EVT PMIC : PMIC Fast-charge constant cur
#1188344 03.07.2026 18:13:38 : EVT PMIC : PMIC Fast-charge constant cur
#1188345 03.07.2026 18:13:38 : EVT PMIC : PMIC Fast-charge constant cur
#1188346 03.07.2026 18:13:38 : EVT PMIC : PMIC Fast-charge constant cur
#1188347 03.07.2026 18:13:38 : EVT PMIC : PMIC Fast-charge constant cur
#1188348 03.07.2026 18:13:38 : EVT PMIC : PMIC Fast-charge constant cur
#1188349 03.07.2026 18:13:38 : EVT PMIC : PMIC Fast-charge constant cur
#1188350 03.07.2026 18:13:38 : EVT PMIC : PMIC Fast-charge constant cur
#1188351 03.07.2026 18:13:38 : EVT PMIC : PMIC Fast-charge constant cur
#1188352 03.07.2026 18:13:38 : EVT PMIC : PMIC Precharge
#1188353 03.07.2026 18:13:38 : EVT PMIC : PMIC Fast-charge constant cur
#1188354 03.07.2026 18:13:38 : EVT PMIC : PMIC Precharge
#1188355 03.07.2026 18:13:38 : EVT PMIC : PMIC Fast-charge constant cur
#1188356 03.07.2026 18:13:38 : EVT PMIC : PMIC Fast-charge constant cur
#1188357 03.07.2026 18:13:39 : EVT PMIC : PMIC Precharge
#1188358 03.07.2026 18:13:39 : EVT PMIC : PMIC Fast-charge constant cur
#1188359 03.07.2026 18:13:39 : EVT PMIC : PMIC Fast-charge constant cur
#1188360 03.07.2026 18:13:39 : EVT PMIC : PMIC Fast-charge constant cur
#1188361 03.07.2026 18:13:39 : EVT PMIC : PMIC Fast-charge constant cur
#1188362 03.07.2026 18:13:39 : EVT PMIC : PMIC Fast-charge constant cur
#1188363 03.07.2026 18:13:39 : EVT PMIC : PMIC Fast-charge constant cur
#1188364 03.07.2026 18:13:39 : EVT PMIC : PMIC Fast-charge constant cur
#1188365 03.07.2026 18:13:39 : EVT ANALYTICS : Sync start
#1188366 03.07.2026 18:13:39 : EVT PMIC : PMIC Precharge
#1188367 03.07.2026 18:13:39 : EVT PMIC : PMIC Fast-charge constant cur
#1188368 03.07.2026 18:13:39 : EVT PMIC : PMIC Fast-charge constant cur
#1188369 03.07.2026 18:13:39 : EVT PMIC : PMIC Fast-charge constant cur
#1188370 03.07.2026 18:13:39 : EVT PMIC : PMIC Fast-charge constant cur
#1188371 03.07.2026 18:13:39 : EVT PMIC : PMIC Fast-charge constant cur
#1188372 03.07.2026 18:13:39 : EVT PMIC : PMIC Fast-charge constant cur
#1188373 03.07.2026 18:13:39 : EVT PMIC : PMIC Precharge
#1188374 03.07.2026 18:13:39 : EVT PMIC : PMIC Fast-charge constant cur
#1188375 03.07.2026 18:13:39 : EVT PMIC : PMIC Fast-charge constant cur
#1188376 03.07.2026 18:13:39 : EVT PMIC : PMIC Fast-charge constant cur
#1188377 03.07.2026 18:13:39 : EVT PMIC : PMIC Precharge
#1188378 03.07.2026 18:13:39 : EVT PMIC : PMIC Fast-charge constant cur
#1188379 03.07.2026 18:13:39 : EVT PMIC : PMIC Fast-charge constant cur
#1188380 03.07.2026 18:13:39 : EVT PMIC : PMIC Fast-charge constant cur
#1188381 03.07.2026 18:13:39 : EVT PMIC : PMIC Fast-charge constant cur
#1188382 03.07.2026 18:13:39 : EVT PMIC : PMIC Fast-charge constant cur
#1188383 03.07.2026 18:13:39 : EVT PMIC : PMIC Fast-charge constant cur
#1188384 03.07.2026 18:13:39 : EVT PMIC : PMIC Fast-charge constant cur
#1188385 03.07.2026 18:13:39 : EVT PMIC : PMIC Precharge
#1188386 03.07.2026 18:13:39 : EVT PMIC : PMIC Fast-charge constant cur
#1188387 03.07.2026 18:13:39 : EVT PMIC : PMIC Fast-charge constant cur
#1188388 03.07.2026 18:13:39 : EVT PMIC : PMIC Fast-charge constant cur
#1188389 03.07.2026 18:13:39 : EVT PMIC : PMIC Fast-charge constant cur
#1188390 03.07.2026 18:13:39 : EVT PMIC : PMIC Fast-charge constant cur
#1188391 03.07.2026 18:13:39 : EVT PMIC : PMIC Fast-charge constant cur
#1188392 03.07.2026 18:13:39 : EVT PMIC : PMIC Fast-charge constant cur
#1188393 03.07.2026 18:13:39 : EVT PMIC : PMIC Fast-charge constant cur
#1188394 03.07.2026 18:13:39 : EVT PMIC : PMIC Fast-charge constant cur
#1188395 03.07.2026 18:13:39 : EVT PMIC : PMIC Fast-charge constant cur
#1188396 03.07.2026 18:13:39 : EVT PMIC : PMIC Fast-charge constant cur
#1188397 03.07.2026 18:13:39 : EVT PMIC : PMIC Precharge
#1188398 03.07.2026 18:13:39 : EVT PMIC : PMIC Fast-charge constant cur
#1188399 03.07.2026 18:13:39 : EVT ANALYTICS : Sync start
#1188400 03.07.2026 18:13:39 : EVT PMIC : PMIC Fast-charge constant cur
#1188401 03.07.2026 18:13:39 : EVT PMIC : PMIC Fast-charge constant cur
#1188402 03.07.2026 18:13:39 : EVT PMIC : PMIC Fast-charge constant cur
#1188403 03.07.2026 18:13:39 : EVT PMIC : PMIC Fast-charge constant cur
#1188404 03.07.2026 18:13:39 : EVT PMIC : PMIC Fast-charge constant cur
#1188405 03.07.2026 18:13:39 : EVT PMIC : PMIC Fast-charge constant cur
#1188406 03.07.2026 18:13:39 : EVT PMIC : PMIC Fast-charge constant cur
#1188407 03.07.2026 18:13:39 : EVT PMIC : PMIC Fast-charge constant cur
#1188408 03.07.2026 18:13:39 : EVT PMIC : PMIC Fast-charge constant cur
#1188409 03.07.2026 18:13:39 : EVT PMIC : PMIC Fast-charge constant cur
#1188410 03.07.2026 18:13:39 : EVT PMIC : PMIC Fast-charge constant cur
#1188411 03.07.2026 18:13:39 : EVT PMIC : PMIC Precharge
#1188412 03.07.2026 18:13:39 : EVT PMIC : PMIC Fast-charge constant cur
#1188413 03.07.2026 18:13:39 : EVT PMIC : PMIC Precharge
#1188414 03.07.2026 18:13:39 : EVT PMIC : PMIC Fast-charge constant cur
#1188415 03.07.2026 18:13:39 : EVT PMIC : PMIC Precharge
#1188416 03.07.2026 18:13:39 : EVT PMIC : PMIC Fast-charge constant cur
#1188417 03.07.2026 18:13:39 : EVT PMIC : PMIC Fast-charge constant cur
#1188418 03.07.2026 18:13:39 : EVT PMIC : PMIC Fast-charge constant cur
#1188419 03.07.2026 18:13:39 : EVT PMIC : PMIC Fast-charge constant cur
#1188420 03.07.2026 18:13:39 : EVT PMIC : PMIC Fast-charge constant cur
#1188421 03.07.2026 18:13:39 : EVT PMIC : PMIC Fast-charge constant cur
#1188422 03.07.2026 18:13:39 : EVT PMIC : PMIC Fast-charge constant cur
#1188423 03.07.2026 18:13:39 : EVT PMIC : PMIC Fast-charge constant cur
#1188424 03.07.2026 18:13:39 : EVT PMIC : PMIC Precharge
#1188425 03.07.2026 18:13:39 : EVT PMIC : PMIC Fast-charge constant cur
#1188426 03.07.2026 18:13:39 : EVT PMIC : PMIC Fast-charge constant cur
#1188427 03.07.2026 18:13:39 : EVT PMIC : PMIC Fast-charge constant cur
#1188428 03.07.2026 18:13:39 : EVT PMIC : PMIC Fast-charge constant cur
#1188429 03.07.2026 18:13:39 : EVT PMIC : PMIC Fast-charge constant cur
#1188430 03.07.2026 18:13:39 : EVT PMIC : PMIC Precharge
#1188431 03.07.2026 18:13:39 : EVT PMIC : PMIC Fast-charge constant cur
#1188432 03.07.2026 18:13:39 : EVT PMIC : PMIC Fast-charge constant cur
#1188433 03.07.2026 18:13:39 : EVT PMIC : PMIC Fast-charge constant cur
#1188434 03.07.2026 18:13:39 : EVT PMIC : PMIC Fast-charge constant cur

