#1260694 07.07.2026 13:49:04 : EVT PMIC : PMIC Precharge
#1260695 07.07.2026 13:49:04 : EVT PMIC : PMIC Fast-charge constant cur
#1260696 07.07.2026 13:49:04 : EVT PMIC : PMIC Fast-charge constant cur
#1260697 07.07.2026 13:49:04 : EVT PMIC : PMIC Fast-charge constant cur
#1260698 07.07.2026 13:49:04 : EVT PMIC : PMIC Fast-charge constant cur
#1260699 07.07.2026 13:49:04 : EVT PMIC : PMIC Fast-charge constant cur
#1260700 07.07.2026 13:49:04 : EVT PMIC : PMIC Fast-charge constant cur
#1260701 07.07.2026 13:49:04 : EVT PMIC : PMIC Fast-charge constant cur
#1260702 07.07.2026 13:49:04 : EVT PMIC : PMIC Fast-charge constant cur
#1260703 07.07.2026 13:49:04 : EVT PMIC : PMIC Fast-charge constant cur
#1260704 07.07.2026 13:49:04 : EVT PMIC : PMIC Precharge
#1260705 07.07.2026 13:49:04 : EVT PMIC : PMIC Fast-charge constant cur
#1260706 07.07.2026 13:49:04 : EVT PMIC : PMIC Fast-charge constant cur
#1260707 07.07.2026 13:49:05 : EVT PMIC : PMIC Fast-charge constant cur
#1260708 07.07.2026 13:49:05 : EVT PMIC : PMIC Fast-charge constant cur
#1260709 07.07.2026 13:49:05 : EVT PMIC : PMIC Fast-charge constant cur
#1260710 07.07.2026 13:49:05 : EVT PMIC : PMIC Fast-charge constant cur
#1260711 07.07.2026 13:49:05 : EVT PMIC : PMIC Fast-charge constant cur
#1260712 07.07.2026 13:49:05 : EVT PMIC : PMIC Fast-charge constant cur
#1260713 07.07.2026 13:49:05 : EVT WIFI : APs scanned:11
#1260714 07.07.2026 13:49:05 : WRN WIFI : No APs matched to connect
#1260715 07.07.2026 13:49:05 : EVT WIFI : Internal connect ret:103
#1260716 07.07.2026 13:49:05 : ERR <Unknown> : DL GET resultCode=500
#1260717 07.07.2026 13:49:05 : EVT <Unknown> : DL try retry after 900000 ms
#1260718 07.07.2026 13:49:10 : EVT PMIC : PMIC Maintain charge
#1260719 07.07.2026 13:49:18 : EVT WIFI : Pwr down idle wifi (TO:13se)
#1260720 07.07.2026 13:49:18 : EVT WIFI : pwr down OK
#1260721 07.07.2026 13:50:02 : EVT PMIC : PMIC temp zone:0x7
#1260722 07.07.2026 13:50:03 : EVT PMIC : VBUS state is OFF
#1260723 07.07.2026 13:50:03 : EVT PMIC : Turn charge OFF since VBUS->OFF
#1260724 07.07.2026 13:50:03 : EVT WBCOMM : Route lost: ECSD00000000
#1260725 07.07.2026 13:50:03 : TRC FUEL_GAUGE : Chg->0,B:5,C:25.8,V:4437,U:0,bF:100%,bC:100%
#1260726 07.07.2026 13:50:03 : EVT OHR : VBUS off
#1260727 07.07.2026 13:50:03 : EVT OHR : S:ON 0->1
#1260728 07.07.2026 13:50:03 : EVT ANALYTICS : Battery-> 1 soc:100
#1260729 07.07.2026 13:50:03 : EVT OHR : APPINIT:caps 0x1f4, 6b738616
#1260730 07.07.2026 13:50:03 : EVT <Unknown> : 1783425003684:AI@1783425003660, tz120
#1260731 07.07.2026 13:50:03 : EVT OHR : S:start 0x2123
#1260732 07.07.2026 13:50:03 : EVT <Unknown> : 1783425003690:Meas start 0x2123
#1260733 07.07.2026 13:50:03 : EVT <Unknown> : 1783425003705:PD1464, 0
#1260734 07.07.2026 13:50:03 : EVT <Unknown> : 1783425003770:GMV 20251126/1/4/0/395/46
#1260735 07.07.2026 13:50:04 : EVT <Unknown> : 1783425004028:Mi1.6.10, auth 0, hr_mode 0
#1260736 07.07.2026 13:50:04 : EVT <Unknown> : 1783425004280:On Skin Set.
#1260737 07.07.2026 13:50:04 : EVT <Unknown> : 1783425004671:Off Skin Set.
#1260738 07.07.2026 13:50:05 : EVT <Unknown> : 1783425005047:On Skin Set.
#1260739 07.07.2026 13:50:09 : EVT WBSTORAGE : CACHE_DEFRAG (776->792, 24->24, 25)
#1260740 07.07.2026 13:50:09 : TRC NAVIGATION : CG: no climb WP
#1260741 07.07.2026 13:50:09 : TRC NAVIGATION : CG:init ZoomType=0
#1260742 07.07.2026 13:50:09 : EVT NAVIGATION : initSeg Idx=0 D=1 T=0 3-0-4
#1260743 07.07.2026 13:50:09 : ERR <Unknown> : 1783425009062:Mi invalid call:100,code:0.
#1260744 07.07.2026 13:50:09 : EVT WBSTORAGE : CACHE_DEFRAG (752->912, 24->24, 25)
#1260745 07.07.2026 13:50:09 : EVT ALTIFUSION : AltiBaroMode:0
#1260746 07.07.2026 13:50:09 : EVT ALTIFUSION : Init AltiBaro
#1260747 07.07.2026 13:50:09 : EVT APPLICATION : Zapp zwc05901:Disable
#1260748 07.07.2026 13:50:09 : EVT ANALYTICS : Zapp disabled i:3 h:ddb248f2 n:Vector classic
#1260749 07.07.2026 13:50:10 : EVT ANALYTICS : SleepQ:Tracking:On
#1260750 07.07.2026 13:50:10 : EVT ALTIFUSION : AltiBaroMode:0
#1260751 07.07.2026 13:50:10 : EVT ALTIFUSION : Init AltiBaro
#1260752 07.07.2026 13:50:10 : EVT UI_FRAMEWORK : JS nsto enable zapp: zzwethen
#1260753 07.07.2026 13:50:10 : EVT UI_FRAMEWORK : JS nsto enable zapp: zzsuunen
#1260754 07.07.2026 13:50:10 : EVT APPLICATION : Zapp zzwethen:Load script
#1260755 07.07.2026 13:50:10 : EVT APPLICATION : Zapp zzwethen:Enable
#1260756 07.07.2026 13:50:10 : EVT ANALYTICS : Zapp enabled i:8 h:3f77f8ec n:zzwethen v:ade
#1260757 07.07.2026 13:50:10 : EVT APPLICATION : Zapp clid:32878
#1260758 07.07.2026 13:50:10 : EVT APPLICATION : Zapp zzsuunen:Load script
#1260759 07.07.2026 13:50:10 : EVT APPLICATION : Zapp zzsuunen:Enable
#1260760 07.07.2026 13:50:10 : EVT ANALYTICS : Zapp enabled i:9 h:3c4b47d n:zzsuunen v:1063
#1260761 07.07.2026 13:50:10 : EVT APPLICATION : Zapp clid:32879
#1260762 07.07.2026 13:50:10 : EVT UI_FRAMEWORK : JS nsto all zapps enabled.
#1260763 07.07.2026 13:50:10 : EVT UI_FRAMEWORK : JS Prestart Activity Id: 16.000
#1260764 07.07.2026 13:50:10 : WRN WBAPI : eID-691468(277): /Dive/Alarms/Acknowledge 404
#1260765 07.07.2026 13:50:10 : WRN WBAPI : eID-691468(277): /Dive/DiveGases 404
#1260766 07.07.2026 13:50:10 : WRN WBAPI : eID-691468(277): /Dive/Gauge/Next 404
#1260767 07.07.2026 13:50:10 : EVT WBSTORAGE : CACHE_DEFRAG (888->896, 24->24, 25)
#1260768 07.07.2026 13:50:10 : EVT WBSTORAGE : CACHE_DEFRAG (824->832, 24->24, 25)
#1260769 07.07.2026 13:50:10 : EVT WBSTORAGE : CACHE_DEFRAG (760->768, 24->24, 25)
#1260770 07.07.2026 13:50:10 : EVT BLE : BLE Sensor Link 4800180D Conn (--E-:00:1)
#1260771 07.07.2026 13:50:10 : WRN BLE : sendConnect 6157
#1260772 07.07.2026 13:50:11 : WRN WBAPI : eID-691468(277): /Dive/TankPressure/Alarm/Count 404
#1260773 07.07.2026 13:50:11 : EVT SPEEDFUSION : INFO # start speed fusion
#1260774 07.07.2026 13:50:11 : EVT SPEEDFUSION : Act:16,Acc:0,BPod:0,FPod:0,PPod:0,BeltPod:1
#1260775 07.07.2026 13:50:11 : EVT SPEEDFUSION : INFO # Start algo without wrist acc
#1260776 07.07.2026 13:50:11 : EVT <Unknown> : Update pres sampl intrvl:1
#1260777 07.07.2026 13:50:11 : EVT OHR : S:start 0x21a3
#1260778 07.07.2026 13:50:11 : EVT UI_FRAMEWORK : evalFile: b:/zapp/zzsuunen.dev/ext1.js from ui
#1260779 07.07.2026 13:50:11 : EVT <Unknown> : 1783425011127:Meas start 0x21a3
#1260780 07.07.2026 13:50:15 : EVT OHR : No HR update, invalidate by timer
#1260781 07.07.2026 13:50:20 : EVT BLE : lt,scan 1
#1260782 07.07.2026 13:50:20 : WRN BLE : sendDisconnect 6157
#1260783 07.07.2026 13:50:20 : ERR BLE : [AURA]Filter with handle 72 not found
#1260784 07.07.2026 13:50:20 : EVT OHR : new HR update
#1260785 07.07.2026 13:50:20 : EVT BLE : packet 0 sensor found count 1
#1260786 07.07.2026 13:50:20 : EVT BLE : packet 0 sensor found count 2
#1260787 07.07.2026 13:50:21 : EVT ANALYTICS : #FusHr src:2 time:10737
#1260788 07.07.2026 13:50:46 : EVT APPLICATION : Zapp zzsuunen:Disable
#1260789 07.07.2026 13:50:46 : EVT ANALYTICS : Zapp disabled i:9 h:3c4b47d n:Suunto Wing 2
#1260790 07.07.2026 13:50:46 : ERR BLE : Ble:conn id not found
#1260791 07.07.2026 13:50:46 : EVT WBSTORAGE : CACHE_DEFRAG (688->712, 24->24, 25)
#1260792 07.07.2026 13:50:48 : EVT APPLICATION : Zapp zzmoveen:Load script
#1260793 07.07.2026 13:50:48 : EVT APPLICATION : Zapp zzmoveen:Enable
#1260794 07.07.2026 13:50:48 : EVT ANALYTICS : Zapp enabled i:6 h:7aac0887 n:zzmoveen v:8e0
#1260795 07.07.2026 13:50:48 : EVT UI_FRAMEWORK : evalFile: b:/zapp/zzmoveen.fea/ext1.js from ui
#1260796 07.07.2026 13:50:48 : EVT APPLICATION : Zapp clid:32879
#1260797 07.07.2026 13:50:49 : EVT APPLICATION : Zapp climbl01:Load script
#1260798 07.07.2026 13:50:50 : EVT APPLICATION : Zapp climbl01:Enable
#1260799 07.07.2026 13:50:50 : EVT ANALYTICS : Zapp enabled i:5 h:a5e7afa5 n:climbl01 v:3.0
#1260800 07.07.2026 13:50:50 : EVT APPLICATION : Zapp clid:32880
#1260801 07.07.2026 13:50:50 : EVT WBSTORAGE : CACHE_DEFRAG (648->688, 25->24, 25)
#1260802 07.07.2026 13:50:51 : EVT UI_FRAMEWORK : evalFile: b:/zapp/climbl01.fea/ext12.js from ui
#1260803 07.07.2026 13:50:52 : EVT ANALYTICS : #FusHr src:2 time:0
#1260804 07.07.2026 13:50:52 : WRN WBAPI : eID-691468(277): /Dive/Alarms/Acknowledge 404
#1260805 07.07.2026 13:50:52 : WRN WBAPI : eID-691468(277): /Dive/DiveGases 404
#1260806 07.07.2026 13:50:52 : WRN WBAPI : eID-691468(277): /Dive/Gauge/Next 404
#1260807 07.07.2026 13:50:52 : ERR BLE : [AURA]No filters left, stopping scan
#1260808 07.07.2026 13:50:52 : EVT TRAININGLAB : TLab:~Mode T 15052 + 32 A 4070 + 0
#1260809 07.07.2026 13:50:52 : EVT TRAININGLAB : TLab:Change mode 2->3
#1260810 07.07.2026 13:50:52 : EVT TRAININGLAB : TLab:Mode::userInfo 60, 200, 1, 37, 182, 950, 1990
#1260811 07.07.2026 13:50:52 : EVT LOGGER : Log space:30499506 bytes free
#1260812 07.07.2026 13:50:52 : EVT TRAININGLAB : ModeUnsub:2800
#1260813 07.07.2026 13:50:52 : EVT TRAININGLAB : ModeSub:9004
#1260814 07.07.2026 13:50:52 : EVT TRAININGLAB : TLab:Select input 0
#1260815 07.07.2026 13:50:52 : EVT TRAININGLAB : Tlab:HR src is 2
#1260816 07.07.2026 13:50:52 : EVT TRAININGLAB : TLab:Active input 0
#1260817 07.07.2026 13:50:52 : EVT LOGGER : Exercise started
#1260818 07.07.2026 13:50:52 : TRC GPS : Full GNSS data subd l:0 c:802b0000
#1260819 07.07.2026 13:50:53 : WRN WBMAIN : pool id:0 full! (S 120/120)
#1260820 07.07.2026 13:50:53 : ERR WBMAIN : (1) Removed 0 non critical - size now=0
#1260821 07.07.2026 13:50:53 : WRN WBMAIN : pool id:0 full! (S 120/120)
#1260822 07.07.2026 13:50:53 : ERR WBMAIN : (2) Removed 0 non critical - size now=0
#1260823 07.07.2026 13:50:53 : WRN WBMAIN : pool id:0 full! (S 120/120)
#1260824 07.07.2026 13:50:53 : ERR WBMAIN : (0) Removed 104 non critical - size now=56
#1260825 07.07.2026 13:50:53 : ERR WBMAIN : (1) Removed 0 non critical - size now=1
#1260826 07.07.2026 13:50:53 : ERR WBMAIN : *0: app 596 Event 7 80303321
#1260827 07.07.2026 13:50:53 : ERR WBMAIN : 1: mea 634 Wait 0 00000000
#1260828 07.07.2026 13:50:53 : ERR WBMAIN : 2: ui 504 DPC 0 0053db41
#1260829 07.07.2026 13:50:53 : ERR WBMAIN : (2) Removed 3 non critical - size now=0
#1260830 07.07.2026 13:50:53 : ERR WBMAIN : 0: app 0 Event 7 802e2409
#1260831 07.07.2026 13:50:53 : ERR WBMAIN : 1: mea 0 Wait 0 00000000
#1260832 07.07.2026 13:50:53 : ERR WBMAIN : *2: ui 516 DPC 0 0053db41
#1260833 07.07.2026 13:50:53 : EVT TRAININGLAB : TLab:Active input 1
#1260834 07.07.2026 13:50:54 : EVT ANALYTICS : Battery-> 3 soc:100
#1260835 07.07.2026 13:50:54 : EVT ANALYTICS : #FusHr src:2 time:0
#1260836 07.07.2026 13:50:54 : EVT ANALYTICS : #Act id:16
#1260837 07.07.2026 13:50:54 : EVT ANALYTICS : #powersave mode:p temp:32.5
#1260838 07.07.2026 13:50:54 : EVT ANALYTICS : GPSMODE:NOTUSED
#1260839 07.07.2026 13:50:54 : EVT ANALYTICS : #gnss d:2026-07-07T00:00:00Z
#1260840 07.07.2026 13:50:54 : EVT ANALYTICS : #zapp n:Weather e:1
#1260841 07.07.2026 13:50:54 : EVT ANALYTICS : #zapp n:Movement e:1
#1260842 07.07.2026 13:50:55 : EVT ANALYTICS : #zapp n:Climb Log e:1
#1260843 07.07.2026 13:51:00 : EVT ANALYTICS : #ws AID:16 BM:1 NS:0 SP:3 ZN:0 TG:0 BL:0 GPS:0
#1260844 07.07.2026 13:51:00 : EVT ANALYTICS : #2ws AID:16 WHR:1 INT:0 AL:0 AP:0 FE:1 MC:1 TH:0
#1260845 07.07.2026 13:51:02 : WRN WBAPI : eID-691468(277): /Dive/Alarms/Acknowledge 404
#1260846 07.07.2026 13:51:02 : WRN WBAPI : eID-691468(277): /Dive/DiveGases 404
#1260847 07.07.2026 13:51:02 : WRN WBAPI : eID-691468(277): /Dive/Gauge/Next 404
#1260848 07.07.2026 13:51:04 : EVT LOGGER : LGR 934, 80
#1260849 07.07.2026 13:51:05 : WRN WBAPI : eID-691468(277): /Dive/Alarms/Acknowledge 404
#1260850 07.07.2026 13:51:05 : WRN WBAPI : eID-691468(277): /Dive/DiveGases 404
#1260851 07.07.2026 13:51:05 : WRN WBAPI : eID-691468(277): /Dive/Gauge/Next 404
#1260852 07.07.2026 13:51:07 : EVT LOGGER : LGR 934, 80
#1260853 07.07.2026 13:51:07 : EVT UI_FRAMEWORK : evalFile: b:/zapp/climbl01.fea/ext10.js from ui
#1260854 07.07.2026 13:51:08 : WRN WBAPI : eID-691468(277): /Dive/Alarms/Acknowledge 404
#1260855 07.07.2026 13:51:08 : WRN WBAPI : eID-691468(277): /Dive/DiveGases 404
#1260856 07.07.2026 13:51:08 : WRN WBAPI : eID-691468(277): /Dive/Gauge/Next 404
#1260857 07.07.2026 13:51:10 : EVT <Unknown> : 1783425069972:Off Skin Set.
#1260858 07.07.2026 13:51:10 : EVT <Unknown> : 1783425070599:On Skin Set.
#1260859 07.07.2026 13:51:12 : EVT <Unknown> : 1783425072871:Off Skin Set.
#1260860 07.07.2026 13:51:13 : EVT LOGGER : Exercise paused
#1260861 07.07.2026 13:51:13 : WRN WBAPI : eID-691468(277): /Dive/Alarms/Acknowledge 404
#1260862 07.07.2026 13:51:13 : WRN WBAPI : eID-691468(277): /Dive/DiveGases 404
#1260863 07.07.2026 13:51:13 : WRN WBAPI : eID-691468(277): /Dive/Gauge/Next 404
#1260864 07.07.2026 13:51:15 : EVT APPLICATION : Zapp climbl01:Disable
#1260865 07.07.2026 13:51:15 : EVT UI_FRAMEWORK : evalFile: b:/zapp/climbl01.fea/ext11.js from ui
#1260866 07.07.2026 13:51:15 : EVT ANALYTICS : Zapp disabled i:5 h:a5e7afa5 n:Climb Log
#1260867 07.07.2026 13:51:15 : EVT APPLICATION : Zapp zzmoveen:Disable
#1260868 07.07.2026 13:51:15 : EVT ANALYTICS : Zapp disabled i:6 h:7aac0887 n:Movement
#1260869 07.07.2026 13:51:15 : EVT UI_FRAMEWORK : evalFile: b:/zapp/zzmoveen.fea/ext2.js from ui
#1260870 07.07.2026 13:51:15 : EVT APPLICATION : Zapp zzwethen:Disable
#1260871 07.07.2026 13:51:15 : EVT ANALYTICS : Zapp disabled i:8 h:3f77f8ec n:Weather
#1260872 07.07.2026 13:51:15 : EVT UI_FRAMEWORK : JS discard disable zapps
#1260873 07.07.2026 13:51:15 : EVT UI_FRAMEWORK : JS will discard
#1260874 07.07.2026 13:51:15 : EVT SPEEDFUSION : INFO # stop speed fusion
#1260875 07.07.2026 13:51:15 : EVT <Unknown> : Update pres sampl intrvl:5
#1260876 07.07.2026 13:51:15 : WRN APPLICATION : discard hrr meas l:3 d:0 sh:61 mh:61 v:0
#1260877 07.07.2026 13:51:15 : WRN WBAPI : eID-698eec(583/65535): 404
#1260878 07.07.2026 13:51:15 : EVT TRAININGZONE : User Define Mode:5
#1260879 07.07.2026 13:51:15 : EVT TRAININGZONE : Tss HR:0.17
#1260880 07.07.2026 13:51:15 : EVT TRAININGZONE : A:16,Tss:[-200.00,-200.00,-200.00,0.17]
#1260881 07.07.2026 13:51:15 : EVT TRAININGLAB : AppFeature Vo2Max 0.000000
#1260882 07.07.2026 13:51:15 : EVT TRAININGLAB : TLab:~Mode T 15084 + 5 A 4070 + 0
#1260883 07.07.2026 13:51:15 : EVT TRAININGLAB : TLab:Change mode 3->2
#1260884 07.07.2026 13:51:15 : EVT TRAININGLAB : TLab:Mode::userInfo 60, 200, 1, 37, 182, 950, 1990
#1260885 07.07.2026 13:51:15 : EVT LOGGER : LGR 934, 80
#1260886 07.07.2026 13:51:15 : EVT TRAININGLAB : ModeUnsub:9145
#1260887 07.07.2026 13:51:16 : WRN WBMAIN : pool id:0 full! (S 120/120)
#1260888 07.07.2026 13:51:16 : ERR WBMAIN : (0) Removed 113 non critical - size now=37
#1260889 07.07.2026 13:51:16 : ERR WBMAIN : 0: app 547 Event 37 8099031a
#1260890 07.07.2026 13:51:16 : ERR WBMAIN : *1: mea 512 Event 24 80493210
#1260891 07.07.2026 13:51:16 : ERR WBMAIN : 2: ui 487 Wait 0 00000000
#1260892 07.07.2026 13:51:16 : EVT TRAININGLAB : ModeSub:0400
#1260893 07.07.2026 13:51:16 : EVT LOGGER : Exercise stopped
#1260894 07.07.2026 13:51:16 : EVT LOGGER : HrIbiLogger stop, off (0 ms)
#1260895 07.07.2026 13:51:16 : EVT LOGGER : HrIbiLogger stopped (0 ms)
#1260896 07.07.2026 13:51:16 : ERR WBMAIN : *0: app 554 Event 37 8099031a
#1260897 07.07.2026 13:51:16 : ERR WBMAIN : 1: mea 5 DPC 0 00574f4f
#1260898 07.07.2026 13:51:16 : ERR WBMAIN : 2: ui 4 Wait 0 00000000
#1260899 07.07.2026 13:51:16 : EVT LOGGER : LGR 934, 80
#1260900 07.07.2026 13:51:16 : EVT OHR : S:start 0x2123
#1260901 07.07.2026 13:51:16 : EVT ANALYTICS : WAOae:Activity WAOae:16
#1260902 07.07.2026 13:51:16 : EVT ANALYTICS : WAOae:TotalAcc WAOae:0,0,0
#1260903 07.07.2026 13:51:16 : EVT ANALYTICS : WAOae:AccCount WAOae:0,0,0
#1260904 07.07.2026 13:51:16 : EVT ANALYTICS : WAOae:Distance WAOae:0,0,0
#1260905 07.07.2026 13:51:16 : EVT ANALYTICS : WAOae:Duration WAOae:0,0,0
#1260906 07.07.2026 13:51:16 : EVT ANALYTICS : WAOae:Coeff WAOae:0,40,240,390,773,7524,7624
#1260907 07.07.2026 13:51:16 : TRC GPS : Unsubd c:802b0000
#1260908 07.07.2026 13:51:16 : EVT <Unknown> : 1783425076304:Meas start 0x2123
#1260909 07.07.2026 13:51:16 : EVT ANALYTICS : SleepQ:Tracking:On
#1260910 07.07.2026 13:51:16 : EVT LOGGER : LGR 934, 80
#1260911 07.07.2026 13:51:16 : EVT LOGGER : Wr dpc on
#1260912 07.07.2026 13:51:16 : EVT LOGGER : LGR 20993, 56
#1260913 07.07.2026 13:51:17 : EVT UI_FRAMEWORK : JS feeling vs idle 1
#1260914 07.07.2026 13:51:17 : EVT UI_FRAMEWORK : JS feeling open ex-saving
#1260915 07.07.2026 13:51:17 : EVT WBSTORAGE : CACHE_DEFRAG (640->1016, 24->24, 25)
#1260916 07.07.2026 13:51:17 : TRC NAVIGATION : CG: no climb WP
#1260917 07.07.2026 13:51:17 : TRC NAVIGATION : CG:init ZoomType=0
#1260918 07.07.2026 13:51:17 : EVT NAVIGATION : initSeg Idx=0 D=1 T=0 3-0-4
#1260919 07.07.2026 13:51:17 : EVT WBSTORAGE : CACHE_DEFRAG (1000->1024, 24->24, 25)
#1260920 07.07.2026 13:51:17 : EVT SPEEDFUSION : INFO # IDLE mode(-1) set
#1260921 07.07.2026 13:51:17 : EVT ALTIFUSION : AltiBaroMode:2
#1260922 07.07.2026 13:51:17 : EVT BLE : Disconn sensor:1
#1260923 07.07.2026 13:51:17 : EVT BLE : BLE Sensor Link 4800180D Disc (L-E-:00:0)
#1260924 07.07.2026 13:51:17 : WRN BLE : sendDisconnect 6157
#1260925 07.07.2026 13:51:17 : ERR BLE : [AURA]Filter with handle 72 not found
#1260926 07.07.2026 13:51:17 : EVT ANALYTICS : #powersave mode:p temp:32.6
#1260927 07.07.2026 13:51:17 : EVT ANALYTICS : Battery-> 4 soc:100
#1260928 07.07.2026 13:51:17 : EVT OHR : No HR update, invalidate by timer
#1260929 07.07.2026 13:51:18 : EVT <Unknown> : 1783425077999:On Skin Set.
#1260930 07.07.2026 13:51:20 : EVT ANALYTICS : Duration ExSaving:3520
#1260931 07.07.2026 13:51:21 : EVT ANALYTICS : Duration ExSumBroker:362
#1260932 07.07.2026 13:51:26 : EVT APPLICATION : Zapp zwc05901:Load script
#1260933 07.07.2026 13:51:26 : EVT APPLICATION : Zapp zwc05901:Enable
#1260934 07.07.2026 13:51:26 : EVT ANALYTICS : Zapp enabled i:3 h:ddb248f2 n:zwc05901 v:124f
#1260935 07.07.2026 13:51:26 : WRN WBAPI : eID-691468(277): /Weather/Current/ValidWeatherData.temp 
#1260936 07.07.2026 13:51:26 : EVT <Unknown> : 1783425085551:Off Skin Set.
#1260937 07.07.2026 13:51:26 : EVT TRAININGZONE : Update TSS:0.17
#1260938 07.07.2026 13:51:26 : EVT WBSTORAGE : CACHE_DEFRAG (1000->1008, 24->24, 25)
#1260939 07.07.2026 13:51:26 : WRN WBAPI : eID-691468(277): /Weather/Current/ValidWeatherData.temp 
#1260940 07.07.2026 13:51:27 : EVT WBSTORAGE : CACHE_DEFRAG (880->888, 24->24, 25)
#1260941 07.07.2026 13:51:31 : EVT APPLICATION : Zapp zwc05901:Disable
#1260942 07.07.2026 13:51:31 : EVT ANALYTICS : Duration ExSumBroker:217
#1260943 07.07.2026 13:51:31 : EVT ANALYTICS : Zapp disabled i:3 h:ddb248f2 n:Vector classic
#1260944 07.07.2026 13:51:35 : EVT UI_FRAMEWORK : JS delete log
#1260945 07.07.2026 13:51:35 : WRN LOGGER : Delete b:logs/6A4CE81C
#1260946 07.07.2026 13:51:36 : EVT <Unknown> : 1783425096431:On Skin Set.
#1260947 07.07.2026 13:51:37 : WRN UI_FRAMEWORK : :if fail:{FROM_WF}==1
#1260948 07.07.2026 13:51:37 : WRN UI_FRAMEWORK : :if fail:{FROM_WF}==2
#1260949 07.07.2026 13:51:37 : WRN UI_FRAMEWORK : JS
elem[116646992]._onActivate()
#1260950 07.07.2026 13:51:37 : WRN UI_FRAMEWORK : Call Method F fail
#1260951 07.07.2026 13:51:37 : ERR UI_FRAMEWORK : Unknown token? 'FROM_WF'
#1260952 07.07.2026 13:51:39 : ERR <Unknown> : 1783425099115:Hr_out conf_low:62/10.
#1260953 07.07.2026 13:51:48 : EVT OHR : new HR update
#1260954 07.07.2026 13:51:54 : EVT OHR : No HR update, invalidate by timer
#1260955 07.07.2026 13:51:57 : EVT OHR : new HR update
#1260956 07.07.2026 13:52:03 : EVT OHR : No HR update, invalidate by timer
#1260957 07.07.2026 13:52:08 : ERR <Unknown> : 1783425128343:Hr_out conf_low:66/10.
#1260958 07.07.2026 13:52:28 : ERR <Unknown> : 1783425148362:Hr_out conf_low:66/30.
#1260959 07.07.2026 13:52:41 : EVT APPLICATION : Zapp zwc05901:Load script
#1260960 07.07.2026 13:52:41 : EVT APPLICATION : Zapp zwc05901:Enable
#1260961 07.07.2026 13:52:41 : EVT ANALYTICS : Zapp enabled i:3 h:ddb248f2 n:zwc05901 v:124f
#1260962 07.07.2026 13:52:41 : WRN WBAPI : eID-691468(277): /Weather/Current/ValidWeatherData.temp 
#1260963 07.07.2026 13:52:58 : ERR <Unknown> : 1783425178391:Hr_out conf_low:69/60.
#1260964 07.07.2026 13:53:00 : EVT SEDENTARY : stop monitoring
#1260965 07.07.2026 13:53:28 : ERR <Unknown> : 1783425208420:Hr_out conf_low:73/90.
#1260966 07.07.2026 13:53:35 : EVT OHR : new HR update
#1260967 07.07.2026 13:53:36 : WRN <Unknown> : 1783425216430:Device stationary, stopping optical meas
#1260968 07.07.2026 13:53:36 : EVT <Unknown> : 1783425216430:SCD DET STATE OFF cnt:0/0.
#1260969 07.07.2026 13:53:41 : EVT OHR : No HR update, invalidate by timer
#1260970 07.07.2026 13:54:00 : EVT SEDENTARY : stop monitoring
#1260971 07.07.2026 14:00:00 : EVT <Unknown> : pwr daily,ontime:14
#1260972 07.07.2026 14:00:00 : EVT WBSTORAGE : CACHE_DEFRAG (800->808, 24->24, 25)
#1260973 07.07.2026 14:00:00 : EVT WEATHER : t:495391, d:5
#1260974 07.07.2026 14:04:00 : TRC APPLICATION : Removing: b:/syslogs/systemevent_1243728.log
#1260975 07.07.2026 14:09:11 : EVT <Unknown> : 1783426151164:xiaomi reset t:1147504577/212771362.
#1260976 07.07.2026 14:09:11 : EVT <Unknown> : 1783426151165:On Skin Set.
#1260977 07.07.2026 14:09:12 : EVT <Unknown> : 1783426152116:Off Skin Set.
#1260978 07.07.2026 14:09:13 : EVT <Unknown> : 1783426153243:On Skin Set.
#1260979 07.07.2026 14:09:14 : EVT PMIC : VBUS state is ON
#1260980 07.07.2026 14:09:14 : EVT PMIC : chgCntl1:0x70
#1260981 07.07.2026 14:09:14 : EVT PMIC : check chgCntl1:0x74
#1260982 07.07.2026 14:09:14 : EVT PMIC : Turn charge ON since VBUS->ON
#1260983 07.07.2026 14:09:14 : EVT PMIC : PMIC temp zone:0x2
#1260984 07.07.2026 14:09:14 : EVT PMIC : PMIC Fast-charge constant cur
#1260985 07.07.2026 14:09:14 : EVT OHR : VBUS on
#1260986 07.07.2026 14:09:14 : EVT OHR : S:stop 23
#1260987 07.07.2026 14:09:14 : EVT <Unknown> : 1783426153714:Off Skin Set.
#1260988 07.07.2026 14:09:14 : EVT <Unknown> : 1783426154540:Meas stop 0x2123
#1260989 07.07.2026 14:09:14 : EVT PMIC : VBUS state is ON
#1260990 07.07.2026 14:09:14 : WRN <Unknown> : 1783426154541:FSM EVT STOP.
#1260991 07.07.2026 14:09:14 : EVT OHR : S:OFF 1->0
#1260992 07.07.2026 14:09:15 : EVT PMIC : PMIC temp zone:0x7
#1260993 07.07.2026 14:09:15 : EVT PMIC : VBUS state is OFF
#1260994 07.07.2026 14:09:15 : EVT PMIC : Turn charge OFF since VBUS->OFF
#1260995 07.07.2026 14:09:15 : EVT OHR : VBUS off
#1260996 07.07.2026 14:09:15 : EVT OHR : S:ON 0->1
#1260997 07.07.2026 14:09:15 : EVT OHR : APPINIT:caps 0x1f4, 6b738616
#1260998 07.07.2026 14:09:15 : EVT <Unknown> : 1783426155794:AI@1783426155770, tz120
#1260999 07.07.2026 14:09:15 : EVT OHR : S:start 0x2123
#1261000 07.07.2026 14:09:15 : EVT <Unknown> : 1783426155800:Meas start 0x2123
#1261001 07.07.2026 14:09:16 : EVT <Unknown> : 1783426155815:PD1464, 0
#1261002 07.07.2026 14:09:16 : EVT <Unknown> : 1783426155875:GMV 20251126/1/4/0/395/46
#1261003 07.07.2026 14:09:16 : EVT <Unknown> : 1783426156129:Mi1.6.10, auth 0, hr_mode 0
#1261004 07.07.2026 14:09:16 : EVT PMIC : VBUS state is ON
#1261005 07.07.2026 14:09:16 : EVT PMIC : chgCntl1:0x70
#1261006 07.07.2026 14:09:16 : EVT PMIC : check chgCntl1:0x74
#1261007 07.07.2026 14:09:16 : EVT PMIC : Turn charge ON since VBUS->ON
#1261008 07.07.2026 14:09:16 : EVT PMIC : PMIC temp zone:0x2
#1261009 07.07.2026 14:09:16 : EVT PMIC : PMIC Fast-charge constant cur
#1261010 07.07.2026 14:09:16 : EVT OHR : VBUS on
#1261011 07.07.2026 14:09:16 : EVT OHR : S:stop 23
#1261012 07.07.2026 14:09:16 : EVT <Unknown> : 1783426156807:Meas stop 0x2123
#1261013 07.07.2026 14:09:16 : EVT PMIC : VBUS state is ON
#1261014 07.07.2026 14:09:16 : WRN <Unknown> : 1783426156807:FSM EVT STOP.
#1261015 07.07.2026 14:09:16 : EVT OHR : S:OFF 1->0
#1261016 07.07.2026 14:09:19 : EVT PMIC : PMIC Maintain charge
#1261017 07.07.2026 14:09:22 : TRC FUEL_GAUGE : Chg->1,B:5,C:9.8,V:4428,U:1,bF:100%,bC:100%
#1261018 07.07.2026 14:09:22 : EVT PMIC : PMIC Fast-charge constant cur
#1261019 07.07.2026 14:09:22 : EVT ANALYTICS : Battery-> 2 soc:100
#1261020 07.07.2026 14:09:23 : EVT WBCOMM : P-9 connection made to ECSD00000000
#1261021 07.07.2026 14:09:23 : EVT WBCOMM : New Route: ECSD00000000
#1261022 07.07.2026 14:09:23 : EVT PMIC : PMIC Maintain charge
#1261023 07.07.2026 14:09:26 : EVT PMIC : PMIC Fast-charge constant cur
#1261024 07.07.2026 14:09:26 : EVT PMIC : PMIC Fast-charge constant cur
#1261025 07.07.2026 14:09:26 : EVT PMIC : PMIC Fast-charge constant cur
#1261026 07.07.2026 14:09:26 : EVT PMIC : PMIC Fast-charge constant cur
#1261027 07.07.2026 14:09:26 : EVT PMIC : PMIC Fast-charge constant voltage
#1261028 07.07.2026 14:09:26 : EVT PMIC : PMIC Fast-charge constant cur
#1261029 07.07.2026 14:09:26 : EVT PMIC : PMIC Fast-charge constant cur
#1261030 07.07.2026 14:09:26 : EVT PMIC : PMIC Fast-charge constant cur
#1261031 07.07.2026 14:09:26 : EVT PMIC : PMIC Fast-charge constant cur
#1261032 07.07.2026 14:09:26 : EVT PMIC : PMIC Fast-charge constant cur
#1261033 07.07.2026 14:09:26 : EVT PMIC : PMIC Fast-charge constant cur
#1261034 07.07.2026 14:09:26 : EVT PMIC : PMIC Fast-charge constant cur
#1261035 07.07.2026 14:09:26 : EVT PMIC : PMIC Fast-charge constant cur
#1261036 07.07.2026 14:09:26 : EVT PMIC : PMIC Fast-charge constant cur
#1261037 07.07.2026 14:09:26 : EVT PMIC : PMIC Fast-charge constant cur
#1261038 07.07.2026 14:09:26 : EVT PMIC : PMIC Fast-charge constant cur
#1261039 07.07.2026 14:09:26 : EVT PMIC : PMIC Fast-charge constant cur
#1261040 07.07.2026 14:09:26 : EVT PMIC : PMIC Fast-charge constant cur
#1261041 07.07.2026 14:09:26 : EVT PMIC : PMIC Precharge
#1261042 07.07.2026 14:09:26 : EVT PMIC : PMIC Fast-charge constant cur
#1261043 07.07.2026 14:09:26 : EVT PMIC : PMIC Fast-charge constant cur
#1261044 07.07.2026 14:09:26 : EVT PMIC : PMIC Fast-charge constant cur
#1261045 07.07.2026 14:09:26 : EVT PMIC : PMIC Fast-charge constant cur
#1261046 07.07.2026 14:09:26 : EVT PMIC : PMIC Precharge
#1261047 07.07.2026 14:09:26 : EVT PMIC : PMIC Fast-charge constant cur
#1261048 07.07.2026 14:09:26 : EVT PMIC : PMIC Fast-charge constant cur
#1261049 07.07.2026 14:09:26 : EVT PMIC : PMIC Fast-charge constant cur
#1261050 07.07.2026 14:09:26 : EVT PMIC : PMIC Fast-charge constant cur
#1261051 07.07.2026 14:09:26 : EVT PMIC : PMIC Precharge
#1261052 07.07.2026 14:09:26 : EVT PMIC : PMIC Fast-charge constant cur
#1261053 07.07.2026 14:09:26 : EVT PMIC : PMIC Fast-charge constant cur
#1261054 07.07.2026 14:09:26 : EVT PMIC : PMIC Fast-charge constant cur
#1261055 07.07.2026 14:09:26 : EVT PMIC : PMIC Fast-charge constant cur
#1261056 07.07.2026 14:09:26 : ERR WBMAIN : *0: app 780 Event 36 80005310
#1261057 07.07.2026 14:09:26 : ERR WBMAIN : 1: mea 32 Wait 0 00000000
#1261058 07.07.2026 14:09:26 : ERR WBMAIN : 2: ui 69 Wait 0 00000000
#1261059 07.07.2026 14:09:26 : EVT PMIC : PMIC Precharge
#1261060 07.07.2026 14:09:26 : EVT PMIC : PMIC Fast-charge constant cur
#1261061 07.07.2026 14:09:26 : EVT PMIC : PMIC Fast-charge constant cur
#1261062 07.07.2026 14:09:26 : EVT PMIC : PMIC Fast-charge constant cur
#1261063 07.07.2026 14:09:26 : EVT PMIC : PMIC Precharge
#1261064 07.07.2026 14:09:26 : EVT PMIC : PMIC Fast-charge constant cur
#1261065 07.07.2026 14:09:26 : EVT PMIC : PMIC Fast-charge constant cur
#1261066 07.07.2026 14:09:26 : EVT PMIC : PMIC Fast-charge constant cur
#1261067 07.07.2026 14:09:26 : EVT PMIC : PMIC Fast-charge constant cur
#1261068 07.07.2026 14:09:26 : EVT PMIC : PMIC Fast-charge constant cur
#1261069 07.07.2026 14:09:26 : EVT PMIC : PMIC Precharge
#1261070 07.07.2026 14:09:26 : EVT PMIC : PMIC Fast-charge constant cur
#1261071 07.07.2026 14:09:26 : EVT PMIC : PMIC Precharge
#1261072 07.07.2026 14:09:27 : EVT PMIC : PMIC Fast-charge constant cur
#1261073 07.07.2026 14:09:27 : EVT PMIC : PMIC Fast-charge constant cur
#1261074 07.07.2026 14:09:27 : EVT PMIC : PMIC Fast-charge constant cur
#1261075 07.07.2026 14:09:27 : EVT PMIC : PMIC Fast-charge constant cur
#1261076 07.07.2026 14:09:27 : EVT PMIC : PMIC Fast-charge constant cur
#1261077 07.07.2026 14:09:27 : EVT PMIC : PMIC Fast-charge constant cur
#1261078 07.07.2026 14:09:27 : EVT PMIC : PMIC Fast-charge constant cur
#1261079 07.07.2026 14:09:27 : EVT PMIC : PMIC Fast-charge constant cur
#1261080 07.07.2026 14:09:27 : EVT PMIC : PMIC Fast-charge constant cur
#1261081 07.07.2026 14:09:27 : EVT PMIC : PMIC Fast-charge constant cur
#1261082 07.07.2026 14:09:27 : EVT PMIC : PMIC Fast-charge constant cur
#1261083 07.07.2026 14:09:27 : EVT PMIC : PMIC Fast-charge constant cur
#1261084 07.07.2026 14:09:27 : EVT PMIC : PMIC Fast-charge constant cur
#1261085 07.07.2026 14:09:27 : EVT PMIC : PMIC Fast-charge constant cur
#1261086 07.07.2026 14:09:27 : EVT PMIC : PMIC Precharge
#1261087 07.07.2026 14:09:27 : EVT PMIC : PMIC Fast-charge constant cur
#1261088 07.07.2026 14:09:27 : EVT PMIC : PMIC Fast-charge constant cur
#1261089 07.07.2026 14:09:27 : EVT PMIC : PMIC Precharge
#1261090 07.07.2026 14:09:27 : EVT PMIC : PMIC Fast-charge constant cur
#1261091 07.07.2026 14:09:27 : EVT PMIC : PMIC Fast-charge constant cur
#1261092 07.07.2026 14:09:27 : EVT PMIC : PMIC Fast-charge constant cur
#1261093 07.07.2026 14:09:27 : EVT PMIC : PMIC Precharge
#1261094 07.07.2026 14:09:27 : EVT PMIC : PMIC Fast-charge constant cur
#1261095 07.07.2026 14:09:27 : EVT PMIC : PMIC Fast-charge constant cur
#1261096 07.07.2026 14:09:27 : EVT PMIC : PMIC Fast-charge constant cur
#1261097 07.07.2026 14:09:27 : EVT PMIC : PMIC Fast-charge constant cur
#1261098 07.07.2026 14:09:27 : EVT PMIC : PMIC Fast-charge constant cur
#1261099 07.07.2026 14:09:27 : EVT PMIC : PMIC Fast-charge constant cur
#1261100 07.07.2026 14:09:27 : EVT PMIC : PMIC Fast-charge constant cur
#1261101 07.07.2026 14:09:27 : EVT PMIC : PMIC Fast-charge constant cur
#1261102 07.07.2026 14:09:27 : EVT PMIC : PMIC Fast-charge constant cur
#1261103 07.07.2026 14:09:27 : EVT PMIC : PMIC Fast-charge constant cur
#1261104 07.07.2026 14:09:27 : EVT PMIC : PMIC Precharge
#1261105 07.07.2026 14:09:27 : EVT PMIC : PMIC Fast-charge constant cur
#1261106 07.07.2026 14:09:27 : EVT PMIC : PMIC Maintain charge
#1261107 07.07.2026 14:09:27 : EVT ANALYTICS : Sync start
#1261108 07.07.2026 14:09:27 : EVT PMIC : PMIC Fast-charge constant cur
#1261109 07.07.2026 14:09:27 : EVT PMIC : PMIC Fast-charge constant cur
#1261110 07.07.2026 14:09:27 : EVT PMIC : PMIC Fast-charge constant cur
#1261111 07.07.2026 14:09:27 : EVT PMIC : PMIC Fast-charge constant cur
#1261112 07.07.2026 14:09:27 : EVT PMIC : PMIC Fast-charge constant cur
#1261113 07.07.2026 14:09:27 : EVT PMIC : PMIC Fast-charge constant cur
#1261114 07.07.2026 14:09:27 : EVT PMIC : PMIC Precharge
#1261115 07.07.2026 14:09:27 : EVT PMIC : PMIC Fast-charge constant cur
#1261116 07.07.2026 14:09:27 : EVT PMIC : PMIC Fast-charge constant cur
#1261117 07.07.2026 14:09:27 : EVT PMIC : PMIC Fast-charge constant cur
#1261118 07.07.2026 14:09:27 : EVT PMIC : PMIC Fast-charge constant cur
#1261119 07.07.2026 14:09:27 : EVT PMIC : PMIC Precharge
#1261120 07.07.2026 14:09:27 : EVT PMIC : PMIC Fast-charge constant cur
#1261121 07.07.2026 14:09:27 : EVT PMIC : PMIC Fast-charge constant cur
#1261122 07.07.2026 14:09:27 : EVT PMIC : PMIC Maintain charge
#1261123 07.07.2026 14:09:27 : EVT PMIC : PMIC Fast-charge constant cur
#1261124 07.07.2026 14:09:27 : EVT PMIC : PMIC Fast-charge constant cur
#1261125 07.07.2026 14:09:27 : EVT PMIC : PMIC Fast-charge constant cur
#1261126 07.07.2026 14:09:27 : EVT PMIC : PMIC Fast-charge constant cur
#1261127 07.07.2026 14:09:27 : EVT PMIC : PMIC Fast-charge constant cur
#1261128 07.07.2026 14:09:27 : EVT PMIC : PMIC Fast-charge constant cur
#1261129 07.07.2026 14:09:27 : EVT PMIC : PMIC Fast-charge constant cur
#1261130 07.07.2026 14:09:27 : EVT PMIC : PMIC Fast-charge constant cur
#1261131 07.07.2026 14:09:27 : EVT ANALYTICS : Sync start
#1261132 07.07.2026 14:09:27 : EVT PMIC : PMIC Fast-charge constant cur
#1261133 07.07.2026 14:09:27 : EVT PMIC : PMIC Fast-charge constant cur
#1261134 07.07.2026 14:09:27 : EVT PMIC : PMIC Fast-charge constant cur
#1261135 07.07.2026 14:09:27 : EVT PMIC : PMIC Fast-charge constant cur
#1261136 07.07.2026 14:09:27 : EVT PMIC : PMIC Fast-charge constant cur
#1261137 07.07.2026 14:09:27 : EVT PMIC : PMIC Fast-charge constant cur
#1261138 07.07.2026 14:09:27 : EVT PMIC : PMIC Fast-charge constant cur
#1261139 07.07.2026 14:09:27 : EVT PMIC : PMIC Fast-charge constant cur
#1261140 07.07.2026 14:09:27 : EVT PMIC : PMIC Fast-charge constant cur
#1261141 07.07.2026 14:09:27 : EVT PMIC : PMIC Precharge
#1261142 07.07.2026 14:09:27 : EVT PMIC : PMIC Fast-charge constant cur
#1261143 07.07.2026 14:09:27 : EVT PMIC : PMIC Fast-charge constant cur
#1261144 07.07.2026 14:09:27 : EVT PMIC : PMIC Fast-charge constant cur
#1261145 07.07.2026 14:09:27 : EVT PMIC : PMIC Fast-charge constant cur
#1261146 07.07.2026 14:09:27 : EVT PMIC : PMIC Fast-charge constant cur
#1261147 07.07.2026 14:09:27 : EVT PMIC : PMIC Fast-charge constant cur
#1261148 07.07.2026 14:09:28 : EVT PMIC : PMIC Fast-charge constant cur
#1261149 07.07.2026 14:09:28 : EVT PMIC : PMIC Fast-charge constant cur
#1261150 07.07.2026 14:09:28 : EVT PMIC : PMIC Fast-charge constant cur
#1261151 07.07.2026 14:09:28 : EVT PMIC : PMIC Fast-charge constant cur
#1261152 07.07.2026 14:09:28 : EVT PMIC : PMIC Fast-charge constant cur
#1261153 07.07.2026 14:09:28 : EVT PMIC : PMIC Fast-charge constant cur
#1261154 07.07.2026 14:09:28 : EVT PMIC : PMIC Fast-charge constant cur
#1261155 07.07.2026 14:09:28 : EVT PMIC : PMIC Fast-charge constant cur
#1261156 07.07.2026 14:09:29 : EVT PMIC : PMIC Maintain charge
#1261157 07.07.2026 14:09:30 : EVT PMIC : PMIC Fast-charge constant cur
#1261158 07.07.2026 14:09:31 : EVT PMIC : PMIC Maintain charge
#1261159 07.07.2026 14:09:31 : EVT WBSTORAGE : CACHE_DEFRAG (696->704, 24->24, 25)
#1261160 07.07.2026 14:09:31 : EVT WBSTORAGE : CACHE_DEFRAG (672->688, 24->24, 25)
#1261161 07.07.2026 14:09:31 : EVT <Unknown> : DL Region List
#1261162 07.07.2026 14:09:31 : EVT WIFI : Pwr up
#1261163 07.07.2026 14:09:32 : EVT PMIC : PMIC Fast-charge constant cur
#1261164 07.07.2026 14:09:32 : EVT PMIC : PMIC Maintain charge
#1261165 07.07.2026 14:09:34 : EVT WBSTORAGE : CACHE_DEFRAG (640->648, 24->24, 25)
#1261166 07.07.2026 14:09:34 : EVT PMIC : PMIC Fast-charge constant cur
#1261167 07.07.2026 14:09:34 : EVT PMIC : PMIC Fast-charge constant cur
#1261168 07.07.2026 14:09:34 : TRC APPLICATION : Zapp climbl01 uninstalled
#1261169 07.07.2026 14:09:34 : EVT PMIC : PMIC Fast-charge constant cur
#1261170 07.07.2026 14:09:34 : EVT PMIC : PMIC Fast-charge constant cur
#1261171 07.07.2026 14:09:34 : EVT PMIC : PMIC Fast-charge constant cur
#1261172 07.07.2026 14:09:34 : EVT PMIC : PMIC Fast-charge constant cur
#1261173 07.07.2026 14:09:34 : EVT PMIC : PMIC Fast-charge constant cur
#1261174 07.07.2026 14:09:34 : EVT PMIC : PMIC Fast-charge constant cur
#1261175 07.07.2026 14:09:34 : EVT PMIC : PMIC Precharge
#1261176 07.07.2026 14:09:34 : EVT PMIC : PMIC Fast-charge constant cur
#1261177 07.07.2026 14:09:34 : EVT PMIC : PMIC Fast-charge constant cur
#1261178 07.07.2026 14:09:34 : EVT PMIC : PMIC Fast-charge constant cur
#1261179 07.07.2026 14:09:34 : EVT PMIC : PMIC Fast-charge constant cur
#1261180 07.07.2026 14:09:34 : EVT PMIC : PMIC Fast-charge constant cur
#1261181 07.07.2026 14:09:34 : EVT PMIC : PMIC Fast-charge constant cur
#1261182 07.07.2026 14:09:34 : EVT PMIC : PMIC Fast-charge constant cur
#1261183 07.07.2026 14:09:34 : EVT PMIC : PMIC Fast-charge constant cur
#1261184 07.07.2026 14:09:34 : EVT PMIC : PMIC Fast-charge constant cur
#1261185 07.07.2026 14:09:34 : EVT PMIC : PMIC Fast-charge constant cur
#1261186 07.07.2026 14:09:34 : EVT PMIC : PMIC Precharge
#1261187 07.07.2026 14:09:34 : EVT PMIC : PMIC Fast-charge constant cur
#1261188 07.07.2026 14:09:34 : EVT PMIC : PMIC Fast-charge constant cur
#1261189 07.07.2026 14:09:34 : EVT PMIC : PMIC Fast-charge constant cur
#1261190 07.07.2026 14:09:34 : EVT PMIC : PMIC Fast-charge constant cur
#1261191 07.07.2026 14:09:34 : EVT PMIC : PMIC Precharge
#1261192 07.07.2026 14:09:34 : EVT PMIC : PMIC Fast-charge constant cur
#1261193 07.07.2026 14:09:34 : EVT PMIC : PMIC Fast-charge constant cur
#1261194 07.07.2026 14:09:34 : EVT PMIC : PMIC Fast-charge constant cur
#1261195 07.07.2026 14:09:34 : EVT PMIC : PMIC Fast-charge constant cur
#1261196 07.07.2026 14:09:34 : EVT PMIC : PMIC Fast-charge constant cur
#1261197 07.07.2026 14:09:34 : EVT PMIC : PMIC Fast-charge constant cur
#1261198 07.07.2026 14:09:34 : EVT PMIC : PMIC Fast-charge constant cur
#1261199 07.07.2026 14:09:34 : EVT PMIC : PMIC Fast-charge constant cur
#1261200 07.07.2026 14:09:34 : EVT PMIC : PMIC Fast-charge constant cur
#1261201 07.07.2026 14:09:34 : EVT PMIC : PMIC Fast-charge constant cur
#1261202 07.07.2026 14:09:34 : EVT PMIC : PMIC Fast-charge constant cur
#1261203 07.07.2026 14:09:34 : EVT PMIC : PMIC Fast-charge constant cur
#1261204 07.07.2026 14:09:34 : EVT PMIC : PMIC Fast-charge constant cur
#1261205 07.07.2026 14:09:34 : EVT PMIC : PMIC Fast-charge constant cur
#1261206 07.07.2026 14:09:34 : EVT PMIC : PMIC Fast-charge constant cur
#1261207 07.07.2026 14:09:34 : EVT PMIC : PMIC Precharge
#1261208 07.07.2026 14:09:34 : EVT PMIC : PMIC Fast-charge constant cur
#1261209 07.07.2026 14:09:34 : EVT PMIC : PMIC Precharge
#1261210 07.07.2026 14:09:34 : EVT PMIC : PMIC Fast-charge constant cur
#1261211 07.07.2026 14:09:34 : EVT PMIC : PMIC Precharge
#1261212 07.07.2026 14:09:34 : EVT PMIC : PMIC Fast-charge constant cur
#1261213 07.07.2026 14:09:34 : EVT PMIC : PMIC Fast-charge constant cur
#1261214 07.07.2026 14:09:35 : EVT PMIC : PMIC Fast-charge constant cur
#1261215 07.07.2026 14:09:35 : EVT PMIC : PMIC Fast-charge constant cur
#1261216 07.07.2026 14:09:35 : EVT PMIC : PMIC Fast-charge constant cur
#1261217 07.07.2026 14:09:35 : EVT PMIC : PMIC Precharge
#1261218 07.07.2026 14:09:35 : EVT PMIC : PMIC Fast-charge constant cur
#1261219 07.07.2026 14:09:35 : EVT PMIC : PMIC Fast-charge constant cur
#1261220 07.07.2026 14:09:35 : EVT PMIC : PMIC Fast-charge constant cur
#1261221 07.07.2026 14:09:35 : EVT PMIC : PMIC Fast-charge constant cur
#1261222 07.07.2026 14:09:35 : EVT PMIC : PMIC Fast-charge constant cur
#1261223 07.07.2026 14:09:35 : EVT PMIC : PMIC Fast-charge constant cur
#1261224 07.07.2026 14:09:35 : EVT PMIC : PMIC Precharge
#1261225 07.07.2026 14:09:35 : EVT PMIC : PMIC Fast-charge constant cur
#1261226 07.07.2026 14:09:35 : EVT PMIC : PMIC Fast-charge constant cur
#1261227 07.07.2026 14:09:35 : EVT PMIC : PMIC Precharge
#1261228 07.07.2026 14:09:35 : EVT PMIC : PMIC Fast-charge constant cur
#1261229 07.07.2026 14:09:35 : EVT PMIC : PMIC Fast-charge constant cur
#1261230 07.07.2026 14:09:35 : EVT PMIC : PMIC Fast-charge constant cur
#1261231 07.07.2026 14:09:35 : EVT PMIC : PMIC Fast-charge constant cur
#1261232 07.07.2026 14:09:35 : EVT PMIC : PMIC Fast-charge constant cur
#1261233 07.07.2026 14:09:35 : EVT PMIC : PMIC Fast-charge constant cur
#1261234 07.07.2026 14:09:35 : EVT PMIC : PMIC Fast-charge constant cur
#1261235 07.07.2026 14:09:35 : EVT PMIC : PMIC Fast-charge constant cur
#1261236 07.07.2026 14:09:35 : EVT PMIC : PMIC Fast-charge constant cur
#1261237 07.07.2026 14:09:35 : EVT PMIC : PMIC Fast-charge constant cur
#1261238 07.07.2026 14:09:35 : EVT PMIC : PMIC Precharge
#1261239 07.07.2026 14:09:35 : EVT PMIC : PMIC Fast-charge constant cur
#1261240 07.07.2026 14:09:35 : EVT PMIC : PMIC Fast-charge constant cur
#1261241 07.07.2026 14:09:35 : EVT PMIC : PMIC Fast-charge constant cur
#1261242 07.07.2026 14:09:35 : EVT PMIC : PMIC Fast-charge constant cur
#1261243 07.07.2026 14:09:35 : EVT PMIC : PMIC Fast-charge constant cur
#1261244 07.07.2026 14:09:35 : EVT PMIC : PMIC Fast-charge constant cur
#1261245 07.07.2026 14:09:35 : EVT PMIC : PMIC Fast-charge constant cur
#1261246 07.07.2026 14:09:35 : EVT PMIC : PMIC Fast-charge constant cur
#1261247 07.07.2026 14:09:35 : EVT PMIC : PMIC Fast-charge constant cur
#1261248 07.07.2026 14:09:35 : EVT PMIC : PMIC Fast-charge constant cur
#1261249 07.07.2026 14:09:35 : EVT PMIC : PMIC Fast-charge constant cur
#1261250 07.07.2026 14:09:35 : EVT PMIC : PMIC Fast-charge constant cur
#1261251 07.07.2026 14:09:35 : EVT PMIC : PMIC Precharge
#1261252 07.07.2026 14:09:35 : EVT PMIC : PMIC Fast-charge constant cur
#1261253 07.07.2026 14:09:35 : EVT PMIC : PMIC Fast-charge constant cur
#1261254 07.07.2026 14:09:35 : EVT PMIC : PMIC Fast-charge constant cur
#1261255 07.07.2026 14:09:35 : EVT PMIC : PMIC Fast-charge constant cur
#1261256 07.07.2026 14:09:35 : EVT PMIC : PMIC Fast-charge constant cur
#1261257 07.07.2026 14:09:35 : EVT PMIC : PMIC Fast-charge constant cur
#1261258 07.07.2026 14:09:35 : EVT PMIC : PMIC Fast-charge constant cur
#1261259 07.07.2026 14:09:35 : EVT PMIC : PMIC Fast-charge constant cur
#1261260 07.07.2026 14:09:35 : EVT PMIC : PMIC Fast-charge constant cur
#1261261 07.07.2026 14:09:35 : EVT PMIC : PMIC Fast-charge constant cur
#1261262 07.07.2026 14:09:35 : EVT PMIC : PMIC Fast-charge constant cur
#1261263 07.07.2026 14:09:35 : ERR WBMAIN : *0: app 1191 Event 36 80005310
#1261264 07.07.2026 14:09:35 : EVT PMIC : PMIC Fast-charge constant cur
#1261265 07.07.2026 14:09:35 : ERR WBMAIN : 1: mea 0 DPC 1 0053d827
#1261266 07.07.2026 14:09:35 : ERR WBMAIN : 2: ui 35 Wait 0 00000000
#1261267 07.07.2026 14:09:35 : EVT PMIC : PMIC Fast-charge constant cur
#1261268 07.07.2026 14:09:35 : EVT PMIC : PMIC Fast-charge constant cur
#1261269 07.07.2026 14:09:35 : EVT PMIC : PMIC Fast-charge constant cur
#1261270 07.07.2026 14:09:35 : EVT PMIC : PMIC Fast-charge constant cur
#1261271 07.07.2026 14:09:35 : EVT PMIC : PMIC Fast-charge constant cur
#1261272 07.07.2026 14:09:35 : EVT PMIC : PMIC Fast-charge constant cur
#1261273 07.07.2026 14:09:35 : EVT PMIC : PMIC Fast-charge constant cur
#1261274 07.07.2026 14:09:35 : EVT PMIC : PMIC Maintain charge
#1261275 07.07.2026 14:09:35 : EVT PMIC : PMIC Fast-charge constant cur
#1261276 07.07.2026 14:09:35 : EVT PMIC : PMIC Precharge
#1261277 07.07.2026 14:09:35 : EVT PMIC : PMIC Fast-charge constant cur
#1261278 07.07.2026 14:09:35 : EVT PMIC : PMIC Fast-charge constant cur
#1261279 07.07.2026 14:09:35 : EVT PMIC : PMIC Fast-charge constant cur
#1261280 07.07.2026 14:09:35 : EVT PMIC : PMIC Precharge
#1261281 07.07.2026 14:09:35 : EVT PMIC : PMIC Fast-charge constant cur
#1261282 07.07.2026 14:09:35 : EVT PMIC : PMIC Fast-charge constant cur
#1261283 07.07.2026 14:09:35 : EVT PMIC : PMIC Fast-charge constant cur
#1261284 07.07.2026 14:09:35 : EVT PMIC : PMIC Fast-charge constant cur
#1261285 07.07.2026 14:09:35 : EVT PMIC : PMIC Fast-charge constant cur
#1261286 07.07.2026 14:09:35 : EVT PMIC : PMIC Fast-charge constant cur
#1261287 07.07.2026 14:09:36 : EVT PMIC : PMIC Precharge
#1261288 07.07.2026 14:09:36 : EVT PMIC : PMIC Fast-charge constant cur
#1261289 07.07.2026 14:09:36 : EVT PMIC : PMIC Fast-charge constant cur
#1261290 07.07.2026 14:09:36 : EVT PMIC : PMIC Fast-charge constant cur
#1261291 07.07.2026 14:09:36 : EVT PMIC : PMIC Fast-charge constant cur
#1261292 07.07.2026 14:09:36 : EVT PMIC : PMIC Fast-charge constant cur
#1261293 07.07.2026 14:09:36 : EVT PMIC : PMIC Precharge
#1261294 07.07.2026 14:09:36 : EVT PMIC : PMIC Fast-charge constant cur
#1261295 07.07.2026 14:09:36 : EVT PMIC : PMIC Fast-charge constant cur
#1261296 07.07.2026 14:09:36 : EVT PMIC : PMIC Fast-charge constant cur
#1261297 07.07.2026 14:09:36 : EVT PMIC : PMIC Fast-charge constant cur
#1261298 07.07.2026 14:09:36 : EVT PMIC : PMIC Fast-charge constant cur
#1261299 07.07.2026 14:09:36 : EVT PMIC : PMIC Precharge
#1261300 07.07.2026 14:09:36 : EVT PMIC : PMIC Fast-charge constant cur
#1261301 07.07.2026 14:09:36 : EVT PMIC : PMIC Fast-charge constant cur
#1261302 07.07.2026 14:09:36 : EVT PMIC : PMIC Fast-charge constant cur
#1261303 07.07.2026 14:09:36 : EVT PMIC : PMIC Fast-charge constant cur
#1261304 07.07.2026 14:09:36 : EVT PMIC : PMIC Fast-charge constant cur
#1261305 07.07.2026 14:09:36 : EVT PMIC : PMIC Fast-charge constant cur
#1261306 07.07.2026 14:09:36 : EVT PMIC : PMIC Fast-charge constant cur
#1261307 07.07.2026 14:09:36 : EVT PMIC : PMIC Fast-charge constant cur
#1261308 07.07.2026 14:09:36 : EVT PMIC : PMIC Fast-charge constant cur
#1261309 07.07.2026 14:09:36 : EVT ANALYTICS : Sync start
#1261310 07.07.2026 14:09:36 : EVT PMIC : PMIC Fast-charge constant cur
#1261311 07.07.2026 14:09:36 : EVT PMIC : PMIC Fast-charge constant cur
#1261312 07.07.2026 14:09:36 : EVT PMIC : PMIC Fast-charge constant cur
#1261313 07.07.2026 14:09:36 : EVT PMIC : PMIC Fast-charge constant cur
#1261314 07.07.2026 14:09:36 : EVT PMIC : PMIC Fast-charge constant cur
#1261315 07.07.2026 14:09:36 : EVT PMIC : PMIC Fast-charge constant cur
#1261316 07.07.2026 14:09:36 : EVT PMIC : PMIC Fast-charge constant cur
#1261317 07.07.2026 14:09:36 : EVT PMIC : PMIC Fast-charge constant cur
#1261318 07.07.2026 14:09:36 : EVT PMIC : PMIC Fast-charge constant cur
#1261319 07.07.2026 14:09:36 : EVT PMIC : PMIC Fast-charge constant cur
#1261320 07.07.2026 14:09:36 : EVT PMIC : PMIC Fast-charge constant cur
#1261321 07.07.2026 14:09:36 : EVT PMIC : PMIC Precharge
#1261322 07.07.2026 14:09:36 : EVT PMIC : PMIC Fast-charge constant cur
#1261323 07.07.2026 14:09:36 : EVT PMIC : PMIC Fast-charge constant cur
#1261324 07.07.2026 14:09:36 : EVT PMIC : PMIC Fast-charge constant cur
#1261325 07.07.2026 14:09:36 : EVT PMIC : PMIC Fast-charge constant cur
#1261326 07.07.2026 14:09:36 : EVT PMIC : PMIC Precharge
#1261327 07.07.2026 14:09:36 : EVT PMIC : PMIC Fast-charge constant cur
#1261328 07.07.2026 14:09:36 : EVT PMIC : PMIC Fast-charge constant cur
#1261329 07.07.2026 14:09:36 : EVT PMIC : PMIC Fast-charge constant cur
#1261330 07.07.2026 14:09:36 : EVT PMIC : PMIC Fast-charge constant cur
#1261331 07.07.2026 14:09:36 : EVT PMIC : PMIC Fast-charge constant cur
#1261332 07.07.2026 14:09:36 : EVT PMIC : PMIC Precharge
#1261333 07.07.2026 14:09:36 : EVT PMIC : PMIC Fast-charge constant cur
#1261334 07.07.2026 14:09:36 : EVT PMIC : PMIC Fast-charge constant cur
#1261335 07.07.2026 14:09:36 : EVT PMIC : PMIC Precharge
#1261336 07.07.2026 14:09:36 : EVT PMIC : PMIC Fast-charge constant cur
#1261337 07.07.2026 14:09:36 : EVT PMIC : PMIC Fast-charge constant cur
#1261338 07.07.2026 14:09:36 : EVT PMIC : PMIC Fast-charge constant cur
#1261339 07.07.2026 14:09:36 : EVT PMIC : PMIC Fast-charge constant cur
#1261340 07.07.2026 14:09:36 : EVT PMIC : PMIC Fast-charge constant cur
#1261341 07.07.2026 14:09:36 : EVT ANALYTICS : Sync start
#1261342 07.07.2026 14:09:36 : EVT PMIC : PMIC Maintain charge
#1261343 07.07.2026 14:09:36 : EVT PMIC : PMIC Precharge
#1261344 07.07.2026 14:09:36 : EVT PMIC : PMIC Fast-charge constant cur
#1261345 07.07.2026 14:09:36 : EVT PMIC : PMIC Fast-charge constant cur
#1261346 07.07.2026 14:09:36 : EVT PMIC : PMIC Fast-charge constant cur
#1261347 07.07.2026 14:09:36 : EVT PMIC : PMIC Fast-charge constant cur
#1261348 07.07.2026 14:09:36 : EVT PMIC : PMIC Fast-charge constant cur
#1261349 07.07.2026 14:09:36 : EVT PMIC : PMIC Fast-charge constant cur
#1261350 07.07.2026 14:09:36 : EVT PMIC : PMIC Fast-charge constant cur
#1261351 07.07.2026 14:09:36 : EVT PMIC : PMIC Fast-charge constant cur
#1261352 07.07.2026 14:09:36 : EVT PMIC : PMIC Fast-charge constant cur
#1261353 07.07.2026 14:09:36 : EVT PMIC : PMIC Fast-charge constant cur
#1261354 07.07.2026 14:09:36 : EVT PMIC : PMIC Fast-charge constant cur
#1261355 07.07.2026 14:09:36 : EVT PMIC : PMIC Fast-charge constant cur
#1261356 07.07.2026 14:09:36 : EVT PMIC : PMIC Fast-charge constant cur
#1261357 07.07.2026 14:09:36 : EVT PMIC : PMIC Fast-charge constant cur
#1261358 07.07.2026 14:09:36 : EVT PMIC : PMIC Fast-charge constant cur
#1261359 07.07.2026 14:09:36 : EVT PMIC : PMIC Fast-charge constant cur
#1261360 07.07.2026 14:09:36 : EVT PMIC : PMIC Precharge
#1261361 07.07.2026 14:09:36 : EVT PMIC : PMIC Fast-charge constant cur
#1261362 07.07.2026 14:09:36 : EVT PMIC : PMIC Fast-charge constant cur
#1261363 07.07.2026 14:09:36 : EVT PMIC : PMIC Fast-charge constant cur
#1261364 07.07.2026 14:09:36 : EVT PMIC : PMIC Fast-charge constant cur
#1261365 07.07.2026 14:09:36 : EVT PMIC : PMIC Fast-charge constant cur
#1261366 07.07.2026 14:09:36 : EVT PMIC : PMIC Fast-charge constant cur
#1261367 07.07.2026 14:09:36 : EVT PMIC : PMIC Fast-charge constant cur
#1261368 07.07.2026 14:09:36 : EVT PMIC : PMIC Fast-charge constant cur
#1261369 07.07.2026 14:09:36 : EVT PMIC : PMIC Fast-charge constant cur
#1261370 07.07.2026 14:09:36 : EVT PMIC : PMIC Precharge
#1261371 07.07.2026 14:09:36 : EVT PMIC : PMIC Fast-charge constant cur
#1261372 07.07.2026 14:09:36 : EVT PMIC : PMIC Fast-charge constant cur
#1261373 07.07.2026 14:09:36 : EVT PMIC : PMIC Fast-charge constant cur
#1261374 07.07.2026 14:09:36 : EVT PMIC : PMIC Fast-charge constant cur
#1261375 07.07.2026 14:09:36 : EVT PMIC : PMIC Precharge
#1261376 07.07.2026 14:09:36 : EVT PMIC : PMIC Fast-charge constant cur
#1261377 07.07.2026 14:09:37 : EVT PMIC : PMIC Fast-charge constant cur
#1261378 07.07.2026 14:09:37 : EVT PMIC : PMIC Fast-charge constant cur
#1261379 07.07.2026 14:09:37 : EVT PMIC : PMIC Fast-charge constant cur
#1261380 07.07.2026 14:09:37 : EVT PMIC : PMIC Fast-charge constant cur
#1261381 07.07.2026 14:09:37 : EVT PMIC : PMIC Fast-charge constant cur
#1261382 07.07.2026 14:09:37 : EVT PMIC : PMIC Fast-charge constant cur
#1261383 07.07.2026 14:09:37 : EVT PMIC : PMIC Fast-charge constant cur
#1261384 07.07.2026 14:09:37 : EVT PMIC : PMIC Fast-charge constant cur
#1261385 07.07.2026 14:09:37 : EVT PMIC : PMIC Fast-charge constant cur
#1261386 07.07.2026 14:09:37 : EVT PMIC : PMIC Fast-charge constant cur
#1261387 07.07.2026 14:09:37 : EVT PMIC : PMIC Fast-charge constant cur
#1261388 07.07.2026 14:09:37 : EVT PMIC : PMIC Fast-charge constant cur
#1261389 07.07.2026 14:09:38 : EVT WIFI : pwr up
#1261390 07.07.2026 14:09:38 : EVT WIFI : SDK Ver(3.2.8.1)
#1261391 07.07.2026 14:09:38 : EVT WIFI : Scann APs (1/3)
#1261392 07.07.2026 14:09:38 : EVT PMIC : PMIC Maintain charge
#1261393 07.07.2026 14:09:38 : EVT PMIC : PMIC Fast-charge constant cur
#1261394 07.07.2026 14:09:38 : EVT PMIC : PMIC Fast-charge constant cur
#1261395 07.07.2026 14:09:39 : EVT PMIC : PMIC Fast-charge constant cur
#1261396 07.07.2026 14:09:39 : EVT WIFI : APs scanned:12
#1261397 07.07.2026 14:09:39 : EVT WBSTORAGE : CACHE_DEFRAG (632->640, 24->24, 25)
#1261398 07.07.2026 14:09:39 : WRN WIFI : No APs matched to connect
#1261399 07.07.2026 14:09:39 : EVT WIFI : Scann APs (2/3)
#1261400 07.07.2026 14:09:39 : EVT PMIC : PMIC Fast-charge constant cur
#1261401 07.07.2026 14:09:39 : EVT PMIC : PMIC Fast-charge constant cur
#1261402 07.07.2026 14:09:39 : EVT PMIC : PMIC Fast-charge constant cur
#1261403 07.07.2026 14:09:39 : EVT PMIC : PMIC Fast-charge constant cur
#1261404 07.07.2026 14:09:39 : EVT PMIC : PMIC Fast-charge constant cur
#1261405 07.07.2026 14:09:39 : EVT PMIC : PMIC Maintain charge
#1261406 07.07.2026 14:09:39 : EVT PMIC : PMIC Fast-charge constant cur
#1261407 07.07.2026 14:09:39 : EVT PMIC : PMIC Fast-charge constant cur
#1261408 07.07.2026 14:09:39 : EVT WIFI : APs scanned:15
#1261409 07.07.2026 14:09:39 : WRN WIFI : No APs matched to connect
#1261410 07.07.2026 14:09:39 : EVT WIFI : Scann APs (3/3)
#1261411 07.07.2026 14:09:40 : EVT PMIC : PMIC Fast-charge constant cur
#1261412 07.07.2026 14:09:40 : EVT PMIC : PMIC Fast-charge constant cur
#1261413 07.07.2026 14:09:40 : EVT PMIC : PMIC Fast-charge constant cur
#1261414 07.07.2026 14:09:40 : EVT PMIC : PMIC Fast-charge constant cur
#1261415 07.07.2026 14:09:40 : EVT PMIC : PMIC Fast-charge constant cur
#1261416 07.07.2026 14:09:40 : EVT PMIC : PMIC Fast-charge constant cur
#1261417 07.07.2026 14:09:40 : EVT PMIC : PMIC Fast-charge constant cur
#1261418 07.07.2026 14:09:40 : EVT PMIC : PMIC Fast-charge constant cur
#1261419 07.07.2026 14:09:40 : EVT PMIC : PMIC Fast-charge constant cur
#1261420 07.07.2026 14:09:40 : EVT PMIC : PMIC Precharge
#1261421 07.07.2026 14:09:40 : EVT PMIC : PMIC Fast-charge constant cur
#1261422 07.07.2026 14:09:40 : EVT PMIC : PMIC Fast-charge constant cur
#1261423 07.07.2026 14:09:40 : EVT PMIC : PMIC Fast-charge constant cur
#1261424 07.07.2026 14:09:40 : EVT PMIC : PMIC Fast-charge constant cur
#1261425 07.07.2026 14:09:40 : EVT PMIC : PMIC Fast-charge constant cur
#1261426 07.07.2026 14:09:40 : EVT PMIC : PMIC Fast-charge constant cur
#1261427 07.07.2026 14:09:40 : EVT PMIC : PMIC Fast-charge constant cur
#1261428 07.07.2026 14:09:40 : EVT PMIC : PMIC Fast-charge constant cur
#1261429 07.07.2026 14:09:40 : EVT PMIC : PMIC Fast-charge constant cur
#1261430 07.07.2026 14:09:40 : EVT PMIC : PMIC Fast-charge constant cur
#1261431 07.07.2026 14:09:40 : EVT PMIC : PMIC Precharge
#1261432 07.07.2026 14:09:40 : EVT PMIC : PMIC Fast-charge constant cur
#1261433 07.07.2026 14:09:40 : EVT PMIC : PMIC Fast-charge constant cur
#1261434 07.07.2026 14:09:40 : EVT PMIC : PMIC Fast-charge constant cur
#1261435 07.07.2026 14:09:40 : EVT PMIC : PMIC Fast-charge constant cur
#1261436 07.07.2026 14:09:40 : EVT PMIC : PMIC Fast-charge constant cur
#1261437 07.07.2026 14:09:40 : EVT PMIC : PMIC Fast-charge constant cur
#1261438 07.07.2026 14:09:40 : EVT PMIC : PMIC Fast-charge constant cur
#1261439 07.07.2026 14:09:40 : EVT PMIC : PMIC Fast-charge constant cur
#1261440 07.07.2026 14:09:40 : EVT PMIC : PMIC Fast-charge constant cur
#1261441 07.07.2026 14:09:40 : EVT PMIC : PMIC Fast-charge constant cur
#1261442 07.07.2026 14:09:40 : EVT PMIC : PMIC Fast-charge constant cur
#1261443 07.07.2026 14:09:40 : EVT PMIC : PMIC Fast-charge constant cur
#1261444 07.07.2026 14:09:40 : EVT PMIC : PMIC Fast-charge constant cur
#1261445 07.07.2026 14:09:40 : EVT PMIC : PMIC Fast-charge constant cur
#1261446 07.07.2026 14:09:40 : EVT PMIC : PMIC Fast-charge constant cur
#1261447 07.07.2026 14:09:40 : EVT PMIC : PMIC Precharge
#1261448 07.07.2026 14:09:40 : EVT PMIC : PMIC Fast-charge constant cur
#1261449 07.07.2026 14:09:40 : EVT WIFI : APs scanned:14
#1261450 07.07.2026 14:09:40 : WRN WIFI : No APs matched to connect
#1261451 07.07.2026 14:09:40 : EVT WIFI : Internal connect ret:103
#1261452 07.07.2026 14:09:40 : ERR <Unknown> : DL GET resultCode=500
#1261453 07.07.2026 14:09:40 : EVT <Unknown> : DL try retry after 900000 ms
#1261454 07.07.2026 14:09:40 : EVT PMIC : PMIC Fast-charge constant cur
#1261455 07.07.2026 14:09:40 : EVT PMIC : PMIC Fast-charge constant cur
#1261456 07.07.2026 14:09:40 : EVT PMIC : PMIC Fast-charge constant cur
#1261457 07.07.2026 14:09:40 : EVT PMIC : PMIC Fast-charge constant cur
#1261458 07.07.2026 14:09:40 : EVT PMIC : PMIC Fast-charge constant cur
#1261459 07.07.2026 14:09:40 : EVT PMIC : PMIC Fast-charge constant cur
#1261460 07.07.2026 14:09:40 : EVT PMIC : PMIC Fast-charge constant cur
#1261461 07.07.2026 14:09:40 : EVT PMIC : PMIC Fast-charge constant cur
#1261462 07.07.2026 14:09:40 : EVT PMIC : PMIC Fast-charge constant cur
#1261463 07.07.2026 14:09:40 : EVT PMIC : PMIC Fast-charge constant cur
#1261464 07.07.2026 14:09:40 : EVT PMIC : PMIC Fast-charge constant cur
#1261465 07.07.2026 14:09:40 : EVT PMIC : PMIC Fast-charge constant cur
#1261466 07.07.2026 14:09:40 : EVT PMIC : PMIC Precharge
#1261467 07.07.2026 14:09:40 : EVT PMIC : PMIC Fast-charge constant cur
#1261468 07.07.2026 14:09:40 : EVT PMIC : PMIC Fast-charge constant cur
#1261469 07.07.2026 14:09:40 : EVT PMIC : PMIC Fast-charge constant cur
#1261470 07.07.2026 14:09:40 : EVT PMIC : PMIC Fast-charge constant cur
#1261471 07.07.2026 14:09:41 : EVT PMIC : PMIC Fast-charge constant cur
#1261472 07.07.2026 14:09:41 : EVT PMIC : PMIC Fast-charge constant cur
#1261473 07.07.2026 14:09:41 : EVT PMIC : PMIC Fast-charge constant cur
#1261474 07.07.2026 14:09:41 : EVT PMIC : PMIC Fast-charge constant cur
#1261475 07.07.2026 14:09:41 : EVT PMIC : PMIC Fast-charge constant cur
#1261476 07.07.2026 14:09:41 : EVT PMIC : PMIC Fast-charge constant cur
#1261477 07.07.2026 14:09:41 : EVT PMIC : PMIC Precharge
#1261478 07.07.2026 14:09:41 : EVT PMIC : PMIC Fast-charge constant cur
#1261479 07.07.2026 14:09:41 : EVT PMIC : PMIC Fast-charge constant cur
#1261480 07.07.2026 14:09:41 : EVT PMIC : PMIC Fast-charge constant cur
#1261481 07.07.2026 14:09:41 : EVT PMIC : PMIC Fast-charge constant cur
#1261482 07.07.2026 14:09:41 : EVT PMIC : PMIC Precharge
#1261483 07.07.2026 14:09:41 : EVT PMIC : PMIC Fast-charge constant cur
#1261484 07.07.2026 14:09:41 : EVT PMIC : PMIC Fast-charge constant cur
#1261485 07.07.2026 14:09:41 : EVT PMIC : PMIC Precharge
#1261486 07.07.2026 14:09:41 : EVT PMIC : PMIC Fast-charge constant cur
#1261487 07.07.2026 14:09:41 : EVT PMIC : PMIC Fast-charge constant cur
#1261488 07.07.2026 14:09:41 : EVT PMIC : PMIC Fast-charge constant cur
#1261489 07.07.2026 14:09:41 : EVT PMIC : PMIC Fast-charge constant cur
#1261490 07.07.2026 14:09:41 : EVT PMIC : PMIC Fast-charge constant cur
#1261491 07.07.2026 14:09:41 : EVT PMIC : PMIC Fast-charge constant cur
#1261492 07.07.2026 14:09:41 : EVT PMIC : PMIC Fast-charge constant cur
#1261493 07.07.2026 14:09:41 : EVT PMIC : PMIC Fast-charge constant cur
#1261494 07.07.2026 14:09:41 : EVT PMIC : PMIC Fast-charge constant cur
#1261495 07.07.2026 14:09:41 : EVT PMIC : PMIC Fast-charge constant cur
#1261496 07.07.2026 14:09:41 : EVT PMIC : PMIC Fast-charge constant cur
#1261497 07.07.2026 14:09:41 : EVT PMIC : PMIC Fast-charge constant cur
#1261498 07.07.2026 14:09:41 : EVT PMIC : PMIC Fast-charge constant cur
#1261499 07.07.2026 14:09:41 : EVT PMIC : PMIC Fast-charge constant cur
#1261500 07.07.2026 14:09:41 : EVT PMIC : PMIC Fast-charge constant cur
#1261501 07.07.2026 14:09:41 : EVT PMIC : PMIC Fast-charge constant cur
#1261502 07.07.2026 14:09:41 : EVT PMIC : PMIC Fast-charge constant cur
#1261503 07.07.2026 14:09:41 : EVT PMIC : PMIC Fast-charge constant cur
#1261504 07.07.2026 14:09:41 : EVT PMIC : PMIC Fast-charge constant cur
#1261505 07.07.2026 14:09:41 : EVT PMIC : PMIC Fast-charge constant cur
#1261506 07.07.2026 14:09:41 : EVT PMIC : PMIC Fast-charge constant cur
#1261507 07.07.2026 14:09:41 : EVT PMIC : PMIC Precharge
#1261508 07.07.2026 14:09:41 : EVT PMIC : PMIC Fast-charge constant cur
#1261509 07.07.2026 14:09:41 : EVT PMIC : PMIC Fast-charge constant cur
#1261510 07.07.2026 14:09:41 : EVT PMIC : PMIC Fast-charge constant cur
#1261511 07.07.2026 14:09:41 : EVT PMIC : PMIC Fast-charge constant cur
#1261512 07.07.2026 14:09:41 : EVT PMIC : PMIC Fast-charge constant cur
#1261513 07.07.2026 14:09:41 : EVT PMIC : PMIC Precharge
#1261514 07.07.2026 14:09:41 : EVT APPLICATION : Plugin climbl01.zip as type:[2]
#1261515 07.07.2026 14:09:41 : EVT PMIC : PMIC Fast-charge constant cur
#1261516 07.07.2026 14:09:41 : EVT PMIC : PMIC Fast-charge constant cur
#1261517 07.07.2026 14:09:41 : EVT PMIC : PMIC Precharge
#1261518 07.07.2026 14:09:41 : EVT PMIC : PMIC Fast-charge constant cur
#1261519 07.07.2026 14:09:41 : EVT PMIC : PMIC Fast-charge constant cur
#1261520 07.07.2026 14:09:41 : EVT PMIC : PMIC Fast-charge constant cur
#1261521 07.07.2026 14:09:41 : EVT PMIC : PMIC Fast-charge constant cur
#1261522 07.07.2026 14:09:41 : EVT PMIC : PMIC Precharge
#1261523 07.07.2026 14:09:41 : EVT PMIC : PMIC Fast-charge constant cur
#1261524 07.07.2026 14:09:41 : EVT PMIC : PMIC Fast-charge constant cur
#1261525 07.07.2026 14:09:41 : EVT PMIC : PMIC Fast-charge constant cur
#1261526 07.07.2026 14:09:41 : EVT PMIC : PMIC Fast-charge constant cur
#1261527 07.07.2026 14:09:41 : EVT PMIC : PMIC Fast-charge constant cur
#1261528 07.07.2026 14:09:41 : EVT PMIC : PMIC Fast-charge constant cur
#1261529 07.07.2026 14:09:41 : EVT PMIC : PMIC Fast-charge constant cur
#1261530 07.07.2026 14:09:41 : EVT PMIC : PMIC Fast-charge constant cur
#1261531 07.07.2026 14:09:41 : EVT PMIC : PMIC Fast-charge constant cur
#1261532 07.07.2026 14:09:41 : EVT PMIC : PMIC Fast-charge constant cur
#1261533 07.07.2026 14:09:41 : EVT PMIC : PMIC Fast-charge constant cur
#1261534 07.07.2026 14:09:41 : EVT PMIC : PMIC Fast-charge constant cur
#1261535 07.07.2026 14:09:41 : EVT PMIC : PMIC Fast-charge constant cur
#1261536 07.07.2026 14:09:41 : EVT PMIC : PMIC Fast-charge constant cur
#1261537 07.07.2026 14:09:41 : EVT PMIC : PMIC Fast-charge constant cur
#1261538 07.07.2026 14:09:41 : EVT PMIC : PMIC Fast-charge constant cur
#1261539 07.07.2026 14:09:41 : EVT PMIC : PMIC Fast-charge constant cur
#1261540 07.07.2026 14:09:41 : EVT PMIC : PMIC Fast-charge constant cur
#1261541 07.07.2026 14:09:41 : EVT PMIC : PMIC Fast-charge constant cur
#1261542 07.07.2026 14:09:41 : EVT PMIC : PMIC Fast-charge constant cur
#1261543 07.07.2026 14:09:41 : EVT PMIC : PMIC Fast-charge constant cur
#1261544 07.07.2026 14:09:41 : EVT PMIC : PMIC Fast-charge constant cur
#1261545 07.07.2026 14:09:41 : EVT PMIC : PMIC Fast-charge constant cur
#1261546 07.07.2026 14:09:41 : EVT PMIC : PMIC Fast-charge constant cur
#1261547 07.07.2026 14:09:41 : EVT PMIC : PMIC Fast-charge constant cur
#1261548 07.07.2026 14:09:41 : EVT PMIC : PMIC Precharge
#1261549 07.07.2026 14:09:41 : EVT PMIC : PMIC Fast-charge constant cur
#1261550 07.07.2026 14:09:41 : EVT PMIC : PMIC Fast-charge constant cur
#1261551 07.07.2026 14:09:41 : EVT PMIC : PMIC Fast-charge constant cur
#1261552 07.07.2026 14:09:41 : EVT PMIC : PMIC Fast-charge constant cur
#1261553 07.07.2026 14:09:41 : EVT PMIC : PMIC Fast-charge constant cur
#1261554 07.07.2026 14:09:41 : EVT PMIC : PMIC Fast-charge constant cur
#1261555 07.07.2026 14:09:41 : EVT PMIC : PMIC Fast-charge constant cur
#1261556 07.07.2026 14:09:41 : EVT PMIC : PMIC Fast-charge constant cur
#1261557 07.07.2026 14:09:41 : EVT PMIC : PMIC Fast-charge constant cur
#1261558 07.07.2026 14:09:41 : EVT PMIC : PMIC Fast-charge constant cur
#1261559 07.07.2026 14:09:41 : EVT PMIC : PMIC Fast-charge constant cur
#1261560 07.07.2026 14:09:41 : EVT PMIC : PMIC Fast-charge constant cur
#1261561 07.07.2026 14:09:41 : EVT PMIC : PMIC Fast-charge constant cur
#1261562 07.07.2026 14:09:41 : EVT PMIC : PMIC Precharge
#1261563 07.07.2026 14:09:41 : EVT PMIC : PMIC Fast-charge constant cur
#1261564 07.07.2026 14:09:41 : EVT PMIC : PMIC Fast-charge constant cur
#1261565 07.07.2026 14:09:41 : EVT PMIC : PMIC Fast-charge constant cur
#1261566 07.07.2026 14:09:41 : EVT PMIC : PMIC Fast-charge constant cur
#1261567 07.07.2026 14:09:41 : EVT PMIC : PMIC Precharge
#1261568 07.07.2026 14:09:41 : EVT PMIC : PMIC Fast-charge constant cur
#1261569 07.07.2026 14:09:42 : EVT PMIC : PMIC Fast-charge constant cur
#1261570 07.07.2026 14:09:42 : EVT PMIC : PMIC Fast-charge constant cur
#1261571 07.07.2026 14:09:42 : EVT PMIC : PMIC Fast-charge constant cur
#1261572 07.07.2026 14:09:42 : EVT PMIC : PMIC Precharge
#1261573 07.07.2026 14:09:42 : EVT PMIC : PMIC Fast-charge constant cur
#1261574 07.07.2026 14:09:42 : EVT PMIC : PMIC Fast-charge constant cur
#1261575 07.07.2026 14:09:42 : EVT PMIC : PMIC Precharge
#1261576 07.07.2026 14:09:42 : EVT PMIC : PMIC Fast-charge constant cur
#1261577 07.07.2026 14:09:42 : EVT PMIC : PMIC Fast-charge constant cur
#1261578 07.07.2026 14:09:42 : EVT PMIC : PMIC Fast-charge constant cur
#1261579 07.07.2026 14:09:42 : EVT PMIC : PMIC Fast-charge constant cur
#1261580 07.07.2026 14:09:42 : EVT PMIC : PMIC Fast-charge constant cur
#1261581 07.07.2026 14:09:42 : EVT PMIC : PMIC Fast-charge constant cur
#1261582 07.07.2026 14:09:42 : EVT PMIC : PMIC Fast-charge constant cur
#1261583 07.07.2026 14:09:42 : EVT PMIC : PMIC Fast-charge constant cur
#1261584 07.07.2026 14:09:42 : EVT PMIC : PMIC Fast-charge constant cur
#1261585 07.07.2026 14:09:42 : EVT PMIC : PMIC Fast-charge constant cur
#1261586 07.07.2026 14:09:42 : EVT PMIC : PMIC Precharge
#1261587 07.07.2026 14:09:42 : EVT PMIC : PMIC Fast-charge constant cur
#1261588 07.07.2026 14:09:42 : EVT PMIC : PMIC Fast-charge constant cur
#1261589 07.07.2026 14:09:42 : EVT PMIC : PMIC Precharge
#1261590 07.07.2026 14:09:42 : EVT PMIC : PMIC Fast-charge constant cur
#1261591 07.07.2026 14:09:42 : EVT PMIC : PMIC Fast-charge constant cur
#1261592 07.07.2026 14:09:42 : EVT PMIC : PMIC Precharge
#1261593 07.07.2026 14:09:42 : EVT PMIC : PMIC Fast-charge constant cur
#1261594 07.07.2026 14:09:42 : EVT PMIC : PMIC Fast-charge constant cur
#1261595 07.07.2026 14:09:42 : EVT PMIC : PMIC Fast-charge constant cur
#1261596 07.07.2026 14:09:42 : EVT PMIC : PMIC Fast-charge constant cur
#1261597 07.07.2026 14:09:42 : EVT PMIC : PMIC Fast-charge constant cur
#1261598 07.07.2026 14:09:42 : EVT PMIC : PMIC Fast-charge constant cur
#1261599 07.07.2026 14:09:42 : EVT PMIC : PMIC Fast-charge constant cur
#1261600 07.07.2026 14:09:42 : EVT PMIC : PMIC Fast-charge constant cur
#1261601 07.07.2026 14:09:42 : EVT PMIC : PMIC Fast-charge constant cur
#1261602 07.07.2026 14:09:42 : EVT PMIC : PMIC Fast-charge constant cur
#1261603 07.07.2026 14:09:42 : EVT PMIC : PMIC Fast-charge constant cur
#1261604 07.07.2026 14:09:42 : EVT PMIC : PMIC Fast-charge constant cur
#1261605 07.07.2026 14:09:42 : EVT PMIC : PMIC Fast-charge constant cur
#1261606 07.07.2026 14:09:42 : EVT PMIC : PMIC Fast-charge constant cur
#1261607 07.07.2026 14:09:42 : EVT PMIC : PMIC Fast-charge constant cur
#1261608 07.07.2026 14:09:42 : EVT PMIC : PMIC Fast-charge constant cur
#1261609 07.07.2026 14:09:42 : EVT PMIC : PMIC Fast-charge constant cur
#1261610 07.07.2026 14:09:42 : EVT PMIC : PMIC Fast-charge constant cur
#1261611 07.07.2026 14:09:42 : EVT PMIC : PMIC Precharge
#1261612 07.07.2026 14:09:42 : EVT PMIC : PMIC Fast-charge constant cur
#1261613 07.07.2026 14:09:42 : EVT PMIC : PMIC Fast-charge constant cur
#1261614 07.07.2026 14:09:42 : EVT PMIC : PMIC Fast-charge constant cur
#1261615 07.07.2026 14:09:42 : EVT PMIC : PMIC Fast-charge constant cur
#1261616 07.07.2026 14:09:42 : EVT PMIC : PMIC Fast-charge constant cur
#1261617 07.07.2026 14:09:42 : EVT PMIC : PMIC Fast-charge constant cur
#1261618 07.07.2026 14:09:42 : EVT PMIC : PMIC Fast-charge constant cur
#1261619 07.07.2026 14:09:42 : EVT PMIC : PMIC Fast-charge constant cur
#1261620 07.07.2026 14:09:42 : EVT PMIC : PMIC Precharge
#1261621 07.07.2026 14:09:42 : EVT PMIC : PMIC Fast-charge constant cur
#1261622 07.07.2026 14:09:42 : EVT PMIC : PMIC Fast-charge constant cur
#1261623 07.07.2026 14:09:42 : EVT PMIC : PMIC Fast-charge constant cur
#1261624 07.07.2026 14:09:42 : EVT PMIC : PMIC Fast-charge constant cur
#1261625 07.07.2026 14:09:42 : EVT PMIC : PMIC Fast-charge constant cur
#1261626 07.07.2026 14:09:42 : EVT PMIC : PMIC Fast-charge constant cur
#1261627 07.07.2026 14:09:42 : EVT PMIC : PMIC Fast-charge constant cur
#1261628 07.07.2026 14:09:42 : EVT PMIC : PMIC Fast-charge constant cur
#1261629 07.07.2026 14:09:42 : EVT PMIC : PMIC Fast-charge constant cur
#1261630 07.07.2026 14:09:42 : EVT PMIC : PMIC Fast-charge constant cur
#1261631 07.07.2026 14:09:42 : EVT PMIC : PMIC Fast-charge constant cur
#1261632 07.07.2026 14:09:42 : EVT PMIC : PMIC Fast-charge constant cur
#1261633 07.07.2026 14:09:42 : EVT PMIC : PMIC Fast-charge constant cur
#1261634 07.07.2026 14:09:42 : EVT PMIC : PMIC Fast-charge constant cur
#1261635 07.07.2026 14:09:42 : EVT PMIC : PMIC Precharge
#1261636 07.07.2026 14:09:42 : EVT PMIC : PMIC Fast-charge constant cur
#1261637 07.07.2026 14:09:42 : EVT PMIC : PMIC Fast-charge constant cur
#1261638 07.07.2026 14:09:42 : EVT PMIC : PMIC Fast-charge constant cur
#1261639 07.07.2026 14:09:42 : EVT PMIC : PMIC Fast-charge constant cur
#1261640 07.07.2026 14:09:42 : EVT PMIC : PMIC Fast-charge constant cur
#1261641 07.07.2026 14:09:42 : EVT PMIC : PMIC Fast-charge constant cur
#1261642 07.07.2026 14:09:42 : EVT PMIC : PMIC Fast-charge constant cur
#1261643 07.07.2026 14:09:42 : ERR WBMAIN : *0: app 1332 Event 36 80005310
#1261644 07.07.2026 14:09:42 : ERR WBMAIN : 1: mea 6 Wait 0 00000000
#1261645 07.07.2026 14:09:42 : ERR WBMAIN : 2: ui 5 Wait 0 00000000
#1261646 07.07.2026 14:09:42 : EVT PMIC : PMIC Fast-charge constant cur
#1261647 07.07.2026 14:09:42 : EVT PMIC : PMIC Fast-charge constant cur
#1261648 07.07.2026 14:09:42 : EVT PMIC : PMIC Precharge
#1261649 07.07.2026 14:09:42 : EVT PMIC : PMIC Fast-charge constant cur
#1261650 07.07.2026 14:09:42 : EVT PMIC : PMIC Fast-charge constant cur
#1261651 07.07.2026 14:09:42 : EVT PMIC : PMIC Fast-charge constant cur
#1261652 07.07.2026 14:09:42 : EVT PMIC : PMIC Fast-charge constant cur
#1261653 07.07.2026 14:09:42 : EVT PMIC : PMIC Fast-charge constant cur
#1261654 07.07.2026 14:09:43 : EVT PMIC : PMIC Fast-charge constant cur
#1261655 07.07.2026 14:09:43 : EVT PMIC : PMIC Fast-charge constant cur
#1261656 07.07.2026 14:09:43 : EVT PMIC : PMIC Fast-charge constant cur
#1261657 07.07.2026 14:09:43 : EVT PMIC : PMIC Fast-charge constant cur
#1261658 07.07.2026 14:09:43 : EVT PMIC : PMIC Fast-charge constant cur
#1261659 07.07.2026 14:09:43 : EVT PMIC : PMIC Precharge
#1261660 07.07.2026 14:09:43 : EVT PMIC : PMIC Fast-charge constant cur
#1261661 07.07.2026 14:09:43 : EVT PMIC : PMIC Fast-charge constant cur
#1261662 07.07.2026 14:09:43 : EVT PMIC : PMIC Fast-charge constant cur
#1261663 07.07.2026 14:09:43 : EVT PMIC : PMIC Fast-charge constant cur
#1261664 07.07.2026 14:09:43 : EVT PMIC : PMIC Fast-charge constant cur
#1261665 07.07.2026 14:09:43 : EVT PMIC : PMIC Fast-charge constant cur
#1261666 07.07.2026 14:09:43 : EVT PMIC : PMIC Fast-charge constant cur
#1261667 07.07.2026 14:09:43 : EVT PMIC : PMIC Fast-charge constant cur
#1261668 07.07.2026 14:09:43 : EVT PMIC : PMIC Fast-charge constant cur
#1261669 07.07.2026 14:09:43 : EVT PMIC : PMIC Precharge
#1261670 07.07.2026 14:09:43 : EVT PMIC : PMIC Fast-charge constant cur
#1261671 07.07.2026 14:09:43 : EVT PMIC : PMIC Fast-charge constant cur
#1261672 07.07.2026 14:09:43 : EVT PMIC : PMIC Fast-charge constant cur
#1261673 07.07.2026 14:09:43 : EVT PMIC : PMIC Fast-charge constant cur
#1261674 07.07.2026 14:09:43 : EVT PMIC : PMIC Fast-charge constant cur
#1261675 07.07.2026 14:09:43 : EVT PMIC : PMIC Fast-charge constant cur
#1261676 07.07.2026 14:09:43 : EVT PMIC : PMIC Fast-charge constant cur
#1261677 07.07.2026 14:09:43 : EVT PMIC : PMIC Fast-charge constant cur
#1261678 07.07.2026 14:09:43 : EVT PMIC : PMIC Fast-charge constant cur
#1261679 07.07.2026 14:09:43 : EVT PMIC : PMIC Fast-charge constant cur
#1261680 07.07.2026 14:09:43 : EVT PMIC : PMIC Fast-charge constant cur
#1261681 07.07.2026 14:09:43 : EVT PMIC : PMIC Fast-charge constant cur
#1261682 07.07.2026 14:09:43 : EVT PMIC : PMIC Fast-charge constant cur
#1261683 07.07.2026 14:09:43 : EVT PMIC : PMIC Precharge
#1261684 07.07.2026 14:09:43 : EVT PMIC : PMIC Fast-charge constant cur
#1261685 07.07.2026 14:09:43 : EVT PMIC : PMIC Fast-charge constant cur
#1261686 07.07.2026 14:09:43 : EVT PMIC : PMIC Fast-charge constant cur
#1261687 07.07.2026 14:09:43 : EVT PMIC : PMIC Precharge
#1261688 07.07.2026 14:09:43 : EVT PMIC : PMIC Fast-charge constant cur
#1261689 07.07.2026 14:09:43 : EVT PMIC : PMIC Fast-charge constant cur
#1261690 07.07.2026 14:09:43 : EVT PMIC : PMIC Fast-charge constant cur
#1261691 07.07.2026 14:09:43 : EVT PMIC : PMIC Fast-charge constant cur
#1261692 07.07.2026 14:09:43 : EVT PMIC : PMIC Fast-charge constant cur
#1261693 07.07.2026 14:09:43 : EVT PMIC : PMIC Fast-charge constant cur
#1261694 07.07.2026 14:09:43 : EVT PMIC : PMIC Fast-charge constant cur
#1261695 07.07.2026 14:09:43 : EVT PMIC : PMIC Fast-charge constant cur
#1261696 07.07.2026 14:09:43 : EVT PMIC : PMIC Fast-charge constant cur
#1261697 07.07.2026 14:09:43 : EVT PMIC : PMIC Fast-charge constant cur
#1261698 07.07.2026 14:09:43 : EVT PMIC : PMIC Fast-charge constant cur
#1261699 07.07.2026 14:09:43 : EVT ANALYTICS : Sync start
#1261700 07.07.2026 14:09:43 : EVT PMIC : PMIC Precharge
#1261701 07.07.2026 14:09:43 : EVT PMIC : PMIC Fast-charge constant cur
#1261702 07.07.2026 14:09:43 : EVT PMIC : PMIC Fast-charge constant cur
#1261703 07.07.2026 14:09:43 : EVT PMIC : PMIC Fast-charge constant cur
#1261704 07.07.2026 14:09:43 : EVT PMIC : PMIC Fast-charge constant cur
#1261705 07.07.2026 14:09:43 : EVT PMIC : PMIC Fast-charge constant cur
#1261706 07.07.2026 14:09:43 : EVT PMIC : PMIC Fast-charge constant cur
#1261707 07.07.2026 14:09:43 : EVT PMIC : PMIC Fast-charge constant cur
#1261708 07.07.2026 14:09:43 : EVT PMIC : PMIC Fast-charge constant cur
#1261709 07.07.2026 14:09:43 : EVT PMIC : PMIC Precharge
#1261710 07.07.2026 14:09:43 : EVT PMIC : PMIC Fast-charge constant cur
#1261711 07.07.2026 14:09:43 : EVT PMIC : PMIC Fast-charge constant cur
#1261712 07.07.2026 14:09:43 : EVT PMIC : PMIC Fast-charge constant cur
#1261713 07.07.2026 14:09:43 : EVT PMIC : PMIC Fast-charge constant cur
#1261714 07.07.2026 14:09:43 : EVT PMIC : PMIC Fast-charge constant cur
#1261715 07.07.2026 14:09:43 : EVT PMIC : PMIC Fast-charge constant cur
#1261716 07.07.2026 14:09:43 : EVT PMIC : PMIC Fast-charge constant cur
#1261717 07.07.2026 14:09:43 : EVT PMIC : PMIC Fast-charge constant cur
#1261718 07.07.2026 14:09:43 : EVT PMIC : PMIC Fast-charge constant cur
#1261719 07.07.2026 14:09:43 : EVT PMIC : PMIC Fast-charge constant cur
#1261720 07.07.2026 14:09:43 : EVT PMIC : PMIC Fast-charge constant cur
#1261721 07.07.2026 14:09:43 : EVT PMIC : PMIC Fast-charge constant cur
#1261722 07.07.2026 14:09:43 : EVT PMIC : PMIC Fast-charge constant cur
#1261723 07.07.2026 14:09:43 : EVT PMIC : PMIC Fast-charge constant cur
#1261724 07.07.2026 14:09:43 : EVT PMIC : PMIC Fast-charge constant cur
#1261725 07.07.2026 14:09:43 : EVT PMIC : PMIC Fast-charge constant cur
#1261726 07.07.2026 14:09:43 : EVT PMIC : PMIC Fast-charge constant cur
#1261727 07.07.2026 14:09:43 : EVT PMIC : PMIC Precharge
#1261728 07.07.2026 14:09:43 : EVT PMIC : PMIC Fast-charge constant cur
#1261729 07.07.2026 14:09:43 : EVT PMIC : PMIC Fast-charge constant cur
#1261730 07.07.2026 14:09:43 : EVT PMIC : PMIC Fast-charge constant cur
#1261731 07.07.2026 14:09:43 : EVT ANALYTICS : Sync start
#1261732 07.07.2026 14:09:43 : EVT PMIC : PMIC Fast-charge constant cur
#1261733 07.07.2026 14:09:43 : EVT PMIC : PMIC Fast-charge constant cur
#1261734 07.07.2026 14:09:43 : EVT PMIC : PMIC Fast-charge constant cur
#1261735 07.07.2026 14:09:43 : EVT PMIC : PMIC Fast-charge constant cur
#1261736 07.07.2026 14:09:43 : EVT PMIC : PMIC Fast-charge constant cur
#1261737 07.07.2026 14:09:43 : EVT PMIC : PMIC Fast-charge constant cur
#1261738 07.07.2026 14:09:43 : EVT PMIC : PMIC Fast-charge constant cur
#1261739 07.07.2026 14:09:43 : EVT PMIC : PMIC Fast-charge constant cur
#1261740 07.07.2026 14:09:43 : EVT PMIC : PMIC Precharge
#1261741 07.07.2026 14:09:43 : EVT PMIC : PMIC Fast-charge constant cur
#1261742 07.07.2026 14:09:43 : EVT PMIC : PMIC Precharge
#1261743 07.07.2026 14:09:43 : EVT PMIC : PMIC Fast-charge constant cur
#1261744 07.07.2026 14:09:44 : EVT PMIC : PMIC Fast-charge constant cur
#1261745 07.07.2026 14:09:44 : EVT PMIC : PMIC Precharge
#1261746 07.07.2026 14:09:44 : EVT PMIC : PMIC Fast-charge constant cur
#1261747 07.07.2026 14:09:44 : EVT PMIC : PMIC Fast-charge constant cur
#1261748 07.07.2026 14:09:44 : EVT PMIC : PMIC Fast-charge constant cur
#1261749 07.07.2026 14:09:44 : EVT PMIC : PMIC Fast-charge constant cur
#1261750 07.07.2026 14:09:44 : EVT PMIC : PMIC Fast-charge constant cur
#1261751 07.07.2026 14:09:44 : EVT PMIC : PMIC Fast-charge constant cur
#1261752 07.07.2026 14:09:44 : EVT PMIC : PMIC Fast-charge constant cur
#1261753 07.07.2026 14:09:44 : EVT PMIC : PMIC Fast-charge constant cur
#1261754 07.07.2026 14:09:44 : EVT PMIC : PMIC Fast-charge constant cur
#1261755 07.07.2026 14:09:44 : EVT PMIC : PMIC Fast-charge constant cur
#1261756 07.07.2026 14:09:44 : EVT PMIC : PMIC Precharge
#1261757 07.07.2026 14:09:44 : EVT PMIC : PMIC Fast-charge constant cur
#1261758 07.07.2026 14:09:44 : EVT PMIC : PMIC Precharge
#1261759 07.07.2026 14:09:44 : EVT PMIC : PMIC Fast-charge constant cur
#1261760 07.07.2026 14:09:44 : EVT PMIC : PMIC Fast-charge constant cur
#1261761 07.07.2026 14:09:44 : EVT PMIC : PMIC Fast-charge constant cur
#1261762 07.07.2026 14:09:44 : EVT PMIC : PMIC Precharge
#1261763 07.07.2026 14:09:44 : EVT PMIC : PMIC Fast-charge constant cur
#1261764 07.07.2026 14:09:44 : EVT PMIC : PMIC Fast-charge constant cur
#1261765 07.07.2026 14:09:44 : EVT PMIC : PMIC Fast-charge constant cur
#1261766 07.07.2026 14:09:44 : EVT PMIC : PMIC Fast-charge constant cur
#1261767 07.07.2026 14:09:44 : EVT PMIC : PMIC Fast-charge constant cur
#1261768 07.07.2026 14:09:44 : EVT PMIC : PMIC Precharge
#1261769 07.07.2026 14:09:44 : EVT PMIC : PMIC Fast-charge constant cur
#1261770 07.07.2026 14:09:44 : EVT PMIC : PMIC Fast-charge constant cur
#1261771 07.07.2026 14:09:44 : EVT PMIC : PMIC Fast-charge constant cur
#1261772 07.07.2026 14:09:44 : EVT PMIC : PMIC Fast-charge constant cur
#1261773 07.07.2026 14:09:44 : EVT PMIC : PMIC Fast-charge constant cur
#1261774 07.07.2026 14:09:44 : EVT PMIC : PMIC Fast-charge constant cur
#1261775 07.07.2026 14:09:44 : EVT PMIC : PMIC Fast-charge constant cur
#1261776 07.07.2026 14:09:44 : EVT PMIC : PMIC Fast-charge constant cur
#1261777 07.07.2026 14:09:48 : EVT PMIC : PMIC Fast-charge constant cur
#1261778 07.07.2026 14:09:48 : EVT PMIC : PMIC Fast-charge constant cur
#1261779 07.07.2026 14:09:48 : EVT PMIC : PMIC Fast-charge constant cur
#1261780 07.07.2026 14:09:48 : EVT PMIC : PMIC temp zone:0x7
#1261781 07.07.2026 14:09:48 : EVT PMIC : VBUS state is OFF
#1261782 07.07.2026 14:09:48 : EVT PMIC : Turn charge OFF since VBUS->OFF
#1261783 07.07.2026 14:09:48 : EVT WBCOMM : Route lost: ECSD00000000
#1261784 07.07.2026 14:09:48 : TRC FUEL_GAUGE : Chg->0,B:5,C:20.6,V:4433,U:0,bF:100%,bC:100%
#1261785 07.07.2026 14:09:48 : EVT OHR : VBUS off
#1261786 07.07.2026 14:09:49 : EVT OHR : S:ON 0->1
#1261787 07.07.2026 14:09:49 : EVT ANALYTICS : Battery-> 1 soc:100
#1261788 07.07.2026 14:09:49 : EVT OHR : APPINIT:caps 0x1f4, 6b738616
#1261789 07.07.2026 14:09:49 : EVT <Unknown> : 1783426189245:AI@1783426189220, tz120
#1261790 07.07.2026 14:09:49 : EVT OHR : S:start 0x2123
#1261791 07.07.2026 14:09:49 : EVT <Unknown> : 1783426189251:Meas start 0x2123
#1261792 07.07.2026 14:09:49 : EVT <Unknown> : 1783426189266:PD1464, 0
#1261793 07.07.2026 14:09:49 : EVT <Unknown> : 1783426189330:GMV 20251126/1/4/0/395/46
#1261794 07.07.2026 14:09:49 : EVT <Unknown> : 1783426189584:Mi1.6.10, auth 0, hr_mode 0
#1261795 07.07.2026 14:09:50 : EVT <Unknown> : 1783426189835:On Skin Set.
#1261796 07.07.2026 14:09:51 : EVT WBSTORAGE : CACHE_DEFRAG (600->608, 24->24, 25)
#1261797 07.07.2026 14:09:52 : TRC NAVIGATION : CG: no climb WP
#1261798 07.07.2026 14:09:52 : TRC NAVIGATION : CG:init ZoomType=0
#1261799 07.07.2026 14:09:52 : EVT NAVIGATION : initSeg Idx=0 D=1 T=0 3-0-4
#1261800 07.07.2026 14:09:52 : EVT ALTIFUSION : AltiBaroMode:0
#1261801 07.07.2026 14:09:52 : EVT ALTIFUSION : Init AltiBaro
#1261802 07.07.2026 14:09:52 : EVT APPLICATION : Zapp zwc05901:Disable
#1261803 07.07.2026 14:09:52 : EVT ANALYTICS : Zapp disabled i:3 h:ddb248f2 n:Vector classic
#1261804 07.07.2026 14:09:52 : EVT ANALYTICS : SleepQ:Tracking:On
#1261805 07.07.2026 14:09:52 : EVT ALTIFUSION : AltiBaroMode:0
#1261806 07.07.2026 14:09:52 : EVT ALTIFUSION : Init AltiBaro
#1261807 07.07.2026 14:09:52 : EVT UI_FRAMEWORK : JS nsto enable zapp: zzwethen
#1261808 07.07.2026 14:09:52 : EVT UI_FRAMEWORK : JS nsto enable zapp: zzmoveen
#1261809 07.07.2026 14:09:52 : EVT UI_FRAMEWORK : JS nsto enable zapp: climbl01
#1261810 07.07.2026 14:09:52 : EVT APPLICATION : Zapp zzwethen:Load script
#1261811 07.07.2026 14:09:52 : EVT APPLICATION : Zapp zzwethen:Enable
#1261812 07.07.2026 14:09:52 : EVT ANALYTICS : Zapp enabled i:8 h:3f77f8ec n:zzwethen v:ade
#1261813 07.07.2026 14:09:52 : EVT APPLICATION : Zapp clid:32878
#1261814 07.07.2026 14:09:52 : EVT APPLICATION : Zapp zzmoveen:Load script
#1261815 07.07.2026 14:09:52 : EVT APPLICATION : Zapp zzmoveen:Enable
#1261816 07.07.2026 14:09:52 : EVT ANALYTICS : Zapp enabled i:6 h:7aac0887 n:zzmoveen v:8e0
#1261817 07.07.2026 14:09:52 : EVT UI_FRAMEWORK : evalFile: b:/zapp/zzmoveen.fea/ext1.js from ui
#1261818 07.07.2026 14:09:52 : EVT APPLICATION : Zapp clid:32879
#1261819 07.07.2026 14:09:53 : EVT APPLICATION : Zapp climbl01:Load script
#1261820 07.07.2026 14:09:53 : EVT APPLICATION : Zapp climbl01:Enable
#1261821 07.07.2026 14:09:53 : EVT ANALYTICS : Zapp enabled i:5 h:a5e7afa5 n:climbl01 v:3.0
#1261822 07.07.2026 14:09:53 : EVT APPLICATION : Zapp clid:32880
#1261823 07.07.2026 14:09:53 : ERR WBMAIN : *0: app 588 Event 37 80995318
#1261824 07.07.2026 14:09:53 : EVT UI_FRAMEWORK : JS nsto all zapps enabled.
#1261825 07.07.2026 14:09:53 : ERR WBMAIN : 1: mea 20 Wait 0 00000000
#1261826 07.07.2026 14:09:53 : ERR WBMAIN : 2: ui 24 Wait 0 00000000
#1261827 07.07.2026 14:09:53 : EVT UI_FRAMEWORK : JS Prestart Activity Id: 16.000
#1261828 07.07.2026 14:09:53 : WRN WBAPI : eID-691468(277): /Dive/Alarms/Acknowledge 404
#1261829 07.07.2026 14:09:53 : WRN WBAPI : eID-691468(277): /Dive/DiveGases 404
#1261830 07.07.2026 14:09:53 : WRN WBAPI : eID-691468(277): /Dive/Gauge/Next 404
#1261831 07.07.2026 14:09:53 : EVT WBSTORAGE : CACHE_DEFRAG (560->888, 24->24, 25)
#1261832 07.07.2026 14:09:53 : EVT WBSTORAGE : CACHE_DEFRAG (816->824, 24->24, 25)
#1261833 07.07.2026 14:09:53 : EVT WBSTORAGE : CACHE_DEFRAG (752->760, 24->24, 25)
#1261834 07.07.2026 14:09:53 : EVT BLE : BLE Sensor Link 4800180D Conn (--E-:00:1)
#1261835 07.07.2026 14:09:53 : WRN BLE : sendConnect 6157
#1261836 07.07.2026 14:09:54 : EVT WIFI : Pwr down idle wifi (TO:13se)
#1261837 07.07.2026 14:09:54 : EVT WIFI : pwr down OK
#1261838 07.07.2026 14:09:54 : WRN WBAPI : eID-691468(277): /Dive/TankPressure/Alarm/Count 404
#1261839 07.07.2026 14:09:54 : EVT <Unknown> : Update pres sampl intrvl:1
#1261840 07.07.2026 14:09:54 : EVT SPEEDFUSION : INFO # start speed fusion
#1261841 07.07.2026 14:09:54 : EVT SPEEDFUSION : Act:16,Acc:0,BPod:0,FPod:0,PPod:0,BeltPod:1
#1261842 07.07.2026 14:09:54 : EVT SPEEDFUSION : INFO # Start algo without wrist acc
#1261843 07.07.2026 14:09:54 : ERR <Unknown> : 1783426193850:Mi invalid call:100,code:0.
#1261844 07.07.2026 14:09:54 : EVT OHR : S:start 0x21a3
#1261845 07.07.2026 14:09:54 : EVT UI_FRAMEWORK : evalFile: b:/zapp/climbl01.fea/ext12.js from ui
#1261846 07.07.2026 14:09:55 : EVT TRAININGLAB : TLab:~Mode T 15089 + 247 A 4070 + 0
#1261847 07.07.2026 14:09:55 : EVT TRAININGLAB : TLab:Change mode 2->3
#1261848 07.07.2026 14:09:55 : EVT TRAININGLAB : TLab:Mode::userInfo 60, 200, 1, 37, 182, 950, 1990
#1261849 07.07.2026 14:09:55 : WRN WBAPI : eID-691468(277): /Dive/Alarms/Acknowledge 404
#1261850 07.07.2026 14:09:55 : WRN WBAPI : eID-691468(277): /Dive/DiveGases 404
#1261851 07.07.2026 14:09:55 : WRN WBAPI : eID-691468(277): /Dive/Gauge/Next 404
#1261852 07.07.2026 14:09:55 : EVT LOGGER : Log space:30499506 bytes free
#1261853 07.07.2026 14:09:55 : EVT <Unknown> : 1783426194229:Meas start 0x21a3
#1261854 07.07.2026 14:09:55 : EVT TRAININGLAB : ModeUnsub:2800
#1261855 07.07.2026 14:09:55 : EVT TRAININGLAB : ModeSub:9004
#1261856 07.07.2026 14:09:55 : EVT TRAININGLAB : TLab:Select input 0
#1261857 07.07.2026 14:09:55 : EVT TRAININGLAB : TLab:Active input 0
#1261858 07.07.2026 14:09:55 : EVT LOGGER : Exercise started
#1261859 07.07.2026 14:09:55 : EVT BLE : HR RR on (62119459)
#1261860 07.07.2026 14:09:55 : TRC GPS : Full GNSS data subd l:0 c:802b0000
#1261861 07.07.2026 14:09:57 : EVT ANALYTICS : Battery-> 3 soc:100
#1261862 07.07.2026 14:09:57 : EVT ANALYTICS : #FusHr src:0 time:0
#1261863 07.07.2026 14:09:57 : EVT ANALYTICS : #Act id:16
#1261864 07.07.2026 14:09:57 : EVT ANALYTICS : #powersave mode:p temp:27.5
#1261865 07.07.2026 14:09:57 : EVT ANALYTICS : GPSMODE:NOTUSED
#1261866 07.07.2026 14:09:57 : EVT ANALYTICS : #gnss d:2026-07-07T00:00:00Z
#1261867 07.07.2026 14:09:57 : EVT ANALYTICS : #zapp n:Weather e:1
#1261868 07.07.2026 14:09:57 : EVT ANALYTICS : #zapp n:Movement e:1
#1261869 07.07.2026 14:09:57 : EVT ANALYTICS : #zapp n:Climb Log e:1
#1261870 07.07.2026 14:09:58 : EVT OHR : No HR update, invalidate by timer
#1261871 07.07.2026 14:10:01 : EVT LOGGER : Exercise paused
#1261872 07.07.2026 14:10:01 : WRN WBAPI : eID-691468(277): /Dive/Alarms/Acknowledge 404
#1261873 07.07.2026 14:10:01 : WRN WBAPI : eID-691468(277): /Dive/DiveGases 404
#1261874 07.07.2026 14:10:01 : WRN WBAPI : eID-691468(277): /Dive/Gauge/Next 404
#1261875 07.07.2026 14:10:03 : EVT ANALYTICS : #ws AID:16 BM:1 NS:0 SP:3 ZN:0 TG:0 BL:0 GPS:0
#1261876 07.07.2026 14:10:03 : EVT ANALYTICS : #2ws AID:16 WHR:1 INT:0 AL:0 AP:0 FE:1 MC:1 TH:0
#1261877 07.07.2026 14:10:03 : EVT APPLICATION : Zapp climbl01:Disable
#1261878 07.07.2026 14:10:03 : EVT ANALYTICS : Zapp disabled i:5 h:a5e7afa5 n:Climb Log
#1261879 07.07.2026 14:10:03 : EVT APPLICATION : Zapp zzmoveen:Disable
#1261880 07.07.2026 14:10:03 : EVT ANALYTICS : Zapp disabled i:6 h:7aac0887 n:Movement
#1261881 07.07.2026 14:10:03 : EVT UI_FRAMEWORK : evalFile: b:/zapp/zzmoveen.fea/ext2.js from ui
#1261882 07.07.2026 14:10:03 : EVT APPLICATION : Zapp zzwethen:Disable
#1261883 07.07.2026 14:10:03 : EVT ANALYTICS : Zapp disabled i:8 h:3f77f8ec n:Weather
#1261884 07.07.2026 14:10:03 : EVT UI_FRAMEWORK : JS discard disable zapps
#1261885 07.07.2026 14:10:03 : EVT UI_FRAMEWORK : JS will discard
#1261886 07.07.2026 14:10:03 : EVT SPEEDFUSION : INFO # stop speed fusion
#1261887 07.07.2026 14:10:03 : EVT <Unknown> : Update pres sampl intrvl:5
#1261888 07.07.2026 14:10:03 : WRN APPLICATION : discard hrr meas l:3 d:0 sh:0 mh:0 v:0
#1261889 07.07.2026 14:10:03 : WRN WBAPI : eID-698eec(583/65535): 404
#1261890 07.07.2026 14:10:03 : EVT TRAININGZONE : User Define Mode:5
#1261891 07.07.2026 14:10:03 : EVT TRAININGZONE : Tss HR:0.03
#1261892 07.07.2026 14:10:03 : EVT TRAININGZONE : A:16,Tss:[-200.00,-200.00,-200.00,0.03]
#1261893 07.07.2026 14:10:03 : EVT TRAININGLAB : AppFeature Vo2Max 0.000000
#1261894 07.07.2026 14:10:03 : EVT TRAININGLAB : TLab:~Mode T 15336 + 1 A 4070 + 0
#1261895 07.07.2026 14:10:03 : EVT TRAININGLAB : TLab:Change mode 3->2
#1261896 07.07.2026 14:10:03 : EVT TRAININGLAB : TLab:Mode::userInfo 60, 200, 1, 37, 182, 950, 1990
#1261897 07.07.2026 14:10:03 : EVT LOGGER : LGR 934, 80
#1261898 07.07.2026 14:10:03 : EVT TRAININGLAB : ModeUnsub:91C5
#1261899 07.07.2026 14:10:03 : EVT OHR : S:start 0x2123
#1261900 07.07.2026 14:10:03 : EVT TRAININGLAB : ModeSub:0400
#1261901 07.07.2026 14:10:03 : EVT ANALYTICS : WAOae:Activity WAOae:16
#1261902 07.07.2026 14:10:03 : EVT ANALYTICS : WAOae:TotalAcc WAOae:0,0,0
#1261903 07.07.2026 14:10:03 : EVT ANALYTICS : WAOae:AccCount WAOae:0,0,0
#1261904 07.07.2026 14:10:03 : EVT ANALYTICS : WAOae:Distance WAOae:0,0,0
#1261905 07.07.2026 14:10:03 : EVT ANALYTICS : WAOae:Duration WAOae:0,0,0
#1261906 07.07.2026 14:10:03 : EVT ANALYTICS : WAOae:Coeff WAOae:0,40,240,390,773,7524,7624
#1261907 07.07.2026 14:10:03 : EVT LOGGER : Exercise stopped
#1261908 07.07.2026 14:10:03 : EVT BLE : HR RR off (62127499, 8040 ms missing)
#1261909 07.07.2026 14:10:03 : EVT BLE : HR RR done
#1261910 07.07.2026 14:10:03 : EVT LOGGER : HrIbiLogger stop, off (0 ms)
#1261911 07.07.2026 14:10:03 : EVT LOGGER : HrIbiLogger stopped (0 ms)
#1261912 07.07.2026 14:10:03 : TRC GPS : Unsubd c:802b0000
#1261913 07.07.2026 14:10:03 : EVT LOGGER : LGR 934, 80
#1261914 07.07.2026 14:10:03 : EVT ANALYTICS : SleepQ:Tracking:On
#1261915 07.07.2026 14:10:03 : EVT LOGGER : Wr dpc on
#1261916 07.07.2026 14:10:03 : EVT LOGGER : LGR 20993, 56
#1261917 07.07.2026 14:10:04 : EVT WBSTORAGE : CACHE_DEFRAG (680->1016, 24->24, 25)
#1261918 07.07.2026 14:10:04 : TRC NAVIGATION : CG: no climb WP
#1261919 07.07.2026 14:10:04 : TRC NAVIGATION : CG:init ZoomType=0
#1261920 07.07.2026 14:10:04 : EVT NAVIGATION : initSeg Idx=0 D=1 T=0 3-0-4
#1261921 07.07.2026 14:10:04 : EVT WBSTORAGE : CACHE_DEFRAG (1000->1024, 24->24, 25)
#1261922 07.07.2026 14:10:04 : EVT SPEEDFUSION : INFO # IDLE mode(-1) set
#1261923 07.07.2026 14:10:04 : EVT ALTIFUSION : AltiBaroMode:2
#1261924 07.07.2026 14:10:04 : EVT WBSTORAGE : CACHE_DEFRAG (1000->1008, 24->24, 25)
#1261925 07.07.2026 14:10:04 : EVT WBSTORAGE : CACHE_DEFRAG (936->944, 24->24, 25)
#1261926 07.07.2026 14:10:04 : EVT BLE : lt,scan 1
#1261927 07.07.2026 14:10:04 : WRN BLE : sendDisconnect 6157
#1261928 07.07.2026 14:10:04 : ERR BLE : [AURA]No filters left, stopping scan
#1261929 07.07.2026 14:10:04 : ERR BLE : [AURA]Filter with handle 72 not found
#1261930 07.07.2026 14:10:04 : EVT BLE : packet 0 sensor found count 1
#1261931 07.07.2026 14:10:04 : EVT BLE : packet 0 sensor found count 2
#1261932 07.07.2026 14:10:04 : EVT <Unknown> : 1783426203722:Meas start 0x2123
#1261933 07.07.2026 14:10:04 : EVT BLE : Disconn sensor:1
#1261934 07.07.2026 14:10:04 : EVT BLE : BLE Sensor Link 4800180D Disc (L-E-:00:0)
#1261935 07.07.2026 14:10:04 : WRN BLE : sendDisconnect 6157
#1261936 07.07.2026 14:10:04 : ERR BLE : [AURA]No filters left, stopping scan
#1261937 07.07.2026 14:10:05 : EVT ANALYTICS : #powersave mode:p temp:27.5
#1261938 07.07.2026 14:10:05 : EVT ANALYTICS : Battery-> 4 soc:100
#1261939 07.07.2026 14:10:06 : EVT OHR : No HR update, invalidate by timer
#1261940 07.07.2026 14:10:06 : EVT OHR : new HR update
#1261941 07.07.2026 14:10:07 : EVT UI_FRAMEWORK : JS discard
#1261942 07.07.2026 14:10:07 : WRN LOGGER : Delete b:logs/6A4CEC93
#1261943 07.07.2026 14:10:09 : EVT WBSTORAGE : CACHE_DEFRAG (872->880, 24->24, 25)
#1261944 07.07.2026 14:10:09 : EVT APPLICATION : Zapp zwc05901:Load script
#1261945 07.07.2026 14:10:09 : EVT APPLICATION : Zapp zwc05901:Enable
#1261946 07.07.2026 14:10:09 : EVT ANALYTICS : Zapp enabled i:3 h:ddb248f2 n:zwc05901 v:124f
#1261947 07.07.2026 14:10:09 : WRN WBAPI : eID-691468(277): /Weather/Current/ValidWeatherData.temp 
#1261948 07.07.2026 14:10:11 : EVT WBSTORAGE : CACHE_DEFRAG (752->760, 24->24, 25)
#1261949 07.07.2026 14:10:12 : EVT WBSTORAGE : CACHE_DEFRAG (712->744, 24->24, 25)
#1261950 07.07.2026 14:10:12 : TRC NAVIGATION : CG: no climb WP
#1261951 07.07.2026 14:10:12 : TRC NAVIGATION : CG:init ZoomType=0
#1261952 07.07.2026 14:10:12 : EVT NAVIGATION : initSeg Idx=0 D=1 T=0 3-0-4
#1261953 07.07.2026 14:10:12 : EVT WBSTORAGE : CACHE_DEFRAG (720->944, 24->24, 25)
#1261954 07.07.2026 14:10:12 : EVT ALTIFUSION : AltiBaroMode:0
#1261955 07.07.2026 14:10:12 : EVT ALTIFUSION : Init AltiBaro
#1261956 07.07.2026 14:10:12 : EVT APPLICATION : Zapp zwc05901:Disable
#1261957 07.07.2026 14:10:12 : EVT ANALYTICS : Zapp disabled i:3 h:ddb248f2 n:Vector classic
#1261958 07.07.2026 14:10:12 : EVT ANALYTICS : SleepQ:Tracking:On
#1261959 07.07.2026 14:10:12 : EVT ALTIFUSION : AltiBaroMode:0
#1261960 07.07.2026 14:10:12 : EVT ALTIFUSION : Init AltiBaro
#1261961 07.07.2026 14:10:12 : EVT WBSTORAGE : CACHE_DEFRAG (920->928, 24->24, 25)
#1261962 07.07.2026 14:10:12 : EVT UI_FRAMEWORK : JS nsto enable zapp: zzwethen
#1261963 07.07.2026 14:10:12 : EVT UI_FRAMEWORK : JS nsto enable zapp: zzmoveen
#1261964 07.07.2026 14:10:12 : EVT UI_FRAMEWORK : JS nsto enable zapp: climbl01
#1261965 07.07.2026 14:10:12 : EVT APPLICATION : Zapp zzwethen:Load script
#1261966 07.07.2026 14:10:12 : EVT APPLICATION : Zapp zzwethen:Enable
#1261967 07.07.2026 14:10:12 : EVT ANALYTICS : Zapp enabled i:8 h:3f77f8ec n:zzwethen v:ade
#1261968 07.07.2026 14:10:12 : EVT APPLICATION : Zapp clid:32878
#1261969 07.07.2026 14:10:12 : EVT APPLICATION : Zapp zzmoveen:Load script
#1261970 07.07.2026 14:10:12 : EVT APPLICATION : Zapp zzmoveen:Enable
#1261971 07.07.2026 14:10:12 : EVT ANALYTICS : Zapp enabled i:6 h:7aac0887 n:zzmoveen v:8e0
#1261972 07.07.2026 14:10:12 : EVT UI_FRAMEWORK : evalFile: b:/zapp/zzmoveen.fea/ext1.js from ui
#1261973 07.07.2026 14:10:12 : EVT APPLICATION : Zapp clid:32879
#1261974 07.07.2026 14:10:13 : EVT APPLICATION : Zapp climbl01:Load script
#1261975 07.07.2026 14:10:13 : EVT OHR : No HR update, invalidate by timer
#1261976 07.07.2026 14:10:13 : EVT APPLICATION : Zapp climbl01:Enable
#1261977 07.07.2026 14:10:13 : EVT ANALYTICS : Zapp enabled i:5 h:a5e7afa5 n:climbl01 v:3.0
#1261978 07.07.2026 14:10:13 : EVT APPLICATION : Zapp clid:32880
#1261979 07.07.2026 14:10:13 : ERR WBMAIN : *0: app 585 Event 37 80995318
#1261980 07.07.2026 14:10:13 : ERR WBMAIN : 1: mea 20 Wait 0 00000000
#1261981 07.07.2026 14:10:13 : ERR WBMAIN : 2: ui 25 Wait 0 00000000
#1261982 07.07.2026 14:10:13 : EVT UI_FRAMEWORK : JS nsto all zapps enabled.
#1261983 07.07.2026 14:10:13 : EVT UI_FRAMEWORK : JS Prestart Activity Id: 16.000
#1261984 07.07.2026 14:10:13 : WRN WBAPI : eID-691468(277): /Dive/Alarms/Acknowledge 404
#1261985 07.07.2026 14:10:13 : WRN WBAPI : eID-691468(277): /Dive/DiveGases 404
#1261986 07.07.2026 14:10:13 : WRN WBAPI : eID-691468(277): /Dive/Gauge/Next 404
#1261987 07.07.2026 14:10:13 : EVT WBSTORAGE : CACHE_DEFRAG (880->888, 24->24, 25)
#1261988 07.07.2026 14:10:13 : EVT WBSTORAGE : CACHE_DEFRAG (816->824, 24->24, 25)
#1261989 07.07.2026 14:10:13 : EVT WBSTORAGE : CACHE_DEFRAG (752->760, 24->24, 25)
#1261990 07.07.2026 14:10:13 : EVT BLE : BLE Sensor Link 4800180D Conn (--E-:00:1)
#1261991 07.07.2026 14:10:13 : WRN BLE : sendConnect 6157
#1261992 07.07.2026 14:10:14 : WRN WBAPI : eID-691468(277): /Dive/TankPressure/Alarm/Count 404
#1261993 07.07.2026 14:10:14 : EVT SPEEDFUSION : INFO # start speed fusion
#1261994 07.07.2026 14:10:14 : EVT SPEEDFUSION : Act:16,Acc:0,BPod:0,FPod:0,PPod:0,BeltPod:1
#1261995 07.07.2026 14:10:14 : EVT SPEEDFUSION : INFO # Start algo without wrist acc
#1261996 07.07.2026 14:10:14 : EVT <Unknown> : Update pres sampl intrvl:1
#1261997 07.07.2026 14:10:14 : EVT OHR : S:start 0x21a3
#1261998 07.07.2026 14:10:14 : EVT TRAININGLAB : TLab:~Mode T 15337 + 2 A 4070 + 0
#1261999 07.07.2026 14:10:14 : EVT TRAININGLAB : TLab:Change mode 2->3
#1262000 07.07.2026 14:10:14 : EVT TRAININGLAB : TLab:Mode::userInfo 60, 200, 1, 37, 182, 950, 1990
#1262001 07.07.2026 14:10:14 : EVT LOGGER : Log space:30499506 bytes free
#1262002 07.07.2026 14:10:14 : EVT <Unknown> : 1783426214194:Meas start 0x21a3
#1262003 07.07.2026 14:10:14 : EVT TRAININGLAB : ModeUnsub:2800
#1262004 07.07.2026 14:10:14 : EVT TRAININGLAB : ModeSub:9004
#1262005 07.07.2026 14:10:14 : EVT TRAININGLAB : TLab:Select input 0
#1262006 07.07.2026 14:10:14 : EVT TRAININGLAB : TLab:Active input 0
#1262007 07.07.2026 14:10:14 : EVT LOGGER : Exercise started
#1262008 07.07.2026 14:10:14 : EVT BLE : HR RR on (62138360)
#1262009 07.07.2026 14:10:14 : TRC GPS : Full GNSS data subd l:0 c:802b0000
#1262010 07.07.2026 14:10:14 : EVT UI_FRAMEWORK : evalFile: b:/zapp/climbl01.fea/ext12.js from ui
#1262011 07.07.2026 14:10:16 : EVT ANALYTICS : Battery-> 3 soc:100
#1262012 07.07.2026 14:10:16 : EVT <Unknown> : 1783426216267:Off Skin Set.
#1262013 07.07.2026 14:10:16 : EVT ANALYTICS : #FusHr src:0 time:0
#1262014 07.07.2026 14:10:16 : EVT ANALYTICS : #Act id:16
#1262015 07.07.2026 14:10:16 : EVT ANALYTICS : #powersave mode:p temp:27.8
#1262016 07.07.2026 14:10:16 : EVT ANALYTICS : GPSMODE:NOTUSED
#1262017 07.07.2026 14:10:16 : EVT ANALYTICS : #gnss d:2026-07-07T00:00:00Z
#1262018 07.07.2026 14:10:16 : EVT ANALYTICS : #zapp n:Weather e:1
#1262019 07.07.2026 14:10:16 : EVT ANALYTICS : #zapp n:Movement e:1
#1262020 07.07.2026 14:10:16 : EVT ANALYTICS : #zapp n:Climb Log e:1
#1262021 07.07.2026 14:10:17 : EVT <Unknown> : 1783426216769:On Skin Set.
#1262022 07.07.2026 14:10:17 : EVT <Unknown> : 1783426217160:Off Skin Set.
#1262023 07.07.2026 14:10:18 : EVT PMIC : VBUS state is ON
#1262024 07.07.2026 14:10:18 : EVT PMIC : chgCntl1:0x70
#1262025 07.07.2026 14:10:18 : EVT PMIC : check chgCntl1:0x74
#1262026 07.07.2026 14:10:18 : EVT PMIC : Turn charge ON since VBUS->ON
#1262027 07.07.2026 14:10:18 : EVT PMIC : PMIC temp zone:0x2
#1262028 07.07.2026 14:10:18 : EVT PMIC : PMIC Fast-charge constant cur
#1262029 07.07.2026 14:10:18 : EVT OHR : VBUS on
#1262030 07.07.2026 14:10:18 : EVT OHR : S:stop a3
#1262031 07.07.2026 14:10:18 : EVT <Unknown> : 1783426218063:Meas stop 0x21a3
#1262032 07.07.2026 14:10:18 : WRN <Unknown> : 1783426218064:FSM EVT STOP.
#1262033 07.07.2026 14:10:18 : EVT OHR : S:OFF 1->0
#1262034 07.07.2026 14:10:18 : EVT PMIC : VBUS state is ON
#1262035 07.07.2026 14:10:18 : EVT PMIC : PMIC temp zone:0x7
#1262036 07.07.2026 14:10:18 : EVT PMIC : VBUS state is OFF
#1262037 07.07.2026 14:10:18 : EVT PMIC : Turn charge OFF since VBUS->OFF
#1262038 07.07.2026 14:10:18 : EVT OHR : VBUS off
#1262039 07.07.2026 14:10:18 : EVT OHR : S:ON 0->1
#1262040 07.07.2026 14:10:18 : WRN WBAPI : eID-691468(277): /Dive/Alarms/Acknowledge 404
#1262041 07.07.2026 14:10:18 : WRN WBAPI : eID-691468(277): /Dive/DiveGases 404
#1262042 07.07.2026 14:10:18 : WRN WBAPI : eID-691468(277): /Dive/Gauge/Next 404
#1262043 07.07.2026 14:10:18 : EVT OHR : APPINIT:caps 0x1f4, 6b738616
#1262044 07.07.2026 14:10:18 : EVT <Unknown> : 1783426218994:AI@1783426218970, tz120
#1262045 07.07.2026 14:10:18 : EVT OHR : S:start 0x21a3
#1262046 07.07.2026 14:10:19 : EVT <Unknown> : 1783426219000:Meas start 0x21a3
#1262047 07.07.2026 14:10:19 : EVT <Unknown> : 1783426219010:PD1464, 0
#1262048 07.07.2026 14:10:19 : EVT <Unknown> : 1783426219095:GMV 20251126/1/4/0/395/46
#1262049 07.07.2026 14:10:19 : EVT <Unknown> : 1783426219351:Mi1.6.10, auth 0, hr_mode 0
#1262050 07.07.2026 14:10:20 : EVT <Unknown> : 1783426219753:On Skin Set.
#1262051 07.07.2026 14:10:21 : EVT OHR : No HR update, invalidate by timer
#1262052 07.07.2026 14:10:22 : EVT LOGGER : Exercise paused
#1262053 07.07.2026 14:10:22 : WRN WBAPI : eID-691468(277): /Dive/Alarms/Acknowledge 404
#1262054 07.07.2026 14:10:22 : WRN WBAPI : eID-691468(277): /Dive/DiveGases 404
#1262055 07.07.2026 14:10:22 : EVT ANALYTICS : #ws AID:16 BM:1 NS:0 SP:3 ZN:0 TG:0 BL:0 GPS:0
#1262056 07.07.2026 14:10:22 : EVT ANALYTICS : #2ws AID:16 WHR:1 INT:0 AL:0 AP:0 FE:1 MC:1 TH:0
#1262057 07.07.2026 14:10:22 : WRN WBAPI : eID-691468(277): /Dive/Gauge/Next 404
#1262058 07.07.2026 14:10:23 : EVT BLE : lt,scan 1
#1262059 07.07.2026 14:10:23 : WRN BLE : sendDisconnect 6157
#1262060 07.07.2026 14:10:23 : ERR BLE : [AURA]No filters left, stopping scan
#1262061 07.07.2026 14:10:23 : ERR BLE : [AURA]Filter with handle 72 not found
#1262062 07.07.2026 14:10:23 : EVT BLE : packet 0 sensor found count 1
#1262063 07.07.2026 14:10:23 : EVT BLE : packet 0 sensor found count 2
#1262064 07.07.2026 14:10:24 : ERR <Unknown> : 1783426223766:Mi invalid call:100,code:0.
#1262065 07.07.2026 14:10:25 : EVT APPLICATION : Zapp climbl01:Disable
#1262066 07.07.2026 14:10:25 : EVT ANALYTICS : Zapp disabled i:5 h:a5e7afa5 n:Climb Log
#1262067 07.07.2026 14:10:25 : EVT APPLICATION : Zapp zzmoveen:Disable
#1262068 07.07.2026 14:10:25 : EVT ANALYTICS : Zapp disabled i:6 h:7aac0887 n:Movement
#1262069 07.07.2026 14:10:25 : EVT UI_FRAMEWORK : evalFile: b:/zapp/zzmoveen.fea/ext2.js from ui
#1262070 07.07.2026 14:10:25 : EVT APPLICATION : Zapp zzwethen:Disable
#1262071 07.07.2026 14:10:25 : EVT ANALYTICS : Zapp disabled i:8 h:3f77f8ec n:Weather
#1262072 07.07.2026 14:10:25 : EVT UI_FRAMEWORK : JS discard disable zapps
#1262073 07.07.2026 14:10:25 : EVT UI_FRAMEWORK : JS will discard
#1262074 07.07.2026 14:10:25 : EVT SPEEDFUSION : INFO # stop speed fusion
#1262075 07.07.2026 14:10:25 : EVT <Unknown> : Update pres sampl intrvl:5
#1262076 07.07.2026 14:10:25 : WRN APPLICATION : discard hrr meas l:3 d:0 sh:0 mh:0 v:0
#1262077 07.07.2026 14:10:25 : WRN WBAPI : eID-698eec(583/65535): 404
#1262078 07.07.2026 14:10:25 : EVT TRAININGZONE : User Define Mode:5
#1262079 07.07.2026 14:10:25 : EVT TRAININGZONE : Tss HR:0.07
#1262080 07.07.2026 14:10:25 : EVT TRAININGZONE : A:16,Tss:[-200.00,-200.00,-200.00,0.07]
#1262081 07.07.2026 14:10:25 : EVT TRAININGLAB : AppFeature Vo2Max 0.000000
#1262082 07.07.2026 14:10:25 : EVT TRAININGLAB : TLab:~Mode T 15339 + 2 A 4070 + 0
#1262083 07.07.2026 14:10:25 : EVT TRAININGLAB : TLab:Change mode 3->2
#1262084 07.07.2026 14:10:25 : EVT TRAININGLAB : TLab:Mode::userInfo 60, 200, 1, 37, 182, 950, 1990
#1262085 07.07.2026 14:10:25 : EVT LOGGER : LGR 934, 80
#1262086 07.07.2026 14:10:25 : EVT TRAININGLAB : ModeUnsub:91C5
#1262087 07.07.2026 14:10:25 : EVT OHR : S:start 0x2123
#1262088 07.07.2026 14:10:25 : EVT TRAININGLAB : ModeSub:0400
#1262089 07.07.2026 14:10:25 : EVT ANALYTICS : WAOae:Activity WAOae:16
#1262090 07.07.2026 14:10:25 : EVT ANALYTICS : WAOae:TotalAcc WAOae:0,0,0
#1262091 07.07.2026 14:10:25 : EVT ANALYTICS : WAOae:AccCount WAOae:0,0,0
#1262092 07.07.2026 14:10:25 : EVT ANALYTICS : WAOae:Distance WAOae:0,0,0
#1262093 07.07.2026 14:10:25 : EVT ANALYTICS : WAOae:Duration WAOae:0,0,0
#1262094 07.07.2026 14:10:25 : EVT ANALYTICS : WAOae:Coeff WAOae:0,40,240,390,773,7524,7624
#1262095 07.07.2026 14:10:25 : EVT LOGGER : Exercise stopped
#1262096 07.07.2026 14:10:25 : EVT BLE : HR RR off (62149336, 10976 ms missing)
#1262097 07.07.2026 14:10:25 : EVT BLE : HR RR done
#1262098 07.07.2026 14:10:25 : EVT LOGGER : HrIbiLogger stop, off (0 ms)
#1262099 07.07.2026 14:10:25 : EVT LOGGER : HrIbiLogger stopped (0 ms)
#1262100 07.07.2026 14:10:25 : TRC GPS : Unsubd c:802b0000
#1262101 07.07.2026 14:10:25 : EVT LOGGER : LGR 934, 80
#1262102 07.07.2026 14:10:25 : EVT ANALYTICS : SleepQ:Tracking:On
#1262103 07.07.2026 14:10:25 : EVT LOGGER : Wr dpc on
#1262104 07.07.2026 14:10:25 : EVT LOGGER : LGR 20993, 56
#1262105 07.07.2026 14:10:25 : EVT WBSTORAGE : CACHE_DEFRAG (680->840, 24->24, 25)
#1262106 07.07.2026 14:10:25 : EVT WBSTORAGE : CACHE_DEFRAG (824->832, 24->24, 25)
#1262107 07.07.2026 14:10:25 : EVT WBSTORAGE : CACHE_DEFRAG (816->824, 24->24, 25)
#1262108 07.07.2026 14:10:25 : TRC NAVIGATION : CG: no climb WP
#1262109 07.07.2026 14:10:25 : TRC NAVIGATION : CG:init ZoomType=0
#1262110 07.07.2026 14:10:25 : EVT NAVIGATION : initSeg Idx=0 D=1 T=0 3-0-4
#1262111 07.07.2026 14:10:25 : EVT WBSTORAGE : CACHE_DEFRAG (808->1024, 24->24, 25)
#1262112 07.07.2026 14:10:25 : EVT SPEEDFUSION : INFO # IDLE mode(-1) set
#1262113 07.07.2026 14:10:25 : EVT ALTIFUSION : AltiBaroMode:2
#1262114 07.07.2026 14:10:26 : EVT <Unknown> : 1783426225329:Meas start 0x2123
#1262115 07.07.2026 14:10:26 : EVT BLE : Disconn sensor:1
#1262116 07.07.2026 14:10:26 : EVT BLE : BLE Sensor Link 4800180D Disc (L-E-:00:0)
#1262117 07.07.2026 14:10:26 : WRN BLE : sendDisconnect 6157
#1262118 07.07.2026 14:10:26 : ERR BLE : [AURA]No filters left, stopping scan
#1262119 07.07.2026 14:10:27 : EVT OHR : No HR update, invalidate by timer
#1262120 07.07.2026 14:10:27 : EVT ANALYTICS : #powersave mode:p temp:27.9
#1262121 07.07.2026 14:10:27 : EVT ANALYTICS : Battery-> 4 soc:100
#1262122 07.07.2026 14:10:28 : EVT UI_FRAMEWORK : JS discard
#1262123 07.07.2026 14:10:28 : WRN LOGGER : Delete b:logs/6A4CECA6
#1262124 07.07.2026 14:10:31 : EVT WBSTORAGE : CACHE_DEFRAG (1000->1008, 24->24, 25)
#1262125 07.07.2026 14:10:31 : EVT APPLICATION : Zapp zwc05901:Load script
#1262126 07.07.2026 14:10:31 : EVT APPLICATION : Zapp zwc05901:Enable
#1262127 07.07.2026 14:10:31 : EVT ANALYTICS : Zapp enabled i:3 h:ddb248f2 n:zwc05901 v:124f
#1262128 07.07.2026 14:10:31 : WRN WBAPI : eID-691468(277): /Weather/Current/ValidWeatherData.temp 
#1262129 07.07.2026 14:10:32 : EVT <Unknown> : 1783426232044:Off Skin Set.
#1262130 07.07.2026 14:10:32 : WRN WBAPI : eID-691468(277): /Weather/Current/ValidWeatherData.temp 
#1262131 07.07.2026 14:10:33 : EVT <Unknown> : 1783426232920:On Skin Set.
#1262132 07.07.2026 14:10:35 : EVT <Unknown> : 1783426235003:Off Skin Set.
#1262133 07.07.2026 14:10:35 : EVT WBSTORAGE : CACHE_DEFRAG (880->888, 24->24, 25)
#1262134 07.07.2026 14:10:35 : EVT WBSTORAGE : CACHE_DEFRAG (840->872, 24->24, 25)
#1262135 07.07.2026 14:10:35 : EVT WBSTORAGE : CACHE_DEFRAG (848->856, 24->24, 25)
#1262136 07.07.2026 14:10:35 : EVT WBSTORAGE : CACHE_DEFRAG (840->848, 24->24, 25)
#1262137 07.07.2026 14:10:35 : TRC NAVIGATION : CG: no climb WP
#1262138 07.07.2026 14:10:35 : TRC NAVIGATION : CG:init ZoomType=0
#1262139 07.07.2026 14:10:35 : EVT NAVIGATION : initSeg Idx=0 D=1 T=0 3-0-4
#1262140 07.07.2026 14:10:35 : EVT WBSTORAGE : CACHE_DEFRAG (832->944, 24->24, 25)
#1262141 07.07.2026 14:10:35 : EVT ALTIFUSION : AltiBaroMode:0
#1262142 07.07.2026 14:10:35 : EVT ALTIFUSION : Init AltiBaro
#1262143 07.07.2026 14:10:35 : EVT APPLICATION : Zapp zwc05901:Disable
#1262144 07.07.2026 14:10:35 : EVT ANALYTICS : Zapp disabled i:3 h:ddb248f2 n:Vector classic
#1262145 07.07.2026 14:10:35 : EVT ANALYTICS : SleepQ:Tracking:On
#1262146 07.07.2026 14:10:36 : EVT ALTIFUSION : AltiBaroMode:0
#1262147 07.07.2026 14:10:36 : EVT ALTIFUSION : Init AltiBaro
#1262148 07.07.2026 14:10:36 : EVT WBSTORAGE : CACHE_DEFRAG (920->928, 24->24, 25)
#1262149 07.07.2026 14:10:36 : EVT UI_FRAMEWORK : JS nsto enable zapp: zzwethen
#1262150 07.07.2026 14:10:36 : EVT UI_FRAMEWORK : JS nsto enable zapp: zzmoveen
#1262151 07.07.2026 14:10:36 : EVT UI_FRAMEWORK : JS nsto enable zapp: climbl01
#1262152 07.07.2026 14:10:36 : EVT APPLICATION : Zapp zzwethen:Load script
#1262153 07.07.2026 14:10:36 : EVT APPLICATION : Zapp zzwethen:Enable
#1262154 07.07.2026 14:10:36 : EVT ANALYTICS : Zapp enabled i:8 h:3f77f8ec n:zzwethen v:ade
#1262155 07.07.2026 14:10:36 : EVT APPLICATION : Zapp clid:32878
#1262156 07.07.2026 14:10:36 : EVT APPLICATION : Zapp zzmoveen:Load script
#1262157 07.07.2026 14:10:36 : EVT APPLICATION : Zapp zzmoveen:Enable
#1262158 07.07.2026 14:10:36 : EVT ANALYTICS : Zapp enabled i:6 h:7aac0887 n:zzmoveen v:8e0
#1262159 07.07.2026 14:10:36 : EVT UI_FRAMEWORK : evalFile: b:/zapp/zzmoveen.fea/ext1.js from ui
#1262160 07.07.2026 14:10:36 : EVT APPLICATION : Zapp clid:32879
#1262161 07.07.2026 14:10:36 : EVT APPLICATION : Zapp climbl01:Load script
#1262162 07.07.2026 14:10:36 : EVT APPLICATION : Zapp climbl01:Enable
#1262163 07.07.2026 14:10:36 : EVT ANALYTICS : Zapp enabled i:5 h:a5e7afa5 n:climbl01 v:3.0
#1262164 07.07.2026 14:10:36 : EVT APPLICATION : Zapp clid:32880
#1262165 07.07.2026 14:10:37 : ERR WBMAIN : *0: app 582 Event 37 80995318
#1262166 07.07.2026 14:10:37 : EVT UI_FRAMEWORK : JS nsto all zapps enabled.
#1262167 07.07.2026 14:10:37 : ERR WBMAIN : 1: mea 20 Wait 0 00000000
#1262168 07.07.2026 14:10:37 : ERR WBMAIN : 2: ui 25 Wait 0 00000000
#1262169 07.07.2026 14:10:37 : EVT UI_FRAMEWORK : JS Prestart Activity Id: 16.000
#1262170 07.07.2026 14:10:37 : WRN WBAPI : eID-691468(277): /Dive/Alarms/Acknowledge 404
#1262171 07.07.2026 14:10:37 : WRN WBAPI : eID-691468(277): /Dive/DiveGases 404
#1262172 07.07.2026 14:10:37 : WRN WBAPI : eID-691468(277): /Dive/Gauge/Next 404
#1262173 07.07.2026 14:10:37 : EVT WBSTORAGE : CACHE_DEFRAG (880->888, 24->24, 25)
#1262174 07.07.2026 14:10:37 : EVT WBSTORAGE : CACHE_DEFRAG (816->824, 24->24, 25)
#1262175 07.07.2026 14:10:37 : EVT WBSTORAGE : CACHE_DEFRAG (752->760, 24->24, 25)
#1262176 07.07.2026 14:10:37 : EVT BLE : BLE Sensor Link 4800180D Conn (--E-:00:1)
#1262177 07.07.2026 14:10:37 : WRN BLE : sendConnect 6157
#1262178 07.07.2026 14:10:37 : WRN WBAPI : eID-691468(277): /Dive/TankPressure/Alarm/Count 404
#1262179 07.07.2026 14:10:37 : EVT SPEEDFUSION : INFO # start speed fusion
#1262180 07.07.2026 14:10:37 : EVT SPEEDFUSION : Act:16,Acc:0,BPod:0,FPod:0,PPod:0,BeltPod:1
#1262181 07.07.2026 14:10:37 : EVT SPEEDFUSION : INFO # Start algo without wrist acc
#1262182 07.07.2026 14:10:37 : EVT <Unknown> : Update pres sampl intrvl:1
#1262183 07.07.2026 14:10:37 : EVT OHR : S:start 0x21a3
#1262184 07.07.2026 14:10:37 : EVT TRAININGLAB : TLab:~Mode T 15341 + 2 A 4070 + 0
#1262185 07.07.2026 14:10:37 : EVT TRAININGLAB : TLab:Change mode 2->3
#1262186 07.07.2026 14:10:37 : EVT TRAININGLAB : TLab:Mode::userInfo 60, 200, 1, 37, 182, 950, 1990
#1262187 07.07.2026 14:10:37 : EVT LOGGER : Log space:30499506 bytes free
#1262188 07.07.2026 14:10:37 : EVT TRAININGLAB : ModeUnsub:2800
#1262189 07.07.2026 14:10:37 : EVT TRAININGLAB : ModeSub:9004
#1262190 07.07.2026 14:10:37 : EVT TRAININGLAB : TLab:Select input 0
#1262191 07.07.2026 14:10:37 : EVT TRAININGLAB : TLab:Active input 0
#1262192 07.07.2026 14:10:37 : EVT LOGGER : Exercise started
#1262193 07.07.2026 14:10:37 : EVT BLE : HR RR on (62161933)
#1262194 07.07.2026 14:10:37 : TRC GPS : Full GNSS data subd l:0 c:802b0000
#1262195 07.07.2026 14:10:37 : EVT UI_FRAMEWORK : evalFile: b:/zapp/climbl01.fea/ext12.js from ui
#1262196 07.07.2026 14:10:38 : EVT <Unknown> : 1783426237713:Meas start 0x21a3
#1262197 07.07.2026 14:10:40 : EVT ANALYTICS : Battery-> 3 soc:100
#1262198 07.07.2026 14:10:40 : EVT ANALYTICS : #FusHr src:0 time:0
#1262199 07.07.2026 14:10:40 : EVT ANALYTICS : #Act id:16
#1262200 07.07.2026 14:10:40 : EVT ANALYTICS : #powersave mode:p temp:28.3
#1262201 07.07.2026 14:10:40 : EVT ANALYTICS : GPSMODE:NOTUSED
#1262202 07.07.2026 14:10:40 : EVT ANALYTICS : #gnss d:2026-07-07T00:00:00Z
#1262203 07.07.2026 14:10:40 : EVT ANALYTICS : #zapp n:Weather e:1
#1262204 07.07.2026 14:10:40 : EVT ANALYTICS : #zapp n:Movement e:1
#1262205 07.07.2026 14:10:40 : EVT ANALYTICS : #zapp n:Climb Log e:1
#1262206 07.07.2026 14:10:41 : EVT PMIC : VBUS state is ON
#1262207 07.07.2026 14:10:41 : EVT PMIC : chgCntl1:0x70
#1262208 07.07.2026 14:10:41 : EVT PMIC : check chgCntl1:0x74
#1262209 07.07.2026 14:10:41 : EVT PMIC : Turn charge ON since VBUS->ON
#1262210 07.07.2026 14:10:41 : EVT PMIC : PMIC temp zone:0x2
#1262211 07.07.2026 14:10:41 : EVT PMIC : PMIC Fast-charge constant cur
#1262212 07.07.2026 14:10:41 : EVT OHR : VBUS on
#1262213 07.07.2026 14:10:41 : EVT OHR : S:stop a3
#1262214 07.07.2026 14:10:41 : EVT <Unknown> : 1783426241622:Meas stop 0x21a3
#1262215 07.07.2026 14:10:41 : WRN <Unknown> : 1783426241622:FSM EVT STOP.
#1262216 07.07.2026 14:10:41 : EVT OHR : S:OFF 1->0
#1262217 07.07.2026 14:10:41 : EVT PMIC : VBUS state is ON
#1262218 07.07.2026 14:10:42 : EVT PMIC : PMIC Maintain charge
#1262219 07.07.2026 14:10:42 : EVT OHR : No HR update, invalidate by timer
#1262220 07.07.2026 14:10:42 : EVT PMIC : PMIC temp zone:0x7
#1262221 07.07.2026 14:10:42 : EVT PMIC : VBUS state is OFF
#1262222 07.07.2026 14:10:42 : EVT PMIC : Turn charge OFF since VBUS->OFF
#1262223 07.07.2026 14:10:42 : EVT OHR : VBUS off
#1262224 07.07.2026 14:10:42 : WRN WBAPI : eID-691468(277): /Dive/Alarms/Acknowledge 404
#1262225 07.07.2026 14:10:42 : EVT OHR : S:ON 0->1
#1262226 07.07.2026 14:10:42 : WRN WBAPI : eID-691468(277): /Dive/DiveGases 404
#1262227 07.07.2026 14:10:42 : WRN WBAPI : eID-691468(277): /Dive/Gauge/Next 404
#1262228 07.07.2026 14:10:43 : EVT OHR : APPINIT:caps 0x1f4, 6b738616
#1262229 07.07.2026 14:10:43 : EVT <Unknown> : 1783426243184:AI@1783426243160, tz120
#1262230 07.07.2026 14:10:43 : EVT OHR : S:start 0x21a3
#1262231 07.07.2026 14:10:43 : EVT <Unknown> : 1783426243189:Meas start 0x21a3
#1262232 07.07.2026 14:10:43 : EVT <Unknown> : 1783426243203:PD1464, 0
#1262233 07.07.2026 14:10:43 : EVT <Unknown> : 1783426243263:GMV 20251126/1/4/0/395/46
#1262234 07.07.2026 14:10:43 : EVT <Unknown> : 1783426243518:Mi1.6.10, auth 0, hr_mode 0
#1262235 07.07.2026 14:10:44 : EVT <Unknown> : 1783426243943:On Skin Set.
#1262236 07.07.2026 14:10:45 : EVT LOGGER : Exercise paused
#1262237 07.07.2026 14:10:45 : WRN WBAPI : eID-691468(277): /Dive/Alarms/Acknowledge 404
#1262238 07.07.2026 14:10:45 : WRN WBAPI : eID-691468(277): /Dive/DiveGases 404
#1262239 07.07.2026 14:10:45 : WRN WBAPI : eID-691468(277): /Dive/Gauge/Next 404
#1262240 07.07.2026 14:10:45 : EVT <Unknown> : 1783426245294:Off Skin Set.
#1262241 07.07.2026 14:10:45 : EVT ANALYTICS : #ws AID:16 BM:1 NS:0 SP:3 ZN:0 TG:0 BL:0 GPS:0
#1262242 07.07.2026 14:10:45 : EVT ANALYTICS : #2ws AID:16 WHR:1 INT:0 AL:0 AP:0 FE:1 MC:1 TH:0
#1262243 07.07.2026 14:10:47 : EVT BLE : lt,scan 1
#1262244 07.07.2026 14:10:47 : WRN BLE : sendDisconnect 6157
#1262245 07.07.2026 14:10:47 : ERR BLE : [AURA]No filters left, stopping scan
#1262246 07.07.2026 14:10:47 : EVT BLE : packet 0 sensor found count 1
#1262247 07.07.2026 14:10:47 : ERR BLE : [AURA]Filter with handle 72 not found
#1262248 07.07.2026 14:10:47 : EVT BLE : packet 0 sensor found count 2
#1262249 07.07.2026 14:10:47 : EVT APPLICATION : Zapp climbl01:Disable
#1262250 07.07.2026 14:10:47 : EVT ANALYTICS : Zapp disabled i:5 h:a5e7afa5 n:Climb Log
#1262251 07.07.2026 14:10:47 : EVT APPLICATION : Zapp zzmoveen:Disable
#1262252 07.07.2026 14:10:47 : EVT ANALYTICS : Zapp disabled i:6 h:7aac0887 n:Movement
#1262253 07.07.2026 14:10:47 : EVT UI_FRAMEWORK : evalFile: b:/zapp/zzmoveen.fea/ext2.js from ui
#1262254 07.07.2026 14:10:47 : EVT APPLICATION : Zapp zzwethen:Disable
#1262255 07.07.2026 14:10:47 : EVT ANALYTICS : Zapp disabled i:8 h:3f77f8ec n:Weather
#1262256 07.07.2026 14:10:47 : EVT UI_FRAMEWORK : JS discard disable zapps
#1262257 07.07.2026 14:10:47 : EVT UI_FRAMEWORK : JS will discard
#1262258 07.07.2026 14:10:47 : EVT SPEEDFUSION : INFO # stop speed fusion
#1262259 07.07.2026 14:10:47 : EVT <Unknown> : Update pres sampl intrvl:5
#1262260 07.07.2026 14:10:47 : WRN APPLICATION : discard hrr meas l:3 d:0 sh:0 mh:0 v:0
#1262261 07.07.2026 14:10:47 : WRN WBAPI : eID-698eec(583/65535): 404
#1262262 07.07.2026 14:10:47 : EVT TRAININGZONE : User Define Mode:5
#1262263 07.07.2026 14:10:47 : EVT TRAININGZONE : Tss HR:0.00
#1262264 07.07.2026 14:10:47 : EVT TRAININGZONE : A:16,Tss:[-200.00,-200.00,-200.00,0.00]
#1262265 07.07.2026 14:10:47 : EVT TRAININGLAB : AppFeature Vo2Max 0.000000
#1262266 07.07.2026 14:10:47 : EVT TRAININGLAB : TLab:~Mode T 15343 + 1 A 4070 + 0
#1262267 07.07.2026 14:10:47 : EVT TRAININGLAB : TLab:Change mode 3->2
#1262268 07.07.2026 14:10:47 : EVT TRAININGLAB : TLab:Mode::userInfo 60, 200, 1, 37, 182, 950, 1990
#1262269 07.07.2026 14:10:47 : EVT LOGGER : LGR 934, 80
#1262270 07.07.2026 14:10:47 : EVT TRAININGLAB : ModeUnsub:91C5
#1262271 07.07.2026 14:10:47 : EVT OHR : S:start 0x2123
#1262272 07.07.2026 14:10:47 : EVT TRAININGLAB : ModeSub:0400
#1262273 07.07.2026 14:10:47 : EVT ANALYTICS : WAOae:Activity WAOae:16
#1262274 07.07.2026 14:10:47 : EVT ANALYTICS : WAOae:TotalAcc WAOae:0,0,0
#1262275 07.07.2026 14:10:47 : EVT ANALYTICS : WAOae:AccCount WAOae:0,0,0
#1262276 07.07.2026 14:10:47 : EVT ANALYTICS : WAOae:Distance WAOae:0,0,0
#1262277 07.07.2026 14:10:47 : EVT ANALYTICS : WAOae:Duration WAOae:0,0,0
#1262278 07.07.2026 14:10:47 : EVT ANALYTICS : WAOae:Coeff WAOae:0,40,240,390,773,7524,7624
#1262279 07.07.2026 14:10:47 : EVT LOGGER : Exercise stopped
#1262280 07.07.2026 14:10:47 : EVT BLE : HR RR off (62171857, 9924 ms missing)
#1262281 07.07.2026 14:10:47 : EVT BLE : HR RR done
#1262282 07.07.2026 14:10:47 : EVT LOGGER : HrIbiLogger stop, off (0 ms)
#1262283 07.07.2026 14:10:47 : EVT LOGGER : HrIbiLogger stopped (0 ms)
#1262284 07.07.2026 14:10:47 : TRC GPS : Unsubd c:802b0000
#1262285 07.07.2026 14:10:47 : EVT LOGGER : LGR 934, 80
#1262286 07.07.2026 14:10:47 : EVT ANALYTICS : SleepQ:Tracking:On
#1262287 07.07.2026 14:10:48 : EVT LOGGER : Wr dpc on
#1262288 07.07.2026 14:10:48 : EVT LOGGER : LGR 20993, 56
#1262289 07.07.2026 14:10:48 : EVT WBSTORAGE : CACHE_DEFRAG (680->840, 24->24, 25)
#1262290 07.07.2026 14:10:48 : EVT WBSTORAGE : CACHE_DEFRAG (824->832, 24->24, 25)
#1262291 07.07.2026 14:10:48 : EVT WBSTORAGE : CACHE_DEFRAG (816->824, 24->24, 25)
#1262292 07.07.2026 14:10:48 : TRC NAVIGATION : CG: no climb WP
#1262293 07.07.2026 14:10:48 : TRC NAVIGATION : CG:init ZoomType=0
#1262294 07.07.2026 14:10:48 : EVT NAVIGATION : initSeg Idx=0 D=1 T=0 3-0-4
#1262295 07.07.2026 14:10:48 : EVT WBSTORAGE : CACHE_DEFRAG (808->1024, 24->24, 25)
#1262296 07.07.2026 14:10:48 : EVT SPEEDFUSION : INFO # IDLE mode(-1) set
#1262297 07.07.2026 14:10:48 : EVT ALTIFUSION : AltiBaroMode:2
#1262298 07.07.2026 14:10:48 : EVT <Unknown> : 1783426247858:Meas start 0x2123
#1262299 07.07.2026 14:10:48 : EVT <Unknown> : 1783426248172:On Skin Set.
#1262300 07.07.2026 14:10:49 : EVT BLE : Disconn sensor:1
#1262301 07.07.2026 14:10:49 : EVT BLE : BLE Sensor Link 4800180D Disc (L-E-:00:0)
#1262302 07.07.2026 14:10:49 : WRN BLE : sendDisconnect 6157
#1262303 07.07.2026 14:10:49 : ERR BLE : [AURA]No filters left, stopping scan
#1262304 07.07.2026 14:10:50 : EVT ANALYTICS : #powersave mode:p temp:28.4
#1262305 07.07.2026 14:10:50 : EVT ANALYTICS : Battery-> 4 soc:100
#1262306 07.07.2026 14:10:50 : EVT OHR : No HR update, invalidate by timer
#1262307 07.07.2026 14:10:51 : EVT UI_FRAMEWORK : JS discard
#1262308 07.07.2026 14:10:51 : WRN LOGGER : Delete b:logs/6A4CECBD
#1262309 07.07.2026 14:10:51 : ERR <Unknown> : 1783426251002:Mi invalid call:100,code:0.
#1262310 07.07.2026 14:10:53 : EVT <Unknown> : 1783426252844:Off Skin Set.
#1262311 07.07.2026 14:10:53 : EVT WBSTORAGE : CACHE_DEFRAG (1000->1008, 24->24, 25)
#1262312 07.07.2026 14:10:53 : EVT APPLICATION : Zapp zwc05901:Load script
#1262313 07.07.2026 14:10:53 : EVT APPLICATION : Zapp zwc05901:Enable
#1262314 07.07.2026 14:10:53 : EVT ANALYTICS : Zapp enabled i:3 h:ddb248f2 n:zwc05901 v:124f
#1262315 07.07.2026 14:10:53 : WRN WBAPI : eID-691468(277): /Weather/Current/ValidWeatherData.temp 
#1262316 07.07.2026 14:10:56 : EVT WBSTORAGE : CACHE_DEFRAG (880->888, 24->24, 25)
#1262317 07.07.2026 14:10:56 : EVT WBSTORAGE : CACHE_DEFRAG (840->872, 24->24, 25)
#1262318 07.07.2026 14:10:56 : EVT WBSTORAGE : CACHE_DEFRAG (848->856, 24->24, 25)
#1262319 07.07.2026 14:10:56 : EVT WBSTORAGE : CACHE_DEFRAG (840->848, 24->24, 25)
#1262320 07.07.2026 14:10:56 : TRC NAVIGATION : CG: no climb WP
#1262321 07.07.2026 14:10:56 : TRC NAVIGATION : CG:init ZoomType=0
#1262322 07.07.2026 14:10:56 : EVT NAVIGATION : initSeg Idx=0 D=1 T=0 3-0-4
#1262323 07.07.2026 14:10:56 : EVT WBSTORAGE : CACHE_DEFRAG (832->944, 24->24, 25)
#1262324 07.07.2026 14:10:56 : EVT ALTIFUSION : AltiBaroMode:0
#1262325 07.07.2026 14:10:56 : EVT ALTIFUSION : Init AltiBaro
#1262326 07.07.2026 14:10:56 : EVT APPLICATION : Zapp zwc05901:Disable
#1262327 07.07.2026 14:10:56 : EVT ANALYTICS : Zapp disabled i:3 h:ddb248f2 n:Vector classic
#1262328 07.07.2026 14:10:56 : EVT ANALYTICS : SleepQ:Tracking:On
#1262329 07.07.2026 14:10:56 : EVT ALTIFUSION : AltiBaroMode:0
#1262330 07.07.2026 14:10:56 : EVT ALTIFUSION : Init AltiBaro
#1262331 07.07.2026 14:10:56 : EVT WBSTORAGE : CACHE_DEFRAG (920->928, 24->24, 25)
#1262332 07.07.2026 14:10:56 : EVT UI_FRAMEWORK : JS nsto enable zapp: zzwethen
#1262333 07.07.2026 14:10:56 : EVT UI_FRAMEWORK : JS nsto enable zapp: zzmoveen
#1262334 07.07.2026 14:10:56 : EVT UI_FRAMEWORK : JS nsto enable zapp: climbl01
#1262335 07.07.2026 14:10:57 : EVT APPLICATION : Zapp zzwethen:Load script
#1262336 07.07.2026 14:10:57 : EVT APPLICATION : Zapp zzwethen:Enable
#1262337 07.07.2026 14:10:57 : EVT ANALYTICS : Zapp enabled i:8 h:3f77f8ec n:zzwethen v:ade
#1262338 07.07.2026 14:10:57 : EVT APPLICATION : Zapp clid:32878
#1262339 07.07.2026 14:10:57 : EVT APPLICATION : Zapp zzmoveen:Load script
#1262340 07.07.2026 14:10:57 : EVT APPLICATION : Zapp zzmoveen:Enable
#1262341 07.07.2026 14:10:57 : EVT ANALYTICS : Zapp enabled i:6 h:7aac0887 n:zzmoveen v:8e0
#1262342 07.07.2026 14:10:57 : EVT UI_FRAMEWORK : evalFile: b:/zapp/zzmoveen.fea/ext1.js from ui
#1262343 07.07.2026 14:10:57 : EVT APPLICATION : Zapp clid:32879
#1262344 07.07.2026 14:10:57 : EVT APPLICATION : Zapp climbl01:Load script
#1262345 07.07.2026 14:10:57 : EVT APPLICATION : Zapp climbl01:Enable
#1262346 07.07.2026 14:10:57 : EVT ANALYTICS : Zapp enabled i:5 h:a5e7afa5 n:climbl01 v:3.0
#1262347 07.07.2026 14:10:57 : EVT APPLICATION : Zapp clid:32880
#1262348 07.07.2026 14:10:57 : EVT UI_FRAMEWORK : JS nsto all zapps enabled.
#1262349 07.07.2026 14:10:57 : ERR WBMAIN : *0: app 584 Event 37 80995318
#1262350 07.07.2026 14:10:57 : ERR WBMAIN : 1: mea 4 Wait 0 00000000
#1262351 07.07.2026 14:10:57 : ERR WBMAIN : 2: ui 3 Wait 0 00000000
#1262352 07.07.2026 14:10:57 : EVT UI_FRAMEWORK : JS Prestart Activity Id: 16.000
#1262353 07.07.2026 14:10:57 : WRN WBAPI : eID-691468(277): /Dive/Alarms/Acknowledge 404
#1262354 07.07.2026 14:10:57 : WRN WBAPI : eID-691468(277): /Dive/DiveGases 404
#1262355 07.07.2026 14:10:57 : WRN WBAPI : eID-691468(277): /Dive/Gauge/Next 404
#1262356 07.07.2026 14:10:57 : EVT WBSTORAGE : CACHE_DEFRAG (880->888, 24->24, 25)
#1262357 07.07.2026 14:10:58 : EVT WBSTORAGE : CACHE_DEFRAG (816->824, 24->24, 25)
#1262358 07.07.2026 14:10:58 : EVT WBSTORAGE : CACHE_DEFRAG (752->760, 24->24, 25)
#1262359 07.07.2026 14:10:58 : EVT BLE : BLE Sensor Link 4800180D Conn (--E-:00:1)
#1262360 07.07.2026 14:10:58 : WRN BLE : sendConnect 6157
#1262361 07.07.2026 14:10:58 : WRN WBAPI : eID-691468(277): /Dive/TankPressure/Alarm/Count 404
#1262362 07.07.2026 14:10:58 : EVT SPEEDFUSION : INFO # start speed fusion
#1262363 07.07.2026 14:10:58 : EVT SPEEDFUSION : Act:16,Acc:0,BPod:0,FPod:0,PPod:0,BeltPod:1
#1262364 07.07.2026 14:10:58 : EVT SPEEDFUSION : INFO # Start algo without wrist acc
#1262365 07.07.2026 14:10:58 : EVT <Unknown> : Update pres sampl intrvl:1
#1262366 07.07.2026 14:10:58 : EVT OHR : S:start 0x21a3
#1262367 07.07.2026 14:10:58 : EVT <Unknown> : 1783426258488:Meas start 0x21a3
#1262368 07.07.2026 14:10:58 : EVT UI_FRAMEWORK : evalFile: b:/zapp/climbl01.fea/ext12.js from ui
#1262369 07.07.2026 14:10:59 : WRN UI_FRAMEWORK : JsTotMem 131296/133120
#1262370 07.07.2026 14:10:59 : EVT TRAININGLAB : TLab:~Mode T 15344 + 2 A 4070 + 0
#1262371 07.07.2026 14:10:59 : EVT TRAININGLAB : TLab:Change mode 2->3
#1262372 07.07.2026 14:10:59 : EVT TRAININGLAB : TLab:Mode::userInfo 60, 200, 1, 37, 182, 950, 1990
#1262373 07.07.2026 14:10:59 : WRN WBAPI : eID-691468(277): /Dive/Alarms/Acknowledge 404
#1262374 07.07.2026 14:10:59 : WRN WBAPI : eID-691468(277): /Dive/DiveGases 404
#1262375 07.07.2026 14:10:59 : EVT LOGGER : Log space:30499506 bytes free
#1262376 07.07.2026 14:10:59 : WRN WBAPI : eID-691468(277): /Dive/Gauge/Next 404
#1262377 07.07.2026 14:10:59 : EVT TRAININGLAB : ModeUnsub:2800
#1262378 07.07.2026 14:10:59 : EVT TRAININGLAB : ModeSub:9004
#1262379 07.07.2026 14:10:59 : EVT TRAININGLAB : TLab:Select input 0
#1262380 07.07.2026 14:10:59 : EVT TRAININGLAB : TLab:Active input 0
#1262381 07.07.2026 14:10:59 : EVT LOGGER : Exercise started
#1262382 07.07.2026 14:10:59 : EVT BLE : HR RR on (62183535)
#1262383 07.07.2026 14:10:59 : TRC GPS : Full GNSS data subd l:0 c:802b0000
#1262384 07.07.2026 14:11:00 : EVT SEDENTARY : stop monitoring
#1262385 07.07.2026 14:11:01 : EVT ANALYTICS : Battery-> 3 soc:100
#1262386 07.07.2026 14:11:01 : EVT ANALYTICS : #FusHr src:0 time:0
#1262387 07.07.2026 14:11:01 : EVT ANALYTICS : #Act id:16
#1262388 07.07.2026 14:11:01 : EVT ANALYTICS : #powersave mode:p temp:28.7
#1262389 07.07.2026 14:11:01 : EVT ANALYTICS : GPSMODE:NOTUSED
#1262390 07.07.2026 14:11:01 : EVT ANALYTICS : #gnss d:2026-07-07T00:00:00Z
#1262391 07.07.2026 14:11:01 : EVT ANALYTICS : #zapp n:Weather e:1
#1262392 07.07.2026 14:11:01 : EVT ANALYTICS : #zapp n:Movement e:1
#1262393 07.07.2026 14:11:01 : EVT ANALYTICS : #zapp n:Climb Log e:1
#1262394 07.07.2026 14:11:02 : EVT LOGGER : Exercise paused
#1262395 07.07.2026 14:11:02 : WRN WBAPI : eID-691468(277): /Dive/Alarms/Acknowledge 404
#1262396 07.07.2026 14:11:02 : WRN WBAPI : eID-691468(277): /Dive/DiveGases 404
#1262397 07.07.2026 14:11:02 : WRN WBAPI : eID-691468(277): /Dive/Gauge/Next 404
#1262398 07.07.2026 14:11:03 : EVT OHR : No HR update, invalidate by timer
#1262399 07.07.2026 14:11:05 : EVT APPLICATION : Zapp climbl01:Disable
#1262400 07.07.2026 14:11:05 : EVT ANALYTICS : Zapp disabled i:5 h:a5e7afa5 n:Climb Log
#1262401 07.07.2026 14:11:05 : EVT APPLICATION : Zapp zzmoveen:Disable
#1262402 07.07.2026 14:11:05 : EVT ANALYTICS : Zapp disabled i:6 h:7aac0887 n:Movement
#1262403 07.07.2026 14:11:05 : EVT UI_FRAMEWORK : evalFile: b:/zapp/zzmoveen.fea/ext2.js from ui
#1262404 07.07.2026 14:11:05 : EVT APPLICATION : Zapp zzwethen:Disable
#1262405 07.07.2026 14:11:05 : EVT ANALYTICS : Zapp disabled i:8 h:3f77f8ec n:Weather
#1262406 07.07.2026 14:11:05 : EVT UI_FRAMEWORK : JS discard disable zapps
#1262407 07.07.2026 14:11:05 : EVT UI_FRAMEWORK : JS will discard
#1262408 07.07.2026 14:11:05 : EVT SPEEDFUSION : INFO # stop speed fusion
#1262409 07.07.2026 14:11:05 : EVT <Unknown> : Update pres sampl intrvl:5
#1262410 07.07.2026 14:11:05 : WRN APPLICATION : discard hrr meas l:3 d:0 sh:0 mh:0 v:0
#1262411 07.07.2026 14:11:05 : EVT TRAININGZONE : User Define Mode:5
#1262412 07.07.2026 14:11:05 : EVT TRAININGZONE : Tss HR:0.00
#1262413 07.07.2026 14:11:05 : EVT TRAININGZONE : A:16,Tss:[-200.00,-200.00,-200.00,0.00]
#1262414 07.07.2026 14:11:05 : EVT TRAININGLAB : AppFeature Vo2Max 0.000000
#1262415 07.07.2026 14:11:05 : EVT TRAININGLAB : TLab:~Mode T 15346 + 1 A 4070 + 0
#1262416 07.07.2026 14:11:05 : EVT TRAININGLAB : TLab:Change mode 3->2
#1262417 07.07.2026 14:11:05 : EVT TRAININGLAB : TLab:Mode::userInfo 60, 200, 1, 37, 182, 950, 1990
#1262418 07.07.2026 14:11:05 : EVT LOGGER : LGR 934, 80
#1262419 07.07.2026 14:11:05 : EVT TRAININGLAB : ModeUnsub:91C5
#1262420 07.07.2026 14:11:05 : EVT OHR : S:start 0x2123
#1262421 07.07.2026 14:11:05 : EVT TRAININGLAB : ModeSub:0400
#1262422 07.07.2026 14:11:05 : EVT ANALYTICS : WAOae:Activity WAOae:16
#1262423 07.07.2026 14:11:05 : EVT ANALYTICS : WAOae:TotalAcc WAOae:0,0,0
#1262424 07.07.2026 14:11:05 : EVT ANALYTICS : WAOae:AccCount WAOae:0,0,0
#1262425 07.07.2026 14:11:05 : EVT ANALYTICS : WAOae:Distance WAOae:0,0,0
#1262426 07.07.2026 14:11:05 : EVT ANALYTICS : WAOae:Duration WAOae:0,0,0
#1262427 07.07.2026 14:11:05 : EVT ANALYTICS : WAOae:Coeff WAOae:0,40,240,390,773,7524,7624
#1262428 07.07.2026 14:11:05 : EVT LOGGER : Exercise stopped
#1262429 07.07.2026 14:11:05 : EVT BLE : HR RR off (62189595, 6060 ms missing)
#1262430 07.07.2026 14:11:05 : EVT BLE : HR RR done
#1262431 07.07.2026 14:11:05 : EVT LOGGER : HrIbiLogger stop, off (0 ms)
#1262432 07.07.2026 14:11:05 : EVT LOGGER : HrIbiLogger stopped (0 ms)
#1262433 07.07.2026 14:11:05 : TRC GPS : Unsubd c:802b0000
#1262434 07.07.2026 14:11:05 : EVT LOGGER : LGR 934, 80
#1262435 07.07.2026 14:11:05 : EVT <Unknown> : 1783426265596:Meas start 0x2123
#1262436 07.07.2026 14:11:05 : EVT ANALYTICS : SleepQ:Tracking:On
#1262437 07.07.2026 14:11:05 : EVT LOGGER : Wr dpc on
#1262438 07.07.2026 14:11:05 : EVT LOGGER : LGR 20993, 56
#1262439 07.07.2026 14:11:06 : EVT WBSTORAGE : CACHE_DEFRAG (680->1016, 24->24, 25)
#1262440 07.07.2026 14:11:06 : TRC NAVIGATION : CG: no climb WP
#1262441 07.07.2026 14:11:06 : TRC NAVIGATION : CG:init ZoomType=0
#1262442 07.07.2026 14:11:06 : EVT NAVIGATION : initSeg Idx=0 D=1 T=0 3-0-4
#1262443 07.07.2026 14:11:06 : EVT WBSTORAGE : CACHE_DEFRAG (1000->1024, 24->24, 25)
#1262444 07.07.2026 14:11:06 : EVT SPEEDFUSION : INFO # IDLE mode(-1) set
#1262445 07.07.2026 14:11:06 : EVT ALTIFUSION : AltiBaroMode:2
#1262446 07.07.2026 14:11:06 : EVT <Unknown> : 1783426265849:On Skin Set.
#1262447 07.07.2026 14:11:06 : EVT BLE : Disconn sensor:1
#1262448 07.07.2026 14:11:06 : EVT BLE : BLE Sensor Link 4800180D Disc (L-E-:00:0)
#1262449 07.07.2026 14:11:06 : WRN BLE : sendDisconnect 6157
#1262450 07.07.2026 14:11:06 : ERR BLE : [AURA]No filters left, stopping scan
#1262451 07.07.2026 14:11:06 : ERR BLE : [AURA]Filter with handle 72 not found
#1262452 07.07.2026 14:11:07 : EVT ANALYTICS : #powersave mode:p temp:28.7
#1262453 07.07.2026 14:11:07 : EVT ANALYTICS : Battery-> 4 soc:100
#1262454 07.07.2026 14:11:08 : EVT WBSTORAGE : CACHE_DEFRAG (1000->1008, 24->24, 25)
#1262455 07.07.2026 14:11:08 : EVT WBSTORAGE : CACHE_DEFRAG (936->944, 24->24, 25)
#1262456 07.07.2026 14:11:08 : EVT BLE : lt,scan 1
#1262457 07.07.2026 14:11:08 : WRN BLE : sendDisconnect 6157
#1262458 07.07.2026 14:11:08 : ERR BLE : [AURA]Filter with handle 72 not found
#1262459 07.07.2026 14:11:08 : EVT BLE : packet 0 sensor found count 1
#1262460 07.07.2026 14:11:08 : EVT BLE : packet 0 sensor found count 2
#1262461 07.07.2026 14:11:09 : EVT UI_FRAMEWORK : JS discard
#1262462 07.07.2026 14:11:09 : WRN LOGGER : Delete b:logs/6A4CECD3
#1262463 07.07.2026 14:11:09 : EVT <Unknown> : 1783426268881:Off Skin Set.
#1262464 07.07.2026 14:11:10 : EVT PMIC : VBUS state is ON
#1262465 07.07.2026 14:11:10 : EVT PMIC : chgCntl1:0x70
#1262466 07.07.2026 14:11:10 : EVT PMIC : check chgCntl1:0x74
#1262467 07.07.2026 14:11:10 : EVT PMIC : Turn charge ON since VBUS->ON
#1262468 07.07.2026 14:11:10 : EVT PMIC : PMIC temp zone:0x2
#1262469 07.07.2026 14:11:10 : EVT PMIC : PMIC Fast-charge constant cur
#1262470 07.07.2026 14:11:10 : EVT OHR : VBUS on
#1262471 07.07.2026 14:11:10 : EVT OHR : S:stop 23
#1262472 07.07.2026 14:11:10 : TRC APPLICATION : Notification n-char not allowed (247 < 255)
#1262473 07.07.2026 14:11:10 : EVT <Unknown> : 1783426270059:Meas stop 0x2123
#1262474 07.07.2026 14:11:10 : WRN <Unknown> : 1783426270059:FSM EVT STOP.
#1262475 07.07.2026 14:11:10 : EVT OHR : S:OFF 1->0
#1262476 07.07.2026 14:11:10 : EVT OHR : No HR update, invalidate by timer
#1262477 07.07.2026 14:11:11 : EVT PMIC : PMIC Fast-charge constant cur
#1262478 07.07.2026 14:11:11 : EVT PMIC : PMIC Precharge
#1262479 07.07.2026 14:11:11 : EVT PMIC : PMIC temp zone:0x7
#1262480 07.07.2026 14:11:11 : EVT WBSTORAGE : CACHE_DEFRAG (872->880, 24->24, 25)
#1262481 07.07.2026 14:11:11 : EVT APPLICATION : Zapp zwc05901:Load script
#1262482 07.07.2026 14:11:11 : EVT APPLICATION : Zapp zwc05901:Enable
#1262483 07.07.2026 14:11:11 : EVT ANALYTICS : Zapp enabled i:3 h:ddb248f2 n:zwc05901 v:124f
#1262484 07.07.2026 14:11:11 : WRN WBAPI : eID-691468(277): /Weather/Current/ValidWeatherData.temp 
#1262485 07.07.2026 14:11:11 : EVT PMIC : VBUS state is OFF
#1262486 07.07.2026 14:11:11 : EVT PMIC : Turn charge OFF since VBUS->OFF
#1262487 07.07.2026 14:11:11 : EVT OHR : VBUS off
#1262488 07.07.2026 14:11:11 : EVT OHR : S:ON 0->1
#1262489 07.07.2026 14:11:12 : EVT OHR : APPINIT:caps 0x1f4, 6b738616
#1262490 07.07.2026 14:11:12 : EVT <Unknown> : 1783426272114:AI@1783426272090, tz120
#1262491 07.07.2026 14:11:12 : EVT OHR : S:start 0x2123
#1262492 07.07.2026 14:11:12 : EVT <Unknown> : 1783426272121:Meas start 0x2123
#1262493 07.07.2026 14:11:12 : EVT <Unknown> : 1783426272135:PD1464, 0
#1262494 07.07.2026 14:11:12 : EVT <Unknown> : 1783426272194:GMV 20251126/1/4/0/395/46
#1262495 07.07.2026 14:11:12 : EVT <Unknown> : 1783426272452:Mi1.6.10, auth 0, hr_mode 0
#1262496 07.07.2026 14:11:12 : EVT PMIC : VBUS state is ON
#1262497 07.07.2026 14:11:12 : EVT PMIC : chgCntl1:0x70
#1262498 07.07.2026 14:11:12 : EVT PMIC : check chgCntl1:0x74
#1262499 07.07.2026 14:11:12 : EVT PMIC : Turn charge ON since VBUS->ON
#1262500 07.07.2026 14:11:12 : EVT PMIC : PMIC temp zone:0x2
#1262501 07.07.2026 14:11:12 : EVT PMIC : PMIC Fast-charge constant cur
#1262502 07.07.2026 14:11:13 : EVT OHR : VBUS on
#1262503 07.07.2026 14:11:13 : EVT OHR : S:stop 23
#1262504 07.07.2026 14:11:13 : EVT <Unknown> : 1783426273008:Meas stop 0x2123
#1262505 07.07.2026 14:11:13 : EVT PMIC : PMIC Maintain charge
#1262506 07.07.2026 14:11:13 : WRN <Unknown> : 1783426273009:FSM EVT STOP.
#1262507 07.07.2026 14:11:13 : EVT OHR : S:OFF 1->0
#1262508 07.07.2026 14:11:13 : EVT PMIC : VBUS state is ON
#1262509 07.07.2026 14:11:13 : EVT PMIC : PMIC Fast-charge constant cur
#1262510 07.07.2026 14:11:13 : EVT PMIC : PMIC Fast-charge constant cur
#1262511 07.07.2026 14:11:13 : EVT PMIC : PMIC Precharge
#1262512 07.07.2026 14:11:13 : EVT PMIC : PMIC Fast-charge constant cur
#1262513 07.07.2026 14:11:13 : EVT PMIC : PMIC Fast-charge constant cur
#1262514 07.07.2026 14:11:13 : EVT PMIC : PMIC Fast-charge constant cur
#1262515 07.07.2026 14:11:13 : EVT PMIC : PMIC Fast-charge constant cur
#1262516 07.07.2026 14:11:13 : EVT PMIC : PMIC Fast-charge constant cur
#1262517 07.07.2026 14:11:13 : EVT PMIC : PMIC Precharge
#1262518 07.07.2026 14:11:13 : EVT PMIC : PMIC Fast-charge constant cur
#1262519 07.07.2026 14:11:13 : EVT PMIC : PMIC Fast-charge constant cur
#1262520 07.07.2026 14:11:13 : EVT PMIC : PMIC Fast-charge constant cur
#1262521 07.07.2026 14:11:13 : EVT PMIC : PMIC Fast-charge constant cur
#1262522 07.07.2026 14:11:13 : EVT PMIC : PMIC Fast-charge constant cur
#1262523 07.07.2026 14:11:13 : EVT PMIC : PMIC Fast-charge constant cur
#1262524 07.07.2026 14:11:13 : EVT PMIC : PMIC Fast-charge constant cur
#1262525 07.07.2026 14:11:13 : EVT PMIC : PMIC Fast-charge constant cur
#1262526 07.07.2026 14:11:13 : EVT PMIC : PMIC Fast-charge constant cur
#1262527 07.07.2026 14:11:13 : EVT PMIC : PMIC Fast-charge constant cur
#1262528 07.07.2026 14:11:13 : EVT PMIC : PMIC Fast-charge constant cur
#1262529 07.07.2026 14:11:13 : EVT PMIC : PMIC Fast-charge constant cur
#1262530 07.07.2026 14:11:13 : EVT PMIC : PMIC Precharge
#1262531 07.07.2026 14:11:13 : EVT PMIC : PMIC Fast-charge constant cur
#1262532 07.07.2026 14:11:13 : EVT PMIC : PMIC Fast-charge constant cur
#1262533 07.07.2026 14:11:13 : EVT PMIC : PMIC Fast-charge constant cur
#1262534 07.07.2026 14:11:13 : EVT PMIC : PMIC Fast-charge constant cur
#1262535 07.07.2026 14:11:13 : EVT PMIC : PMIC Fast-charge constant cur
#1262536 07.07.2026 14:11:15 : EVT PMIC : PMIC Maintain charge
#1262537 07.07.2026 14:11:18 : TRC FUEL_GAUGE : Chg->1,B:5,C:2.1,V:4425,U:1,bF:100%,bC:100%
#1262538 07.07.2026 14:11:19 : EVT PMIC : PMIC Fast-charge constant cur
#1262539 07.07.2026 14:11:19 : EVT ANALYTICS : Battery-> 2 soc:100
#1262540 07.07.2026 14:11:19 : EVT WBCOMM : P-9 connection made to ECSD00000000
#1262541 07.07.2026 14:11:19 : EVT WBCOMM : New Route: ECSD00000000
#1262542 07.07.2026 14:11:20 : EVT PMIC : PMIC Maintain charge
#1262543 07.07.2026 14:11:22 : EVT PMIC : PMIC Fast-charge constant cur
#1262544 07.07.2026 14:11:22 : EVT PMIC : PMIC Fast-charge constant cur
#1262545 07.07.2026 14:11:22 : EVT PMIC : PMIC Fast-charge constant cur
#1262546 07.07.2026 14:11:22 : EVT PMIC : PMIC Fast-charge constant cur
#1262547 07.07.2026 14:11:22 : EVT PMIC : PMIC Fast-charge constant cur
#1262548 07.07.2026 14:11:22 : EVT PMIC : PMIC Fast-charge constant cur
#1262549 07.07.2026 14:11:22 : EVT PMIC : PMIC Fast-charge constant cur
#1262550 07.07.2026 14:11:22 : EVT PMIC : PMIC Fast-charge constant cur
#1262551 07.07.2026 14:11:22 : EVT PMIC : PMIC Fast-charge constant cur
#1262552 07.07.2026 14:11:22 : EVT PMIC : PMIC Fast-charge constant cur
#1262553 07.07.2026 14:11:22 : EVT PMIC : PMIC Fast-charge constant cur
#1262554 07.07.2026 14:11:22 : EVT PMIC : PMIC Fast-charge constant cur
#1262555 07.07.2026 14:11:22 : EVT PMIC : PMIC Fast-charge constant cur
#1262556 07.07.2026 14:11:22 : EVT PMIC : PMIC Fast-charge constant cur
#1262557 07.07.2026 14:11:22 : EVT PMIC : PMIC Fast-charge constant cur
#1262558 07.07.2026 14:11:22 : EVT PMIC : PMIC Fast-charge constant cur
#1262559 07.07.2026 14:11:22 : EVT PMIC : PMIC Fast-charge constant cur
#1262560 07.07.2026 14:11:22 : EVT PMIC : PMIC Fast-charge constant cur
#1262561 07.07.2026 14:11:22 : EVT PMIC : PMIC Fast-charge constant cur
#1262562 07.07.2026 14:11:22 : EVT PMIC : PMIC Fast-charge constant cur
#1262563 07.07.2026 14:11:22 : EVT PMIC : PMIC Fast-charge constant cur
#1262564 07.07.2026 14:11:22 : EVT PMIC : PMIC Fast-charge constant cur
#1262565 07.07.2026 14:11:22 : EVT PMIC : PMIC Fast-charge constant cur
#1262566 07.07.2026 14:11:22 : EVT PMIC : PMIC Fast-charge constant cur
#1262567 07.07.2026 14:11:22 : EVT PMIC : PMIC Precharge
#1262568 07.07.2026 14:11:22 : EVT PMIC : PMIC Fast-charge constant cur
#1262569 07.07.2026 14:11:22 : EVT PMIC : PMIC Precharge
#1262570 07.07.2026 14:11:22 : EVT PMIC : PMIC Fast-charge constant cur
#1262571 07.07.2026 14:11:22 : EVT PMIC : PMIC Fast-charge constant cur
#1262572 07.07.2026 14:11:22 : EVT PMIC : PMIC Fast-charge constant cur
#1262573 07.07.2026 14:11:22 : EVT PMIC : PMIC Fast-charge constant cur
#1262574 07.07.2026 14:11:22 : EVT PMIC : PMIC Precharge
#1262575 07.07.2026 14:11:22 : EVT PMIC : PMIC Fast-charge constant cur
#1262576 07.07.2026 14:11:22 : EVT PMIC : PMIC Fast-charge constant cur
#1262577 07.07.2026 14:11:22 : EVT PMIC : PMIC Fast-charge constant cur
#1262578 07.07.2026 14:11:22 : EVT PMIC : PMIC Fast-charge constant cur
#1262579 07.07.2026 14:11:22 : EVT PMIC : PMIC Precharge
#1262580 07.07.2026 14:11:22 : EVT PMIC : PMIC Fast-charge constant cur
#1262581 07.07.2026 14:11:22 : EVT PMIC : PMIC Fast-charge constant cur
#1262582 07.07.2026 14:11:22 : EVT PMIC : PMIC Fast-charge constant cur
#1262583 07.07.2026 14:11:22 : EVT PMIC : PMIC Fast-charge constant cur
#1262584 07.07.2026 14:11:22 : EVT PMIC : PMIC Fast-charge constant cur
#1262585 07.07.2026 14:11:22 : EVT PMIC : PMIC Fast-charge constant cur
#1262586 07.07.2026 14:11:22 : EVT PMIC : PMIC Fast-charge constant cur
#1262587 07.07.2026 14:11:22 : EVT PMIC : PMIC Fast-charge constant cur
#1262588 07.07.2026 14:11:22 : EVT PMIC : PMIC Fast-charge constant cur
#1262589 07.07.2026 14:11:22 : EVT PMIC : PMIC Fast-charge constant cur
#1262590 07.07.2026 14:11:22 : EVT PMIC : PMIC Fast-charge constant cur
#1262591 07.07.2026 14:11:22 : EVT PMIC : PMIC Fast-charge constant cur
#1262592 07.07.2026 14:11:22 : EVT PMIC : PMIC Fast-charge constant cur
#1262593 07.07.2026 14:11:22 : ERR WBMAIN : *0: app 796 Event 36 80005310
#1262594 07.07.2026 14:11:22 : ERR WBMAIN : 1: mea 21 Wait 0 00000000
#1262595 07.07.2026 14:11:22 : ERR WBMAIN : 2: ui 74 Wait 0 00000000
#1262596 07.07.2026 14:11:23 : EVT PMIC : PMIC Fast-charge constant cur
#1262597 07.07.2026 14:11:23 : EVT PMIC : PMIC Precharge
#1262598 07.07.2026 14:11:23 : EVT PMIC : PMIC Fast-charge constant cur
#1262599 07.07.2026 14:11:23 : EVT PMIC : PMIC Fast-charge constant cur
#1262600 07.07.2026 14:11:23 : EVT PMIC : PMIC Fast-charge constant cur
#1262601 07.07.2026 14:11:23 : EVT PMIC : PMIC Fast-charge constant cur
#1262602 07.07.2026 14:11:23 : EVT PMIC : PMIC Fast-charge constant cur
#1262603 07.07.2026 14:11:23 : EVT PMIC : PMIC Precharge
#1262604 07.07.2026 14:11:23 : EVT PMIC : PMIC Fast-charge constant cur
#1262605 07.07.2026 14:11:23 : EVT PMIC : PMIC Fast-charge constant cur
#1262606 07.07.2026 14:11:23 : EVT PMIC : PMIC Fast-charge constant cur
#1262607 07.07.2026 14:11:23 : EVT PMIC : PMIC Fast-charge constant cur
#1262608 07.07.2026 14:11:23 : EVT PMIC : PMIC Fast-charge constant cur
#1262609 07.07.2026 14:11:23 : EVT PMIC : PMIC Fast-charge constant cur
#1262610 07.07.2026 14:11:23 : EVT PMIC : PMIC Precharge
#1262611 07.07.2026 14:11:23 : EVT PMIC : PMIC Fast-charge constant cur
#1262612 07.07.2026 14:11:23 : EVT PMIC : PMIC Fast-charge constant cur
#1262613 07.07.2026 14:11:23 : EVT PMIC : PMIC Fast-charge constant cur
#1262614 07.07.2026 14:11:23 : EVT PMIC : PMIC Fast-charge constant cur
#1262615 07.07.2026 14:11:23 : EVT PMIC : PMIC Precharge
#1262616 07.07.2026 14:11:23 : EVT PMIC : PMIC Fast-charge constant cur
#1262617 07.07.2026 14:11:23 : EVT PMIC : PMIC Fast-charge constant cur
#1262618 07.07.2026 14:11:23 : EVT PMIC : PMIC Fast-charge constant cur
#1262619 07.07.2026 14:11:23 : EVT PMIC : PMIC Fast-charge constant cur
#1262620 07.07.2026 14:11:23 : EVT PMIC : PMIC Fast-charge constant cur
#1262621 07.07.2026 14:11:23 : EVT PMIC : PMIC Fast-charge constant cur
#1262622 07.07.2026 14:11:23 : EVT PMIC : PMIC Fast-charge constant cur
#1262623 07.07.2026 14:11:23 : EVT PMIC : PMIC Fast-charge constant cur
#1262624 07.07.2026 14:11:23 : EVT PMIC : PMIC Fast-charge constant cur
#1262625 07.07.2026 14:11:23 : EVT PMIC : PMIC Fast-charge constant cur
#1262626 07.07.2026 14:11:23 : EVT PMIC : PMIC Fast-charge constant cur
#1262627 07.07.2026 14:11:23 : EVT PMIC : PMIC Fast-charge constant cur
#1262628 07.07.2026 14:11:23 : EVT PMIC : PMIC Fast-charge constant cur
#1262629 07.07.2026 14:11:23 : EVT PMIC : PMIC Fast-charge constant cur
#1262630 07.07.2026 14:11:23 : EVT PMIC : PMIC Fast-charge constant cur
#1262631 07.07.2026 14:11:23 : EVT PMIC : PMIC Fast-charge constant cur
#1262632 07.07.2026 14:11:23 : EVT PMIC : PMIC Fast-charge constant cur
#1262633 07.07.2026 14:11:23 : EVT PMIC : PMIC Fast-charge constant cur
#1262634 07.07.2026 14:11:23 : EVT PMIC : PMIC Fast-charge constant cur
#1262635 07.07.2026 14:11:23 : EVT PMIC : PMIC Precharge
#1262636 07.07.2026 14:11:23 : EVT PMIC : PMIC Fast-charge constant cur
#1262637 07.07.2026 14:11:23 : EVT PMIC : PMIC Fast-charge constant cur
#1262638 07.07.2026 14:11:23 : EVT PMIC : PMIC Fast-charge constant cur
#1262639 07.07.2026 14:11:23 : EVT PMIC : PMIC Fast-charge constant cur
#1262640 07.07.2026 14:11:23 : EVT PMIC : PMIC Fast-charge constant cur
#1262641 07.07.2026 14:11:23 : EVT PMIC : PMIC Fast-charge constant cur
#1262642 07.07.2026 14:11:23 : EVT PMIC : PMIC Fast-charge constant cur
#1262643 07.07.2026 14:11:23 : EVT PMIC : PMIC Precharge
#1262644 07.07.2026 14:11:23 : EVT PMIC : PMIC Fast-charge constant cur
#1262645 07.07.2026 14:11:23 : EVT PMIC : PMIC Fast-charge constant cur
#1262646 07.07.2026 14:11:23 : EVT PMIC : PMIC Precharge
#1262647 07.07.2026 14:11:23 : EVT PMIC : PMIC Fast-charge constant cur
#1262648 07.07.2026 14:11:23 : EVT ANALYTICS : Sync start
#1262649 07.07.2026 14:11:23 : EVT PMIC : PMIC Fast-charge constant cur
#1262650 07.07.2026 14:11:23 : EVT PMIC : PMIC Fast-charge constant cur
#1262651 07.07.2026 14:11:23 : EVT PMIC : PMIC Fast-charge constant cur
#1262652 07.07.2026 14:11:23 : EVT PMIC : PMIC Fast-charge constant cur
#1262653 07.07.2026 14:11:23 : EVT PMIC : PMIC Fast-charge constant cur
#1262654 07.07.2026 14:11:23 : EVT PMIC : PMIC Fast-charge constant cur
#1262655 07.07.2026 14:11:23 : EVT PMIC : PMIC Fast-charge constant cur
#1262656 07.07.2026 14:11:23 : EVT PMIC : PMIC Fast-charge constant cur
#1262657 07.07.2026 14:11:23 : EVT PMIC : PMIC Fast-charge constant cur
#1262658 07.07.2026 14:11:23 : EVT PMIC : PMIC Fast-charge constant cur
#1262659 07.07.2026 14:11:23 : EVT PMIC : PMIC Precharge
#1262660 07.07.2026 14:11:23 : EVT PMIC : PMIC Fast-charge constant cur
#1262661 07.07.2026 14:11:23 : EVT PMIC : PMIC Fast-charge constant cur
#1262662 07.07.2026 14:11:23 : EVT PMIC : PMIC Fast-charge constant cur
#1262663 07.07.2026 14:11:23 : EVT PMIC : PMIC Fast-charge constant cur
#1262664 07.07.2026 14:11:23 : EVT PMIC : PMIC Precharge
#1262665 07.07.2026 14:11:23 : EVT PMIC : PMIC Fast-charge constant cur
#1262666 07.07.2026 14:11:23 : EVT PMIC : PMIC Fast-charge constant cur
#1262667 07.07.2026 14:11:23 : EVT PMIC : PMIC Maintain charge
#1262668 07.07.2026 14:11:23 : EVT PMIC : PMIC Precharge
#1262669 07.07.2026 14:11:23 : EVT PMIC : PMIC Fast-charge constant cur
#1262670 07.07.2026 14:11:23 : EVT ANALYTICS : Sync start
#1262671 07.07.2026 14:11:24 : EVT PMIC : PMIC Fast-charge constant cur
#1262672 07.07.2026 14:11:24 : EVT PMIC : PMIC Precharge
#1262673 07.07.2026 14:11:24 : EVT PMIC : PMIC Fast-charge constant cur
#1262674 07.07.2026 14:11:24 : EVT PMIC : PMIC Fast-charge constant cur
#1262675 07.07.2026 14:11:24 : EVT PMIC : PMIC Precharge
#1262676 07.07.2026 14:11:24 : EVT PMIC : PMIC Fast-charge constant cur
#1262677 07.07.2026 14:11:24 : EVT PMIC : PMIC Precharge
#1262678 07.07.2026 14:11:24 : EVT PMIC : PMIC Fast-charge constant cur
#1262679 07.07.2026 14:11:24 : EVT PMIC : PMIC Fast-charge constant cur
#1262680 07.07.2026 14:11:24 : EVT PMIC : PMIC Fast-charge constant cur
#1262681 07.07.2026 14:11:24 : EVT PMIC : PMIC Fast-charge constant cur
#1262682 07.07.2026 14:11:24 : EVT PMIC : PMIC Fast-charge constant cur
#1262683 07.07.2026 14:11:24 : EVT PMIC : PMIC Fast-charge constant cur
#1262684 07.07.2026 14:11:24 : EVT PMIC : PMIC Fast-charge constant cur
#1262685 07.07.2026 14:11:24 : EVT PMIC : PMIC Fast-charge constant cur
#1262686 07.07.2026 14:11:24 : EVT PMIC : PMIC Precharge
#1262687 07.07.2026 14:11:24 : EVT PMIC : PMIC Fast-charge constant cur
#1262688 07.07.2026 14:11:24 : EVT PMIC : PMIC Fast-charge constant cur
#1262689 07.07.2026 14:11:24 : EVT PMIC : PMIC Precharge
#1262690 07.07.2026 14:11:24 : EVT PMIC : PMIC Fast-charge constant cur
#1262691 07.07.2026 14:11:24 : EVT PMIC : PMIC Fast-charge constant cur
#1262692 07.07.2026 14:11:24 : EVT PMIC : PMIC Fast-charge constant cur
#1262693 07.07.2026 14:11:24 : EVT PMIC : PMIC Fast-charge constant cur
#1262694 07.07.2026 14:11:24 : EVT PMIC : PMIC Precharge
#1262695 07.07.2026 14:11:24 : EVT PMIC : PMIC Fast-charge constant cur
#1262696 07.07.2026 14:11:24 : EVT PMIC : PMIC Fast-charge constant cur
#1262697 07.07.2026 14:11:24 : EVT PMIC : PMIC Fast-charge constant cur
#1262698 07.07.2026 14:11:24 : EVT PMIC : PMIC Fast-charge constant cur
#1262699 07.07.2026 14:11:24 : EVT PMIC : PMIC Precharge
#1262700 07.07.2026 14:11:24 : EVT PMIC : PMIC Fast-charge constant cur
#1262701 07.07.2026 14:11:24 : EVT PMIC : PMIC Fast-charge constant cur
#1262702 07.07.2026 14:11:28 : EVT WBSTORAGE : CACHE_DEFRAG (752->760, 24->24, 25)
#1262703 07.07.2026 14:11:28 : EVT WBSTORAGE : CACHE_DEFRAG (728->736, 24->24, 25)
#1262704 07.07.2026 14:11:28 : EVT <Unknown> : DL Region List
#1262705 07.07.2026 14:11:28 : EVT WIFI : Pwr up
#1262706 07.07.2026 14:11:28 : EVT PMIC : PMIC Maintain charge

