#1197883 06.07.2026 12:03:42 : EVT APPLICATION : Zapp zzwethen:Disable
#1197884 06.07.2026 12:03:42 : EVT ANALYTICS : Zapp disabled i:8 h:3f77f8ec n:Weather
#1197885 06.07.2026 12:03:42 : ERR APPLICATION : Zapp 3:RelMem->unload
#1197886 06.07.2026 12:03:42 : ERR APPLICATION : Zapp:relMemCb (exec:ui)
#1197887 06.07.2026 12:03:42 : EVT APPLICATION : Zapp zzmoveen:Disable
#1197888 06.07.2026 12:03:42 : EVT ANALYTICS : Zapp disabled i:6 h:7aac0887 n:Movement
#1197889 06.07.2026 12:03:42 : ERR APPLICATION : Zapp 3:RelMem->unload
#1197890 06.07.2026 12:03:42 : EVT LOGGER : LGR 934, 80
#1197891 06.07.2026 12:03:43 : EVT UI_FRAMEWORK : evalFile: b:/zapp/climbl01.fea/ext10.js from ui
#1197892 06.07.2026 12:03:44 : WRN WBAPI : eID-691468(277): /Dive/Alarms/Acknowledge 404
#1197893 06.07.2026 12:03:44 : WRN WBAPI : eID-691468(277): /Dive/DiveGases 404
#1197894 06.07.2026 12:03:44 : WRN WBAPI : eID-691468(277): /Dive/Gauge/Next 404
#1197895 06.07.2026 12:03:46 : EVT LOGGER : LGR 934, 80
#1197896 06.07.2026 12:03:46 : WRN WBAPI : eID-691468(277): /Dive/Alarms/Acknowledge 404
#1197897 06.07.2026 12:03:46 : WRN WBAPI : eID-691468(277): /Dive/DiveGases 404
#1197898 06.07.2026 12:03:46 : WRN WBAPI : eID-691468(277): /Dive/Gauge/Next 404
#1197899 06.07.2026 12:03:47 : EVT LOGGER : LGR 934, 80
#1197900 06.07.2026 12:03:48 : WRN WBAPI : eID-691468(277): /Dive/Alarms/Acknowledge 404
#1197901 06.07.2026 12:03:48 : WRN WBAPI : eID-691468(277): /Dive/DiveGases 404
#1197902 06.07.2026 12:03:48 : WRN WBAPI : eID-691468(277): /Dive/Gauge/Next 404
#1197903 06.07.2026 12:03:53 : EVT UI_FRAMEWORK : evalFile: b:/zapp/climbl01.fea/ext11.js from ui
#1197904 06.07.2026 12:03:53 : EVT LOGGER : Exercise paused
#1197905 06.07.2026 12:03:53 : WRN WBAPI : eID-691468(277): /Dive/Alarms/Acknowledge 404
#1197906 06.07.2026 12:03:53 : WRN WBAPI : eID-691468(277): /Dive/DiveGases 404
#1197907 06.07.2026 12:03:53 : WRN WBAPI : eID-691468(277): /Dive/Gauge/Next 404
#1197908 06.07.2026 12:03:58 : EVT APPLICATION : Zapp climbl01:Disable
#1197909 06.07.2026 12:03:58 : EVT ANALYTICS : Zapp disabled i:5 h:a5e7afa5 n:Climb Log
#1197910 06.07.2026 12:03:59 : EVT UI_FRAMEWORK : JS discard disable zapps
#1197911 06.07.2026 12:03:59 : EVT UI_FRAMEWORK : JS will discard
#1197912 06.07.2026 12:03:59 : EVT SPEEDFUSION : INFO # stop speed fusion
#1197913 06.07.2026 12:03:59 : EVT <Unknown> : Update pres sampl intrvl:5
#1197914 06.07.2026 12:03:59 : WRN APPLICATION : discard hrr meas l:3 d:0 sh:69 mh:69 v:0
#1197915 06.07.2026 12:03:59 : WRN WBAPI : eID-698eec(583/65535): 404
#1197916 06.07.2026 12:03:59 : EVT TRAININGZONE : User Define Mode:5
#1197917 06.07.2026 12:03:59 : EVT TRAININGZONE : Tss HR:0.22
#1197918 06.07.2026 12:03:59 : EVT TRAININGZONE : A:16,Tss:[-200.00,-200.00,-200.00,0.22]
#1197919 06.07.2026 12:03:59 : EVT TRAININGLAB : AppFeature Vo2Max 0.000000
#1197920 06.07.2026 12:03:59 : EVT TRAININGLAB : TLab:~Mode T 12782 + 6 A 3600 + 0
#1197921 06.07.2026 12:03:59 : EVT TRAININGLAB : TLab:Change mode 3->2
#1197922 06.07.2026 12:03:59 : EVT TRAININGLAB : TLab:Mode::userInfo 60, 200, 1, 37, 182, 950, 1990
#1197923 06.07.2026 12:03:59 : EVT LOGGER : LGR 934, 80
#1197924 06.07.2026 12:03:59 : EVT TRAININGLAB : ModeUnsub:9145
#1197925 06.07.2026 12:03:59 : EVT OHR : S:start 0x2123
#1197926 06.07.2026 12:03:59 : EVT TRAININGLAB : ModeSub:0400
#1197927 06.07.2026 12:03:59 : EVT ANALYTICS : WAOae:Activity WAOae:16
#1197928 06.07.2026 12:03:59 : EVT ANALYTICS : WAOae:TotalAcc WAOae:0,0,0
#1197929 06.07.2026 12:03:59 : EVT ANALYTICS : WAOae:AccCount WAOae:0,0,0
#1197930 06.07.2026 12:03:59 : EVT ANALYTICS : WAOae:Distance WAOae:0,0,0
#1197931 06.07.2026 12:03:59 : EVT ANALYTICS : WAOae:Duration WAOae:0,0,0
#1197932 06.07.2026 12:03:59 : EVT ANALYTICS : WAOae:Coeff WAOae:0,40,122,272,773,7524,7624
#1197933 06.07.2026 12:03:59 : EVT LOGGER : Exercise stopped
#1197934 06.07.2026 12:03:59 : EVT BLE : HR RR off (118877357, 31420 ms missing)
#1197935 06.07.2026 12:03:59 : EVT BLE : HR RR done
#1197936 06.07.2026 12:03:59 : EVT LOGGER : HrIbiLogger stop, off (0 ms)
#1197937 06.07.2026 12:03:59 : EVT LOGGER : HrIbiLogger stopped (0 ms)
#1197938 06.07.2026 12:03:59 : TRC GPS : Unsubd c:802b0000
#1197939 06.07.2026 12:03:59 : EVT LOGGER : LGR 934, 80
#1197940 06.07.2026 12:03:59 : EVT LOGGER : LGR 934, 80
#1197941 06.07.2026 12:03:59 : EVT ANALYTICS : SleepQ:Tracking:On
#1197942 06.07.2026 12:03:59 : EVT LOGGER : Wr dpc on
#1197943 06.07.2026 12:03:59 : EVT LOGGER : LGR 20993, 56
#1197944 06.07.2026 12:03:59 : EVT <Unknown> : 1783332239208:Meas start 0x2123
#1197945 06.07.2026 12:04:00 : EVT BLE : Disconn sensor:1
#1197946 06.07.2026 12:04:00 : EVT BLE : BLE Sensor Link 4800180D Disc (L-E-:00:0)
#1197947 06.07.2026 12:04:00 : WRN BLE : sendDisconnect 6157
#1197948 06.07.2026 12:04:00 : ERR BLE : [AURA]No filters left, stopping scan
#1197949 06.07.2026 12:04:00 : EVT UI_FRAMEWORK : JS feeling vs idle 1
#1197950 06.07.2026 12:04:00 : EVT UI_FRAMEWORK : JS feeling open ex-saving
#1197951 06.07.2026 12:04:00 : EVT WBSTORAGE : CACHE_DEFRAG (696->848, 24->24, 25)
#1197952 06.07.2026 12:04:00 : TRC NAVIGATION : CG: no climb WP
#1197953 06.07.2026 12:04:00 : TRC NAVIGATION : CG:init ZoomType=0
#1197954 06.07.2026 12:04:00 : EVT NAVIGATION : initSeg Idx=0 D=1 T=0 3-0-4
#1197955 06.07.2026 12:04:01 : EVT WBSTORAGE : CACHE_DEFRAG (832->1048, 24->24, 25)
#1197956 06.07.2026 12:04:01 : EVT SPEEDFUSION : INFO # IDLE mode(-1) set
#1197957 06.07.2026 12:04:01 : EVT ALTIFUSION : AltiBaroMode:2
#1197958 06.07.2026 12:04:01 : ERR WBMAIN : *0: app 563 Event 37 8099031c
#1197959 06.07.2026 12:04:01 : ERR WBMAIN : 1: mea 1 Wait 0 00000000
#1197960 06.07.2026 12:04:01 : ERR WBMAIN : 2: ui 3 Wait 0 00000000
#1197961 06.07.2026 12:04:01 : EVT ANALYTICS : #powersave mode:p temp:29.7
#1197962 06.07.2026 12:04:01 : EVT ANALYTICS : Battery-> 4 soc:96
#1197963 06.07.2026 12:04:04 : EVT ANALYTICS : Duration ExSaving:3820
#1197964 06.07.2026 12:04:04 : EVT ANALYTICS : Duration ExSumBroker:369
#1197965 06.07.2026 12:04:04 : EVT OHR : No HR update, invalidate by timer
#1197966 06.07.2026 12:04:05 : EVT OHR : new HR update
#1197967 06.07.2026 12:04:08 : EVT UI_FRAMEWORK : JS delete log
#1197968 06.07.2026 12:04:08 : WRN LOGGER : Delete b:logs/6A4B7D6F
#1197969 06.07.2026 12:04:10 : EVT <Unknown> : 1783332250738:Off Skin Set.
#1197970 06.07.2026 12:04:11 : EVT WBSTORAGE : CACHE_DEFRAG (1024->1032, 24->24, 25)
#1197971 06.07.2026 12:04:11 : EVT APPLICATION : Zapp zwc05901:Load script
#1197972 06.07.2026 12:04:11 : EVT APPLICATION : Zapp zwc05901:Enable
#1197973 06.07.2026 12:04:11 : EVT ANALYTICS : Zapp enabled i:3 h:ddb248f2 n:zwc05901 v:124f
#1197974 06.07.2026 12:04:11 : WRN WBAPI : eID-691468(277): /Weather/Current/ValidWeatherData.temp 
#1197975 06.07.2026 12:04:14 : EVT PMIC : VBUS state is ON
#1197976 06.07.2026 12:04:14 : EVT PMIC : chgCntl1:0x70
#1197977 06.07.2026 12:04:14 : EVT PMIC : check chgCntl1:0x74
#1197978 06.07.2026 12:04:14 : EVT PMIC : Turn charge ON since VBUS->ON
#1197979 06.07.2026 12:04:14 : EVT PMIC : PMIC temp zone:0x2
#1197980 06.07.2026 12:04:14 : EVT PMIC : PMIC Fast-charge constant cur
#1197981 06.07.2026 12:04:14 : EVT OHR : VBUS on
#1197982 06.07.2026 12:04:14 : EVT OHR : S:stop 23
#1197983 06.07.2026 12:04:14 : EVT <Unknown> : 1783332254380:Meas stop 0x2123
#1197984 06.07.2026 12:04:14 : EVT PMIC : PMIC Fast-charge constant voltage
#1197985 06.07.2026 12:04:14 : WRN <Unknown> : 1783332254381:FSM EVT STOP.
#1197986 06.07.2026 12:04:14 : EVT OHR : S:OFF 1->0
#1197987 06.07.2026 12:04:14 : EVT PMIC : VBUS state is ON
#1197988 06.07.2026 12:04:15 : EVT PMIC : PMIC Fast-charge constant cur
#1197989 06.07.2026 12:04:15 : EVT PMIC : PMIC Fast-charge constant cur
#1197990 06.07.2026 12:04:15 : EVT PMIC : PMIC Fast-charge constant voltage
#1197991 06.07.2026 12:04:15 : EVT OHR : No HR update, invalidate by timer
#1197992 06.07.2026 12:04:15 : EVT PMIC : PMIC temp zone:0x7
#1197993 06.07.2026 12:04:16 : EVT PMIC : VBUS state is OFF
#1197994 06.07.2026 12:04:16 : EVT PMIC : Turn charge OFF since VBUS->OFF
#1197995 06.07.2026 12:04:16 : EVT OHR : VBUS off
#1197996 06.07.2026 12:04:16 : EVT OHR : S:ON 0->1
#1197997 06.07.2026 12:04:16 : EVT OHR : APPINIT:caps 0x1f4, 6b738616
#1197998 06.07.2026 12:04:16 : EVT <Unknown> : 1783332256365:AI@1783332256340, tz120
#1197999 06.07.2026 12:04:16 : EVT OHR : S:start 0x2123
#1198000 06.07.2026 12:04:16 : EVT <Unknown> : 1783332256370:Meas start 0x2123
#1198001 06.07.2026 12:04:16 : EVT <Unknown> : 1783332256385:PD1464, 0
#1198002 06.07.2026 12:04:16 : EVT <Unknown> : 1783332256449:GMV 20251126/1/4/0/395/46
#1198003 06.07.2026 12:04:16 : EVT <Unknown> : 1783332256703:Mi1.6.10, auth 0, hr_mode 0
#1198004 06.07.2026 12:04:17 : EVT PMIC : VBUS state is ON
#1198005 06.07.2026 12:04:17 : EVT PMIC : chgCntl1:0x70
#1198006 06.07.2026 12:04:17 : EVT PMIC : check chgCntl1:0x74
#1198007 06.07.2026 12:04:17 : EVT PMIC : Turn charge ON since VBUS->ON
#1198008 06.07.2026 12:04:17 : EVT PMIC : PMIC temp zone:0x2
#1198009 06.07.2026 12:04:17 : EVT PMIC : PMIC Fast-charge constant cur
#1198010 06.07.2026 12:04:17 : EVT OHR : VBUS on
#1198011 06.07.2026 12:04:17 : EVT OHR : S:stop 23
#1198012 06.07.2026 12:04:17 : EVT PMIC : PMIC Fast-charge constant voltage
#1198013 06.07.2026 12:04:17 : EVT <Unknown> : 1783332257365:Meas stop 0x2123
#1198014 06.07.2026 12:04:17 : EVT PMIC : VBUS state is ON
#1198015 06.07.2026 12:04:17 : WRN <Unknown> : 1783332257365:FSM EVT STOP.
#1198016 06.07.2026 12:04:17 : EVT OHR : S:OFF 1->0
#1198017 06.07.2026 12:04:19 : TRC FUEL_GAUGE : Chg->1,B:5,C:21.3,V:4387,U:1,bF:96%,bC:96%
#1198018 06.07.2026 12:04:19 : EVT ANALYTICS : Battery-> 2 soc:96
#1198019 06.07.2026 12:04:28 : EVT WBCOMM : P-9 connection made to ECSD00000000
#1198020 06.07.2026 12:04:28 : EVT WBCOMM : New Route: ECSD00000000
#1198021 06.07.2026 12:04:29 : TRC FUEL_GAUGE : batFgLevel cur:97%, prev:96%
#1198022 06.07.2026 12:04:32 : ERR WBMAIN : *0: app 1026 Event 36 80005310
#1198023 06.07.2026 12:04:32 : ERR WBMAIN : 1: mea 94 Wait 0 00000000
#1198024 06.07.2026 12:04:32 : ERR WBMAIN : 2: ui 94 Wait 0 00000000
#1198025 06.07.2026 12:04:33 : ERR WBMAIN : *0: app 819 Event 36 80005310
#1198026 06.07.2026 12:04:33 : ERR WBMAIN : 1: mea 15 Wait 0 00000000
#1198027 06.07.2026 12:04:33 : ERR WBMAIN : 2: ui 13 Wait 0 00000000
#1198028 06.07.2026 12:04:33 : EVT WBSTORAGE : CACHE_DEFRAG (904->912, 24->24, 25)
#1198029 06.07.2026 12:04:33 : EVT WBSTORAGE : CACHE_DEFRAG (880->888, 24->24, 25)
#1198030 06.07.2026 12:04:33 : EVT WBSTORAGE : CACHE_DEFRAG (840->848, 24->24, 25)
#1198031 06.07.2026 12:04:33 : EVT <Unknown> : DL Region List
#1198032 06.07.2026 12:04:33 : EVT WIFI : Pwr up
#1198033 06.07.2026 12:04:34 : EVT ANALYTICS : Sync start
#1198034 06.07.2026 12:04:34 : EVT ANALYTICS : Sync start
#1198035 06.07.2026 12:04:39 : EVT WIFI : pwr up
#1198036 06.07.2026 12:04:39 : EVT WIFI : SDK Ver(3.2.8.1)
#1198037 06.07.2026 12:04:39 : EVT WIFI : Scann APs (1/3)
#1198038 06.07.2026 12:04:39 : EVT PMIC : PMIC Fast-charge constant cur
#1198039 06.07.2026 12:04:40 : EVT PMIC : PMIC Fast-charge constant voltage
#1198040 06.07.2026 12:04:40 : EVT PMIC : PMIC Fast-charge constant cur
#1198041 06.07.2026 12:04:40 : EVT PMIC : PMIC Fast-charge constant voltage
#1198042 06.07.2026 12:04:40 : EVT WIFI : APs scanned:14
#1198043 06.07.2026 12:04:40 : EVT WBSTORAGE : CACHE_DEFRAG (832->840, 24->24, 25)
#1198044 06.07.2026 12:04:40 : WRN WIFI : No APs matched to connect
#1198045 06.07.2026 12:04:40 : EVT WIFI : Scann APs (2/3)
#1198046 06.07.2026 12:04:41 : EVT PMIC : PMIC Fast-charge constant cur
#1198047 06.07.2026 12:04:41 : EVT PMIC : PMIC Fast-charge constant cur
#1198048 06.07.2026 12:04:41 : EVT PMIC : PMIC Fast-charge constant voltage
#1198049 06.07.2026 12:04:41 : EVT WIFI : APs scanned:15
#1198050 06.07.2026 12:04:41 : WRN WIFI : No APs matched to connect
#1198051 06.07.2026 12:04:41 : EVT WIFI : Scann APs (3/3)
#1198052 06.07.2026 12:04:42 : EVT WIFI : APs scanned:10
#1198053 06.07.2026 12:04:42 : WRN WIFI : No APs matched to connect
#1198054 06.07.2026 12:04:42 : EVT WIFI : Internal connect ret:103
#1198055 06.07.2026 12:04:42 : ERR <Unknown> : DL GET resultCode=500
#1198056 06.07.2026 12:04:42 : EVT <Unknown> : DL try retry after 5000 ms
#1198057 06.07.2026 12:04:47 : EVT <Unknown> : DL Region List
#1198058 06.07.2026 12:04:47 : WRN WIFI : No APs matched to connect
#1198059 06.07.2026 12:04:47 : EVT WIFI : Scann APs (1/3)
#1198060 06.07.2026 12:04:47 : EVT WIFI : APs scanned:14
#1198061 06.07.2026 12:04:47 : WRN WIFI : No APs matched to connect
#1198062 06.07.2026 12:04:47 : EVT WIFI : Scann APs (2/3)
#1198063 06.07.2026 12:04:48 : EVT WIFI : APs scanned:13
#1198064 06.07.2026 12:04:48 : WRN WIFI : No APs matched to connect
#1198065 06.07.2026 12:04:48 : EVT WIFI : Scann APs (3/3)
#1198066 06.07.2026 12:04:49 : EVT PMIC : PMIC Fast-charge constant cur
#1198067 06.07.2026 12:04:49 : EVT PMIC : PMIC Fast-charge constant cur
#1198068 06.07.2026 12:04:49 : EVT PMIC : PMIC Fast-charge constant cur
#1198069 06.07.2026 12:04:49 : EVT PMIC : PMIC Fast-charge constant voltage
#1198070 06.07.2026 12:04:49 : EVT PMIC : PMIC Fast-charge constant cur
#1198071 06.07.2026 12:04:49 : EVT PMIC : PMIC Fast-charge constant cur
#1198072 06.07.2026 12:04:49 : EVT PMIC : PMIC Fast-charge constant cur
#1198073 06.07.2026 12:04:49 : EVT WIFI : APs scanned:15
#1198074 06.07.2026 12:04:49 : WRN WIFI : No APs matched to connect
#1198075 06.07.2026 12:04:49 : EVT WIFI : Internal connect ret:103
#1198076 06.07.2026 12:04:49 : ERR <Unknown> : DL GET resultCode=500
#1198077 06.07.2026 12:04:49 : EVT <Unknown> : DL try retry after 10000 ms
#1198078 06.07.2026 12:04:49 : EVT PMIC : PMIC Fast-charge constant voltage
#1198079 06.07.2026 12:04:59 : EVT <Unknown> : DL Region List
#1198080 06.07.2026 12:04:59 : WRN WIFI : No APs matched to connect
#1198081 06.07.2026 12:04:59 : EVT WIFI : Scann APs (1/3)
#1198082 06.07.2026 12:05:00 : EVT WIFI : APs scanned:13
#1198083 06.07.2026 12:05:00 : WRN WIFI : No APs matched to connect
#1198084 06.07.2026 12:05:00 : EVT WIFI : Scann APs (2/3)
#1198085 06.07.2026 12:05:00 : EVT PMIC : PMIC Fast-charge constant cur
#1198086 06.07.2026 12:05:00 : EVT PMIC : PMIC Fast-charge constant cur
#1198087 06.07.2026 12:05:00 : EVT PMIC : PMIC Fast-charge constant cur
#1198088 06.07.2026 12:05:00 : EVT PMIC : PMIC Fast-charge constant cur
#1198089 06.07.2026 12:05:00 : EVT PMIC : PMIC Fast-charge constant cur
#1198090 06.07.2026 12:05:00 : EVT PMIC : PMIC Fast-charge constant voltage
#1198091 06.07.2026 12:05:01 : EVT PMIC : PMIC Fast-charge constant cur
#1198092 06.07.2026 12:05:01 : EVT PMIC : PMIC Fast-charge constant cur
#1198093 06.07.2026 12:05:01 : EVT PMIC : PMIC Fast-charge constant cur
#1198094 06.07.2026 12:05:01 : EVT WIFI : APs scanned:17
#1198095 06.07.2026 12:05:01 : WRN WIFI : No APs matched to connect
#1198096 06.07.2026 12:05:01 : EVT WIFI : Scann APs (3/3)
#1198097 06.07.2026 12:05:01 : EVT PMIC : PMIC Fast-charge constant cur
#1198098 06.07.2026 12:05:01 : EVT PMIC : PMIC Fast-charge constant cur
#1198099 06.07.2026 12:05:01 : EVT PMIC : PMIC Fast-charge constant voltage
#1198100 06.07.2026 12:05:01 : EVT PMIC : PMIC Fast-charge constant cur
#1198101 06.07.2026 12:05:01 : EVT PMIC : PMIC Fast-charge constant cur
#1198102 06.07.2026 12:05:01 : EVT PMIC : PMIC Fast-charge constant cur
#1198103 06.07.2026 12:05:01 : EVT PMIC : PMIC Fast-charge constant voltage
#1198104 06.07.2026 12:05:02 : EVT WIFI : APs scanned:11
#1198105 06.07.2026 12:05:02 : WRN WIFI : No APs matched to connect
#1198106 06.07.2026 12:05:02 : EVT WIFI : Internal connect ret:103
#1198107 06.07.2026 12:05:02 : ERR <Unknown> : DL GET resultCode=500
#1198108 06.07.2026 12:05:02 : EVT <Unknown> : DL try retry after 20000 ms
#1198109 06.07.2026 12:05:15 : EVT WIFI : Pwr down idle wifi (TO:13se)
#1198110 06.07.2026 12:05:15 : EVT WIFI : pwr down OK
#1198111 06.07.2026 12:05:22 : EVT <Unknown> : DL Region List
#1198112 06.07.2026 12:05:22 : EVT WIFI : Pwr up
#1198113 06.07.2026 12:05:28 : EVT WIFI : pwr up
#1198114 06.07.2026 12:05:28 : EVT WIFI : SDK Ver(3.2.8.1)
#1198115 06.07.2026 12:05:28 : WRN WIFI : No APs matched to connect
#1198116 06.07.2026 12:05:28 : EVT WIFI : Scann APs (1/3)
#1198117 06.07.2026 12:05:28 : EVT PMIC : PMIC Fast-charge constant cur
#1198118 06.07.2026 12:05:28 : EVT PMIC : PMIC Fast-charge constant cur
#1198119 06.07.2026 12:05:28 : EVT PMIC : PMIC Fast-charge constant voltage
#1198120 06.07.2026 12:05:28 : EVT PMIC : PMIC Fast-charge constant cur
#1198121 06.07.2026 12:05:28 : EVT PMIC : PMIC Fast-charge constant cur
#1198122 06.07.2026 12:05:29 : EVT PMIC : PMIC Fast-charge constant voltage
#1198123 06.07.2026 12:05:29 : EVT PMIC : PMIC Fast-charge constant cur
#1198124 06.07.2026 12:05:29 : EVT PMIC : PMIC Fast-charge constant voltage
#1198125 06.07.2026 12:05:29 : EVT WIFI : APs scanned:14
#1198126 06.07.2026 12:05:29 : WRN WIFI : No APs matched to connect
#1198127 06.07.2026 12:05:29 : EVT WIFI : Scann APs (2/3)
#1198128 06.07.2026 12:05:30 : EVT PMIC : PMIC Fast-charge constant cur
#1198129 06.07.2026 12:05:30 : EVT PMIC : PMIC Fast-charge constant cur
#1198130 06.07.2026 12:05:30 : EVT PMIC : PMIC Fast-charge constant voltage
#1198131 06.07.2026 12:05:30 : EVT WIFI : APs scanned:14
#1198132 06.07.2026 12:05:30 : WRN WIFI : No APs matched to connect
#1198133 06.07.2026 12:05:30 : EVT WIFI : Scann APs (3/3)
#1198134 06.07.2026 12:05:30 : EVT PMIC : PMIC Fast-charge constant cur
#1198135 06.07.2026 12:05:30 : EVT PMIC : PMIC Fast-charge constant voltage
#1198136 06.07.2026 12:05:31 : EVT WIFI : APs scanned:16
#1198137 06.07.2026 12:05:31 : WRN WIFI : No APs matched to connect
#1198138 06.07.2026 12:05:31 : EVT WIFI : Internal connect ret:103
#1198139 06.07.2026 12:05:31 : ERR <Unknown> : DL GET resultCode=500
#1198140 06.07.2026 12:05:31 : EVT <Unknown> : DL try retry after 40000 ms
#1198141 06.07.2026 12:05:44 : EVT WIFI : Pwr down idle wifi (TO:13se)
#1198142 06.07.2026 12:05:44 : EVT WIFI : pwr down OK
#1198143 06.07.2026 12:06:11 : EVT <Unknown> : DL Region List
#1198144 06.07.2026 12:06:11 : EVT WIFI : Pwr up
#1198145 06.07.2026 12:06:17 : EVT WIFI : pwr up
#1198146 06.07.2026 12:06:17 : EVT WIFI : SDK Ver(3.2.8.1)
#1198147 06.07.2026 12:06:17 : EVT WIFI : Scann APs (1/3)
#1198148 06.07.2026 12:06:18 : EVT PMIC : PMIC Fast-charge constant cur
#1198149 06.07.2026 12:06:18 : EVT PMIC : PMIC Fast-charge constant cur
#1198150 06.07.2026 12:06:18 : EVT PMIC : PMIC Fast-charge constant cur
#1198151 06.07.2026 12:06:18 : EVT PMIC : PMIC Fast-charge constant voltage
#1198152 06.07.2026 12:06:18 : EVT PMIC : PMIC Precharge
#1198153 06.07.2026 12:06:18 : EVT PMIC : PMIC Fast-charge constant cur
#1198154 06.07.2026 12:06:18 : EVT WIFI : APs scanned:14
#1198155 06.07.2026 12:06:18 : WRN WIFI : No APs matched to connect
#1198156 06.07.2026 12:06:18 : EVT WIFI : Scann APs (2/3)
#1198157 06.07.2026 12:06:18 : EVT PMIC : PMIC Fast-charge constant voltage
#1198158 06.07.2026 12:06:18 : EVT PMIC : PMIC Fast-charge constant cur
#1198159 06.07.2026 12:06:18 : EVT PMIC : PMIC Fast-charge constant cur
#1198160 06.07.2026 12:06:18 : EVT PMIC : PMIC Fast-charge constant voltage
#1198161 06.07.2026 12:06:18 : EVT PMIC : PMIC Fast-charge constant cur
#1198162 06.07.2026 12:06:18 : EVT PMIC : PMIC Fast-charge constant cur
#1198163 06.07.2026 12:06:18 : EVT PMIC : PMIC Fast-charge constant cur
#1198164 06.07.2026 12:06:18 : EVT PMIC : PMIC Fast-charge constant cur
#1198165 06.07.2026 12:06:19 : EVT PMIC : PMIC Fast-charge constant voltage
#1198166 06.07.2026 12:06:19 : EVT WIFI : APs scanned:9
#1198167 06.07.2026 12:06:19 : WRN WIFI : No APs matched to connect
#1198168 06.07.2026 12:06:19 : EVT WIFI : Scann APs (3/3)
#1198169 06.07.2026 12:06:20 : EVT WIFI : APs scanned:11
#1198170 06.07.2026 12:06:20 : WRN WIFI : No APs matched to connect
#1198171 06.07.2026 12:06:20 : EVT WIFI : Internal connect ret:103
#1198172 06.07.2026 12:06:20 : ERR <Unknown> : DL GET resultCode=500
#1198173 06.07.2026 12:06:20 : EVT <Unknown> : DL try retry after 80000 ms
#1198174 06.07.2026 12:06:33 : EVT WIFI : Pwr down idle wifi (TO:13se)
#1198175 06.07.2026 12:06:33 : EVT WIFI : pwr down OK
#1198176 06.07.2026 12:07:40 : EVT <Unknown> : DL Region List
#1198177 06.07.2026 12:07:40 : EVT WIFI : Pwr up
#1198178 06.07.2026 12:07:46 : EVT WIFI : pwr up
#1198179 06.07.2026 12:07:46 : EVT WIFI : SDK Ver(3.2.8.1)
#1198180 06.07.2026 12:07:46 : EVT WIFI : Scann APs (1/3)
#1198181 06.07.2026 12:07:46 : EVT PMIC : PMIC Fast-charge constant cur
#1198182 06.07.2026 12:07:46 : EVT PMIC : PMIC Fast-charge constant voltage
#1198183 06.07.2026 12:07:47 : EVT PMIC : PMIC Fast-charge constant cur
#1198184 06.07.2026 12:07:47 : EVT PMIC : PMIC Fast-charge constant cur
#1198185 06.07.2026 12:07:47 : EVT PMIC : PMIC Fast-charge constant cur
#1198186 06.07.2026 12:07:47 : EVT PMIC : PMIC Fast-charge constant voltage
#1198187 06.07.2026 12:07:47 : EVT WIFI : APs scanned:14
#1198188 06.07.2026 12:07:47 : WRN WIFI : No APs matched to connect
#1198189 06.07.2026 12:07:47 : EVT WIFI : Scann APs (2/3)
#1198190 06.07.2026 12:07:48 : EVT PMIC : PMIC Fast-charge constant cur
#1198191 06.07.2026 12:07:48 : EVT PMIC : PMIC Fast-charge constant cur
#1198192 06.07.2026 12:07:48 : EVT PMIC : PMIC Fast-charge constant cur
#1198193 06.07.2026 12:07:48 : EVT WIFI : APs scanned:11
#1198194 06.07.2026 12:07:48 : WRN WIFI : No APs matched to connect
#1198195 06.07.2026 12:07:48 : EVT WIFI : Scann APs (3/3)
#1198196 06.07.2026 12:07:48 : EVT PMIC : PMIC Fast-charge constant voltage
#1198197 06.07.2026 12:07:48 : EVT PMIC : PMIC Precharge
#1198198 06.07.2026 12:07:48 : EVT PMIC : PMIC Fast-charge constant cur
#1198199 06.07.2026 12:07:49 : EVT WIFI : APs scanned:12
#1198200 06.07.2026 12:07:49 : EVT PMIC : PMIC Fast-charge constant voltage
#1198201 06.07.2026 12:07:49 : WRN WIFI : No APs matched to connect
#1198202 06.07.2026 12:07:49 : EVT WIFI : Internal connect ret:103
#1198203 06.07.2026 12:07:49 : ERR <Unknown> : DL GET resultCode=500
#1198204 06.07.2026 12:07:49 : EVT <Unknown> : DL try retry after 160000 ms
#1198205 06.07.2026 12:08:01 : EVT PMIC : PMIC Fast-charge constant cur
#1198206 06.07.2026 12:08:01 : EVT PMIC : PMIC Fast-charge constant voltage
#1198207 06.07.2026 12:08:02 : ERR WBMAIN : *0: app 1362 Event 24 80892700
#1198208 06.07.2026 12:08:02 : ERR WBMAIN : 1: mea 6 Wait 0 00000000
#1198209 06.07.2026 12:08:02 : ERR WBMAIN : 2: ui 95 Wait 0 00000000
#1198210 06.07.2026 12:08:02 : EVT WIFI : Pwr down idle wifi (TO:13se)
#1198211 06.07.2026 12:08:02 : EVT WIFI : pwr down OK
#1198212 06.07.2026 12:08:57 : TRC FUEL_GAUGE : batFgLevel cur:98%, prev:97%
#1198213 06.07.2026 12:09:01 : TRC APPLICATION : Removing: b:/syslogs/systemevent_1170844.log
#1198214 06.07.2026 12:09:17 : EVT APPLICATION : Zapp zwc05901:Disable
#1198215 06.07.2026 12:09:17 : EVT ANALYTICS : Zapp disabled i:3 h:ddb248f2 n:Vector classic
#1198216 06.07.2026 12:09:17 : TRC APPLICATION : The zapp watch face was closed due to TO
#1198217 06.07.2026 12:09:21 : EVT WBSTORAGE : CACHE_DEFRAG (800->808, 24->24, 25)
#1198218 06.07.2026 12:09:21 : EVT PMIC : PMIC Precharge
#1198219 06.07.2026 12:09:21 : EVT PMIC : PMIC Fast-charge constant cur
#1198220 06.07.2026 12:09:21 : EVT PMIC : PMIC Fast-charge constant cur
#1198221 06.07.2026 12:09:21 : EVT PMIC : PMIC Fast-charge constant voltage
#1198222 06.07.2026 12:09:21 : TRC APPLICATION : Zapp climbl01 uninstalled
#1198223 06.07.2026 12:09:22 : EVT PMIC : PMIC Fast-charge constant cur
#1198224 06.07.2026 12:09:22 : EVT PMIC : PMIC Fast-charge constant cur
#1198225 06.07.2026 12:09:22 : EVT PMIC : PMIC Fast-charge constant voltage
#1198226 06.07.2026 12:09:22 : EVT PMIC : PMIC Precharge
#1198227 06.07.2026 12:09:22 : EVT PMIC : PMIC Fast-charge constant cur
#1198228 06.07.2026 12:09:23 : EVT PMIC : PMIC Fast-charge constant voltage
#1198229 06.07.2026 12:09:23 : ERR WBMAIN : *0: app 1738 Event 36 80005310
#1198230 06.07.2026 12:09:23 : ERR WBMAIN : 1: mea 11 Wait 0 00000000
#1198231 06.07.2026 12:09:23 : ERR WBMAIN : 2: ui 33 Wait 0 00000000
#1198232 06.07.2026 12:09:24 : ERR WBMAIN : *0: app 725 Event 36 80005310
#1198233 06.07.2026 12:09:24 : ERR WBMAIN : 1: mea 0 Wait 0 00000000
#1198234 06.07.2026 12:09:24 : ERR WBMAIN : 2: ui 0 Wait 0 00000000
#1198235 06.07.2026 12:09:24 : EVT PMIC : PMIC Fast-charge constant cur
#1198236 06.07.2026 12:09:24 : EVT PMIC : PMIC Fast-charge constant voltage
#1198237 06.07.2026 12:09:25 : EVT ANALYTICS : Sync start
#1198238 06.07.2026 12:09:25 : EVT ANALYTICS : Sync start
#1198239 06.07.2026 12:09:29 : EVT PMIC : PMIC Fast-charge constant cur
#1198240 06.07.2026 12:09:29 : EVT PMIC : PMIC Fast-charge constant voltage
#1198241 06.07.2026 12:09:29 : EVT PMIC : PMIC Fast-charge constant cur
#1198242 06.07.2026 12:09:29 : EVT PMIC : PMIC Fast-charge constant cur
#1198243 06.07.2026 12:09:29 : EVT PMIC : PMIC Fast-charge constant voltage
#1198244 06.07.2026 12:09:29 : EVT APPLICATION : Plugin climbl01.zip as type:[2]
#1198245 06.07.2026 12:09:30 : EVT PMIC : PMIC Fast-charge constant cur
#1198246 06.07.2026 12:09:30 : EVT PMIC : PMIC Fast-charge constant voltage
#1198247 06.07.2026 12:09:30 : EVT PMIC : PMIC Fast-charge constant cur
#1198248 06.07.2026 12:09:30 : EVT PMIC : PMIC Fast-charge constant voltage
#1198249 06.07.2026 12:09:30 : EVT PMIC : PMIC Fast-charge constant cur
#1198250 06.07.2026 12:09:30 : EVT PMIC : PMIC Fast-charge constant cur
#1198251 06.07.2026 12:09:30 : EVT PMIC : PMIC Fast-charge constant voltage
#1198252 06.07.2026 12:09:30 : EVT PMIC : PMIC Fast-charge constant cur
#1198253 06.07.2026 12:09:31 : EVT PMIC : PMIC Fast-charge constant voltage
#1198254 06.07.2026 12:09:31 : EVT PMIC : PMIC Fast-charge constant cur
#1198255 06.07.2026 12:09:31 : EVT PMIC : PMIC Fast-charge constant voltage
#1198256 06.07.2026 12:09:31 : EVT PMIC : PMIC Fast-charge constant cur
#1198257 06.07.2026 12:09:31 : EVT PMIC : PMIC Fast-charge constant voltage
#1198258 06.07.2026 12:09:31 : ERR WBMAIN : *0: app 1772 Event 36 80005310
#1198259 06.07.2026 12:09:31 : ERR WBMAIN : 1: mea 82 Wait 0 00000000
#1198260 06.07.2026 12:09:31 : ERR WBMAIN : 2: ui 81 Wait 0 00000000
#1198261 06.07.2026 12:09:32 : ERR WBMAIN : *0: app 821 Event 36 80005310
#1198262 06.07.2026 12:09:32 : ERR WBMAIN : 1: mea 9 Wait 0 00000000
#1198263 06.07.2026 12:09:32 : ERR WBMAIN : 2: ui 9 Wait 0 00000000
#1198264 06.07.2026 12:09:32 : EVT PMIC : PMIC Fast-charge constant cur
#1198265 06.07.2026 12:09:32 : EVT PMIC : PMIC Fast-charge constant voltage
#1198266 06.07.2026 12:09:32 : EVT PMIC : PMIC Fast-charge constant cur
#1198267 06.07.2026 12:09:32 : EVT PMIC : PMIC Fast-charge constant voltage
#1198268 06.07.2026 12:09:32 : EVT PMIC : PMIC Fast-charge constant cur
#1198269 06.07.2026 12:09:33 : EVT PMIC : PMIC Fast-charge constant voltage
#1198270 06.07.2026 12:09:33 : EVT PMIC : PMIC Fast-charge constant cur
#1198271 06.07.2026 12:09:33 : EVT PMIC : PMIC Fast-charge constant cur
#1198272 06.07.2026 12:09:33 : EVT PMIC : PMIC Fast-charge constant cur
#1198273 06.07.2026 12:09:33 : EVT PMIC : PMIC Fast-charge constant cur
#1198274 06.07.2026 12:09:33 : EVT PMIC : PMIC Fast-charge constant cur
#1198275 06.07.2026 12:09:33 : EVT PMIC : PMIC Fast-charge constant voltage
#1198276 06.07.2026 12:09:33 : EVT ANALYTICS : Sync start
#1198277 06.07.2026 12:09:34 : EVT ANALYTICS : Sync start
#1198278 06.07.2026 12:09:34 : EVT PMIC : PMIC Fast-charge constant cur
#1198279 06.07.2026 12:09:34 : EVT PMIC : PMIC Fast-charge constant voltage
#1198280 06.07.2026 12:09:38 : EVT PMIC : PMIC temp zone:0x7
#1198281 06.07.2026 12:09:38 : EVT PMIC : VBUS state is OFF
#1198282 06.07.2026 12:09:38 : EVT PMIC : Turn charge OFF since VBUS->OFF
#1198283 06.07.2026 12:09:38 : EVT WBCOMM : Route lost: ECSD00000000
#1198284 06.07.2026 12:09:38 : TRC FUEL_GAUGE : Chg->0,B:5,C:69.2,V:4436,U:0,bF:98%,bC:98%
#1198285 06.07.2026 12:09:38 : EVT OHR : VBUS off
#1198286 06.07.2026 12:09:39 : EVT OHR : S:ON 0->1
#1198287 06.07.2026 12:09:39 : EVT ANALYTICS : Battery-> 1 soc:98
#1198288 06.07.2026 12:09:39 : EVT OHR : APPINIT:caps 0x1f4, 6b738616
#1198289 06.07.2026 12:09:39 : EVT <Unknown> : 1783332579283:AI@1783332579260, tz120
#1198290 06.07.2026 12:09:39 : EVT OHR : S:start 0x2123
#1198291 06.07.2026 12:09:39 : EVT <Unknown> : 1783332579289:Meas start 0x2123
#1198292 06.07.2026 12:09:39 : EVT <Unknown> : 1783332579303:PD1464, 0
#1198293 06.07.2026 12:09:39 : EVT <Unknown> : 1783332579367:GMV 20251126/1/4/0/395/46
#1198294 06.07.2026 12:09:39 : EVT <Unknown> : 1783332579621:Mi1.6.10, auth 0, hr_mode 0
#1198295 06.07.2026 12:09:40 : EVT <Unknown> : 1783332579872:On Skin Set.
#1198296 06.07.2026 12:09:42 : EVT WBSTORAGE : CACHE_DEFRAG (792->800, 24->24, 25)
#1198297 06.07.2026 12:09:43 : EVT WBSTORAGE : CACHE_DEFRAG (752->792, 24->24, 25)
#1198298 06.07.2026 12:09:43 : EVT WBSTORAGE : CACHE_DEFRAG (768->872, 24->24, 25)
#1198299 06.07.2026 12:09:43 : TRC NAVIGATION : CG: no climb WP
#1198300 06.07.2026 12:09:43 : TRC NAVIGATION : CG:init ZoomType=0
#1198301 06.07.2026 12:09:43 : EVT NAVIGATION : initSeg Idx=0 D=1 T=0 3-0-4
#1198302 06.07.2026 12:09:43 : EVT WBSTORAGE : CACHE_DEFRAG (792->968, 24->24, 25)
#1198303 06.07.2026 12:09:43 : EVT ALTIFUSION : AltiBaroMode:0
#1198304 06.07.2026 12:09:43 : EVT ANALYTICS : SleepQ:Tracking:On
#1198305 06.07.2026 12:09:43 : EVT ALTIFUSION : AltiBaroMode:0
#1198306 06.07.2026 12:09:43 : EVT WBSTORAGE : CACHE_DEFRAG (944->952, 24->24, 25)
#1198307 06.07.2026 12:09:43 : EVT UI_FRAMEWORK : JS nsto enable zapp: zzwethen
#1198308 06.07.2026 12:09:43 : EVT UI_FRAMEWORK : JS nsto enable zapp: zzmoveen
#1198309 06.07.2026 12:09:43 : EVT UI_FRAMEWORK : JS nsto enable zapp: climbl01
#1198310 06.07.2026 12:09:43 : EVT APPLICATION : Zapp zzwethen:Load script
#1198311 06.07.2026 12:09:43 : EVT APPLICATION : Zapp zzwethen:Enable
#1198312 06.07.2026 12:09:43 : EVT ANALYTICS : Zapp enabled i:8 h:3f77f8ec n:zzwethen v:ade
#1198313 06.07.2026 12:09:43 : EVT APPLICATION : Zapp clid:32878
#1198314 06.07.2026 12:09:43 : EVT APPLICATION : Zapp zzmoveen:Load script
#1198315 06.07.2026 12:09:43 : EVT APPLICATION : Zapp zzmoveen:Enable
#1198316 06.07.2026 12:09:43 : EVT ANALYTICS : Zapp enabled i:6 h:7aac0887 n:zzmoveen v:8e0
#1198317 06.07.2026 12:09:43 : EVT UI_FRAMEWORK : evalFile: b:/zapp/zzmoveen.fea/ext1.js from ui
#1198318 06.07.2026 12:09:43 : EVT APPLICATION : Zapp clid:32879
#1198319 06.07.2026 12:09:43 : EVT APPLICATION : Zapp climbl01:Load script
#1198320 06.07.2026 12:09:44 : EVT APPLICATION : Zapp climbl01:Enable
#1198321 06.07.2026 12:09:44 : EVT ANALYTICS : Zapp enabled i:5 h:a5e7afa5 n:climbl01 v:3.0
#1198322 06.07.2026 12:09:44 : EVT APPLICATION : Zapp clid:32880
#1198323 06.07.2026 12:09:44 : ERR WBMAIN : *0: app 616 Event 37 80995318
#1198324 06.07.2026 12:09:44 : EVT UI_FRAMEWORK : JS nsto all zapps enabled.
#1198325 06.07.2026 12:09:44 : ERR WBMAIN : 1: mea 21 Wait 0 00000000
#1198326 06.07.2026 12:09:44 : ERR WBMAIN : 2: ui 31 Wait 0 00000000
#1198327 06.07.2026 12:09:44 : EVT UI_FRAMEWORK : JS Prestart Activity Id: 16.000
#1198328 06.07.2026 12:09:44 : WRN WBAPI : eID-691468(277): /Dive/Alarms/Acknowledge 404
#1198329 06.07.2026 12:09:44 : WRN WBAPI : eID-691468(277): /Dive/DiveGases 404
#1198330 06.07.2026 12:09:44 : WRN WBAPI : eID-691468(277): /Dive/Gauge/Next 404
#1198331 06.07.2026 12:09:44 : ERR <Unknown> : 1783332583886:Mi invalid call:100,code:0.
#1198332 06.07.2026 12:09:44 : EVT WBSTORAGE : CACHE_DEFRAG (904->912, 24->24, 25)
#1198333 06.07.2026 12:09:44 : EVT WBSTORAGE : CACHE_DEFRAG (840->848, 24->24, 25)
#1198334 06.07.2026 12:09:44 : EVT WBSTORAGE : CACHE_DEFRAG (776->784, 24->24, 25)
#1198335 06.07.2026 12:09:44 : EVT BLE : BLE Sensor Link 4800180D Conn (--E-:00:1)
#1198336 06.07.2026 12:09:44 : WRN BLE : sendConnect 6157
#1198337 06.07.2026 12:09:44 : WRN WBAPI : eID-691468(277): /Dive/TankPressure/Alarm/Count 404
#1198338 06.07.2026 12:09:45 : EVT SPEEDFUSION : INFO # start speed fusion
#1198339 06.07.2026 12:09:45 : EVT SPEEDFUSION : Act:16,Acc:0,BPod:0,FPod:0,PPod:0,BeltPod:1
#1198340 06.07.2026 12:09:45 : EVT SPEEDFUSION : INFO # Start algo without wrist acc
#1198341 06.07.2026 12:09:45 : EVT <Unknown> : Update pres sampl intrvl:1
#1198342 06.07.2026 12:09:45 : EVT OHR : S:start 0x21a3
#1198343 06.07.2026 12:09:45 : EVT UI_FRAMEWORK : evalFile: b:/zapp/climbl01.fea/ext12.js from ui
#1198344 06.07.2026 12:09:45 : EVT <Unknown> : 1783332585078:Meas start 0x21a3
#1198345 06.07.2026 12:09:45 : ERR APPLICATION : Zapp:relMemCb (exec:zapp)
#1198346 06.07.2026 12:09:45 : EVT APPLICATION : Zapp zzwethen:Disable
#1198347 06.07.2026 12:09:45 : EVT ANALYTICS : Zapp disabled i:8 h:3f77f8ec n:Weather
#1198348 06.07.2026 12:09:45 : ERR APPLICATION : Zapp 3:RelMem->unload
#1198349 06.07.2026 12:09:45 : ERR APPLICATION : Zapp:relMemCb (exec:zapp)
#1198350 06.07.2026 12:09:45 : EVT APPLICATION : Zapp zzmoveen:Disable
#1198351 06.07.2026 12:09:45 : EVT ANALYTICS : Zapp disabled i:6 h:7aac0887 n:Movement
#1198352 06.07.2026 12:09:45 : ERR APPLICATION : Zapp 3:RelMem->unload
#1198353 06.07.2026 12:09:45 : ERR APPLICATION : Zapp:relMemCb (exec:zapp)
#1198354 06.07.2026 12:09:45 : ERR APPLICATION : Zapp:RelMem->None avail
#1198355 06.07.2026 12:09:45 : ERR DUKTAPE : JSalloc:2056
#1198356 06.07.2026 12:09:45 : ERR APPLICATION : Zapp:relMemCb (exec:zapp)
#1198357 06.07.2026 12:09:45 : ERR APPLICATION : Zapp:RelMem->None avail
#1198358 06.07.2026 12:09:45 : ERR DUKTAPE : JSalloc:2056
#1198359 06.07.2026 12:09:45 : ERR APPLICATION : Zapp:relMemCb (exec:zapp)
#1198360 06.07.2026 12:09:45 : ERR APPLICATION : Zapp:RelMem->None avail
#1198361 06.07.2026 12:09:45 : ERR DUKTAPE : JSalloc:2056
#1198362 06.07.2026 12:09:45 : ERR APPLICATION : Zapp:relMemCb (exec:zapp)
#1198363 06.07.2026 12:09:45 : ERR APPLICATION : Zapp:RelMem->None avail
#1198364 06.07.2026 12:09:45 : ERR DUKTAPE : JSalloc:2056
#1198365 06.07.2026 12:09:45 : ERR APPLICATION : Zapp:relMemCb (exec:zapp)
#1198366 06.07.2026 12:09:45 : ERR APPLICATION : Zapp:RelMem->None avail
#1198367 06.07.2026 12:09:45 : ERR DUKTAPE : JSalloc:2056
#1198368 06.07.2026 12:09:45 : ERR APPLICATION : Zapp:relMemCb (exec:zapp)
#1198369 06.07.2026 12:09:45 : ERR APPLICATION : Zapp:RelMem->None avail
#1198370 06.07.2026 12:09:45 : ERR DUKTAPE : JSalloc:2056
#1198371 06.07.2026 12:09:45 : ERR APPLICATION : Zapp:relMemCb (exec:zapp)
#1198372 06.07.2026 12:09:45 : ERR APPLICATION : Zapp:RelMem->None avail
#1198373 06.07.2026 12:09:45 : ERR DUKTAPE : JSalloc:2056
#1198374 06.07.2026 12:09:45 : ERR APPLICATION : Zapp:relMemCb (exec:zapp)
#1198375 06.07.2026 12:09:45 : ERR APPLICATION : Zapp:RelMem->None avail
#1198376 06.07.2026 12:09:45 : ERR DUKTAPE : JSalloc:2056
#1198377 06.07.2026 12:09:45 : ERR APPLICATION : Zapp:relMemCb (exec:zapp)
#1198378 06.07.2026 12:09:45 : ERR APPLICATION : Zapp:RelMem->None avail
#1198379 06.07.2026 12:09:45 : ERR DUKTAPE : JSalloc:2056
#1198380 06.07.2026 12:09:45 : ERR APPLICATION : Zapp:relMemCb (exec:zapp)
#1198381 06.07.2026 12:09:45 : ERR APPLICATION : Zapp:RelMem->None avail
#1198382 06.07.2026 12:09:45 : ERR DUKTAPE : JSalloc:2056
#1198383 06.07.2026 12:09:45 : ERR APPLICATION : Zapp:relMemCb (exec:zapp)
#1198384 06.07.2026 12:09:45 : ERR APPLICATION : Zapp:RelMem->None avail
#1198385 06.07.2026 12:09:45 : ERR DUKTAPE : JSalloc:2056
#1198386 06.07.2026 12:09:45 : EVT OHR : S:start 0x2123
#1198387 06.07.2026 12:09:46 : EVT UI_FRAMEWORK : evalFile: b:/zapp/climbl01.fea/ext12.js from ui
#1198388 06.07.2026 12:09:49 : EVT EXT_FLASH : ExtFID 0xc2,0x25,0x39
#1198389 06.07.2026 12:09:49 : ERR FAULT : *ASSERT*
#1198390 06.07.2026 12:09:49 : ERR FAULT : Assert in: file.cpp:149
#1198391 06.07.2026 12:09:49 : ERR FAULT : Assert task:ui
#1198392 06.07.2026 12:09:49 : ERR FAULT : ===== Stack Dump (SP: 0x2003EE78) =====
#1198393 06.07.2026 12:09:49 : ERR FAULT : Stack range: 0x2003AD98 - 0x2003F3E8
#1198394 06.07.2026 12:09:49 : ERR FAULT : Code range: 0x00450400 - 0x00626BCC
#1198395 06.07.2026 12:09:49 : ERR FAULT : 0x2003EE78: 0x00462708 0x00462714 0x2003F3E8 0x2003AD98 
#1198396 06.07.2026 12:09:49 : ERR FAULT : 0x2003EE88: 0x656C6966 0x7070632E 0x3934313A 0x00000000 
#1198397 06.07.2026 12:09:49 : ERR FAULT : 0x2003EE98: 0x00000000 0x00000000 0x00000000 0x00000000 
#1198398 06.07.2026 12:09:49 : ERR FAULT : 0x2003EEA8: 0x00000003 0x00000000 0x2003EF10 0x00000000 
#1198399 06.07.2026 12:09:49 : ERR FAULT : 0x2003EEB8: 0x20023770 0x00000000 0x00000008 0x00000800 
#1198400 06.07.2026 12:09:49 : ERR FAULT : 0x2003EEC8: 0x2003F0D0 0x0045432B 0x20023770 0x00458E43 
#1198401 06.07.2026 12:09:49 : ERR FAULT : 0x2003EED8: 0x20013228 0x00000003 0x2003EFE0 0x004B136D 
#1198402 06.07.2026 12:09:49 : ERR FAULT : 0x2003EEE8: 0x2003EFF0 0x004B11EB 0x6165662E 0x2003EFF0 
#1198403 06.07.2026 12:09:49 : ERR FAULT : 0x2003EEF8: 0x2003EFF0 0x00000014 0x20017278 0x004D031F 
#1198404 06.07.2026 12:09:49 : ERR FAULT : 0x2003EF08: 0x2001728C 0x004D001F 0x7A2F3A62 0x2F707061 
#1198405 06.07.2026 12:09:49 : ERR FAULT : 0x2003EF18: 0x6D696C63 0x31306C62 0x6165662E 0x00000000 
#1198406 06.07.2026 12:09:49 : ERR FAULT : 0x2003EF28: 0x2002F4A0 0x00000000 0xE000ED04 0x0048DC3F 
#1198407 06.07.2026 12:09:49 : ERR FAULT : 0x2003EF38: 0x00000000 0x00000000 0x200647E4 0x2002F4A0 
#1198408 06.07.2026 12:09:49 : ERR FAULT : 0x2003EF48: 0x00000000 0x0048D6DF 0xE8DC5AB6 0xE8DC5AB6 
#1198409 06.07.2026 12:09:49 : ERR FAULT : 0x2003EF58: 0x00000000 0x00000000 0x2002F4A0 0x200647E4 
#1198410 06.07.2026 12:09:49 : ERR FAULT : 0x2003EF68: 0x00000000 0x00000000 0x2002F590 0x00000000 
#1198411 06.07.2026 12:09:49 : ERR FAULT : ===== End of Stack Dump =====
#1198412 06.07.2026 12:09:49 : ERR FAULT : Possible Call Backtrace:
#1198413 06.07.2026 12:09:49 : ERR FAULT : #00 0x0045432A
#1198414 06.07.2026 12:09:49 : ERR FAULT : #01 0x00527962
#1198415 06.07.2026 12:09:49 : ERR FAULT : *ASSERT*
#1198416 06.07.2026 12:09:49 : EVT BOOTLOOP : Faultcom c:fa017c01 ts:1783328194 n:1783332589
#1198417 06.07.2026 12:09:49 : TRC APPLICATION : Start wuiapp 2.53.42 in mode 5 (asked 5 (5h))
#1198418 06.07.2026 12:09:49 : TRC APPLICATION : HwVersion: 1424B3
#1198419 06.07.2026 12:09:49 : TRC APPLICATION : BID: 8585924/09b8e246
#1198420 06.07.2026 12:09:49 : EVT ANALYTICS : #start bl:00000001 c:0001d1bc r:1000 s:00
#1198421 06.07.2026 12:09:49 : TRC FUEL_GAUGE : Initial batt voltage: 4407.812500 mV
#1198422 06.07.2026 12:09:49 : EVT FWUPDATE : onInputEvent 1
#1198423 06.07.2026 12:09:49 : EVT FILESYSTEM : Storage:init HccFat
#1198424 06.07.2026 12:09:49 : TRC FILESYSTEM : HCC Malloc:6304
#1198425 06.07.2026 12:09:50 : TRC FILESYSTEM : HCC init 7 cache
#1198426 06.07.2026 12:09:50 : TRC FILESYSTEM : HCC logblock daemon Init
#1198427 06.07.2026 12:09:50 : EVT FILESYSTEM : Ena eMMC vol (init)
#1198428 06.07.2026 12:09:50 : EVT FILESYSTEM : maxfh:1 30 1 c:volume0.inf
#1198429 06.07.2026 12:09:50 : EVT FILESYSTEM : maxfh:2 81 1 c:volume0.inf
#1198430 06.07.2026 12:09:50 : TRC FWUPDATE : FSS crc:4085972702[ok] sta:0 sec:65535 reb:0
#1198431 06.07.2026 12:09:50 : TRC FWUPDATE : FSS cu:8b67dbcf se:8b67dbcf in:4
#1198432 06.07.2026 12:09:55 : EVT POWER_STATE : HistoryStorage Construction
#1198433 06.07.2026 12:09:55 : TRC MAPS : Wait for req
#1198434 06.07.2026 12:09:55 : EVT <Unknown> : EXT_RTC correction 1783332595->1783332594
#1198435 06.07.2026 12:09:54 : EVT WBSTORAGE : PRELOAD_DONE Cache free:idx:20 mem:1336B
#1198436 06.07.2026 12:09:54 : EVT PRESSURE : ALPS HSPPAD143 pres sensor found
#1198437 06.07.2026 12:09:54 : EVT PRESSURE : PressCalib:Checksum not valid
#1198438 06.07.2026 12:09:55 : EVT PRESSURE : PressCalib read OK:-1.551000
#1198439 06.07.2026 12:09:55 : TRC PRESSURE : Sensor ALPS HSPPAD143 detected
#1198440 06.07.2026 12:09:55 : EVT WR_MAGN : TLI493D-W2BW HW-revision:0x9 (type 0x0)
#1198441 06.07.2026 12:09:55 : EVT PMIC : VBUS state is OFF
#1198442 06.07.2026 12:09:55 : EVT PMIC : chgCntl1:0x74
#1198443 06.07.2026 12:09:55 : EVT PMIC : check chgCntl1:0x74
#1198444 06.07.2026 12:09:56 : ERR WBMAIN : 0: app 675 Wait 0 00000000
#1198445 06.07.2026 12:09:56 : ERR WBMAIN : *1: mea 728 DPC 12 00457803
#1198446 06.07.2026 12:09:56 : ERR WBMAIN : 2: ui 7278 Wait 0 00000000
#1198447 06.07.2026 12:09:56 : EVT FUEL_GAUGE : init, force:0
#1198448 06.07.2026 12:09:56 : EVT FUEL_GAUGE : check:1 lrn_tempco reg:0x5d75, store:0x5d75 mode:0x5d75
#1198449 06.07.2026 12:09:56 : EVT OHR : SCD 1, SCDL 0, SPO2 0, HR 0, RR 0, GM 0, SRBT 0
#1198450 06.07.2026 12:09:56 : EVT OHR : S:ON 0->1
#1198451 06.07.2026 12:09:56 : TRC FUEL_GAUGE : Charging 3 Batt 1->5
#1198452 06.07.2026 12:09:57 : TRC FUEL_GAUGE : batFgLevel cur:98%, prev:75%
#1198453 06.07.2026 12:09:57 : EVT FUEL_GAUGE : Initial batt:4426 mV soc:98 %
#1198454 06.07.2026 12:09:57 : EVT FUEL_GAUGE : Charge 3 Batt 5
#1198455 06.07.2026 12:09:57 : TRC FUEL_GAUGE : Batt: 4425 mV (raw: 4405) soc: 98 %, T: 29.2 C,H:102
#1198456 06.07.2026 12:09:57 : TRC GPS : Power enabled
#1198457 06.07.2026 12:09:58 : TRC TOUCH : get ic info, chip id = 0x2390
#1198458 06.07.2026 12:09:58 : WRN OHR : Module test not passed (0x08)
#1198459 06.07.2026 12:09:58 : EVT OHR : APPINIT:caps 0x1f4, 6b738616
#1198460 06.07.2026 12:09:58 : EVT <Unknown> : 1783332598976:AI@1783332598700, tz120
#1198461 06.07.2026 12:09:59 : EVT WBSTORAGE : CACHE_DEFRAG (144->544, 7->7, 25)
#1198462 06.07.2026 12:09:59 : TRC GPS : Stat report:1
#1198463 06.07.2026 12:09:59 : EVT OHR : APP:0.9.82 BSL:0.1.4
#1198464 06.07.2026 12:09:59 : TRC GPS : @VER
#1198465 06.07.2026 12:09:59 : TRC GPS : Ver:v00.204
#1198466 06.07.2026 12:09:59 : EVT OHR : S:OFF 1->0
#1198467 06.07.2026 12:09:59 : TRC GPS : @CEPA
#1198468 06.07.2026 12:09:59 : TRC GPS : LLE GP:0607 QZ:0607 GL:0607 GA:0607 BE:0607
#1198469 06.07.2026 12:09:59 : TRC GPS : Power disabled
#1198470 06.07.2026 12:09:59 : EVT ALTIFUSION : Init AltiBaro
#1198471 06.07.2026 12:09:59 : EVT TRAININGLAB : TLab:Change mode 0->0
#1198472 06.07.2026 12:10:00 : TRC MAPS : UIResourceLoader::initModule()
#1198473 06.07.2026 12:10:00 : EVT GOMORE : GoMore Update User Info
#1198474 06.07.2026 12:10:00 : EVT GOMORE : AuthSdk Code:0
#1198475 06.07.2026 12:10:00 : EVT TRAININGZONE : Init done
#1198476 06.07.2026 12:10:00 : EVT GPS : LocationProviderImpl:sub Passive
#1198477 06.07.2026 12:10:00 : TRC GPS : Full GNSS data subd l:0 c:80160010
#1198478 06.07.2026 12:10:00 : WRN WBAPI : eID-69b7b8(99/19200): 403
#1198479 06.07.2026 12:10:00 : EVT WBSTORAGE : CACHE_DEFRAG (0->1224, 17->17, 25)
#1198480 06.07.2026 12:10:01 : TRC NAVIGATION : CG: no climb WP
#1198481 06.07.2026 12:10:01 : TRC NAVIGATION : CG:init ZoomType=0
#1198482 06.07.2026 12:10:01 : EVT NAVIGATION : initSeg Idx=0 D=1 T=0 3-0-4
#1198483 06.07.2026 12:10:01 : WRN WBAPI : eID-6952d0(99/773): 403
#1198484 06.07.2026 12:10:01 : EVT <Unknown> : init, c 0 0 0
#1198485 06.07.2026 12:10:01 : EVT OHR : Found CP file 204
#1198486 06.07.2026 12:10:01 : EVT GOMORE : PD-f OK, sz 1464, H 0x0
#1198487 06.07.2026 12:10:01 : EVT FILESYSTEM : maxfh:3 1172 1 storage/ac100d90/data.jsn
#1198488 06.07.2026 12:10:01 : EVT GPS : GpsTimeSynchronizer:sub Best
#1198489 06.07.2026 12:10:01 : TRC GPS : Basic GNSS data subd l:15 c:80460010
#1198490 06.07.2026 12:10:01 : EVT ANALYTICS : SleepQ:Tracking:On
#1198491 06.07.2026 12:10:01 : EVT SLEEP : Discard possible sleep
#1198492 06.07.2026 12:10:01 : EVT SLEEP : No sleep ongoing, ineffective discard call
#1198493 06.07.2026 12:10:02 : TRC GPS : Power enabled
#1198494 06.07.2026 12:10:02 : EVT FILESYSTEM : maxfh:4 11a3 1 sleepln/sstages.bin
#1198495 06.07.2026 12:10:02 : EVT SLEEP : GMSLEEP:Last stg 2 dur 1200 start at 1783314600000
#1198496 06.07.2026 12:10:03 : TRC GPS : Stat report:1
#1198497 06.07.2026 12:10:03 : TRC GPS : GNS setting 0x1fcb
#1198498 06.07.2026 12:10:03 : TRC GPS : @GSR
#1198499 06.07.2026 12:10:03 : EVT TRAININGLAB : TLab:Change mode 0->2
#1198500 06.07.2026 12:10:03 : EVT TRAININGLAB : TLab:Mode::userInfo 60, 200, 1, 37, 182, 950, 1990
#1198501 06.07.2026 12:10:03 : EVT TRAININGLAB : ModeUnsub:0000
#1198502 06.07.2026 12:10:03 : EVT TRAININGLAB : ModeSub:0400
#1198503 06.07.2026 12:10:03 : EVT OHR : S:ON 0->1
#1198504 06.07.2026 12:10:03 : EVT TRAININGLAB : Stress enabled
#1198505 06.07.2026 12:10:03 : TRC GPS : Done:GSR
#1198506 06.07.2026 12:10:03 : TRC APPLICATION : 247: Day 0 1783288800 816
#1198507 06.07.2026 12:10:03 : TRC APPLICATION : 247: Day 1 1783202400 7348
#1198508 06.07.2026 12:10:03 : TRC APPLICATION : 247: Day 2 1783116000 800
#1198509 06.07.2026 12:10:03 : TRC APPLICATION : 247: Day 3 1783029600 2293
#1198510 06.07.2026 12:10:03 : TRC APPLICATION : 247: Day 4 1782943200 1279
#1198511 06.07.2026 12:10:03 : TRC APPLICATION : 247: Day 5 1782856800 0
#1198512 06.07.2026 12:10:03 : TRC APPLICATION : 247: Day 6 1782770400 0
#1198513 06.07.2026 12:10:03 : TRC APPLICATION : 247: Restore counters
#1198514 06.07.2026 12:10:03 : EVT WBSTORAGE : CACHE_DEFRAG (992->1000, 24->24, 25)
#1198515 06.07.2026 12:10:03 : EVT NFC : Init NFC card enabled: 0
#1198516 06.07.2026 12:10:03 : EVT APPLICATION : ExGui clid:805d
#1198517 06.07.2026 12:10:03 : EVT OHR : APPINIT:caps 0x1f4, 6b738616
#1198518 06.07.2026 12:10:03 : EVT <Unknown> : 1783332603925:AI@1783332603900, tz120
#1198519 06.07.2026 12:10:03 : EVT OHR : S:start 0x2123
#1198520 06.07.2026 12:10:04 : EVT <Unknown> : 1783332603956:Meas start 0x2123
#1198521 06.07.2026 12:10:04 : EVT <Unknown> : 1783332604038:PD1464, 0
#1198522 06.07.2026 12:10:04 : EVT <Unknown> : 1783332604346:Mi1.6.10, auth 0, hr_mode 0
#1198523 06.07.2026 12:10:04 : EVT <Unknown> : 1783332604347:On Skin Set.
#1198524 06.07.2026 12:10:04 : EVT APPLICATION : Int clid:8068
#1198525 06.07.2026 12:10:04 : EVT ANALYTICS : analytics enabled!
#1198526 06.07.2026 12:10:04 : TRC FUEL_GAUGE : Chg->0,B:5,C:-8.4,V:4425,U:0,bF:98%,bC:98%
#1198527 06.07.2026 12:10:04 : EVT ANALYTICS : Battery-> 0 soc:0
#1198528 06.07.2026 12:10:04 : WRN WBAPI : eID-691c70(396/15112): 429
#1198529 06.07.2026 12:10:04 : TRC BLE : PT settings cmd failed (429)
#1198530 06.07.2026 12:10:04 : WRN BLE : BLE Link 4D00F000 Disc (--E-:00:0)
#1198531 06.07.2026 12:10:04 : EVT WBSTORAGE : CACHE_DEFRAG (984->992, 24->24, 25)
#1198532 06.07.2026 12:10:04 : EVT APPLICATION : Zapp prv clid:32876
#1198533 06.07.2026 12:10:04 : EVT APPLICATION : Zapp Eng clid:32877
#1198534 06.07.2026 12:10:05 : EVT APPLICATION : Guide clid:32883
#1198535 06.07.2026 12:10:05 : TRC MAPS : UIResourceLoader::startModule()
#1198536 06.07.2026 12:10:05 : EVT WBSTORAGE : CACHE_DEFRAG (928->952, 24->24, 25)
#1198537 06.07.2026 12:10:05 : EVT WBSTORAGE : CACHE_DEFRAG (840->848, 24->24, 25)
#1198538 06.07.2026 12:10:05 : EVT WEATHER : t:495369, d:1
#1198539 06.07.2026 12:10:05 : EVT WBSTORAGE : CACHE_DEFRAG (736->744, 24->24, 25)
#1198540 06.07.2026 12:10:05 : EVT ANALYTICS : Weather sync ok d:0 f:0
#1198541 06.07.2026 12:10:05 : EVT WEATHER : t:495369, d:1
#1198542 06.07.2026 12:10:05 : EVT ANALYTICS : synced city:Zollikon
#1198543 06.07.2026 12:10:05 : WRN POWER_STATE : rewr:0 fbf:0 ii:13579 cmss:524292 cin:16384
#1198544 06.07.2026 12:10:05 : EVT OHR : S:start 0x2123
#1198545 06.07.2026 12:10:05 : EVT WBSTORAGE : CACHE_DEFRAG (680->688, 24->24, 25)
#1198546 06.07.2026 12:10:05 : EVT WBSTORAGE : CACHE_DEFRAG (640->648, 24->24, 25)
#1198547 06.07.2026 12:10:05 : EVT WBSTORAGE : CACHE_DEFRAG (584->592, 24->24, 25)
#1198548 06.07.2026 12:10:05 : EVT WBSTORAGE : CACHE_DEFRAG (536->544, 24->24, 25)
#1198549 06.07.2026 12:10:05 : EVT <Unknown> : Off-wrist det:on
#1198550 06.07.2026 12:10:05 : WRN WBAPI : eID-6935e8(99/42169): 403
#1198551 06.07.2026 12:10:05 : EVT <Unknown> : 1783332605684:Meas start 0x2123
#1198552 06.07.2026 12:10:06 : WRN WBAPI : eID-693fd4(99/48128): 403
#1198553 06.07.2026 12:10:06 : EVT <Unknown> : Update pres sampl intrvl:1
#1198554 06.07.2026 12:10:06 : EVT ANALYTICS : #heap h:10736 l:10688
#1198555 06.07.2026 12:10:06 : EVT ALTIFUSION : AltiBaroMode:2
#1198556 06.07.2026 12:10:07 : WRN WBAPI : eID-691468(277): /Dive/DesaturationTimes 404
#1198557 06.07.2026 12:10:07 : WRN WBAPI : eID-691468(277): /Dive/Statistics/ScubaSurfaceTime 404
#1198558 06.07.2026 12:10:07 : ERR WBMAIN : *0: app 1291 Event 7 8042037d
#1198559 06.07.2026 12:10:07 : ERR WBMAIN : 1: mea 227 Wait 0 00000000
#1198560 06.07.2026 12:10:07 : ERR WBMAIN : 2: ui 1294 DPC 1 004b17f1
#1198561 06.07.2026 12:10:07 : EVT ALTIFUSION : AltiBaroMode:2
#1198562 06.07.2026 12:10:07 : EVT SPEEDFUSION : INFO # IDLE mode(-1) set
#1198563 06.07.2026 12:10:08 : EVT UI_FRAMEWORK : UI cache reset
#1198564 06.07.2026 12:10:08 : EVT OHR : No HR update, invalidate by timer
#1198565 06.07.2026 12:10:08 : ERR WBMAIN : 0: app 1113 Wait 0 00000000
#1198566 06.07.2026 12:10:08 : ERR WBMAIN : 1: mea 104 Wait 0 00000000
#1198567 06.07.2026 12:10:08 : ERR WBMAIN : *2: ui 2431 DPC 1 004b17f1
#1198568 06.07.2026 12:10:08 : EVT OHR : MI CpData OK
#1198569 06.07.2026 12:10:09 : ERR <Unknown> : 1783332608495:Mi invalid call:100,code:0.
#1198570 06.07.2026 12:10:09 : EVT WIFI : Pwr up
#1198571 06.07.2026 12:10:09 : EVT ANALYTICS : Battery-> 1 soc:98
#1198572 06.07.2026 12:10:09 : EVT UI_FRAMEWORK : JS Widgets: kept=20 added=0
#1198573 06.07.2026 12:10:09 : EVT BRIGHTNESS : Custom state pwr:[3,-1] bri:[1.00,-1.00]
#1198574 06.07.2026 12:10:10 : EVT APPLICATION : Zapp zwc05901:Load script
#1198575 06.07.2026 12:10:10 : EVT APPLICATION : Zapp zwc05901:Enable
#1198576 06.07.2026 12:10:10 : EVT ANALYTICS : Zapp enabled i:3 h:ddb248f2 n:zwc05901 v:124f
#1198577 06.07.2026 12:10:10 : ERR WBMAIN : *0: app 871 Event 37 80995320
#1198578 06.07.2026 12:10:10 : ERR WBMAIN : 1: mea 23 Wait 0 00000000
#1198579 06.07.2026 12:10:10 : ERR WBMAIN : 2: ui 389 Wait 0 00000000
#1198580 06.07.2026 12:10:10 : EVT UI_FRAMEWORK : JS startup ready
#1198581 06.07.2026 12:10:11 : EVT <Unknown> : 1783332610158:GMV 20251126/1/4/0/395/46
#1198582 06.07.2026 12:10:11 : WRN BLE : BLE_CONTROL:1,0,0
#1198583 06.07.2026 12:10:11 : EVT BLE : State DISABLED->OFF
#1198584 06.07.2026 12:10:11 : EVT BLE : State OFF->START
#1198585 06.07.2026 12:10:11 : EVT BLE : PT 2 items loaded
#1198586 06.07.2026 12:10:11 : EVT BLE : APP 3.0.54/01F7/1.2.10
#1198587 06.07.2026 12:10:11 : EVT BLE : State START->ON
#1198588 06.07.2026 12:10:11 : TRC BLE : BLE Link Restore 4D00F000 (L-Ep:00:0)
#1198589 06.07.2026 12:10:11 : WRN BLE : sendConnect 61440
#1198590 06.07.2026 12:10:11 : EVT ANALYTICS : BLE-COMM SHWM 190 (01)
#1198591 06.07.2026 12:10:12 : EVT BRIGHTNESS : Custom state pwr:[-1,-1] bri:[-1.00,-1.00]
#1198592 06.07.2026 12:10:12 : EVT WBSTORAGE : CACHE_DEFRAG (304->624, 24->24, 25)
#1198593 06.07.2026 12:10:12 : WRN WBAPI : eID-691468(277): /Weather/Current/ValidWeatherData.temp 
#1198594 06.07.2026 12:10:16 : EVT WIFI : pwr up
#1198595 06.07.2026 12:10:16 : EVT WIFI : SDK Ver(3.2.8.1)
#1198596 06.07.2026 12:10:16 : EVT WIFI : Cur bootmode:0
#1198597 06.07.2026 12:10:16 : EVT WIFI : Cur MAC addr:0C:8C:DC:B1:E4:BA
#1198598 06.07.2026 12:10:16 : EVT WIFI : Cur cc:CH
#1198599 06.07.2026 12:10:16 : EVT WIFI : FW Ver(v001056)
#1198600 06.07.2026 12:10:20 : EVT OHR : new HR update
#1198601 06.07.2026 12:10:28 : EVT <Unknown> : Update pres sampl intrvl:5
#1198602 06.07.2026 12:10:29 : EVT WIFI : Pwr down idle wifi (TO:13se)
#1198603 06.07.2026 12:10:29 : EVT WIFI : pwr down OK
#1198604 06.07.2026 12:10:46 : EVT ACCELEROMETER : Gyro bias:-0.252000 -0.039900 -0.098000
#1198605 06.07.2026 12:11:09 : EVT <Unknown> : 1783332668490:Off Skin Set.
#1198606 06.07.2026 12:11:10 : EVT <Unknown> : 1783332669617:On Skin Set.
#1198607 06.07.2026 12:11:14 : EVT <Unknown> : 1783332673849:Off Skin Set.
#1198608 06.07.2026 12:11:18 : EVT PMIC : VBUS state is ON
#1198609 06.07.2026 12:11:18 : EVT PMIC : chgCntl1:0x70
#1198610 06.07.2026 12:11:18 : EVT PMIC : check chgCntl1:0x74
#1198611 06.07.2026 12:11:18 : EVT PMIC : Turn charge ON since VBUS->ON
#1198612 06.07.2026 12:11:18 : EVT PMIC : PMIC temp zone:0x2
#1198613 06.07.2026 12:11:18 : EVT PMIC : PMIC Fast-charge constant cur
#1198614 06.07.2026 12:11:18 : EVT OHR : VBUS on
#1198615 06.07.2026 12:11:18 : EVT OHR : S:stop 23
#1198616 06.07.2026 12:11:18 : EVT <Unknown> : 1783332678697:Meas stop 0x2123
#1198617 06.07.2026 12:11:18 : EVT PMIC : PMIC Fast-charge constant voltage
#1198618 06.07.2026 12:11:18 : WRN <Unknown> : 1783332678697:FSM EVT STOP.
#1198619 06.07.2026 12:11:18 : EVT OHR : S:OFF 1->0
#1198620 06.07.2026 12:11:18 : EVT PMIC : VBUS state is ON
#1198621 06.07.2026 12:11:19 : EVT OHR : No HR update, invalidate by timer
#1198622 06.07.2026 12:11:22 : TRC FUEL_GAUGE : Chg->1,B:5,C:20.6,V:4403,U:1,bF:98%,bC:98%
#1198623 06.07.2026 12:11:22 : EVT ANALYTICS : Battery-> 2 soc:98
#1198624 06.07.2026 12:11:33 : EVT <Unknown> : DL Region List
#1198625 06.07.2026 12:11:33 : EVT WIFI : Pwr up
#1198626 06.07.2026 12:11:40 : EVT WIFI : pwr up
#1198627 06.07.2026 12:11:40 : EVT WIFI : SDK Ver(3.2.8.1)
#1198628 06.07.2026 12:11:40 : EVT WIFI : Scann APs (1/3)
#1198629 06.07.2026 12:11:41 : EVT PMIC : PMIC Fast-charge constant cur
#1198630 06.07.2026 12:11:41 : EVT WIFI : APs scanned:11
#1198631 06.07.2026 12:11:41 : EVT WBSTORAGE : CACHE_DEFRAG (496->576, 24->24, 25)
#1198632 06.07.2026 12:11:41 : WRN WIFI : No APs matched to connect
#1198633 06.07.2026 12:11:41 : EVT WIFI : Scann APs (2/3)
#1198634 06.07.2026 12:11:41 : EVT PMIC : PMIC Fast-charge constant voltage
#1198635 06.07.2026 12:11:41 : EVT PMIC : PMIC Precharge
#1198636 06.07.2026 12:11:41 : EVT PMIC : PMIC Fast-charge constant cur
#1198637 06.07.2026 12:11:41 : EVT PMIC : PMIC Fast-charge constant voltage
#1198638 06.07.2026 12:11:41 : EVT PMIC : PMIC Fast-charge constant cur
#1198639 06.07.2026 12:11:41 : EVT PMIC : PMIC Fast-charge constant cur
#1198640 06.07.2026 12:11:41 : EVT PMIC : PMIC Fast-charge constant voltage
#1198641 06.07.2026 12:11:41 : EVT PMIC : PMIC Fast-charge constant cur
#1198642 06.07.2026 12:11:41 : EVT PMIC : PMIC Fast-charge constant voltage
#1198643 06.07.2026 12:11:41 : EVT WIFI : APs scanned:12
#1198644 06.07.2026 12:11:41 : WRN WIFI : No APs matched to connect
#1198645 06.07.2026 12:11:41 : EVT WIFI : Scann APs (3/3)
#1198646 06.07.2026 12:11:42 : EVT PMIC : PMIC Fast-charge constant cur
#1198647 06.07.2026 12:11:42 : EVT PMIC : PMIC Fast-charge constant voltage
#1198648 06.07.2026 12:11:42 : EVT WIFI : APs scanned:11
#1198649 06.07.2026 12:11:42 : WRN WIFI : No APs matched to connect
#1198650 06.07.2026 12:11:42 : EVT WIFI : Internal connect ret:103
#1198651 06.07.2026 12:11:42 : ERR <Unknown> : DL GET resultCode=500
#1198652 06.07.2026 12:11:42 : EVT <Unknown> : DL try retry after 5000 ms
#1198653 06.07.2026 12:11:47 : EVT <Unknown> : DL Region List
#1198654 06.07.2026 12:11:47 : WRN WIFI : No APs matched to connect
#1198655 06.07.2026 12:11:47 : EVT WIFI : Scann APs (1/3)
#1198656 06.07.2026 12:11:48 : EVT WBCOMM : P-9 connection made to ECSD00000000
#1198657 06.07.2026 12:11:48 : EVT WBCOMM : New Route: ECSD00000000
#1198658 06.07.2026 12:11:48 : EVT WIFI : APs scanned:15
#1198659 06.07.2026 12:11:48 : WRN WIFI : No APs matched to connect
#1198660 06.07.2026 12:11:48 : EVT WIFI : Scann APs (2/3)
#1198661 06.07.2026 12:11:49 : EVT PMIC : PMIC Fast-charge constant cur
#1198662 06.07.2026 12:11:49 : EVT PMIC : PMIC Fast-charge constant voltage
#1198663 06.07.2026 12:11:49 : EVT WIFI : APs scanned:14
#1198664 06.07.2026 12:11:49 : WRN WIFI : No APs matched to connect
#1198665 06.07.2026 12:11:49 : EVT WIFI : Scann APs (3/3)
#1198666 06.07.2026 12:11:49 : EVT PMIC : PMIC Fast-charge constant cur
#1198667 06.07.2026 12:11:49 : EVT PMIC : PMIC Fast-charge constant cur
#1198668 06.07.2026 12:11:50 : EVT PMIC : PMIC Fast-charge constant voltage
#1198669 06.07.2026 12:11:50 : EVT PMIC : PMIC Fast-charge constant cur
#1198670 06.07.2026 12:11:50 : EVT PMIC : PMIC Fast-charge constant cur
#1198671 06.07.2026 12:11:50 : EVT PMIC : PMIC Fast-charge constant cur
#1198672 06.07.2026 12:11:50 : EVT PMIC : PMIC Fast-charge constant cur
#1198673 06.07.2026 12:11:50 : EVT WIFI : APs scanned:14
#1198674 06.07.2026 12:11:50 : WRN WIFI : No APs matched to connect
#1198675 06.07.2026 12:11:50 : EVT WIFI : Internal connect ret:103
#1198676 06.07.2026 12:11:50 : ERR <Unknown> : DL GET resultCode=500
#1198677 06.07.2026 12:11:50 : EVT <Unknown> : DL try retry after 10000 ms
#1198678 06.07.2026 12:11:50 : EVT PMIC : PMIC Fast-charge constant voltage
#1198679 06.07.2026 12:11:54 : WRN WBCOMM : Route ECSD00000000 error 504: Dropping existing connecti
#1198680 06.07.2026 12:11:54 : EVT WBCOMM : Route lost: ECSD00000000
#1198681 06.07.2026 12:11:54 : EVT WBCOMM : P-9 connection made to ECSD00000000
#1198682 06.07.2026 12:11:54 : EVT WBCOMM : New Route: ECSD00000000
#1198683 06.07.2026 12:11:57 : EVT PMIC : PMIC Fast-charge constant cur
#1198684 06.07.2026 12:11:57 : EVT PMIC : PMIC Fast-charge constant cur
#1198685 06.07.2026 12:11:57 : EVT PMIC : PMIC Fast-charge constant voltage
#1198686 06.07.2026 12:11:57 : EVT PMIC : PMIC Fast-charge constant cur
#1198687 06.07.2026 12:11:57 : EVT PMIC : PMIC Fast-charge constant cur
#1198688 06.07.2026 12:11:57 : EVT PMIC : PMIC Fast-charge constant voltage
#1198689 06.07.2026 12:11:57 : EVT PMIC : PMIC Fast-charge constant cur
#1198690 06.07.2026 12:11:57 : EVT PMIC : PMIC Fast-charge constant voltage
#1198691 06.07.2026 12:11:57 : EVT PMIC : PMIC Precharge
#1198692 06.07.2026 12:11:57 : EVT PMIC : PMIC Fast-charge constant cur
#1198693 06.07.2026 12:11:57 : EVT PMIC : PMIC Precharge
#1198694 06.07.2026 12:11:57 : EVT PMIC : PMIC Fast-charge constant cur
#1198695 06.07.2026 12:11:57 : EVT PMIC : PMIC Fast-charge constant cur
#1198696 06.07.2026 12:11:57 : EVT PMIC : PMIC Fast-charge constant cur
#1198697 06.07.2026 12:11:57 : EVT PMIC : PMIC Fast-charge constant voltage
#1198698 06.07.2026 12:11:58 : ERR WBMAIN : *0: app 1036 Event 36 80005310
#1198699 06.07.2026 12:11:58 : ERR WBMAIN : 1: mea 16 Wait 0 00000000
#1198700 06.07.2026 12:11:58 : ERR WBMAIN : 2: ui 183 Wait 0 00000000
#1198701 06.07.2026 12:11:58 : EVT PMIC : PMIC Fast-charge constant cur
#1198702 06.07.2026 12:11:58 : EVT PMIC : PMIC Fast-charge constant voltage
#1198703 06.07.2026 12:11:58 : EVT PMIC : PMIC Fast-charge constant cur
#1198704 06.07.2026 12:11:58 : EVT PMIC : PMIC Fast-charge constant cur
#1198705 06.07.2026 12:11:58 : EVT PMIC : PMIC Fast-charge constant cur
#1198706 06.07.2026 12:11:58 : EVT PMIC : PMIC Fast-charge constant cur
#1198707 06.07.2026 12:11:58 : EVT PMIC : PMIC Fast-charge constant voltage
#1198708 06.07.2026 12:11:58 : EVT PMIC : PMIC Fast-charge constant cur
#1198709 06.07.2026 12:11:58 : EVT PMIC : PMIC Fast-charge constant cur
#1198710 06.07.2026 12:11:58 : EVT PMIC : PMIC Fast-charge constant cur
#1198711 06.07.2026 12:11:58 : EVT PMIC : PMIC Fast-charge constant cur
#1198712 06.07.2026 12:11:58 : EVT PMIC : PMIC Fast-charge constant voltage
#1198713 06.07.2026 12:11:59 : ERR WBMAIN : *0: app 825 Event 36 80005310
#1198714 06.07.2026 12:11:59 : ERR WBMAIN : 1: mea 14 Wait 0 00000000
#1198715 06.07.2026 12:11:59 : ERR WBMAIN : 2: ui 14 Wait 0 00000000
#1198716 06.07.2026 12:11:59 : EVT PMIC : PMIC Fast-charge constant cur
#1198717 06.07.2026 12:11:59 : EVT PMIC : PMIC Fast-charge constant cur
#1198718 06.07.2026 12:11:59 : EVT PMIC : PMIC Fast-charge constant cur
#1198719 06.07.2026 12:11:59 : EVT PMIC : PMIC Fast-charge constant cur
#1198720 06.07.2026 12:11:59 : EVT PMIC : PMIC Fast-charge constant voltage
#1198721 06.07.2026 12:11:59 : EVT PMIC : PMIC Fast-charge constant cur
#1198722 06.07.2026 12:11:59 : EVT PMIC : PMIC Fast-charge constant voltage
#1198723 06.07.2026 12:12:00 : EVT ANALYTICS : Sync start
#1198724 06.07.2026 12:12:00 : EVT PMIC : PMIC Precharge
#1198725 06.07.2026 12:12:00 : EVT PMIC : PMIC Fast-charge constant cur
#1198726 06.07.2026 12:12:00 : EVT PMIC : PMIC Fast-charge constant cur
#1198727 06.07.2026 12:12:00 : EVT PMIC : PMIC Fast-charge constant cur
#1198728 06.07.2026 12:12:00 : EVT PMIC : PMIC Fast-charge constant cur
#1198729 06.07.2026 12:12:00 : EVT PMIC : PMIC Fast-charge constant voltage
#1198730 06.07.2026 12:12:00 : EVT <Unknown> : DL Region List
#1198731 06.07.2026 12:12:00 : WRN WIFI : No APs matched to connect
#1198732 06.07.2026 12:12:00 : EVT WIFI : Scann APs (1/3)
#1198733 06.07.2026 12:12:00 : EVT ANALYTICS : Sync start
#1198734 06.07.2026 12:12:00 : EVT PMIC : PMIC Fast-charge constant cur
#1198735 06.07.2026 12:12:00 : EVT PMIC : PMIC Fast-charge constant voltage
#1198736 06.07.2026 12:12:00 : EVT PMIC : PMIC Fast-charge constant cur
#1198737 06.07.2026 12:12:00 : EVT PMIC : PMIC Fast-charge constant voltage
#1198738 06.07.2026 12:12:00 : EVT PMIC : PMIC Fast-charge constant cur
#1198739 06.07.2026 12:12:00 : EVT PMIC : PMIC Fast-charge constant cur
#1198740 06.07.2026 12:12:01 : EVT PMIC : PMIC Fast-charge constant voltage
#1198741 06.07.2026 12:12:01 : EVT PMIC : PMIC Fast-charge constant cur
#1198742 06.07.2026 12:12:01 : EVT PMIC : PMIC Fast-charge constant cur
#1198743 06.07.2026 12:12:01 : EVT WIFI : APs scanned:10
#1198744 06.07.2026 12:12:01 : WRN WIFI : No APs matched to connect
#1198745 06.07.2026 12:12:01 : EVT WIFI : Scann APs (2/3)
#1198746 06.07.2026 12:12:01 : EVT PMIC : PMIC Fast-charge constant cur
#1198747 06.07.2026 12:12:01 : EVT PMIC : PMIC Fast-charge constant cur
#1198748 06.07.2026 12:12:01 : EVT PMIC : PMIC Fast-charge constant voltage
#1198749 06.07.2026 12:12:01 : EVT PMIC : PMIC Fast-charge constant cur
#1198750 06.07.2026 12:12:01 : EVT PMIC : PMIC Fast-charge constant cur
#1198751 06.07.2026 12:12:01 : EVT PMIC : PMIC Fast-charge constant cur
#1198752 06.07.2026 12:12:01 : EVT PMIC : PMIC Fast-charge constant cur
#1198753 06.07.2026 12:12:01 : EVT PMIC : PMIC Fast-charge constant voltage
#1198754 06.07.2026 12:12:02 : EVT WIFI : APs scanned:10
#1198755 06.07.2026 12:12:02 : WRN WIFI : No APs matched to connect
#1198756 06.07.2026 12:12:02 : EVT WIFI : Scann APs (3/3)
#1198757 06.07.2026 12:12:02 : EVT PMIC : PMIC Fast-charge constant cur
#1198758 06.07.2026 12:12:02 : EVT PMIC : PMIC Fast-charge constant cur
#1198759 06.07.2026 12:12:02 : EVT PMIC : PMIC Fast-charge constant voltage
#1198760 06.07.2026 12:12:02 : EVT PMIC : PMIC Fast-charge constant cur
#1198761 06.07.2026 12:12:02 : EVT WIFI : APs scanned:8
#1198762 06.07.2026 12:12:02 : WRN WIFI : No APs matched to connect
#1198763 06.07.2026 12:12:02 : EVT WIFI : Internal connect ret:103
#1198764 06.07.2026 12:12:02 : ERR <Unknown> : DL GET resultCode=500
#1198765 06.07.2026 12:12:02 : EVT <Unknown> : DL try retry after 20000 ms
#1198766 06.07.2026 12:12:02 : EVT PMIC : PMIC Fast-charge constant voltage
#1198767 06.07.2026 12:12:05 : EVT PMIC : PMIC Fast-charge constant cur
#1198768 06.07.2026 12:12:05 : EVT PMIC : PMIC Fast-charge constant cur
#1198769 06.07.2026 12:12:05 : EVT PMIC : PMIC Fast-charge constant cur
#1198770 06.07.2026 12:12:05 : EVT PMIC : PMIC Fast-charge constant voltage
#1198771 06.07.2026 12:12:05 : TRC APPLICATION : Zapp climbl01 uninstalled
#1198772 06.07.2026 12:12:05 : EVT PMIC : PMIC Fast-charge constant cur
#1198773 06.07.2026 12:12:05 : EVT PMIC : PMIC Fast-charge constant cur
#1198774 06.07.2026 12:12:06 : EVT PMIC : PMIC Fast-charge constant cur
#1198775 06.07.2026 12:12:06 : EVT PMIC : PMIC Fast-charge constant cur
#1198776 06.07.2026 12:12:06 : EVT PMIC : PMIC Fast-charge constant cur
#1198777 06.07.2026 12:12:06 : EVT PMIC : PMIC Fast-charge constant cur
#1198778 06.07.2026 12:12:06 : EVT PMIC : PMIC Fast-charge constant cur
#1198779 06.07.2026 12:12:06 : EVT PMIC : PMIC Fast-charge constant voltage
#1198780 06.07.2026 12:12:06 : EVT PMIC : PMIC Fast-charge constant cur
#1198781 06.07.2026 12:12:06 : EVT PMIC : PMIC Fast-charge constant cur
#1198782 06.07.2026 12:12:06 : EVT PMIC : PMIC Fast-charge constant cur
#1198783 06.07.2026 12:12:06 : EVT PMIC : PMIC Fast-charge constant cur
#1198784 06.07.2026 12:12:06 : EVT PMIC : PMIC Fast-charge constant cur
#1198785 06.07.2026 12:12:06 : EVT PMIC : PMIC Fast-charge constant cur
#1198786 06.07.2026 12:12:06 : EVT PMIC : PMIC Fast-charge constant cur
#1198787 06.07.2026 12:12:06 : EVT PMIC : PMIC Fast-charge constant cur
#1198788 06.07.2026 12:12:06 : EVT PMIC : PMIC Fast-charge constant voltage
#1198789 06.07.2026 12:12:06 : EVT PMIC : PMIC Fast-charge constant cur
#1198790 06.07.2026 12:12:06 : EVT PMIC : PMIC Fast-charge constant cur
#1198791 06.07.2026 12:12:06 : EVT PMIC : PMIC Fast-charge constant voltage
#1198792 06.07.2026 12:12:06 : EVT PMIC : PMIC Fast-charge constant cur
#1198793 06.07.2026 12:12:06 : EVT PMIC : PMIC Fast-charge constant cur
#1198794 06.07.2026 12:12:06 : EVT PMIC : PMIC Fast-charge constant voltage
#1198795 06.07.2026 12:12:06 : EVT PMIC : PMIC Fast-charge constant cur
#1198796 06.07.2026 12:12:06 : EVT PMIC : PMIC Fast-charge constant cur
#1198797 06.07.2026 12:12:06 : EVT PMIC : PMIC Fast-charge constant voltage
#1198798 06.07.2026 12:12:06 : EVT PMIC : PMIC Precharge
#1198799 06.07.2026 12:12:06 : EVT PMIC : PMIC Fast-charge constant cur
#1198800 06.07.2026 12:12:07 : EVT PMIC : PMIC Fast-charge constant voltage
#1198801 06.07.2026 12:12:07 : EVT PMIC : PMIC Fast-charge constant cur
#1198802 06.07.2026 12:12:07 : EVT PMIC : PMIC Fast-charge constant cur
#1198803 06.07.2026 12:12:07 : EVT PMIC : PMIC Fast-charge constant cur
#1198804 06.07.2026 12:12:07 : EVT PMIC : PMIC Fast-charge constant cur
#1198805 06.07.2026 12:12:07 : EVT PMIC : PMIC Fast-charge constant cur
#1198806 06.07.2026 12:12:07 : EVT PMIC : PMIC Fast-charge constant voltage
#1198807 06.07.2026 12:12:07 : EVT PMIC : PMIC Fast-charge constant cur
#1198808 06.07.2026 12:12:07 : EVT PMIC : PMIC Fast-charge constant cur
#1198809 06.07.2026 12:12:07 : EVT PMIC : PMIC Fast-charge constant voltage
#1198810 06.07.2026 12:12:07 : ERR WBMAIN : *0: app 1777 Event 36 80005310
#1198811 06.07.2026 12:12:07 : ERR WBMAIN : 1: mea 71 Wait 0 00000000
#1198812 06.07.2026 12:12:07 : ERR WBMAIN : 2: ui 540 Wait 0 00000000
#1198813 06.07.2026 12:12:07 : EVT PMIC : PMIC Fast-charge constant cur
#1198814 06.07.2026 12:12:07 : EVT PMIC : PMIC Fast-charge constant cur
#1198815 06.07.2026 12:12:08 : EVT PMIC : PMIC Precharge
#1198816 06.07.2026 12:12:08 : EVT PMIC : PMIC Fast-charge constant cur
#1198817 06.07.2026 12:12:08 : EVT PMIC : PMIC Fast-charge constant voltage
#1198818 06.07.2026 12:12:08 : EVT PMIC : PMIC Fast-charge constant cur
#1198819 06.07.2026 12:12:08 : EVT PMIC : PMIC Fast-charge constant cur
#1198820 06.07.2026 12:12:08 : ERR WBMAIN : *0: app 742 Event 36 80005310
#1198821 06.07.2026 12:12:08 : ERR WBMAIN : 1: mea 19 Wait 0 00000000
#1198822 06.07.2026 12:12:08 : ERR WBMAIN : 2: ui 287 Wait 0 00000000
#1198823 06.07.2026 12:12:08 : EVT PMIC : PMIC Fast-charge constant voltage
#1198824 06.07.2026 12:12:08 : EVT PMIC : PMIC Fast-charge constant cur
#1198825 06.07.2026 12:12:08 : EVT PMIC : PMIC Fast-charge constant cur
#1198826 06.07.2026 12:12:08 : EVT PMIC : PMIC Fast-charge constant cur
#1198827 06.07.2026 12:12:08 : EVT PMIC : PMIC Fast-charge constant cur
#1198828 06.07.2026 12:12:08 : EVT PMIC : PMIC Fast-charge constant voltage
#1198829 06.07.2026 12:12:08 : EVT PMIC : PMIC Fast-charge constant cur
#1198830 06.07.2026 12:12:08 : EVT PMIC : PMIC Fast-charge constant voltage
#1198831 06.07.2026 12:12:08 : EVT PMIC : PMIC Fast-charge constant cur
#1198832 06.07.2026 12:12:09 : EVT PMIC : PMIC Fast-charge constant voltage
#1198833 06.07.2026 12:12:09 : EVT ANALYTICS : Sync start
#1198834 06.07.2026 12:12:09 : EVT PMIC : PMIC Fast-charge constant cur
#1198835 06.07.2026 12:12:09 : EVT PMIC : PMIC Fast-charge constant cur
#1198836 06.07.2026 12:12:09 : EVT PMIC : PMIC Fast-charge constant cur
#1198837 06.07.2026 12:12:09 : EVT PMIC : PMIC Fast-charge constant cur
#1198838 06.07.2026 12:12:09 : EVT PMIC : PMIC Fast-charge constant cur
#1198839 06.07.2026 12:12:09 : EVT PMIC : PMIC Fast-charge constant cur
#1198840 06.07.2026 12:12:09 : EVT PMIC : PMIC Fast-charge constant voltage
#1198841 06.07.2026 12:12:09 : EVT PMIC : PMIC Precharge
#1198842 06.07.2026 12:12:09 : EVT PMIC : PMIC Fast-charge constant cur
#1198843 06.07.2026 12:12:09 : EVT PMIC : PMIC Fast-charge constant cur
#1198844 06.07.2026 12:12:09 : EVT PMIC : PMIC Fast-charge constant cur
#1198845 06.07.2026 12:12:09 : EVT PMIC : PMIC Fast-charge constant voltage
#1198846 06.07.2026 12:12:09 : EVT PMIC : PMIC Fast-charge constant cur
#1198847 06.07.2026 12:12:09 : EVT ANALYTICS : Sync start
#1198848 06.07.2026 12:12:09 : EVT PMIC : PMIC Fast-charge constant voltage
#1198849 06.07.2026 12:12:09 : EVT PMIC : PMIC Fast-charge constant cur
#1198850 06.07.2026 12:12:09 : EVT PMIC : PMIC Fast-charge constant voltage
#1198851 06.07.2026 12:12:09 : EVT PMIC : PMIC Fast-charge constant cur
#1198852 06.07.2026 12:12:09 : EVT PMIC : PMIC Fast-charge constant cur
#1198853 06.07.2026 12:12:10 : EVT PMIC : PMIC Fast-charge constant voltage
#1198854 06.07.2026 12:12:15 : EVT WIFI : Pwr down idle wifi (TO:13se)
#1198855 06.07.2026 12:12:15 : EVT WIFI : pwr down OK
#1198856 06.07.2026 12:12:16 : EVT PMIC : PMIC Fast-charge constant cur
#1198857 06.07.2026 12:12:16 : EVT PMIC : PMIC Fast-charge constant voltage
#1198858 06.07.2026 12:12:16 : EVT PMIC : PMIC Fast-charge constant cur
#1198859 06.07.2026 12:12:16 : EVT PMIC : PMIC Fast-charge constant cur
#1198860 06.07.2026 12:12:16 : EVT PMIC : PMIC Fast-charge constant voltage
#1198861 06.07.2026 12:12:16 : EVT PMIC : PMIC Fast-charge constant cur
#1198862 06.07.2026 12:12:16 : EVT PMIC : PMIC Fast-charge constant voltage
#1198863 06.07.2026 12:12:17 : EVT PMIC : PMIC Fast-charge constant cur
#1198864 06.07.2026 12:12:17 : EVT PMIC : PMIC Fast-charge constant voltage
#1198865 06.07.2026 12:12:17 : EVT APPLICATION : Plugin climbl01.zip as type:[2]
#1198866 06.07.2026 12:12:17 : EVT PMIC : PMIC Fast-charge constant cur
#1198867 06.07.2026 12:12:17 : EVT PMIC : PMIC Fast-charge constant cur
#1198868 06.07.2026 12:12:17 : EVT PMIC : PMIC Fast-charge constant cur
#1198869 06.07.2026 12:12:17 : EVT PMIC : PMIC Fast-charge constant cur
#1198870 06.07.2026 12:12:17 : EVT PMIC : PMIC Fast-charge constant voltage
#1198871 06.07.2026 12:12:17 : EVT PMIC : PMIC Precharge
#1198872 06.07.2026 12:12:17 : EVT PMIC : PMIC Fast-charge constant cur
#1198873 06.07.2026 12:12:18 : EVT PMIC : PMIC Fast-charge constant cur
#1198874 06.07.2026 12:12:18 : EVT PMIC : PMIC Fast-charge constant voltage
#1198875 06.07.2026 12:12:18 : EVT PMIC : PMIC Fast-charge constant cur
#1198876 06.07.2026 12:12:18 : EVT PMIC : PMIC Fast-charge constant voltage
#1198877 06.07.2026 12:12:18 : EVT PMIC : PMIC Fast-charge constant cur
#1198878 06.07.2026 12:12:18 : EVT PMIC : PMIC Fast-charge constant cur
#1198879 06.07.2026 12:12:18 : EVT PMIC : PMIC Fast-charge constant voltage
#1198880 06.07.2026 12:12:18 : EVT PMIC : PMIC Fast-charge constant cur
#1198881 06.07.2026 12:12:18 : EVT PMIC : PMIC Fast-charge constant cur
#1198882 06.07.2026 12:12:18 : EVT PMIC : PMIC Fast-charge constant cur
#1198883 06.07.2026 12:12:18 : EVT PMIC : PMIC Fast-charge constant voltage
#1198884 06.07.2026 12:12:19 : EVT PMIC : PMIC Fast-charge constant cur
#1198885 06.07.2026 12:12:19 : EVT PMIC : PMIC Fast-charge constant voltage
#1198886 06.07.2026 12:12:19 : EVT PMIC : PMIC Fast-charge constant cur
#1198887 06.07.2026 12:12:19 : ERR WBMAIN : *0: app 1790 Event 36 80005310
#1198888 06.07.2026 12:12:19 : ERR WBMAIN : 1: mea 17 Wait 0 00000000
#1198889 06.07.2026 12:12:19 : ERR WBMAIN : 2: ui 343 Wait 0 00000000
#1198890 06.07.2026 12:12:19 : EVT PMIC : PMIC Fast-charge constant cur
#1198891 06.07.2026 12:12:19 : EVT PMIC : PMIC Fast-charge constant cur
#1198892 06.07.2026 12:12:19 : EVT PMIC : PMIC Fast-charge constant cur
#1198893 06.07.2026 12:12:19 : EVT PMIC : PMIC Fast-charge constant voltage
#1198894 06.07.2026 12:12:19 : EVT PMIC : PMIC Fast-charge constant cur
#1198895 06.07.2026 12:12:19 : EVT PMIC : PMIC Fast-charge constant voltage
#1198896 06.07.2026 12:12:19 : EVT PMIC : PMIC Fast-charge constant cur
#1198897 06.07.2026 12:12:19 : EVT PMIC : PMIC Fast-charge constant cur
#1198898 06.07.2026 12:12:20 : EVT PMIC : PMIC Fast-charge constant voltage
#1198899 06.07.2026 12:12:20 : EVT PMIC : PMIC Precharge
#1198900 06.07.2026 12:12:20 : EVT PMIC : PMIC Fast-charge constant cur
#1198901 06.07.2026 12:12:20 : EVT PMIC : PMIC Fast-charge constant voltage
#1198902 06.07.2026 12:12:20 : ERR WBMAIN : *0: app 838 Event 36 80005310
#1198903 06.07.2026 12:12:20 : ERR WBMAIN : 1: mea 20 Wait 0 00000000
#1198904 06.07.2026 12:12:20 : ERR WBMAIN : 2: ui 188 Wait 0 00000000
#1198905 06.07.2026 12:12:20 : EVT PMIC : PMIC Fast-charge constant cur
#1198906 06.07.2026 12:12:20 : EVT PMIC : PMIC Fast-charge constant voltage
#1198907 06.07.2026 12:12:20 : EVT PMIC : PMIC Fast-charge constant cur
#1198908 06.07.2026 12:12:20 : EVT PMIC : PMIC Fast-charge constant cur
#1198909 06.07.2026 12:12:20 : EVT PMIC : PMIC Fast-charge constant cur
#1198910 06.07.2026 12:12:20 : EVT PMIC : PMIC Fast-charge constant voltage
#1198911 06.07.2026 12:12:22 : EVT ANALYTICS : Sync start
#1198912 06.07.2026 12:12:22 : EVT PMIC : PMIC Fast-charge constant cur
#1198913 06.07.2026 12:12:22 : EVT PMIC : PMIC Fast-charge constant cur
#1198914 06.07.2026 12:12:22 : EVT PMIC : PMIC Fast-charge constant cur
#1198915 06.07.2026 12:12:22 : EVT PMIC : PMIC Precharge
#1198916 06.07.2026 12:12:22 : EVT PMIC : PMIC Fast-charge constant cur
#1198917 06.07.2026 12:12:22 : EVT PMIC : PMIC Fast-charge constant cur
#1198918 06.07.2026 12:12:22 : EVT PMIC : PMIC Fast-charge constant cur
#1198919 06.07.2026 12:12:22 : EVT PMIC : PMIC Fast-charge constant cur
#1198920 06.07.2026 12:12:22 : EVT PMIC : PMIC Fast-charge constant cur
#1198921 06.07.2026 12:12:22 : EVT ANALYTICS : Sync start
#1198922 06.07.2026 12:12:22 : EVT <Unknown> : DL Region List
#1198923 06.07.2026 12:12:22 : EVT WIFI : Pwr up
#1198924 06.07.2026 12:12:23 : EVT PMIC : PMIC Fast-charge constant voltage
#1198925 06.07.2026 12:12:23 : EVT PMIC : PMIC Precharge
#1198926 06.07.2026 12:12:23 : EVT PMIC : PMIC Fast-charge constant cur
#1198927 06.07.2026 12:12:23 : EVT PMIC : PMIC Fast-charge constant voltage
#1198928 06.07.2026 12:12:23 : EVT PMIC : PMIC Fast-charge constant cur
#1198929 06.07.2026 12:12:23 : EVT PMIC : PMIC Fast-charge constant cur
#1198930 06.07.2026 12:12:23 : EVT PMIC : PMIC Fast-charge constant cur
#1198931 06.07.2026 12:12:23 : EVT PMIC : PMIC Fast-charge constant cur
#1198932 06.07.2026 12:12:23 : EVT PMIC : PMIC Fast-charge constant cur
#1198933 06.07.2026 12:12:23 : EVT PMIC : PMIC Fast-charge constant cur
#1198934 06.07.2026 12:12:23 : EVT PMIC : PMIC Fast-charge constant voltage
#1198935 06.07.2026 12:12:23 : EVT PMIC : PMIC Fast-charge constant cur
#1198936 06.07.2026 12:12:23 : EVT PMIC : PMIC Fast-charge constant cur
#1198937 06.07.2026 12:12:23 : EVT PMIC : PMIC Fast-charge constant cur
#1198938 06.07.2026 12:12:23 : EVT PMIC : PMIC Fast-charge constant cur
#1198939 06.07.2026 12:12:23 : EVT PMIC : PMIC Fast-charge constant cur
#1198940 06.07.2026 12:12:23 : EVT PMIC : PMIC Fast-charge constant cur
#1198941 06.07.2026 12:12:23 : EVT PMIC : PMIC Fast-charge constant voltage
#1198942 06.07.2026 12:12:23 : EVT PMIC : PMIC Precharge
#1198943 06.07.2026 12:12:23 : EVT PMIC : PMIC Fast-charge constant cur
#1198944 06.07.2026 12:12:23 : EVT PMIC : PMIC Fast-charge constant cur
#1198945 06.07.2026 12:12:23 : EVT PMIC : PMIC Fast-charge constant cur
#1198946 06.07.2026 12:12:23 : EVT PMIC : PMIC Fast-charge constant voltage
#1198947 06.07.2026 12:12:23 : EVT PMIC : PMIC Fast-charge constant cur
#1198948 06.07.2026 12:12:23 : EVT PMIC : PMIC Fast-charge constant voltage
#1198949 06.07.2026 12:12:23 : EVT PMIC : PMIC Fast-charge constant cur
#1198950 06.07.2026 12:12:23 : EVT APPLICATION : Plugin climbl01.zip as type:[2]
#1198951 06.07.2026 12:12:23 : EVT PMIC : PMIC Fast-charge constant voltage
#1198952 06.07.2026 12:12:24 : EVT PMIC : PMIC Fast-charge constant cur
#1198953 06.07.2026 12:12:24 : EVT PMIC : PMIC Fast-charge constant voltage
#1198954 06.07.2026 12:12:24 : EVT PMIC : PMIC Precharge
#1198955 06.07.2026 12:12:24 : EVT PMIC : PMIC Fast-charge constant cur
#1198956 06.07.2026 12:12:24 : EVT PMIC : PMIC Fast-charge constant voltage
#1198957 06.07.2026 12:12:24 : EVT PMIC : PMIC Fast-charge constant cur
#1198958 06.07.2026 12:12:24 : EVT PMIC : PMIC Fast-charge constant cur
#1198959 06.07.2026 12:12:24 : EVT PMIC : PMIC Fast-charge constant voltage
#1198960 06.07.2026 12:12:24 : EVT PMIC : PMIC Fast-charge constant cur
#1198961 06.07.2026 12:12:24 : EVT PMIC : PMIC Fast-charge constant cur
#1198962 06.07.2026 12:12:24 : EVT PMIC : PMIC Fast-charge constant cur
#1198963 06.07.2026 12:12:24 : EVT PMIC : PMIC Fast-charge constant cur
#1198964 06.07.2026 12:12:24 : EVT PMIC : PMIC Fast-charge constant cur
#1198965 06.07.2026 12:12:24 : EVT PMIC : PMIC Fast-charge constant voltage
#1198966 06.07.2026 12:12:25 : EVT PMIC : PMIC Fast-charge constant cur
#1198967 06.07.2026 12:12:25 : EVT PMIC : PMIC Fast-charge constant cur
#1198968 06.07.2026 12:12:25 : EVT PMIC : PMIC Fast-charge constant cur
#1198969 06.07.2026 12:12:25 : EVT PMIC : PMIC Fast-charge constant cur
#1198970 06.07.2026 12:12:25 : EVT PMIC : PMIC Precharge
#1198971 06.07.2026 12:12:25 : EVT PMIC : PMIC Fast-charge constant cur
#1198972 06.07.2026 12:12:25 : EVT PMIC : PMIC Fast-charge constant voltage
#1198973 06.07.2026 12:12:25 : EVT PMIC : PMIC Fast-charge constant cur
#1198974 06.07.2026 12:12:25 : EVT PMIC : PMIC Fast-charge constant cur
#1198975 06.07.2026 12:12:25 : EVT PMIC : PMIC Fast-charge constant cur
#1198976 06.07.2026 12:12:25 : EVT PMIC : PMIC Fast-charge constant cur
#1198977 06.07.2026 12:12:25 : EVT PMIC : PMIC Fast-charge constant cur
#1198978 06.07.2026 12:12:25 : EVT PMIC : PMIC Precharge
#1198979 06.07.2026 12:12:25 : EVT PMIC : PMIC Fast-charge constant cur
#1198980 06.07.2026 12:12:25 : EVT PMIC : PMIC Fast-charge constant voltage
#1198981 06.07.2026 12:12:25 : EVT PMIC : PMIC Fast-charge constant cur
#1198982 06.07.2026 12:12:25 : EVT PMIC : PMIC Fast-charge constant cur
#1198983 06.07.2026 12:12:25 : EVT PMIC : PMIC Fast-charge constant cur
#1198984 06.07.2026 12:12:25 : EVT PMIC : PMIC Fast-charge constant cur
#1198985 06.07.2026 12:12:25 : EVT PMIC : PMIC Fast-charge constant cur
#1198986 06.07.2026 12:12:25 : EVT PMIC : PMIC Fast-charge constant cur
#1198987 06.07.2026 12:12:25 : EVT PMIC : PMIC Fast-charge constant voltage
#1198988 06.07.2026 12:12:25 : ERR WBMAIN : *0: app 1729 Event 36 80005310
#1198989 06.07.2026 12:12:25 : ERR WBMAIN : 1: mea 44 Wait 0 00000000
#1198990 06.07.2026 12:12:25 : ERR WBMAIN : 2: ui 667 Wait 0 00000000
#1198991 06.07.2026 12:12:25 : EVT PMIC : PMIC Fast-charge constant cur
#1198992 06.07.2026 12:12:25 : EVT PMIC : PMIC Fast-charge constant cur
#1198993 06.07.2026 12:12:25 : EVT PMIC : PMIC Fast-charge constant voltage
#1198994 06.07.2026 12:12:25 : EVT PMIC : PMIC Fast-charge constant cur
#1198995 06.07.2026 12:12:25 : EVT PMIC : PMIC Fast-charge constant cur
#1198996 06.07.2026 12:12:25 : EVT PMIC : PMIC Fast-charge constant voltage
#1198997 06.07.2026 12:12:25 : EVT PMIC : PMIC Fast-charge constant cur
#1198998 06.07.2026 12:12:26 : EVT PMIC : PMIC Fast-charge constant voltage
#1198999 06.07.2026 12:12:26 : EVT PMIC : PMIC Precharge
#1199000 06.07.2026 12:12:26 : EVT PMIC : PMIC Fast-charge constant cur
#1199001 06.07.2026 12:12:26 : EVT PMIC : PMIC Fast-charge constant voltage
#1199002 06.07.2026 12:12:26 : EVT PMIC : PMIC Fast-charge constant cur
#1199003 06.07.2026 12:12:26 : EVT PMIC : PMIC Fast-charge constant cur
#1199004 06.07.2026 12:12:26 : EVT PMIC : PMIC Fast-charge constant voltage
#1199005 06.07.2026 12:12:26 : EVT PMIC : PMIC Fast-charge constant cur
#1199006 06.07.2026 12:12:26 : EVT PMIC : PMIC Fast-charge constant voltage
#1199007 06.07.2026 12:12:26 : EVT PMIC : PMIC Fast-charge constant cur
#1199008 06.07.2026 12:12:26 : ERR WBMAIN : *0: app 815 Event 36 80005310
#1199009 06.07.2026 12:12:26 : ERR WBMAIN : 1: mea 18 Wait 0 00000000
#1199010 06.07.2026 12:12:26 : ERR WBMAIN : 2: ui 506 Wait 0 00000000
#1199011 06.07.2026 12:12:26 : EVT PMIC : PMIC Fast-charge constant voltage
#1199012 06.07.2026 12:12:26 : EVT PMIC : PMIC Fast-charge constant cur
#1199013 06.07.2026 12:12:26 : EVT PMIC : PMIC Fast-charge constant cur
#1199014 06.07.2026 12:12:26 : EVT PMIC : PMIC Fast-charge constant cur
#1199015 06.07.2026 12:12:26 : EVT PMIC : PMIC Fast-charge constant voltage
#1199016 06.07.2026 12:12:26 : EVT PMIC : PMIC Fast-charge constant cur
#1199017 06.07.2026 12:12:26 : EVT PMIC : PMIC Fast-charge constant cur
#1199018 06.07.2026 12:12:26 : EVT PMIC : PMIC Fast-charge constant voltage
#1199019 06.07.2026 12:12:26 : EVT PMIC : PMIC Fast-charge constant cur
#1199020 06.07.2026 12:12:26 : EVT PMIC : PMIC Fast-charge constant cur
#1199021 06.07.2026 12:12:27 : EVT PMIC : PMIC Fast-charge constant voltage
#1199022 06.07.2026 12:12:27 : EVT PMIC : PMIC Fast-charge constant cur
#1199023 06.07.2026 12:12:27 : EVT PMIC : PMIC Fast-charge constant cur
#1199024 06.07.2026 12:12:27 : EVT PMIC : PMIC Fast-charge constant cur
#1199025 06.07.2026 12:12:27 : EVT PMIC : PMIC Fast-charge constant voltage
#1199026 06.07.2026 12:12:27 : EVT PMIC : PMIC Fast-charge constant cur
#1199027 06.07.2026 12:12:27 : EVT PMIC : PMIC Precharge
#1199028 06.07.2026 12:12:27 : EVT PMIC : PMIC Fast-charge constant cur
#1199029 06.07.2026 12:12:27 : EVT PMIC : PMIC Fast-charge constant cur
#1199030 06.07.2026 12:12:27 : EVT ANALYTICS : Sync start
#1199031 06.07.2026 12:12:27 : EVT PMIC : PMIC Fast-charge constant cur
#1199032 06.07.2026 12:12:27 : EVT PMIC : PMIC Fast-charge constant cur
#1199033 06.07.2026 12:12:27 : EVT PMIC : PMIC Fast-charge constant cur
#1199034 06.07.2026 12:12:27 : EVT PMIC : PMIC Fast-charge constant voltage
#1199035 06.07.2026 12:12:27 : EVT ANALYTICS : Sync start
#1199036 06.07.2026 12:12:27 : EVT PMIC : PMIC Precharge
#1199037 06.07.2026 12:12:27 : EVT PMIC : PMIC Fast-charge constant cur
#1199038 06.07.2026 12:12:28 : EVT PMIC : PMIC Fast-charge constant cur
#1199039 06.07.2026 12:12:28 : EVT PMIC : PMIC Precharge
#1199040 06.07.2026 12:12:28 : EVT PMIC : PMIC Fast-charge constant cur
#1199041 06.07.2026 12:12:28 : EVT PMIC : PMIC Fast-charge constant voltage
#1199042 06.07.2026 12:12:28 : EVT PMIC : PMIC Fast-charge constant cur
#1199043 06.07.2026 12:12:28 : EVT PMIC : PMIC Fast-charge constant voltage
#1199044 06.07.2026 12:12:30 : EVT WIFI : pwr up
#1199045 06.07.2026 12:12:30 : EVT WIFI : SDK Ver(3.2.8.1)
#1199046 06.07.2026 12:12:30 : WRN WIFI : No APs matched to connect
#1199047 06.07.2026 12:12:30 : EVT WIFI : Scann APs (1/3)
#1199048 06.07.2026 12:12:30 : EVT PMIC : PMIC Fast-charge constant cur
#1199049 06.07.2026 12:12:30 : EVT PMIC : PMIC Fast-charge constant cur
#1199050 06.07.2026 12:12:30 : EVT PMIC : PMIC Fast-charge constant voltage
#1199051 06.07.2026 12:12:31 : EVT WIFI : APs scanned:16
#1199052 06.07.2026 12:12:31 : WRN WIFI : No APs matched to connect
#1199053 06.07.2026 12:12:31 : EVT WIFI : Scann APs (2/3)
#1199054 06.07.2026 12:12:32 : EVT WIFI : APs scanned:15
#1199055 06.07.2026 12:12:32 : WRN WIFI : No APs matched to connect
#1199056 06.07.2026 12:12:32 : EVT WIFI : Scann APs (3/3)
#1199057 06.07.2026 12:12:32 : EVT PMIC : PMIC Fast-charge constant cur
#1199058 06.07.2026 12:12:32 : EVT PMIC : PMIC Fast-charge constant voltage
#1199059 06.07.2026 12:12:33 : EVT WIFI : APs scanned:11
#1199060 06.07.2026 12:12:33 : WRN WIFI : No APs matched to connect
#1199061 06.07.2026 12:12:33 : EVT WIFI : Internal connect ret:103
#1199062 06.07.2026 12:12:33 : ERR <Unknown> : DL GET resultCode=500
#1199063 06.07.2026 12:12:33 : EVT <Unknown> : DL try retry after 40000 ms
#1199064 06.07.2026 12:12:46 : EVT WIFI : Pwr down idle wifi (TO:13se)
#1199065 06.07.2026 12:12:46 : EVT WIFI : pwr down OK
#1199066 06.07.2026 12:13:13 : EVT <Unknown> : DL Region List
#1199067 06.07.2026 12:13:13 : EVT PMIC : PMIC Fast-charge constant cur
#1199068 06.07.2026 12:13:13 : EVT PMIC : PMIC Fast-charge constant cur
#1199069 06.07.2026 12:13:13 : EVT PMIC : PMIC Fast-charge constant cur
#1199070 06.07.2026 12:13:13 : EVT PMIC : PMIC Fast-charge constant cur
#1199071 06.07.2026 12:13:13 : EVT WIFI : Pwr up
#1199072 06.07.2026 12:13:13 : EVT PMIC : PMIC Fast-charge constant voltage
#1199073 06.07.2026 12:13:19 : EVT WIFI : pwr up
#1199074 06.07.2026 12:13:19 : EVT WIFI : SDK Ver(3.2.8.1)
#1199075 06.07.2026 12:13:19 : EVT WIFI : Scann APs (1/3)
#1199076 06.07.2026 12:13:19 : EVT PMIC : PMIC Fast-charge constant cur
#1199077 06.07.2026 12:13:19 : EVT PMIC : PMIC Fast-charge constant cur
#1199078 06.07.2026 12:13:19 : EVT PMIC : PMIC Fast-charge constant cur
#1199079 06.07.2026 12:13:19 : EVT PMIC : PMIC Fast-charge constant voltage
#1199080 06.07.2026 12:13:20 : EVT PMIC : PMIC Fast-charge constant cur
#1199081 06.07.2026 12:13:20 : EVT PMIC : PMIC Fast-charge constant cur
#1199082 06.07.2026 12:13:20 : EVT PMIC : PMIC Fast-charge constant voltage
#1199083 06.07.2026 12:13:20 : EVT WIFI : APs scanned:14
#1199084 06.07.2026 12:13:20 : WRN WIFI : No APs matched to connect
#1199085 06.07.2026 12:13:20 : EVT WIFI : Scann APs (2/3)
#1199086 06.07.2026 12:13:20 : EVT PMIC : PMIC Fast-charge constant cur
#1199087 06.07.2026 12:13:20 : EVT PMIC : PMIC Fast-charge constant voltage
#1199088 06.07.2026 12:13:21 : EVT WIFI : APs scanned:13
#1199089 06.07.2026 12:13:21 : WRN WIFI : No APs matched to connect
#1199090 06.07.2026 12:13:21 : EVT WIFI : Scann APs (3/3)
#1199091 06.07.2026 12:13:21 : EVT PMIC : PMIC Fast-charge constant cur
#1199092 06.07.2026 12:13:21 : EVT PMIC : PMIC Fast-charge constant voltage
#1199093 06.07.2026 12:13:22 : EVT PMIC : PMIC Fast-charge constant cur
#1199094 06.07.2026 12:13:22 : EVT PMIC : PMIC Fast-charge constant cur
#1199095 06.07.2026 12:13:22 : EVT WIFI : APs scanned:12
#1199096 06.07.2026 12:13:22 : WRN WIFI : No APs matched to connect
#1199097 06.07.2026 12:13:22 : EVT WIFI : Internal connect ret:103
#1199098 06.07.2026 12:13:22 : ERR <Unknown> : DL GET resultCode=500
#1199099 06.07.2026 12:13:22 : EVT <Unknown> : DL try retry after 80000 ms
#1199100 06.07.2026 12:13:22 : EVT PMIC : PMIC Fast-charge constant voltage
#1199101 06.07.2026 12:13:35 : EVT WIFI : Pwr down idle wifi (TO:13se)
#1199102 06.07.2026 12:13:35 : EVT WIFI : pwr down OK
#1199103 06.07.2026 12:14:17 : EVT PMIC : PMIC temp zone:0x7
#1199104 06.07.2026 12:14:17 : EVT PMIC : VBUS state is OFF
#1199105 06.07.2026 12:14:17 : EVT PMIC : Turn charge OFF since VBUS->OFF
#1199106 06.07.2026 12:14:17 : EVT WBCOMM : Route lost: ECSD00000000
#1199107 06.07.2026 12:14:17 : TRC FUEL_GAUGE : Chg->0,B:5,C:57.2,V:4436,U:0,bF:98%,bC:98%
#1199108 06.07.2026 12:14:17 : EVT OHR : VBUS off
#1199109 06.07.2026 12:14:17 : EVT OHR : S:ON 0->1
#1199110 06.07.2026 12:14:17 : EVT ANALYTICS : Battery-> 1 soc:98
#1199111 06.07.2026 12:14:17 : EVT OHR : APPINIT:caps 0x1f4, 6b738616
#1199112 06.07.2026 12:14:17 : EVT <Unknown> : 1783332857804:AI@1783332857780, tz120
#1199113 06.07.2026 12:14:17 : EVT OHR : S:start 0x2123
#1199114 06.07.2026 12:14:17 : EVT <Unknown> : 1783332857810:Meas start 0x2123
#1199115 06.07.2026 12:14:18 : EVT <Unknown> : 1783332857824:PD1464, 0
#1199116 06.07.2026 12:14:18 : EVT <Unknown> : 1783332857888:GMV 20251126/1/4/0/395/46
#1199117 06.07.2026 12:14:18 : EVT <Unknown> : 1783332858142:Mi1.6.10, auth 0, hr_mode 0
#1199118 06.07.2026 12:14:19 : EVT <Unknown> : 1783332858393:On Skin Set.
#1199119 06.07.2026 12:14:23 : ERR <Unknown> : 1783332862408:Mi invalid call:100,code:0.
#1199120 06.07.2026 12:14:23 : EVT WBSTORAGE : CACHE_DEFRAG (536->808, 24->24, 25)
#1199121 06.07.2026 12:14:23 : EVT WBSTORAGE : CACHE_DEFRAG (784->792, 24->24, 25)
#1199122 06.07.2026 12:14:23 : EVT WBSTORAGE : CACHE_DEFRAG (776->848, 24->24, 25)
#1199123 06.07.2026 12:14:23 : TRC NAVIGATION : CG: no climb WP
#1199124 06.07.2026 12:14:23 : TRC NAVIGATION : CG:init ZoomType=0
#1199125 06.07.2026 12:14:23 : EVT NAVIGATION : initSeg Idx=0 D=1 T=0 3-0-4
#1199126 06.07.2026 12:14:24 : EVT WBSTORAGE : CACHE_DEFRAG (768->968, 24->24, 25)
#1199127 06.07.2026 12:14:24 : EVT ALTIFUSION : AltiBaroMode:0
#1199128 06.07.2026 12:14:24 : EVT APPLICATION : Zapp zwc05901:Disable
#1199129 06.07.2026 12:14:24 : EVT ANALYTICS : Zapp disabled i:3 h:ddb248f2 n:Vector classic
#1199130 06.07.2026 12:14:24 : EVT ANALYTICS : SleepQ:Tracking:On
#1199131 06.07.2026 12:14:24 : EVT ALTIFUSION : AltiBaroMode:0
#1199132 06.07.2026 12:14:24 : EVT WBSTORAGE : CACHE_DEFRAG (944->952, 24->24, 25)
#1199133 06.07.2026 12:14:24 : EVT UI_FRAMEWORK : JS nsto enable zapp: zzwethen
#1199134 06.07.2026 12:14:24 : EVT UI_FRAMEWORK : JS nsto enable zapp: zzmoveen
#1199135 06.07.2026 12:14:24 : EVT UI_FRAMEWORK : JS nsto enable zapp: climbl01
#1199136 06.07.2026 12:14:24 : EVT APPLICATION : Zapp zzwethen:Load script
#1199137 06.07.2026 12:14:24 : EVT APPLICATION : Zapp zzwethen:Enable
#1199138 06.07.2026 12:14:24 : EVT ANALYTICS : Zapp enabled i:8 h:3f77f8ec n:zzwethen v:ade
#1199139 06.07.2026 12:14:24 : EVT APPLICATION : Zapp clid:32878
#1199140 06.07.2026 12:14:24 : EVT APPLICATION : Zapp zzmoveen:Load script
#1199141 06.07.2026 12:14:24 : EVT APPLICATION : Zapp zzmoveen:Enable
#1199142 06.07.2026 12:14:24 : EVT ANALYTICS : Zapp enabled i:6 h:7aac0887 n:zzmoveen v:8e0
#1199143 06.07.2026 12:14:24 : EVT UI_FRAMEWORK : evalFile: b:/zapp/zzmoveen.fea/ext1.js from ui
#1199144 06.07.2026 12:14:24 : EVT APPLICATION : Zapp clid:32879
#1199145 06.07.2026 12:14:24 : EVT APPLICATION : Zapp climbl01:Load script
#1199146 06.07.2026 12:14:24 : EVT APPLICATION : Zapp climbl01:Enable
#1199147 06.07.2026 12:14:25 : EVT ANALYTICS : Zapp enabled i:5 h:a5e7afa5 n:climbl01 v:3.0
#1199148 06.07.2026 12:14:25 : EVT APPLICATION : Zapp clid:32880
#1199149 06.07.2026 12:14:25 : ERR WBMAIN : *0: app 559 Event 37 80995318
#1199150 06.07.2026 12:14:25 : ERR WBMAIN : 1: mea 5 Wait 0 00000000
#1199151 06.07.2026 12:14:25 : EVT UI_FRAMEWORK : JS nsto all zapps enabled.
#1199152 06.07.2026 12:14:25 : ERR WBMAIN : 2: ui 4 Wait 0 00000000
#1199153 06.07.2026 12:14:25 : EVT UI_FRAMEWORK : JS Prestart Activity Id: 16.000
#1199154 06.07.2026 12:14:25 : EVT GOMORE : GoMore Update User Info
#1199155 06.07.2026 12:14:25 : WRN WBAPI : eID-691468(277): /Dive/Alarms/Acknowledge 404
#1199156 06.07.2026 12:14:25 : WRN WBAPI : eID-691468(277): /Dive/DiveGases 404
#1199157 06.07.2026 12:14:25 : WRN WBAPI : eID-691468(277): /Dive/Gauge/Next 404
#1199158 06.07.2026 12:14:25 : EVT WBSTORAGE : CACHE_DEFRAG (904->912, 24->24, 25)
#1199159 06.07.2026 12:14:25 : EVT WBSTORAGE : CACHE_DEFRAG (840->848, 24->24, 25)
#1199160 06.07.2026 12:14:25 : EVT WBSTORAGE : CACHE_DEFRAG (776->784, 24->24, 25)
#1199161 06.07.2026 12:14:25 : EVT BLE : BLE Sensor Link 4800180D Conn (--E-:00:1)
#1199162 06.07.2026 12:14:25 : WRN BLE : sendConnect 6157
#1199163 06.07.2026 12:14:25 : EVT GPS : LocationProviderImpl:sub Best
#1199164 06.07.2026 12:14:25 : TRC GPS : Full GNSS data subd l:15 c:80160010
#1199165 06.07.2026 12:14:25 : WRN WBAPI : eID-691468(277): /Dive/TankPressure/Alarm/Count 404
#1199166 06.07.2026 12:14:25 : EVT SPEEDFUSION : INFO # start speed fusion
#1199167 06.07.2026 12:14:25 : EVT SPEEDFUSION : Act:16,Acc:0,BPod:0,FPod:0,PPod:0,BeltPod:1
#1199168 06.07.2026 12:14:25 : EVT SPEEDFUSION : INFO # Start algo without wrist acc
#1199169 06.07.2026 12:14:25 : EVT <Unknown> : Update pres sampl intrvl:1
#1199170 06.07.2026 12:14:25 : EVT OHR : S:start 0x21a3
#1199171 06.07.2026 12:14:26 : EVT UI_FRAMEWORK : evalFile: b:/zapp/climbl01.fea/ext12.js from ui
#1199172 06.07.2026 12:14:26 : EVT <Unknown> : 1783332865714:Meas start 0x21a3
#1199173 06.07.2026 12:14:26 : ERR APPLICATION : Zapp:relMemCb (exec:zapp)
#1199174 06.07.2026 12:14:26 : EVT APPLICATION : Zapp zzwethen:Disable
#1199175 06.07.2026 12:14:26 : EVT ANALYTICS : Zapp disabled i:8 h:3f77f8ec n:Weather
#1199176 06.07.2026 12:14:26 : ERR APPLICATION : Zapp 3:RelMem->unload
#1199177 06.07.2026 12:14:26 : ERR APPLICATION : Zapp:relMemCb (exec:zapp)
#1199178 06.07.2026 12:14:26 : EVT APPLICATION : Zapp zzmoveen:Disable
#1199179 06.07.2026 12:14:26 : EVT ANALYTICS : Zapp disabled i:6 h:7aac0887 n:Movement
#1199180 06.07.2026 12:14:26 : ERR APPLICATION : Zapp 3:RelMem->unload
#1199181 06.07.2026 12:14:26 : ERR APPLICATION : Zapp:relMemCb (exec:zapp)
#1199182 06.07.2026 12:14:26 : ERR APPLICATION : Zapp:RelMem->None avail
#1199183 06.07.2026 12:14:26 : ERR DUKTAPE : JSalloc:2056
#1199184 06.07.2026 12:14:26 : ERR APPLICATION : Zapp:relMemCb (exec:zapp)
#1199185 06.07.2026 12:14:26 : ERR APPLICATION : Zapp:RelMem->None avail
#1199186 06.07.2026 12:14:26 : ERR DUKTAPE : JSalloc:2056
#1199187 06.07.2026 12:14:26 : ERR APPLICATION : Zapp:relMemCb (exec:zapp)
#1199188 06.07.2026 12:14:26 : ERR APPLICATION : Zapp:RelMem->None avail
#1199189 06.07.2026 12:14:26 : ERR DUKTAPE : JSalloc:2056
#1199190 06.07.2026 12:14:26 : EVT OHR : S:start 0x2123
#1199191 06.07.2026 12:14:27 : EVT <Unknown> : 1783332866442:Meas start 0x2123
#1199192 06.07.2026 12:14:30 : EVT OHR : No HR update, invalidate by timer
#1199193 06.07.2026 12:14:34 : EVT OHR : new HR update
#1199194 06.07.2026 12:14:35 : EVT <Unknown> : 1783332874836:Off Skin Set.
#1199195 06.07.2026 12:14:35 : EVT BLE : lt,scan 1
#1199196 06.07.2026 12:14:35 : WRN BLE : sendDisconnect 6157
#1199197 06.07.2026 12:14:35 : ERR BLE : [AURA]No filters left, stopping scan
#1199198 06.07.2026 12:14:35 : ERR BLE : [AURA]Filter with handle 72 not found
#1199199 06.07.2026 12:14:35 : EVT BLE : packet 0 sensor found count 1
#1199200 06.07.2026 12:14:35 : EVT BLE : packet 0 sensor found count 2
#1199201 06.07.2026 12:14:37 : EVT PMIC : VBUS state is ON
#1199202 06.07.2026 12:14:37 : EVT PMIC : chgCntl1:0x70
#1199203 06.07.2026 12:14:37 : EVT PMIC : check chgCntl1:0x74
#1199204 06.07.2026 12:14:37 : EVT PMIC : Turn charge ON since VBUS->ON
#1199205 06.07.2026 12:14:37 : EVT PMIC : PMIC temp zone:0x2
#1199206 06.07.2026 12:14:37 : EVT PMIC : PMIC Fast-charge constant cur
#1199207 06.07.2026 12:14:37 : EVT PMIC : PMIC Fast-charge constant voltage
#1199208 06.07.2026 12:14:37 : EVT OHR : VBUS on
#1199209 06.07.2026 12:14:37 : EVT OHR : S:stop 23
#1199210 06.07.2026 12:14:37 : EVT <Unknown> : 1783332877419:Meas stop 0x2123
#1199211 06.07.2026 12:14:37 : EVT PMIC : VBUS state is ON
#1199212 06.07.2026 12:14:37 : WRN <Unknown> : 1783332877420:FSM EVT STOP.
#1199213 06.07.2026 12:14:37 : EVT OHR : S:OFF 1->0
#1199214 06.07.2026 12:14:38 : EVT PMIC : PMIC temp zone:0x7
#1199215 06.07.2026 12:14:38 : EVT PMIC : VBUS state is OFF
#1199216 06.07.2026 12:14:38 : EVT PMIC : Turn charge OFF since VBUS->OFF
#1199217 06.07.2026 12:14:38 : EVT OHR : VBUS off
#1199218 06.07.2026 12:14:38 : EVT OHR : S:ON 0->1
#1199219 06.07.2026 12:14:38 : WRN WBAPI : eID-691468(277): /Dive/TankPressure/Alarm/Count 404
#1199220 06.07.2026 12:14:38 : EVT OHR : APPINIT:caps 0x1f4, 6b738616
#1199221 06.07.2026 12:14:38 : EVT <Unknown> : 1783332878613:AI@1783332878590, tz120
#1199222 06.07.2026 12:14:38 : EVT OHR : S:start 0x21a3
#1199223 06.07.2026 12:14:38 : EVT <Unknown> : 1783332878618:Meas start 0x21a3
#1199224 06.07.2026 12:14:38 : EVT <Unknown> : 1783332878632:PD1464, 0
#1199225 06.07.2026 12:14:38 : EVT <Unknown> : 1783332878691:GMV 20251126/1/4/0/395/46
#1199226 06.07.2026 12:14:38 : EVT <Unknown> : 1783332878944:Mi1.6.10, auth 0, hr_mode 0
#1199227 06.07.2026 12:14:39 : EVT OHR : No HR update, invalidate by timer
#1199228 06.07.2026 12:14:39 : EVT ANALYTICS : #FusHr src:2 time:13624
#1199229 06.07.2026 12:14:40 : EVT <Unknown> : 1783332879872:On Skin Set.
#1199230 06.07.2026 12:14:41 : EVT LOGGER : HrIbiLogger stop, off (0 ms)
#1199231 06.07.2026 12:14:42 : EVT WBSTORAGE : CACHE_DEFRAG (696->848, 24->24, 25)
#1199232 06.07.2026 12:14:42 : EVT WBSTORAGE : CACHE_DEFRAG (832->840, 24->24, 25)
#1199233 06.07.2026 12:14:42 : TRC NAVIGATION : CG: no climb WP
#1199234 06.07.2026 12:14:42 : TRC NAVIGATION : CG:init ZoomType=0
#1199235 06.07.2026 12:14:42 : EVT NAVIGATION : initSeg Idx=0 D=1 T=0 3-0-4
#1199236 06.07.2026 12:14:42 : EVT WBSTORAGE : CACHE_DEFRAG (824->1048, 24->24, 25)
#1199237 06.07.2026 12:14:42 : EVT SPEEDFUSION : INFO # IDLE mode(-1) set
#1199238 06.07.2026 12:14:42 : EVT ALTIFUSION : AltiBaroMode:2
#1199239 06.07.2026 12:14:42 : EVT GPS : LocationProviderImpl:sub Passive
#1199240 06.07.2026 12:14:42 : TRC GPS : Full GNSS data subd l:0 c:80160010
#1199241 06.07.2026 12:14:42 : EVT APPLICATION : Zapp climbl01:Disable
#1199242 06.07.2026 12:14:42 : EVT ANALYTICS : Zapp disabled i:5 h:a5e7afa5 n:Climb Log
#1199243 06.07.2026 12:14:42 : EVT SPEEDFUSION : INFO # stop speed fusion
#1199244 06.07.2026 12:14:42 : EVT <Unknown> : Update pres sampl intrvl:5
#1199245 06.07.2026 12:14:42 : EVT ANALYTICS : SleepQ:Tracking:On
#1199246 06.07.2026 12:14:42 : EVT OHR : S:start 0x2123
#1199247 06.07.2026 12:14:42 : EVT WBSTORAGE : CACHE_DEFRAG (1024->1032, 24->24, 25)
#1199248 06.07.2026 12:14:42 : EVT <Unknown> : 1783332882316:Meas start 0x2123
#1199249 06.07.2026 12:14:43 : EVT BLE : Disconn sensor:1
#1199250 06.07.2026 12:14:43 : EVT BLE : BLE Sensor Link 4800180D Disc (L-E-:00:0)
#1199251 06.07.2026 12:14:43 : WRN BLE : sendDisconnect 6157
#1199252 06.07.2026 12:14:43 : ERR BLE : [AURA]No filters left, stopping scan
#1199253 06.07.2026 12:14:44 : EVT APPLICATION : Zapp zwc05901:Load script
#1199254 06.07.2026 12:14:44 : EVT APPLICATION : Zapp zwc05901:Enable
#1199255 06.07.2026 12:14:44 : EVT ANALYTICS : Zapp enabled i:3 h:ddb248f2 n:zwc05901 v:124f
#1199256 06.07.2026 12:14:44 : WRN WBAPI : eID-691468(277): /Weather/Current/ValidWeatherData.temp 
#1199257 06.07.2026 12:14:44 : ERR <Unknown> : 1783332883946:Mi invalid call:100,code:0.
#1199258 06.07.2026 12:14:46 : EVT WBSTORAGE : CACHE_DEFRAG (904->912, 24->24, 25)
#1199259 06.07.2026 12:14:46 : EVT WBSTORAGE : CACHE_DEFRAG (864->896, 24->24, 25)
#1199260 06.07.2026 12:14:46 : EVT WBSTORAGE : CACHE_DEFRAG (872->880, 24->24, 25)
#1199261 06.07.2026 12:14:46 : EVT WBSTORAGE : CACHE_DEFRAG (864->872, 24->24, 25)
#1199262 06.07.2026 12:14:46 : EVT WBSTORAGE : CACHE_DEFRAG (856->864, 24->24, 25)
#1199263 06.07.2026 12:14:46 : EVT WBSTORAGE : CACHE_DEFRAG (848->872, 24->24, 25)
#1199264 06.07.2026 12:14:46 : TRC NAVIGATION : CG: no climb WP
#1199265 06.07.2026 12:14:46 : TRC NAVIGATION : CG:init ZoomType=0
#1199266 06.07.2026 12:14:46 : EVT NAVIGATION : initSeg Idx=0 D=1 T=0 3-0-4
#1199267 06.07.2026 12:14:46 : EVT WBSTORAGE : CACHE_DEFRAG (792->968, 24->24, 25)
#1199268 06.07.2026 12:14:46 : EVT GPS : LocationProviderImpl:sub Best
#1199269 06.07.2026 12:14:46 : TRC GPS : Full GNSS data subd l:15 c:80160010
#1199270 06.07.2026 12:14:46 : EVT ALTIFUSION : AltiBaroMode:0
#1199271 06.07.2026 12:14:46 : EVT APPLICATION : Zapp zwc05901:Disable
#1199272 06.07.2026 12:14:46 : EVT ANALYTICS : Zapp disabled i:3 h:ddb248f2 n:Vector classic
#1199273 06.07.2026 12:14:46 : EVT GPS : LocationProviderImpl:sub Passive
#1199274 06.07.2026 12:14:46 : TRC GPS : Full GNSS data subd l:0 c:80160010
#1199275 06.07.2026 12:14:46 : EVT OHR : No HR update, invalidate by timer
#1199276 06.07.2026 12:14:47 : EVT ANALYTICS : SleepQ:Tracking:On
#1199277 06.07.2026 12:14:47 : EVT ALTIFUSION : AltiBaroMode:0
#1199278 06.07.2026 12:14:47 : EVT WBSTORAGE : CACHE_DEFRAG (944->952, 24->24, 25)
#1199279 06.07.2026 12:14:47 : EVT UI_FRAMEWORK : JS nsto enable zapp: zzwethen
#1199280 06.07.2026 12:14:47 : EVT UI_FRAMEWORK : JS nsto enable zapp: zzmoveen
#1199281 06.07.2026 12:14:47 : EVT UI_FRAMEWORK : JS nsto enable zapp: climbl01
#1199282 06.07.2026 12:14:47 : EVT APPLICATION : Zapp zzwethen:Load script
#1199283 06.07.2026 12:14:47 : EVT APPLICATION : Zapp zzwethen:Enable
#1199284 06.07.2026 12:14:47 : EVT ANALYTICS : Zapp enabled i:8 h:3f77f8ec n:zzwethen v:ade
#1199285 06.07.2026 12:14:47 : EVT APPLICATION : Zapp clid:32878
#1199286 06.07.2026 12:14:47 : EVT APPLICATION : Zapp zzmoveen:Load script
#1199287 06.07.2026 12:14:47 : EVT APPLICATION : Zapp zzmoveen:Enable
#1199288 06.07.2026 12:14:47 : EVT ANALYTICS : Zapp enabled i:6 h:7aac0887 n:zzmoveen v:8e0
#1199289 06.07.2026 12:14:47 : EVT UI_FRAMEWORK : evalFile: b:/zapp/zzmoveen.fea/ext1.js from ui
#1199290 06.07.2026 12:14:47 : EVT APPLICATION : Zapp clid:32879
#1199291 06.07.2026 12:14:47 : EVT APPLICATION : Zapp climbl01:Load script
#1199292 06.07.2026 12:14:47 : EVT APPLICATION : Zapp climbl01:Enable
#1199293 06.07.2026 12:14:47 : EVT ANALYTICS : Zapp enabled i:5 h:a5e7afa5 n:climbl01 v:3.0
#1199294 06.07.2026 12:14:47 : EVT APPLICATION : Zapp clid:32880
#1199295 06.07.2026 12:14:47 : EVT UI_FRAMEWORK : JS nsto all zapps enabled.
#1199296 06.07.2026 12:14:47 : ERR WBMAIN : *0: app 607 Event 37 80995318
#1199297 06.07.2026 12:14:47 : ERR WBMAIN : 1: mea 21 Wait 0 00000000
#1199298 06.07.2026 12:14:47 : ERR WBMAIN : 2: ui 34 Wait 0 00000000
#1199299 06.07.2026 12:14:47 : EVT UI_FRAMEWORK : JS Prestart Activity Id: 16.000
#1199300 06.07.2026 12:14:47 : WRN WBAPI : eID-691468(277): /Dive/Alarms/Acknowledge 404
#1199301 06.07.2026 12:14:48 : WRN WBAPI : eID-691468(277): /Dive/DiveGases 404
#1199302 06.07.2026 12:14:48 : WRN WBAPI : eID-691468(277): /Dive/Gauge/Next 404
#1199303 06.07.2026 12:14:48 : EVT WBSTORAGE : CACHE_DEFRAG (904->912, 24->24, 25)
#1199304 06.07.2026 12:14:48 : EVT WBSTORAGE : CACHE_DEFRAG (840->848, 24->24, 25)
#1199305 06.07.2026 12:14:48 : EVT WBSTORAGE : CACHE_DEFRAG (776->784, 24->24, 25)
#1199306 06.07.2026 12:14:48 : EVT BLE : BLE Sensor Link 4800180D Conn (--E-:00:1)
#1199307 06.07.2026 12:14:48 : WRN BLE : sendConnect 6157
#1199308 06.07.2026 12:14:48 : WRN WBAPI : eID-691468(277): /Dive/TankPressure/Alarm/Count 404
#1199309 06.07.2026 12:14:48 : EVT SPEEDFUSION : INFO # start speed fusion
#1199310 06.07.2026 12:14:48 : EVT SPEEDFUSION : Act:16,Acc:0,BPod:0,FPod:0,PPod:0,BeltPod:1
#1199311 06.07.2026 12:14:48 : EVT SPEEDFUSION : INFO # Start algo without wrist acc
#1199312 06.07.2026 12:14:48 : EVT <Unknown> : Update pres sampl intrvl:1
#1199313 06.07.2026 12:14:48 : EVT OHR : S:start 0x21a3
#1199314 06.07.2026 12:14:48 : EVT UI_FRAMEWORK : evalFile: b:/zapp/climbl01.fea/ext12.js from ui
#1199315 06.07.2026 12:14:49 : EVT <Unknown> : 1783332888815:Meas start 0x21a3
#1199316 06.07.2026 12:14:49 : WRN UI_FRAMEWORK : JsTotMem 132384/133120
#1199317 06.07.2026 12:14:52 : EVT TRAININGLAB : TLab:~Mode T 12738 + 63 A 3600 + 0
#1199318 06.07.2026 12:14:52 : EVT TRAININGLAB : TLab:Change mode 2->3
#1199319 06.07.2026 12:14:52 : WRN WBAPI : eID-691468(277): /Dive/Alarms/Acknowledge 404
#1199320 06.07.2026 12:14:52 : EVT TRAININGLAB : TLab:Mode::userInfo 60, 200, 1, 37, 182, 950, 1990
#1199321 06.07.2026 12:14:52 : WRN WBAPI : eID-691468(277): /Dive/DiveGases 404
#1199322 06.07.2026 12:14:52 : WRN WBAPI : eID-691468(277): /Dive/Gauge/Next 404
#1199323 06.07.2026 12:14:52 : EVT LOGGER : Log space:30542826 bytes free
#1199324 06.07.2026 12:14:52 : EVT TRAININGLAB : ModeUnsub:2800
#1199325 06.07.2026 12:14:52 : EVT TRAININGLAB : ModeSub:9004
#1199326 06.07.2026 12:14:52 : EVT TRAININGLAB : TLab:Select input 0
#1199327 06.07.2026 12:14:52 : EVT TRAININGLAB : TLab:Active input 0
#1199328 06.07.2026 12:14:52 : EVT LOGGER : Exercise started
#1199329 06.07.2026 12:14:52 : EVT BLE : HR RR on (119531939)
#1199330 06.07.2026 12:14:52 : TRC GPS : Full GNSS data subd l:0 c:802b0000
#1199331 06.07.2026 12:14:53 : EVT OHR : No HR update, invalidate by timer
#1199332 06.07.2026 12:14:54 : EVT ANALYTICS : Battery-> 3 soc:98
#1199333 06.07.2026 12:14:54 : EVT ANALYTICS : #FusHr src:0 time:0
#1199334 06.07.2026 12:14:54 : EVT ANALYTICS : #Act id:16
#1199335 06.07.2026 12:14:54 : EVT ANALYTICS : #powersave mode:p temp:29.4
#1199336 06.07.2026 12:14:54 : EVT ANALYTICS : GPSMODE:NOTUSED
#1199337 06.07.2026 12:14:54 : EVT ANALYTICS : #gnss d:2026-07-06T00:00:00Z
#1199338 06.07.2026 12:14:55 : EVT ANALYTICS : #zapp n:Weather e:1
#1199339 06.07.2026 12:14:55 : EVT ANALYTICS : #zapp n:Movement e:1
#1199340 06.07.2026 12:14:55 : EVT ANALYTICS : #zapp n:Climb Log e:1
#1199341 06.07.2026 12:14:55 : EVT OHR : new HR update
#1199342 06.07.2026 12:14:58 : EVT BLE : lt,scan 1
#1199343 06.07.2026 12:14:58 : WRN BLE : sendDisconnect 6157
#1199344 06.07.2026 12:14:58 : ERR BLE : [AURA]No filters left, stopping scan
#1199345 06.07.2026 12:14:58 : ERR BLE : [AURA]Filter with handle 72 not found
#1199346 06.07.2026 12:14:58 : EVT BLE : packet 0 sensor found count 1
#1199347 06.07.2026 12:14:58 : EVT BLE : packet 0 sensor found count 2
#1199348 06.07.2026 12:15:00 : EVT ANALYTICS : #ws AID:16 BM:1 NS:0 SP:3 ZN:0 TG:0 BL:0 GPS:0
#1199349 06.07.2026 12:15:00 : EVT ANALYTICS : #2ws AID:16 WHR:1 INT:0 AL:0 AP:0 FE:1 MC:1 TH:0
#1199350 06.07.2026 12:15:03 : EVT ANALYTICS : #FusHr src:2 time:10980
#1199351 06.07.2026 12:15:03 : EVT TRAININGLAB : Tlab:HR src is 2
#1199352 06.07.2026 12:15:03 : EVT ANALYTICS : #FusHr src:2 time:0
#1199353 06.07.2026 12:15:03 : EVT TRAININGLAB : TLab:Active input 1
#1199354 06.07.2026 12:15:04 : EVT <Unknown> : 1783332904315:Off Skin Set.
#1199355 06.07.2026 12:15:05 : EVT PMIC : VBUS state is ON
#1199356 06.07.2026 12:15:05 : EVT PMIC : chgCntl1:0x70
#1199357 06.07.2026 12:15:05 : EVT PMIC : check chgCntl1:0x74
#1199358 06.07.2026 12:15:05 : EVT PMIC : Turn charge ON since VBUS->ON
#1199359 06.07.2026 12:15:05 : EVT PMIC : PMIC temp zone:0x2
#1199360 06.07.2026 12:15:05 : EVT PMIC : PMIC Fast-charge constant cur
#1199361 06.07.2026 12:15:05 : EVT OHR : VBUS on
#1199362 06.07.2026 12:15:05 : EVT OHR : S:stop a3
#1199363 06.07.2026 12:15:05 : EVT <Unknown> : 1783332905830:Meas stop 0x21a3
#1199364 06.07.2026 12:15:05 : EVT PMIC : PMIC Fast-charge constant voltage
#1199365 06.07.2026 12:15:05 : WRN <Unknown> : 1783332905830:FSM EVT STOP.
#1199366 06.07.2026 12:15:05 : EVT OHR : S:OFF 1->0
#1199367 06.07.2026 12:15:05 : EVT PMIC : VBUS state is ON
#1199368 06.07.2026 12:15:07 : EVT PMIC : PMIC temp zone:0x7
#1199369 06.07.2026 12:15:07 : EVT PMIC : VBUS state is OFF
#1199370 06.07.2026 12:15:07 : EVT PMIC : Turn charge OFF since VBUS->OFF
#1199371 06.07.2026 12:15:07 : EVT OHR : VBUS off
#1199372 06.07.2026 12:15:07 : EVT OHR : S:ON 0->1
#1199373 06.07.2026 12:15:07 : WRN WBAPI : eID-691468(277): /Dive/Alarms/Acknowledge 404
#1199374 06.07.2026 12:15:07 : WRN WBAPI : eID-691468(277): /Dive/DiveGases 404
#1199375 06.07.2026 12:15:07 : WRN WBAPI : eID-691468(277): /Dive/Gauge/Next 404
#1199376 06.07.2026 12:15:07 : EVT OHR : APPINIT:caps 0x1f4, 6b738616
#1199377 06.07.2026 12:15:07 : EVT <Unknown> : 1783332907465:AI@1783332907440, tz120
#1199378 06.07.2026 12:15:07 : EVT OHR : S:start 0x21a3
#1199379 06.07.2026 12:15:07 : EVT <Unknown> : 1783332907471:Meas start 0x21a3
#1199380 06.07.2026 12:15:07 : EVT <Unknown> : 1783332907485:PD1464, 0
#1199381 06.07.2026 12:15:07 : EVT <Unknown> : 1783332907543:GMV 20251126/1/4/0/395/46
#1199382 06.07.2026 12:15:07 : EVT <Unknown> : 1783332907797:Mi1.6.10, auth 0, hr_mode 0
#1199383 06.07.2026 12:15:08 : EVT <Unknown> : 1783332908224:On Skin Set.
#1199384 06.07.2026 12:15:09 : EVT OHR : No HR update, invalidate by timer
#1199385 06.07.2026 12:15:12 : ERR <Unknown> : 1783332912237:Mi invalid call:100,code:0.
#1199386 06.07.2026 12:15:14 : EVT LOGGER : LGR 934, 80
#1199387 06.07.2026 12:15:14 : WRN WBAPI : eID-691468(277): /Dive/Alarms/Acknowledge 404
#1199388 06.07.2026 12:15:14 : WRN WBAPI : eID-691468(277): /Dive/DiveGases 404
#1199389 06.07.2026 12:15:14 : WRN WBAPI : eID-691468(277): /Dive/Gauge/Next 404
#1199390 06.07.2026 12:15:14 : EVT LOGGER : LGR 934, 80
#1199391 06.07.2026 12:15:15 : EVT LOGGER : LGR 934, 80
#1199392 06.07.2026 12:15:15 : EVT UI_FRAMEWORK : evalFile: b:/zapp/climbl01.fea/ext10.js from ui
#1199393 06.07.2026 12:15:16 : WRN WBAPI : eID-691468(277): /Dive/Alarms/Acknowledge 404
#1199394 06.07.2026 12:15:16 : WRN WBAPI : eID-691468(277): /Dive/DiveGases 404
#1199395 06.07.2026 12:15:16 : WRN WBAPI : eID-691468(277): /Dive/Gauge/Next 404
#1199396 06.07.2026 12:15:16 : EVT LOGGER : LGR 934, 80
#1199397 06.07.2026 12:15:16 : WRN WBAPI : eID-691468(277): /Dive/Alarms/Acknowledge 404
#1199398 06.07.2026 12:15:16 : WRN WBAPI : eID-691468(277): /Dive/DiveGases 404
#1199399 06.07.2026 12:15:16 : WRN WBAPI : eID-691468(277): /Dive/Gauge/Next 404
#1199400 06.07.2026 12:15:17 : EVT LOGGER : LGR 934, 80
#1199401 06.07.2026 12:15:18 : WRN WBAPI : eID-691468(277): /Dive/Alarms/Acknowledge 404
#1199402 06.07.2026 12:15:18 : WRN WBAPI : eID-691468(277): /Dive/DiveGases 404
#1199403 06.07.2026 12:15:18 : WRN WBAPI : eID-691468(277): /Dive/Gauge/Next 404
#1199404 06.07.2026 12:15:20 : EVT UI_FRAMEWORK : evalFile: b:/zapp/climbl01.fea/ext11.js from ui
#1199405 06.07.2026 12:15:20 : EVT LOGGER : Exercise paused
#1199406 06.07.2026 12:15:21 : EVT <Unknown> : 1783332921898:Off Skin Set.
#1199407 06.07.2026 12:15:24 : EVT PMIC : VBUS state is ON
#1199408 06.07.2026 12:15:24 : EVT PMIC : chgCntl1:0x70
#1199409 06.07.2026 12:15:24 : EVT PMIC : check chgCntl1:0x74
#1199410 06.07.2026 12:15:24 : EVT PMIC : Turn charge ON since VBUS->ON
#1199411 06.07.2026 12:15:24 : EVT PMIC : PMIC temp zone:0x2
#1199412 06.07.2026 12:15:24 : EVT PMIC : PMIC Fast-charge constant cur
#1199413 06.07.2026 12:15:24 : EVT OHR : VBUS on
#1199414 06.07.2026 12:15:24 : EVT OHR : S:stop a3
#1199415 06.07.2026 12:15:24 : EVT <Unknown> : 1783332924739:Meas stop 0x21a3
#1199416 06.07.2026 12:15:24 : WRN <Unknown> : 1783332924740:FSM EVT STOP.
#1199417 06.07.2026 12:15:24 : EVT OHR : S:OFF 1->0
#1199418 06.07.2026 12:15:24 : EVT PMIC : PMIC Fast-charge constant voltage
#1199419 06.07.2026 12:15:24 : EVT PMIC : VBUS state is ON
#1199420 06.07.2026 12:15:25 : EVT PMIC : PMIC temp zone:0x7
#1199421 06.07.2026 12:15:25 : EVT OHR : No HR update, invalidate by timer
#1199422 06.07.2026 12:15:25 : EVT PMIC : VBUS state is OFF
#1199423 06.07.2026 12:15:25 : EVT PMIC : Turn charge OFF since VBUS->OFF
#1199424 06.07.2026 12:15:25 : EVT OHR : VBUS off
#1199425 06.07.2026 12:15:25 : EVT OHR : S:ON 0->1
#1199426 06.07.2026 12:15:25 : WRN WBAPI : eID-691468(277): /Dive/Alarms/Acknowledge 404
#1199427 06.07.2026 12:15:25 : WRN WBAPI : eID-691468(277): /Dive/DiveGases 404
#1199428 06.07.2026 12:15:25 : WRN WBAPI : eID-691468(277): /Dive/Gauge/Next 404
#1199429 06.07.2026 12:15:25 : ERR APPLICATION : Zapp:relMemCb (exec:ui)
#1199430 06.07.2026 12:15:25 : EVT APPLICATION : Zapp zzwethen:Disable
#1199431 06.07.2026 12:15:25 : EVT ANALYTICS : Zapp disabled i:8 h:3f77f8ec n:Weather
#1199432 06.07.2026 12:15:25 : ERR APPLICATION : Zapp 3:RelMem->unload
#1199433 06.07.2026 12:15:25 : EVT OHR : APPINIT:caps 0x1f4, 6b738616
#1199434 06.07.2026 12:15:25 : ERR APPLICATION : Zapp:relMemCb (exec:ui)
#1199435 06.07.2026 12:15:25 : EVT APPLICATION : Zapp zzmoveen:Disable
#1199436 06.07.2026 12:15:25 : EVT <Unknown> : 1783332925894:AI@1783332925860, tz120
#1199437 06.07.2026 12:15:25 : EVT OHR : S:start 0x21a3
#1199438 06.07.2026 12:15:25 : EVT <Unknown> : 1783332925903:Meas start 0x21a3
#1199439 06.07.2026 12:15:25 : EVT ANALYTICS : Zapp disabled i:6 h:7aac0887 n:Movement
#1199440 06.07.2026 12:15:25 : ERR APPLICATION : Zapp 3:RelMem->unload
#1199441 06.07.2026 12:15:25 : ERR APPLICATION : Zapp:relMemCb (exec:ui)
#1199442 06.07.2026 12:15:25 : EVT APPLICATION : Zapp climbl01:Disable
#1199443 06.07.2026 12:15:25 : EVT ANALYTICS : Zapp disabled i:5 h:a5e7afa5 n:Climb Log
#1199444 06.07.2026 12:15:25 : ERR APPLICATION : Zapp 3:RelMem->unload
#1199445 06.07.2026 12:15:26 : EVT <Unknown> : 1783332925917:PD1464, 0
#1199446 06.07.2026 12:15:26 : EVT <Unknown> : 1783332925983:GMV 20251126/1/4/0/395/46
#1199447 06.07.2026 12:15:26 : EVT <Unknown> : 1783332926236:Mi1.6.10, auth 0, hr_mode 0
#1199448 06.07.2026 12:15:27 : EVT <Unknown> : 1783332927032:On Skin Set.
#1199449 06.07.2026 12:15:31 : ERR <Unknown> : 1783332931045:Mi invalid call:100,code:0.
#1199450 06.07.2026 12:15:32 : EVT UI_FRAMEWORK : JS discard disable zapps
#1199451 06.07.2026 12:15:32 : EVT UI_FRAMEWORK : JS will discard
#1199452 06.07.2026 12:15:32 : EVT SPEEDFUSION : INFO # stop speed fusion
#1199453 06.07.2026 12:15:32 : EVT <Unknown> : Update pres sampl intrvl:5
#1199454 06.07.2026 12:15:32 : WRN APPLICATION : discard hrr meas l:3 d:0 sh:0 mh:0 v:0
#1199455 06.07.2026 12:15:32 : WRN WBAPI : eID-698eec(583/65535): 404
#1199456 06.07.2026 12:15:32 : EVT TRAININGZONE : User Define Mode:5
#1199457 06.07.2026 12:15:32 : EVT TRAININGZONE : Tss HR:0.15
#1199458 06.07.2026 12:15:32 : EVT TRAININGZONE : A:16,Tss:[-200.00,-200.00,-200.00,0.15]
#1199459 06.07.2026 12:15:32 : EVT TRAININGLAB : AppFeature Vo2Max 0.000000
#1199460 06.07.2026 12:15:32 : EVT TRAININGLAB : TLab:~Mode T 12801 + 8 A 3600 + 0
#1199461 06.07.2026 12:15:32 : EVT TRAININGLAB : TLab:Change mode 3->2
#1199462 06.07.2026 12:15:32 : EVT TRAININGLAB : TLab:Mode::userInfo 60, 200, 1, 37, 182, 950, 1990
#1199463 06.07.2026 12:15:32 : EVT LOGGER : LGR 934, 80
#1199464 06.07.2026 12:15:32 : EVT TRAININGLAB : ModeUnsub:9145
#1199465 06.07.2026 12:15:32 : EVT OHR : S:start 0x2123
#1199466 06.07.2026 12:15:32 : EVT TRAININGLAB : ModeSub:0400
#1199467 06.07.2026 12:15:32 : EVT ANALYTICS : WAOae:Activity WAOae:16
#1199468 06.07.2026 12:15:32 : EVT ANALYTICS : WAOae:TotalAcc WAOae:0,0,0
#1199469 06.07.2026 12:15:32 : EVT ANALYTICS : WAOae:AccCount WAOae:0,0,0
#1199470 06.07.2026 12:15:32 : EVT ANALYTICS : WAOae:Distance WAOae:0,0,0
#1199471 06.07.2026 12:15:32 : EVT ANALYTICS : WAOae:Duration WAOae:0,0,0
#1199472 06.07.2026 12:15:32 : EVT ANALYTICS : WAOae:Coeff WAOae:0,40,122,272,773,7524,7624
#1199473 06.07.2026 12:15:32 : EVT LOGGER : Exercise stopped
#1199474 06.07.2026 12:15:32 : EVT BLE : HR RR off (119571526, 39587 ms missing)
#1199475 06.07.2026 12:15:32 : EVT BLE : HR RR done
#1199476 06.07.2026 12:15:32 : EVT LOGGER : HrIbiLogger stop, off (0 ms)
#1199477 06.07.2026 12:15:32 : EVT LOGGER : HrIbiLogger stopped (0 ms)
#1199478 06.07.2026 12:15:32 : TRC GPS : Unsubd c:802b0000
#1199479 06.07.2026 12:15:32 : EVT LOGGER : LGR 934, 80
#1199480 06.07.2026 12:15:32 : EVT LOGGER : LGR 934, 80
#1199481 06.07.2026 12:15:32 : EVT ANALYTICS : SleepQ:Tracking:On
#1199482 06.07.2026 12:15:32 : EVT LOGGER : Wr dpc on
#1199483 06.07.2026 12:15:32 : EVT LOGGER : LGR 20993, 56
#1199484 06.07.2026 12:15:32 : EVT <Unknown> : 1783332932282:Meas start 0x2123
#1199485 06.07.2026 12:15:33 : EVT BLE : Disconn sensor:1
#1199486 06.07.2026 12:15:33 : EVT BLE : BLE Sensor Link 4800180D Disc (L-E-:00:0)
#1199487 06.07.2026 12:15:33 : WRN BLE : sendDisconnect 6157
#1199488 06.07.2026 12:15:33 : ERR BLE : [AURA]No filters left, stopping scan
#1199489 06.07.2026 12:15:34 : EVT ANALYTICS : #powersave mode:p temp:29.5
#1199490 06.07.2026 12:15:34 : EVT ANALYTICS : Battery-> 4 soc:98
#1199491 06.07.2026 12:15:35 : EVT UI_FRAMEWORK : JS feeling vs idle 1
#1199492 06.07.2026 12:15:35 : EVT WBSTORAGE : CACHE_DEFRAG (696->712, 24->24, 25)
#1199493 06.07.2026 12:15:36 : EVT UI_FRAMEWORK : JS feeling open ex-saving
#1199494 06.07.2026 12:15:36 : EVT WBSTORAGE : CACHE_DEFRAG (472->792, 24->24, 25)
#1199495 06.07.2026 12:15:36 : EVT WBSTORAGE : CACHE_DEFRAG (776->784, 24->24, 25)
#1199496 06.07.2026 12:15:36 : TRC NAVIGATION : CG: no climb WP
#1199497 06.07.2026 12:15:36 : TRC NAVIGATION : CG:init ZoomType=0
#1199498 06.07.2026 12:15:36 : EVT NAVIGATION : initSeg Idx=0 D=1 T=0 3-0-4
#1199499 06.07.2026 12:15:36 : EVT WBSTORAGE : CACHE_DEFRAG (768->1048, 24->24, 25)
#1199500 06.07.2026 12:15:36 : EVT SPEEDFUSION : INFO # IDLE mode(-1) set
#1199501 06.07.2026 12:15:36 : EVT ALTIFUSION : AltiBaroMode:2
#1199502 06.07.2026 12:15:36 : ERR WBMAIN : *0: app 964 Event 37 8099031c
#1199503 06.07.2026 12:15:36 : ERR WBMAIN : 1: mea 0 Wait 0 00000000
#1199504 06.07.2026 12:15:36 : ERR WBMAIN : 2: ui 0 Wait 0 00000000
#1199505 06.07.2026 12:15:37 : EVT OHR : No HR update, invalidate by timer
#1199506 06.07.2026 12:15:39 : EVT ANALYTICS : Duration ExSaving:3643
#1199507 06.07.2026 12:15:40 : EVT ANALYTICS : Duration ExSumBroker:368
#1199508 06.07.2026 12:15:43 : EVT OHR : new HR update
#1199509 06.07.2026 12:15:45 : EVT UI_FRAMEWORK : JS delete log
#1199510 06.07.2026 12:15:45 : WRN LOGGER : Delete b:logs/6A4B801C
#1199511 06.07.2026 12:15:47 : EVT WBSTORAGE : CACHE_DEFRAG (1024->1032, 24->24, 25)
#1199512 06.07.2026 12:15:47 : EVT APPLICATION : Zapp zwc05901:Load script
#1199513 06.07.2026 12:15:47 : EVT APPLICATION : Zapp zwc05901:Enable
#1199514 06.07.2026 12:15:47 : EVT ANALYTICS : Zapp enabled i:3 h:ddb248f2 n:zwc05901 v:124f
#1199515 06.07.2026 12:15:47 : WRN WBAPI : eID-691468(277): /Weather/Current/ValidWeatherData.temp 
#1199516 06.07.2026 12:15:50 : EVT OHR : No HR update, invalidate by timer
#1199517 06.07.2026 12:15:50 : EVT OHR : new HR update
#1199518 06.07.2026 12:15:53 : EVT <Unknown> : 1783332953537:Off Skin Set.
#1199519 06.07.2026 12:15:58 : EVT OHR : No HR update, invalidate by timer
#1199520 06.07.2026 12:16:08 : EVT PMIC : PMIC temp zone:0x2
#1199521 06.07.2026 12:16:09 : EVT PMIC : VBUS state is ON
#1199522 06.07.2026 12:16:09 : EVT PMIC : chgCntl1:0x70
#1199523 06.07.2026 12:16:09 : EVT PMIC : check chgCntl1:0x74
#1199524 06.07.2026 12:16:09 : EVT PMIC : Turn charge ON since VBUS->ON
#1199525 06.07.2026 12:16:09 : EVT PMIC : PMIC Fast-charge constant cur
#1199526 06.07.2026 12:16:09 : EVT OHR : VBUS on
#1199527 06.07.2026 12:16:09 : EVT OHR : S:stop 23
#1199528 06.07.2026 12:16:09 : EVT <Unknown> : 1783332969110:Meas stop 0x2123
#1199529 06.07.2026 12:16:09 : EVT PMIC : PMIC Fast-charge constant voltage
#1199530 06.07.2026 12:16:09 : WRN <Unknown> : 1783332969110:FSM EVT STOP.
#1199531 06.07.2026 12:16:09 : EVT OHR : S:OFF 1->0
#1199532 06.07.2026 12:16:09 : EVT PMIC : VBUS state is ON
#1199533 06.07.2026 12:16:11 : EVT PMIC : PMIC temp zone:0x7
#1199534 06.07.2026 12:16:11 : EVT PMIC : VBUS state is OFF
#1199535 06.07.2026 12:16:11 : EVT PMIC : Turn charge OFF since VBUS->OFF
#1199536 06.07.2026 12:16:11 : EVT OHR : VBUS off
#1199537 06.07.2026 12:16:11 : EVT OHR : S:ON 0->1
#1199538 06.07.2026 12:16:12 : EVT OHR : APPINIT:caps 0x1f4, 6b738616
#1199539 06.07.2026 12:16:12 : EVT <Unknown> : 1783332972134:AI@1783332972110, tz120
#1199540 06.07.2026 12:16:12 : EVT OHR : S:start 0x2123
#1199541 06.07.2026 12:16:12 : EVT <Unknown> : 1783332972139:Meas start 0x2123
#1199542 06.07.2026 12:16:12 : EVT <Unknown> : 1783332972161:PD1464, 0
#1199543 06.07.2026 12:16:12 : EVT <Unknown> : 1783332972221:GMV 20251126/1/4/0/395/46
#1199544 06.07.2026 12:16:12 : EVT <Unknown> : 1783332972479:Mi1.6.10, auth 0, hr_mode 0
#1199545 06.07.2026 12:16:13 : EVT PMIC : VBUS state is ON
#1199546 06.07.2026 12:16:13 : EVT PMIC : chgCntl1:0x70
#1199547 06.07.2026 12:16:13 : EVT PMIC : check chgCntl1:0x74
#1199548 06.07.2026 12:16:13 : EVT PMIC : Turn charge ON since VBUS->ON
#1199549 06.07.2026 12:16:13 : EVT PMIC : PMIC temp zone:0x2
#1199550 06.07.2026 12:16:13 : EVT PMIC : PMIC Fast-charge constant cur
#1199551 06.07.2026 12:16:13 : EVT OHR : VBUS on
#1199552 06.07.2026 12:16:13 : EVT OHR : S:stop 23
#1199553 06.07.2026 12:16:13 : EVT <Unknown> : 1783332973272:Meas stop 0x2123
#1199554 06.07.2026 12:16:13 : EVT PMIC : PMIC Fast-charge constant voltage
#1199555 06.07.2026 12:16:13 : EVT PMIC : VBUS state is ON
#1199556 06.07.2026 12:16:13 : WRN <Unknown> : 1783332973273:FSM EVT STOP.
#1199557 06.07.2026 12:16:13 : EVT OHR : S:OFF 1->0
#1199558 06.07.2026 12:16:19 : TRC FUEL_GAUGE : Chg->1,B:5,C:41.3,V:4407,U:1,bF:98%,bC:98%
#1199559 06.07.2026 12:16:19 : EVT ANALYTICS : Battery-> 2 soc:98
#1199560 06.07.2026 12:16:28 : EVT WBSTORAGE : CACHE_DEFRAG (904->912, 24->24, 25)
#1199561 06.07.2026 12:16:28 : EVT WBSTORAGE : CACHE_DEFRAG (880->888, 24->24, 25)
#1199562 06.07.2026 12:16:28 : EVT WBSTORAGE : CACHE_DEFRAG (840->848, 24->24, 25)
#1199563 06.07.2026 12:16:28 : EVT <Unknown> : DL Region List
#1199564 06.07.2026 12:16:28 : EVT WIFI : Pwr up
#1199565 06.07.2026 12:16:28 : EVT WBCOMM : P-9 connection made to ECSD00000000
#1199566 06.07.2026 12:16:28 : EVT WBCOMM : New Route: ECSD00000000
#1199567 06.07.2026 12:16:34 : EVT WIFI : pwr up
#1199568 06.07.2026 12:16:34 : EVT WIFI : SDK Ver(3.2.8.1)
#1199569 06.07.2026 12:16:34 : EVT WIFI : Scann APs (1/3)
#1199570 06.07.2026 12:16:35 : EVT PMIC : PMIC Fast-charge constant cur
#1199571 06.07.2026 12:16:35 : EVT PMIC : PMIC Fast-charge constant voltage
#1199572 06.07.2026 12:16:35 : EVT WIFI : APs scanned:13
#1199573 06.07.2026 12:16:35 : EVT WBSTORAGE : CACHE_DEFRAG (832->840, 24->24, 25)
#1199574 06.07.2026 12:16:35 : WRN WIFI : No APs matched to connect
#1199575 06.07.2026 12:16:35 : EVT WIFI : Scann APs (2/3)
#1199576 06.07.2026 12:16:35 : EVT PMIC : PMIC Fast-charge constant cur
#1199577 06.07.2026 12:16:36 : EVT PMIC : PMIC Fast-charge constant cur
#1199578 06.07.2026 12:16:36 : EVT PMIC : PMIC Fast-charge constant voltage
#1199579 06.07.2026 12:16:36 : EVT PMIC : PMIC Fast-charge constant cur
#1199580 06.07.2026 12:16:36 : EVT PMIC : PMIC Fast-charge constant cur
#1199581 06.07.2026 12:16:36 : EVT PMIC : PMIC Fast-charge constant voltage
#1199582 06.07.2026 12:16:36 : EVT PMIC : PMIC Fast-charge constant cur
#1199583 06.07.2026 12:16:36 : EVT WIFI : APs scanned:12
#1199584 06.07.2026 12:16:36 : WRN WIFI : No APs matched to connect
#1199585 06.07.2026 12:16:36 : EVT PMIC : PMIC Fast-charge constant voltage
#1199586 06.07.2026 12:16:36 : EVT WIFI : Scann APs (3/3)
#1199587 06.07.2026 12:16:36 : EVT PMIC : PMIC Fast-charge constant cur
#1199588 06.07.2026 12:16:36 : EVT PMIC : PMIC Fast-charge constant voltage
#1199589 06.07.2026 12:16:36 : EVT PMIC : PMIC Fast-charge constant cur
#1199590 06.07.2026 12:16:37 : EVT PMIC : PMIC Fast-charge constant voltage
#1199591 06.07.2026 12:16:37 : EVT WIFI : APs scanned:15
#1199592 06.07.2026 12:16:37 : WRN WIFI : No APs matched to connect
#1199593 06.07.2026 12:16:37 : EVT WIFI : Internal connect ret:103
#1199594 06.07.2026 12:16:37 : ERR <Unknown> : DL GET resultCode=500
#1199595 06.07.2026 12:16:37 : EVT <Unknown> : DL try retry after 160000 ms
#1199596 06.07.2026 12:16:50 : EVT WIFI : Pwr down idle wifi (TO:13se)
#1199597 06.07.2026 12:16:50 : EVT WIFI : pwr down OK
#1199598 06.07.2026 12:17:01 : EVT GPS : GpsTimeSynchronizer:sub Passive
#1199599 06.07.2026 12:17:01 : TRC GPS : Basic GNSS data subd l:0 c:80460010
#1199600 06.07.2026 12:17:02 : TRC GPS : GnssServiceLevel::PASSIVE
#1199601 06.07.2026 12:17:02 : TRC GPS : @GSTP
#1199602 06.07.2026 12:17:03 : TRC GPS : @BUP
#1199603 06.07.2026 12:17:04 : TRC GPS : Done:BUP
#1199604 06.07.2026 12:17:04 : TRC GPS : Power disabled
#1199605 06.07.2026 12:17:40 : EVT PMIC : PMIC Maintain charge
#1199606 06.07.2026 12:17:40 : EVT PMIC : PMIC Fast-charge constant voltage
#1199607 06.07.2026 12:17:41 : EVT PMIC : PMIC Maintain charge
#1199608 06.07.2026 12:17:41 : EVT PMIC : PMIC Fast-charge constant voltage
#1199609 06.07.2026 12:17:43 : EVT PMIC : PMIC Maintain charge
#1199610 06.07.2026 12:17:43 : EVT PMIC : PMIC Fast-charge constant voltage
#1199611 06.07.2026 12:17:44 : EVT PMIC : PMIC Maintain charge
#1199612 06.07.2026 12:17:44 : EVT PMIC : PMIC Fast-charge constant voltage
#1199613 06.07.2026 12:17:44 : EVT PMIC : PMIC Maintain charge
#1199614 06.07.2026 12:17:44 : EVT PMIC : PMIC Fast-charge constant voltage
#1199615 06.07.2026 12:17:48 : EVT PMIC : PMIC Maintain charge
#1199616 06.07.2026 12:17:48 : EVT PMIC : PMIC Fast-charge constant voltage
#1199617 06.07.2026 12:17:48 : EVT PMIC : PMIC Maintain charge
#1199618 06.07.2026 12:17:48 : EVT PMIC : PMIC Fast-charge constant voltage
#1199619 06.07.2026 12:17:51 : EVT PMIC : PMIC Maintain charge
#1199620 06.07.2026 12:17:51 : EVT PMIC : PMIC Fast-charge constant voltage
#1199621 06.07.2026 12:17:52 : EVT PMIC : PMIC Maintain charge
#1199622 06.07.2026 12:17:52 : EVT PMIC : PMIC Fast-charge constant voltage
#1199623 06.07.2026 12:17:52 : EVT PMIC : PMIC Maintain charge
#1199624 06.07.2026 12:17:52 : EVT PMIC : PMIC Fast-charge constant voltage
#1199625 06.07.2026 12:17:52 : EVT PMIC : PMIC Maintain charge
#1199626 06.07.2026 12:17:52 : EVT PMIC : PMIC Fast-charge constant voltage
#1199627 06.07.2026 12:17:54 : EVT PMIC : PMIC Maintain charge
#1199628 06.07.2026 12:17:54 : EVT PMIC : PMIC Fast-charge constant voltage
#1199629 06.07.2026 12:17:55 : EVT PMIC : PMIC Maintain charge
#1199630 06.07.2026 12:17:55 : EVT PMIC : PMIC Fast-charge constant voltage
#1199631 06.07.2026 12:17:55 : EVT PMIC : PMIC Maintain charge
#1199632 06.07.2026 12:17:55 : EVT PMIC : PMIC Fast-charge constant voltage
#1199633 06.07.2026 12:17:57 : EVT PMIC : PMIC Maintain charge
#1199634 06.07.2026 12:17:57 : EVT PMIC : PMIC Fast-charge constant voltage
#1199635 06.07.2026 12:17:58 : EVT PMIC : PMIC Maintain charge
#1199636 06.07.2026 12:17:58 : EVT PMIC : PMIC Fast-charge constant voltage
#1199637 06.07.2026 12:17:59 : EVT PMIC : PMIC Maintain charge
#1199638 06.07.2026 12:17:59 : EVT PMIC : PMIC Fast-charge constant voltage
#1199639 06.07.2026 12:17:59 : EVT PMIC : PMIC Maintain charge
#1199640 06.07.2026 12:17:59 : EVT PMIC : PMIC Fast-charge constant voltage
#1199641 06.07.2026 12:17:59 : EVT PMIC : PMIC Maintain charge
#1199642 06.07.2026 12:17:59 : EVT PMIC : PMIC Fast-charge constant voltage
#1199643 06.07.2026 12:18:00 : EVT PMIC : PMIC Maintain charge
#1199644 06.07.2026 12:18:00 : EVT PMIC : PMIC Fast-charge constant voltage
#1199645 06.07.2026 12:18:01 : EVT PMIC : PMIC Maintain charge
#1199646 06.07.2026 12:18:01 : EVT PMIC : PMIC Fast-charge constant voltage
#1199647 06.07.2026 12:18:02 : EVT PMIC : PMIC Maintain charge
#1199648 06.07.2026 12:18:02 : EVT PMIC : PMIC Fast-charge constant voltage
#1199649 06.07.2026 12:18:02 : EVT PMIC : PMIC Maintain charge
#1199650 06.07.2026 12:18:03 : EVT PMIC : PMIC Fast-charge constant voltage
#1199651 06.07.2026 12:18:03 : EVT PMIC : PMIC Maintain charge
#1199652 06.07.2026 12:18:04 : EVT PMIC : PMIC Fast-charge constant voltage
#1199653 06.07.2026 12:18:04 : EVT PMIC : PMIC Maintain charge
#1199654 06.07.2026 12:18:04 : EVT PMIC : PMIC Fast-charge constant voltage
#1199655 06.07.2026 12:18:06 : EVT PMIC : PMIC Maintain charge
#1199656 06.07.2026 12:18:07 : EVT PMIC : PMIC Fast-charge constant voltage
#1199657 06.07.2026 12:18:07 : EVT PMIC : PMIC Maintain charge
#1199658 06.07.2026 12:18:08 : EVT PMIC : PMIC Fast-charge constant voltage
#1199659 06.07.2026 12:18:08 : EVT PMIC : PMIC Maintain charge
#1199660 06.07.2026 12:18:08 : EVT PMIC : PMIC Fast-charge constant voltage
#1199661 06.07.2026 12:18:09 : EVT PMIC : PMIC Maintain charge
#1199662 06.07.2026 12:18:10 : EVT PMIC : PMIC Fast-charge constant voltage
#1199663 06.07.2026 12:18:10 : EVT PMIC : PMIC Maintain charge
#1199664 06.07.2026 12:18:12 : EVT PMIC : PMIC Fast-charge constant voltage
#1199665 06.07.2026 12:18:12 : EVT PMIC : PMIC Maintain charge
#1199666 06.07.2026 12:18:13 : EVT PMIC : PMIC Fast-charge constant voltage
#1199667 06.07.2026 12:18:14 : EVT PMIC : PMIC Maintain charge
#1199668 06.07.2026 12:18:14 : EVT PMIC : PMIC Fast-charge constant voltage
#1199669 06.07.2026 12:18:14 : EVT PMIC : PMIC Maintain charge
#1199670 06.07.2026 12:18:15 : EVT PMIC : PMIC Fast-charge constant voltage
#1199671 06.07.2026 12:18:15 : EVT PMIC : PMIC Maintain charge
#1199672 06.07.2026 12:18:17 : EVT PMIC : PMIC Fast-charge constant voltage
#1199673 06.07.2026 12:18:17 : EVT PMIC : PMIC Maintain charge
#1199674 06.07.2026 12:18:34 : ERR WBMAIN : *0: app 1206 Event 24 80892700
#1199675 06.07.2026 12:18:34 : ERR WBMAIN : 1: mea 68 Wait 0 00000000
#1199676 06.07.2026 12:18:34 : ERR WBMAIN : 2: ui 206 Wait 0 00000000
#1199677 06.07.2026 12:19:00 : TRC FWUPDATE : Uptime 10 min
#1199678 06.07.2026 12:19:00 : EVT FWUPDATE : onInputEvent 4
#1199679 06.07.2026 12:19:00 : EVT PMIC : PMIC Fast-charge constant cur
#1199680 06.07.2026 12:19:00 : EVT PMIC : PMIC Maintain charge
#1199681 06.07.2026 12:19:17 : EVT <Unknown> : DL Region List
#1199682 06.07.2026 12:19:17 : EVT PMIC : PMIC Fast-charge constant cur
#1199683 06.07.2026 12:19:17 : EVT PMIC : PMIC Maintain charge
#1199684 06.07.2026 12:19:17 : EVT WIFI : Pwr up
#1199685 06.07.2026 12:19:23 : TRC FUEL_GAUGE : batFgLevel cur:99%, prev:98%
#1199686 06.07.2026 12:19:23 : EVT WIFI : pwr up
#1199687 06.07.2026 12:19:23 : EVT WIFI : SDK Ver(3.2.8.1)
#1199688 06.07.2026 12:19:23 : EVT WIFI : Scann APs (1/3)
#1199689 06.07.2026 12:19:23 : EVT PMIC : PMIC Fast-charge constant cur
#1199690 06.07.2026 12:19:24 : EVT PMIC : PMIC Maintain charge
#1199691 06.07.2026 12:19:24 : EVT PMIC : PMIC Fast-charge constant cur
#1199692 06.07.2026 12:19:24 : EVT PMIC : PMIC Maintain charge
#1199693 06.07.2026 12:19:24 : EVT PMIC : PMIC Fast-charge constant cur
#1199694 06.07.2026 12:19:24 : EVT PMIC : PMIC Fast-charge constant cur
#1199695 06.07.2026 12:19:24 : EVT PMIC : PMIC Maintain charge
#1199696 06.07.2026 12:19:24 : EVT PMIC : PMIC Fast-charge constant cur
#1199697 06.07.2026 12:19:24 : EVT PMIC : PMIC Maintain charge
#1199698 06.07.2026 12:19:24 : EVT WIFI : APs scanned:12
#1199699 06.07.2026 12:19:24 : WRN WIFI : No APs matched to connect
#1199700 06.07.2026 12:19:24 : EVT WIFI : Scann APs (2/3)
#1199701 06.07.2026 12:19:24 : EVT PMIC : PMIC Precharge
#1199702 06.07.2026 12:19:24 : EVT PMIC : PMIC Fast-charge constant cur
#1199703 06.07.2026 12:19:25 : EVT PMIC : PMIC Fast-charge constant cur
#1199704 06.07.2026 12:19:25 : EVT PMIC : PMIC Fast-charge constant cur
#1199705 06.07.2026 12:19:25 : EVT PMIC : PMIC Fast-charge constant cur
#1199706 06.07.2026 12:19:25 : EVT WIFI : APs scanned:9
#1199707 06.07.2026 12:19:25 : WRN WIFI : No APs matched to connect
#1199708 06.07.2026 12:19:25 : EVT WIFI : Scann APs (3/3)
#1199709 06.07.2026 12:19:26 : EVT PMIC : PMIC Fast-charge constant cur
#1199710 06.07.2026 12:19:26 : EVT PMIC : PMIC Maintain charge
#1199711 06.07.2026 12:19:26 : EVT WIFI : APs scanned:14
#1199712 06.07.2026 12:19:26 : WRN WIFI : No APs matched to connect
#1199713 06.07.2026 12:19:26 : EVT WIFI : Internal connect ret:103
#1199714 06.07.2026 12:19:26 : ERR <Unknown> : DL GET resultCode=500
#1199715 06.07.2026 12:19:26 : EVT <Unknown> : DL try retry after 320000 ms
#1199716 06.07.2026 12:19:30 : EVT ANALYTICS : Weather sync TO
#1199717 06.07.2026 12:19:39 : EVT WIFI : Pwr down idle wifi (TO:13se)
#1199718 06.07.2026 12:19:39 : EVT WIFI : pwr down OK
#1199719 06.07.2026 12:21:13 : EVT APPLICATION : Zapp zwc05901:Disable
#1199720 06.07.2026 12:21:13 : EVT PMIC : PMIC Fast-charge constant cur
#1199721 06.07.2026 12:21:13 : EVT PMIC : PMIC Fast-charge constant cur
#1199722 06.07.2026 12:21:13 : EVT PMIC : PMIC Fast-charge constant cur
#1199723 06.07.2026 12:21:13 : EVT ANALYTICS : Zapp disabled i:3 h:ddb248f2 n:Vector classic
#1199724 06.07.2026 12:21:13 : TRC APPLICATION : The zapp watch face was closed due to TO
#1199725 06.07.2026 12:21:13 : EVT PMIC : PMIC Maintain charge
#1199726 06.07.2026 12:22:37 : EVT PMIC : PMIC temp zone:0x7
#1199727 06.07.2026 12:22:37 : EVT PMIC : VBUS state is OFF
#1199728 06.07.2026 12:22:37 : EVT PMIC : Turn charge OFF since VBUS->OFF
#1199729 06.07.2026 12:22:37 : EVT WBCOMM : Route lost: ECSD00000000
#1199730 06.07.2026 12:22:37 : TRC FUEL_GAUGE : Chg->0,B:5,C:44.6,V:4438,U:0,bF:99%,bC:99%
#1199731 06.07.2026 12:22:37 : EVT OHR : VBUS off
#1199732 06.07.2026 12:22:37 : EVT OHR : S:ON 0->1
#1199733 06.07.2026 12:22:38 : EVT ANALYTICS : Battery-> 1 soc:99
#1199734 06.07.2026 12:22:38 : EVT OHR : APPINIT:caps 0x1f4, 6b738616
#1199735 06.07.2026 12:22:38 : EVT <Unknown> : 1783333358196:AI@1783333358170, tz120
#1199736 06.07.2026 12:22:38 : EVT OHR : S:start 0x2123
#1199737 06.07.2026 12:22:38 : EVT <Unknown> : 1783333358203:Meas start 0x2123
#1199738 06.07.2026 12:22:38 : EVT <Unknown> : 1783333358218:PD1464, 0
#1199739 06.07.2026 12:22:38 : EVT <Unknown> : 1783333358281:GMV 20251126/1/4/0/395/46
#1199740 06.07.2026 12:22:38 : EVT <Unknown> : 1783333358535:Mi1.6.10, auth 0, hr_mode 0
#1199741 06.07.2026 12:22:38 : EVT PMIC : VBUS state is ON
#1199742 06.07.2026 12:22:38 : EVT PMIC : chgCntl1:0x70
#1199743 06.07.2026 12:22:38 : EVT PMIC : check chgCntl1:0x74
#1199744 06.07.2026 12:22:38 : EVT PMIC : Turn charge ON since VBUS->ON
#1199745 06.07.2026 12:22:38 : TRC FUEL_GAUGE : Chg->1,B:5,C:38.3,V:4438,U:1,bF:99%,bC:99%
#1199746 06.07.2026 12:22:38 : EVT PMIC : PMIC temp zone:0x2
#1199747 06.07.2026 12:22:38 : EVT PMIC : PMIC Fast-charge constant cur
#1199748 06.07.2026 12:22:39 : EVT OHR : VBUS on
#1199749 06.07.2026 12:22:39 : EVT OHR : S:stop 23
#1199750 06.07.2026 12:22:39 : EVT <Unknown> : 1783333359142:Meas stop 0x2123
#1199751 06.07.2026 12:22:39 : EVT ANALYTICS : Battery-> 2 soc:99
#1199752 06.07.2026 12:22:39 : EVT PMIC : VBUS state is ON
#1199753 06.07.2026 12:22:39 : WRN <Unknown> : 1783333359142:FSM EVT STOP.
#1199754 06.07.2026 12:22:39 : EVT OHR : S:OFF 1->0
#1199755 06.07.2026 12:22:39 : EVT PMIC : PMIC Maintain charge
#1199756 06.07.2026 12:22:41 : EVT WBCOMM : P-9 connection made to ECSD00000000
#1199757 06.07.2026 12:22:41 : EVT WBCOMM : New Route: ECSD00000000
#1199758 06.07.2026 12:22:44 : EVT PMIC : PMIC Fast-charge constant cur
#1199759 06.07.2026 12:22:44 : EVT PMIC : PMIC Precharge
#1199760 06.07.2026 12:22:44 : EVT PMIC : PMIC Fast-charge constant cur
#1199761 06.07.2026 12:22:44 : EVT PMIC : PMIC Fast-charge constant cur
#1199762 06.07.2026 12:22:44 : EVT PMIC : PMIC Fast-charge constant cur
#1199763 06.07.2026 12:22:44 : EVT PMIC : PMIC Fast-charge constant cur
#1199764 06.07.2026 12:22:44 : EVT PMIC : PMIC Fast-charge constant cur
#1199765 06.07.2026 12:22:44 : EVT PMIC : PMIC Fast-charge constant cur
#1199766 06.07.2026 12:22:44 : EVT PMIC : PMIC Fast-charge constant cur
#1199767 06.07.2026 12:22:44 : EVT PMIC : PMIC Fast-charge constant cur
#1199768 06.07.2026 12:22:44 : EVT PMIC : PMIC Fast-charge constant cur
#1199769 06.07.2026 12:22:44 : EVT PMIC : PMIC Fast-charge constant cur
#1199770 06.07.2026 12:22:45 : EVT PMIC : PMIC Fast-charge constant cur
#1199771 06.07.2026 12:22:45 : EVT PMIC : PMIC Fast-charge constant cur
#1199772 06.07.2026 12:22:45 : EVT PMIC : PMIC Fast-charge constant voltage
#1199773 06.07.2026 12:22:45 : EVT PMIC : PMIC Fast-charge constant cur
#1199774 06.07.2026 12:22:45 : EVT PMIC : PMIC Fast-charge constant cur
#1199775 06.07.2026 12:22:45 : EVT PMIC : PMIC Fast-charge constant cur
#1199776 06.07.2026 12:22:45 : EVT PMIC : PMIC Fast-charge constant cur
#1199777 06.07.2026 12:22:45 : EVT PMIC : PMIC Fast-charge constant cur
#1199778 06.07.2026 12:22:45 : ERR WBMAIN : *0: app 1043 Event 36 80005310
#1199779 06.07.2026 12:22:45 : ERR WBMAIN : 1: mea 55 Wait 0 00000000
#1199780 06.07.2026 12:22:45 : ERR WBMAIN : 2: ui 409 Wait 0 00000000
#1199781 06.07.2026 12:22:45 : EVT PMIC : PMIC Fast-charge constant cur
#1199782 06.07.2026 12:22:45 : EVT PMIC : PMIC Maintain charge
#1199783 06.07.2026 12:22:45 : EVT PMIC : PMIC Fast-charge constant cur
#1199784 06.07.2026 12:22:45 : EVT PMIC : PMIC Fast-charge constant cur
#1199785 06.07.2026 12:22:46 : EVT PMIC : PMIC Fast-charge constant cur
#1199786 06.07.2026 12:22:46 : EVT PMIC : PMIC Fast-charge constant cur
#1199787 06.07.2026 12:22:46 : EVT PMIC : PMIC Fast-charge constant cur
#1199788 06.07.2026 12:22:46 : EVT PMIC : PMIC Fast-charge constant cur
#1199789 06.07.2026 12:22:46 : EVT PMIC : PMIC Precharge
#1199790 06.07.2026 12:22:46 : EVT PMIC : PMIC Fast-charge constant cur
#1199791 06.07.2026 12:22:46 : ERR WBMAIN : *0: app 832 Event 36 80005310
#1199792 06.07.2026 12:22:46 : ERR WBMAIN : 1: mea 13 Wait 0 00000000
#1199793 06.07.2026 12:22:46 : ERR WBMAIN : 2: ui 248 Wait 0 00000000
#1199794 06.07.2026 12:22:46 : EVT PMIC : PMIC Fast-charge constant cur
#1199795 06.07.2026 12:22:46 : EVT PMIC : PMIC Fast-charge constant cur
#1199796 06.07.2026 12:22:46 : EVT PMIC : PMIC Fast-charge constant cur
#1199797 06.07.2026 12:22:46 : EVT PMIC : PMIC Precharge
#1199798 06.07.2026 12:22:46 : EVT PMIC : PMIC Fast-charge constant cur
#1199799 06.07.2026 12:22:46 : EVT PMIC : PMIC Fast-charge constant cur
#1199800 06.07.2026 12:22:46 : EVT PMIC : PMIC Fast-charge constant cur
#1199801 06.07.2026 12:22:46 : EVT PMIC : PMIC Fast-charge constant cur
#1199802 06.07.2026 12:22:46 : EVT PMIC : PMIC Fast-charge constant cur
#1199803 06.07.2026 12:22:46 : EVT PMIC : PMIC Fast-charge constant cur
#1199804 06.07.2026 12:22:46 : EVT PMIC : PMIC Fast-charge constant cur
#1199805 06.07.2026 12:22:46 : EVT PMIC : PMIC Fast-charge constant cur
#1199806 06.07.2026 12:22:46 : EVT PMIC : PMIC Fast-charge constant cur
#1199807 06.07.2026 12:22:46 : EVT PMIC : PMIC Fast-charge constant cur
#1199808 06.07.2026 12:22:46 : EVT PMIC : PMIC Fast-charge constant cur
#1199809 06.07.2026 12:22:46 : EVT PMIC : PMIC Fast-charge constant cur
#1199810 06.07.2026 12:22:46 : EVT PMIC : PMIC Fast-charge constant cur
#1199811 06.07.2026 12:22:46 : EVT PMIC : PMIC Fast-charge constant cur
#1199812 06.07.2026 12:22:46 : EVT PMIC : PMIC Fast-charge constant cur
#1199813 06.07.2026 12:22:46 : EVT PMIC : PMIC Fast-charge constant cur
#1199814 06.07.2026 12:22:46 : EVT PMIC : PMIC Fast-charge constant cur
#1199815 06.07.2026 12:22:46 : EVT PMIC : PMIC Fast-charge constant cur
#1199816 06.07.2026 12:22:47 : EVT PMIC : PMIC Fast-charge constant cur
#1199817 06.07.2026 12:22:47 : EVT PMIC : PMIC Fast-charge constant cur
#1199818 06.07.2026 12:22:47 : EVT PMIC : PMIC Fast-charge constant cur
#1199819 06.07.2026 12:22:47 : EVT PMIC : PMIC Fast-charge constant cur
#1199820 06.07.2026 12:22:47 : EVT PMIC : PMIC Fast-charge constant cur
#1199821 06.07.2026 12:22:47 : EVT PMIC : PMIC Precharge
#1199822 06.07.2026 12:22:47 : EVT PMIC : PMIC Fast-charge constant cur
#1199823 06.07.2026 12:22:47 : EVT PMIC : PMIC Fast-charge constant cur
#1199824 06.07.2026 12:22:47 : EVT PMIC : PMIC Fast-charge constant cur
#1199825 06.07.2026 12:22:47 : EVT PMIC : PMIC Fast-charge constant cur
#1199826 06.07.2026 12:22:47 : EVT PMIC : PMIC Fast-charge constant cur
#1199827 06.07.2026 12:22:47 : EVT PMIC : PMIC Fast-charge constant cur
#1199828 06.07.2026 12:22:47 : EVT PMIC : PMIC Fast-charge constant cur
#1199829 06.07.2026 12:22:47 : EVT PMIC : PMIC Fast-charge constant cur
#1199830 06.07.2026 12:22:47 : EVT PMIC : PMIC Fast-charge constant cur
#1199831 06.07.2026 12:22:47 : EVT ANALYTICS : Sync start
#1199832 06.07.2026 12:22:47 : EVT PMIC : PMIC Fast-charge constant cur
#1199833 06.07.2026 12:22:47 : EVT PMIC : PMIC Fast-charge constant cur
#1199834 06.07.2026 12:22:47 : EVT PMIC : PMIC Fast-charge constant cur
#1199835 06.07.2026 12:22:47 : EVT PMIC : PMIC Fast-charge constant cur
#1199836 06.07.2026 12:22:47 : EVT PMIC : PMIC Fast-charge constant cur
#1199837 06.07.2026 12:22:47 : EVT PMIC : PMIC Fast-charge constant cur
#1199838 06.07.2026 12:22:47 : EVT PMIC : PMIC Fast-charge constant cur
#1199839 06.07.2026 12:22:47 : EVT PMIC : PMIC Fast-charge constant cur
#1199840 06.07.2026 12:22:47 : EVT PMIC : PMIC Precharge
#1199841 06.07.2026 12:22:47 : EVT PMIC : PMIC Fast-charge constant cur
#1199842 06.07.2026 12:22:47 : EVT PMIC : PMIC Precharge
#1199843 06.07.2026 12:22:47 : EVT PMIC : PMIC Fast-charge constant cur
#1199844 06.07.2026 12:22:47 : EVT PMIC : PMIC Fast-charge constant cur
#1199845 06.07.2026 12:22:47 : EVT PMIC : PMIC Precharge
#1199846 06.07.2026 12:22:47 : EVT PMIC : PMIC Fast-charge constant cur
#1199847 06.07.2026 12:22:47 : EVT ANALYTICS : Sync start
#1199848 06.07.2026 12:22:47 : EVT PMIC : PMIC Fast-charge constant cur
#1199849 06.07.2026 12:22:47 : EVT PMIC : PMIC Fast-charge constant cur
#1199850 06.07.2026 12:22:47 : EVT PMIC : PMIC Fast-charge constant cur
#1199851 06.07.2026 12:22:47 : EVT PMIC : PMIC Fast-charge constant cur
#1199852 06.07.2026 12:22:48 : EVT PMIC : PMIC Fast-charge constant cur
#1199853 06.07.2026 12:22:48 : EVT PMIC : PMIC Fast-charge constant cur
#1199854 06.07.2026 12:22:48 : EVT PMIC : PMIC Fast-charge constant cur
#1199855 06.07.2026 12:22:48 : EVT PMIC : PMIC Maintain charge
#1199856 06.07.2026 12:22:48 : EVT PMIC : PMIC Fast-charge constant cur
#1199857 06.07.2026 12:22:48 : EVT PMIC : PMIC Precharge
#1199858 06.07.2026 12:22:48 : EVT PMIC : PMIC Fast-charge constant cur
#1199859 06.07.2026 12:22:48 : EVT PMIC : PMIC Precharge
#1199860 06.07.2026 12:22:48 : EVT PMIC : PMIC Fast-charge constant cur
#1199861 06.07.2026 12:22:48 : EVT PMIC : PMIC Fast-charge constant cur
#1199862 06.07.2026 12:22:48 : EVT PMIC : PMIC Maintain charge

