#1196245 06.07.2026 10:23:27 : EVT WBSTORAGE : CACHE_DEFRAG (816->824, 24->24, 25)
#1196246 06.07.2026 10:23:27 : EVT WBSTORAGE : CACHE_DEFRAG (752->760, 24->24, 25)
#1196247 06.07.2026 10:23:27 : EVT BLE : BLE Sensor Link 4800180D Conn (--E-:00:1)
#1196248 06.07.2026 10:23:27 : WRN BLE : sendConnect 6157
#1196249 06.07.2026 10:23:27 : WRN WBAPI : eID-691468(277): /Dive/TankPressure/Alarm/Count 404
#1196250 06.07.2026 10:23:27 : EVT SPEEDFUSION : INFO # start speed fusion
#1196251 06.07.2026 10:23:27 : EVT SPEEDFUSION : Act:16,Acc:0,BPod:0,FPod:0,PPod:0,BeltPod:1
#1196252 06.07.2026 10:23:27 : EVT SPEEDFUSION : INFO # Start algo without wrist acc
#1196253 06.07.2026 10:23:27 : EVT <Unknown> : Update pres sampl intrvl:1
#1196254 06.07.2026 10:23:27 : EVT OHR : S:start 0x21a3
#1196255 06.07.2026 10:23:27 : EVT UI_FRAMEWORK : evalFile: b:/zapp/climbl01.fea/ext12.js from ui
#1196256 06.07.2026 10:23:27 : TRC GPS : Stat report:1
#1196257 06.07.2026 10:23:27 : TRC GPS : @GTIM 2026 7 6 8 23 27
#1196258 06.07.2026 10:23:27 : TRC GPS : Done:GTI
#1196259 06.07.2026 10:23:27 : TRC GPS : GNS setting 0x1fcb
#1196260 06.07.2026 10:23:27 : TRC GPS : @GSR
#1196261 06.07.2026 10:23:28 : EVT <Unknown> : 1783326208028:Meas start 0x21a3
#1196262 06.07.2026 10:23:28 : EVT OHR : S:start 0x2123
#1196263 06.07.2026 10:23:28 : TRC GPS : Done:GSR
#1196264 06.07.2026 10:23:28 : TRC GPS : GnssServiceLevel::PASSIVE
#1196265 06.07.2026 10:23:28 : TRC GPS : @GSTP
#1196266 06.07.2026 10:23:28 : EVT <Unknown> : 1783326208301:Meas start 0x2123
#1196267 06.07.2026 10:23:30 : TRC GPS : @BUP
#1196268 06.07.2026 10:23:31 : TRC GPS : Done:BUP
#1196269 06.07.2026 10:23:31 : TRC GPS : Power disabled
#1196270 06.07.2026 10:23:37 : EVT BLE : lt,scan 1
#1196271 06.07.2026 10:23:37 : WRN BLE : sendDisconnect 6157
#1196272 06.07.2026 10:23:37 : ERR BLE : [AURA]No filters left, stopping scan
#1196273 06.07.2026 10:23:37 : ERR BLE : [AURA]Filter with handle 72 not found
#1196274 06.07.2026 10:23:37 : EVT BLE : packet 0 sensor found count 1
#1196275 06.07.2026 10:23:37 : EVT BLE : packet 0 sensor found count 2
#1196276 06.07.2026 10:23:37 : EVT ANALYTICS : #FusHr src:2 time:10136
#1196277 06.07.2026 10:23:41 : EVT <Unknown> : 1783326220976:Off Skin Set.
#1196278 06.07.2026 10:23:41 : EVT <Unknown> : 1783326221603:On Skin Set.
#1196279 06.07.2026 10:23:41 : EVT <Unknown> : 1783326221834:Off Skin Set.
#1196280 06.07.2026 10:23:42 : EVT PMIC : VBUS state is ON
#1196281 06.07.2026 10:23:42 : EVT PMIC : chgCntl1:0x70
#1196282 06.07.2026 10:23:42 : EVT PMIC : check chgCntl1:0x74
#1196283 06.07.2026 10:23:42 : EVT PMIC : Turn charge ON since VBUS->ON
#1196284 06.07.2026 10:23:42 : EVT PMIC : PMIC temp zone:0x2
#1196285 06.07.2026 10:23:42 : EVT PMIC : PMIC Fast-charge constant cur
#1196286 06.07.2026 10:23:42 : EVT OHR : VBUS on
#1196287 06.07.2026 10:23:42 : EVT OHR : S:stop 23
#1196288 06.07.2026 10:23:42 : EVT <Unknown> : 1783326222726:Meas stop 0x2123
#1196289 06.07.2026 10:23:42 : WRN <Unknown> : 1783326222727:FSM EVT STOP.
#1196290 06.07.2026 10:23:42 : EVT OHR : S:OFF 1->0
#1196291 06.07.2026 10:23:42 : EVT PMIC : VBUS state is ON
#1196292 06.07.2026 10:23:43 : EVT PMIC : PMIC temp zone:0x7
#1196293 06.07.2026 10:23:43 : EVT PMIC : VBUS state is OFF
#1196294 06.07.2026 10:23:43 : EVT PMIC : Turn charge OFF since VBUS->OFF
#1196295 06.07.2026 10:23:43 : EVT OHR : VBUS off
#1196296 06.07.2026 10:23:43 : EVT OHR : S:ON 0->1
#1196297 06.07.2026 10:23:43 : WRN WBAPI : eID-691468(277): /Dive/TankPressure/Alarm/Count 404
#1196298 06.07.2026 10:23:43 : EVT OHR : APPINIT:caps 0x1f4, 6b738616
#1196299 06.07.2026 10:23:43 : EVT <Unknown> : 1783326223815:AI@1783326223790, tz120
#1196300 06.07.2026 10:23:43 : EVT OHR : S:start 0x21a3
#1196301 06.07.2026 10:23:43 : EVT <Unknown> : 1783326223821:Meas start 0x21a3
#1196302 06.07.2026 10:23:44 : EVT <Unknown> : 1783326223836:PD1464, 0
#1196303 06.07.2026 10:23:44 : EVT <Unknown> : 1783326223898:GMV 20251126/1/4/0/395/46
#1196304 06.07.2026 10:23:44 : EVT <Unknown> : 1783326224152:Mi1.6.10, auth 0, hr_mode 0
#1196305 06.07.2026 10:23:44 : EVT <Unknown> : 1783326224574:On Skin Set.
#1196306 06.07.2026 10:23:45 : EVT OHR : No HR update, invalidate by timer
#1196307 06.07.2026 10:23:45 : EVT LOGGER : HrIbiLogger stop, off (0 ms)
#1196308 06.07.2026 10:23:46 : EVT WBSTORAGE : CACHE_DEFRAG (672->824, 24->24, 25)
#1196309 06.07.2026 10:23:46 : TRC NAVIGATION : CG: no climb WP
#1196310 06.07.2026 10:23:46 : TRC NAVIGATION : CG:init ZoomType=0
#1196311 06.07.2026 10:23:46 : EVT NAVIGATION : initSeg Idx=0 D=1 T=0 3-0-4
#1196312 06.07.2026 10:23:46 : EVT WBSTORAGE : CACHE_DEFRAG (808->1024, 24->24, 25)
#1196313 06.07.2026 10:23:46 : EVT SPEEDFUSION : INFO # IDLE mode(-1) set
#1196314 06.07.2026 10:23:46 : EVT ALTIFUSION : AltiBaroMode:2
#1196315 06.07.2026 10:23:46 : EVT APPLICATION : Zapp climbl01:Disable
#1196316 06.07.2026 10:23:46 : EVT ANALYTICS : Zapp disabled i:5 h:a5e7afa5 n:Climb Log
#1196317 06.07.2026 10:23:46 : EVT APPLICATION : Zapp zzmoveen:Disable
#1196318 06.07.2026 10:23:46 : EVT ANALYTICS : Zapp disabled i:6 h:7aac0887 n:Movement
#1196319 06.07.2026 10:23:46 : EVT UI_FRAMEWORK : evalFile: b:/zapp/zzmoveen.fea/ext2.js from ui
#1196320 06.07.2026 10:23:46 : EVT APPLICATION : Zapp zzwethen:Disable
#1196321 06.07.2026 10:23:46 : EVT ANALYTICS : Zapp disabled i:8 h:3f77f8ec n:Weather
#1196322 06.07.2026 10:23:46 : EVT SPEEDFUSION : INFO # stop speed fusion
#1196323 06.07.2026 10:23:46 : EVT <Unknown> : Update pres sampl intrvl:5
#1196324 06.07.2026 10:23:46 : EVT ANALYTICS : SleepQ:Tracking:On
#1196325 06.07.2026 10:23:46 : EVT OHR : S:start 0x2123
#1196326 06.07.2026 10:23:46 : EVT WBSTORAGE : CACHE_DEFRAG (1000->1008, 24->24, 25)
#1196327 06.07.2026 10:23:46 : EVT <Unknown> : 1783326226559:Meas start 0x2123
#1196328 06.07.2026 10:23:47 : EVT BLE : Disconn sensor:1
#1196329 06.07.2026 10:23:47 : EVT BLE : BLE Sensor Link 4800180D Disc (L-E-:00:0)
#1196330 06.07.2026 10:23:47 : WRN BLE : sendDisconnect 6157
#1196331 06.07.2026 10:23:47 : ERR BLE : [AURA]No filters left, stopping scan
#1196332 06.07.2026 10:23:47 : EVT WBSTORAGE : CACHE_DEFRAG (880->888, 24->24, 25)
#1196333 06.07.2026 10:23:48 : EVT WBSTORAGE : CACHE_DEFRAG (840->864, 24->24, 25)
#1196334 06.07.2026 10:23:48 : EVT WBSTORAGE : CACHE_DEFRAG (840->848, 24->24, 25)
#1196335 06.07.2026 10:23:48 : EVT WBSTORAGE : CACHE_DEFRAG (832->976, 24->24, 25)
#1196336 06.07.2026 10:23:48 : TRC NAVIGATION : CG: no climb WP
#1196337 06.07.2026 10:23:48 : TRC NAVIGATION : CG:init ZoomType=0
#1196338 06.07.2026 10:23:48 : EVT NAVIGATION : initSeg Idx=0 D=1 T=0 3-0-4
#1196339 06.07.2026 10:23:48 : EVT WBSTORAGE : CACHE_DEFRAG (896->944, 24->24, 25)
#1196340 06.07.2026 10:23:48 : EVT ALTIFUSION : AltiBaroMode:0
#1196341 06.07.2026 10:23:48 : EVT ALTIFUSION : Init AltiBaro
#1196342 06.07.2026 10:23:48 : EVT ANALYTICS : SleepQ:Tracking:On
#1196343 06.07.2026 10:23:48 : EVT ALTIFUSION : AltiBaroMode:0
#1196344 06.07.2026 10:23:48 : EVT ALTIFUSION : Init AltiBaro
#1196345 06.07.2026 10:23:48 : EVT WBSTORAGE : CACHE_DEFRAG (920->928, 24->24, 25)
#1196346 06.07.2026 10:23:48 : EVT UI_FRAMEWORK : JS nsto enable zapp: zzwethen
#1196347 06.07.2026 10:23:48 : EVT UI_FRAMEWORK : JS nsto enable zapp: climbl01
#1196348 06.07.2026 10:23:48 : EVT UI_FRAMEWORK : JS nsto enable zapp: zzmoveen
#1196349 06.07.2026 10:23:48 : EVT APPLICATION : Zapp zzwethen:Load script
#1196350 06.07.2026 10:23:48 : EVT APPLICATION : Zapp zzwethen:Enable
#1196351 06.07.2026 10:23:48 : EVT ANALYTICS : Zapp enabled i:8 h:3f77f8ec n:zzwethen v:ade
#1196352 06.07.2026 10:23:48 : EVT APPLICATION : Zapp clid:32878
#1196353 06.07.2026 10:23:48 : EVT APPLICATION : Zapp climbl01:Load script
#1196354 06.07.2026 10:23:49 : EVT APPLICATION : Zapp climbl01:Enable
#1196355 06.07.2026 10:23:49 : EVT ANALYTICS : Zapp enabled i:5 h:a5e7afa5 n:climbl01 v:3.0
#1196356 06.07.2026 10:23:49 : EVT APPLICATION : Zapp clid:32879
#1196357 06.07.2026 10:23:49 : EVT APPLICATION : Zapp zzmoveen:Load script
#1196358 06.07.2026 10:23:49 : EVT APPLICATION : Zapp zzmoveen:Enable
#1196359 06.07.2026 10:23:49 : EVT ANALYTICS : Zapp enabled i:6 h:7aac0887 n:zzmoveen v:8e0
#1196360 06.07.2026 10:23:49 : EVT UI_FRAMEWORK : evalFile: b:/zapp/zzmoveen.fea/ext1.js from ui
#1196361 06.07.2026 10:23:49 : EVT APPLICATION : Zapp clid:32880
#1196362 06.07.2026 10:23:49 : EVT UI_FRAMEWORK : JS nsto all zapps enabled.
#1196363 06.07.2026 10:23:49 : EVT UI_FRAMEWORK : JS Prestart Activity Id: 16.000
#1196364 06.07.2026 10:23:49 : WRN WBAPI : eID-691468(277): /Dive/Alarms/Acknowledge 404
#1196365 06.07.2026 10:23:49 : WRN WBAPI : eID-691468(277): /Dive/DiveGases 404
#1196366 06.07.2026 10:23:49 : WRN WBAPI : eID-691468(277): /Dive/Gauge/Next 404
#1196367 06.07.2026 10:23:49 : EVT WBSTORAGE : CACHE_DEFRAG (880->888, 24->24, 25)
#1196368 06.07.2026 10:23:49 : EVT WBSTORAGE : CACHE_DEFRAG (816->824, 24->24, 25)
#1196369 06.07.2026 10:23:49 : EVT WBSTORAGE : CACHE_DEFRAG (752->760, 24->24, 25)
#1196370 06.07.2026 10:23:49 : EVT WBSTORAGE : CACHE_DEFRAG (672->704, 24->24, 25)
#1196371 06.07.2026 10:23:49 : EVT BLE : BLE Sensor Link 4800180D Conn (--E-:00:1)
#1196372 06.07.2026 10:23:49 : WRN BLE : sendConnect 6157
#1196373 06.07.2026 10:23:49 : ERR <Unknown> : 1783326228990:Mi invalid call:100,code:0.
#1196374 06.07.2026 10:23:49 : WRN WBAPI : eID-691468(277): /Dive/TankPressure/Alarm/Count 404
#1196375 06.07.2026 10:23:50 : EVT UI_FRAMEWORK : evalFile: b:/zapp/climbl01.fea/ext12.js from ui
#1196376 06.07.2026 10:23:50 : EVT SPEEDFUSION : INFO # start speed fusion
#1196377 06.07.2026 10:23:50 : EVT SPEEDFUSION : Act:16,Acc:0,BPod:0,FPod:0,PPod:0,BeltPod:1
#1196378 06.07.2026 10:23:50 : EVT SPEEDFUSION : INFO # Start algo without wrist acc
#1196379 06.07.2026 10:23:50 : EVT <Unknown> : Update pres sampl intrvl:1
#1196380 06.07.2026 10:23:50 : EVT OHR : S:start 0x21a3
#1196381 06.07.2026 10:23:50 : EVT <Unknown> : 1783326230372:Meas start 0x21a3
#1196382 06.07.2026 10:23:50 : EVT OHR : No HR update, invalidate by timer
#1196383 06.07.2026 10:23:57 : EVT TRAININGLAB : TLab:~Mode T 10208 + 1300 A 2830 + 390
#1196384 06.07.2026 10:23:57 : EVT TRAININGLAB : TLab:Change mode 2->3
#1196385 06.07.2026 10:23:57 : WRN WBAPI : eID-691468(277): /Dive/Alarms/Acknowledge 404
#1196386 06.07.2026 10:23:57 : EVT TRAININGLAB : TLab:Mode::userInfo 60, 200, 1, 37, 182, 950, 1990
#1196387 06.07.2026 10:23:57 : WRN WBAPI : eID-691468(277): /Dive/DiveGases 404
#1196388 06.07.2026 10:23:57 : WRN WBAPI : eID-691468(277): /Dive/Gauge/Next 404
#1196389 06.07.2026 10:23:57 : EVT LOGGER : Log space:30516006 bytes free
#1196390 06.07.2026 10:23:57 : EVT TRAININGLAB : ModeUnsub:2800
#1196391 06.07.2026 10:23:57 : EVT TRAININGLAB : ModeSub:9004
#1196392 06.07.2026 10:23:57 : EVT TRAININGLAB : TLab:Select input 0
#1196393 06.07.2026 10:23:57 : EVT TRAININGLAB : TLab:Active input 0
#1196394 06.07.2026 10:23:57 : EVT LOGGER : Exercise started
#1196395 06.07.2026 10:23:57 : EVT BLE : HR RR on (243948030)
#1196396 06.07.2026 10:23:57 : TRC GPS : Full GNSS data subd l:0 c:802b0000
#1196397 06.07.2026 10:23:59 : EVT BLE : lt,scan 1
#1196398 06.07.2026 10:23:59 : WRN BLE : sendDisconnect 6157
#1196399 06.07.2026 10:23:59 : ERR BLE : [AURA]No filters left, stopping scan
#1196400 06.07.2026 10:23:59 : ERR BLE : [AURA]Filter with handle 72 not found
#1196401 06.07.2026 10:23:59 : EVT BLE : packet 0 sensor found count 1
#1196402 06.07.2026 10:23:59 : EVT BLE : packet 0 sensor found count 2
#1196403 06.07.2026 10:23:59 : EVT ANALYTICS : Battery-> 3 soc:82
#1196404 06.07.2026 10:23:59 : EVT ANALYTICS : #FusHr src:0 time:0
#1196405 06.07.2026 10:23:59 : EVT ANALYTICS : #Act id:16
#1196406 06.07.2026 10:23:59 : EVT ANALYTICS : #powersave mode:p temp:31.0
#1196407 06.07.2026 10:23:59 : EVT ANALYTICS : GPSMODE:NOTUSED
#1196408 06.07.2026 10:24:00 : EVT ANALYTICS : #gnss d:2026-07-06T00:00:00Z
#1196409 06.07.2026 10:24:00 : EVT SEDENTARY : stop monitoring
#1196410 06.07.2026 10:24:00 : EVT ANALYTICS : #zapp n:Weather e:1
#1196411 06.07.2026 10:24:00 : EVT ANALYTICS : #zapp n:Movement e:1
#1196412 06.07.2026 10:24:00 : EVT ANALYTICS : #zapp n:Climb Log e:1
#1196413 06.07.2026 10:24:05 : EVT ANALYTICS : #ws AID:16 BM:1 NS:0 SP:3 ZN:0 TG:0 BL:0 GPS:0
#1196414 06.07.2026 10:24:05 : EVT ANALYTICS : #2ws AID:16 WHR:1 INT:0 AL:0 AP:0 FE:1 MC:1 TH:0
#1196415 06.07.2026 10:24:07 : EVT ANALYTICS : #FusHr src:2 time:10042
#1196416 06.07.2026 10:24:07 : EVT TRAININGLAB : Tlab:HR src is 2
#1196417 06.07.2026 10:24:07 : EVT ANALYTICS : #FusHr src:2 time:0
#1196418 06.07.2026 10:24:07 : EVT TRAININGLAB : TLab:Active input 1
#1196419 06.07.2026 10:24:09 : WRN WBAPI : eID-691468(277): /Dive/Alarms/Acknowledge 404
#1196420 06.07.2026 10:24:09 : WRN WBAPI : eID-691468(277): /Dive/DiveGases 404
#1196421 06.07.2026 10:24:09 : WRN WBAPI : eID-691468(277): /Dive/Gauge/Next 404
#1196422 06.07.2026 10:24:11 : EVT LOGGER : LGR 934, 80
#1196423 06.07.2026 10:24:11 : WRN WBAPI : eID-691468(277): /Dive/Alarms/Acknowledge 404
#1196424 06.07.2026 10:24:11 : WRN WBAPI : eID-691468(277): /Dive/DiveGases 404
#1196425 06.07.2026 10:24:11 : WRN WBAPI : eID-691468(277): /Dive/Gauge/Next 404
#1196426 06.07.2026 10:24:12 : EVT LOGGER : LGR 934, 80
#1196427 06.07.2026 10:24:13 : EVT UI_FRAMEWORK : evalFile: b:/zapp/climbl01.fea/ext10.js from ui
#1196428 06.07.2026 10:24:13 : WRN WBAPI : eID-691468(277): /Dive/Alarms/Acknowledge 404
#1196429 06.07.2026 10:24:13 : WRN WBAPI : eID-691468(277): /Dive/DiveGases 404
#1196430 06.07.2026 10:24:13 : WRN WBAPI : eID-691468(277): /Dive/Gauge/Next 404
#1196431 06.07.2026 10:24:14 : EVT LOGGER : LGR 934, 80
#1196432 06.07.2026 10:24:14 : WRN WBAPI : eID-691468(277): /Dive/Alarms/Acknowledge 404
#1196433 06.07.2026 10:24:14 : WRN WBAPI : eID-691468(277): /Dive/DiveGases 404
#1196434 06.07.2026 10:24:14 : WRN WBAPI : eID-691468(277): /Dive/Gauge/Next 404
#1196435 06.07.2026 10:24:15 : EVT LOGGER : LGR 934, 80
#1196436 06.07.2026 10:24:16 : WRN WBAPI : eID-691468(277): /Dive/Alarms/Acknowledge 404
#1196437 06.07.2026 10:24:16 : WRN WBAPI : eID-691468(277): /Dive/DiveGases 404
#1196438 06.07.2026 10:24:16 : WRN WBAPI : eID-691468(277): /Dive/Gauge/Next 404
#1196439 06.07.2026 10:24:17 : EVT LOGGER : LGR 934, 80
#1196440 06.07.2026 10:24:17 : WRN WBAPI : eID-691468(277): /Dive/Alarms/Acknowledge 404
#1196441 06.07.2026 10:24:17 : WRN WBAPI : eID-691468(277): /Dive/DiveGases 404
#1196442 06.07.2026 10:24:17 : WRN WBAPI : eID-691468(277): /Dive/Gauge/Next 404
#1196443 06.07.2026 10:24:18 : EVT LOGGER : LGR 934, 80
#1196444 06.07.2026 10:24:19 : WRN WBAPI : eID-691468(277): /Dive/Alarms/Acknowledge 404
#1196445 06.07.2026 10:24:19 : WRN WBAPI : eID-691468(277): /Dive/DiveGases 404
#1196446 06.07.2026 10:24:19 : WRN WBAPI : eID-691468(277): /Dive/Gauge/Next 404
#1196447 06.07.2026 10:24:20 : EVT LOGGER : LGR 934, 80
#1196448 06.07.2026 10:24:20 : WRN WBAPI : eID-691468(277): /Dive/Alarms/Acknowledge 404
#1196449 06.07.2026 10:24:20 : WRN WBAPI : eID-691468(277): /Dive/DiveGases 404
#1196450 06.07.2026 10:24:20 : WRN WBAPI : eID-691468(277): /Dive/Gauge/Next 404
#1196451 06.07.2026 10:24:20 : EVT LOGGER : LGR 934, 80
#1196452 06.07.2026 10:24:21 : EVT LOGGER : LGR 934, 80
#1196453 06.07.2026 10:24:22 : WRN WBAPI : eID-691468(277): /Dive/Alarms/Acknowledge 404
#1196454 06.07.2026 10:24:22 : WRN WBAPI : eID-691468(277): /Dive/DiveGases 404
#1196455 06.07.2026 10:24:22 : WRN WBAPI : eID-691468(277): /Dive/Gauge/Next 404
#1196456 06.07.2026 10:24:23 : EVT LOGGER : LGR 934, 80
#1196457 06.07.2026 10:24:23 : WRN WBAPI : eID-691468(277): /Dive/Alarms/Acknowledge 404
#1196458 06.07.2026 10:24:23 : WRN WBAPI : eID-691468(277): /Dive/DiveGases 404
#1196459 06.07.2026 10:24:23 : WRN WBAPI : eID-691468(277): /Dive/Gauge/Next 404
#1196460 06.07.2026 10:24:23 : EVT LOGGER : LGR 934, 80
#1196461 06.07.2026 10:24:24 : EVT LOGGER : LGR 934, 80
#1196462 06.07.2026 10:24:25 : WRN WBAPI : eID-691468(277): /Dive/Alarms/Acknowledge 404
#1196463 06.07.2026 10:24:25 : WRN WBAPI : eID-691468(277): /Dive/DiveGases 404
#1196464 06.07.2026 10:24:25 : WRN WBAPI : eID-691468(277): /Dive/Gauge/Next 404
#1196465 06.07.2026 10:24:26 : EVT LOGGER : LGR 934, 80
#1196466 06.07.2026 10:24:26 : WRN WBAPI : eID-691468(277): /Dive/Alarms/Acknowledge 404
#1196467 06.07.2026 10:24:26 : WRN WBAPI : eID-691468(277): /Dive/DiveGases 404
#1196468 06.07.2026 10:24:26 : WRN WBAPI : eID-691468(277): /Dive/Gauge/Next 404
#1196469 06.07.2026 10:24:27 : EVT LOGGER : LGR 934, 80
#1196470 06.07.2026 10:24:28 : WRN WBAPI : eID-691468(277): /Dive/Alarms/Acknowledge 404
#1196471 06.07.2026 10:24:28 : WRN WBAPI : eID-691468(277): /Dive/DiveGases 404
#1196472 06.07.2026 10:24:28 : WRN WBAPI : eID-691468(277): /Dive/Gauge/Next 404
#1196473 06.07.2026 10:24:30 : WRN WBAPI : eID-691468(277): /Dive/Alarms/Acknowledge 404
#1196474 06.07.2026 10:24:30 : EVT LOGGER : Exercise paused
#1196475 06.07.2026 10:24:30 : WRN WBAPI : eID-691468(277): /Dive/DiveGases 404
#1196476 06.07.2026 10:24:30 : WRN WBAPI : eID-691468(277): /Dive/Gauge/Next 404
#1196477 06.07.2026 10:24:40 : EVT <Unknown> : 1783326280296:Off Skin Set.
#1196478 06.07.2026 10:24:41 : EVT <Unknown> : 1783326281048:On Skin Set.
#1196479 06.07.2026 10:24:42 : EVT APPLICATION : Zapp climbl01:Disable
#1196480 06.07.2026 10:24:42 : ERR APPLICATION : Zapp:relMemCb (exec:zapp)
#1196481 06.07.2026 10:24:42 : EVT APPLICATION : Zapp zzwethen:Disable
#1196482 06.07.2026 10:24:42 : EVT ANALYTICS : Zapp disabled i:8 h:3f77f8ec n:Weather
#1196483 06.07.2026 10:24:42 : ERR APPLICATION : Zapp 3:RelMem->unload
#1196484 06.07.2026 10:24:42 : ERR APPLICATION : Zapp:relMemCb (exec:zapp)
#1196485 06.07.2026 10:24:42 : EVT APPLICATION : Zapp zzmoveen:Disable
#1196486 06.07.2026 10:24:42 : EVT ANALYTICS : Zapp disabled i:6 h:7aac0887 n:Movement
#1196487 06.07.2026 10:24:42 : ERR APPLICATION : Zapp 3:RelMem->unload
#1196488 06.07.2026 10:24:42 : ERR APPLICATION : Zapp:relMemCb (exec:zapp)
#1196489 06.07.2026 10:24:42 : ERR APPLICATION : Zapp:RelMem->None avail
#1196490 06.07.2026 10:24:42 : ERR DUKTAPE : JSalloc:2073
#1196491 06.07.2026 10:24:42 : ERR APPLICATION : Zapp:relMemCb (exec:zapp)
#1196492 06.07.2026 10:24:42 : ERR APPLICATION : Zapp:RelMem->None avail
#1196493 06.07.2026 10:24:42 : ERR DUKTAPE : JSalloc:2073
#1196494 06.07.2026 10:24:42 : ERR APPLICATION : Zapp:relMemCb (exec:zapp)
#1196495 06.07.2026 10:24:42 : ERR APPLICATION : Zapp:RelMem->None avail
#1196496 06.07.2026 10:24:42 : ERR DUKTAPE : JSalloc:2073
#1196497 06.07.2026 10:24:42 : EVT UI_FRAMEWORK : evalFile: b:/zapp/climbl01.fea/ext11.js from ui
#1196498 06.07.2026 10:24:42 : EVT ANALYTICS : Zapp disabled i:5 h:a5e7afa5 n:Climb Log
#1196499 06.07.2026 10:24:44 : EVT <Unknown> : 1783326284200:Off Skin Set.
#1196500 06.07.2026 10:24:46 : EVT PMIC : VBUS state is ON
#1196501 06.07.2026 10:24:46 : EVT PMIC : chgCntl1:0x70
#1196502 06.07.2026 10:24:46 : EVT PMIC : check chgCntl1:0x74
#1196503 06.07.2026 10:24:46 : EVT PMIC : Turn charge ON since VBUS->ON
#1196504 06.07.2026 10:24:46 : EVT PMIC : PMIC temp zone:0x2
#1196505 06.07.2026 10:24:46 : EVT PMIC : PMIC Fast-charge constant cur
#1196506 06.07.2026 10:24:46 : EVT OHR : VBUS on
#1196507 06.07.2026 10:24:46 : EVT OHR : S:stop a3
#1196508 06.07.2026 10:24:46 : EVT <Unknown> : 1783326286779:Meas stop 0x21a3
#1196509 06.07.2026 10:24:46 : WRN <Unknown> : 1783326286780:FSM EVT STOP.
#1196510 06.07.2026 10:24:46 : EVT OHR : S:OFF 1->0
#1196511 06.07.2026 10:24:46 : EVT PMIC : VBUS state is ON
#1196512 06.07.2026 10:24:48 : EVT PMIC : PMIC temp zone:0x7
#1196513 06.07.2026 10:24:48 : EVT PMIC : VBUS state is OFF
#1196514 06.07.2026 10:24:48 : EVT PMIC : Turn charge OFF since VBUS->OFF
#1196515 06.07.2026 10:24:48 : EVT OHR : VBUS off
#1196516 06.07.2026 10:24:48 : EVT OHR : S:ON 0->1
#1196517 06.07.2026 10:24:48 : EVT OHR : APPINIT:caps 0x1f4, 6b738616
#1196518 06.07.2026 10:24:48 : EVT <Unknown> : 1783326288654:AI@1783326288630, tz120
#1196519 06.07.2026 10:24:48 : EVT OHR : S:start 0x21a3
#1196520 06.07.2026 10:24:48 : EVT <Unknown> : 1783326288659:Meas start 0x21a3
#1196521 06.07.2026 10:24:48 : EVT OHR : No HR update, invalidate by timer
#1196522 06.07.2026 10:24:48 : EVT <Unknown> : 1783326288675:PD1464, 0
#1196523 06.07.2026 10:24:48 : EVT <Unknown> : 1783326288735:GMV 20251126/1/4/0/395/46
#1196524 06.07.2026 10:24:48 : EVT <Unknown> : 1783326288989:Mi1.6.10, auth 0, hr_mode 0
#1196525 06.07.2026 10:24:49 : EVT PMIC : VBUS state is ON
#1196526 06.07.2026 10:24:49 : EVT PMIC : chgCntl1:0x70
#1196527 06.07.2026 10:24:49 : EVT PMIC : check chgCntl1:0x74
#1196528 06.07.2026 10:24:49 : EVT PMIC : Turn charge ON since VBUS->ON
#1196529 06.07.2026 10:24:49 : ERR WR_MAGN : TLI493D-W2BW (FF=1 PD0=0)
#1196530 06.07.2026 10:24:49 : ERR WR_MAGN : WRMAGN:measure
#1196531 06.07.2026 10:24:49 : TRC FUEL_GAUGE : Chg->1,B:5,C:38.4,V:4244,U:1,bF:82%,bC:82%
#1196532 06.07.2026 10:24:49 : EVT PMIC : PMIC temp zone:0x2
#1196533 06.07.2026 10:24:49 : EVT PMIC : PMIC Fast-charge constant cur
#1196534 06.07.2026 10:24:49 : EVT OHR : VBUS on
#1196535 06.07.2026 10:24:49 : EVT OHR : S:stop a3
#1196536 06.07.2026 10:24:49 : EVT ANALYTICS : Battery-> 2 soc:82
#1196537 06.07.2026 10:24:49 : EVT <Unknown> : 1783326289207:Meas stop 0x21a3
#1196538 06.07.2026 10:24:49 : EVT PMIC : VBUS state is ON
#1196539 06.07.2026 10:24:49 : WRN <Unknown> : 1783326289207:FSM EVT STOP.
#1196540 06.07.2026 10:24:49 : EVT OHR : S:OFF 1->0
#1196541 06.07.2026 10:24:53 : EVT PMIC : PMIC Fast-charge constant voltage
#1196542 06.07.2026 10:24:54 : TRC FUEL_GAUGE : batFgLevel cur:83%, prev:82%
#1196543 06.07.2026 10:24:54 : EVT UI_FRAMEWORK : JS discard disable zapps
#1196544 06.07.2026 10:24:54 : EVT UI_FRAMEWORK : JS will discard
#1196545 06.07.2026 10:24:54 : EVT SPEEDFUSION : INFO # stop speed fusion
#1196546 06.07.2026 10:24:54 : EVT <Unknown> : Update pres sampl intrvl:5
#1196547 06.07.2026 10:24:54 : WRN APPLICATION : discard hrr meas l:3 d:0 sh:73 mh:73 v:0
#1196548 06.07.2026 10:24:54 : WRN WBAPI : eID-698eec(583/65535): 404
#1196549 06.07.2026 10:24:54 : EVT TRAININGZONE : User Define Mode:5
#1196550 06.07.2026 10:24:54 : EVT TRAININGZONE : Tss HR:0.28
#1196551 06.07.2026 10:24:54 : EVT TRAININGZONE : A:16,Tss:[-200.00,-200.00,-200.00,0.28]
#1196552 06.07.2026 10:24:54 : EVT TRAININGLAB : AppFeature Vo2Max 0.000000
#1196553 06.07.2026 10:24:54 : EVT TRAININGLAB : TLab:~Mode T 11508 + 22 A 3220 + 10
#1196554 06.07.2026 10:24:54 : EVT TRAININGLAB : TLab:Change mode 3->2
#1196555 06.07.2026 10:24:54 : EVT TRAININGLAB : TLab:Mode::userInfo 60, 200, 1, 37, 182, 950, 1990
#1196556 06.07.2026 10:24:54 : EVT LOGGER : LGR 934, 80
#1196557 06.07.2026 10:24:54 : EVT TRAININGLAB : ModeUnsub:9145
#1196558 06.07.2026 10:24:54 : EVT TRAININGLAB : ModeSub:0400
#1196559 06.07.2026 10:24:54 : EVT ANALYTICS : WAOae:Activity WAOae:16
#1196560 06.07.2026 10:24:54 : EVT ANALYTICS : WAOae:TotalAcc WAOae:0,0,0
#1196561 06.07.2026 10:24:54 : EVT ANALYTICS : WAOae:AccCount WAOae:0,0,0
#1196562 06.07.2026 10:24:54 : EVT ANALYTICS : WAOae:Distance WAOae:0,0,0
#1196563 06.07.2026 10:24:54 : EVT ANALYTICS : WAOae:Duration WAOae:0,0,0
#1196564 06.07.2026 10:24:54 : EVT ANALYTICS : WAOae:Coeff WAOae:0,40,122,272,773,7524,7624
#1196565 06.07.2026 10:24:54 : EVT LOGGER : Exercise stopped
#1196566 06.07.2026 10:24:54 : EVT BLE : HR RR off (244005183, 57153 ms missing)
#1196567 06.07.2026 10:24:54 : EVT BLE : HR RR done
#1196568 06.07.2026 10:24:54 : EVT LOGGER : HrIbiLogger stop, off (0 ms)
#1196569 06.07.2026 10:24:54 : EVT LOGGER : HrIbiLogger stopped (0 ms)
#1196570 06.07.2026 10:24:54 : TRC GPS : Unsubd c:802b0000
#1196571 06.07.2026 10:24:54 : EVT LOGGER : LGR 934, 80
#1196572 06.07.2026 10:24:54 : EVT LOGGER : LGR 934, 80
#1196573 06.07.2026 10:24:55 : EVT ANALYTICS : SleepQ:Tracking:On
#1196574 06.07.2026 10:24:55 : EVT LOGGER : Wr dpc on
#1196575 06.07.2026 10:24:55 : EVT LOGGER : LGR 20993, 56
#1196576 06.07.2026 10:24:55 : EVT WBSTORAGE : CACHE_DEFRAG (680->1016, 24->24, 25)
#1196577 06.07.2026 10:24:55 : TRC NAVIGATION : CG: no climb WP
#1196578 06.07.2026 10:24:55 : TRC NAVIGATION : CG:init ZoomType=0
#1196579 06.07.2026 10:24:55 : EVT NAVIGATION : initSeg Idx=0 D=1 T=0 3-0-4
#1196580 06.07.2026 10:24:55 : EVT WBSTORAGE : CACHE_DEFRAG (1000->1024, 24->24, 25)
#1196581 06.07.2026 10:24:55 : EVT SPEEDFUSION : INFO # IDLE mode(-1) set
#1196582 06.07.2026 10:24:55 : EVT ALTIFUSION : AltiBaroMode:2
#1196583 06.07.2026 10:24:55 : EVT WBCOMM : P-9 connection made to ECSD00000000
#1196584 06.07.2026 10:24:55 : WRN LOGGER : Delete b:logs/6A3193FA
#1196585 06.07.2026 10:24:55 : EVT WBCOMM : New Route: ECSD00000000
#1196586 06.07.2026 10:24:56 : EVT BLE : Disconn sensor:1
#1196587 06.07.2026 10:24:56 : EVT BLE : BLE Sensor Link 4800180D Disc (L-E-:00:0)
#1196588 06.07.2026 10:24:56 : WRN BLE : sendDisconnect 6157
#1196589 06.07.2026 10:24:56 : ERR BLE : [AURA]No filters left, stopping scan
#1196590 06.07.2026 10:24:57 : EVT ANALYTICS : #powersave mode:p temp:31.1
#1196591 06.07.2026 10:24:57 : EVT ANALYTICS : Battery-> 4 soc:83
#1196592 06.07.2026 10:24:58 : EVT UI_FRAMEWORK : JS discard
#1196593 06.07.2026 10:24:58 : WRN LOGGER : Delete b:logs/6A4B661D
#1196594 06.07.2026 10:24:59 : EVT OHR : No HR update, invalidate by timer
#1196595 06.07.2026 10:25:00 : EVT WBSTORAGE : CACHE_DEFRAG (1000->1008, 24->24, 25)
#1196596 06.07.2026 10:25:00 : EVT APPLICATION : Zapp zwc05901:Load script
#1196597 06.07.2026 10:25:01 : EVT APPLICATION : Zapp zwc05901:Enable
#1196598 06.07.2026 10:25:01 : EVT ANALYTICS : Sync start
#1196599 06.07.2026 10:25:01 : EVT ANALYTICS : Zapp enabled i:3 h:ddb248f2 n:zwc05901 v:124f
#1196600 06.07.2026 10:25:01 : WRN WBAPI : eID-691468(277): /Weather/Current/ValidWeatherData.temp 
#1196601 06.07.2026 10:25:01 : EVT ANALYTICS : Sync start
#1196602 06.07.2026 10:25:01 : EVT ANALYTICS : #sf R:5 A:Xiamen-fw_2.53.42.29545-V-8b67dbcf
#1196603 06.07.2026 10:25:02 : EVT ANALYTICS : #sf R:5 A:Xiamen-fw_2.53.42.29545-V-8b67dbcf
#1196604 06.07.2026 10:25:02 : WRN WBCOMM : Route ECSD00000000 error 504: Dropping existing connecti
#1196605 06.07.2026 10:25:02 : EVT WBCOMM : Route lost: ECSD00000000
#1196606 06.07.2026 10:25:02 : EVT WBCOMM : P-9 connection made to ECSD00000000
#1196607 06.07.2026 10:25:02 : EVT WBCOMM : New Route: ECSD00000000
#1196608 06.07.2026 10:25:06 : ERR WBMAIN : *0: app 1075 Event 36 80005310
#1196609 06.07.2026 10:25:06 : ERR WBMAIN : 1: mea 13 Wait 0 00000000
#1196610 06.07.2026 10:25:06 : ERR WBMAIN : 2: ui 4 Wait 0 00000000
#1196611 06.07.2026 10:25:07 : ERR WBMAIN : *0: app 859 Event 36 80005310
#1196612 06.07.2026 10:25:07 : ERR WBMAIN : 1: mea 80 Wait 0 00000000
#1196613 06.07.2026 10:25:07 : ERR WBMAIN : 2: ui 70 Wait 0 00000000
#1196614 06.07.2026 10:25:08 : EVT ANALYTICS : Sync start
#1196615 06.07.2026 10:25:08 : EVT ANALYTICS : Sync start
#1196616 06.07.2026 10:25:15 : EVT WBSTORAGE : CACHE_DEFRAG (880->888, 24->24, 25)
#1196617 06.07.2026 10:25:15 : EVT WBSTORAGE : CACHE_DEFRAG (856->864, 24->24, 25)
#1196618 06.07.2026 10:25:16 : EVT WBSTORAGE : CACHE_DEFRAG (816->824, 24->24, 25)
#1196619 06.07.2026 10:25:16 : EVT <Unknown> : DL Region List
#1196620 06.07.2026 10:25:16 : EVT WIFI : Pwr up
#1196621 06.07.2026 10:25:22 : EVT WIFI : pwr up
#1196622 06.07.2026 10:25:22 : EVT WIFI : SDK Ver(3.2.8.1)
#1196623 06.07.2026 10:25:22 : EVT WIFI : Scann APs (1/3)
#1196624 06.07.2026 10:25:23 : EVT WIFI : APs scanned:12
#1196625 06.07.2026 10:25:23 : EVT WBSTORAGE : CACHE_DEFRAG (808->816, 24->24, 25)
#1196626 06.07.2026 10:25:23 : WRN WIFI : No APs matched to connect
#1196627 06.07.2026 10:25:23 : EVT WIFI : Scann APs (2/3)
#1196628 06.07.2026 10:25:24 : EVT WIFI : APs scanned:14
#1196629 06.07.2026 10:25:24 : WRN WIFI : No APs matched to connect
#1196630 06.07.2026 10:25:24 : EVT WIFI : Scann APs (3/3)
#1196631 06.07.2026 10:25:24 : EVT WIFI : APs scanned:8
#1196632 06.07.2026 10:25:24 : WRN WIFI : No APs matched to connect
#1196633 06.07.2026 10:25:24 : EVT WIFI : Internal connect ret:103
#1196634 06.07.2026 10:25:24 : ERR <Unknown> : DL GET resultCode=500
#1196635 06.07.2026 10:25:24 : EVT <Unknown> : DL try retry after 320000 ms
#1196636 06.07.2026 10:25:37 : EVT WIFI : Pwr down idle wifi (TO:13se)
#1196637 06.07.2026 10:25:37 : EVT WIFI : pwr down OK
#1196638 06.07.2026 10:25:46 : TRC FUEL_GAUGE : batFgLevel cur:84%, prev:83%
#1196639 06.07.2026 10:26:46 : TRC FUEL_GAUGE : batFgLevel cur:85%, prev:84%
#1196640 06.07.2026 10:27:50 : TRC FUEL_GAUGE : batFgLevel cur:86%, prev:85%
#1196641 06.07.2026 10:29:00 : TRC FUEL_GAUGE : batFgLevel cur:87%, prev:86%
#1196642 06.07.2026 10:30:00 : ERR WBMAIN : *0: app 930 Event 24 80892700
#1196643 06.07.2026 10:30:00 : ERR WBMAIN : 1: mea 0 Event 3 80891701
#1196644 06.07.2026 10:30:00 : ERR WBMAIN : 2: ui 926 Wait 0 00000000
#1196645 06.07.2026 10:30:16 : TRC FUEL_GAUGE : batFgLevel cur:88%, prev:87%
#1196646 06.07.2026 10:30:44 : EVT <Unknown> : DL Region List
#1196647 06.07.2026 10:30:45 : EVT WIFI : Pwr up
#1196648 06.07.2026 10:30:51 : EVT WIFI : pwr up
#1196649 06.07.2026 10:30:51 : EVT WIFI : SDK Ver(3.2.8.1)
#1196650 06.07.2026 10:30:51 : EVT WIFI : Scann APs (1/3)
#1196651 06.07.2026 10:30:52 : EVT WIFI : APs scanned:4
#1196652 06.07.2026 10:30:52 : WRN WIFI : No APs matched to connect
#1196653 06.07.2026 10:30:52 : EVT WIFI : Scann APs (2/3)
#1196654 06.07.2026 10:30:53 : EVT WIFI : APs scanned:14
#1196655 06.07.2026 10:30:53 : WRN WIFI : No APs matched to connect
#1196656 06.07.2026 10:30:53 : EVT WIFI : Scann APs (3/3)
#1196657 06.07.2026 10:30:53 : EVT WIFI : APs scanned:10
#1196658 06.07.2026 10:30:53 : WRN WIFI : No APs matched to connect
#1196659 06.07.2026 10:30:53 : EVT WIFI : Internal connect ret:103
#1196660 06.07.2026 10:30:53 : ERR <Unknown> : DL GET resultCode=500
#1196661 06.07.2026 10:30:53 : EVT <Unknown> : DL try retry after 640000 ms
#1196662 06.07.2026 10:31:06 : EVT WIFI : Pwr down idle wifi (TO:13se)
#1196663 06.07.2026 10:31:06 : EVT WIFI : pwr down OK
#1196664 06.07.2026 10:31:40 : TRC FUEL_GAUGE : batFgLevel cur:89%, prev:88%
#1196665 06.07.2026 10:33:14 : TRC FUEL_GAUGE : batFgLevel cur:90%, prev:89%
#1196666 06.07.2026 10:34:58 : TRC FUEL_GAUGE : batFgLevel cur:91%, prev:90%
#1196667 06.07.2026 10:36:54 : TRC FUEL_GAUGE : batFgLevel cur:92%, prev:91%
#1196668 06.07.2026 10:39:08 : TRC FUEL_GAUGE : batFgLevel cur:93%, prev:92%
#1196669 06.07.2026 10:41:33 : EVT <Unknown> : DL Region List
#1196670 06.07.2026 10:41:34 : EVT WIFI : Pwr up
#1196671 06.07.2026 10:41:40 : EVT WIFI : pwr up
#1196672 06.07.2026 10:41:40 : EVT WIFI : SDK Ver(3.2.8.1)
#1196673 06.07.2026 10:41:40 : EVT WIFI : Scann APs (1/3)
#1196674 06.07.2026 10:41:41 : EVT WIFI : APs scanned:12
#1196675 06.07.2026 10:41:41 : WRN WIFI : No APs matched to connect
#1196676 06.07.2026 10:41:41 : EVT WIFI : Scann APs (2/3)
#1196677 06.07.2026 10:41:42 : EVT WIFI : APs scanned:9
#1196678 06.07.2026 10:41:42 : WRN WIFI : No APs matched to connect
#1196679 06.07.2026 10:41:42 : EVT WIFI : Scann APs (3/3)
#1196680 06.07.2026 10:41:42 : EVT WIFI : APs scanned:11
#1196681 06.07.2026 10:41:43 : WRN WIFI : No APs matched to connect
#1196682 06.07.2026 10:41:43 : EVT WIFI : Internal connect ret:103
#1196683 06.07.2026 10:41:43 : ERR <Unknown> : DL GET resultCode=500
#1196684 06.07.2026 10:41:43 : EVT <Unknown> : DL try retry after 900000 ms
#1196685 06.07.2026 10:41:44 : TRC FUEL_GAUGE : batFgLevel cur:94%, prev:93%
#1196686 06.07.2026 10:41:56 : EVT WIFI : Pwr down idle wifi (TO:13se)
#1196687 06.07.2026 10:41:56 : EVT WIFI : pwr down OK
#1196688 06.07.2026 10:44:48 : TRC FUEL_GAUGE : batFgLevel cur:95%, prev:94%
#1196689 06.07.2026 10:48:32 : TRC FUEL_GAUGE : batFgLevel cur:96%, prev:95%
#1196690 06.07.2026 10:48:40 : TRC FUEL_GAUGE : Batt: 4435 mV (raw: 4432) soc: 96 %, T: 29.5 C,H:102
#1196691 06.07.2026 10:53:10 : TRC FUEL_GAUGE : batFgLevel cur:97%, prev:96%
#1196692 06.07.2026 10:55:28 : EVT PMIC : PMIC Fast-charge constant cur
#1196693 06.07.2026 10:55:28 : EVT PMIC : PMIC Fast-charge constant voltage
#1196694 06.07.2026 10:55:28 : EVT PMIC : PMIC Fast-charge constant cur
#1196695 06.07.2026 10:55:28 : EVT PMIC : PMIC Fast-charge constant cur
#1196696 06.07.2026 10:55:29 : EVT PMIC : PMIC Fast-charge constant cur
#1196697 06.07.2026 10:55:29 : EVT PMIC : PMIC Fast-charge constant voltage
#1196698 06.07.2026 10:55:29 : EVT PMIC : PMIC Fast-charge constant cur
#1196699 06.07.2026 10:55:29 : EVT APPLICATION : Plugin climbl01.zip as type:[2]
#1196700 06.07.2026 10:55:29 : EVT PMIC : PMIC Fast-charge constant cur
#1196701 06.07.2026 10:55:29 : EVT PMIC : PMIC Fast-charge constant cur
#1196702 06.07.2026 10:55:29 : EVT PMIC : PMIC Fast-charge constant cur
#1196703 06.07.2026 10:55:29 : EVT PMIC : PMIC Fast-charge constant voltage
#1196704 06.07.2026 10:55:30 : EVT PMIC : PMIC Fast-charge constant cur
#1196705 06.07.2026 10:55:30 : EVT PMIC : PMIC Fast-charge constant voltage
#1196706 06.07.2026 10:55:30 : EVT PMIC : PMIC Fast-charge constant cur
#1196707 06.07.2026 10:55:30 : EVT PMIC : PMIC Fast-charge constant cur
#1196708 06.07.2026 10:55:30 : EVT PMIC : PMIC Fast-charge constant cur
#1196709 06.07.2026 10:55:30 : EVT PMIC : PMIC Fast-charge constant voltage
#1196710 06.07.2026 10:55:30 : ERR WBMAIN : *0: app 1696 Event 36 80005310
#1196711 06.07.2026 10:55:30 : ERR WBMAIN : 1: mea 2 Wait 0 00000000
#1196712 06.07.2026 10:55:30 : ERR WBMAIN : 2: ui 917 Wait 0 00000000
#1196713 06.07.2026 10:55:31 : EVT PMIC : PMIC Precharge
#1196714 06.07.2026 10:55:31 : EVT PMIC : PMIC Fast-charge constant cur
#1196715 06.07.2026 10:55:31 : EVT PMIC : PMIC Fast-charge constant voltage
#1196716 06.07.2026 10:55:31 : ERR WBMAIN : *0: app 791 Event 36 80005310
#1196717 06.07.2026 10:55:31 : ERR WBMAIN : 1: mea 101 Wait 0 00000000
#1196718 06.07.2026 10:55:31 : ERR WBMAIN : 2: ui 718 Wait 0 00000000
#1196719 06.07.2026 10:55:31 : EVT PMIC : PMIC Fast-charge constant cur
#1196720 06.07.2026 10:55:31 : EVT PMIC : PMIC Fast-charge constant cur
#1196721 06.07.2026 10:55:32 : EVT PMIC : PMIC Fast-charge constant cur
#1196722 06.07.2026 10:55:32 : EVT PMIC : PMIC Fast-charge constant voltage
#1196723 06.07.2026 10:55:32 : EVT PMIC : PMIC Fast-charge constant cur
#1196724 06.07.2026 10:55:32 : EVT PMIC : PMIC Fast-charge constant cur
#1196725 06.07.2026 10:55:32 : EVT PMIC : PMIC Fast-charge constant cur
#1196726 06.07.2026 10:55:32 : EVT PMIC : PMIC Fast-charge constant cur
#1196727 06.07.2026 10:55:32 : EVT ANALYTICS : Sync start
#1196728 06.07.2026 10:55:32 : EVT PMIC : PMIC Fast-charge constant voltage
#1196729 06.07.2026 10:55:32 : EVT PMIC : PMIC Fast-charge constant cur
#1196730 06.07.2026 10:55:33 : EVT ANALYTICS : Sync start
#1196731 06.07.2026 10:55:33 : EVT PMIC : PMIC Fast-charge constant voltage
#1196732 06.07.2026 10:55:33 : EVT PMIC : PMIC Precharge
#1196733 06.07.2026 10:55:33 : EVT PMIC : PMIC Fast-charge constant cur
#1196734 06.07.2026 10:55:33 : EVT PMIC : PMIC Fast-charge constant voltage
#1196735 06.07.2026 10:55:36 : TRC APPLICATION : Zapp climbl01 uninstalled
#1196736 06.07.2026 10:55:36 : EVT PMIC : PMIC Fast-charge constant cur
#1196737 06.07.2026 10:55:36 : EVT PMIC : PMIC Fast-charge constant voltage
#1196738 06.07.2026 10:55:36 : EVT PMIC : PMIC Fast-charge constant cur
#1196739 06.07.2026 10:55:37 : EVT PMIC : PMIC Fast-charge constant voltage
#1196740 06.07.2026 10:55:37 : ERR WBMAIN : *0: app 1652 Event 36 80005310
#1196741 06.07.2026 10:55:37 : ERR WBMAIN : 1: mea 344 Wait 0 00000000
#1196742 06.07.2026 10:55:37 : ERR WBMAIN : 2: ui 659 Wait 0 00000000
#1196743 06.07.2026 10:55:37 : EVT PMIC : PMIC Fast-charge constant cur
#1196744 06.07.2026 10:55:37 : EVT PMIC : PMIC Fast-charge constant cur
#1196745 06.07.2026 10:55:37 : EVT PMIC : PMIC Fast-charge constant voltage
#1196746 06.07.2026 10:55:38 : EVT PMIC : PMIC Fast-charge constant cur
#1196747 06.07.2026 10:55:38 : EVT PMIC : PMIC Fast-charge constant cur
#1196748 06.07.2026 10:55:38 : ERR WBMAIN : *0: app 705 Event 36 80005310
#1196749 06.07.2026 10:55:38 : ERR WBMAIN : 1: mea 54 Wait 0 00000000
#1196750 06.07.2026 10:55:38 : ERR WBMAIN : 2: ui 370 Wait 0 00000000
#1196751 06.07.2026 10:55:38 : EVT PMIC : PMIC Fast-charge constant voltage
#1196752 06.07.2026 10:55:38 : EVT PMIC : PMIC Fast-charge constant cur
#1196753 06.07.2026 10:55:38 : EVT PMIC : PMIC Fast-charge constant voltage
#1196754 06.07.2026 10:55:39 : EVT PMIC : PMIC Fast-charge constant cur
#1196755 06.07.2026 10:55:39 : EVT ANALYTICS : Sync start
#1196756 06.07.2026 10:55:39 : EVT PMIC : PMIC Fast-charge constant voltage
#1196757 06.07.2026 10:55:39 : EVT PMIC : PMIC Fast-charge constant cur
#1196758 06.07.2026 10:55:39 : EVT ANALYTICS : Sync start
#1196759 06.07.2026 10:55:39 : EVT PMIC : PMIC Fast-charge constant voltage
#1196760 06.07.2026 10:55:39 : EVT PMIC : PMIC Fast-charge constant cur
#1196761 06.07.2026 10:55:39 : EVT PMIC : PMIC Fast-charge constant cur
#1196762 06.07.2026 10:55:40 : EVT PMIC : PMIC Fast-charge constant voltage
#1196763 06.07.2026 10:55:43 : EVT PMIC : PMIC Fast-charge constant cur
#1196764 06.07.2026 10:55:43 : EVT PMIC : PMIC Fast-charge constant cur
#1196765 06.07.2026 10:55:43 : EVT PMIC : PMIC Fast-charge constant cur
#1196766 06.07.2026 10:55:43 : EVT PMIC : PMIC Fast-charge constant cur
#1196767 06.07.2026 10:55:43 : EVT PMIC : PMIC Fast-charge constant voltage
#1196768 06.07.2026 10:55:43 : EVT PMIC : PMIC Fast-charge constant cur
#1196769 06.07.2026 10:55:44 : EVT PMIC : PMIC Fast-charge constant cur
#1196770 06.07.2026 10:55:44 : EVT PMIC : PMIC Fast-charge constant cur
#1196771 06.07.2026 10:55:44 : EVT PMIC : PMIC Fast-charge constant cur
#1196772 06.07.2026 10:55:44 : EVT PMIC : PMIC Fast-charge constant cur
#1196773 06.07.2026 10:55:44 : EVT PMIC : PMIC Fast-charge constant cur
#1196774 06.07.2026 10:55:44 : EVT PMIC : PMIC Fast-charge constant cur
#1196775 06.07.2026 10:55:44 : EVT APPLICATION : Plugin climbl01.zip as type:[2]
#1196776 06.07.2026 10:55:44 : EVT PMIC : PMIC Fast-charge constant voltage
#1196777 06.07.2026 10:55:45 : EVT PMIC : PMIC Fast-charge constant cur
#1196778 06.07.2026 10:55:45 : EVT PMIC : PMIC Fast-charge constant cur
#1196779 06.07.2026 10:55:45 : EVT PMIC : PMIC Fast-charge constant voltage
#1196780 06.07.2026 10:55:45 : EVT PMIC : PMIC Fast-charge constant cur
#1196781 06.07.2026 10:55:45 : EVT PMIC : PMIC Precharge
#1196782 06.07.2026 10:55:45 : EVT PMIC : PMIC Fast-charge constant cur
#1196783 06.07.2026 10:55:45 : EVT PMIC : PMIC Fast-charge constant cur
#1196784 06.07.2026 10:55:45 : EVT PMIC : PMIC Fast-charge constant voltage
#1196785 06.07.2026 10:55:45 : EVT PMIC : PMIC Precharge
#1196786 06.07.2026 10:55:45 : EVT PMIC : PMIC Fast-charge constant cur
#1196787 06.07.2026 10:55:45 : EVT PMIC : PMIC Fast-charge constant cur
#1196788 06.07.2026 10:55:45 : EVT PMIC : PMIC Fast-charge constant cur
#1196789 06.07.2026 10:55:46 : EVT PMIC : PMIC Fast-charge constant voltage
#1196790 06.07.2026 10:55:46 : ERR WBMAIN : *0: app 1704 Event 36 80005310
#1196791 06.07.2026 10:55:46 : ERR WBMAIN : 1: mea 17 Wait 0 00000000
#1196792 06.07.2026 10:55:46 : ERR WBMAIN : 2: ui 203 Wait 0 00000000
#1196793 06.07.2026 10:55:46 : EVT PMIC : PMIC Fast-charge constant cur
#1196794 06.07.2026 10:55:46 : EVT PMIC : PMIC Precharge
#1196795 06.07.2026 10:55:46 : EVT PMIC : PMIC Fast-charge constant cur
#1196796 06.07.2026 10:55:47 : ERR WBMAIN : *0: app 786 Event 36 80005310
#1196797 06.07.2026 10:55:47 : ERR WBMAIN : 1: mea 199 Wait 0 00000000
#1196798 06.07.2026 10:55:47 : ERR WBMAIN : 2: ui 788 Wait 0 00000000
#1196799 06.07.2026 10:55:47 : EVT PMIC : PMIC Fast-charge constant voltage
#1196800 06.07.2026 10:55:47 : EVT PMIC : PMIC Fast-charge constant cur
#1196801 06.07.2026 10:55:47 : EVT PMIC : PMIC Fast-charge constant cur
#1196802 06.07.2026 10:55:47 : EVT PMIC : PMIC Fast-charge constant cur
#1196803 06.07.2026 10:55:48 : EVT ANALYTICS : Sync start
#1196804 06.07.2026 10:55:48 : EVT PMIC : PMIC Fast-charge constant cur
#1196805 06.07.2026 10:55:48 : EVT PMIC : PMIC Fast-charge constant cur
#1196806 06.07.2026 10:55:48 : EVT PMIC : PMIC Fast-charge constant cur
#1196807 06.07.2026 10:55:48 : EVT PMIC : PMIC Fast-charge constant cur
#1196808 06.07.2026 10:55:48 : EVT ANALYTICS : Sync start
#1196809 06.07.2026 10:55:48 : EVT PMIC : PMIC Fast-charge constant voltage
#1196810 06.07.2026 10:55:48 : EVT PMIC : PMIC Fast-charge constant cur
#1196811 06.07.2026 10:55:48 : EVT PMIC : PMIC Fast-charge constant cur
#1196812 06.07.2026 10:55:49 : EVT PMIC : PMIC Fast-charge constant voltage
#1196813 06.07.2026 10:56:24 : EVT PMIC : PMIC Fast-charge constant cur
#1196814 06.07.2026 10:56:24 : EVT PMIC : PMIC temp zone:0x7
#1196815 06.07.2026 10:56:24 : EVT PMIC : VBUS state is OFF
#1196816 06.07.2026 10:56:24 : EVT PMIC : Turn charge OFF since VBUS->OFF
#1196817 06.07.2026 10:56:24 : EVT WBCOMM : Route lost: ECSD00000000
#1196818 06.07.2026 10:56:24 : TRC FUEL_GAUGE : Chg->0,B:5,C:62.8,V:4436,U:0,bF:97%,bC:97%
#1196819 06.07.2026 10:56:24 : EVT OHR : VBUS off
#1196820 06.07.2026 10:56:24 : EVT OHR : S:ON 0->1
#1196821 06.07.2026 10:56:25 : EVT ANALYTICS : Battery-> 1 soc:97
#1196822 06.07.2026 10:56:25 : EVT OHR : APPINIT:caps 0x1f4, 6b738616
#1196823 06.07.2026 10:56:25 : EVT <Unknown> : 1783328185444:AI@1783328185420, tz120
#1196824 06.07.2026 10:56:25 : EVT OHR : S:start 0x2123
#1196825 06.07.2026 10:56:25 : EVT <Unknown> : 1783328185450:Meas start 0x2123
#1196826 06.07.2026 10:56:25 : EVT <Unknown> : 1783328185464:PD1464, 0
#1196827 06.07.2026 10:56:25 : EVT <Unknown> : 1783328185524:GMV 20251126/1/4/0/395/46
#1196828 06.07.2026 10:56:25 : EVT <Unknown> : 1783328185779:Mi1.6.10, auth 0, hr_mode 0
#1196829 06.07.2026 10:56:26 : EVT <Unknown> : 1783328186030:On Skin Set.
#1196830 06.07.2026 10:56:28 : EVT WBSTORAGE : CACHE_DEFRAG (776->792, 24->24, 25)
#1196831 06.07.2026 10:56:29 : TRC NAVIGATION : CG: no climb WP
#1196832 06.07.2026 10:56:29 : TRC NAVIGATION : CG:init ZoomType=0
#1196833 06.07.2026 10:56:29 : EVT NAVIGATION : initSeg Idx=0 D=1 T=0 3-0-4
#1196834 06.07.2026 10:56:29 : EVT WBSTORAGE : CACHE_DEFRAG (744->904, 24->24, 25)
#1196835 06.07.2026 10:56:29 : EVT ALTIFUSION : AltiBaroMode:0
#1196836 06.07.2026 10:56:29 : EVT ALTIFUSION : Init AltiBaro
#1196837 06.07.2026 10:56:29 : EVT APPLICATION : Zapp zwc05901:Disable
#1196838 06.07.2026 10:56:29 : EVT ANALYTICS : Zapp disabled i:3 h:ddb248f2 n:Vector classic
#1196839 06.07.2026 10:56:29 : EVT ANALYTICS : SleepQ:Tracking:On
#1196840 06.07.2026 10:56:29 : EVT ALTIFUSION : AltiBaroMode:0
#1196841 06.07.2026 10:56:29 : EVT ALTIFUSION : Init AltiBaro
#1196842 06.07.2026 10:56:29 : EVT UI_FRAMEWORK : JS nsto enable zapp: zzwethen
#1196843 06.07.2026 10:56:29 : EVT UI_FRAMEWORK : JS nsto enable zapp: climbl01
#1196844 06.07.2026 10:56:29 : EVT UI_FRAMEWORK : JS nsto enable zapp: zzmoveen
#1196845 06.07.2026 10:56:29 : EVT APPLICATION : Zapp zzwethen:Load script
#1196846 06.07.2026 10:56:29 : EVT APPLICATION : Zapp zzwethen:Enable
#1196847 06.07.2026 10:56:29 : EVT ANALYTICS : Zapp enabled i:8 h:3f77f8ec n:zzwethen v:ade
#1196848 06.07.2026 10:56:29 : EVT APPLICATION : Zapp clid:32878
#1196849 06.07.2026 10:56:29 : EVT APPLICATION : Zapp climbl01:Load script
#1196850 06.07.2026 10:56:29 : EVT APPLICATION : Zapp climbl01:Enable
#1196851 06.07.2026 10:56:29 : EVT ANALYTICS : Zapp enabled i:5 h:a5e7afa5 n:climbl01 v:3.0
#1196852 06.07.2026 10:56:29 : EVT APPLICATION : Zapp clid:32879
#1196853 06.07.2026 10:56:30 : EVT APPLICATION : Zapp zzmoveen:Load script
#1196854 06.07.2026 10:56:30 : EVT APPLICATION : Zapp zzmoveen:Enable
#1196855 06.07.2026 10:56:30 : EVT ANALYTICS : Zapp enabled i:6 h:7aac0887 n:zzmoveen v:8e0
#1196856 06.07.2026 10:56:30 : EVT UI_FRAMEWORK : evalFile: b:/zapp/zzmoveen.fea/ext1.js from ui
#1196857 06.07.2026 10:56:30 : EVT APPLICATION : Zapp clid:32880
#1196858 06.07.2026 10:56:30 : EVT UI_FRAMEWORK : JS nsto all zapps enabled.
#1196859 06.07.2026 10:56:30 : EVT UI_FRAMEWORK : JS Prestart Activity Id: 16.000
#1196860 06.07.2026 10:56:30 : WRN WBAPI : eID-691468(277): /Dive/Alarms/Acknowledge 404
#1196861 06.07.2026 10:56:30 : WRN WBAPI : eID-691468(277): /Dive/DiveGases 404
#1196862 06.07.2026 10:56:30 : WRN WBAPI : eID-691468(277): /Dive/Gauge/Next 404
#1196863 06.07.2026 10:56:30 : EVT WBSTORAGE : CACHE_DEFRAG (880->888, 24->24, 25)
#1196864 06.07.2026 10:56:30 : EVT WBSTORAGE : CACHE_DEFRAG (816->824, 24->24, 25)
#1196865 06.07.2026 10:56:30 : EVT WBSTORAGE : CACHE_DEFRAG (752->760, 24->24, 25)
#1196866 06.07.2026 10:56:30 : ERR <Unknown> : 1783328190045:Mi invalid call:100,code:0.
#1196867 06.07.2026 10:56:30 : EVT BLE : BLE Sensor Link 4800180D Conn (--E-:00:1)
#1196868 06.07.2026 10:56:30 : WRN BLE : sendConnect 6157
#1196869 06.07.2026 10:56:30 : WRN WBAPI : eID-691468(277): /Dive/TankPressure/Alarm/Count 404
#1196870 06.07.2026 10:56:31 : EVT UI_FRAMEWORK : evalFile: b:/zapp/climbl01.fea/ext12.js from ui
#1196871 06.07.2026 10:56:31 : ERR APPLICATION : Zapp:relMemCb (exec:zapp)
#1196872 06.07.2026 10:56:31 : EVT APPLICATION : Zapp zzwethen:Disable
#1196873 06.07.2026 10:56:31 : EVT ANALYTICS : Zapp disabled i:8 h:3f77f8ec n:Weather
#1196874 06.07.2026 10:56:31 : ERR APPLICATION : Zapp 3:RelMem->unload
#1196875 06.07.2026 10:56:31 : ERR APPLICATION : Zapp:relMemCb (exec:zapp)
#1196876 06.07.2026 10:56:31 : EVT APPLICATION : Zapp zzmoveen:Disable
#1196877 06.07.2026 10:56:31 : EVT ANALYTICS : Zapp disabled i:6 h:7aac0887 n:Movement
#1196878 06.07.2026 10:56:31 : ERR APPLICATION : Zapp 3:RelMem->unload
#1196879 06.07.2026 10:56:34 : EVT EXT_FLASH : ExtFID 0xc2,0x25,0x39
#1196880 06.07.2026 10:56:34 : ERR FAULT : HardFault (task:ui)
#1196881 06.07.2026 10:56:34 : ERR FAULT : HFSR:  0x40000000
#1196882 06.07.2026 10:56:34 : ERR FAULT : CFSR:  0x01000000
#1196883 06.07.2026 10:56:34 : ERR FAULT : MMFAR: 0x00000000
#1196884 06.07.2026 10:56:34 : ERR FAULT : BFAR:  0x00000000
#1196885 06.07.2026 10:56:34 : ERR FAULT : Possible Call Backtrace:
#1196886 06.07.2026 10:56:34 : ERR FAULT : #00 0x0050D386
#1196887 06.07.2026 10:56:34 : ERR FAULT : #01 0x004E4324
#1196888 06.07.2026 10:56:34 : ERR FAULT : #02 0x004B8786
#1196889 06.07.2026 10:56:34 : ERR FAULT : #03 0x004B1B3A
#1196890 06.07.2026 10:56:34 : ERR FAULT : #04 0x004B1B3A
#1196891 06.07.2026 10:56:34 : ERR FAULT : #05 0x0050D374
#1196892 06.07.2026 10:56:34 : ERR FAULT : #06 0x004B1B2C
#1196893 06.07.2026 10:56:34 : ERR FAULT : #07 0x004A8DAA
#1196894 06.07.2026 10:56:34 : ERR FAULT : Register State:
#1196895 06.07.2026 10:56:34 : ERR FAULT : R0:  0x00000000
#1196896 06.07.2026 10:56:34 : ERR FAULT : R1:  0x2003F118
#1196897 06.07.2026 10:56:34 : ERR FAULT : R2:  0x006A301C
#1196898 06.07.2026 10:56:34 : ERR FAULT : R3:  0xD1FD3801
#1196899 06.07.2026 10:56:34 : ERR FAULT : R12: 0xFFF30000
#1196900 06.07.2026 10:56:34 : ERR FAULT : SP:  0x2003F0A8
#1196901 06.07.2026 10:56:34 : ERR FAULT : LR:  0x0050D381
#1196902 06.07.2026 10:56:34 : ERR FAULT : PC:  0x0050D386
#1196903 06.07.2026 10:56:34 : ERR FAULT : PSR: 0x69100000
#1196904 06.07.2026 10:56:34 : ERR FAULT : ===== Stack dump =====
#1196905 06.07.2026 10:56:34 : ERR FAULT : 0x2003F0A8: 0x00000000 0x2003F118 0x006A301C 0xD1FD3801 
#1196906 06.07.2026 10:56:34 : ERR FAULT : 0x2003F0B8: 0xFFF30000 0x0050D381 0x0050D386 0x69100000 
#1196907 06.07.2026 10:56:34 : ERR FAULT : 0x2003F0C8: 0x2003F0D8 0x004E4325 0x2029FD98 0x004B8787 
#1196908 06.07.2026 10:56:34 : ERR FAULT : 0x2003F0D8: 0x00000000 0xFFFFFFFF 0x2003F100 0x2029FBE0 
#1196909 06.07.2026 10:56:34 : ERR FAULT : 0x2003F0E8: 0x2029FBE0 0x004B1B3B 0x00000000 0xFFFFFFFF 
#1196910 06.07.2026 10:56:34 : ERR FAULT : 0x2003F0F8: 0x2029FBE0 0x004B1B3B 0x00000000 0xFFFFFFFF 
#1196911 06.07.2026 10:56:34 : ERR FAULT : 0x2003F108: 0x20010810 0x0050D375 0x00000000 0x2003F130 
#1196912 06.07.2026 10:56:34 : ERR FAULT : 0x2003F118: 0x006A301C 0x0050D404 0x7FFFFFFF 0x20012544 
#1196913 06.07.2026 10:56:34 : ERR FAULT : ===== End of Stack Dump =====
#1196914 06.07.2026 10:56:34 : ERR FAULT : HF ERROR
#1196915 06.07.2026 10:56:34 : EVT BOOTLOOP : Faultcom c:fa017c01 ts:1783113032 n:1783328194
#1196916 06.07.2026 10:56:34 : TRC APPLICATION : Start wuiapp 2.53.42 in mode 5 (asked 5 (5h))
#1196917 06.07.2026 10:56:34 : TRC APPLICATION : HwVersion: 1424B3
#1196918 06.07.2026 10:56:34 : TRC APPLICATION : BID: 8585924/09b8e246
#1196919 06.07.2026 10:56:34 : EVT ANALYTICS : #start bl:00000001 c:0001c091 r:1000 s:00
#1196920 06.07.2026 10:56:34 : TRC FUEL_GAUGE : Initial batt voltage: 4411.328125 mV
#1196921 06.07.2026 10:56:35 : EVT FWUPDATE : onInputEvent 1
#1196922 06.07.2026 10:56:35 : EVT FILESYSTEM : Storage:init HccFat
#1196923 06.07.2026 10:56:35 : TRC FILESYSTEM : HCC Malloc:6304
#1196924 06.07.2026 10:56:35 : TRC FILESYSTEM : HCC init 7 cache
#1196925 06.07.2026 10:56:35 : TRC FILESYSTEM : HCC logblock daemon Init
#1196926 06.07.2026 10:56:35 : EVT FILESYSTEM : Ena eMMC vol (init)
#1196927 06.07.2026 10:56:35 : EVT FILESYSTEM : maxfh:1 30 1 c:volume0.inf
#1196928 06.07.2026 10:56:35 : EVT FILESYSTEM : maxfh:2 81 1 c:volume0.inf
#1196929 06.07.2026 10:56:35 : TRC FWUPDATE : FSS crc:4085972702[ok] sta:0 sec:65535 reb:0
#1196930 06.07.2026 10:56:35 : TRC FWUPDATE : FSS cu:8b67dbcf se:8b67dbcf in:4
#1196931 06.07.2026 10:56:40 : EVT POWER_STATE : HistoryStorage Construction
#1196932 06.07.2026 10:56:40 : TRC MAPS : Wait for req
#1196933 06.07.2026 10:56:40 : EVT WBSTORAGE : PRELOAD_DONE Cache free:idx:20 mem:1336B
#1196934 06.07.2026 10:56:40 : EVT PRESSURE : ALPS HSPPAD143 pres sensor found
#1196935 06.07.2026 10:56:40 : EVT PRESSURE : PressCalib:Checksum not valid
#1196936 06.07.2026 10:56:41 : EVT PRESSURE : PressCalib read OK:-1.551000
#1196937 06.07.2026 10:56:41 : TRC PRESSURE : Sensor ALPS HSPPAD143 detected
#1196938 06.07.2026 10:56:41 : EVT WR_MAGN : TLI493D-W2BW HW-revision:0x9 (type 0x0)
#1196939 06.07.2026 10:56:41 : EVT PMIC : VBUS state is OFF
#1196940 06.07.2026 10:56:41 : EVT PMIC : chgCntl1:0x74
#1196941 06.07.2026 10:56:41 : EVT PMIC : check chgCntl1:0x74
#1196942 06.07.2026 10:56:42 : ERR WBMAIN : 0: app 679 Wait 0 00000000
#1196943 06.07.2026 10:56:42 : ERR WBMAIN : *1: mea 732 DPC 12 00457803
#1196944 06.07.2026 10:56:42 : ERR WBMAIN : 2: ui 7117 Wait 0 00000000
#1196945 06.07.2026 10:56:42 : EVT FUEL_GAUGE : init, force:0
#1196946 06.07.2026 10:56:42 : EVT FUEL_GAUGE : check:1 lrn_tempco reg:0x5d75, store:0x5d75 mode:0x5d75
#1196947 06.07.2026 10:56:42 : EVT OHR : SCD 1, SCDL 0, SPO2 0, HR 0, RR 0, GM 0, SRBT 0
#1196948 06.07.2026 10:56:42 : EVT OHR : S:ON 0->1
#1196949 06.07.2026 10:56:42 : TRC FUEL_GAUGE : Charging 3 Batt 1->5
#1196950 06.07.2026 10:56:43 : TRC FUEL_GAUGE : batFgLevel cur:97%, prev:75%
#1196951 06.07.2026 10:56:43 : EVT FUEL_GAUGE : Initial batt:4427 mV soc:97 %
#1196952 06.07.2026 10:56:43 : EVT FUEL_GAUGE : Charge 3 Batt 5
#1196953 06.07.2026 10:56:43 : TRC FUEL_GAUGE : Batt: 4426 mV (raw: 4408) soc: 97 %, T: 29.0 C,H:102
#1196954 06.07.2026 10:56:43 : TRC GPS : Power enabled
#1196955 06.07.2026 10:56:44 : TRC TOUCH : get ic info, chip id = 0x2390
#1196956 06.07.2026 10:56:44 : WRN OHR : Module test not passed (0x08)
#1196957 06.07.2026 10:56:44 : EVT OHR : APPINIT:caps 0x1f4, 6b738616
#1196958 06.07.2026 10:56:44 : EVT <Unknown> : 1783328204847:AI@1783328204600, tz120
#1196959 06.07.2026 10:56:45 : EVT WBSTORAGE : CACHE_DEFRAG (144->544, 7->7, 25)
#1196960 06.07.2026 10:56:45 : EVT OHR : APP:0.9.82 BSL:0.1.4
#1196961 06.07.2026 10:56:45 : EVT OHR : S:OFF 1->0
#1196962 06.07.2026 10:56:45 : TRC GPS : Stat report:1
#1196963 06.07.2026 10:56:45 : TRC GPS : @VER
#1196964 06.07.2026 10:56:45 : TRC GPS : Ver:v00.204
#1196965 06.07.2026 10:56:45 : TRC GPS : @CEPA
#1196966 06.07.2026 10:56:45 : TRC GPS : LLE GP:0607 QZ:0607 GL:0607 GA:0607 BE:0607
#1196967 06.07.2026 10:56:45 : TRC GPS : Power disabled
#1196968 06.07.2026 10:56:45 : EVT ALTIFUSION : Init AltiBaro
#1196969 06.07.2026 10:56:46 : EVT TRAININGLAB : TLab:Change mode 0->0
#1196970 06.07.2026 10:56:46 : TRC MAPS : UIResourceLoader::initModule()
#1196971 06.07.2026 10:56:46 : EVT GOMORE : GoMore Update User Info
#1196972 06.07.2026 10:56:46 : EVT GOMORE : AuthSdk Code:0
#1196973 06.07.2026 10:56:46 : EVT TRAININGZONE : Init done
#1196974 06.07.2026 10:56:46 : EVT GPS : LocationProviderImpl:sub Passive
#1196975 06.07.2026 10:56:46 : TRC GPS : Full GNSS data subd l:0 c:80160010
#1196976 06.07.2026 10:56:47 : WRN WBAPI : eID-69b7b8(99/19200): 403
#1196977 06.07.2026 10:56:47 : EVT GPS : GpsTimeSynchronizer:sub Best
#1196978 06.07.2026 10:56:47 : TRC GPS : Basic GNSS data subd l:15 c:80460010
#1196979 06.07.2026 10:56:47 : TRC GPS : Power enabled
#1196980 06.07.2026 10:56:48 : EVT WBSTORAGE : CACHE_DEFRAG (0->1224, 17->17, 25)
#1196981 06.07.2026 10:56:48 : TRC NAVIGATION : CG: no climb WP
#1196982 06.07.2026 10:56:48 : TRC NAVIGATION : CG:init ZoomType=0
#1196983 06.07.2026 10:56:48 : EVT NAVIGATION : initSeg Idx=0 D=1 T=0 3-0-4
#1196984 06.07.2026 10:56:48 : WRN WBAPI : eID-6952d0(99/773): 403
#1196985 06.07.2026 10:56:48 : WRN BLE : BLE Link 4D00F000 Disc (--E-:00:0)
#1196986 06.07.2026 10:56:49 : EVT <Unknown> : init, c 0 0 0
#1196987 06.07.2026 10:56:49 : EVT OHR : Found CP file 204
#1196988 06.07.2026 10:56:49 : EVT GOMORE : PD-f OK, sz 1464, H 0x0
#1196989 06.07.2026 10:56:49 : TRC GPS : Stat report:1
#1196990 06.07.2026 10:56:49 : EVT FILESYSTEM : maxfh:3 1192 2 storage/ac100d90/data.jsn
#1196991 06.07.2026 10:56:49 : TRC GPS : GNS setting 0x1fcb
#1196992 06.07.2026 10:56:49 : TRC GPS : @GSR
#1196993 06.07.2026 10:56:50 : TRC GPS : Done:GSR
#1196994 06.07.2026 10:56:50 : EVT ANALYTICS : SleepQ:Tracking:On
#1196995 06.07.2026 10:56:50 : EVT SLEEP : Discard possible sleep
#1196996 06.07.2026 10:56:50 : EVT SLEEP : No sleep ongoing, ineffective discard call
#1196997 06.07.2026 10:56:51 : EVT FILESYSTEM : maxfh:4 11d3 1 sleepln/sstages.bin
#1196998 06.07.2026 10:56:51 : EVT SLEEP : GMSLEEP:Last stg 2 dur 1200 start at 1783314600000
#1196999 06.07.2026 10:56:52 : EVT TRAININGLAB : TLab:Change mode 0->2
#1197000 06.07.2026 10:56:52 : EVT TRAININGLAB : TLab:Mode::userInfo 60, 200, 1, 37, 182, 950, 1990
#1197001 06.07.2026 10:56:52 : EVT TRAININGLAB : ModeUnsub:0000
#1197002 06.07.2026 10:56:52 : EVT TRAININGLAB : ModeSub:0400
#1197003 06.07.2026 10:56:52 : EVT OHR : S:ON 0->1
#1197004 06.07.2026 10:56:52 : EVT TRAININGLAB : Stress enabled
#1197005 06.07.2026 10:56:52 : EVT OHR : APPINIT:caps 0x1f4, 6b738616
#1197006 06.07.2026 10:56:52 : EVT <Unknown> : 1783328212355:AI@1783328212330, tz120
#1197007 06.07.2026 10:56:52 : EVT OHR : S:start 0x2123
#1197008 06.07.2026 10:56:52 : TRC APPLICATION : 247: Day 0 1783288800 816
#1197009 06.07.2026 10:56:52 : TRC APPLICATION : 247: Day 1 1783202400 7348
#1197010 06.07.2026 10:56:52 : TRC APPLICATION : 247: Day 2 1783116000 800
#1197011 06.07.2026 10:56:52 : TRC APPLICATION : 247: Day 3 1783029600 2293
#1197012 06.07.2026 10:56:52 : TRC APPLICATION : 247: Day 4 1782943200 1279
#1197013 06.07.2026 10:56:52 : TRC APPLICATION : 247: Day 5 1782856800 0
#1197014 06.07.2026 10:56:52 : TRC APPLICATION : 247: Day 6 1782770400 0
#1197015 06.07.2026 10:56:52 : TRC APPLICATION : 247: Restore counters
#1197016 06.07.2026 10:56:52 : EVT WBSTORAGE : CACHE_DEFRAG (936->944, 24->24, 25)
#1197017 06.07.2026 10:56:52 : EVT <Unknown> : 1783328212362:Meas start 0x2123
#1197018 06.07.2026 10:56:52 : EVT NFC : Init NFC card enabled: 0
#1197019 06.07.2026 10:56:52 : EVT <Unknown> : 1783328212373:PD1464, 0
#1197020 06.07.2026 10:56:52 : EVT APPLICATION : ExGui clid:805d
#1197021 06.07.2026 10:56:52 : EVT <Unknown> : 1783328212626:Mi1.6.10, auth 0, hr_mode 0
#1197022 06.07.2026 10:56:52 : EVT <Unknown> : 1783328212877:On Skin Set.
#1197023 06.07.2026 10:56:53 : EVT APPLICATION : Int clid:8068
#1197024 06.07.2026 10:56:53 : EVT ANALYTICS : analytics enabled!
#1197025 06.07.2026 10:56:53 : TRC FUEL_GAUGE : Chg->0,B:5,C:-10.9,V:4426,U:0,bF:97%,bC:97%
#1197026 06.07.2026 10:56:53 : EVT ANALYTICS : Battery-> 0 soc:0
#1197027 06.07.2026 10:56:53 : EVT ALTIFUSION : AltiBaroMode:2
#1197028 06.07.2026 10:56:53 : EVT ALTIFUSION : AltiBaroMode:2
#1197029 06.07.2026 10:56:54 : EVT APPLICATION : Zapp prv clid:32876
#1197030 06.07.2026 10:56:54 : EVT APPLICATION : Zapp Eng clid:32877
#1197031 06.07.2026 10:56:54 : EVT APPLICATION : Guide clid:32883
#1197032 06.07.2026 10:56:54 : TRC MAPS : UIResourceLoader::startModule()
#1197033 06.07.2026 10:56:54 : EVT WBSTORAGE : CACHE_DEFRAG (928->936, 24->24, 25)
#1197034 06.07.2026 10:56:54 : EVT WBSTORAGE : CACHE_DEFRAG (824->832, 24->24, 25)
#1197035 06.07.2026 10:56:54 : EVT ANALYTICS : Weather sync ok d:0 f:0
#1197036 06.07.2026 10:56:54 : EVT ANALYTICS : synced city:Zollikon
#1197037 06.07.2026 10:56:54 : WRN POWER_STATE : rewr:0 fbf:0 ii:13332 cmss:524292 cin:16384
#1197038 06.07.2026 10:56:54 : EVT OHR : S:start 0x2123
#1197039 06.07.2026 10:56:54 : EVT WBSTORAGE : CACHE_DEFRAG (768->776, 24->24, 25)
#1197040 06.07.2026 10:56:54 : EVT WBSTORAGE : CACHE_DEFRAG (728->736, 24->24, 25)
#1197041 06.07.2026 10:56:54 : EVT WBSTORAGE : CACHE_DEFRAG (672->680, 24->24, 25)
#1197042 06.07.2026 10:56:54 : EVT WBSTORAGE : CACHE_DEFRAG (624->688, 24->24, 25)
#1197043 06.07.2026 10:56:54 : EVT WBSTORAGE : CACHE_DEFRAG (448->480, 24->24, 25)
#1197044 06.07.2026 10:56:54 : EVT WBSTORAGE : CACHE_DEFRAG (416->424, 24->24, 25)
#1197045 06.07.2026 10:56:54 : EVT <Unknown> : Off-wrist det:on
#1197046 06.07.2026 10:56:54 : WRN WBAPI : eID-6935e8(99/42169): 403
#1197047 06.07.2026 10:56:55 : WRN WBAPI : eID-693fd4(99/48128): 403
#1197048 06.07.2026 10:56:55 : EVT <Unknown> : Update pres sampl intrvl:1
#1197049 06.07.2026 10:56:55 : EVT ANALYTICS : #heap h:10736 l:10688
#1197050 06.07.2026 10:56:55 : EVT SPEEDFUSION : INFO # IDLE mode(-1) set
#1197051 06.07.2026 10:56:55 : EVT <Unknown> : 1783328214551:Meas start 0x2123
#1197052 06.07.2026 10:56:56 : WRN WBAPI : eID-691468(277): /Dive/DesaturationTimes 404
#1197053 06.07.2026 10:56:56 : WRN WBAPI : eID-691468(277): /Dive/Statistics/ScubaSurfaceTime 404
#1197054 06.07.2026 10:56:56 : ERR WBMAIN : *0: app 1297 Event 7 803c037d
#1197055 06.07.2026 10:56:56 : ERR WBMAIN : 1: mea 0 Wait 0 00000000
#1197056 06.07.2026 10:56:56 : ERR WBMAIN : 2: ui 1300 DPC 1 004b17f1
#1197057 06.07.2026 10:56:56 : EVT UI_FRAMEWORK : UI cache reset
#1197058 06.07.2026 10:56:57 : EVT OHR : No HR update, invalidate by timer
#1197059 06.07.2026 10:56:57 : ERR <Unknown> : 1783328216961:Mi invalid call:100,code:0.
#1197060 06.07.2026 10:56:57 : ERR WBMAIN : 0: app 1113 Wait 0 00000000
#1197061 06.07.2026 10:56:57 : ERR WBMAIN : 1: mea 312 Wait 0 00000000
#1197062 06.07.2026 10:56:57 : ERR WBMAIN : *2: ui 2429 DPC 1 004b17f1
#1197063 06.07.2026 10:56:57 : EVT OHR : MI CpData OK
#1197064 06.07.2026 10:56:58 : EVT WIFI : Pwr up
#1197065 06.07.2026 10:56:58 : EVT BLE : PT 2 items loaded
#1197066 06.07.2026 10:56:58 : EVT ANALYTICS : Battery-> 1 soc:97
#1197067 06.07.2026 10:56:58 : EVT UI_FRAMEWORK : JS Widgets: kept=20 added=0
#1197068 06.07.2026 10:56:58 : EVT BRIGHTNESS : Custom state pwr:[3,-1] bri:[1.00,-1.00]
#1197069 06.07.2026 10:56:59 : EVT <Unknown> : 1783328218449:GMV 20251126/1/4/0/395/46
#1197070 06.07.2026 10:56:59 : EVT APPLICATION : Zapp zwc05901:Load script
#1197071 06.07.2026 10:56:59 : EVT APPLICATION : Zapp zwc05901:Enable
#1197072 06.07.2026 10:56:59 : EVT ANALYTICS : Zapp enabled i:3 h:ddb248f2 n:zwc05901 v:124f
#1197073 06.07.2026 10:56:59 : ERR WBMAIN : *0: app 811 Event 37 80995320
#1197074 06.07.2026 10:56:59 : ERR WBMAIN : 1: mea 33 Wait 0 00000000
#1197075 06.07.2026 10:56:59 : ERR WBMAIN : 2: ui 317 Wait 0 00000000
#1197076 06.07.2026 10:56:59 : WRN BLE : BLE_CONTROL:1,0,0
#1197077 06.07.2026 10:56:59 : EVT BLE : State DISABLED->OFF
#1197078 06.07.2026 10:56:59 : EVT BLE : State OFF->START
#1197079 06.07.2026 10:56:59 : EVT UI_FRAMEWORK : JS startup ready
#1197080 06.07.2026 10:57:00 : EVT BLE : APP 3.0.54/01F7/1.2.10
#1197081 06.07.2026 10:57:00 : EVT BLE : State START->ON
#1197082 06.07.2026 10:57:00 : TRC BLE : BLE Link Restore 4D00F000 (L-Ep:00:0)
#1197083 06.07.2026 10:57:00 : WRN BLE : sendConnect 61440
#1197084 06.07.2026 10:57:00 : EVT ANALYTICS : BLE-COMM SHWM 176 (01)
#1197085 06.07.2026 10:57:00 : EVT BRIGHTNESS : Custom state pwr:[-1,-1] bri:[-1.00,-1.00]
#1197086 06.07.2026 10:57:00 : EVT WBSTORAGE : CACHE_DEFRAG (408->640, 24->24, 25)
#1197087 06.07.2026 10:57:00 : WRN WBAPI : eID-691468(277): /Weather/Current/ValidWeatherData.temp 
#1197088 06.07.2026 10:57:02 : EVT OHR : new HR update
#1197089 06.07.2026 10:57:04 : EVT WIFI : pwr up
#1197090 06.07.2026 10:57:04 : EVT WIFI : SDK Ver(3.2.8.1)
#1197091 06.07.2026 10:57:04 : EVT WIFI : Cur bootmode:0
#1197092 06.07.2026 10:57:04 : EVT WIFI : Cur MAC addr:0C:8C:DC:B1:E4:BA
#1197093 06.07.2026 10:57:04 : EVT WIFI : Cur cc:CH
#1197094 06.07.2026 10:57:04 : EVT WIFI : FW Ver(v001056)
#1197095 06.07.2026 10:57:14 : EVT BLE : DEV M connected
#1197096 06.07.2026 10:57:15 : TRC BLE : SVC M/F000 enabled
#1197097 06.07.2026 10:57:15 : EVT WBCOMM : P-9 connection made to ECSD00000003
#1197098 06.07.2026 10:57:15 : EVT WBCOMM : New Route: ECSD00000003
#1197099 06.07.2026 10:57:15 : EVT ANALYTICS : BLE-COMM SHWM 146 (01)
#1197100 06.07.2026 10:57:15 : EVT APPLICATION : MCP:remote resources mapped
#1197101 06.07.2026 10:57:17 : EVT <Unknown> : Update pres sampl intrvl:5
#1197102 06.07.2026 10:57:17 : EVT WIFI : Pwr down idle wifi (TO:13se)
#1197103 06.07.2026 10:57:17 : EVT WIFI : pwr down OK
#1197104 06.07.2026 10:57:18 : EVT ANALYTICS : #sf R:5 A:Xiamen-fw_2.53.42.29545-V-8b67dbcf
#1197105 06.07.2026 10:57:18 : EVT ANALYTICS : #sf R:5 A:Xiamen-fw_2.53.42.29545-V-8b67dbcf
#1197106 06.07.2026 10:57:18 : EVT ANALYTICS : Sync start
#1197107 06.07.2026 10:57:18 : EVT ANALYTICS : Sync start
#1197108 06.07.2026 10:57:20 : EVT ANALYTICS : #sf R:5 A:Xiamen-fw_2.53.42.29545-V-8b67dbcf
#1197109 06.07.2026 10:57:22 : EVT ANALYTICS : #sf R:5 A:Xiamen-fw_2.53.42.29545-V-8b67dbcf
#1197110 06.07.2026 10:57:24 : EVT ANALYTICS : Weather sync ok d:120 f:0
#1197111 06.07.2026 10:57:24 : EVT WBSTORAGE : CACHE_DEFRAG (512->608, 24->24, 25)
#1197112 06.07.2026 10:57:24 : EVT ANALYTICS : synced city:Zollikon
#1197113 06.07.2026 10:57:24 : EVT GPS : Last known coordinate:lat:473476363, lon:85881361
#1197114 06.07.2026 10:57:24 : EVT ANALYTICS : Weather sync ok d:0 f:0
#1197115 06.07.2026 10:57:24 : EVT ANALYTICS : synced city:Zollikon
#1197116 06.07.2026 10:57:24 : EVT GPS : Last known coordinate:lat:473476363, lon:85881361
#1197117 06.07.2026 10:58:54 : WRN <Unknown> : 1783328334582:Device stationary, stopping optical meas
#1197118 06.07.2026 10:58:54 : EVT <Unknown> : 1783328334582:SCD DET STATE OFF cnt:0/184.
#1197119 06.07.2026 10:58:59 : EVT OHR : No HR update, invalidate by timer
#1197120 06.07.2026 10:59:00 : EVT SEDENTARY : stop monitoring
#1197121 06.07.2026 11:00:00 : ERR WBMAIN : *0: app 511 Event 24 80892700
#1197122 06.07.2026 11:00:00 : ERR WBMAIN : 1: mea 0 Event 3 80891701
#1197123 06.07.2026 11:00:00 : ERR WBMAIN : 2: ui 506 Wait 0 00000000
#1197124 06.07.2026 11:00:00 : EVT <Unknown> : pwr daily,ontime:11
#1197125 06.07.2026 11:00:00 : EVT WBSTORAGE : CACHE_DEFRAG (544->552, 24->24, 25)
#1197126 06.07.2026 11:00:00 : EVT WEATHER : t:495368, d:1
#1197127 06.07.2026 11:00:01 : EVT ACCELEROMETER : Gyro bias:-0.247100 -0.035000 -0.119000
#1197128 06.07.2026 11:00:03 : EVT ACCELEROMETER : Gyro bias:-0.264600 -0.056000 -0.106400
#1197129 06.07.2026 11:00:05 : EVT ACCELEROMETER : Gyro bias:-0.252000 -0.049700 -0.132300
#1197130 06.07.2026 11:00:08 : EVT ACCELEROMETER : Gyro bias:-0.260400 -0.038500 -0.116900
#1197131 06.07.2026 11:00:10 : EVT ACCELEROMETER : Gyro bias:-0.245700 -0.036400 -0.121800
#1197132 06.07.2026 11:00:22 : ERR WBMAIN : *0: app 1148 Event 36 80005310
#1197133 06.07.2026 11:00:22 : ERR WBMAIN : 1: mea 79 Wait 0 00000000
#1197134 06.07.2026 11:00:22 : ERR WBMAIN : 2: ui 757 Wait 0 00000000
#1197135 06.07.2026 11:00:23 : ERR WBMAIN : *0: app 810 Event 36 80005310
#1197136 06.07.2026 11:00:23 : ERR WBMAIN : 1: mea 45 Wait 0 00000000
#1197137 06.07.2026 11:00:23 : ERR WBMAIN : 2: ui 622 Wait 0 00000000
#1197138 06.07.2026 11:00:23 : TRC APPLICATION : Zapp climbl01 uninstalled
#1197139 06.07.2026 11:00:29 : EVT APPLICATION : Plugin zzclimen.zip as type:[2]
#1197140 06.07.2026 11:00:31 : ERR WBMAIN : *0: app 1680 Event 36 80005310
#1197141 06.07.2026 11:00:31 : ERR WBMAIN : 1: mea 24 Wait 0 00000000
#1197142 06.07.2026 11:00:31 : ERR WBMAIN : 2: ui 691 Wait 0 00000000
#1197143 06.07.2026 11:00:32 : ERR WBMAIN : *0: app 797 Event 36 80005310
#1197144 06.07.2026 11:00:32 : ERR WBMAIN : 1: mea 165 Wait 0 00000000
#1197145 06.07.2026 11:00:32 : ERR WBMAIN : 2: ui 549 Wait 0 00000000
#1197146 06.07.2026 11:00:33 : EVT ANALYTICS : #sf R:5 A:Xiamen-fw_2.53.42.29545-V-8b67dbcf
#1197147 06.07.2026 11:02:00 : TRC APPLICATION : Removing: b:/syslogs/systemevent_1168862.log
#1197148 06.07.2026 11:03:47 : EVT GPS : GpsTimeSynchronizer:sub Passive
#1197149 06.07.2026 11:03:47 : TRC GPS : Basic GNSS data subd l:0 c:80460010
#1197150 06.07.2026 11:03:47 : TRC GPS : GnssServiceLevel::PASSIVE
#1197151 06.07.2026 11:03:47 : TRC GPS : @GSTP
#1197152 06.07.2026 11:03:49 : TRC GPS : @BUP
#1197153 06.07.2026 11:03:50 : TRC GPS : Done:BUP
#1197154 06.07.2026 11:03:50 : TRC GPS : Power disabled
#1197155 06.07.2026 11:05:00 : TRC FWUPDATE : Uptime 10 min
#1197156 06.07.2026 11:05:00 : EVT FWUPDATE : onInputEvent 4
#1197157 06.07.2026 11:10:00 : ERR WBMAIN : *0: app 979 Event 24 80892700
#1197158 06.07.2026 11:10:00 : ERR WBMAIN : 1: mea 0 Event 3 80891701
#1197159 06.07.2026 11:10:00 : ERR WBMAIN : 2: ui 974 Wait 0 00000000
#1197160 06.07.2026 11:12:16 : EVT <Unknown> : 1783329136909:xiaomi reset t:924579437/122253570.
#1197161 06.07.2026 11:12:16 : EVT <Unknown> : 1783329136910:On Skin Set.
#1197162 06.07.2026 11:12:20 : ERR <Unknown> : 1783329140919:Mi invalid call:100,code:0.
#1197163 06.07.2026 11:12:22 : EVT OHR : new HR update
#1197164 06.07.2026 11:12:26 : ERR <Unknown> : 1783329146125:Mi invalid call:100,code:0.
#1197165 06.07.2026 11:12:27 : EVT OHR : No HR update, invalidate by timer
#1197166 06.07.2026 11:12:29 : EVT OHR : new HR update
#1197167 06.07.2026 11:14:17 : WRN <Unknown> : 1783329256938:Device stationary, stopping optical meas
#1197168 06.07.2026 11:14:17 : EVT <Unknown> : 1783329256938:SCD DET STATE OFF cnt:0/125.
#1197169 06.07.2026 11:14:22 : EVT OHR : No HR update, invalidate by timer
#1197170 06.07.2026 11:15:00 : EVT SEDENTARY : stop monitoring
#1197171 06.07.2026 11:19:02 : EVT ANALYTICS : #sf R:5 A:Xiamen-fw_2.53.42.29545-V-8b67dbcf
#1197172 06.07.2026 11:19:04 : EVT ANALYTICS : Weather sync ok d:1320 f:0
#1197173 06.07.2026 11:19:04 : EVT ANALYTICS : synced city:Zollikon
#1197174 06.07.2026 11:19:04 : EVT GPS : Last known coordinate:lat:473476363, lon:85881361
#1197175 06.07.2026 11:20:00 : ERR WBMAIN : *0: app 506 Event 24 80892700
#1197176 06.07.2026 11:20:00 : ERR WBMAIN : 1: mea 0 Event 3 80891701
#1197177 06.07.2026 11:20:00 : ERR WBMAIN : 2: ui 501 Wait 0 00000000
#1197178 06.07.2026 11:30:24 : EVT <Unknown> : 1783330224180:xiaomi reset t:2011850402/1044609252.
#1197179 06.07.2026 11:30:24 : EVT <Unknown> : 1783330224181:On Skin Set.
#1197180 06.07.2026 11:30:25 : EVT <Unknown> : 1783330224532:Off Skin Set.
#1197181 06.07.2026 11:30:25 : EVT PMIC : VBUS state is ON
#1197182 06.07.2026 11:30:25 : EVT PMIC : chgCntl1:0x70
#1197183 06.07.2026 11:30:25 : EVT PMIC : check chgCntl1:0x74
#1197184 06.07.2026 11:30:25 : EVT PMIC : Turn charge ON since VBUS->ON
#1197185 06.07.2026 11:30:25 : EVT PMIC : PMIC temp zone:0x2
#1197186 06.07.2026 11:30:25 : EVT PMIC : PMIC Fast-charge constant cur
#1197187 06.07.2026 11:30:25 : EVT OHR : VBUS on
#1197188 06.07.2026 11:30:25 : EVT OHR : S:stop 23
#1197189 06.07.2026 11:30:25 : EVT <Unknown> : 1783330225355:Meas stop 0x2123
#1197190 06.07.2026 11:30:25 : EVT PMIC : PMIC Fast-charge constant voltage
#1197191 06.07.2026 11:30:25 : WRN <Unknown> : 1783330225356:FSM EVT STOP.
#1197192 06.07.2026 11:30:25 : EVT OHR : S:OFF 1->0
#1197193 06.07.2026 11:30:25 : EVT PMIC : VBUS state is ON
#1197194 06.07.2026 11:30:25 : EVT PMIC : PMIC temp zone:0x7
#1197195 06.07.2026 11:30:26 : EVT PMIC : VBUS state is ON
#1197196 06.07.2026 11:30:26 : EVT PMIC : PMIC temp zone:0x2
#1197197 06.07.2026 11:30:26 : EVT PMIC : VBUS state is OFF
#1197198 06.07.2026 11:30:26 : EVT PMIC : Turn charge OFF since VBUS->OFF
#1197199 06.07.2026 11:30:26 : EVT OHR : VBUS off
#1197200 06.07.2026 11:30:26 : EVT PMIC : PMIC temp zone:0x7
#1197201 06.07.2026 11:30:26 : EVT OHR : S:ON 0->1
#1197202 06.07.2026 11:30:26 : EVT OHR : APPINIT:caps 0x1f4, 6b738616
#1197203 06.07.2026 11:30:26 : EVT <Unknown> : 1783330226614:AI@1783330226590, tz120
#1197204 06.07.2026 11:30:26 : EVT OHR : S:start 0x2123
#1197205 06.07.2026 11:30:26 : EVT <Unknown> : 1783330226620:Meas start 0x2123
#1197206 06.07.2026 11:30:26 : EVT PMIC : VBUS state is OFF
#1197207 06.07.2026 11:30:26 : EVT <Unknown> : 1783330226635:PD1464, 0
#1197208 06.07.2026 11:30:26 : EVT <Unknown> : 1783330226699:GMV 20251126/1/4/0/395/46
#1197209 06.07.2026 11:30:26 : EVT <Unknown> : 1783330226952:Mi1.6.10, auth 0, hr_mode 0
#1197210 06.07.2026 11:30:27 : EVT PMIC : VBUS state is ON
#1197211 06.07.2026 11:30:27 : EVT PMIC : chgCntl1:0x70
#1197212 06.07.2026 11:30:27 : EVT PMIC : check chgCntl1:0x74
#1197213 06.07.2026 11:30:27 : EVT PMIC : Turn charge ON since VBUS->ON
#1197214 06.07.2026 11:30:27 : EVT PMIC : PMIC temp zone:0x2
#1197215 06.07.2026 11:30:27 : EVT PMIC : PMIC Fast-charge constant cur
#1197216 06.07.2026 11:30:27 : EVT OHR : VBUS on
#1197217 06.07.2026 11:30:27 : EVT OHR : S:stop 23
#1197218 06.07.2026 11:30:27 : EVT <Unknown> : 1783330227389:Meas stop 0x2123
#1197219 06.07.2026 11:30:27 : EVT PMIC : VBUS state is ON
#1197220 06.07.2026 11:30:27 : WRN <Unknown> : 1783330227390:FSM EVT STOP.
#1197221 06.07.2026 11:30:27 : EVT OHR : S:OFF 1->0
#1197222 06.07.2026 11:30:27 : EVT PMIC : PMIC Fast-charge constant voltage
#1197223 06.07.2026 11:30:28 : EVT PMIC : PMIC temp zone:0x7
#1197224 06.07.2026 11:30:28 : EVT PMIC : VBUS state is OFF
#1197225 06.07.2026 11:30:28 : EVT PMIC : Turn charge OFF since VBUS->OFF
#1197226 06.07.2026 11:30:28 : EVT OHR : VBUS off
#1197227 06.07.2026 11:30:28 : EVT OHR : S:ON 0->1
#1197228 06.07.2026 11:30:29 : EVT OHR : APPINIT:caps 0x1f4, 6b738616
#1197229 06.07.2026 11:30:29 : EVT <Unknown> : 1783330229154:AI@1783330229130, tz120
#1197230 06.07.2026 11:30:29 : EVT OHR : S:start 0x2123
#1197231 06.07.2026 11:30:29 : EVT <Unknown> : 1783330229160:Meas start 0x2123
#1197232 06.07.2026 11:30:29 : EVT <Unknown> : 1783330229174:PD1464, 0
#1197233 06.07.2026 11:30:29 : EVT <Unknown> : 1783330229238:GMV 20251126/1/4/0/395/46
#1197234 06.07.2026 11:30:29 : EVT <Unknown> : 1783330229492:Mi1.6.10, auth 0, hr_mode 0
#1197235 06.07.2026 11:30:30 : EVT <Unknown> : 1783330229743:On Skin Set.
#1197236 06.07.2026 11:30:32 : EVT WBSTORAGE : CACHE_DEFRAG (440->704, 24->24, 25)
#1197237 06.07.2026 11:30:32 : EVT WBSTORAGE : CACHE_DEFRAG (680->688, 24->24, 25)
#1197238 06.07.2026 11:30:32 : EVT WBSTORAGE : CACHE_DEFRAG (672->680, 24->24, 25)
#1197239 06.07.2026 11:30:32 : EVT WBSTORAGE : CACHE_DEFRAG (664->824, 24->24, 25)
#1197240 06.07.2026 11:30:32 : TRC NAVIGATION : CG: no climb WP
#1197241 06.07.2026 11:30:32 : TRC NAVIGATION : CG:init ZoomType=0
#1197242 06.07.2026 11:30:32 : EVT NAVIGATION : initSeg Idx=0 D=1 T=0 3-0-4
#1197243 06.07.2026 11:30:32 : EVT WBSTORAGE : CACHE_DEFRAG (744->968, 24->24, 25)
#1197244 06.07.2026 11:30:32 : EVT ALTIFUSION : AltiBaroMode:0
#1197245 06.07.2026 11:30:32 : EVT APPLICATION : Zapp zwc05901:Disable
#1197246 06.07.2026 11:30:32 : EVT ANALYTICS : Zapp disabled i:3 h:ddb248f2 n:Vector classic
#1197247 06.07.2026 11:30:32 : EVT ANALYTICS : SleepQ:Tracking:On
#1197248 06.07.2026 11:30:32 : EVT ALTIFUSION : AltiBaroMode:0
#1197249 06.07.2026 11:30:32 : EVT WBSTORAGE : CACHE_DEFRAG (944->952, 24->24, 25)
#1197250 06.07.2026 11:30:32 : EVT UI_FRAMEWORK : JS nsto enable zapp: zzwethen
#1197251 06.07.2026 11:30:32 : EVT UI_FRAMEWORK : JS nsto enable zapp: climbl01
#1197252 06.07.2026 11:30:32 : EVT UI_FRAMEWORK : JS nsto enable zapp: zzmoveen
#1197253 06.07.2026 11:30:32 : EVT APPLICATION : Zapp zzwethen:Load script
#1197254 06.07.2026 11:30:32 : EVT APPLICATION : Zapp zzwethen:Enable
#1197255 06.07.2026 11:30:32 : EVT ANALYTICS : Zapp enabled i:8 h:3f77f8ec n:zzwethen v:ade
#1197256 06.07.2026 11:30:32 : EVT APPLICATION : Zapp clid:32878
#1197257 06.07.2026 11:30:32 : EVT APPLICATION : Zapp zzmoveen:Load script
#1197258 06.07.2026 11:30:33 : EVT APPLICATION : Zapp zzmoveen:Enable
#1197259 06.07.2026 11:30:33 : EVT ANALYTICS : Zapp enabled i:6 h:7aac0887 n:zzmoveen v:8e0
#1197260 06.07.2026 11:30:33 : EVT UI_FRAMEWORK : evalFile: b:/zapp/zzmoveen.fea/ext1.js from ui
#1197261 06.07.2026 11:30:33 : EVT APPLICATION : Zapp clid:32879
#1197262 06.07.2026 11:30:33 : EVT UI_FRAMEWORK : JS nsto all zapps enabled.
#1197263 06.07.2026 11:30:33 : EVT UI_FRAMEWORK : JS Prestart Activity Id: 16.000
#1197264 06.07.2026 11:30:33 : EVT GOMORE : GoMore Update User Info
#1197265 06.07.2026 11:30:33 : WRN WBAPI : eID-691468(277): /Dive/Alarms/Acknowledge 404
#1197266 06.07.2026 11:30:33 : WRN WBAPI : eID-691468(277): /Dive/DiveGases 404
#1197267 06.07.2026 11:30:33 : WRN WBAPI : eID-691468(277): /Dive/Gauge/Next 404
#1197268 06.07.2026 11:30:33 : EVT WBSTORAGE : CACHE_DEFRAG (904->912, 24->24, 25)
#1197269 06.07.2026 11:30:33 : EVT WBSTORAGE : CACHE_DEFRAG (840->848, 24->24, 25)
#1197270 06.07.2026 11:30:33 : EVT WBSTORAGE : CACHE_DEFRAG (776->784, 24->24, 25)
#1197271 06.07.2026 11:30:33 : EVT BLE : BLE Sensor Link 4800180D Conn (--E-:00:1)
#1197272 06.07.2026 11:30:33 : WRN BLE : sendConnect 6157
#1197273 06.07.2026 11:30:33 : EVT GPS : LocationProviderImpl:sub Best
#1197274 06.07.2026 11:30:33 : TRC GPS : Full GNSS data subd l:15 c:80160010
#1197275 06.07.2026 11:30:33 : WRN WBAPI : eID-691468(277): /Dive/TankPressure/Alarm/Count 404
#1197276 06.07.2026 11:30:33 : TRC GPS : Power enabled
#1197277 06.07.2026 11:30:33 : EVT <Unknown> : Update pres sampl intrvl:1
#1197278 06.07.2026 11:30:33 : EVT SPEEDFUSION : INFO # start speed fusion
#1197279 06.07.2026 11:30:33 : EVT SPEEDFUSION : Act:16,Acc:0,BPod:0,FPod:0,PPod:0,BeltPod:1
#1197280 06.07.2026 11:30:33 : EVT SPEEDFUSION : INFO # Start algo without wrist acc
#1197281 06.07.2026 11:30:33 : EVT OHR : S:start 0x21a3
#1197282 06.07.2026 11:30:34 : ERR <Unknown> : 1783330233757:Mi invalid call:100,code:0.
#1197283 06.07.2026 11:30:34 : EVT <Unknown> : 1783330233922:Meas start 0x21a3
#1197284 06.07.2026 11:30:34 : EVT <Unknown> : 1783330234115:Off Skin Set.
#1197285 06.07.2026 11:30:35 : TRC GPS : Stat report:1
#1197286 06.07.2026 11:30:35 : TRC GPS : @GTIM 2026 7 6 9 30 35
#1197287 06.07.2026 11:30:35 : TRC GPS : Done:GTI
#1197288 06.07.2026 11:30:35 : TRC GPS : GNS setting 0x1fcb
#1197289 06.07.2026 11:30:35 : TRC GPS : @GSR
#1197290 06.07.2026 11:30:35 : EVT <Unknown> : 1783330234491:On Skin Set.
#1197291 06.07.2026 11:30:35 : TRC GPS : Done:GSR
#1197292 06.07.2026 11:30:38 : EVT OHR : No HR update, invalidate by timer
#1197293 06.07.2026 11:30:38 : EVT GPS : Timesync:error_ms 780
#1197294 06.07.2026 11:30:38 : EVT GPS : Timesync:sys 1783330238780ms gps 1783330238
#1197295 06.07.2026 11:30:38 : EVT GPS : Timesync:rel 116877011 relgps 116877011
#1197296 06.07.2026 11:30:38 : EVT GPS : Timesync:Dev time updated
#1197297 06.07.2026 11:30:40 : EVT <Unknown> : 1783330240324:Off Skin Set.
#1197298 06.07.2026 11:30:41 : EVT PMIC : VBUS state is ON
#1197299 06.07.2026 11:30:41 : EVT PMIC : chgCntl1:0x70
#1197300 06.07.2026 11:30:41 : EVT PMIC : check chgCntl1:0x74
#1197301 06.07.2026 11:30:41 : EVT PMIC : Turn charge ON since VBUS->ON
#1197302 06.07.2026 11:30:41 : EVT PMIC : PMIC temp zone:0x2
#1197303 06.07.2026 11:30:41 : EVT PMIC : PMIC Fast-charge constant cur
#1197304 06.07.2026 11:30:41 : EVT OHR : VBUS on
#1197305 06.07.2026 11:30:41 : EVT OHR : S:stop a3
#1197306 06.07.2026 11:30:41 : EVT <Unknown> : 1783330241255:Meas stop 0x21a3
#1197307 06.07.2026 11:30:41 : WRN <Unknown> : 1783330241256:FSM EVT STOP.
#1197308 06.07.2026 11:30:41 : EVT PMIC : PMIC Fast-charge constant voltage
#1197309 06.07.2026 11:30:41 : EVT OHR : S:OFF 1->0
#1197310 06.07.2026 11:30:41 : EVT PMIC : VBUS state is ON
#1197311 06.07.2026 11:30:41 : EVT PMIC : PMIC Precharge
#1197312 06.07.2026 11:30:41 : EVT PMIC : PMIC Fast-charge constant cur
#1197313 06.07.2026 11:30:41 : EVT PMIC : PMIC Fast-charge constant cur
#1197314 06.07.2026 11:30:41 : EVT PMIC : PMIC temp zone:0x7
#1197315 06.07.2026 11:30:41 : EVT PMIC : VBUS state is OFF
#1197316 06.07.2026 11:30:41 : EVT PMIC : Turn charge OFF since VBUS->OFF
#1197317 06.07.2026 11:30:41 : EVT OHR : VBUS off
#1197318 06.07.2026 11:30:41 : EVT OHR : S:ON 0->1
#1197319 06.07.2026 11:30:42 : EVT OHR : APPINIT:caps 0x1f4, 6b738616
#1197320 06.07.2026 11:30:42 : EVT <Unknown> : 1783330242164:AI@1783330242140, tz120
#1197321 06.07.2026 11:30:42 : EVT OHR : S:start 0x21a3
#1197322 06.07.2026 11:30:42 : EVT <Unknown> : 1783330242170:Meas start 0x21a3
#1197323 06.07.2026 11:30:42 : EVT <Unknown> : 1783330242181:PD1464, 0
#1197324 06.07.2026 11:30:42 : EVT <Unknown> : 1783330242242:GMV 20251126/1/4/0/395/46
#1197325 06.07.2026 11:30:42 : EVT <Unknown> : 1783330242495:Mi1.6.10, auth 0, hr_mode 0
#1197326 06.07.2026 11:30:42 : EVT PMIC : PMIC temp zone:0x2
#1197327 06.07.2026 11:30:42 : EVT PMIC : VBUS state is ON
#1197328 06.07.2026 11:30:42 : EVT PMIC : chgCntl1:0x70
#1197329 06.07.2026 11:30:42 : EVT PMIC : check chgCntl1:0x74
#1197330 06.07.2026 11:30:42 : EVT PMIC : Turn charge ON since VBUS->ON
#1197331 06.07.2026 11:30:42 : EVT PMIC : PMIC Fast-charge constant cur
#1197332 06.07.2026 11:30:42 : EVT OHR : VBUS on
#1197333 06.07.2026 11:30:42 : EVT OHR : S:stop a3
#1197334 06.07.2026 11:30:42 : EVT <Unknown> : 1783330242730:Meas stop 0x21a3
#1197335 06.07.2026 11:30:42 : EVT PMIC : VBUS state is ON
#1197336 06.07.2026 11:30:42 : EVT PMIC : PMIC Fast-charge constant voltage
#1197337 06.07.2026 11:30:42 : WRN <Unknown> : 1783330242731:FSM EVT STOP.
#1197338 06.07.2026 11:30:42 : EVT OHR : S:OFF 1->0
#1197339 06.07.2026 11:30:43 : EVT BLE : lt,scan 1
#1197340 06.07.2026 11:30:43 : WRN BLE : sendDisconnect 6157
#1197341 06.07.2026 11:30:43 : ERR BLE : [AURA]No filters left, stopping scan
#1197342 06.07.2026 11:30:43 : EVT BLE : packet 0 sensor found count 1
#1197343 06.07.2026 11:30:43 : ERR BLE : [AURA]Filter with handle 72 not found
#1197344 06.07.2026 11:30:43 : EVT BLE : packet 0 sensor found count 2
#1197345 06.07.2026 11:30:44 : TRC FUEL_GAUGE : Chg->1,B:5,C:50.8,V:4395,U:1,bF:97%,bC:97%
#1197346 06.07.2026 11:30:44 : EVT ANALYTICS : Battery-> 2 soc:97
#1197347 06.07.2026 11:30:49 : TRC BLE : SVC M/F000 disabled
#1197348 06.07.2026 11:30:49 : EVT WBCOMM : Route lost: ECSD00000003
#1197349 06.07.2026 11:30:49 : EVT BLE : DEV M disconnected
#1197350 06.07.2026 11:30:52 : EVT WBCOMM : P-9 connection made to ECSD00000000
#1197351 06.07.2026 11:30:52 : EVT WBCOMM : New Route: ECSD00000000
#1197352 06.07.2026 11:30:56 : ERR WBMAIN : *0: app 1009 Event 36 80005310
#1197353 06.07.2026 11:30:56 : ERR WBMAIN : 1: mea 70 Wait 0 00000000
#1197354 06.07.2026 11:30:56 : ERR WBMAIN : 2: ui 135 Wait 0 00000000
#1197355 06.07.2026 11:30:56 : EVT PMIC : PMIC Precharge
#1197356 06.07.2026 11:30:56 : EVT PMIC : PMIC Fast-charge constant cur
#1197357 06.07.2026 11:30:56 : EVT PMIC : PMIC Fast-charge constant voltage
#1197358 06.07.2026 11:30:56 : EVT PMIC : PMIC Fast-charge constant cur
#1197359 06.07.2026 11:30:56 : EVT PMIC : PMIC Fast-charge constant cur
#1197360 06.07.2026 11:30:56 : EVT PMIC : PMIC Fast-charge constant voltage
#1197361 06.07.2026 11:30:56 : EVT PMIC : PMIC Fast-charge constant cur
#1197362 06.07.2026 11:30:56 : EVT PMIC : PMIC Fast-charge constant voltage
#1197363 06.07.2026 11:30:57 : ERR WBMAIN : *0: app 811 Event 36 80005310
#1197364 06.07.2026 11:30:57 : ERR WBMAIN : 1: mea 3 Wait 0 00000000
#1197365 06.07.2026 11:30:57 : ERR WBMAIN : 2: ui 164 Wait 0 00000000
#1197366 06.07.2026 11:30:57 : EVT PMIC : PMIC Fast-charge constant cur
#1197367 06.07.2026 11:30:57 : EVT PMIC : PMIC Fast-charge constant cur
#1197368 06.07.2026 11:30:57 : EVT PMIC : PMIC Fast-charge constant cur
#1197369 06.07.2026 11:30:57 : EVT PMIC : PMIC Fast-charge constant voltage
#1197370 06.07.2026 11:30:58 : EVT PMIC : PMIC Fast-charge constant cur
#1197371 06.07.2026 11:30:58 : EVT ANALYTICS : Sync start
#1197372 06.07.2026 11:30:58 : EVT PMIC : PMIC Fast-charge constant voltage
#1197373 06.07.2026 11:30:58 : EVT PMIC : PMIC Fast-charge constant cur
#1197374 06.07.2026 11:30:58 : EVT ANALYTICS : Sync start
#1197375 06.07.2026 11:30:58 : EVT PMIC : PMIC Fast-charge constant voltage
#1197376 06.07.2026 11:31:01 : EVT WBSTORAGE : CACHE_DEFRAG (696->704, 24->24, 25)
#1197377 06.07.2026 11:31:01 : EVT PMIC : PMIC Fast-charge constant cur
#1197378 06.07.2026 11:31:01 : EVT PMIC : PMIC Fast-charge constant cur
#1197379 06.07.2026 11:31:01 : TRC APPLICATION : Zapp zzclimen uninstalled
#1197380 06.07.2026 11:31:01 : EVT PMIC : PMIC Fast-charge constant cur
#1197381 06.07.2026 11:31:01 : EVT PMIC : PMIC Fast-charge constant voltage
#1197382 06.07.2026 11:31:02 : EVT PMIC : PMIC Fast-charge constant cur
#1197383 06.07.2026 11:31:02 : EVT PMIC : PMIC Fast-charge constant voltage
#1197384 06.07.2026 11:31:02 : EVT PMIC : PMIC Precharge
#1197385 06.07.2026 11:31:02 : EVT PMIC : PMIC Fast-charge constant cur
#1197386 06.07.2026 11:31:02 : EVT PMIC : PMIC Fast-charge constant voltage
#1197387 06.07.2026 11:31:02 : EVT PMIC : PMIC Fast-charge constant cur
#1197388 06.07.2026 11:31:02 : EVT PMIC : PMIC Fast-charge constant voltage
#1197389 06.07.2026 11:31:03 : EVT PMIC : PMIC Fast-charge constant cur
#1197390 06.07.2026 11:31:03 : EVT PMIC : PMIC Fast-charge constant voltage
#1197391 06.07.2026 11:31:03 : ERR WBMAIN : *0: app 1709 Event 36 80005310
#1197392 06.07.2026 11:31:03 : ERR WBMAIN : 1: mea 7 Wait 0 00000000
#1197393 06.07.2026 11:31:03 : ERR WBMAIN : 2: ui 292 Wait 0 00000000
#1197394 06.07.2026 11:31:03 : EVT PMIC : PMIC Fast-charge constant cur
#1197395 06.07.2026 11:31:03 : EVT PMIC : PMIC Fast-charge constant voltage
#1197396 06.07.2026 11:31:03 : EVT PMIC : PMIC Fast-charge constant cur
#1197397 06.07.2026 11:31:03 : EVT PMIC : PMIC Fast-charge constant voltage
#1197398 06.07.2026 11:31:04 : ERR WBMAIN : *0: app 724 Event 36 80005310
#1197399 06.07.2026 11:31:04 : ERR WBMAIN : 1: mea 52 Wait 0 00000000
#1197400 06.07.2026 11:31:04 : ERR WBMAIN : 2: ui 53 Wait 0 00000000
#1197401 06.07.2026 11:31:05 : EVT ANALYTICS : Sync start
#1197402 06.07.2026 11:31:05 : EVT PMIC : PMIC Fast-charge constant cur
#1197403 06.07.2026 11:31:05 : EVT PMIC : PMIC Fast-charge constant cur
#1197404 06.07.2026 11:31:05 : EVT PMIC : PMIC Fast-charge constant voltage
#1197405 06.07.2026 11:31:05 : EVT ANALYTICS : Sync start
#1197406 06.07.2026 11:31:05 : EVT PMIC : PMIC Fast-charge constant cur
#1197407 06.07.2026 11:31:05 : EVT PMIC : PMIC Fast-charge constant voltage
#1197408 06.07.2026 11:31:05 : EVT PMIC : PMIC Fast-charge constant cur
#1197409 06.07.2026 11:31:05 : EVT PMIC : PMIC Fast-charge constant voltage
#1197410 06.07.2026 11:31:09 : EVT PMIC : PMIC Fast-charge constant cur
#1197411 06.07.2026 11:31:09 : EVT PMIC : PMIC Fast-charge constant voltage
#1197412 06.07.2026 11:31:09 : EVT APPLICATION : Plugin climbl01.zip as type:[2]
#1197413 06.07.2026 11:31:10 : EVT PMIC : PMIC Fast-charge constant cur
#1197414 06.07.2026 11:31:10 : EVT PMIC : PMIC Fast-charge constant voltage
#1197415 06.07.2026 11:31:11 : EVT PMIC : PMIC Fast-charge constant cur
#1197416 06.07.2026 11:31:11 : EVT PMIC : PMIC Fast-charge constant cur
#1197417 06.07.2026 11:31:11 : EVT PMIC : PMIC Fast-charge constant voltage
#1197418 06.07.2026 11:31:11 : EVT PMIC : PMIC Fast-charge constant cur
#1197419 06.07.2026 11:31:11 : EVT PMIC : PMIC Fast-charge constant cur
#1197420 06.07.2026 11:31:11 : EVT PMIC : PMIC Fast-charge constant voltage
#1197421 06.07.2026 11:31:11 : EVT PMIC : PMIC Fast-charge constant cur
#1197422 06.07.2026 11:31:11 : ERR WBMAIN : *0: app 1734 Event 36 80005310
#1197423 06.07.2026 11:31:11 : ERR WBMAIN : 1: mea 1 Wait 0 00000000
#1197424 06.07.2026 11:31:11 : ERR WBMAIN : 2: ui 182 Wait 0 00000000
#1197425 06.07.2026 11:31:11 : EVT PMIC : PMIC Fast-charge constant voltage
#1197426 06.07.2026 11:31:12 : EVT PMIC : PMIC Fast-charge constant cur
#1197427 06.07.2026 11:31:12 : EVT PMIC : PMIC Fast-charge constant cur
#1197428 06.07.2026 11:31:12 : EVT PMIC : PMIC Fast-charge constant voltage
#1197429 06.07.2026 11:31:12 : ERR WBMAIN : *0: app 809 Event 36 80005310
#1197430 06.07.2026 11:31:12 : ERR WBMAIN : 1: mea 16 Wait 0 00000000
#1197431 06.07.2026 11:31:12 : ERR WBMAIN : 2: ui 412 Wait 0 00000000
#1197432 06.07.2026 11:31:12 : EVT PMIC : PMIC Fast-charge constant cur
#1197433 06.07.2026 11:31:12 : EVT PMIC : PMIC Fast-charge constant cur
#1197434 06.07.2026 11:31:12 : EVT PMIC : PMIC Fast-charge constant voltage
#1197435 06.07.2026 11:31:13 : EVT PMIC : PMIC Fast-charge constant cur
#1197436 06.07.2026 11:31:13 : EVT PMIC : PMIC Fast-charge constant cur
#1197437 06.07.2026 11:31:13 : EVT PMIC : PMIC Fast-charge constant cur
#1197438 06.07.2026 11:31:13 : EVT PMIC : PMIC Fast-charge constant cur
#1197439 06.07.2026 11:31:13 : EVT PMIC : PMIC Fast-charge constant voltage
#1197440 06.07.2026 11:31:13 : EVT PMIC : PMIC Fast-charge constant cur
#1197441 06.07.2026 11:31:13 : EVT PMIC : PMIC Fast-charge constant voltage
#1197442 06.07.2026 11:31:13 : EVT ANALYTICS : Sync start
#1197443 06.07.2026 11:31:13 : EVT PMIC : PMIC Fast-charge constant cur
#1197444 06.07.2026 11:31:13 : EVT PMIC : PMIC Fast-charge constant voltage
#1197445 06.07.2026 11:31:13 : EVT ANALYTICS : Sync start
#1197446 06.07.2026 11:31:14 : EVT PMIC : PMIC Fast-charge constant cur
#1197447 06.07.2026 11:31:14 : EVT PMIC : PMIC Fast-charge constant cur
#1197448 06.07.2026 11:31:14 : EVT PMIC : PMIC Fast-charge constant voltage
#1197449 06.07.2026 11:31:14 : EVT PMIC : PMIC Fast-charge constant cur
#1197450 06.07.2026 11:31:14 : EVT PMIC : PMIC Fast-charge constant cur
#1197451 06.07.2026 11:31:14 : EVT PMIC : PMIC Fast-charge constant voltage
#1197452 06.07.2026 11:31:15 : EVT PMIC : PMIC temp zone:0x7
#1197453 06.07.2026 11:31:15 : EVT PMIC : VBUS state is OFF
#1197454 06.07.2026 11:31:15 : EVT PMIC : Turn charge OFF since VBUS->OFF
#1197455 06.07.2026 11:31:15 : EVT WBCOMM : Route lost: ECSD00000000
#1197456 06.07.2026 11:31:15 : TRC FUEL_GAUGE : Chg->0,B:5,C:77.0,V:4414,U:0,bF:97%,bC:97%
#1197457 06.07.2026 11:31:15 : EVT OHR : VBUS off
#1197458 06.07.2026 11:31:15 : EVT OHR : S:ON 0->1
#1197459 06.07.2026 11:31:15 : EVT ANALYTICS : Battery-> 1 soc:97
#1197460 06.07.2026 11:31:15 : EVT OHR : APPINIT:caps 0x1f4, 6b738616
#1197461 06.07.2026 11:31:15 : EVT <Unknown> : 1783330275834:AI@1783330275810, tz120
#1197462 06.07.2026 11:31:15 : EVT OHR : S:start 0x21a3
#1197463 06.07.2026 11:31:15 : EVT <Unknown> : 1783330275839:Meas start 0x21a3
#1197464 06.07.2026 11:31:16 : EVT <Unknown> : 1783330275853:PD1464, 0
#1197465 06.07.2026 11:31:16 : EVT <Unknown> : 1783330275914:GMV 20251126/1/4/0/395/46
#1197466 06.07.2026 11:31:16 : EVT <Unknown> : 1783330276167:Mi1.6.10, auth 0, hr_mode 0
#1197467 06.07.2026 11:31:16 : EVT <Unknown> : 1783330276419:On Skin Set.
#1197468 06.07.2026 11:31:17 : EVT <Unknown> : 1783330277050:Off Skin Set.
#1197469 06.07.2026 11:31:17 : EVT <Unknown> : 1783330277427:On Skin Set.
#1197470 06.07.2026 11:31:21 : ERR <Unknown> : 1783330281039:Mi invalid call:100,code:0.
#1197471 06.07.2026 11:31:32 : EVT OHR : new HR update
#1197472 06.07.2026 11:31:32 : EVT ANALYTICS : #FusHr src:2 time:59249
#1197473 06.07.2026 11:31:47 : EVT <Unknown> : 1783330307864:SCD DET STATE ON.
#1197474 06.07.2026 11:31:56 : EVT APPLICATION : Zapp climbl01:Load script
#1197475 06.07.2026 11:31:56 : EVT APPLICATION : Zapp climbl01:Enable
#1197476 06.07.2026 11:31:56 : EVT ANALYTICS : Zapp enabled i:5 h:a5e7afa5 n:climbl01 v:3.0
#1197477 06.07.2026 11:31:56 : EVT APPLICATION : Zapp clid:32880
#1197478 06.07.2026 11:31:57 : EVT WBSTORAGE : CACHE_DEFRAG (688->712, 24->24, 25)
#1197479 06.07.2026 11:31:57 : EVT UI_FRAMEWORK : evalFile: b:/zapp/climbl01.fea/ext12.js from ui
#1197480 06.07.2026 11:31:59 : EVT ANALYTICS : #FusHr src:2 time:0
#1197481 06.07.2026 11:31:59 : WRN WBAPI : eID-691468(277): /Dive/Alarms/Acknowledge 404
#1197482 06.07.2026 11:31:59 : EVT GPS : LocationProviderImpl:sub Passive
#1197483 06.07.2026 11:31:59 : TRC GPS : Full GNSS data subd l:0 c:80160010
#1197484 06.07.2026 11:31:59 : WRN WBAPI : eID-691468(277): /Dive/DiveGases 404
#1197485 06.07.2026 11:31:59 : WRN WBAPI : eID-691468(277): /Dive/Gauge/Next 404
#1197486 06.07.2026 11:31:59 : EVT TRAININGLAB : TLab:~Mode T 11530 + 466 A 3230 + 0
#1197487 06.07.2026 11:31:59 : EVT TRAININGLAB : TLab:Change mode 2->3
#1197488 06.07.2026 11:31:59 : ERR BLE : [AURA]No filters left, stopping scan
#1197489 06.07.2026 11:31:59 : EVT TRAININGLAB : TLab:Mode::userInfo 60, 200, 1, 37, 182, 950, 1990
#1197490 06.07.2026 11:31:59 : EVT LOGGER : Log space:30542826 bytes free
#1197491 06.07.2026 11:31:59 : TRC GPS : GnssServiceLevel::PASSIVE
#1197492 06.07.2026 11:31:59 : TRC GPS : @GSTP
#1197493 06.07.2026 11:31:59 : EVT TRAININGLAB : ModeUnsub:2800
#1197494 06.07.2026 11:31:59 : EVT TRAININGLAB : ModeSub:9004
#1197495 06.07.2026 11:31:59 : EVT TRAININGLAB : TLab:Select input 0
#1197496 06.07.2026 11:31:59 : EVT TRAININGLAB : Tlab:HR src is 2
#1197497 06.07.2026 11:31:59 : EVT TRAININGLAB : TLab:Active input 0
#1197498 06.07.2026 11:31:59 : EVT LOGGER : Exercise started
#1197499 06.07.2026 11:31:59 : TRC GPS : Full GNSS data subd l:0 c:802b0000
#1197500 06.07.2026 11:31:59 : WRN UI_FRAMEWORK : JsTotMem 128304/133120
#1197501 06.07.2026 11:31:59 : EVT TRAININGLAB : TLab:Active input 1
#1197502 06.07.2026 11:32:01 : TRC GPS : @BUP
#1197503 06.07.2026 11:32:01 : EVT ANALYTICS : Battery-> 3 soc:97
#1197504 06.07.2026 11:32:01 : EVT ANALYTICS : #FusHr src:2 time:0
#1197505 06.07.2026 11:32:01 : EVT ANALYTICS : #Act id:16
#1197506 06.07.2026 11:32:01 : EVT ANALYTICS : #powersave mode:p temp:25.9
#1197507 06.07.2026 11:32:01 : EVT ANALYTICS : GPSMODE:NOTUSED
#1197508 06.07.2026 11:32:01 : EVT ANALYTICS : #gnss d:2026-07-06T00:00:00Z
#1197509 06.07.2026 11:32:02 : WRN UI_FRAMEWORK : JsTotMem 131184/133120
#1197510 06.07.2026 11:32:02 : EVT ANALYTICS : #zapp n:Weather e:1
#1197511 06.07.2026 11:32:02 : EVT ANALYTICS : #zapp n:Movement e:1
#1197512 06.07.2026 11:32:02 : EVT ANALYTICS : #zapp n:Climb Log e:1
#1197513 06.07.2026 11:32:02 : TRC GPS : Done:BUP
#1197514 06.07.2026 11:32:02 : TRC GPS : Power disabled
#1197515 06.07.2026 11:32:03 : WRN WBAPI : eID-691468(277): /Dive/Alarms/Acknowledge 404
#1197516 06.07.2026 11:32:03 : WRN WBAPI : eID-691468(277): /Dive/DiveGases 404
#1197517 06.07.2026 11:32:03 : WRN WBAPI : eID-691468(277): /Dive/Gauge/Next 404
#1197518 06.07.2026 11:32:04 : ERR APPLICATION : Zapp:relMemCb (exec:ui)
#1197519 06.07.2026 11:32:04 : EVT APPLICATION : Zapp zzwethen:Disable
#1197520 06.07.2026 11:32:04 : EVT ANALYTICS : Zapp disabled i:8 h:3f77f8ec n:Weather
#1197521 06.07.2026 11:32:04 : ERR APPLICATION : Zapp 3:RelMem->unload
#1197522 06.07.2026 11:32:04 : ERR APPLICATION : Zapp:relMemCb (exec:ui)
#1197523 06.07.2026 11:32:04 : EVT APPLICATION : Zapp zzmoveen:Disable
#1197524 06.07.2026 11:32:04 : EVT ANALYTICS : Zapp disabled i:6 h:7aac0887 n:Movement
#1197525 06.07.2026 11:32:04 : ERR APPLICATION : Zapp 3:RelMem->unload
#1197526 06.07.2026 11:32:05 : EVT LOGGER : LGR 934, 80
#1197527 06.07.2026 11:32:05 : WRN WBAPI : eID-691468(277): /Dive/Alarms/Acknowledge 404
#1197528 06.07.2026 11:32:05 : WRN WBAPI : eID-691468(277): /Dive/DiveGases 404
#1197529 06.07.2026 11:32:05 : WRN WBAPI : eID-691468(277): /Dive/Gauge/Next 404
#1197530 06.07.2026 11:32:07 : EVT ANALYTICS : #ws AID:16 BM:1 NS:1 SP:1 ZN:0 TG:0 BL:0 GPS:0
#1197531 06.07.2026 11:32:07 : EVT ANALYTICS : #2ws AID:16 WHR:1 INT:0 AL:0 AP:0 FE:1 MC:1 TH:0
#1197532 06.07.2026 11:32:08 : EVT LOGGER : LGR 934, 80
#1197533 06.07.2026 11:32:08 : EVT UI_FRAMEWORK : evalFile: b:/zapp/climbl01.fea/ext10.js from ui
#1197534 06.07.2026 11:32:09 : WRN WBAPI : eID-691468(277): /Dive/Alarms/Acknowledge 404
#1197535 06.07.2026 11:32:09 : WRN WBAPI : eID-691468(277): /Dive/DiveGases 404
#1197536 06.07.2026 11:32:09 : WRN WBAPI : eID-691468(277): /Dive/Gauge/Next 404
#1197537 06.07.2026 11:32:10 : EVT LOGGER : LGR 934, 80
#1197538 06.07.2026 11:32:10 : WRN WBAPI : eID-691468(277): /Dive/Alarms/Acknowledge 404
#1197539 06.07.2026 11:32:10 : WRN WBAPI : eID-691468(277): /Dive/DiveGases 404
#1197540 06.07.2026 11:32:10 : WRN WBAPI : eID-691468(277): /Dive/Gauge/Next 404
#1197541 06.07.2026 11:36:26 : EVT <Unknown> : 1783330586124:Off Skin Set.
#1197542 06.07.2026 11:36:26 : EVT <Unknown> : 1783330586500:On Skin Set.
#1197543 06.07.2026 11:37:54 : EVT <Unknown> : 1783330674594:SCD DET STATE ON.
#1197544 06.07.2026 11:38:04 : EVT LOGGER : LGR 934, 80
#1197545 06.07.2026 11:38:05 : WRN WBAPI : eID-691468(277): /Dive/Alarms/Acknowledge 404
#1197546 06.07.2026 11:38:05 : WRN WBAPI : eID-691468(277): /Dive/DiveGases 404
#1197547 06.07.2026 11:38:05 : WRN WBAPI : eID-691468(277): /Dive/Gauge/Next 404
#1197548 06.07.2026 11:38:07 : EVT LOGGER : LGR 934, 80
#1197549 06.07.2026 11:38:07 : WRN WBAPI : eID-691468(277): /Dive/Alarms/Acknowledge 404
#1197550 06.07.2026 11:38:07 : WRN WBAPI : eID-691468(277): /Dive/DiveGases 404
#1197551 06.07.2026 11:38:07 : WRN WBAPI : eID-691468(277): /Dive/Gauge/Next 404
#1197552 06.07.2026 11:40:00 : ERR WBMAIN : *0: app 891 Event 24 80892700
#1197553 06.07.2026 11:40:00 : ERR WBMAIN : 1: mea 0 Event 3 80891701
#1197554 06.07.2026 11:40:00 : ERR WBMAIN : 2: ui 21 Wait 0 00000000
#1197555 06.07.2026 11:49:59 : EVT LOGGER : LGR 934, 80
#1197556 06.07.2026 11:50:01 : ERR WBMAIN : *0: app 993 Event 24 80892700
#1197557 06.07.2026 11:50:01 : ERR WBMAIN : 1: mea 18 DPC 0 00574f4f
#1197558 06.07.2026 11:50:01 : ERR WBMAIN : 2: ui 21 Wait 0 00000000
#1197559 06.07.2026 11:50:01 : WRN WBAPI : eID-691468(277): /Dive/Alarms/Acknowledge 404
#1197560 06.07.2026 11:50:01 : WRN WBAPI : eID-691468(277): /Dive/DiveGases 404
#1197561 06.07.2026 11:50:01 : WRN WBAPI : eID-691468(277): /Dive/Gauge/Next 404
#1197562 06.07.2026 11:50:01 : WRN WBAPI : eID-691468(277): /Dive/Alarms/Acknowledge 404
#1197563 06.07.2026 11:50:01 : WRN WBAPI : eID-691468(277): /Dive/DiveGases 404
#1197564 06.07.2026 11:50:01 : WRN WBAPI : eID-691468(277): /Dive/Gauge/Next 404
#1197565 06.07.2026 11:50:02 : WRN WBAPI : eID-691468(277): /Dive/Alarms/Acknowledge 404
#1197566 06.07.2026 11:50:02 : WRN WBAPI : eID-691468(277): /Dive/DiveGases 404
#1197567 06.07.2026 11:50:02 : WRN WBAPI : eID-691468(277): /Dive/Gauge/Next 404
#1197568 06.07.2026 11:50:03 : EVT LOGGER : LGR 934, 80
#1197569 06.07.2026 11:50:03 : WRN WBAPI : eID-691468(277): /Dive/Alarms/Acknowledge 404
#1197570 06.07.2026 11:50:03 : WRN WBAPI : eID-691468(277): /Dive/DiveGases 404
#1197571 06.07.2026 11:50:03 : WRN WBAPI : eID-691468(277): /Dive/Gauge/Next 404
#1197572 06.07.2026 11:50:04 : EVT LOGGER : LGR 934, 80
#1197573 06.07.2026 11:50:05 : WRN WBAPI : eID-691468(277): /Dive/Alarms/Acknowledge 404
#1197574 06.07.2026 11:50:05 : WRN WBAPI : eID-691468(277): /Dive/DiveGases 404
#1197575 06.07.2026 11:50:05 : WRN WBAPI : eID-691468(277): /Dive/Gauge/Next 404
#1197576 06.07.2026 11:50:06 : EVT LOGGER : LGR 934, 80
#1197577 06.07.2026 11:50:06 : WRN WBAPI : eID-691468(277): /Dive/Alarms/Acknowledge 404
#1197578 06.07.2026 11:50:06 : WRN WBAPI : eID-691468(277): /Dive/DiveGases 404
#1197579 06.07.2026 11:50:06 : WRN WBAPI : eID-691468(277): /Dive/Gauge/Next 404
#1197580 06.07.2026 11:50:07 : EVT LOGGER : LGR 934, 80
#1197581 06.07.2026 11:50:08 : WRN WBAPI : eID-691468(277): /Dive/Alarms/Acknowledge 404
#1197582 06.07.2026 11:50:08 : WRN WBAPI : eID-691468(277): /Dive/DiveGases 404
#1197583 06.07.2026 11:50:08 : WRN WBAPI : eID-691468(277): /Dive/Gauge/Next 404
#1197584 06.07.2026 11:50:08 : EVT LOGGER : LGR 934, 80
#1197585 06.07.2026 11:50:09 : WRN WBAPI : eID-691468(277): /Dive/Alarms/Acknowledge 404
#1197586 06.07.2026 11:50:09 : WRN WBAPI : eID-691468(277): /Dive/DiveGases 404
#1197587 06.07.2026 11:50:09 : WRN WBAPI : eID-691468(277): /Dive/Gauge/Next 404
#1197588 06.07.2026 11:50:09 : EVT LOGGER : LGR 934, 80
#1197589 06.07.2026 11:50:10 : WRN WBAPI : eID-691468(277): /Dive/Alarms/Acknowledge 404
#1197590 06.07.2026 11:50:10 : WRN WBAPI : eID-691468(277): /Dive/DiveGases 404
#1197591 06.07.2026 11:50:10 : WRN WBAPI : eID-691468(277): /Dive/Gauge/Next 404
#1197592 06.07.2026 11:50:11 : EVT LOGGER : LGR 934, 80
#1197593 06.07.2026 11:50:11 : WRN WBAPI : eID-691468(277): /Dive/Alarms/Acknowledge 404
#1197594 06.07.2026 11:50:11 : WRN WBAPI : eID-691468(277): /Dive/DiveGases 404
#1197595 06.07.2026 11:50:11 : WRN WBAPI : eID-691468(277): /Dive/Gauge/Next 404
#1197596 06.07.2026 11:50:12 : EVT LOGGER : LGR 934, 80
#1197597 06.07.2026 11:50:13 : WRN WBAPI : eID-691468(277): /Dive/Alarms/Acknowledge 404
#1197598 06.07.2026 11:50:13 : WRN WBAPI : eID-691468(277): /Dive/DiveGases 404
#1197599 06.07.2026 11:50:13 : WRN WBAPI : eID-691468(277): /Dive/Gauge/Next 404
#1197600 06.07.2026 11:51:15 : EVT LOGGER : LGR 934, 80
#1197601 06.07.2026 11:51:15 : WRN WBAPI : eID-691468(277): /Dive/Alarms/Acknowledge 404
#1197602 06.07.2026 11:51:15 : WRN WBAPI : eID-691468(277): /Dive/DiveGases 404
#1197603 06.07.2026 11:51:15 : WRN WBAPI : eID-691468(277): /Dive/Gauge/Next 404
#1197604 06.07.2026 11:56:00 : EVT LOGGER : LGR 934, 80
#1197605 06.07.2026 11:56:02 : WRN WBAPI : eID-691468(277): /Dive/Alarms/Acknowledge 404
#1197606 06.07.2026 11:56:02 : WRN WBAPI : eID-691468(277): /Dive/DiveGases 404
#1197607 06.07.2026 11:56:02 : WRN WBAPI : eID-691468(277): /Dive/Gauge/Next 404
#1197608 06.07.2026 11:56:02 : EVT LOGGER : LGR 934, 80
#1197609 06.07.2026 11:56:03 : WRN WBAPI : eID-691468(277): /Dive/Alarms/Acknowledge 404
#1197610 06.07.2026 11:56:03 : WRN WBAPI : eID-691468(277): /Dive/DiveGases 404
#1197611 06.07.2026 11:56:03 : WRN WBAPI : eID-691468(277): /Dive/Gauge/Next 404
#1197612 06.07.2026 11:56:44 : TRC FUEL_GAUGE : Batt: 4390 mV (raw: 4390) soc: 97 %, T: 29.4 C,H:102
#1197613 06.07.2026 12:00:01 : ERR WBMAIN : *0: app 1157 Event 24 80892700
#1197614 06.07.2026 12:00:01 : ERR WBMAIN : 1: mea 0 Event 3 80891701
#1197615 06.07.2026 12:00:01 : ERR WBMAIN : 2: ui 91 Wait 0 00000000
#1197616 06.07.2026 12:00:01 : EVT <Unknown> : pwr daily,ontime:12
#1197617 06.07.2026 12:00:01 : EVT WBSTORAGE : CACHE_DEFRAG (648->664, 24->24, 25)
#1197618 06.07.2026 12:00:01 : EVT WEATHER : t:495369, d:1
#1197619 06.07.2026 12:02:32 : EVT LOGGER : LGR 934, 80
#1197620 06.07.2026 12:02:33 : WRN WBAPI : eID-691468(277): /Dive/Alarms/Acknowledge 404
#1197621 06.07.2026 12:02:33 : WRN WBAPI : eID-691468(277): /Dive/DiveGases 404
#1197622 06.07.2026 12:02:33 : WRN WBAPI : eID-691468(277): /Dive/Gauge/Next 404
#1197623 06.07.2026 12:02:33 : EVT LOGGER : LGR 934, 80
#1197624 06.07.2026 12:02:33 : WRN WBAPI : eID-691468(277): /Dive/Alarms/Acknowledge 404
#1197625 06.07.2026 12:02:33 : WRN WBAPI : eID-691468(277): /Dive/DiveGases 404
#1197626 06.07.2026 12:02:33 : WRN WBAPI : eID-691468(277): /Dive/Gauge/Next 404
#1197627 06.07.2026 12:02:34 : EVT LOGGER : LGR 934, 80
#1197628 06.07.2026 12:02:35 : WRN WBAPI : eID-691468(277): /Dive/Alarms/Acknowledge 404
#1197629 06.07.2026 12:02:35 : WRN WBAPI : eID-691468(277): /Dive/DiveGases 404
#1197630 06.07.2026 12:02:35 : WRN WBAPI : eID-691468(277): /Dive/Gauge/Next 404
#1197631 06.07.2026 12:02:37 : EVT LOGGER : LGR 934, 80
#1197632 06.07.2026 12:02:37 : WRN WBAPI : eID-691468(277): /Dive/Alarms/Acknowledge 404
#1197633 06.07.2026 12:02:37 : WRN WBAPI : eID-691468(277): /Dive/DiveGases 404
#1197634 06.07.2026 12:02:37 : WRN WBAPI : eID-691468(277): /Dive/Gauge/Next 404
#1197635 06.07.2026 12:02:39 : EVT LOGGER : LGR 934, 80
#1197636 06.07.2026 12:02:42 : EVT UI_FRAMEWORK : evalFile: b:/zapp/climbl01.fea/ext11.js from ui
#1197637 06.07.2026 12:02:42 : EVT LOGGER : Exercise paused
#1197638 06.07.2026 12:02:42 : WRN WBAPI : eID-691468(277): /Dive/Alarms/Acknowledge 404
#1197639 06.07.2026 12:02:42 : WRN WBAPI : eID-691468(277): /Dive/DiveGases 404
#1197640 06.07.2026 12:02:42 : WRN WBAPI : eID-691468(277): /Dive/Gauge/Next 404
#1197641 06.07.2026 12:02:48 : EVT APPLICATION : Zapp climbl01:Disable
#1197642 06.07.2026 12:02:48 : ERR APPLICATION : Zapp:relMemCb (exec:zapp)
#1197643 06.07.2026 12:02:48 : ERR APPLICATION : Zapp:RelMem->None avail
#1197644 06.07.2026 12:02:48 : ERR DUKTAPE : JSalloc:2259
#1197645 06.07.2026 12:02:48 : ERR APPLICATION : Zapp:relMemCb (exec:zapp)
#1197646 06.07.2026 12:02:48 : ERR APPLICATION : Zapp:RelMem->None avail
#1197647 06.07.2026 12:02:48 : ERR DUKTAPE : JSalloc:2259
#1197648 06.07.2026 12:02:48 : ERR APPLICATION : Zapp:relMemCb (exec:zapp)
#1197649 06.07.2026 12:02:48 : ERR APPLICATION : Zapp:RelMem->None avail
#1197650 06.07.2026 12:02:48 : ERR DUKTAPE : JSalloc:2259
#1197651 06.07.2026 12:02:49 : EVT ANALYTICS : Zapp disabled i:5 h:a5e7afa5 n:Climb Log
#1197652 06.07.2026 12:02:56 : EVT <Unknown> : 1783332176871:Off Skin Set.
#1197653 06.07.2026 12:02:57 : EVT <Unknown> : 1783332177748:On Skin Set.
#1197654 06.07.2026 12:02:58 : EVT <Unknown> : 1783332178059:Off Skin Set.
#1197655 06.07.2026 12:03:01 : EVT PMIC : VBUS state is ON
#1197656 06.07.2026 12:03:01 : EVT PMIC : chgCntl1:0x70
#1197657 06.07.2026 12:03:01 : EVT PMIC : check chgCntl1:0x74
#1197658 06.07.2026 12:03:01 : EVT PMIC : Turn charge ON since VBUS->ON
#1197659 06.07.2026 12:03:01 : EVT PMIC : PMIC temp zone:0x2
#1197660 06.07.2026 12:03:01 : EVT PMIC : PMIC Fast-charge constant cur
#1197661 06.07.2026 12:03:01 : EVT OHR : VBUS on
#1197662 06.07.2026 12:03:01 : EVT OHR : S:stop a3
#1197663 06.07.2026 12:03:01 : EVT <Unknown> : 1783332181718:Meas stop 0x21a3
#1197664 06.07.2026 12:03:01 : EVT PMIC : PMIC Fast-charge constant voltage
#1197665 06.07.2026 12:03:01 : EVT PMIC : VBUS state is ON
#1197666 06.07.2026 12:03:01 : WRN <Unknown> : 1783332181718:FSM EVT STOP.
#1197667 06.07.2026 12:03:01 : EVT OHR : S:OFF 1->0
#1197668 06.07.2026 12:03:01 : EVT OHR : No HR update, invalidate by timer
#1197669 06.07.2026 12:03:02 : EVT PMIC : PMIC temp zone:0x7
#1197670 06.07.2026 12:03:02 : EVT PMIC : VBUS state is OFF
#1197671 06.07.2026 12:03:02 : EVT PMIC : Turn charge OFF since VBUS->OFF
#1197672 06.07.2026 12:03:02 : EVT OHR : VBUS off
#1197673 06.07.2026 12:03:02 : EVT OHR : S:ON 0->1
#1197674 06.07.2026 12:03:02 : EVT OHR : APPINIT:caps 0x1f4, 6b738616
#1197675 06.07.2026 12:03:02 : EVT <Unknown> : 1783332182844:AI@1783332182820, tz120
#1197676 06.07.2026 12:03:02 : EVT OHR : S:start 0x21a3
#1197677 06.07.2026 12:03:02 : EVT <Unknown> : 1783332182850:Meas start 0x21a3
#1197678 06.07.2026 12:03:03 : EVT <Unknown> : 1783332182864:PD1464, 0
#1197679 06.07.2026 12:03:03 : EVT <Unknown> : 1783332182925:GMV 20251126/1/4/0/395/46
#1197680 06.07.2026 12:03:03 : EVT <Unknown> : 1783332183179:Mi1.6.10, auth 0, hr_mode 0
#1197681 06.07.2026 12:03:04 : EVT UI_FRAMEWORK : JS discard disable zapps
#1197682 06.07.2026 12:03:04 : EVT UI_FRAMEWORK : JS will discard
#1197683 06.07.2026 12:03:04 : EVT SPEEDFUSION : INFO # stop speed fusion
#1197684 06.07.2026 12:03:04 : EVT <Unknown> : Update pres sampl intrvl:5
#1197685 06.07.2026 12:03:04 : WRN APPLICATION : discard hrr meas l:3 d:0 sh:64 mh:64 v:0
#1197686 06.07.2026 12:03:04 : WRN WBAPI : eID-698eec(583/65535): 404
#1197687 06.07.2026 12:03:04 : EVT GPS : LocationProviderImpl:sub Best
#1197688 06.07.2026 12:03:04 : TRC GPS : Full GNSS data subd l:15 c:80160010
#1197689 06.07.2026 12:03:04 : EVT TRAININGZONE : User Define Mode:5
#1197690 06.07.2026 12:03:04 : EVT TRAININGZONE : Tss HR:15.45
#1197691 06.07.2026 12:03:04 : EVT TRAININGZONE : A:16,Tss:[-200.00,-200.00,-200.00,15.45]
#1197692 06.07.2026 12:03:04 : EVT TRAININGLAB : AppFeature Vo2Max 0.000000
#1197693 06.07.2026 12:03:04 : EVT TRAININGLAB : TLab:~Mode T 11996 + 782 A 3230 + 370
#1197694 06.07.2026 12:03:04 : EVT TRAININGLAB : TLab:Change mode 3->2
#1197695 06.07.2026 12:03:04 : EVT <Unknown> : 1783332184103:On Skin Set.
#1197696 06.07.2026 12:03:04 : EVT TRAININGLAB : TLab:Mode::userInfo 60, 200, 1, 37, 182, 950, 1990
#1197697 06.07.2026 12:03:04 : EVT TRAININGLAB : ModeUnsub:9145
#1197698 06.07.2026 12:03:04 : EVT LOGGER : LGR 934, 80
#1197699 06.07.2026 12:03:04 : EVT <Unknown> : 1783332184415:Off Skin Set.
#1197700 06.07.2026 12:03:04 : EVT TRAININGLAB : ModeSub:0400
#1197701 06.07.2026 12:03:04 : EVT OHR : S:start 0x2123
#1197702 06.07.2026 12:03:04 : EVT LOGGER : Exercise stopped
#1197703 06.07.2026 12:03:04 : EVT ANALYTICS : WAOae:Activity WAOae:16
#1197704 06.07.2026 12:03:04 : EVT ANALYTICS : WAOae:TotalAcc WAOae:0,0,0
#1197705 06.07.2026 12:03:04 : EVT ANALYTICS : WAOae:AccCount WAOae:0,0,0
#1197706 06.07.2026 12:03:04 : EVT ANALYTICS : WAOae:Distance WAOae:0,0,0
#1197707 06.07.2026 12:03:04 : EVT ANALYTICS : WAOae:Duration WAOae:0,0,0
#1197708 06.07.2026 12:03:04 : EVT ANALYTICS : WAOae:Coeff WAOae:0,40,122,272,773,7524,7624
#1197709 06.07.2026 12:03:04 : EVT LOGGER : HrIbiLogger stop, off (0 ms)
#1197710 06.07.2026 12:03:04 : EVT LOGGER : HrIbiLogger stopped (0 ms)
#1197711 06.07.2026 12:03:04 : TRC GPS : Unsubd c:802b0000
#1197712 06.07.2026 12:03:04 : EVT LOGGER : LGR 934, 80
#1197713 06.07.2026 12:03:04 : EVT LOGGER : LGR 934, 80
#1197714 06.07.2026 12:03:04 : TRC GPS : Power enabled
#1197715 06.07.2026 12:03:04 : EVT ANALYTICS : SleepQ:Tracking:On
#1197716 06.07.2026 12:03:05 : EVT LOGGER : Wr dpc on
#1197717 06.07.2026 12:03:05 : EVT LOGGER : LGR 20993, 56
#1197718 06.07.2026 12:03:05 : EVT <Unknown> : 1783332184849:Meas start 0x2123
#1197719 06.07.2026 12:03:05 : EVT BLE : Disconn sensor:1
#1197720 06.07.2026 12:03:05 : EVT BLE : BLE Sensor Link 4800180D Disc (L-E-:00:0)
#1197721 06.07.2026 12:03:05 : WRN BLE : sendDisconnect 6157
#1197722 06.07.2026 12:03:05 : ERR BLE : [AURA]Filter with handle 72 not found
#1197723 06.07.2026 12:03:06 : EVT UI_FRAMEWORK : JS feeling vs idle 1
#1197724 06.07.2026 12:03:06 : EVT UI_FRAMEWORK : JS feeling open ex-saving
#1197725 06.07.2026 12:03:06 : TRC GPS : Stat report:1
#1197726 06.07.2026 12:03:06 : TRC GPS : @GTIM 2026 7 6 10 3 6
#1197727 06.07.2026 12:03:06 : TRC GPS : Done:GTI
#1197728 06.07.2026 12:03:06 : TRC GPS : GNS setting 0x1fcb
#1197729 06.07.2026 12:03:06 : TRC GPS : @GSR
#1197730 06.07.2026 12:03:06 : EVT WBSTORAGE : CACHE_DEFRAG (552->880, 24->24, 25)
#1197731 06.07.2026 12:03:06 : EVT WBSTORAGE : CACHE_DEFRAG (864->920, 24->24, 25)
#1197732 06.07.2026 12:03:06 : TRC NAVIGATION : CG: no climb WP
#1197733 06.07.2026 12:03:06 : TRC NAVIGATION : CG:init ZoomType=0
#1197734 06.07.2026 12:03:06 : EVT NAVIGATION : initSeg Idx=0 D=1 T=0 3-0-4
#1197735 06.07.2026 12:03:06 : EVT WBSTORAGE : CACHE_DEFRAG (904->944, 24->24, 25)
#1197736 06.07.2026 12:03:06 : EVT SPEEDFUSION : INFO # IDLE mode(-1) set
#1197737 06.07.2026 12:03:06 : EVT ALTIFUSION : AltiBaroMode:2
#1197738 06.07.2026 12:03:06 : ERR WBMAIN : *0: app 548 Event 37 8099031c
#1197739 06.07.2026 12:03:06 : ERR WBMAIN : 1: mea 1 Wait 0 00000000
#1197740 06.07.2026 12:03:06 : ERR WBMAIN : 2: ui 3 Wait 0 00000000
#1197741 06.07.2026 12:03:06 : EVT GPS : LocationProviderImpl:sub Passive
#1197742 06.07.2026 12:03:06 : TRC GPS : Full GNSS data subd l:0 c:80160010
#1197743 06.07.2026 12:03:07 : TRC GPS : Done:GSR
#1197744 06.07.2026 12:03:07 : TRC GPS : GnssServiceLevel::PASSIVE
#1197745 06.07.2026 12:03:07 : EVT ANALYTICS : #powersave mode:p temp:28.3
#1197746 06.07.2026 12:03:07 : EVT ANALYTICS : Battery-> 4 soc:96
#1197747 06.07.2026 12:03:07 : TRC GPS : @GSTP
#1197748 06.07.2026 12:03:07 : EVT <Unknown> : 1783332187292:On Skin Set.
#1197749 06.07.2026 12:03:08 : EVT <Unknown> : 1783332188123:Off Skin Set.
#1197750 06.07.2026 12:03:08 : EVT <Unknown> : 1783332188625:On Skin Set.
#1197751 06.07.2026 12:03:09 : EVT ALTIFUSION : Init Search Kalman
#1197752 06.07.2026 12:03:09 : EVT GPS : AltitudeService:sub Best
#1197753 06.07.2026 12:03:09 : TRC GPS : Full GNSS data subd l:15 c:80420010
#1197754 06.07.2026 12:03:09 : TRC GPS : @BUP
#1197755 06.07.2026 12:03:09 : EVT OHR : No HR update, invalidate by timer
#1197756 06.07.2026 12:03:10 : EVT ANALYTICS : Duration ExSaving:3945
#1197757 06.07.2026 12:03:10 : TRC GPS : Done:BUP
#1197758 06.07.2026 12:03:10 : TRC GPS : Power disabled
#1197759 06.07.2026 12:03:10 : TRC GPS : Power enabled
#1197760 06.07.2026 12:03:10 : EVT ANALYTICS : Duration ExSumBroker:423
#1197761 06.07.2026 12:03:11 : TRC GPS : Stat report:1
#1197762 06.07.2026 12:03:11 : TRC GPS : @GTIM 2026 7 6 10 3 11
#1197763 06.07.2026 12:03:11 : TRC GPS : Done:GTI
#1197764 06.07.2026 12:03:11 : TRC GPS : GNS setting 0x1fcb
#1197765 06.07.2026 12:03:11 : TRC GPS : @GSR
#1197766 06.07.2026 12:03:12 : TRC GPS : Done:GSR
#1197767 06.07.2026 12:03:12 : ERR <Unknown> : 1783332191857:Mi invalid call:100,code:0.
#1197768 06.07.2026 12:03:12 : EVT <Unknown> : 1783332192697:Off Skin Set.
#1197769 06.07.2026 12:03:17 : EVT UI_FRAMEWORK : JS delete log
#1197770 06.07.2026 12:03:17 : WRN LOGGER : Delete b:logs/6A4B760F
#1197771 06.07.2026 12:03:19 : EVT <Unknown> : 1783332199575:On Skin Set.
#1197772 06.07.2026 12:03:19 : EVT WBSTORAGE : CACHE_DEFRAG (920->928, 24->24, 25)
#1197773 06.07.2026 12:03:19 : EVT APPLICATION : Zapp zwc05901:Load script
#1197774 06.07.2026 12:03:19 : EVT APPLICATION : Zapp zwc05901:Enable
#1197775 06.07.2026 12:03:19 : EVT ANALYTICS : Zapp enabled i:3 h:ddb248f2 n:zwc05901 v:124f
#1197776 06.07.2026 12:03:19 : WRN WBAPI : eID-691468(277): /Weather/Current/ValidWeatherData.temp 
#1197777 06.07.2026 12:03:22 : WRN WBAPI : eID-691468(277): /Weather/Current/ValidWeatherData.temp 
#1197778 06.07.2026 12:03:24 : EVT WBSTORAGE : CACHE_DEFRAG (800->808, 24->24, 25)
#1197779 06.07.2026 12:03:24 : EVT WBSTORAGE : CACHE_DEFRAG (760->896, 24->24, 25)
#1197780 06.07.2026 12:03:24 : EVT WBSTORAGE : CACHE_DEFRAG (872->880, 24->24, 25)
#1197781 06.07.2026 12:03:24 : EVT WBSTORAGE : CACHE_DEFRAG (864->872, 24->24, 25)
#1197782 06.07.2026 12:03:24 : EVT WBSTORAGE : CACHE_DEFRAG (856->864, 24->24, 25)
#1197783 06.07.2026 12:03:24 : TRC NAVIGATION : CG: no climb WP
#1197784 06.07.2026 12:03:24 : TRC NAVIGATION : CG:init ZoomType=0
#1197785 06.07.2026 12:03:24 : EVT NAVIGATION : initSeg Idx=0 D=1 T=0 3-0-4
#1197786 06.07.2026 12:03:25 : EVT WBSTORAGE : CACHE_DEFRAG (784->968, 24->24, 25)
#1197787 06.07.2026 12:03:25 : EVT GPS : LocationProviderImpl:sub Best
#1197788 06.07.2026 12:03:25 : TRC GPS : Full GNSS data subd l:15 c:80160010
#1197789 06.07.2026 12:03:25 : EVT ALTIFUSION : AltiBaroMode:0
#1197790 06.07.2026 12:03:25 : EVT ALTIFUSION : Init AltiBaro
#1197791 06.07.2026 12:03:25 : EVT GPS : AltitudeService:unsub
#1197792 06.07.2026 12:03:25 : TRC GPS : Unsubd c:80420010
#1197793 06.07.2026 12:03:25 : EVT APPLICATION : Zapp zwc05901:Disable
#1197794 06.07.2026 12:03:25 : EVT ANALYTICS : Zapp disabled i:3 h:ddb248f2 n:Vector classic
#1197795 06.07.2026 12:03:25 : EVT GPS : LocationProviderImpl:sub Passive
#1197796 06.07.2026 12:03:25 : TRC GPS : Full GNSS data subd l:0 c:80160010
#1197797 06.07.2026 12:03:25 : EVT ANALYTICS : SleepQ:Tracking:On
#1197798 06.07.2026 12:03:25 : TRC GPS : GnssServiceLevel::PASSIVE
#1197799 06.07.2026 12:03:25 : EVT ALTIFUSION : AltiBaroMode:0
#1197800 06.07.2026 12:03:25 : TRC GPS : @GSTP
#1197801 06.07.2026 12:03:25 : EVT WBSTORAGE : CACHE_DEFRAG (944->952, 24->24, 25)
#1197802 06.07.2026 12:03:25 : EVT UI_FRAMEWORK : JS nsto enable zapp: zzwethen
#1197803 06.07.2026 12:03:25 : EVT UI_FRAMEWORK : JS nsto enable zapp: zzmoveen
#1197804 06.07.2026 12:03:25 : EVT UI_FRAMEWORK : JS nsto enable zapp: climbl01
#1197805 06.07.2026 12:03:25 : EVT APPLICATION : Zapp zzwethen:Load script
#1197806 06.07.2026 12:03:25 : EVT APPLICATION : Zapp zzwethen:Enable
#1197807 06.07.2026 12:03:25 : EVT ANALYTICS : Zapp enabled i:8 h:3f77f8ec n:zzwethen v:ade
#1197808 06.07.2026 12:03:25 : EVT APPLICATION : Zapp clid:32878
#1197809 06.07.2026 12:03:25 : EVT APPLICATION : Zapp zzmoveen:Load script
#1197810 06.07.2026 12:03:25 : EVT APPLICATION : Zapp zzmoveen:Enable
#1197811 06.07.2026 12:03:25 : EVT ANALYTICS : Zapp enabled i:6 h:7aac0887 n:zzmoveen v:8e0
#1197812 06.07.2026 12:03:25 : EVT UI_FRAMEWORK : evalFile: b:/zapp/zzmoveen.fea/ext1.js from ui
#1197813 06.07.2026 12:03:25 : EVT APPLICATION : Zapp clid:32879
#1197814 06.07.2026 12:03:25 : EVT APPLICATION : Zapp climbl01:Load script
#1197815 06.07.2026 12:03:25 : EVT APPLICATION : Zapp climbl01:Enable
#1197816 06.07.2026 12:03:25 : EVT ANALYTICS : Zapp enabled i:5 h:a5e7afa5 n:climbl01 v:3.0
#1197817 06.07.2026 12:03:25 : EVT APPLICATION : Zapp clid:32880
#1197818 06.07.2026 12:03:25 : EVT UI_FRAMEWORK : JS nsto all zapps enabled.
#1197819 06.07.2026 12:03:25 : EVT UI_FRAMEWORK : JS Prestart Activity Id: 16.000
#1197820 06.07.2026 12:03:25 : WRN WBAPI : eID-691468(277): /Dive/Alarms/Acknowledge 404
#1197821 06.07.2026 12:03:25 : WRN WBAPI : eID-691468(277): /Dive/DiveGases 404
#1197822 06.07.2026 12:03:25 : WRN WBAPI : eID-691468(277): /Dive/Gauge/Next 404
#1197823 06.07.2026 12:03:25 : EVT WBSTORAGE : CACHE_DEFRAG (904->912, 24->24, 25)
#1197824 06.07.2026 12:03:25 : EVT WBSTORAGE : CACHE_DEFRAG (840->848, 24->24, 25)
#1197825 06.07.2026 12:03:26 : EVT WBSTORAGE : CACHE_DEFRAG (776->784, 24->24, 25)
#1197826 06.07.2026 12:03:26 : EVT BLE : BLE Sensor Link 4800180D Conn (--E-:00:1)
#1197827 06.07.2026 12:03:26 : WRN BLE : sendConnect 6157
#1197828 06.07.2026 12:03:26 : WRN WBAPI : eID-691468(277): /Dive/TankPressure/Alarm/Count 404
#1197829 06.07.2026 12:03:26 : EVT SPEEDFUSION : INFO # start speed fusion
#1197830 06.07.2026 12:03:26 : EVT SPEEDFUSION : Act:16,Acc:0,BPod:0,FPod:0,PPod:0,BeltPod:1
#1197831 06.07.2026 12:03:26 : EVT SPEEDFUSION : INFO # Start algo without wrist acc
#1197832 06.07.2026 12:03:26 : EVT <Unknown> : Update pres sampl intrvl:1
#1197833 06.07.2026 12:03:26 : EVT OHR : S:start 0x21a3
#1197834 06.07.2026 12:03:26 : TRC GPS : @BUP
#1197835 06.07.2026 12:03:26 : EVT UI_FRAMEWORK : evalFile: b:/zapp/climbl01.fea/ext12.js from ui
#1197836 06.07.2026 12:03:26 : EVT <Unknown> : 1783332206492:Meas start 0x21a3
#1197837 06.07.2026 12:03:27 : EVT TRAININGLAB : TLab:~Mode T 12778 + 4 A 3600 + 0
#1197838 06.07.2026 12:03:27 : EVT TRAININGLAB : TLab:Change mode 2->3
#1197839 06.07.2026 12:03:27 : WRN WBAPI : eID-691468(277): /Dive/Alarms/Acknowledge 404
#1197840 06.07.2026 12:03:27 : EVT TRAININGLAB : TLab:Mode::userInfo 60, 200, 1, 37, 182, 950, 1990
#1197841 06.07.2026 12:03:27 : WRN WBAPI : eID-691468(277): /Dive/DiveGases 404
#1197842 06.07.2026 12:03:27 : WRN WBAPI : eID-691468(277): /Dive/Gauge/Next 404
#1197843 06.07.2026 12:03:27 : EVT LOGGER : Log space:30542826 bytes free
#1197844 06.07.2026 12:03:27 : EVT TRAININGLAB : ModeUnsub:2800
#1197845 06.07.2026 12:03:27 : EVT TRAININGLAB : ModeSub:9004
#1197846 06.07.2026 12:03:27 : EVT TRAININGLAB : TLab:Select input 0
#1197847 06.07.2026 12:03:27 : EVT TRAININGLAB : TLab:Active input 0
#1197848 06.07.2026 12:03:27 : EVT LOGGER : Exercise started
#1197849 06.07.2026 12:03:27 : EVT BLE : HR RR on (118845937)
#1197850 06.07.2026 12:03:27 : TRC GPS : Full GNSS data subd l:0 c:802b0000
#1197851 06.07.2026 12:03:27 : WRN WBAPI : eID-691468(277): /Dive/Alarms/Acknowledge 404
#1197852 06.07.2026 12:03:27 : WRN WBAPI : eID-691468(277): /Dive/DiveGases 404
#1197853 06.07.2026 12:03:27 : WRN WBAPI : eID-691468(277): /Dive/Gauge/Next 404
#1197854 06.07.2026 12:03:28 : TRC GPS : Done:BUP
#1197855 06.07.2026 12:03:28 : TRC GPS : Power disabled
#1197856 06.07.2026 12:03:29 : EVT ANALYTICS : Battery-> 3 soc:96
#1197857 06.07.2026 12:03:29 : EVT ANALYTICS : #FusHr src:0 time:0
#1197858 06.07.2026 12:03:29 : EVT ANALYTICS : #Act id:16
#1197859 06.07.2026 12:03:29 : EVT ANALYTICS : #powersave mode:p temp:29.6
#1197860 06.07.2026 12:03:29 : EVT ANALYTICS : GPSMODE:NOTUSED
#1197861 06.07.2026 12:03:29 : EVT ANALYTICS : #gnss d:2026-07-06T00:00:00Z
#1197862 06.07.2026 12:03:29 : EVT ANALYTICS : #zapp n:Weather e:1
#1197863 06.07.2026 12:03:29 : EVT ANALYTICS : #zapp n:Movement e:1
#1197864 06.07.2026 12:03:30 : EVT ANALYTICS : #zapp n:Climb Log e:1
#1197865 06.07.2026 12:03:35 : EVT ANALYTICS : #ws AID:16 BM:1 NS:0 SP:3 ZN:0 TG:0 BL:0 GPS:0
#1197866 06.07.2026 12:03:35 : EVT ANALYTICS : #2ws AID:16 WHR:1 INT:0 AL:0 AP:0 FE:1 MC:1 TH:0
#1197867 06.07.2026 12:03:36 : EVT BLE : lt,scan 1
#1197868 06.07.2026 12:03:36 : WRN BLE : sendDisconnect 6157
#1197869 06.07.2026 12:03:36 : ERR BLE : [AURA]No filters left, stopping scan
#1197870 06.07.2026 12:03:36 : ERR BLE : [AURA]Filter with handle 72 not found
#1197871 06.07.2026 12:03:36 : EVT BLE : packet 0 sensor found count 1
#1197872 06.07.2026 12:03:36 : EVT BLE : packet 0 sensor found count 2
#1197873 06.07.2026 12:03:36 : TRC FUEL_GAUGE : batFgLevel cur:96%, prev:97%
#1197874 06.07.2026 12:03:37 : EVT ANALYTICS : #FusHr src:2 time:10129
#1197875 06.07.2026 12:03:37 : EVT TRAININGLAB : Tlab:HR src is 2
#1197876 06.07.2026 12:03:37 : EVT ANALYTICS : #FusHr src:2 time:0
#1197877 06.07.2026 12:03:37 : EVT TRAININGLAB : TLab:Active input 1
#1197878 06.07.2026 12:03:41 : EVT LOGGER : LGR 934, 80
#1197879 06.07.2026 12:03:41 : WRN WBAPI : eID-691468(277): /Dive/Alarms/Acknowledge 404
#1197880 06.07.2026 12:03:41 : WRN WBAPI : eID-691468(277): /Dive/DiveGases 404
#1197881 06.07.2026 12:03:41 : WRN WBAPI : eID-691468(277): /Dive/Gauge/Next 404
#1197882 06.07.2026 12:03:42 : ERR APPLICATION : Zapp:relMemCb (exec:ui)
#1197883 06.07.2026 12:03:42 : EVT APPLICATION : Zapp zzwethen:Disable
#1197884 06.07.2026 12:03:42 : EVT ANALYTICS : Zapp disabled i:8 h:3f77f8ec n:Weather
#1197885 06.07.2026 12:03:42 : ERR APPLICATION : Zapp 3:RelMem->unload
#1197886 06.07.2026 12:03:42 : ERR APPLICATION : Zapp:relMemCb (exec:ui)
#1197887 06.07.2026 12:03:42 : EVT APPLICATION : Zapp zzmoveen:Disable
#1197888 06.07.2026 12:03:42 : EVT ANALYTICS : Zapp disabled i:6 h:7aac0887 n:Movement
#1197889 06.07.2026 12:03:42 : ERR APPLICATION : Zapp 3:RelMem->unload
#1197890 06.07.2026 12:03:42 : EVT LOGGER : LGR 934, 80
#1197891 06.07.2026 12:03:43 : EVT UI_FRAMEWORK : evalFile: b:/zapp/climbl01.fea/ext10.js from ui
#1197892 06.07.2026 12:03:44 : WRN WBAPI : eID-691468(277): /Dive/Alarms/Acknowledge 404
#1197893 06.07.2026 12:03:44 : WRN WBAPI : eID-691468(277): /Dive/DiveGases 404
#1197894 06.07.2026 12:03:44 : WRN WBAPI : eID-691468(277): /Dive/Gauge/Next 404
#1197895 06.07.2026 12:03:46 : EVT LOGGER : LGR 934, 80
#1197896 06.07.2026 12:03:46 : WRN WBAPI : eID-691468(277): /Dive/Alarms/Acknowledge 404
#1197897 06.07.2026 12:03:46 : WRN WBAPI : eID-691468(277): /Dive/DiveGases 404
#1197898 06.07.2026 12:03:46 : WRN WBAPI : eID-691468(277): /Dive/Gauge/Next 404
#1197899 06.07.2026 12:03:47 : EVT LOGGER : LGR 934, 80
#1197900 06.07.2026 12:03:48 : WRN WBAPI : eID-691468(277): /Dive/Alarms/Acknowledge 404
#1197901 06.07.2026 12:03:48 : WRN WBAPI : eID-691468(277): /Dive/DiveGases 404
#1197902 06.07.2026 12:03:48 : WRN WBAPI : eID-691468(277): /Dive/Gauge/Next 404
#1197903 06.07.2026 12:03:53 : EVT UI_FRAMEWORK : evalFile: b:/zapp/climbl01.fea/ext11.js from ui
#1197904 06.07.2026 12:03:53 : EVT LOGGER : Exercise paused
#1197905 06.07.2026 12:03:53 : WRN WBAPI : eID-691468(277): /Dive/Alarms/Acknowledge 404
#1197906 06.07.2026 12:03:53 : WRN WBAPI : eID-691468(277): /Dive/DiveGases 404
#1197907 06.07.2026 12:03:53 : WRN WBAPI : eID-691468(277): /Dive/Gauge/Next 404
#1197908 06.07.2026 12:03:58 : EVT APPLICATION : Zapp climbl01:Disable
#1197909 06.07.2026 12:03:58 : EVT ANALYTICS : Zapp disabled i:5 h:a5e7afa5 n:Climb Log
#1197910 06.07.2026 12:03:59 : EVT UI_FRAMEWORK : JS discard disable zapps
#1197911 06.07.2026 12:03:59 : EVT UI_FRAMEWORK : JS will discard
#1197912 06.07.2026 12:03:59 : EVT SPEEDFUSION : INFO # stop speed fusion
#1197913 06.07.2026 12:03:59 : EVT <Unknown> : Update pres sampl intrvl:5
#1197914 06.07.2026 12:03:59 : WRN APPLICATION : discard hrr meas l:3 d:0 sh:69 mh:69 v:0
#1197915 06.07.2026 12:03:59 : WRN WBAPI : eID-698eec(583/65535): 404
#1197916 06.07.2026 12:03:59 : EVT TRAININGZONE : User Define Mode:5
#1197917 06.07.2026 12:03:59 : EVT TRAININGZONE : Tss HR:0.22
#1197918 06.07.2026 12:03:59 : EVT TRAININGZONE : A:16,Tss:[-200.00,-200.00,-200.00,0.22]
#1197919 06.07.2026 12:03:59 : EVT TRAININGLAB : AppFeature Vo2Max 0.000000
#1197920 06.07.2026 12:03:59 : EVT TRAININGLAB : TLab:~Mode T 12782 + 6 A 3600 + 0
#1197921 06.07.2026 12:03:59 : EVT TRAININGLAB : TLab:Change mode 3->2
#1197922 06.07.2026 12:03:59 : EVT TRAININGLAB : TLab:Mode::userInfo 60, 200, 1, 37, 182, 950, 1990
#1197923 06.07.2026 12:03:59 : EVT LOGGER : LGR 934, 80
#1197924 06.07.2026 12:03:59 : EVT TRAININGLAB : ModeUnsub:9145
#1197925 06.07.2026 12:03:59 : EVT OHR : S:start 0x2123
#1197926 06.07.2026 12:03:59 : EVT TRAININGLAB : ModeSub:0400
#1197927 06.07.2026 12:03:59 : EVT ANALYTICS : WAOae:Activity WAOae:16
#1197928 06.07.2026 12:03:59 : EVT ANALYTICS : WAOae:TotalAcc WAOae:0,0,0
#1197929 06.07.2026 12:03:59 : EVT ANALYTICS : WAOae:AccCount WAOae:0,0,0
#1197930 06.07.2026 12:03:59 : EVT ANALYTICS : WAOae:Distance WAOae:0,0,0
#1197931 06.07.2026 12:03:59 : EVT ANALYTICS : WAOae:Duration WAOae:0,0,0
#1197932 06.07.2026 12:03:59 : EVT ANALYTICS : WAOae:Coeff WAOae:0,40,122,272,773,7524,7624
#1197933 06.07.2026 12:03:59 : EVT LOGGER : Exercise stopped
#1197934 06.07.2026 12:03:59 : EVT BLE : HR RR off (118877357, 31420 ms missing)
#1197935 06.07.2026 12:03:59 : EVT BLE : HR RR done
#1197936 06.07.2026 12:03:59 : EVT LOGGER : HrIbiLogger stop, off (0 ms)
#1197937 06.07.2026 12:03:59 : EVT LOGGER : HrIbiLogger stopped (0 ms)
#1197938 06.07.2026 12:03:59 : TRC GPS : Unsubd c:802b0000
#1197939 06.07.2026 12:03:59 : EVT LOGGER : LGR 934, 80
#1197940 06.07.2026 12:03:59 : EVT LOGGER : LGR 934, 80
#1197941 06.07.2026 12:03:59 : EVT ANALYTICS : SleepQ:Tracking:On
#1197942 06.07.2026 12:03:59 : EVT LOGGER : Wr dpc on
#1197943 06.07.2026 12:03:59 : EVT LOGGER : LGR 20993, 56
#1197944 06.07.2026 12:03:59 : EVT <Unknown> : 1783332239208:Meas start 0x2123
#1197945 06.07.2026 12:04:00 : EVT BLE : Disconn sensor:1
#1197946 06.07.2026 12:04:00 : EVT BLE : BLE Sensor Link 4800180D Disc (L-E-:00:0)
#1197947 06.07.2026 12:04:00 : WRN BLE : sendDisconnect 6157
#1197948 06.07.2026 12:04:00 : ERR BLE : [AURA]No filters left, stopping scan
#1197949 06.07.2026 12:04:00 : EVT UI_FRAMEWORK : JS feeling vs idle 1
#1197950 06.07.2026 12:04:00 : EVT UI_FRAMEWORK : JS feeling open ex-saving
#1197951 06.07.2026 12:04:00 : EVT WBSTORAGE : CACHE_DEFRAG (696->848, 24->24, 25)
#1197952 06.07.2026 12:04:00 : TRC NAVIGATION : CG: no climb WP
#1197953 06.07.2026 12:04:00 : TRC NAVIGATION : CG:init ZoomType=0
#1197954 06.07.2026 12:04:00 : EVT NAVIGATION : initSeg Idx=0 D=1 T=0 3-0-4
#1197955 06.07.2026 12:04:01 : EVT WBSTORAGE : CACHE_DEFRAG (832->1048, 24->24, 25)
#1197956 06.07.2026 12:04:01 : EVT SPEEDFUSION : INFO # IDLE mode(-1) set
#1197957 06.07.2026 12:04:01 : EVT ALTIFUSION : AltiBaroMode:2
#1197958 06.07.2026 12:04:01 : ERR WBMAIN : *0: app 563 Event 37 8099031c
#1197959 06.07.2026 12:04:01 : ERR WBMAIN : 1: mea 1 Wait 0 00000000
#1197960 06.07.2026 12:04:01 : ERR WBMAIN : 2: ui 3 Wait 0 00000000
#1197961 06.07.2026 12:04:01 : EVT ANALYTICS : #powersave mode:p temp:29.7
#1197962 06.07.2026 12:04:01 : EVT ANALYTICS : Battery-> 4 soc:96
#1197963 06.07.2026 12:04:04 : EVT ANALYTICS : Duration ExSaving:3820
#1197964 06.07.2026 12:04:04 : EVT ANALYTICS : Duration ExSumBroker:369
#1197965 06.07.2026 12:04:04 : EVT OHR : No HR update, invalidate by timer
#1197966 06.07.2026 12:04:05 : EVT OHR : new HR update
#1197967 06.07.2026 12:04:08 : EVT UI_FRAMEWORK : JS delete log
#1197968 06.07.2026 12:04:08 : WRN LOGGER : Delete b:logs/6A4B7D6F
#1197969 06.07.2026 12:04:10 : EVT <Unknown> : 1783332250738:Off Skin Set.
#1197970 06.07.2026 12:04:11 : EVT WBSTORAGE : CACHE_DEFRAG (1024->1032, 24->24, 25)
#1197971 06.07.2026 12:04:11 : EVT APPLICATION : Zapp zwc05901:Load script
#1197972 06.07.2026 12:04:11 : EVT APPLICATION : Zapp zwc05901:Enable
#1197973 06.07.2026 12:04:11 : EVT ANALYTICS : Zapp enabled i:3 h:ddb248f2 n:zwc05901 v:124f
#1197974 06.07.2026 12:04:11 : WRN WBAPI : eID-691468(277): /Weather/Current/ValidWeatherData.temp 
#1197975 06.07.2026 12:04:14 : EVT PMIC : VBUS state is ON
#1197976 06.07.2026 12:04:14 : EVT PMIC : chgCntl1:0x70
#1197977 06.07.2026 12:04:14 : EVT PMIC : check chgCntl1:0x74
#1197978 06.07.2026 12:04:14 : EVT PMIC : Turn charge ON since VBUS->ON
#1197979 06.07.2026 12:04:14 : EVT PMIC : PMIC temp zone:0x2
#1197980 06.07.2026 12:04:14 : EVT PMIC : PMIC Fast-charge constant cur
#1197981 06.07.2026 12:04:14 : EVT OHR : VBUS on
#1197982 06.07.2026 12:04:14 : EVT OHR : S:stop 23
#1197983 06.07.2026 12:04:14 : EVT <Unknown> : 1783332254380:Meas stop 0x2123
#1197984 06.07.2026 12:04:14 : EVT PMIC : PMIC Fast-charge constant voltage
#1197985 06.07.2026 12:04:14 : WRN <Unknown> : 1783332254381:FSM EVT STOP.
#1197986 06.07.2026 12:04:14 : EVT OHR : S:OFF 1->0
#1197987 06.07.2026 12:04:14 : EVT PMIC : VBUS state is ON
#1197988 06.07.2026 12:04:15 : EVT PMIC : PMIC Fast-charge constant cur
#1197989 06.07.2026 12:04:15 : EVT PMIC : PMIC Fast-charge constant cur
#1197990 06.07.2026 12:04:15 : EVT PMIC : PMIC Fast-charge constant voltage
#1197991 06.07.2026 12:04:15 : EVT OHR : No HR update, invalidate by timer
#1197992 06.07.2026 12:04:15 : EVT PMIC : PMIC temp zone:0x7
#1197993 06.07.2026 12:04:16 : EVT PMIC : VBUS state is OFF
#1197994 06.07.2026 12:04:16 : EVT PMIC : Turn charge OFF since VBUS->OFF
#1197995 06.07.2026 12:04:16 : EVT OHR : VBUS off
#1197996 06.07.2026 12:04:16 : EVT OHR : S:ON 0->1
#1197997 06.07.2026 12:04:16 : EVT OHR : APPINIT:caps 0x1f4, 6b738616
#1197998 06.07.2026 12:04:16 : EVT <Unknown> : 1783332256365:AI@1783332256340, tz120
#1197999 06.07.2026 12:04:16 : EVT OHR : S:start 0x2123
#1198000 06.07.2026 12:04:16 : EVT <Unknown> : 1783332256370:Meas start 0x2123
#1198001 06.07.2026 12:04:16 : EVT <Unknown> : 1783332256385:PD1464, 0
#1198002 06.07.2026 12:04:16 : EVT <Unknown> : 1783332256449:GMV 20251126/1/4/0/395/46
#1198003 06.07.2026 12:04:16 : EVT <Unknown> : 1783332256703:Mi1.6.10, auth 0, hr_mode 0
#1198004 06.07.2026 12:04:17 : EVT PMIC : VBUS state is ON
#1198005 06.07.2026 12:04:17 : EVT PMIC : chgCntl1:0x70
#1198006 06.07.2026 12:04:17 : EVT PMIC : check chgCntl1:0x74
#1198007 06.07.2026 12:04:17 : EVT PMIC : Turn charge ON since VBUS->ON
#1198008 06.07.2026 12:04:17 : EVT PMIC : PMIC temp zone:0x2
#1198009 06.07.2026 12:04:17 : EVT PMIC : PMIC Fast-charge constant cur
#1198010 06.07.2026 12:04:17 : EVT OHR : VBUS on
#1198011 06.07.2026 12:04:17 : EVT OHR : S:stop 23
#1198012 06.07.2026 12:04:17 : EVT PMIC : PMIC Fast-charge constant voltage
#1198013 06.07.2026 12:04:17 : EVT <Unknown> : 1783332257365:Meas stop 0x2123
#1198014 06.07.2026 12:04:17 : EVT PMIC : VBUS state is ON
#1198015 06.07.2026 12:04:17 : WRN <Unknown> : 1783332257365:FSM EVT STOP.
#1198016 06.07.2026 12:04:17 : EVT OHR : S:OFF 1->0
#1198017 06.07.2026 12:04:19 : TRC FUEL_GAUGE : Chg->1,B:5,C:21.3,V:4387,U:1,bF:96%,bC:96%
#1198018 06.07.2026 12:04:19 : EVT ANALYTICS : Battery-> 2 soc:96
#1198019 06.07.2026 12:04:28 : EVT WBCOMM : P-9 connection made to ECSD00000000
#1198020 06.07.2026 12:04:28 : EVT WBCOMM : New Route: ECSD00000000
#1198021 06.07.2026 12:04:29 : TRC FUEL_GAUGE : batFgLevel cur:97%, prev:96%
#1198022 06.07.2026 12:04:32 : ERR WBMAIN : *0: app 1026 Event 36 80005310
#1198023 06.07.2026 12:04:32 : ERR WBMAIN : 1: mea 94 Wait 0 00000000
#1198024 06.07.2026 12:04:32 : ERR WBMAIN : 2: ui 94 Wait 0 00000000
#1198025 06.07.2026 12:04:33 : ERR WBMAIN : *0: app 819 Event 36 80005310
#1198026 06.07.2026 12:04:33 : ERR WBMAIN : 1: mea 15 Wait 0 00000000
#1198027 06.07.2026 12:04:33 : ERR WBMAIN : 2: ui 13 Wait 0 00000000
#1198028 06.07.2026 12:04:33 : EVT WBSTORAGE : CACHE_DEFRAG (904->912, 24->24, 25)
#1198029 06.07.2026 12:04:33 : EVT WBSTORAGE : CACHE_DEFRAG (880->888, 24->24, 25)
#1198030 06.07.2026 12:04:33 : EVT WBSTORAGE : CACHE_DEFRAG (840->848, 24->24, 25)
#1198031 06.07.2026 12:04:33 : EVT <Unknown> : DL Region List
#1198032 06.07.2026 12:04:33 : EVT WIFI : Pwr up
#1198033 06.07.2026 12:04:34 : EVT ANALYTICS : Sync start
#1198034 06.07.2026 12:04:34 : EVT ANALYTICS : Sync start
#1198035 06.07.2026 12:04:39 : EVT WIFI : pwr up
#1198036 06.07.2026 12:04:39 : EVT WIFI : SDK Ver(3.2.8.1)
#1198037 06.07.2026 12:04:39 : EVT WIFI : Scann APs (1/3)
#1198038 06.07.2026 12:04:39 : EVT PMIC : PMIC Fast-charge constant cur
#1198039 06.07.2026 12:04:40 : EVT PMIC : PMIC Fast-charge constant voltage
#1198040 06.07.2026 12:04:40 : EVT PMIC : PMIC Fast-charge constant cur
#1198041 06.07.2026 12:04:40 : EVT PMIC : PMIC Fast-charge constant voltage
#1198042 06.07.2026 12:04:40 : EVT WIFI : APs scanned:14
#1198043 06.07.2026 12:04:40 : EVT WBSTORAGE : CACHE_DEFRAG (832->840, 24->24, 25)
#1198044 06.07.2026 12:04:40 : WRN WIFI : No APs matched to connect
#1198045 06.07.2026 12:04:40 : EVT WIFI : Scann APs (2/3)
#1198046 06.07.2026 12:04:41 : EVT PMIC : PMIC Fast-charge constant cur
#1198047 06.07.2026 12:04:41 : EVT PMIC : PMIC Fast-charge constant cur
#1198048 06.07.2026 12:04:41 : EVT PMIC : PMIC Fast-charge constant voltage
#1198049 06.07.2026 12:04:41 : EVT WIFI : APs scanned:15
#1198050 06.07.2026 12:04:41 : WRN WIFI : No APs matched to connect
#1198051 06.07.2026 12:04:41 : EVT WIFI : Scann APs (3/3)
#1198052 06.07.2026 12:04:42 : EVT WIFI : APs scanned:10
#1198053 06.07.2026 12:04:42 : WRN WIFI : No APs matched to connect
#1198054 06.07.2026 12:04:42 : EVT WIFI : Internal connect ret:103
#1198055 06.07.2026 12:04:42 : ERR <Unknown> : DL GET resultCode=500
#1198056 06.07.2026 12:04:42 : EVT <Unknown> : DL try retry after 5000 ms
#1198057 06.07.2026 12:04:47 : EVT <Unknown> : DL Region List
#1198058 06.07.2026 12:04:47 : WRN WIFI : No APs matched to connect
#1198059 06.07.2026 12:04:47 : EVT WIFI : Scann APs (1/3)
#1198060 06.07.2026 12:04:47 : EVT WIFI : APs scanned:14
#1198061 06.07.2026 12:04:47 : WRN WIFI : No APs matched to connect
#1198062 06.07.2026 12:04:47 : EVT WIFI : Scann APs (2/3)
#1198063 06.07.2026 12:04:48 : EVT WIFI : APs scanned:13
#1198064 06.07.2026 12:04:48 : WRN WIFI : No APs matched to connect
#1198065 06.07.2026 12:04:48 : EVT WIFI : Scann APs (3/3)
#1198066 06.07.2026 12:04:49 : EVT PMIC : PMIC Fast-charge constant cur
#1198067 06.07.2026 12:04:49 : EVT PMIC : PMIC Fast-charge constant cur
#1198068 06.07.2026 12:04:49 : EVT PMIC : PMIC Fast-charge constant cur
#1198069 06.07.2026 12:04:49 : EVT PMIC : PMIC Fast-charge constant voltage
#1198070 06.07.2026 12:04:49 : EVT PMIC : PMIC Fast-charge constant cur
#1198071 06.07.2026 12:04:49 : EVT PMIC : PMIC Fast-charge constant cur
#1198072 06.07.2026 12:04:49 : EVT PMIC : PMIC Fast-charge constant cur
#1198073 06.07.2026 12:04:49 : EVT WIFI : APs scanned:15
#1198074 06.07.2026 12:04:49 : WRN WIFI : No APs matched to connect
#1198075 06.07.2026 12:04:49 : EVT WIFI : Internal connect ret:103
#1198076 06.07.2026 12:04:49 : ERR <Unknown> : DL GET resultCode=500
#1198077 06.07.2026 12:04:49 : EVT <Unknown> : DL try retry after 10000 ms
#1198078 06.07.2026 12:04:49 : EVT PMIC : PMIC Fast-charge constant voltage
#1198079 06.07.2026 12:04:59 : EVT <Unknown> : DL Region List
#1198080 06.07.2026 12:04:59 : WRN WIFI : No APs matched to connect
#1198081 06.07.2026 12:04:59 : EVT WIFI : Scann APs (1/3)
#1198082 06.07.2026 12:05:00 : EVT WIFI : APs scanned:13
#1198083 06.07.2026 12:05:00 : WRN WIFI : No APs matched to connect
#1198084 06.07.2026 12:05:00 : EVT WIFI : Scann APs (2/3)
#1198085 06.07.2026 12:05:00 : EVT PMIC : PMIC Fast-charge constant cur
#1198086 06.07.2026 12:05:00 : EVT PMIC : PMIC Fast-charge constant cur
#1198087 06.07.2026 12:05:00 : EVT PMIC : PMIC Fast-charge constant cur
#1198088 06.07.2026 12:05:00 : EVT PMIC : PMIC Fast-charge constant cur
#1198089 06.07.2026 12:05:00 : EVT PMIC : PMIC Fast-charge constant cur
#1198090 06.07.2026 12:05:00 : EVT PMIC : PMIC Fast-charge constant voltage
#1198091 06.07.2026 12:05:01 : EVT PMIC : PMIC Fast-charge constant cur
#1198092 06.07.2026 12:05:01 : EVT PMIC : PMIC Fast-charge constant cur
#1198093 06.07.2026 12:05:01 : EVT PMIC : PMIC Fast-charge constant cur
#1198094 06.07.2026 12:05:01 : EVT WIFI : APs scanned:17
#1198095 06.07.2026 12:05:01 : WRN WIFI : No APs matched to connect
#1198096 06.07.2026 12:05:01 : EVT WIFI : Scann APs (3/3)
#1198097 06.07.2026 12:05:01 : EVT PMIC : PMIC Fast-charge constant cur
#1198098 06.07.2026 12:05:01 : EVT PMIC : PMIC Fast-charge constant cur
#1198099 06.07.2026 12:05:01 : EVT PMIC : PMIC Fast-charge constant voltage
#1198100 06.07.2026 12:05:01 : EVT PMIC : PMIC Fast-charge constant cur
#1198101 06.07.2026 12:05:01 : EVT PMIC : PMIC Fast-charge constant cur
#1198102 06.07.2026 12:05:01 : EVT PMIC : PMIC Fast-charge constant cur
#1198103 06.07.2026 12:05:01 : EVT PMIC : PMIC Fast-charge constant voltage
#1198104 06.07.2026 12:05:02 : EVT WIFI : APs scanned:11
#1198105 06.07.2026 12:05:02 : WRN WIFI : No APs matched to connect
#1198106 06.07.2026 12:05:02 : EVT WIFI : Internal connect ret:103
#1198107 06.07.2026 12:05:02 : ERR <Unknown> : DL GET resultCode=500
#1198108 06.07.2026 12:05:02 : EVT <Unknown> : DL try retry after 20000 ms
#1198109 06.07.2026 12:05:15 : EVT WIFI : Pwr down idle wifi (TO:13se)
#1198110 06.07.2026 12:05:15 : EVT WIFI : pwr down OK
#1198111 06.07.2026 12:05:22 : EVT <Unknown> : DL Region List
#1198112 06.07.2026 12:05:22 : EVT WIFI : Pwr up
#1198113 06.07.2026 12:05:28 : EVT WIFI : pwr up
#1198114 06.07.2026 12:05:28 : EVT WIFI : SDK Ver(3.2.8.1)
#1198115 06.07.2026 12:05:28 : WRN WIFI : No APs matched to connect
#1198116 06.07.2026 12:05:28 : EVT WIFI : Scann APs (1/3)
#1198117 06.07.2026 12:05:28 : EVT PMIC : PMIC Fast-charge constant cur
#1198118 06.07.2026 12:05:28 : EVT PMIC : PMIC Fast-charge constant cur
#1198119 06.07.2026 12:05:28 : EVT PMIC : PMIC Fast-charge constant voltage
#1198120 06.07.2026 12:05:28 : EVT PMIC : PMIC Fast-charge constant cur
#1198121 06.07.2026 12:05:28 : EVT PMIC : PMIC Fast-charge constant cur
#1198122 06.07.2026 12:05:29 : EVT PMIC : PMIC Fast-charge constant voltage
#1198123 06.07.2026 12:05:29 : EVT PMIC : PMIC Fast-charge constant cur
#1198124 06.07.2026 12:05:29 : EVT PMIC : PMIC Fast-charge constant voltage
#1198125 06.07.2026 12:05:29 : EVT WIFI : APs scanned:14
#1198126 06.07.2026 12:05:29 : WRN WIFI : No APs matched to connect
#1198127 06.07.2026 12:05:29 : EVT WIFI : Scann APs (2/3)
#1198128 06.07.2026 12:05:30 : EVT PMIC : PMIC Fast-charge constant cur
#1198129 06.07.2026 12:05:30 : EVT PMIC : PMIC Fast-charge constant cur
#1198130 06.07.2026 12:05:30 : EVT PMIC : PMIC Fast-charge constant voltage
#1198131 06.07.2026 12:05:30 : EVT WIFI : APs scanned:14
#1198132 06.07.2026 12:05:30 : WRN WIFI : No APs matched to connect
#1198133 06.07.2026 12:05:30 : EVT WIFI : Scann APs (3/3)
#1198134 06.07.2026 12:05:30 : EVT PMIC : PMIC Fast-charge constant cur
#1198135 06.07.2026 12:05:30 : EVT PMIC : PMIC Fast-charge constant voltage
#1198136 06.07.2026 12:05:31 : EVT WIFI : APs scanned:16
#1198137 06.07.2026 12:05:31 : WRN WIFI : No APs matched to connect
#1198138 06.07.2026 12:05:31 : EVT WIFI : Internal connect ret:103
#1198139 06.07.2026 12:05:31 : ERR <Unknown> : DL GET resultCode=500
#1198140 06.07.2026 12:05:31 : EVT <Unknown> : DL try retry after 40000 ms
#1198141 06.07.2026 12:05:44 : EVT WIFI : Pwr down idle wifi (TO:13se)
#1198142 06.07.2026 12:05:44 : EVT WIFI : pwr down OK
#1198143 06.07.2026 12:06:11 : EVT <Unknown> : DL Region List
#1198144 06.07.2026 12:06:11 : EVT WIFI : Pwr up
#1198145 06.07.2026 12:06:17 : EVT WIFI : pwr up
#1198146 06.07.2026 12:06:17 : EVT WIFI : SDK Ver(3.2.8.1)
#1198147 06.07.2026 12:06:17 : EVT WIFI : Scann APs (1/3)
#1198148 06.07.2026 12:06:18 : EVT PMIC : PMIC Fast-charge constant cur
#1198149 06.07.2026 12:06:18 : EVT PMIC : PMIC Fast-charge constant cur
#1198150 06.07.2026 12:06:18 : EVT PMIC : PMIC Fast-charge constant cur
#1198151 06.07.2026 12:06:18 : EVT PMIC : PMIC Fast-charge constant voltage
#1198152 06.07.2026 12:06:18 : EVT PMIC : PMIC Precharge
#1198153 06.07.2026 12:06:18 : EVT PMIC : PMIC Fast-charge constant cur
#1198154 06.07.2026 12:06:18 : EVT WIFI : APs scanned:14
#1198155 06.07.2026 12:06:18 : WRN WIFI : No APs matched to connect
#1198156 06.07.2026 12:06:18 : EVT WIFI : Scann APs (2/3)
#1198157 06.07.2026 12:06:18 : EVT PMIC : PMIC Fast-charge constant voltage
#1198158 06.07.2026 12:06:18 : EVT PMIC : PMIC Fast-charge constant cur
#1198159 06.07.2026 12:06:18 : EVT PMIC : PMIC Fast-charge constant cur
#1198160 06.07.2026 12:06:18 : EVT PMIC : PMIC Fast-charge constant voltage
#1198161 06.07.2026 12:06:18 : EVT PMIC : PMIC Fast-charge constant cur
#1198162 06.07.2026 12:06:18 : EVT PMIC : PMIC Fast-charge constant cur
#1198163 06.07.2026 12:06:18 : EVT PMIC : PMIC Fast-charge constant cur
#1198164 06.07.2026 12:06:18 : EVT PMIC : PMIC Fast-charge constant cur
#1198165 06.07.2026 12:06:19 : EVT PMIC : PMIC Fast-charge constant voltage
#1198166 06.07.2026 12:06:19 : EVT WIFI : APs scanned:9
#1198167 06.07.2026 12:06:19 : WRN WIFI : No APs matched to connect
#1198168 06.07.2026 12:06:19 : EVT WIFI : Scann APs (3/3)
#1198169 06.07.2026 12:06:20 : EVT WIFI : APs scanned:11
#1198170 06.07.2026 12:06:20 : WRN WIFI : No APs matched to connect
#1198171 06.07.2026 12:06:20 : EVT WIFI : Internal connect ret:103
#1198172 06.07.2026 12:06:20 : ERR <Unknown> : DL GET resultCode=500
#1198173 06.07.2026 12:06:20 : EVT <Unknown> : DL try retry after 80000 ms
#1198174 06.07.2026 12:06:33 : EVT WIFI : Pwr down idle wifi (TO:13se)
#1198175 06.07.2026 12:06:33 : EVT WIFI : pwr down OK
#1198176 06.07.2026 12:07:40 : EVT <Unknown> : DL Region List
#1198177 06.07.2026 12:07:40 : EVT WIFI : Pwr up
#1198178 06.07.2026 12:07:46 : EVT WIFI : pwr up
#1198179 06.07.2026 12:07:46 : EVT WIFI : SDK Ver(3.2.8.1)
#1198180 06.07.2026 12:07:46 : EVT WIFI : Scann APs (1/3)
#1198181 06.07.2026 12:07:46 : EVT PMIC : PMIC Fast-charge constant cur
#1198182 06.07.2026 12:07:46 : EVT PMIC : PMIC Fast-charge constant voltage
#1198183 06.07.2026 12:07:47 : EVT PMIC : PMIC Fast-charge constant cur
#1198184 06.07.2026 12:07:47 : EVT PMIC : PMIC Fast-charge constant cur
#1198185 06.07.2026 12:07:47 : EVT PMIC : PMIC Fast-charge constant cur
#1198186 06.07.2026 12:07:47 : EVT PMIC : PMIC Fast-charge constant voltage
#1198187 06.07.2026 12:07:47 : EVT WIFI : APs scanned:14
#1198188 06.07.2026 12:07:47 : WRN WIFI : No APs matched to connect
#1198189 06.07.2026 12:07:47 : EVT WIFI : Scann APs (2/3)
#1198190 06.07.2026 12:07:48 : EVT PMIC : PMIC Fast-charge constant cur
#1198191 06.07.2026 12:07:48 : EVT PMIC : PMIC Fast-charge constant cur
#1198192 06.07.2026 12:07:48 : EVT PMIC : PMIC Fast-charge constant cur
#1198193 06.07.2026 12:07:48 : EVT WIFI : APs scanned:11
#1198194 06.07.2026 12:07:48 : WRN WIFI : No APs matched to connect
#1198195 06.07.2026 12:07:48 : EVT WIFI : Scann APs (3/3)
#1198196 06.07.2026 12:07:48 : EVT PMIC : PMIC Fast-charge constant voltage
#1198197 06.07.2026 12:07:48 : EVT PMIC : PMIC Precharge
#1198198 06.07.2026 12:07:48 : EVT PMIC : PMIC Fast-charge constant cur
#1198199 06.07.2026 12:07:49 : EVT WIFI : APs scanned:12
#1198200 06.07.2026 12:07:49 : EVT PMIC : PMIC Fast-charge constant voltage
#1198201 06.07.2026 12:07:49 : WRN WIFI : No APs matched to connect
#1198202 06.07.2026 12:07:49 : EVT WIFI : Internal connect ret:103
#1198203 06.07.2026 12:07:49 : ERR <Unknown> : DL GET resultCode=500
#1198204 06.07.2026 12:07:49 : EVT <Unknown> : DL try retry after 160000 ms
#1198205 06.07.2026 12:08:01 : EVT PMIC : PMIC Fast-charge constant cur
#1198206 06.07.2026 12:08:01 : EVT PMIC : PMIC Fast-charge constant voltage
#1198207 06.07.2026 12:08:02 : ERR WBMAIN : *0: app 1362 Event 24 80892700
#1198208 06.07.2026 12:08:02 : ERR WBMAIN : 1: mea 6 Wait 0 00000000
#1198209 06.07.2026 12:08:02 : ERR WBMAIN : 2: ui 95 Wait 0 00000000
#1198210 06.07.2026 12:08:02 : EVT WIFI : Pwr down idle wifi (TO:13se)
#1198211 06.07.2026 12:08:02 : EVT WIFI : pwr down OK

