#1315504 10.07.2026 18:25:06 : ERR DUKTAPE : JSalloc:2095
#1315505 10.07.2026 18:25:06 : ERR APPLICATION : Zapp:relMemCb (exec:zapp)
#1315506 10.07.2026 18:25:06 : ERR APPLICATION : Zapp:RelMem->None avail
#1315507 10.07.2026 18:25:06 : ERR DUKTAPE : JSalloc:2095
#1315508 10.07.2026 18:25:06 : ERR APPLICATION : Zapp:relMemCb (exec:zapp)
#1315509 10.07.2026 18:25:06 : ERR APPLICATION : Zapp:RelMem->None avail
#1315510 10.07.2026 18:25:06 : ERR DUKTAPE : JSalloc:2095
#1315511 10.07.2026 18:25:06 : ERR APPLICATION : Zapp:relMemCb (exec:zapp)
#1315512 10.07.2026 18:25:06 : ERR APPLICATION : Zapp:RelMem->None avail
#1315513 10.07.2026 18:25:06 : ERR DUKTAPE : JSalloc:2095
#1315514 10.07.2026 18:25:06 : ERR APPLICATION : Zapp:relMemCb (exec:zapp)
#1315515 10.07.2026 18:25:06 : ERR APPLICATION : Zapp:RelMem->None avail
#1315516 10.07.2026 18:25:06 : ERR DUKTAPE : JSalloc:2095
#1315517 10.07.2026 18:25:06 : ERR APPLICATION : Zapp:relMemCb (exec:zapp)
#1315518 10.07.2026 18:25:06 : ERR APPLICATION : Zapp:RelMem->None avail
#1315519 10.07.2026 18:25:06 : ERR DUKTAPE : JSalloc:2095
#1315520 10.07.2026 18:25:06 : ERR APPLICATION : Zapp:relMemCb (exec:zapp)
#1315521 10.07.2026 18:25:06 : ERR APPLICATION : Zapp:RelMem->None avail
#1315522 10.07.2026 18:25:06 : ERR DUKTAPE : JSalloc:2095
#1315523 10.07.2026 18:25:06 : ERR APPLICATION : Zapp:relMemCb (exec:zapp)
#1315524 10.07.2026 18:25:06 : ERR APPLICATION : Zapp:RelMem->None avail
#1315525 10.07.2026 18:25:06 : ERR DUKTAPE : JSalloc:2095
#1315526 10.07.2026 18:25:06 : ERR APPLICATION : Zapp:relMemCb (exec:zapp)
#1315527 10.07.2026 18:25:06 : ERR APPLICATION : Zapp:RelMem->None avail
#1315528 10.07.2026 18:25:06 : ERR DUKTAPE : JSalloc:2095
#1315529 10.07.2026 18:25:06 : ERR APPLICATION : Zapp:relMemCb (exec:zapp)
#1315530 10.07.2026 18:25:06 : ERR APPLICATION : Zapp:RelMem->None avail
#1315531 10.07.2026 18:25:06 : ERR DUKTAPE : JSalloc:2095
#1315532 10.07.2026 18:25:06 : ERR APPLICATION : evalFile: failed to eval b:/zapp/prbp4000.fea/ext90.js
#1315533 10.07.2026 18:25:09 : EVT UI_FRAMEWORK : evalFile: b:/zapp/prbp4000.fea/ext90.js from ui
#1315534 10.07.2026 18:25:09 : ERR APPLICATION : Zapp:relMemCb (exec:zapp)
#1315535 10.07.2026 18:25:09 : ERR APPLICATION : Zapp:RelMem->None avail
#1315536 10.07.2026 18:25:09 : ERR DUKTAPE : JSalloc:2095
#1315537 10.07.2026 18:25:09 : ERR APPLICATION : Zapp:relMemCb (exec:zapp)
#1315538 10.07.2026 18:25:09 : ERR APPLICATION : Zapp:RelMem->None avail
#1315539 10.07.2026 18:25:09 : ERR DUKTAPE : JSalloc:2095
#1315540 10.07.2026 18:25:09 : ERR APPLICATION : Zapp:relMemCb (exec:zapp)
#1315541 10.07.2026 18:25:09 : ERR APPLICATION : Zapp:RelMem->None avail
#1315542 10.07.2026 18:25:09 : ERR DUKTAPE : JSalloc:2095
#1315543 10.07.2026 18:25:09 : ERR APPLICATION : Zapp:relMemCb (exec:zapp)
#1315544 10.07.2026 18:25:09 : ERR APPLICATION : Zapp:RelMem->None avail
#1315545 10.07.2026 18:25:09 : ERR DUKTAPE : JSalloc:2095
#1315546 10.07.2026 18:25:09 : ERR APPLICATION : Zapp:relMemCb (exec:zapp)
#1315547 10.07.2026 18:25:09 : ERR APPLICATION : Zapp:RelMem->None avail
#1315548 10.07.2026 18:25:09 : ERR DUKTAPE : JSalloc:2095
#1315549 10.07.2026 18:25:09 : ERR APPLICATION : Zapp:relMemCb (exec:zapp)
#1315550 10.07.2026 18:25:09 : ERR APPLICATION : Zapp:RelMem->None avail
#1315551 10.07.2026 18:25:09 : ERR DUKTAPE : JSalloc:2095
#1315552 10.07.2026 18:25:09 : ERR APPLICATION : Zapp:relMemCb (exec:zapp)
#1315553 10.07.2026 18:25:09 : ERR APPLICATION : Zapp:RelMem->None avail
#1315554 10.07.2026 18:25:09 : ERR DUKTAPE : JSalloc:2095
#1315555 10.07.2026 18:25:09 : ERR APPLICATION : Zapp:relMemCb (exec:zapp)
#1315556 10.07.2026 18:25:09 : ERR APPLICATION : Zapp:RelMem->None avail
#1315557 10.07.2026 18:25:09 : ERR DUKTAPE : JSalloc:2095
#1315558 10.07.2026 18:25:09 : ERR APPLICATION : Zapp:relMemCb (exec:zapp)
#1315559 10.07.2026 18:25:09 : ERR APPLICATION : Zapp:RelMem->None avail
#1315560 10.07.2026 18:25:09 : ERR DUKTAPE : JSalloc:2095
#1315561 10.07.2026 18:25:09 : ERR APPLICATION : Zapp:relMemCb (exec:zapp)
#1315562 10.07.2026 18:25:09 : ERR APPLICATION : Zapp:RelMem->None avail
#1315563 10.07.2026 18:25:09 : ERR DUKTAPE : JSalloc:2095
#1315564 10.07.2026 18:25:09 : ERR APPLICATION : Zapp:relMemCb (exec:zapp)
#1315565 10.07.2026 18:25:09 : ERR APPLICATION : Zapp:RelMem->None avail
#1315566 10.07.2026 18:25:09 : ERR DUKTAPE : JSalloc:2095
#1315567 10.07.2026 18:25:09 : ERR APPLICATION : evalFile: failed to eval b:/zapp/prbp4000.fea/ext90.js
#1315568 10.07.2026 18:25:12 : EVT UI_FRAMEWORK : evalFile: b:/zapp/prbp4000.fea/ext90.js from ui
#1315569 10.07.2026 18:25:12 : ERR APPLICATION : Zapp:relMemCb (exec:zapp)
#1315570 10.07.2026 18:25:12 : ERR APPLICATION : Zapp:RelMem->None avail
#1315571 10.07.2026 18:25:12 : ERR DUKTAPE : JSalloc:2095
#1315572 10.07.2026 18:25:12 : ERR APPLICATION : Zapp:relMemCb (exec:zapp)
#1315573 10.07.2026 18:25:12 : ERR APPLICATION : Zapp:RelMem->None avail
#1315574 10.07.2026 18:25:12 : ERR DUKTAPE : JSalloc:2095
#1315575 10.07.2026 18:25:12 : ERR APPLICATION : Zapp:relMemCb (exec:zapp)
#1315576 10.07.2026 18:25:12 : ERR APPLICATION : Zapp:RelMem->None avail
#1315577 10.07.2026 18:25:12 : ERR DUKTAPE : JSalloc:2095
#1315578 10.07.2026 18:25:12 : ERR APPLICATION : Zapp:relMemCb (exec:zapp)
#1315579 10.07.2026 18:25:12 : ERR APPLICATION : Zapp:RelMem->None avail
#1315580 10.07.2026 18:25:12 : ERR DUKTAPE : JSalloc:2095
#1315581 10.07.2026 18:25:12 : ERR APPLICATION : Zapp:relMemCb (exec:zapp)
#1315582 10.07.2026 18:25:12 : ERR APPLICATION : Zapp:RelMem->None avail
#1315583 10.07.2026 18:25:12 : ERR DUKTAPE : JSalloc:2095
#1315584 10.07.2026 18:25:12 : ERR APPLICATION : Zapp:relMemCb (exec:zapp)
#1315585 10.07.2026 18:25:12 : ERR APPLICATION : Zapp:RelMem->None avail
#1315586 10.07.2026 18:25:12 : ERR DUKTAPE : JSalloc:2095
#1315587 10.07.2026 18:25:12 : ERR APPLICATION : Zapp:relMemCb (exec:zapp)
#1315588 10.07.2026 18:25:12 : ERR APPLICATION : Zapp:RelMem->None avail
#1315589 10.07.2026 18:25:12 : ERR DUKTAPE : JSalloc:2095
#1315590 10.07.2026 18:25:12 : ERR APPLICATION : Zapp:relMemCb (exec:zapp)
#1315591 10.07.2026 18:25:12 : ERR APPLICATION : Zapp:RelMem->None avail
#1315592 10.07.2026 18:25:12 : ERR DUKTAPE : JSalloc:2095
#1315593 10.07.2026 18:25:12 : ERR APPLICATION : Zapp:relMemCb (exec:zapp)
#1315594 10.07.2026 18:25:12 : ERR APPLICATION : Zapp:RelMem->None avail
#1315595 10.07.2026 18:25:12 : ERR DUKTAPE : JSalloc:2095
#1315596 10.07.2026 18:25:12 : ERR APPLICATION : Zapp:relMemCb (exec:zapp)
#1315597 10.07.2026 18:25:12 : ERR APPLICATION : Zapp:RelMem->None avail
#1315598 10.07.2026 18:25:12 : ERR DUKTAPE : JSalloc:2095
#1315599 10.07.2026 18:25:12 : ERR APPLICATION : Zapp:relMemCb (exec:zapp)
#1315600 10.07.2026 18:25:12 : ERR APPLICATION : Zapp:RelMem->None avail
#1315601 10.07.2026 18:25:12 : ERR DUKTAPE : JSalloc:2095
#1315602 10.07.2026 18:25:12 : ERR APPLICATION : evalFile: failed to eval b:/zapp/prbp4000.fea/ext90.js
#1315603 10.07.2026 18:25:15 : EVT UI_FRAMEWORK : evalFile: b:/zapp/prbp4000.fea/ext90.js from ui
#1315604 10.07.2026 18:25:15 : EVT PMIC : PMIC Fast-charge constant cur
#1315605 10.07.2026 18:25:15 : EVT PMIC : PMIC Fast-charge constant cur
#1315606 10.07.2026 18:25:15 : ERR APPLICATION : Zapp:relMemCb (exec:zapp)
#1315607 10.07.2026 18:25:15 : ERR APPLICATION : Zapp:RelMem->None avail
#1315608 10.07.2026 18:25:15 : ERR DUKTAPE : JSalloc:2095
#1315609 10.07.2026 18:25:15 : ERR APPLICATION : Zapp:relMemCb (exec:zapp)
#1315610 10.07.2026 18:25:15 : ERR APPLICATION : Zapp:RelMem->None avail
#1315611 10.07.2026 18:25:15 : ERR DUKTAPE : JSalloc:2095
#1315612 10.07.2026 18:25:15 : ERR APPLICATION : Zapp:relMemCb (exec:zapp)
#1315613 10.07.2026 18:25:15 : ERR APPLICATION : Zapp:RelMem->None avail
#1315614 10.07.2026 18:25:15 : ERR DUKTAPE : JSalloc:2095
#1315615 10.07.2026 18:25:15 : ERR APPLICATION : Zapp:relMemCb (exec:zapp)
#1315616 10.07.2026 18:25:15 : ERR APPLICATION : Zapp:RelMem->None avail
#1315617 10.07.2026 18:25:15 : ERR DUKTAPE : JSalloc:2095
#1315618 10.07.2026 18:25:15 : ERR APPLICATION : Zapp:relMemCb (exec:zapp)
#1315619 10.07.2026 18:25:15 : ERR APPLICATION : Zapp:RelMem->None avail
#1315620 10.07.2026 18:25:15 : ERR DUKTAPE : JSalloc:2095
#1315621 10.07.2026 18:25:15 : ERR APPLICATION : Zapp:relMemCb (exec:zapp)
#1315622 10.07.2026 18:25:15 : ERR APPLICATION : Zapp:RelMem->None avail
#1315623 10.07.2026 18:25:15 : ERR DUKTAPE : JSalloc:2095
#1315624 10.07.2026 18:25:15 : ERR APPLICATION : Zapp:relMemCb (exec:zapp)
#1315625 10.07.2026 18:25:15 : ERR APPLICATION : Zapp:RelMem->None avail
#1315626 10.07.2026 18:25:15 : ERR DUKTAPE : JSalloc:2095
#1315627 10.07.2026 18:25:15 : ERR APPLICATION : Zapp:relMemCb (exec:zapp)
#1315628 10.07.2026 18:25:15 : ERR APPLICATION : Zapp:RelMem->None avail
#1315629 10.07.2026 18:25:15 : ERR DUKTAPE : JSalloc:2095
#1315630 10.07.2026 18:25:15 : ERR APPLICATION : Zapp:relMemCb (exec:zapp)
#1315631 10.07.2026 18:25:15 : ERR APPLICATION : Zapp:RelMem->None avail
#1315632 10.07.2026 18:25:15 : ERR DUKTAPE : JSalloc:2095
#1315633 10.07.2026 18:25:15 : ERR APPLICATION : Zapp:relMemCb (exec:zapp)
#1315634 10.07.2026 18:25:15 : ERR APPLICATION : Zapp:RelMem->None avail
#1315635 10.07.2026 18:25:15 : ERR DUKTAPE : JSalloc:2095
#1315636 10.07.2026 18:25:15 : ERR APPLICATION : Zapp:relMemCb (exec:zapp)
#1315637 10.07.2026 18:25:15 : ERR APPLICATION : Zapp:RelMem->None avail
#1315638 10.07.2026 18:25:15 : ERR DUKTAPE : JSalloc:2095
#1315639 10.07.2026 18:25:15 : ERR APPLICATION : evalFile: failed to eval b:/zapp/prbp4000.fea/ext90.js
#1315640 10.07.2026 18:25:18 : EVT UI_FRAMEWORK : evalFile: b:/zapp/prbp4000.fea/ext90.js from ui
#1315641 10.07.2026 18:25:18 : EVT PMIC : PMIC Fast-charge constant cur
#1315642 10.07.2026 18:25:18 : EVT PMIC : PMIC Fast-charge constant cur
#1315643 10.07.2026 18:25:18 : ERR APPLICATION : Zapp:relMemCb (exec:zapp)
#1315644 10.07.2026 18:25:18 : ERR APPLICATION : Zapp:RelMem->None avail
#1315645 10.07.2026 18:25:18 : ERR DUKTAPE : JSalloc:2095
#1315646 10.07.2026 18:25:18 : ERR APPLICATION : Zapp:relMemCb (exec:zapp)
#1315647 10.07.2026 18:25:18 : ERR APPLICATION : Zapp:RelMem->None avail
#1315648 10.07.2026 18:25:18 : ERR DUKTAPE : JSalloc:2095
#1315649 10.07.2026 18:25:18 : ERR APPLICATION : Zapp:relMemCb (exec:zapp)
#1315650 10.07.2026 18:25:18 : ERR APPLICATION : Zapp:RelMem->None avail
#1315651 10.07.2026 18:25:18 : ERR DUKTAPE : JSalloc:2095
#1315652 10.07.2026 18:25:18 : ERR APPLICATION : Zapp:relMemCb (exec:zapp)
#1315653 10.07.2026 18:25:18 : ERR APPLICATION : Zapp:RelMem->None avail
#1315654 10.07.2026 18:25:18 : ERR DUKTAPE : JSalloc:2095
#1315655 10.07.2026 18:25:18 : ERR APPLICATION : Zapp:relMemCb (exec:zapp)
#1315656 10.07.2026 18:25:18 : ERR APPLICATION : Zapp:RelMem->None avail
#1315657 10.07.2026 18:25:18 : ERR DUKTAPE : JSalloc:2095
#1315658 10.07.2026 18:25:18 : ERR APPLICATION : Zapp:relMemCb (exec:zapp)
#1315659 10.07.2026 18:25:18 : ERR APPLICATION : Zapp:RelMem->None avail
#1315660 10.07.2026 18:25:18 : ERR DUKTAPE : JSalloc:2095
#1315661 10.07.2026 18:25:18 : ERR APPLICATION : Zapp:relMemCb (exec:zapp)
#1315662 10.07.2026 18:25:18 : ERR APPLICATION : Zapp:RelMem->None avail
#1315663 10.07.2026 18:25:18 : ERR DUKTAPE : JSalloc:2095
#1315664 10.07.2026 18:25:18 : ERR APPLICATION : Zapp:relMemCb (exec:zapp)
#1315665 10.07.2026 18:25:18 : ERR APPLICATION : Zapp:RelMem->None avail
#1315666 10.07.2026 18:25:18 : ERR DUKTAPE : JSalloc:2095
#1315667 10.07.2026 18:25:18 : ERR APPLICATION : Zapp:relMemCb (exec:zapp)
#1315668 10.07.2026 18:25:18 : ERR APPLICATION : Zapp:RelMem->None avail
#1315669 10.07.2026 18:25:18 : ERR DUKTAPE : JSalloc:2095
#1315670 10.07.2026 18:25:18 : ERR APPLICATION : Zapp:relMemCb (exec:zapp)
#1315671 10.07.2026 18:25:18 : ERR APPLICATION : Zapp:RelMem->None avail
#1315672 10.07.2026 18:25:18 : ERR DUKTAPE : JSalloc:2095
#1315673 10.07.2026 18:25:18 : ERR APPLICATION : Zapp:relMemCb (exec:zapp)
#1315674 10.07.2026 18:25:18 : ERR APPLICATION : Zapp:RelMem->None avail
#1315675 10.07.2026 18:25:18 : ERR DUKTAPE : JSalloc:2095
#1315676 10.07.2026 18:25:18 : ERR APPLICATION : evalFile: failed to eval b:/zapp/prbp4000.fea/ext90.js
#1315677 10.07.2026 18:25:19 : EVT PMIC : PMIC Maintain charge
#1315678 10.07.2026 18:25:21 : EVT UI_FRAMEWORK : evalFile: b:/zapp/prbp4000.fea/ext90.js from ui
#1315679 10.07.2026 18:25:21 : ERR APPLICATION : Zapp:relMemCb (exec:zapp)
#1315680 10.07.2026 18:25:21 : ERR APPLICATION : Zapp:RelMem->None avail
#1315681 10.07.2026 18:25:21 : ERR DUKTAPE : JSalloc:2095
#1315682 10.07.2026 18:25:21 : ERR APPLICATION : Zapp:relMemCb (exec:zapp)
#1315683 10.07.2026 18:25:21 : ERR APPLICATION : Zapp:RelMem->None avail
#1315684 10.07.2026 18:25:21 : ERR DUKTAPE : JSalloc:2095
#1315685 10.07.2026 18:25:21 : ERR APPLICATION : Zapp:relMemCb (exec:zapp)
#1315686 10.07.2026 18:25:21 : ERR APPLICATION : Zapp:RelMem->None avail
#1315687 10.07.2026 18:25:21 : ERR DUKTAPE : JSalloc:2095
#1315688 10.07.2026 18:25:21 : ERR APPLICATION : Zapp:relMemCb (exec:zapp)
#1315689 10.07.2026 18:25:21 : ERR APPLICATION : Zapp:RelMem->None avail
#1315690 10.07.2026 18:25:21 : ERR DUKTAPE : JSalloc:2095
#1315691 10.07.2026 18:25:21 : ERR APPLICATION : Zapp:relMemCb (exec:zapp)
#1315692 10.07.2026 18:25:21 : ERR APPLICATION : Zapp:RelMem->None avail
#1315693 10.07.2026 18:25:21 : ERR DUKTAPE : JSalloc:2095
#1315694 10.07.2026 18:25:21 : ERR APPLICATION : Zapp:relMemCb (exec:zapp)
#1315695 10.07.2026 18:25:21 : ERR APPLICATION : Zapp:RelMem->None avail
#1315696 10.07.2026 18:25:21 : ERR DUKTAPE : JSalloc:2095
#1315697 10.07.2026 18:25:21 : ERR APPLICATION : Zapp:relMemCb (exec:zapp)
#1315698 10.07.2026 18:25:21 : ERR APPLICATION : Zapp:RelMem->None avail
#1315699 10.07.2026 18:25:21 : ERR DUKTAPE : JSalloc:2095
#1315700 10.07.2026 18:25:21 : ERR APPLICATION : Zapp:relMemCb (exec:zapp)
#1315701 10.07.2026 18:25:21 : ERR APPLICATION : Zapp:RelMem->None avail
#1315702 10.07.2026 18:25:21 : ERR DUKTAPE : JSalloc:2095
#1315703 10.07.2026 18:25:21 : ERR APPLICATION : Zapp:relMemCb (exec:zapp)
#1315704 10.07.2026 18:25:21 : ERR APPLICATION : Zapp:RelMem->None avail
#1315705 10.07.2026 18:25:21 : ERR DUKTAPE : JSalloc:2095
#1315706 10.07.2026 18:25:21 : ERR APPLICATION : Zapp:relMemCb (exec:zapp)
#1315707 10.07.2026 18:25:21 : ERR APPLICATION : Zapp:RelMem->None avail
#1315708 10.07.2026 18:25:21 : ERR DUKTAPE : JSalloc:2095
#1315709 10.07.2026 18:25:21 : ERR APPLICATION : Zapp:relMemCb (exec:zapp)
#1315710 10.07.2026 18:25:21 : ERR APPLICATION : Zapp:RelMem->None avail
#1315711 10.07.2026 18:25:21 : ERR DUKTAPE : JSalloc:2095
#1315712 10.07.2026 18:25:21 : ERR APPLICATION : evalFile: failed to eval b:/zapp/prbp4000.fea/ext90.js
#1315713 10.07.2026 18:25:24 : EVT UI_FRAMEWORK : evalFile: b:/zapp/prbp4000.fea/ext90.js from ui
#1315714 10.07.2026 18:25:24 : ERR APPLICATION : Zapp:relMemCb (exec:zapp)
#1315715 10.07.2026 18:25:24 : ERR APPLICATION : Zapp:RelMem->None avail
#1315716 10.07.2026 18:25:24 : ERR DUKTAPE : JSalloc:2095
#1315717 10.07.2026 18:25:24 : ERR APPLICATION : Zapp:relMemCb (exec:zapp)
#1315718 10.07.2026 18:25:24 : ERR APPLICATION : Zapp:RelMem->None avail
#1315719 10.07.2026 18:25:24 : ERR DUKTAPE : JSalloc:2095
#1315720 10.07.2026 18:25:24 : ERR APPLICATION : Zapp:relMemCb (exec:zapp)
#1315721 10.07.2026 18:25:24 : ERR APPLICATION : Zapp:RelMem->None avail
#1315722 10.07.2026 18:25:24 : ERR DUKTAPE : JSalloc:2095
#1315723 10.07.2026 18:25:24 : ERR APPLICATION : Zapp:relMemCb (exec:zapp)
#1315724 10.07.2026 18:25:24 : ERR APPLICATION : Zapp:RelMem->None avail
#1315725 10.07.2026 18:25:24 : ERR DUKTAPE : JSalloc:2095
#1315726 10.07.2026 18:25:24 : ERR APPLICATION : Zapp:relMemCb (exec:zapp)
#1315727 10.07.2026 18:25:24 : ERR APPLICATION : Zapp:RelMem->None avail
#1315728 10.07.2026 18:25:24 : ERR DUKTAPE : JSalloc:2095
#1315729 10.07.2026 18:25:24 : ERR APPLICATION : Zapp:relMemCb (exec:zapp)
#1315730 10.07.2026 18:25:24 : ERR APPLICATION : Zapp:RelMem->None avail
#1315731 10.07.2026 18:25:24 : ERR DUKTAPE : JSalloc:2095
#1315732 10.07.2026 18:25:24 : ERR APPLICATION : Zapp:relMemCb (exec:zapp)
#1315733 10.07.2026 18:25:24 : ERR APPLICATION : Zapp:RelMem->None avail
#1315734 10.07.2026 18:25:24 : ERR DUKTAPE : JSalloc:2095
#1315735 10.07.2026 18:25:24 : ERR APPLICATION : Zapp:relMemCb (exec:zapp)
#1315736 10.07.2026 18:25:24 : ERR APPLICATION : Zapp:RelMem->None avail
#1315737 10.07.2026 18:25:24 : ERR DUKTAPE : JSalloc:2095
#1315738 10.07.2026 18:25:24 : ERR APPLICATION : Zapp:relMemCb (exec:zapp)
#1315739 10.07.2026 18:25:24 : ERR APPLICATION : Zapp:RelMem->None avail
#1315740 10.07.2026 18:25:24 : ERR DUKTAPE : JSalloc:2095
#1315741 10.07.2026 18:25:24 : ERR APPLICATION : Zapp:relMemCb (exec:zapp)
#1315742 10.07.2026 18:25:24 : ERR APPLICATION : Zapp:RelMem->None avail
#1315743 10.07.2026 18:25:24 : ERR DUKTAPE : JSalloc:2095
#1315744 10.07.2026 18:25:24 : ERR APPLICATION : Zapp:relMemCb (exec:zapp)
#1315745 10.07.2026 18:25:24 : ERR APPLICATION : Zapp:RelMem->None avail
#1315746 10.07.2026 18:25:24 : ERR DUKTAPE : JSalloc:2095
#1315747 10.07.2026 18:25:24 : ERR APPLICATION : evalFile: failed to eval b:/zapp/prbp4000.fea/ext90.js
#1315748 10.07.2026 18:25:27 : EVT UI_FRAMEWORK : evalFile: b:/zapp/prbp4000.fea/ext90.js from ui
#1315749 10.07.2026 18:25:27 : ERR APPLICATION : Zapp:relMemCb (exec:zapp)
#1315750 10.07.2026 18:25:27 : ERR APPLICATION : Zapp:RelMem->None avail
#1315751 10.07.2026 18:25:27 : ERR DUKTAPE : JSalloc:2095
#1315752 10.07.2026 18:25:27 : ERR APPLICATION : Zapp:relMemCb (exec:zapp)
#1315753 10.07.2026 18:25:27 : ERR APPLICATION : Zapp:RelMem->None avail
#1315754 10.07.2026 18:25:27 : ERR DUKTAPE : JSalloc:2095
#1315755 10.07.2026 18:25:27 : ERR APPLICATION : Zapp:relMemCb (exec:zapp)
#1315756 10.07.2026 18:25:27 : ERR APPLICATION : Zapp:RelMem->None avail
#1315757 10.07.2026 18:25:27 : ERR DUKTAPE : JSalloc:2095
#1315758 10.07.2026 18:25:27 : ERR APPLICATION : Zapp:relMemCb (exec:zapp)
#1315759 10.07.2026 18:25:27 : ERR APPLICATION : Zapp:RelMem->None avail
#1315760 10.07.2026 18:25:27 : ERR DUKTAPE : JSalloc:2095
#1315761 10.07.2026 18:25:27 : ERR APPLICATION : Zapp:relMemCb (exec:zapp)
#1315762 10.07.2026 18:25:27 : ERR APPLICATION : Zapp:RelMem->None avail
#1315763 10.07.2026 18:25:27 : ERR DUKTAPE : JSalloc:2095
#1315764 10.07.2026 18:25:27 : ERR APPLICATION : Zapp:relMemCb (exec:zapp)
#1315765 10.07.2026 18:25:27 : ERR APPLICATION : Zapp:RelMem->None avail
#1315766 10.07.2026 18:25:27 : ERR DUKTAPE : JSalloc:2095
#1315767 10.07.2026 18:25:27 : ERR APPLICATION : Zapp:relMemCb (exec:zapp)
#1315768 10.07.2026 18:25:27 : ERR APPLICATION : Zapp:RelMem->None avail
#1315769 10.07.2026 18:25:27 : ERR DUKTAPE : JSalloc:2095
#1315770 10.07.2026 18:25:27 : ERR APPLICATION : Zapp:relMemCb (exec:zapp)
#1315771 10.07.2026 18:25:27 : ERR APPLICATION : Zapp:RelMem->None avail
#1315772 10.07.2026 18:25:27 : ERR DUKTAPE : JSalloc:2095
#1315773 10.07.2026 18:25:27 : ERR APPLICATION : Zapp:relMemCb (exec:zapp)
#1315774 10.07.2026 18:25:27 : ERR APPLICATION : Zapp:RelMem->None avail
#1315775 10.07.2026 18:25:27 : ERR DUKTAPE : JSalloc:2095
#1315776 10.07.2026 18:25:27 : ERR APPLICATION : Zapp:relMemCb (exec:zapp)
#1315777 10.07.2026 18:25:27 : ERR APPLICATION : Zapp:RelMem->None avail
#1315778 10.07.2026 18:25:27 : ERR DUKTAPE : JSalloc:2095
#1315779 10.07.2026 18:25:27 : ERR APPLICATION : Zapp:relMemCb (exec:zapp)
#1315780 10.07.2026 18:25:27 : ERR APPLICATION : Zapp:RelMem->None avail
#1315781 10.07.2026 18:25:27 : ERR DUKTAPE : JSalloc:2095
#1315782 10.07.2026 18:25:27 : ERR APPLICATION : evalFile: failed to eval b:/zapp/prbp4000.fea/ext90.js
#1315783 10.07.2026 18:25:30 : EVT UI_FRAMEWORK : evalFile: b:/zapp/prbp4000.fea/ext90.js from ui
#1315784 10.07.2026 18:25:30 : ERR APPLICATION : Zapp:relMemCb (exec:zapp)
#1315785 10.07.2026 18:25:30 : ERR APPLICATION : Zapp:RelMem->None avail
#1315786 10.07.2026 18:25:30 : ERR DUKTAPE : JSalloc:2095
#1315787 10.07.2026 18:25:30 : ERR APPLICATION : Zapp:relMemCb (exec:zapp)
#1315788 10.07.2026 18:25:30 : ERR APPLICATION : Zapp:RelMem->None avail
#1315789 10.07.2026 18:25:30 : ERR DUKTAPE : JSalloc:2095
#1315790 10.07.2026 18:25:30 : ERR APPLICATION : Zapp:relMemCb (exec:zapp)
#1315791 10.07.2026 18:25:30 : ERR APPLICATION : Zapp:RelMem->None avail
#1315792 10.07.2026 18:25:30 : ERR DUKTAPE : JSalloc:2095
#1315793 10.07.2026 18:25:30 : ERR APPLICATION : Zapp:relMemCb (exec:zapp)
#1315794 10.07.2026 18:25:30 : ERR APPLICATION : Zapp:RelMem->None avail
#1315795 10.07.2026 18:25:30 : ERR DUKTAPE : JSalloc:2095
#1315796 10.07.2026 18:25:30 : ERR APPLICATION : Zapp:relMemCb (exec:zapp)
#1315797 10.07.2026 18:25:30 : ERR APPLICATION : Zapp:RelMem->None avail
#1315798 10.07.2026 18:25:30 : ERR DUKTAPE : JSalloc:2095
#1315799 10.07.2026 18:25:30 : ERR APPLICATION : Zapp:relMemCb (exec:zapp)
#1315800 10.07.2026 18:25:30 : ERR APPLICATION : Zapp:RelMem->None avail
#1315801 10.07.2026 18:25:30 : ERR DUKTAPE : JSalloc:2095
#1315802 10.07.2026 18:25:30 : ERR APPLICATION : Zapp:relMemCb (exec:zapp)
#1315803 10.07.2026 18:25:30 : ERR APPLICATION : Zapp:RelMem->None avail
#1315804 10.07.2026 18:25:30 : ERR DUKTAPE : JSalloc:2095
#1315805 10.07.2026 18:25:30 : ERR APPLICATION : Zapp:relMemCb (exec:zapp)
#1315806 10.07.2026 18:25:30 : ERR APPLICATION : Zapp:RelMem->None avail
#1315807 10.07.2026 18:25:30 : ERR DUKTAPE : JSalloc:2095
#1315808 10.07.2026 18:25:30 : ERR APPLICATION : Zapp:relMemCb (exec:zapp)
#1315809 10.07.2026 18:25:30 : ERR APPLICATION : Zapp:RelMem->None avail
#1315810 10.07.2026 18:25:30 : ERR DUKTAPE : JSalloc:2095
#1315811 10.07.2026 18:25:30 : ERR APPLICATION : Zapp:relMemCb (exec:zapp)
#1315812 10.07.2026 18:25:30 : ERR APPLICATION : Zapp:RelMem->None avail
#1315813 10.07.2026 18:25:30 : ERR DUKTAPE : JSalloc:2095
#1315814 10.07.2026 18:25:30 : ERR APPLICATION : Zapp:relMemCb (exec:zapp)
#1315815 10.07.2026 18:25:30 : ERR APPLICATION : Zapp:RelMem->None avail
#1315816 10.07.2026 18:25:30 : ERR DUKTAPE : JSalloc:2095
#1315817 10.07.2026 18:25:30 : ERR APPLICATION : evalFile: failed to eval b:/zapp/prbp4000.fea/ext90.js
#1315818 10.07.2026 18:25:33 : EVT UI_FRAMEWORK : evalFile: b:/zapp/prbp4000.fea/ext90.js from ui
#1315819 10.07.2026 18:25:33 : ERR APPLICATION : Zapp:relMemCb (exec:zapp)
#1315820 10.07.2026 18:25:33 : ERR APPLICATION : Zapp:RelMem->None avail
#1315821 10.07.2026 18:25:33 : ERR DUKTAPE : JSalloc:2095
#1315822 10.07.2026 18:25:33 : ERR APPLICATION : Zapp:relMemCb (exec:zapp)
#1315823 10.07.2026 18:25:33 : ERR APPLICATION : Zapp:RelMem->None avail
#1315824 10.07.2026 18:25:33 : ERR DUKTAPE : JSalloc:2095
#1315825 10.07.2026 18:25:33 : ERR APPLICATION : Zapp:relMemCb (exec:zapp)
#1315826 10.07.2026 18:25:33 : ERR APPLICATION : Zapp:RelMem->None avail
#1315827 10.07.2026 18:25:33 : ERR DUKTAPE : JSalloc:2095
#1315828 10.07.2026 18:25:33 : ERR APPLICATION : Zapp:relMemCb (exec:zapp)
#1315829 10.07.2026 18:25:33 : ERR APPLICATION : Zapp:RelMem->None avail
#1315830 10.07.2026 18:25:33 : ERR DUKTAPE : JSalloc:2095
#1315831 10.07.2026 18:25:33 : ERR APPLICATION : Zapp:relMemCb (exec:zapp)
#1315832 10.07.2026 18:25:33 : ERR APPLICATION : Zapp:RelMem->None avail
#1315833 10.07.2026 18:25:33 : ERR DUKTAPE : JSalloc:2095
#1315834 10.07.2026 18:25:33 : ERR APPLICATION : Zapp:relMemCb (exec:zapp)
#1315835 10.07.2026 18:25:33 : ERR APPLICATION : Zapp:RelMem->None avail
#1315836 10.07.2026 18:25:33 : ERR DUKTAPE : JSalloc:2095
#1315837 10.07.2026 18:25:33 : ERR APPLICATION : Zapp:relMemCb (exec:zapp)
#1315838 10.07.2026 18:25:33 : ERR APPLICATION : Zapp:RelMem->None avail
#1315839 10.07.2026 18:25:33 : ERR DUKTAPE : JSalloc:2095
#1315840 10.07.2026 18:25:33 : ERR APPLICATION : Zapp:relMemCb (exec:zapp)
#1315841 10.07.2026 18:25:33 : ERR APPLICATION : Zapp:RelMem->None avail
#1315842 10.07.2026 18:25:33 : ERR DUKTAPE : JSalloc:2095
#1315843 10.07.2026 18:25:33 : ERR APPLICATION : Zapp:relMemCb (exec:zapp)
#1315844 10.07.2026 18:25:33 : ERR APPLICATION : Zapp:RelMem->None avail
#1315845 10.07.2026 18:25:33 : ERR DUKTAPE : JSalloc:2095
#1315846 10.07.2026 18:25:33 : ERR APPLICATION : Zapp:relMemCb (exec:zapp)
#1315847 10.07.2026 18:25:33 : ERR APPLICATION : Zapp:RelMem->None avail
#1315848 10.07.2026 18:25:33 : ERR DUKTAPE : JSalloc:2095
#1315849 10.07.2026 18:25:33 : ERR APPLICATION : Zapp:relMemCb (exec:zapp)
#1315850 10.07.2026 18:25:33 : ERR APPLICATION : Zapp:RelMem->None avail
#1315851 10.07.2026 18:25:33 : ERR DUKTAPE : JSalloc:2095
#1315852 10.07.2026 18:25:33 : ERR APPLICATION : evalFile: failed to eval b:/zapp/prbp4000.fea/ext90.js
#1315853 10.07.2026 18:25:36 : EVT UI_FRAMEWORK : evalFile: b:/zapp/prbp4000.fea/ext90.js from ui
#1315854 10.07.2026 18:25:36 : ERR APPLICATION : Zapp:relMemCb (exec:zapp)
#1315855 10.07.2026 18:25:36 : ERR APPLICATION : Zapp:RelMem->None avail
#1315856 10.07.2026 18:25:36 : ERR DUKTAPE : JSalloc:2095
#1315857 10.07.2026 18:25:36 : ERR APPLICATION : Zapp:relMemCb (exec:zapp)
#1315858 10.07.2026 18:25:36 : ERR APPLICATION : Zapp:RelMem->None avail
#1315859 10.07.2026 18:25:36 : ERR DUKTAPE : JSalloc:2095
#1315860 10.07.2026 18:25:36 : ERR APPLICATION : Zapp:relMemCb (exec:zapp)
#1315861 10.07.2026 18:25:36 : ERR APPLICATION : Zapp:RelMem->None avail
#1315862 10.07.2026 18:25:36 : ERR DUKTAPE : JSalloc:2095
#1315863 10.07.2026 18:25:36 : ERR APPLICATION : Zapp:relMemCb (exec:zapp)
#1315864 10.07.2026 18:25:36 : ERR APPLICATION : Zapp:RelMem->None avail
#1315865 10.07.2026 18:25:36 : ERR DUKTAPE : JSalloc:2095
#1315866 10.07.2026 18:25:36 : ERR APPLICATION : Zapp:relMemCb (exec:zapp)
#1315867 10.07.2026 18:25:36 : ERR APPLICATION : Zapp:RelMem->None avail
#1315868 10.07.2026 18:25:36 : ERR DUKTAPE : JSalloc:2095
#1315869 10.07.2026 18:25:36 : ERR APPLICATION : Zapp:relMemCb (exec:zapp)
#1315870 10.07.2026 18:25:36 : ERR APPLICATION : Zapp:RelMem->None avail
#1315871 10.07.2026 18:25:36 : ERR DUKTAPE : JSalloc:2095
#1315872 10.07.2026 18:25:36 : ERR APPLICATION : Zapp:relMemCb (exec:zapp)
#1315873 10.07.2026 18:25:36 : ERR APPLICATION : Zapp:RelMem->None avail
#1315874 10.07.2026 18:25:36 : ERR DUKTAPE : JSalloc:2095
#1315875 10.07.2026 18:25:36 : ERR APPLICATION : Zapp:relMemCb (exec:zapp)
#1315876 10.07.2026 18:25:36 : ERR APPLICATION : Zapp:RelMem->None avail
#1315877 10.07.2026 18:25:36 : ERR DUKTAPE : JSalloc:2095
#1315878 10.07.2026 18:25:36 : ERR APPLICATION : Zapp:relMemCb (exec:zapp)
#1315879 10.07.2026 18:25:36 : ERR APPLICATION : Zapp:RelMem->None avail
#1315880 10.07.2026 18:25:36 : ERR DUKTAPE : JSalloc:2095
#1315881 10.07.2026 18:25:36 : ERR APPLICATION : Zapp:relMemCb (exec:zapp)
#1315882 10.07.2026 18:25:36 : ERR APPLICATION : Zapp:RelMem->None avail
#1315883 10.07.2026 18:25:36 : ERR DUKTAPE : JSalloc:2095
#1315884 10.07.2026 18:25:36 : ERR APPLICATION : Zapp:relMemCb (exec:zapp)
#1315885 10.07.2026 18:25:36 : ERR APPLICATION : Zapp:RelMem->None avail
#1315886 10.07.2026 18:25:36 : ERR DUKTAPE : JSalloc:2095
#1315887 10.07.2026 18:25:36 : ERR APPLICATION : evalFile: failed to eval b:/zapp/prbp4000.fea/ext90.js
#1315888 10.07.2026 18:25:39 : EVT UI_FRAMEWORK : evalFile: b:/zapp/prbp4000.fea/ext90.js from ui
#1315889 10.07.2026 18:25:39 : EVT PMIC : PMIC Precharge
#1315890 10.07.2026 18:25:39 : EVT PMIC : PMIC Fast-charge constant cur
#1315891 10.07.2026 18:25:39 : ERR APPLICATION : Zapp:relMemCb (exec:zapp)
#1315892 10.07.2026 18:25:39 : ERR APPLICATION : Zapp:RelMem->None avail
#1315893 10.07.2026 18:25:39 : ERR DUKTAPE : JSalloc:2095
#1315894 10.07.2026 18:25:39 : ERR APPLICATION : Zapp:relMemCb (exec:zapp)
#1315895 10.07.2026 18:25:39 : ERR APPLICATION : Zapp:RelMem->None avail
#1315896 10.07.2026 18:25:39 : ERR DUKTAPE : JSalloc:2095
#1315897 10.07.2026 18:25:39 : ERR APPLICATION : Zapp:relMemCb (exec:zapp)
#1315898 10.07.2026 18:25:39 : ERR APPLICATION : Zapp:RelMem->None avail
#1315899 10.07.2026 18:25:39 : ERR DUKTAPE : JSalloc:2095
#1315900 10.07.2026 18:25:39 : ERR APPLICATION : Zapp:relMemCb (exec:zapp)
#1315901 10.07.2026 18:25:39 : ERR APPLICATION : Zapp:RelMem->None avail
#1315902 10.07.2026 18:25:39 : ERR DUKTAPE : JSalloc:2095
#1315903 10.07.2026 18:25:39 : ERR APPLICATION : Zapp:relMemCb (exec:zapp)
#1315904 10.07.2026 18:25:39 : ERR APPLICATION : Zapp:RelMem->None avail
#1315905 10.07.2026 18:25:39 : ERR DUKTAPE : JSalloc:2095
#1315906 10.07.2026 18:25:39 : ERR APPLICATION : Zapp:relMemCb (exec:zapp)
#1315907 10.07.2026 18:25:39 : ERR APPLICATION : Zapp:RelMem->None avail
#1315908 10.07.2026 18:25:39 : ERR DUKTAPE : JSalloc:2095
#1315909 10.07.2026 18:25:39 : ERR APPLICATION : Zapp:relMemCb (exec:zapp)
#1315910 10.07.2026 18:25:39 : ERR APPLICATION : Zapp:RelMem->None avail
#1315911 10.07.2026 18:25:39 : ERR DUKTAPE : JSalloc:2095
#1315912 10.07.2026 18:25:39 : ERR APPLICATION : Zapp:relMemCb (exec:zapp)
#1315913 10.07.2026 18:25:39 : ERR APPLICATION : Zapp:RelMem->None avail
#1315914 10.07.2026 18:25:39 : ERR DUKTAPE : JSalloc:2095
#1315915 10.07.2026 18:25:39 : ERR APPLICATION : Zapp:relMemCb (exec:zapp)
#1315916 10.07.2026 18:25:39 : ERR APPLICATION : Zapp:RelMem->None avail
#1315917 10.07.2026 18:25:39 : ERR DUKTAPE : JSalloc:2095
#1315918 10.07.2026 18:25:39 : ERR APPLICATION : Zapp:relMemCb (exec:zapp)
#1315919 10.07.2026 18:25:39 : ERR APPLICATION : Zapp:RelMem->None avail
#1315920 10.07.2026 18:25:39 : ERR DUKTAPE : JSalloc:2095
#1315921 10.07.2026 18:25:39 : ERR APPLICATION : Zapp:relMemCb (exec:zapp)
#1315922 10.07.2026 18:25:39 : ERR APPLICATION : Zapp:RelMem->None avail
#1315923 10.07.2026 18:25:39 : ERR DUKTAPE : JSalloc:2095
#1315924 10.07.2026 18:25:39 : ERR APPLICATION : evalFile: failed to eval b:/zapp/prbp4000.fea/ext90.js
#1315925 10.07.2026 18:25:42 : EVT PMIC : PMIC Maintain charge
#1315926 10.07.2026 18:25:42 : EVT UI_FRAMEWORK : evalFile: b:/zapp/prbp4000.fea/ext90.js from ui
#1315927 10.07.2026 18:25:42 : EVT PMIC : PMIC Fast-charge constant cur
#1315928 10.07.2026 18:25:42 : ERR APPLICATION : Zapp:relMemCb (exec:zapp)
#1315929 10.07.2026 18:25:42 : ERR APPLICATION : Zapp:RelMem->None avail
#1315930 10.07.2026 18:25:42 : ERR DUKTAPE : JSalloc:2095
#1315931 10.07.2026 18:25:42 : ERR APPLICATION : Zapp:relMemCb (exec:zapp)
#1315932 10.07.2026 18:25:42 : ERR APPLICATION : Zapp:RelMem->None avail
#1315933 10.07.2026 18:25:42 : ERR DUKTAPE : JSalloc:2095
#1315934 10.07.2026 18:25:42 : ERR APPLICATION : Zapp:relMemCb (exec:zapp)
#1315935 10.07.2026 18:25:42 : ERR APPLICATION : Zapp:RelMem->None avail
#1315936 10.07.2026 18:25:42 : ERR DUKTAPE : JSalloc:2095
#1315937 10.07.2026 18:25:42 : ERR APPLICATION : Zapp:relMemCb (exec:zapp)
#1315938 10.07.2026 18:25:42 : ERR APPLICATION : Zapp:RelMem->None avail
#1315939 10.07.2026 18:25:42 : ERR DUKTAPE : JSalloc:2095
#1315940 10.07.2026 18:25:42 : ERR APPLICATION : Zapp:relMemCb (exec:zapp)
#1315941 10.07.2026 18:25:42 : ERR APPLICATION : Zapp:RelMem->None avail
#1315942 10.07.2026 18:25:42 : ERR DUKTAPE : JSalloc:2095
#1315943 10.07.2026 18:25:42 : ERR APPLICATION : Zapp:relMemCb (exec:zapp)
#1315944 10.07.2026 18:25:42 : ERR APPLICATION : Zapp:RelMem->None avail
#1315945 10.07.2026 18:25:42 : ERR DUKTAPE : JSalloc:2095
#1315946 10.07.2026 18:25:42 : ERR APPLICATION : Zapp:relMemCb (exec:zapp)
#1315947 10.07.2026 18:25:42 : ERR APPLICATION : Zapp:RelMem->None avail
#1315948 10.07.2026 18:25:42 : ERR DUKTAPE : JSalloc:2095
#1315949 10.07.2026 18:25:42 : ERR APPLICATION : Zapp:relMemCb (exec:zapp)
#1315950 10.07.2026 18:25:42 : ERR APPLICATION : Zapp:RelMem->None avail
#1315951 10.07.2026 18:25:42 : ERR DUKTAPE : JSalloc:2095
#1315952 10.07.2026 18:25:42 : ERR APPLICATION : Zapp:relMemCb (exec:zapp)
#1315953 10.07.2026 18:25:42 : ERR APPLICATION : Zapp:RelMem->None avail
#1315954 10.07.2026 18:25:42 : ERR DUKTAPE : JSalloc:2095
#1315955 10.07.2026 18:25:42 : ERR APPLICATION : Zapp:relMemCb (exec:zapp)
#1315956 10.07.2026 18:25:42 : ERR APPLICATION : Zapp:RelMem->None avail
#1315957 10.07.2026 18:25:42 : ERR DUKTAPE : JSalloc:2095
#1315958 10.07.2026 18:25:42 : ERR APPLICATION : Zapp:relMemCb (exec:zapp)
#1315959 10.07.2026 18:25:42 : ERR APPLICATION : Zapp:RelMem->None avail
#1315960 10.07.2026 18:25:42 : ERR DUKTAPE : JSalloc:2095
#1315961 10.07.2026 18:25:42 : ERR APPLICATION : evalFile: failed to eval b:/zapp/prbp4000.fea/ext90.js
#1315962 10.07.2026 18:25:45 : EVT UI_FRAMEWORK : evalFile: b:/zapp/prbp4000.fea/ext90.js from ui
#1315963 10.07.2026 18:25:45 : EVT PMIC : PMIC Fast-charge constant cur
#1315964 10.07.2026 18:25:45 : EVT PMIC : PMIC Fast-charge constant cur
#1315965 10.07.2026 18:25:45 : EVT PMIC : PMIC Fast-charge constant cur
#1315966 10.07.2026 18:25:45 : ERR APPLICATION : Zapp:relMemCb (exec:zapp)
#1315967 10.07.2026 18:25:45 : ERR APPLICATION : Zapp:RelMem->None avail
#1315968 10.07.2026 18:25:45 : ERR DUKTAPE : JSalloc:2095
#1315969 10.07.2026 18:25:45 : ERR APPLICATION : Zapp:relMemCb (exec:zapp)
#1315970 10.07.2026 18:25:45 : ERR APPLICATION : Zapp:RelMem->None avail
#1315971 10.07.2026 18:25:45 : ERR DUKTAPE : JSalloc:2095
#1315972 10.07.2026 18:25:45 : ERR APPLICATION : Zapp:relMemCb (exec:zapp)
#1315973 10.07.2026 18:25:45 : ERR APPLICATION : Zapp:RelMem->None avail
#1315974 10.07.2026 18:25:45 : ERR DUKTAPE : JSalloc:2095
#1315975 10.07.2026 18:25:45 : ERR APPLICATION : Zapp:relMemCb (exec:zapp)
#1315976 10.07.2026 18:25:45 : ERR APPLICATION : Zapp:RelMem->None avail
#1315977 10.07.2026 18:25:45 : ERR DUKTAPE : JSalloc:2095
#1315978 10.07.2026 18:25:45 : ERR APPLICATION : Zapp:relMemCb (exec:zapp)
#1315979 10.07.2026 18:25:45 : ERR APPLICATION : Zapp:RelMem->None avail
#1315980 10.07.2026 18:25:45 : ERR DUKTAPE : JSalloc:2095
#1315981 10.07.2026 18:25:45 : ERR APPLICATION : Zapp:relMemCb (exec:zapp)
#1315982 10.07.2026 18:25:45 : ERR APPLICATION : Zapp:RelMem->None avail
#1315983 10.07.2026 18:25:45 : ERR DUKTAPE : JSalloc:2095
#1315984 10.07.2026 18:25:45 : ERR APPLICATION : Zapp:relMemCb (exec:zapp)
#1315985 10.07.2026 18:25:45 : ERR APPLICATION : Zapp:RelMem->None avail
#1315986 10.07.2026 18:25:45 : ERR DUKTAPE : JSalloc:2095
#1315987 10.07.2026 18:25:45 : ERR APPLICATION : Zapp:relMemCb (exec:zapp)
#1315988 10.07.2026 18:25:45 : ERR APPLICATION : Zapp:RelMem->None avail
#1315989 10.07.2026 18:25:45 : ERR DUKTAPE : JSalloc:2095
#1315990 10.07.2026 18:25:45 : ERR APPLICATION : Zapp:relMemCb (exec:zapp)
#1315991 10.07.2026 18:25:45 : ERR APPLICATION : Zapp:RelMem->None avail
#1315992 10.07.2026 18:25:45 : ERR DUKTAPE : JSalloc:2095
#1315993 10.07.2026 18:25:45 : ERR APPLICATION : Zapp:relMemCb (exec:zapp)
#1315994 10.07.2026 18:25:45 : ERR APPLICATION : Zapp:RelMem->None avail
#1315995 10.07.2026 18:25:45 : ERR DUKTAPE : JSalloc:2095
#1315996 10.07.2026 18:25:45 : ERR APPLICATION : Zapp:relMemCb (exec:zapp)
#1315997 10.07.2026 18:25:45 : ERR APPLICATION : Zapp:RelMem->None avail
#1315998 10.07.2026 18:25:45 : ERR DUKTAPE : JSalloc:2095
#1315999 10.07.2026 18:25:45 : ERR APPLICATION : evalFile: failed to eval b:/zapp/prbp4000.fea/ext90.js
#1316000 10.07.2026 18:25:48 : EVT PMIC : PMIC Maintain charge
#1316001 10.07.2026 18:25:48 : EVT UI_FRAMEWORK : evalFile: b:/zapp/prbp4000.fea/ext90.js from ui
#1316002 10.07.2026 18:25:48 : ERR APPLICATION : Zapp:relMemCb (exec:zapp)
#1316003 10.07.2026 18:25:48 : ERR APPLICATION : Zapp:RelMem->None avail
#1316004 10.07.2026 18:25:48 : ERR DUKTAPE : JSalloc:2095
#1316005 10.07.2026 18:25:48 : ERR APPLICATION : Zapp:relMemCb (exec:zapp)
#1316006 10.07.2026 18:25:48 : ERR APPLICATION : Zapp:RelMem->None avail
#1316007 10.07.2026 18:25:48 : ERR DUKTAPE : JSalloc:2095
#1316008 10.07.2026 18:25:48 : ERR APPLICATION : Zapp:relMemCb (exec:zapp)
#1316009 10.07.2026 18:25:48 : ERR APPLICATION : Zapp:RelMem->None avail
#1316010 10.07.2026 18:25:48 : ERR DUKTAPE : JSalloc:2095
#1316011 10.07.2026 18:25:48 : ERR APPLICATION : Zapp:relMemCb (exec:zapp)
#1316012 10.07.2026 18:25:48 : ERR APPLICATION : Zapp:RelMem->None avail
#1316013 10.07.2026 18:25:48 : ERR DUKTAPE : JSalloc:2095
#1316014 10.07.2026 18:25:48 : ERR APPLICATION : Zapp:relMemCb (exec:zapp)
#1316015 10.07.2026 18:25:48 : ERR APPLICATION : Zapp:RelMem->None avail
#1316016 10.07.2026 18:25:48 : ERR DUKTAPE : JSalloc:2095
#1316017 10.07.2026 18:25:48 : ERR APPLICATION : Zapp:relMemCb (exec:zapp)
#1316018 10.07.2026 18:25:48 : ERR APPLICATION : Zapp:RelMem->None avail
#1316019 10.07.2026 18:25:48 : ERR DUKTAPE : JSalloc:2095
#1316020 10.07.2026 18:25:48 : ERR APPLICATION : Zapp:relMemCb (exec:zapp)
#1316021 10.07.2026 18:25:48 : ERR APPLICATION : Zapp:RelMem->None avail
#1316022 10.07.2026 18:25:48 : ERR DUKTAPE : JSalloc:2095
#1316023 10.07.2026 18:25:48 : ERR APPLICATION : Zapp:relMemCb (exec:zapp)
#1316024 10.07.2026 18:25:48 : ERR APPLICATION : Zapp:RelMem->None avail
#1316025 10.07.2026 18:25:48 : ERR DUKTAPE : JSalloc:2095
#1316026 10.07.2026 18:25:48 : ERR APPLICATION : Zapp:relMemCb (exec:zapp)
#1316027 10.07.2026 18:25:48 : ERR APPLICATION : Zapp:RelMem->None avail
#1316028 10.07.2026 18:25:48 : ERR DUKTAPE : JSalloc:2095
#1316029 10.07.2026 18:25:48 : ERR APPLICATION : Zapp:relMemCb (exec:zapp)
#1316030 10.07.2026 18:25:48 : ERR APPLICATION : Zapp:RelMem->None avail
#1316031 10.07.2026 18:25:48 : ERR DUKTAPE : JSalloc:2095
#1316032 10.07.2026 18:25:48 : ERR APPLICATION : Zapp:relMemCb (exec:zapp)
#1316033 10.07.2026 18:25:48 : ERR APPLICATION : Zapp:RelMem->None avail
#1316034 10.07.2026 18:25:48 : ERR DUKTAPE : JSalloc:2095
#1316035 10.07.2026 18:25:48 : ERR APPLICATION : evalFile: failed to eval b:/zapp/prbp4000.fea/ext90.js
#1316036 10.07.2026 18:25:51 : EVT UI_FRAMEWORK : evalFile: b:/zapp/prbp4000.fea/ext90.js from ui
#1316037 10.07.2026 18:25:51 : ERR APPLICATION : Zapp:relMemCb (exec:zapp)
#1316038 10.07.2026 18:25:51 : ERR APPLICATION : Zapp:RelMem->None avail
#1316039 10.07.2026 18:25:51 : ERR DUKTAPE : JSalloc:2095
#1316040 10.07.2026 18:25:51 : ERR APPLICATION : Zapp:relMemCb (exec:zapp)
#1316041 10.07.2026 18:25:51 : ERR APPLICATION : Zapp:RelMem->None avail
#1316042 10.07.2026 18:25:51 : ERR DUKTAPE : JSalloc:2095
#1316043 10.07.2026 18:25:51 : ERR APPLICATION : Zapp:relMemCb (exec:zapp)
#1316044 10.07.2026 18:25:51 : ERR APPLICATION : Zapp:RelMem->None avail
#1316045 10.07.2026 18:25:51 : ERR DUKTAPE : JSalloc:2095
#1316046 10.07.2026 18:25:51 : ERR APPLICATION : Zapp:relMemCb (exec:zapp)
#1316047 10.07.2026 18:25:51 : ERR APPLICATION : Zapp:RelMem->None avail
#1316048 10.07.2026 18:25:51 : ERR DUKTAPE : JSalloc:2095
#1316049 10.07.2026 18:25:51 : ERR APPLICATION : Zapp:relMemCb (exec:zapp)
#1316050 10.07.2026 18:25:51 : ERR APPLICATION : Zapp:RelMem->None avail
#1316051 10.07.2026 18:25:51 : ERR DUKTAPE : JSalloc:2095
#1316052 10.07.2026 18:25:51 : ERR APPLICATION : Zapp:relMemCb (exec:zapp)
#1316053 10.07.2026 18:25:51 : ERR APPLICATION : Zapp:RelMem->None avail
#1316054 10.07.2026 18:25:51 : ERR DUKTAPE : JSalloc:2095
#1316055 10.07.2026 18:25:51 : ERR APPLICATION : Zapp:relMemCb (exec:zapp)
#1316056 10.07.2026 18:25:51 : ERR APPLICATION : Zapp:RelMem->None avail
#1316057 10.07.2026 18:25:51 : ERR DUKTAPE : JSalloc:2095
#1316058 10.07.2026 18:25:51 : ERR APPLICATION : Zapp:relMemCb (exec:zapp)
#1316059 10.07.2026 18:25:51 : ERR APPLICATION : Zapp:RelMem->None avail
#1316060 10.07.2026 18:25:51 : ERR DUKTAPE : JSalloc:2095
#1316061 10.07.2026 18:25:51 : ERR APPLICATION : Zapp:relMemCb (exec:zapp)
#1316062 10.07.2026 18:25:51 : ERR APPLICATION : Zapp:RelMem->None avail
#1316063 10.07.2026 18:25:51 : ERR DUKTAPE : JSalloc:2095
#1316064 10.07.2026 18:25:51 : ERR APPLICATION : Zapp:relMemCb (exec:zapp)
#1316065 10.07.2026 18:25:51 : ERR APPLICATION : Zapp:RelMem->None avail
#1316066 10.07.2026 18:25:51 : ERR DUKTAPE : JSalloc:2095
#1316067 10.07.2026 18:25:51 : ERR APPLICATION : Zapp:relMemCb (exec:zapp)
#1316068 10.07.2026 18:25:51 : ERR APPLICATION : Zapp:RelMem->None avail
#1316069 10.07.2026 18:25:51 : ERR DUKTAPE : JSalloc:2095
#1316070 10.07.2026 18:25:51 : ERR APPLICATION : evalFile: failed to eval b:/zapp/prbp4000.fea/ext90.js
#1316071 10.07.2026 18:25:52 : EVT PMIC : PMIC temp zone:0x7
#1316072 10.07.2026 18:25:52 : EVT PMIC : VBUS state is OFF
#1316073 10.07.2026 18:25:52 : EVT PMIC : Turn charge OFF since VBUS->OFF
#1316074 10.07.2026 18:25:52 : EVT WBCOMM : Route lost: ECSD00000000
#1316075 10.07.2026 18:25:53 : TRC FUEL_GAUGE : Chg->0,B:5,C:14.2,V:4443,U:0,bF:100%,bC:100%
#1316076 10.07.2026 18:25:53 : EVT OHR : VBUS off
#1316077 10.07.2026 18:25:53 : EVT OHR : S:ON 0->1
#1316078 10.07.2026 18:25:53 : EVT ANALYTICS : Battery-> 1 soc:100
#1316079 10.07.2026 18:25:53 : EVT OHR : APPINIT:caps 0x1f4, 6b738616
#1316080 10.07.2026 18:25:53 : EVT <Unknown> : 1783700753434:AI@1783700753410, tz120
#1316081 10.07.2026 18:25:53 : EVT OHR : S:start 0x2123
#1316082 10.07.2026 18:25:53 : EVT <Unknown> : 1783700753441:Meas start 0x2123
#1316083 10.07.2026 18:25:53 : EVT <Unknown> : 1783700753456:PD1464, 0
#1316084 10.07.2026 18:25:53 : EVT <Unknown> : 1783700753518:GMV 20251126/1/4/0/395/46
#1316085 10.07.2026 18:25:53 : EVT <Unknown> : 1783700753772:Mi1.6.10, auth 0, hr_mode 0
#1316086 10.07.2026 18:25:54 : EVT UI_FRAMEWORK : evalFile: b:/zapp/prbp4000.fea/ext90.js from ui
#1316087 10.07.2026 18:25:54 : ERR APPLICATION : Zapp:relMemCb (exec:zapp)
#1316088 10.07.2026 18:25:54 : ERR APPLICATION : Zapp:RelMem->None avail
#1316089 10.07.2026 18:25:54 : ERR DUKTAPE : JSalloc:2095
#1316090 10.07.2026 18:25:54 : ERR APPLICATION : Zapp:relMemCb (exec:zapp)
#1316091 10.07.2026 18:25:54 : ERR APPLICATION : Zapp:RelMem->None avail
#1316092 10.07.2026 18:25:54 : ERR DUKTAPE : JSalloc:2095
#1316093 10.07.2026 18:25:54 : ERR APPLICATION : Zapp:relMemCb (exec:zapp)
#1316094 10.07.2026 18:25:54 : ERR APPLICATION : Zapp:RelMem->None avail
#1316095 10.07.2026 18:25:54 : ERR DUKTAPE : JSalloc:2095
#1316096 10.07.2026 18:25:54 : ERR APPLICATION : Zapp:relMemCb (exec:zapp)
#1316097 10.07.2026 18:25:54 : ERR APPLICATION : Zapp:RelMem->None avail
#1316098 10.07.2026 18:25:54 : ERR DUKTAPE : JSalloc:2095
#1316099 10.07.2026 18:25:54 : ERR APPLICATION : Zapp:relMemCb (exec:zapp)
#1316100 10.07.2026 18:25:54 : ERR APPLICATION : Zapp:RelMem->None avail
#1316101 10.07.2026 18:25:54 : ERR DUKTAPE : JSalloc:2095
#1316102 10.07.2026 18:25:54 : ERR APPLICATION : Zapp:relMemCb (exec:zapp)
#1316103 10.07.2026 18:25:54 : ERR APPLICATION : Zapp:RelMem->None avail
#1316104 10.07.2026 18:25:54 : ERR DUKTAPE : JSalloc:2095
#1316105 10.07.2026 18:25:54 : ERR APPLICATION : Zapp:relMemCb (exec:zapp)
#1316106 10.07.2026 18:25:54 : ERR APPLICATION : Zapp:RelMem->None avail
#1316107 10.07.2026 18:25:54 : ERR DUKTAPE : JSalloc:2095
#1316108 10.07.2026 18:25:54 : ERR APPLICATION : Zapp:relMemCb (exec:zapp)
#1316109 10.07.2026 18:25:54 : ERR APPLICATION : Zapp:RelMem->None avail
#1316110 10.07.2026 18:25:54 : ERR DUKTAPE : JSalloc:2095
#1316111 10.07.2026 18:25:54 : ERR APPLICATION : Zapp:relMemCb (exec:zapp)
#1316112 10.07.2026 18:25:54 : ERR APPLICATION : Zapp:RelMem->None avail
#1316113 10.07.2026 18:25:54 : ERR DUKTAPE : JSalloc:2095
#1316114 10.07.2026 18:25:54 : ERR APPLICATION : Zapp:relMemCb (exec:zapp)
#1316115 10.07.2026 18:25:54 : ERR APPLICATION : Zapp:RelMem->None avail
#1316116 10.07.2026 18:25:54 : ERR DUKTAPE : JSalloc:2095
#1316117 10.07.2026 18:25:54 : ERR APPLICATION : Zapp:relMemCb (exec:zapp)
#1316118 10.07.2026 18:25:54 : ERR APPLICATION : Zapp:RelMem->None avail
#1316119 10.07.2026 18:25:54 : ERR DUKTAPE : JSalloc:2095
#1316120 10.07.2026 18:25:54 : ERR APPLICATION : evalFile: failed to eval b:/zapp/prbp4000.fea/ext90.js
#1316121 10.07.2026 18:25:54 : EVT <Unknown> : 1783700754023:On Skin Set.
#1316122 10.07.2026 18:25:57 : EVT UI_FRAMEWORK : evalFile: b:/zapp/prbp4000.fea/ext90.js from ui
#1316123 10.07.2026 18:25:57 : ERR APPLICATION : Zapp:relMemCb (exec:zapp)
#1316124 10.07.2026 18:25:57 : ERR APPLICATION : Zapp:RelMem->None avail
#1316125 10.07.2026 18:25:57 : ERR DUKTAPE : JSalloc:2095
#1316126 10.07.2026 18:25:57 : ERR APPLICATION : Zapp:relMemCb (exec:zapp)
#1316127 10.07.2026 18:25:57 : ERR APPLICATION : Zapp:RelMem->None avail
#1316128 10.07.2026 18:25:57 : ERR DUKTAPE : JSalloc:2095
#1316129 10.07.2026 18:25:57 : ERR APPLICATION : Zapp:relMemCb (exec:zapp)
#1316130 10.07.2026 18:25:57 : ERR APPLICATION : Zapp:RelMem->None avail
#1316131 10.07.2026 18:25:57 : ERR DUKTAPE : JSalloc:2095
#1316132 10.07.2026 18:25:57 : ERR APPLICATION : Zapp:relMemCb (exec:zapp)
#1316133 10.07.2026 18:25:57 : ERR APPLICATION : Zapp:RelMem->None avail
#1316134 10.07.2026 18:25:57 : ERR DUKTAPE : JSalloc:2095
#1316135 10.07.2026 18:25:57 : ERR APPLICATION : Zapp:relMemCb (exec:zapp)
#1316136 10.07.2026 18:25:57 : ERR APPLICATION : Zapp:RelMem->None avail
#1316137 10.07.2026 18:25:57 : ERR DUKTAPE : JSalloc:2095
#1316138 10.07.2026 18:25:57 : ERR APPLICATION : Zapp:relMemCb (exec:zapp)
#1316139 10.07.2026 18:25:57 : ERR APPLICATION : Zapp:RelMem->None avail
#1316140 10.07.2026 18:25:57 : ERR DUKTAPE : JSalloc:2095
#1316141 10.07.2026 18:25:57 : ERR APPLICATION : Zapp:relMemCb (exec:zapp)
#1316142 10.07.2026 18:25:57 : ERR APPLICATION : Zapp:RelMem->None avail
#1316143 10.07.2026 18:25:57 : ERR DUKTAPE : JSalloc:2095
#1316144 10.07.2026 18:25:57 : ERR APPLICATION : Zapp:relMemCb (exec:zapp)
#1316145 10.07.2026 18:25:57 : ERR APPLICATION : Zapp:RelMem->None avail
#1316146 10.07.2026 18:25:57 : ERR DUKTAPE : JSalloc:2095
#1316147 10.07.2026 18:25:57 : ERR APPLICATION : Zapp:relMemCb (exec:zapp)
#1316148 10.07.2026 18:25:57 : ERR APPLICATION : Zapp:RelMem->None avail
#1316149 10.07.2026 18:25:57 : ERR DUKTAPE : JSalloc:2095
#1316150 10.07.2026 18:25:57 : ERR APPLICATION : Zapp:relMemCb (exec:zapp)
#1316151 10.07.2026 18:25:57 : ERR APPLICATION : Zapp:RelMem->None avail
#1316152 10.07.2026 18:25:57 : ERR DUKTAPE : JSalloc:2095
#1316153 10.07.2026 18:25:57 : ERR APPLICATION : Zapp:relMemCb (exec:zapp)
#1316154 10.07.2026 18:25:57 : ERR APPLICATION : Zapp:RelMem->None avail
#1316155 10.07.2026 18:25:57 : ERR DUKTAPE : JSalloc:2095
#1316156 10.07.2026 18:25:57 : ERR APPLICATION : evalFile: failed to eval b:/zapp/prbp4000.fea/ext90.js
#1316157 10.07.2026 18:25:58 : ERR <Unknown> : 1783700758037:Mi invalid call:100,code:0.
#1316158 10.07.2026 18:26:00 : EVT UI_FRAMEWORK : evalFile: b:/zapp/prbp4000.fea/ext90.js from ui
#1316159 10.07.2026 18:26:00 : ERR APPLICATION : Zapp:relMemCb (exec:zapp)
#1316160 10.07.2026 18:26:00 : ERR APPLICATION : Zapp:RelMem->None avail
#1316161 10.07.2026 18:26:00 : ERR DUKTAPE : JSalloc:2095
#1316162 10.07.2026 18:26:00 : ERR APPLICATION : Zapp:relMemCb (exec:zapp)
#1316163 10.07.2026 18:26:00 : ERR APPLICATION : Zapp:RelMem->None avail
#1316164 10.07.2026 18:26:00 : ERR DUKTAPE : JSalloc:2095
#1316165 10.07.2026 18:26:00 : ERR APPLICATION : Zapp:relMemCb (exec:zapp)
#1316166 10.07.2026 18:26:00 : ERR APPLICATION : Zapp:RelMem->None avail
#1316167 10.07.2026 18:26:00 : ERR DUKTAPE : JSalloc:2095
#1316168 10.07.2026 18:26:00 : ERR APPLICATION : Zapp:relMemCb (exec:zapp)
#1316169 10.07.2026 18:26:00 : ERR APPLICATION : Zapp:RelMem->None avail
#1316170 10.07.2026 18:26:00 : ERR DUKTAPE : JSalloc:2095
#1316171 10.07.2026 18:26:00 : ERR APPLICATION : Zapp:relMemCb (exec:zapp)
#1316172 10.07.2026 18:26:00 : ERR APPLICATION : Zapp:RelMem->None avail
#1316173 10.07.2026 18:26:00 : ERR DUKTAPE : JSalloc:2095
#1316174 10.07.2026 18:26:00 : ERR APPLICATION : Zapp:relMemCb (exec:zapp)
#1316175 10.07.2026 18:26:00 : ERR APPLICATION : Zapp:RelMem->None avail
#1316176 10.07.2026 18:26:00 : ERR DUKTAPE : JSalloc:2095
#1316177 10.07.2026 18:26:00 : ERR APPLICATION : Zapp:relMemCb (exec:zapp)
#1316178 10.07.2026 18:26:00 : ERR APPLICATION : Zapp:RelMem->None avail
#1316179 10.07.2026 18:26:00 : ERR DUKTAPE : JSalloc:2095
#1316180 10.07.2026 18:26:00 : ERR APPLICATION : Zapp:relMemCb (exec:zapp)
#1316181 10.07.2026 18:26:00 : ERR APPLICATION : Zapp:RelMem->None avail
#1316182 10.07.2026 18:26:00 : ERR DUKTAPE : JSalloc:2095
#1316183 10.07.2026 18:26:00 : ERR APPLICATION : Zapp:relMemCb (exec:zapp)
#1316184 10.07.2026 18:26:00 : ERR APPLICATION : Zapp:RelMem->None avail
#1316185 10.07.2026 18:26:00 : ERR DUKTAPE : JSalloc:2095
#1316186 10.07.2026 18:26:00 : ERR APPLICATION : Zapp:relMemCb (exec:zapp)
#1316187 10.07.2026 18:26:00 : ERR APPLICATION : Zapp:RelMem->None avail
#1316188 10.07.2026 18:26:00 : ERR DUKTAPE : JSalloc:2095
#1316189 10.07.2026 18:26:00 : ERR APPLICATION : Zapp:relMemCb (exec:zapp)
#1316190 10.07.2026 18:26:00 : ERR APPLICATION : Zapp:RelMem->None avail
#1316191 10.07.2026 18:26:00 : ERR DUKTAPE : JSalloc:2095
#1316192 10.07.2026 18:26:00 : ERR APPLICATION : evalFile: failed to eval b:/zapp/prbp4000.fea/ext90.js
#1316193 10.07.2026 18:26:00 : EVT <Unknown> : 1783700760456:Off Skin Set.
#1316194 10.07.2026 18:26:01 : EVT PMIC : VBUS state is ON
#1316195 10.07.2026 18:26:01 : EVT PMIC : chgCntl1:0x70
#1316196 10.07.2026 18:26:01 : EVT PMIC : check chgCntl1:0x74
#1316197 10.07.2026 18:26:01 : EVT PMIC : Turn charge ON since VBUS->ON
#1316198 10.07.2026 18:26:01 : EVT PMIC : PMIC temp zone:0x2
#1316199 10.07.2026 18:26:01 : EVT PMIC : PMIC Fast-charge constant cur
#1316200 10.07.2026 18:26:01 : EVT OHR : VBUS on
#1316201 10.07.2026 18:26:01 : EVT OHR : S:stop 23
#1316202 10.07.2026 18:26:01 : TRC APPLICATION : Notification queue max 2
#1316203 10.07.2026 18:26:01 : EVT <Unknown> : 1783700761258:Meas stop 0x2123
#1316204 10.07.2026 18:26:01 : WRN <Unknown> : 1783700761259:FSM EVT STOP.
#1316205 10.07.2026 18:26:01 : EVT OHR : S:OFF 1->0
#1316206 10.07.2026 18:26:02 : EVT PMIC : PMIC temp zone:0x7
#1316207 10.07.2026 18:26:02 : EVT PMIC : VBUS state is OFF
#1316208 10.07.2026 18:26:02 : EVT PMIC : Turn charge OFF since VBUS->OFF
#1316209 10.07.2026 18:26:02 : EVT OHR : VBUS off
#1316210 10.07.2026 18:26:02 : EVT OHR : S:ON 0->1
#1316211 10.07.2026 18:26:02 : EVT OHR : APPINIT:caps 0x1f4, 6b738616
#1316212 10.07.2026 18:26:02 : EVT <Unknown> : 1783700762495:AI@1783700762470, tz120
#1316213 10.07.2026 18:26:02 : EVT OHR : S:start 0x2123
#1316214 10.07.2026 18:26:02 : EVT <Unknown> : 1783700762502:Meas start 0x2123
#1316215 10.07.2026 18:26:02 : EVT <Unknown> : 1783700762517:PD1464, 0
#1316216 10.07.2026 18:26:02 : EVT <Unknown> : 1783700762577:GMV 20251126/1/4/0/395/46
#1316217 10.07.2026 18:26:02 : EVT <Unknown> : 1783700762831:Mi1.6.10, auth 0, hr_mode 0
#1316218 10.07.2026 18:26:03 : EVT <Unknown> : 1783700763082:On Skin Set.
#1316219 10.07.2026 18:26:03 : EVT UI_FRAMEWORK : evalFile: b:/zapp/prbp4000.fea/ext90.js from ui
#1316220 10.07.2026 18:26:03 : ERR APPLICATION : Zapp:relMemCb (exec:zapp)
#1316221 10.07.2026 18:26:03 : ERR APPLICATION : Zapp:RelMem->None avail
#1316222 10.07.2026 18:26:03 : ERR DUKTAPE : JSalloc:2095
#1316223 10.07.2026 18:26:03 : ERR APPLICATION : Zapp:relMemCb (exec:zapp)
#1316224 10.07.2026 18:26:03 : ERR APPLICATION : Zapp:RelMem->None avail
#1316225 10.07.2026 18:26:03 : ERR DUKTAPE : JSalloc:2095
#1316226 10.07.2026 18:26:03 : ERR APPLICATION : Zapp:relMemCb (exec:zapp)
#1316227 10.07.2026 18:26:03 : ERR APPLICATION : Zapp:RelMem->None avail
#1316228 10.07.2026 18:26:03 : ERR DUKTAPE : JSalloc:2095
#1316229 10.07.2026 18:26:03 : ERR APPLICATION : Zapp:relMemCb (exec:zapp)
#1316230 10.07.2026 18:26:03 : ERR APPLICATION : Zapp:RelMem->None avail
#1316231 10.07.2026 18:26:03 : ERR DUKTAPE : JSalloc:2095
#1316232 10.07.2026 18:26:03 : ERR APPLICATION : Zapp:relMemCb (exec:zapp)
#1316233 10.07.2026 18:26:03 : ERR APPLICATION : Zapp:RelMem->None avail
#1316234 10.07.2026 18:26:03 : ERR DUKTAPE : JSalloc:2095
#1316235 10.07.2026 18:26:03 : ERR APPLICATION : Zapp:relMemCb (exec:zapp)
#1316236 10.07.2026 18:26:03 : ERR APPLICATION : Zapp:RelMem->None avail
#1316237 10.07.2026 18:26:03 : ERR DUKTAPE : JSalloc:2095
#1316238 10.07.2026 18:26:03 : ERR APPLICATION : Zapp:relMemCb (exec:zapp)
#1316239 10.07.2026 18:26:03 : ERR APPLICATION : Zapp:RelMem->None avail
#1316240 10.07.2026 18:26:03 : ERR DUKTAPE : JSalloc:2095
#1316241 10.07.2026 18:26:03 : ERR APPLICATION : Zapp:relMemCb (exec:zapp)
#1316242 10.07.2026 18:26:03 : ERR APPLICATION : Zapp:RelMem->None avail
#1316243 10.07.2026 18:26:03 : ERR DUKTAPE : JSalloc:2095
#1316244 10.07.2026 18:26:03 : ERR APPLICATION : Zapp:relMemCb (exec:zapp)
#1316245 10.07.2026 18:26:03 : ERR APPLICATION : Zapp:RelMem->None avail
#1316246 10.07.2026 18:26:03 : ERR DUKTAPE : JSalloc:2095
#1316247 10.07.2026 18:26:03 : ERR APPLICATION : Zapp:relMemCb (exec:zapp)
#1316248 10.07.2026 18:26:03 : ERR APPLICATION : Zapp:RelMem->None avail
#1316249 10.07.2026 18:26:03 : ERR DUKTAPE : JSalloc:2095
#1316250 10.07.2026 18:26:03 : ERR APPLICATION : Zapp:relMemCb (exec:zapp)
#1316251 10.07.2026 18:26:03 : ERR APPLICATION : Zapp:RelMem->None avail
#1316252 10.07.2026 18:26:03 : ERR DUKTAPE : JSalloc:2095
#1316253 10.07.2026 18:26:03 : ERR APPLICATION : evalFile: failed to eval b:/zapp/prbp4000.fea/ext90.js
#1316254 10.07.2026 18:26:06 : EVT UI_FRAMEWORK : evalFile: b:/zapp/prbp4000.fea/ext90.js from ui
#1316255 10.07.2026 18:26:06 : ERR APPLICATION : Zapp:relMemCb (exec:zapp)
#1316256 10.07.2026 18:26:06 : ERR APPLICATION : Zapp:RelMem->None avail
#1316257 10.07.2026 18:26:06 : ERR DUKTAPE : JSalloc:2095
#1316258 10.07.2026 18:26:06 : ERR APPLICATION : Zapp:relMemCb (exec:zapp)
#1316259 10.07.2026 18:26:06 : ERR APPLICATION : Zapp:RelMem->None avail
#1316260 10.07.2026 18:26:06 : ERR DUKTAPE : JSalloc:2095
#1316261 10.07.2026 18:26:06 : ERR APPLICATION : Zapp:relMemCb (exec:zapp)
#1316262 10.07.2026 18:26:06 : ERR APPLICATION : Zapp:RelMem->None avail
#1316263 10.07.2026 18:26:06 : ERR DUKTAPE : JSalloc:2095
#1316264 10.07.2026 18:26:06 : ERR APPLICATION : Zapp:relMemCb (exec:zapp)
#1316265 10.07.2026 18:26:06 : ERR APPLICATION : Zapp:RelMem->None avail
#1316266 10.07.2026 18:26:06 : ERR DUKTAPE : JSalloc:2095
#1316267 10.07.2026 18:26:06 : ERR APPLICATION : Zapp:relMemCb (exec:zapp)
#1316268 10.07.2026 18:26:06 : ERR APPLICATION : Zapp:RelMem->None avail
#1316269 10.07.2026 18:26:06 : ERR DUKTAPE : JSalloc:2095
#1316270 10.07.2026 18:26:06 : ERR APPLICATION : Zapp:relMemCb (exec:zapp)
#1316271 10.07.2026 18:26:06 : ERR APPLICATION : Zapp:RelMem->None avail
#1316272 10.07.2026 18:26:06 : ERR DUKTAPE : JSalloc:2095
#1316273 10.07.2026 18:26:06 : ERR APPLICATION : Zapp:relMemCb (exec:zapp)
#1316274 10.07.2026 18:26:06 : ERR APPLICATION : Zapp:RelMem->None avail
#1316275 10.07.2026 18:26:06 : ERR DUKTAPE : JSalloc:2095
#1316276 10.07.2026 18:26:06 : ERR APPLICATION : Zapp:relMemCb (exec:zapp)
#1316277 10.07.2026 18:26:06 : ERR APPLICATION : Zapp:RelMem->None avail
#1316278 10.07.2026 18:26:06 : ERR DUKTAPE : JSalloc:2095
#1316279 10.07.2026 18:26:06 : ERR APPLICATION : Zapp:relMemCb (exec:zapp)
#1316280 10.07.2026 18:26:06 : ERR APPLICATION : Zapp:RelMem->None avail
#1316281 10.07.2026 18:26:06 : ERR DUKTAPE : JSalloc:2095
#1316282 10.07.2026 18:26:06 : ERR APPLICATION : Zapp:relMemCb (exec:zapp)
#1316283 10.07.2026 18:26:06 : ERR APPLICATION : Zapp:RelMem->None avail
#1316284 10.07.2026 18:26:06 : ERR DUKTAPE : JSalloc:2095
#1316285 10.07.2026 18:26:06 : ERR APPLICATION : Zapp:relMemCb (exec:zapp)
#1316286 10.07.2026 18:26:06 : ERR APPLICATION : Zapp:RelMem->None avail
#1316287 10.07.2026 18:26:06 : ERR DUKTAPE : JSalloc:2095
#1316288 10.07.2026 18:26:06 : ERR APPLICATION : evalFile: failed to eval b:/zapp/prbp4000.fea/ext90.js
#1316289 10.07.2026 18:26:07 : ERR <Unknown> : 1783700767097:Mi invalid call:100,code:0.
#1316290 10.07.2026 18:26:09 : EVT UI_FRAMEWORK : evalFile: b:/zapp/prbp4000.fea/ext90.js from ui
#1316291 10.07.2026 18:26:09 : ERR APPLICATION : Zapp:relMemCb (exec:zapp)
#1316292 10.07.2026 18:26:09 : ERR APPLICATION : Zapp:RelMem->None avail
#1316293 10.07.2026 18:26:09 : ERR DUKTAPE : JSalloc:2095
#1316294 10.07.2026 18:26:09 : ERR APPLICATION : Zapp:relMemCb (exec:zapp)
#1316295 10.07.2026 18:26:09 : ERR APPLICATION : Zapp:RelMem->None avail
#1316296 10.07.2026 18:26:09 : ERR DUKTAPE : JSalloc:2095
#1316297 10.07.2026 18:26:09 : ERR APPLICATION : Zapp:relMemCb (exec:zapp)
#1316298 10.07.2026 18:26:09 : ERR APPLICATION : Zapp:RelMem->None avail
#1316299 10.07.2026 18:26:09 : ERR DUKTAPE : JSalloc:2095
#1316300 10.07.2026 18:26:09 : ERR APPLICATION : Zapp:relMemCb (exec:zapp)
#1316301 10.07.2026 18:26:09 : ERR APPLICATION : Zapp:RelMem->None avail
#1316302 10.07.2026 18:26:09 : ERR DUKTAPE : JSalloc:2095
#1316303 10.07.2026 18:26:09 : ERR APPLICATION : Zapp:relMemCb (exec:zapp)
#1316304 10.07.2026 18:26:09 : ERR APPLICATION : Zapp:RelMem->None avail
#1316305 10.07.2026 18:26:09 : ERR DUKTAPE : JSalloc:2095
#1316306 10.07.2026 18:26:09 : ERR APPLICATION : Zapp:relMemCb (exec:zapp)
#1316307 10.07.2026 18:26:09 : ERR APPLICATION : Zapp:RelMem->None avail
#1316308 10.07.2026 18:26:09 : ERR DUKTAPE : JSalloc:2095
#1316309 10.07.2026 18:26:09 : ERR APPLICATION : Zapp:relMemCb (exec:zapp)
#1316310 10.07.2026 18:26:09 : ERR APPLICATION : Zapp:RelMem->None avail
#1316311 10.07.2026 18:26:09 : ERR DUKTAPE : JSalloc:2095
#1316312 10.07.2026 18:26:09 : ERR APPLICATION : Zapp:relMemCb (exec:zapp)
#1316313 10.07.2026 18:26:09 : ERR APPLICATION : Zapp:RelMem->None avail
#1316314 10.07.2026 18:26:09 : ERR DUKTAPE : JSalloc:2095
#1316315 10.07.2026 18:26:09 : ERR APPLICATION : Zapp:relMemCb (exec:zapp)
#1316316 10.07.2026 18:26:09 : ERR APPLICATION : Zapp:RelMem->None avail
#1316317 10.07.2026 18:26:09 : ERR DUKTAPE : JSalloc:2095
#1316318 10.07.2026 18:26:09 : ERR APPLICATION : Zapp:relMemCb (exec:zapp)
#1316319 10.07.2026 18:26:09 : ERR APPLICATION : Zapp:RelMem->None avail
#1316320 10.07.2026 18:26:09 : ERR DUKTAPE : JSalloc:2095
#1316321 10.07.2026 18:26:09 : ERR APPLICATION : Zapp:relMemCb (exec:zapp)
#1316322 10.07.2026 18:26:09 : ERR APPLICATION : Zapp:RelMem->None avail
#1316323 10.07.2026 18:26:09 : ERR DUKTAPE : JSalloc:2095
#1316324 10.07.2026 18:26:09 : ERR APPLICATION : evalFile: failed to eval b:/zapp/prbp4000.fea/ext90.js
#1316325 10.07.2026 18:26:12 : EVT UI_FRAMEWORK : evalFile: b:/zapp/prbp4000.fea/ext90.js from ui
#1316326 10.07.2026 18:26:12 : ERR APPLICATION : Zapp:relMemCb (exec:zapp)
#1316327 10.07.2026 18:26:12 : ERR APPLICATION : Zapp:RelMem->None avail
#1316328 10.07.2026 18:26:12 : ERR DUKTAPE : JSalloc:2095
#1316329 10.07.2026 18:26:12 : ERR APPLICATION : Zapp:relMemCb (exec:zapp)
#1316330 10.07.2026 18:26:12 : ERR APPLICATION : Zapp:RelMem->None avail
#1316331 10.07.2026 18:26:12 : ERR DUKTAPE : JSalloc:2095
#1316332 10.07.2026 18:26:12 : ERR APPLICATION : Zapp:relMemCb (exec:zapp)
#1316333 10.07.2026 18:26:12 : ERR APPLICATION : Zapp:RelMem->None avail
#1316334 10.07.2026 18:26:12 : ERR DUKTAPE : JSalloc:2095
#1316335 10.07.2026 18:26:12 : ERR APPLICATION : Zapp:relMemCb (exec:zapp)
#1316336 10.07.2026 18:26:12 : ERR APPLICATION : Zapp:RelMem->None avail
#1316337 10.07.2026 18:26:12 : ERR DUKTAPE : JSalloc:2095
#1316338 10.07.2026 18:26:12 : ERR APPLICATION : Zapp:relMemCb (exec:zapp)
#1316339 10.07.2026 18:26:12 : ERR APPLICATION : Zapp:RelMem->None avail
#1316340 10.07.2026 18:26:12 : ERR DUKTAPE : JSalloc:2095
#1316341 10.07.2026 18:26:12 : ERR APPLICATION : Zapp:relMemCb (exec:zapp)
#1316342 10.07.2026 18:26:12 : ERR APPLICATION : Zapp:RelMem->None avail
#1316343 10.07.2026 18:26:12 : ERR DUKTAPE : JSalloc:2095
#1316344 10.07.2026 18:26:12 : ERR APPLICATION : Zapp:relMemCb (exec:zapp)
#1316345 10.07.2026 18:26:12 : ERR APPLICATION : Zapp:RelMem->None avail
#1316346 10.07.2026 18:26:12 : ERR DUKTAPE : JSalloc:2095
#1316347 10.07.2026 18:26:12 : ERR APPLICATION : Zapp:relMemCb (exec:zapp)
#1316348 10.07.2026 18:26:12 : ERR APPLICATION : Zapp:RelMem->None avail
#1316349 10.07.2026 18:26:12 : ERR DUKTAPE : JSalloc:2095
#1316350 10.07.2026 18:26:12 : ERR APPLICATION : Zapp:relMemCb (exec:zapp)
#1316351 10.07.2026 18:26:12 : ERR APPLICATION : Zapp:RelMem->None avail
#1316352 10.07.2026 18:26:12 : ERR DUKTAPE : JSalloc:2095
#1316353 10.07.2026 18:26:12 : ERR APPLICATION : Zapp:relMemCb (exec:zapp)
#1316354 10.07.2026 18:26:12 : ERR APPLICATION : Zapp:RelMem->None avail
#1316355 10.07.2026 18:26:12 : ERR DUKTAPE : JSalloc:2095
#1316356 10.07.2026 18:26:12 : ERR APPLICATION : Zapp:relMemCb (exec:zapp)
#1316357 10.07.2026 18:26:12 : ERR APPLICATION : Zapp:RelMem->None avail
#1316358 10.07.2026 18:26:12 : ERR DUKTAPE : JSalloc:2095
#1316359 10.07.2026 18:26:12 : ERR APPLICATION : evalFile: failed to eval b:/zapp/prbp4000.fea/ext90.js
#1316360 10.07.2026 18:26:18 : EVT EXT_FLASH : ExtFID 0xc2,0x25,0x39
#1316361 10.07.2026 18:26:18 : TRC APPLICATION : Start wuiapp 2.53.42 in mode 5 (asked 5 (5h))
#1316362 10.07.2026 18:26:18 : TRC APPLICATION : HwVersion: 1424B3
#1316363 10.07.2026 18:26:18 : TRC APPLICATION : BID: 8585924/09b8e246
#1316364 10.07.2026 18:26:18 : EVT ANALYTICS : #start bl:00000000 c:0001233f r:0001 s:00
#1316365 10.07.2026 18:26:18 : TRC FUEL_GAUGE : Initial batt voltage: 4432.500000 mV
#1316366 10.07.2026 18:26:18 : EVT FWUPDATE : onInputEvent 1
#1316367 10.07.2026 18:26:18 : EVT FILESYSTEM : Storage:init HccFat
#1316368 10.07.2026 18:26:18 : TRC FILESYSTEM : HCC Malloc:6304
#1316369 10.07.2026 18:26:18 : TRC FILESYSTEM : HCC init 7 cache
#1316370 10.07.2026 18:26:18 : TRC FILESYSTEM : HCC logblock daemon Init
#1316371 10.07.2026 18:26:18 : EVT FILESYSTEM : Ena eMMC vol (init)
#1316372 10.07.2026 18:26:18 : EVT FILESYSTEM : maxfh:1 30 1 c:volume0.inf
#1316373 10.07.2026 18:26:19 : EVT FILESYSTEM : maxfh:2 81 1 c:volume0.inf
#1316374 10.07.2026 18:26:19 : TRC FWUPDATE : FSS crc:3468367650[ok] sta:0 sec:65535 reb:0
#1316375 10.07.2026 18:26:19 : TRC FWUPDATE : FSS cu:8b67dbcf se:8b67dbcf in:4
#1316376 10.07.2026 18:26:23 : EVT POWER_STATE : HistoryStorage Construction
#1316377 10.07.2026 18:26:23 : TRC MAPS : Wait for req
#1316378 10.07.2026 18:26:23 : EVT <Unknown> : EXT_RTC correction 1783700783->1783700784
#1316379 10.07.2026 18:26:25 : EVT WBSTORAGE : PRELOAD_DONE Cache free:idx:20 mem:1336B
#1316380 10.07.2026 18:26:25 : EVT PRESSURE : ALPS HSPPAD143 pres sensor found
#1316381 10.07.2026 18:26:25 : EVT PRESSURE : PressCalib:Checksum not valid
#1316382 10.07.2026 18:26:25 : EVT PRESSURE : PressCalib read OK:-1.551000
#1316383 10.07.2026 18:26:25 : TRC PRESSURE : Sensor ALPS HSPPAD143 detected
#1316384 10.07.2026 18:26:25 : EVT WR_MAGN : TLI493D-W2BW HW-revision:0x9 (type 0x0)
#1316385 10.07.2026 18:26:26 : EVT PMIC : VBUS state is OFF
#1316386 10.07.2026 18:26:26 : EVT PMIC : chgCntl1:0x70
#1316387 10.07.2026 18:26:26 : EVT PMIC : check chgCntl1:0x74
#1316388 10.07.2026 18:26:26 : ERR WBMAIN : 0: app 717 Wait 0 00000000
#1316389 10.07.2026 18:26:26 : ERR WBMAIN : *1: mea 771 DPC 12 00457803
#1316390 10.07.2026 18:26:26 : ERR WBMAIN : 2: ui 7313 Wait 0 00000000
#1316391 10.07.2026 18:26:26 : EVT PMIC : PMIC temp zone:0x7
#1316392 10.07.2026 18:26:26 : EVT FUEL_GAUGE : init, force:0
#1316393 10.07.2026 18:26:27 : EVT FUEL_GAUGE : check:1 lrn_tempco reg:0x5d75, store:0x5d75 mode:0x5d75
#1316394 10.07.2026 18:26:27 : EVT OHR : SCD 1, SCDL 0, SPO2 0, HR 0, RR 0, GM 0, SRBT 0
#1316395 10.07.2026 18:26:27 : EVT OHR : S:ON 0->1
#1316396 10.07.2026 18:26:27 : TRC FUEL_GAUGE : Charging 3 Batt 1->5
#1316397 10.07.2026 18:26:27 : TRC FUEL_GAUGE : batFgLevel cur:100%, prev:75%
#1316398 10.07.2026 18:26:27 : EVT FUEL_GAUGE : Initial batt:4438 mV soc:100 %
#1316399 10.07.2026 18:26:28 : EVT FUEL_GAUGE : Charge 3 Batt 5
#1316400 10.07.2026 18:26:28 : TRC FUEL_GAUGE : Batt: 4438 mV (raw: 4424) soc: 100 %, T: 29.4 C,H:103
#1316401 10.07.2026 18:26:28 : TRC GPS : Power enabled
#1316402 10.07.2026 18:26:29 : TRC TOUCH : get ic info, chip id = 0x2390
#1316403 10.07.2026 18:26:29 : WRN OHR : Module test not passed (0x08)
#1316404 10.07.2026 18:26:29 : EVT OHR : APPINIT:caps 0x1f4, 6b738616
#1316405 10.07.2026 18:26:29 : EVT <Unknown> : 1783700789741:AI@1783700789470, tz120
#1316406 10.07.2026 18:26:30 : EVT WBSTORAGE : CACHE_DEFRAG (144->544, 7->7, 25)
#1316407 10.07.2026 18:26:30 : TRC GPS : Stat report:1
#1316408 10.07.2026 18:26:30 : EVT OHR : APP:0.9.82 BSL:0.1.4
#1316409 10.07.2026 18:26:30 : TRC GPS : @VER
#1316410 10.07.2026 18:26:30 : TRC GPS : Ver:v00.204
#1316411 10.07.2026 18:26:30 : EVT OHR : S:OFF 1->0
#1316412 10.07.2026 18:26:30 : TRC GPS : @CEPA
#1316413 10.07.2026 18:26:30 : TRC GPS : LLE GP:1007 QZ:1007 GL:1007 GA:1007 BE:1007
#1316414 10.07.2026 18:26:30 : TRC GPS : Power disabled
#1316415 10.07.2026 18:26:30 : EVT ALTIFUSION : Init AltiBaro
#1316416 10.07.2026 18:26:30 : EVT TRAININGLAB : TLab:Change mode 0->0
#1316417 10.07.2026 18:26:31 : TRC MAPS : UIResourceLoader::initModule()
#1316418 10.07.2026 18:26:31 : EVT GOMORE : GoMore Update User Info
#1316419 10.07.2026 18:26:31 : EVT GOMORE : AuthSdk Code:0
#1316420 10.07.2026 18:26:31 : EVT TRAININGZONE : Init done
#1316421 10.07.2026 18:26:31 : EVT GPS : LocationProviderImpl:sub Passive
#1316422 10.07.2026 18:26:31 : TRC GPS : Full GNSS data subd l:0 c:80160010
#1316423 10.07.2026 18:26:31 : EVT WBSTORAGE : CACHE_DEFRAG (0->832, 18->18, 25)
#1316424 10.07.2026 18:26:31 : WRN WBAPI : eID-69b7b8(99/19200): 403
#1316425 10.07.2026 18:26:31 : EVT WBSTORAGE : CACHE_DEFRAG (752->1136, 24->24, 25)
#1316426 10.07.2026 18:26:31 : TRC NAVIGATION : CG: no climb WP
#1316427 10.07.2026 18:26:31 : TRC NAVIGATION : CG:init ZoomType=0
#1316428 10.07.2026 18:26:31 : EVT NAVIGATION : initSeg Idx=0 D=1 T=0 3-0-4
#1316429 10.07.2026 18:26:31 : WRN WBAPI : eID-6952d0(99/773): 403
#1316430 10.07.2026 18:26:31 : EVT WBSTORAGE : CACHE_DEFRAG (1064->1080, 24->24, 25)
#1316431 10.07.2026 18:26:32 : EVT <Unknown> : init, c 0 0 0
#1316432 10.07.2026 18:26:32 : EVT WBSTORAGE : CACHE_DEFRAG (992->1016, 24->24, 25)
#1316433 10.07.2026 18:26:32 : EVT OHR : Found CP file 204
#1316434 10.07.2026 18:26:32 : EVT GOMORE : PD-f OK, sz 1464, H 0x0
#1316435 10.07.2026 18:26:32 : EVT GPS : GpsTimeSynchronizer:sub Best
#1316436 10.07.2026 18:26:32 : TRC GPS : Basic GNSS data subd l:15 c:80460010
#1316437 10.07.2026 18:26:32 : EVT FILESYSTEM : maxfh:3 1202 2 storage/ac100d90/data.jsn
#1316438 10.07.2026 18:26:32 : TRC GPS : Power enabled
#1316439 10.07.2026 18:26:33 : EVT ANALYTICS : SleepQ:Tracking:On
#1316440 10.07.2026 18:26:33 : EVT SLEEP : Discard possible sleep
#1316441 10.07.2026 18:26:33 : EVT SLEEP : No sleep ongoing, ineffective discard call
#1316442 10.07.2026 18:26:34 : TRC GPS : Stat report:1
#1316443 10.07.2026 18:26:34 : TRC GPS : GNS setting 0x1fcb
#1316444 10.07.2026 18:26:34 : TRC GPS : @GSR
#1316445 10.07.2026 18:26:34 : TRC GPS : Done:GSR
#1316446 10.07.2026 18:26:34 : EVT FILESYSTEM : maxfh:4 1243 1 sleepln/sstages.bin
#1316447 10.07.2026 18:26:34 : EVT SLEEP : GMSLEEP:Last stg 2 dur 120 start at 1783658280000
#1316448 10.07.2026 18:26:35 : EVT TRAININGLAB : TLab:Change mode 0->2
#1316449 10.07.2026 18:26:35 : EVT TRAININGLAB : TLab:Mode::userInfo 60, 200, 1, 37, 182, 950, 1990
#1316450 10.07.2026 18:26:35 : EVT TRAININGLAB : ModeUnsub:0000
#1316451 10.07.2026 18:26:35 : EVT TRAININGLAB : ModeSub:0400
#1316452 10.07.2026 18:26:35 : EVT OHR : S:ON 0->1
#1316453 10.07.2026 18:26:35 : EVT TRAININGLAB : Stress enabled
#1316454 10.07.2026 18:26:35 : TRC APPLICATION : 247: Day 0 1783634400 1042
#1316455 10.07.2026 18:26:35 : TRC APPLICATION : 247: Day 1 1783548000 3710
#1316456 10.07.2026 18:26:35 : TRC APPLICATION : 247: Day 2 1783461600 1531
#1316457 10.07.2026 18:26:35 : TRC APPLICATION : 247: Day 3 1783375200 1338
#1316458 10.07.2026 18:26:35 : TRC APPLICATION : 247: Day 4 1783288800 102
#1316459 10.07.2026 18:26:35 : TRC APPLICATION : 247: Day 5 1783202400 0
#1316460 10.07.2026 18:26:35 : TRC APPLICATION : 247: Day 6 1783116000 0
#1316461 10.07.2026 18:26:35 : TRC APPLICATION : 247: Restore counters
#1316462 10.07.2026 18:26:35 : EVT WBSTORAGE : CACHE_DEFRAG (984->1000, 24->24, 25)
#1316463 10.07.2026 18:26:35 : EVT OHR : APPINIT:caps 0x1f4, 6b738616
#1316464 10.07.2026 18:26:35 : EVT NFC : Init NFC card enabled: 0
#1316465 10.07.2026 18:26:35 : EVT <Unknown> : 1783700795654:AI@1783700795630, tz120
#1316466 10.07.2026 18:26:35 : EVT APPLICATION : ExGui clid:805d
#1316467 10.07.2026 18:26:35 : EVT OHR : S:start 0x2123
#1316468 10.07.2026 18:26:36 : EVT APPLICATION : Int clid:8068
#1316469 10.07.2026 18:26:36 : EVT <Unknown> : 1783700796115:Meas start 0x2123
#1316470 10.07.2026 18:26:36 : EVT ANALYTICS : analytics enabled!
#1316471 10.07.2026 18:26:36 : EVT ANALYTICS : Battery-> 0 soc:0
#1316472 10.07.2026 18:26:36 : TRC FUEL_GAUGE : Chg->0,B:5,C:-17.4,V:4438,U:0,bF:100%,bC:100%
#1316473 10.07.2026 18:26:36 : EVT <Unknown> : 1783700796155:PD1464, 0
#1316474 10.07.2026 18:26:36 : EVT <Unknown> : 1783700796471:Mi1.6.10, auth 0, hr_mode 0
#1316475 10.07.2026 18:26:36 : WRN WBAPI : eID-691c70(396/15112): 429
#1316476 10.07.2026 18:26:36 : EVT <Unknown> : 1783700796723:On Skin Set.
#1316477 10.07.2026 18:26:36 : TRC BLE : PT settings cmd failed (429)
#1316478 10.07.2026 18:26:36 : WRN BLE : BLE Link 4D00F000 Disc (--E-:00:0)
#1316479 10.07.2026 18:26:36 : EVT WBSTORAGE : CACHE_DEFRAG (984->992, 24->24, 25)
#1316480 10.07.2026 18:26:36 : EVT APPLICATION : Zapp prv clid:32876
#1316481 10.07.2026 18:26:37 : EVT APPLICATION : Zapp Eng clid:32877
#1316482 10.07.2026 18:26:37 : EVT APPLICATION : Guide clid:32883
#1316483 10.07.2026 18:26:37 : TRC MAPS : UIResourceLoader::startModule()
#1316484 10.07.2026 18:26:37 : WRN WBAPI : eID-6977d0(396/33304): 429
#1316485 10.07.2026 18:26:37 : EVT WBSTORAGE : CACHE_DEFRAG (928->952, 24->24, 25)
#1316486 10.07.2026 18:26:37 : EVT WBSTORAGE : CACHE_DEFRAG (840->848, 24->24, 25)
#1316487 10.07.2026 18:26:37 : EVT WEATHER : t:495462, d:10
#1316488 10.07.2026 18:26:37 : EVT WBSTORAGE : CACHE_DEFRAG (736->744, 24->24, 25)
#1316489 10.07.2026 18:26:37 : EVT ANALYTICS : Weather sync ok d:0 f:0
#1316490 10.07.2026 18:26:37 : EVT WEATHER : t:495462, d:10
#1316491 10.07.2026 18:26:37 : EVT ANALYTICS : synced city:Zollikon
#1316492 10.07.2026 18:26:37 : WRN POWER_STATE : rewr:0 fbf:0 ii:13125 cmss:524292 cin:16384
#1316493 10.07.2026 18:26:37 : EVT OHR : S:start 0x2123
#1316494 10.07.2026 18:26:37 : EVT WBSTORAGE : CACHE_DEFRAG (680->688, 24->24, 25)
#1316495 10.07.2026 18:26:37 : EVT WBSTORAGE : CACHE_DEFRAG (608->616, 24->24, 25)
#1316496 10.07.2026 18:26:37 : EVT WBSTORAGE : CACHE_DEFRAG (552->576, 24->24, 25)
#1316497 10.07.2026 18:26:37 : EVT WBSTORAGE : CACHE_DEFRAG (336->344, 24->24, 25)
#1316498 10.07.2026 18:26:37 : EVT <Unknown> : Off-wrist det:on
#1316499 10.07.2026 18:26:37 : WRN WBAPI : eID-6935e8(99/42169): 403
#1316500 10.07.2026 18:26:38 : WRN WBAPI : eID-693fd4(99/48128): 403
#1316501 10.07.2026 18:26:38 : EVT <Unknown> : 1783700797602:Meas start 0x2123
#1316502 10.07.2026 18:26:38 : EVT <Unknown> : Update pres sampl intrvl:1
#1316503 10.07.2026 18:26:38 : EVT ANALYTICS : #heap h:10688 l:10640
#1316504 10.07.2026 18:26:38 : EVT ALTIFUSION : AltiBaroMode:2
#1316505 10.07.2026 18:26:39 : WRN WBAPI : eID-691468(277): /Dive/DesaturationTimes 404
#1316506 10.07.2026 18:26:39 : WRN WBAPI : eID-691468(277): /Dive/Statistics/ScubaSurfaceTime 404
#1316507 10.07.2026 18:26:39 : ERR WBMAIN : *0: app 1291 Event 7 8042037d
#1316508 10.07.2026 18:26:39 : ERR WBMAIN : 1: mea 227 Wait 0 00000000
#1316509 10.07.2026 18:26:39 : ERR WBMAIN : 2: ui 1294 DPC 1 004b17f1
#1316510 10.07.2026 18:26:39 : EVT ALTIFUSION : AltiBaroMode:2
#1316511 10.07.2026 18:26:39 : EVT SPEEDFUSION : INFO # IDLE mode(-1) set
#1316512 10.07.2026 18:26:39 : EVT UI_FRAMEWORK : UI cache reset
#1316513 10.07.2026 18:26:40 : EVT OHR : No HR update, invalidate by timer
#1316514 10.07.2026 18:26:40 : EVT OHR : MI CpData OK
#1316515 10.07.2026 18:26:40 : ERR WBMAIN : 0: app 995 Event 12 6c1b805e
#1316516 10.07.2026 18:26:40 : ERR WBMAIN : *0: app 996 Event 12 6c1b805e
#1316517 10.07.2026 18:26:40 : ERR WBMAIN : 1: mea 476 Wait 0 00000000
#1316518 10.07.2026 18:26:40 : ERR WBMAIN : 1: mea 477 Wait 0 00000000
#1316519 10.07.2026 18:26:40 : ERR WBMAIN : *2: ui 2635 DPC 1 004b17f1
#1316520 10.07.2026 18:26:40 : ERR WBMAIN : 2: ui 2636 DPC 1 004b17f1
#1316521 10.07.2026 18:26:41 : ERR <Unknown> : 1783700800813:Mi invalid call:100,code:0.
#1316522 10.07.2026 18:26:41 : EVT ANALYTICS : Battery-> 1 soc:100
#1316523 10.07.2026 18:26:42 : EVT UI_FRAMEWORK : JS Widgets: kept=20 added=0
#1316524 10.07.2026 18:26:42 : EVT BRIGHTNESS : Custom state pwr:[3,-1] bri:[1.00,-1.00]
#1316525 10.07.2026 18:26:43 : EVT <Unknown> : 1783700802257:GMV 20251126/1/4/0/395/46
#1316526 10.07.2026 18:26:43 : EVT APPLICATION : Zapp zwc05901:Load script
#1316527 10.07.2026 18:26:43 : EVT APPLICATION : Zapp zwc05901:Enable
#1316528 10.07.2026 18:26:43 : EVT ANALYTICS : Zapp enabled i:3 h:ddb248f2 n:zwc05901 v:124f
#1316529 10.07.2026 18:26:43 : ERR WBMAIN : *0: app 850 Event 37 80995320
#1316530 10.07.2026 18:26:43 : ERR WBMAIN : 1: mea 3 Wait 0 00000000
#1316531 10.07.2026 18:26:43 : ERR WBMAIN : 2: ui 0 Proc 0 00000000
#1316532 10.07.2026 18:26:43 : EVT BLE : PT 2 items loaded
#1316533 10.07.2026 18:26:43 : EVT UI_FRAMEWORK : JS startup ready
#1316534 10.07.2026 18:26:43 : WRN BLE : BLE_CONTROL:1,0,0
#1316535 10.07.2026 18:26:43 : EVT BLE : State DISABLED->OFF
#1316536 10.07.2026 18:26:43 : EVT BLE : State OFF->START
#1316537 10.07.2026 18:26:43 : EVT BLE : APP 3.0.54/01F7/1.2.10
#1316538 10.07.2026 18:26:43 : EVT BLE : State START->ON
#1316539 10.07.2026 18:26:43 : TRC BLE : BLE Link Restore 4D00F000 (L-Ep:00:0)
#1316540 10.07.2026 18:26:43 : WRN BLE : sendConnect 61440
#1316541 10.07.2026 18:26:43 : EVT ANALYTICS : BLE-COMM SHWM 190 (01)
#1316542 10.07.2026 18:26:44 : EVT BRIGHTNESS : Custom state pwr:[-1,-1] bri:[-1.00,-1.00]
#1316543 10.07.2026 18:26:44 : EVT WBSTORAGE : CACHE_DEFRAG (280->592, 24->24, 25)
#1316544 10.07.2026 18:26:44 : WRN WBAPI : eID-691468(277): /Weather/Current/ValidWeatherData.temp 
#1316545 10.07.2026 18:26:46 : EVT WBSTORAGE : CACHE_DEFRAG (464->544, 24->24, 25)
#1316546 10.07.2026 18:26:50 : EVT WBSTORAGE : CACHE_DEFRAG (456->824, 24->24, 25)
#1316547 10.07.2026 18:26:50 : EVT WBSTORAGE : CACHE_DEFRAG (800->808, 24->24, 25)
#1316548 10.07.2026 18:26:50 : EVT WBSTORAGE : CACHE_DEFRAG (792->800, 24->24, 25)
#1316549 10.07.2026 18:26:50 : EVT WBSTORAGE : CACHE_DEFRAG (784->792, 24->24, 25)
#1316550 10.07.2026 18:26:51 : TRC NAVIGATION : CG: no climb WP
#1316551 10.07.2026 18:26:51 : TRC NAVIGATION : CG:init ZoomType=0
#1316552 10.07.2026 18:26:51 : EVT NAVIGATION : initSeg Idx=0 D=1 T=0 3-0-4
#1316553 10.07.2026 18:26:51 : EVT WBSTORAGE : CACHE_DEFRAG (776->968, 24->24, 25)
#1316554 10.07.2026 18:26:51 : EVT ALTIFUSION : AltiBaroMode:0
#1316555 10.07.2026 18:26:51 : EVT APPLICATION : Zapp zwc05901:Disable
#1316556 10.07.2026 18:26:51 : EVT ANALYTICS : Zapp disabled i:3 h:ddb248f2 n:Vector classic
#1316557 10.07.2026 18:26:51 : EVT ANALYTICS : SleepQ:Tracking:On
#1316558 10.07.2026 18:26:51 : EVT ALTIFUSION : AltiBaroMode:0
#1316559 10.07.2026 18:26:51 : EVT WBSTORAGE : CACHE_DEFRAG (944->952, 24->24, 25)
#1316560 10.07.2026 18:26:51 : EVT UI_FRAMEWORK : JS nsto enable zapp: zzwethen
#1316561 10.07.2026 18:26:51 : EVT UI_FRAMEWORK : JS nsto enable zapp: zzmoveen
#1316562 10.07.2026 18:26:51 : EVT UI_FRAMEWORK : JS nsto enable zapp: prbp4000
#1316563 10.07.2026 18:26:51 : EVT APPLICATION : Zapp zzwethen:Load script
#1316564 10.07.2026 18:26:51 : EVT APPLICATION : Zapp zzwethen:Enable
#1316565 10.07.2026 18:26:51 : EVT ANALYTICS : Zapp enabled i:8 h:3f77f8ec n:zzwethen v:ade
#1316566 10.07.2026 18:26:51 : EVT APPLICATION : Zapp clid:32878
#1316567 10.07.2026 18:26:51 : EVT APPLICATION : Zapp zzmoveen:Load script
#1316568 10.07.2026 18:26:51 : EVT APPLICATION : Zapp zzmoveen:Enable
#1316569 10.07.2026 18:26:51 : EVT ANALYTICS : Zapp enabled i:6 h:7aac0887 n:zzmoveen v:8e0
#1316570 10.07.2026 18:26:51 : EVT UI_FRAMEWORK : evalFile: b:/zapp/zzmoveen.fea/ext1.js from ui
#1316571 10.07.2026 18:26:51 : EVT APPLICATION : Zapp clid:32879
#1316572 10.07.2026 18:26:51 : EVT APPLICATION : Zapp prbp4000:Load script
#1316573 10.07.2026 18:26:51 : EVT APPLICATION : Zapp prbp4000:Enable
#1316574 10.07.2026 18:26:51 : EVT ANALYTICS : Zapp enabled i:20 h:3b1dca41 n:prbp4000 v:1.0
#1316575 10.07.2026 18:26:52 : EVT APPLICATION : Zapp clid:32880
#1316576 10.07.2026 18:26:52 : EVT UI_FRAMEWORK : JS nsto all zapps enabled.
#1316577 10.07.2026 18:26:52 : EVT OHR : new HR update
#1316578 10.07.2026 18:26:52 : EVT UI_FRAMEWORK : JS Prestart Activity Id: 16.000
#1316579 10.07.2026 18:26:52 : EVT GOMORE : GoMore Update User Info
#1316580 10.07.2026 18:26:52 : EVT WBSTORAGE : CACHE_DEFRAG (904->912, 24->24, 25)
#1316581 10.07.2026 18:26:52 : WRN WBAPI : eID-691468(277): /Dive/Alarms/Acknowledge 404
#1316582 10.07.2026 18:26:52 : WRN WBAPI : eID-691468(277): /Dive/DiveGases 404
#1316583 10.07.2026 18:26:52 : WRN WBAPI : eID-691468(277): /Dive/Gauge/Next 404
#1316584 10.07.2026 18:26:52 : EVT WBSTORAGE : CACHE_DEFRAG (840->848, 24->24, 25)
#1316585 10.07.2026 18:26:52 : EVT WBSTORAGE : CACHE_DEFRAG (776->784, 24->24, 25)
#1316586 10.07.2026 18:26:52 : EVT BLE : BLE Sensor Link 4800180D Conn (--E-:00:1)
#1316587 10.07.2026 18:26:52 : WRN BLE : sendConnect 6157
#1316588 10.07.2026 18:26:53 : EVT GPS : LocationProviderImpl:sub Best
#1316589 10.07.2026 18:26:53 : TRC GPS : Full GNSS data subd l:15 c:80160010
#1316590 10.07.2026 18:26:53 : WRN WBAPI : eID-691468(277): /Dive/TankPressure/Alarm/Count 404
#1316591 10.07.2026 18:26:53 : EVT SPEEDFUSION : INFO # start speed fusion
#1316592 10.07.2026 18:26:53 : EVT SPEEDFUSION : Act:16,Acc:0,BPod:0,FPod:0,PPod:0,BeltPod:1
#1316593 10.07.2026 18:26:53 : EVT SPEEDFUSION : INFO # Start algo without wrist acc
#1316594 10.07.2026 18:26:53 : EVT OHR : S:start 0x21a3
#1316595 10.07.2026 18:26:54 : EVT <Unknown> : 1783700813606:Meas start 0x21a3
#1316596 10.07.2026 18:26:56 : EVT UI_FRAMEWORK : evalFile: b:/zapp/prbp4000.fea/ext90.js from ui
#1316597 10.07.2026 18:26:57 : EVT UI_FRAMEWORK : evalFile: b:/zapp/prbp4000.fea/ext91.js from ui
#1316598 10.07.2026 18:27:02 : EVT BLE : lt,scan 1
#1316599 10.07.2026 18:27:02 : WRN BLE : sendDisconnect 6157
#1316600 10.07.2026 18:27:02 : ERR BLE : [AURA]No filters left, stopping scan
#1316601 10.07.2026 18:27:02 : ERR BLE : [AURA]Filter with handle 72 not found
#1316602 10.07.2026 18:27:02 : EVT BLE : packet 0 sensor found count 1
#1316603 10.07.2026 18:27:02 : EVT BLE : packet 0 sensor found count 2
#1316604 10.07.2026 18:27:03 : EVT ANALYTICS : #FusHr src:2 time:10724
#1316605 10.07.2026 18:27:07 : EVT APPLICATION : Zapp prbp4000:Disable
#1316606 10.07.2026 18:27:07 : EVT ANALYTICS : Zapp disabled i:20 h:3b1dca41 n:PrbP4
#1316607 10.07.2026 18:27:07 : EVT WBSTORAGE : CACHE_DEFRAG (704->712, 24->24, 25)
#1316608 10.07.2026 18:27:14 : EVT APPLICATION : Zapp prbp4100:Load script
#1316609 10.07.2026 18:27:14 : EVT APPLICATION : Zapp prbp4100:Enable
#1316610 10.07.2026 18:27:14 : EVT ANALYTICS : Zapp enabled i:21 h:351b8258 n:prbp4100 v:1.0
#1316611 10.07.2026 18:27:14 : EVT APPLICATION : Zapp clid:32880
#1316612 10.07.2026 18:27:18 : EVT UI_FRAMEWORK : evalFile: b:/zapp/prbp4100.fea/ext90.js from ui
#1316613 10.07.2026 18:27:18 : EVT APPLICATION : Zapp prbp4100:Disable
#1316614 10.07.2026 18:27:18 : EVT ANALYTICS : Zapp disabled i:21 h:351b8258 n:PrbP4b
#1316615 10.07.2026 18:27:20 : EVT APPLICATION : Zapp prbp4100:Load script
#1316616 10.07.2026 18:27:20 : EVT APPLICATION : Zapp prbp4100:Enable
#1316617 10.07.2026 18:27:20 : EVT ANALYTICS : Zapp enabled i:21 h:351b8258 n:prbp4100 v:1.0
#1316618 10.07.2026 18:27:20 : EVT APPLICATION : Zapp clid:32880
#1316619 10.07.2026 18:27:21 : EVT APPLICATION : Zapp prbp4100:Disable
#1316620 10.07.2026 18:27:21 : EVT ANALYTICS : Zapp disabled i:21 h:351b8258 n:PrbP4b
#1316621 10.07.2026 18:27:22 : EVT APPLICATION : Zapp prbp4100:Load script
#1316622 10.07.2026 18:27:22 : EVT APPLICATION : Zapp prbp4100:Enable
#1316623 10.07.2026 18:27:22 : EVT ANALYTICS : Zapp enabled i:21 h:351b8258 n:prbp4100 v:1.0
#1316624 10.07.2026 18:27:22 : EVT APPLICATION : Zapp clid:32880
#1316625 10.07.2026 18:27:23 : EVT APPLICATION : Zapp prbp4100:Disable
#1316626 10.07.2026 18:27:23 : EVT ANALYTICS : Zapp disabled i:21 h:351b8258 n:PrbP4b
#1316627 10.07.2026 18:27:24 : EVT APPLICATION : Zapp prbp4100:Load script
#1316628 10.07.2026 18:27:24 : EVT APPLICATION : Zapp prbp4100:Enable
#1316629 10.07.2026 18:27:25 : EVT ANALYTICS : Zapp enabled i:21 h:351b8258 n:prbp4100 v:1.0
#1316630 10.07.2026 18:27:25 : EVT APPLICATION : Zapp clid:32880
#1316631 10.07.2026 18:27:25 : EVT APPLICATION : Zapp prbp4100:Disable
#1316632 10.07.2026 18:27:25 : EVT ANALYTICS : Zapp disabled i:21 h:351b8258 n:PrbP4b
#1316633 10.07.2026 18:27:26 : EVT APPLICATION : Zapp prbp4100:Load script
#1316634 10.07.2026 18:27:26 : EVT APPLICATION : Zapp prbp4100:Enable
#1316635 10.07.2026 18:27:26 : EVT ANALYTICS : Zapp enabled i:21 h:351b8258 n:prbp4100 v:1.0
#1316636 10.07.2026 18:27:26 : EVT APPLICATION : Zapp clid:32880
#1316637 10.07.2026 18:27:27 : EVT APPLICATION : Zapp prbp4100:Disable
#1316638 10.07.2026 18:27:28 : EVT ANALYTICS : Zapp disabled i:21 h:351b8258 n:PrbP4b
#1316639 10.07.2026 18:27:29 : EVT APPLICATION : Zapp prbp4100:Load script
#1316640 10.07.2026 18:27:29 : EVT APPLICATION : Zapp prbp4100:Enable
#1316641 10.07.2026 18:27:29 : EVT ANALYTICS : Zapp enabled i:21 h:351b8258 n:prbp4100 v:1.0
#1316642 10.07.2026 18:27:29 : EVT APPLICATION : Zapp clid:32880
#1316643 10.07.2026 18:27:33 : EVT UI_FRAMEWORK : evalFile: b:/zapp/prbp4100.fea/ext90.js from ui
#1316644 10.07.2026 18:27:34 : EVT APPLICATION : Zapp prbp4100:Disable
#1316645 10.07.2026 18:27:34 : EVT ANALYTICS : Zapp disabled i:21 h:351b8258 n:PrbP4b
#1316646 10.07.2026 18:27:34 : EVT APPLICATION : Zapp prbp4100:Load script
#1316647 10.07.2026 18:27:34 : EVT APPLICATION : Zapp prbp4100:Enable
#1316648 10.07.2026 18:27:35 : EVT ANALYTICS : Zapp enabled i:21 h:351b8258 n:prbp4100 v:1.0
#1316649 10.07.2026 18:27:35 : EVT APPLICATION : Zapp clid:32880
#1316650 10.07.2026 18:27:35 : EVT APPLICATION : Zapp prbp4100:Disable
#1316651 10.07.2026 18:27:36 : EVT ANALYTICS : Zapp disabled i:21 h:351b8258 n:PrbP4b
#1316652 10.07.2026 18:27:36 : EVT APPLICATION : Zapp prbp4100:Load script
#1316653 10.07.2026 18:27:36 : EVT APPLICATION : Zapp prbp4100:Enable
#1316654 10.07.2026 18:27:36 : EVT ANALYTICS : Zapp enabled i:21 h:351b8258 n:prbp4100 v:1.0
#1316655 10.07.2026 18:27:36 : EVT APPLICATION : Zapp clid:32880
#1316656 10.07.2026 18:27:37 : EVT APPLICATION : Zapp prbp4100:Disable
#1316657 10.07.2026 18:27:37 : EVT ANALYTICS : Zapp disabled i:21 h:351b8258 n:PrbP4b
#1316658 10.07.2026 18:27:38 : EVT APPLICATION : Zapp prbp4100:Load script
#1316659 10.07.2026 18:27:38 : EVT APPLICATION : Zapp prbp4100:Enable
#1316660 10.07.2026 18:27:38 : EVT ANALYTICS : Zapp enabled i:21 h:351b8258 n:prbp4100 v:1.0
#1316661 10.07.2026 18:27:38 : EVT APPLICATION : Zapp clid:32880
#1316662 10.07.2026 18:27:39 : EVT APPLICATION : Zapp prbp4100:Disable
#1316663 10.07.2026 18:27:39 : EVT ANALYTICS : Zapp disabled i:21 h:351b8258 n:PrbP4b
#1316664 10.07.2026 18:27:39 : EVT APPLICATION : Zapp prbp4100:Load script
#1316665 10.07.2026 18:27:39 : EVT APPLICATION : Zapp prbp4100:Enable
#1316666 10.07.2026 18:27:39 : EVT ANALYTICS : Zapp enabled i:21 h:351b8258 n:prbp4100 v:1.0
#1316667 10.07.2026 18:27:39 : EVT APPLICATION : Zapp clid:32880
#1316668 10.07.2026 18:27:40 : EVT APPLICATION : Zapp prbp4100:Disable
#1316669 10.07.2026 18:27:40 : EVT ANALYTICS : Zapp disabled i:21 h:351b8258 n:PrbP4b
#1316670 10.07.2026 18:27:40 : EVT APPLICATION : Zapp prbp4100:Load script
#1316671 10.07.2026 18:27:40 : EVT APPLICATION : Zapp prbp4100:Enable
#1316672 10.07.2026 18:27:41 : EVT ANALYTICS : Zapp enabled i:21 h:351b8258 n:prbp4100 v:1.0
#1316673 10.07.2026 18:27:41 : EVT APPLICATION : Zapp clid:32880
#1316674 10.07.2026 18:27:41 : EVT APPLICATION : Zapp prbp4100:Disable
#1316675 10.07.2026 18:27:41 : EVT ANALYTICS : Zapp disabled i:21 h:351b8258 n:PrbP4b
#1316676 10.07.2026 18:27:42 : EVT APPLICATION : Zapp prbp4100:Load script
#1316677 10.07.2026 18:27:42 : EVT APPLICATION : Zapp prbp4100:Enable
#1316678 10.07.2026 18:27:42 : EVT ANALYTICS : Zapp enabled i:21 h:351b8258 n:prbp4100 v:1.0
#1316679 10.07.2026 18:27:42 : EVT APPLICATION : Zapp clid:32880
#1316680 10.07.2026 18:27:42 : EVT APPLICATION : Zapp prbp4100:Disable
#1316681 10.07.2026 18:27:42 : EVT ANALYTICS : Zapp disabled i:21 h:351b8258 n:PrbP4b
#1316682 10.07.2026 18:27:43 : EVT APPLICATION : Zapp prbp4100:Load script
#1316683 10.07.2026 18:27:43 : EVT APPLICATION : Zapp prbp4100:Enable
#1316684 10.07.2026 18:27:43 : EVT ANALYTICS : Zapp enabled i:21 h:351b8258 n:prbp4100 v:1.0
#1316685 10.07.2026 18:27:43 : EVT APPLICATION : Zapp clid:32880
#1316686 10.07.2026 18:27:43 : EVT APPLICATION : Zapp prbp4100:Disable
#1316687 10.07.2026 18:27:43 : EVT ANALYTICS : Zapp disabled i:21 h:351b8258 n:PrbP4b
#1316688 10.07.2026 18:27:44 : EVT APPLICATION : Zapp prbp4100:Load script
#1316689 10.07.2026 18:27:44 : EVT APPLICATION : Zapp prbp4100:Enable
#1316690 10.07.2026 18:27:44 : EVT ANALYTICS : Zapp enabled i:21 h:351b8258 n:prbp4100 v:1.0
#1316691 10.07.2026 18:27:44 : EVT APPLICATION : Zapp clid:32880
#1316692 10.07.2026 18:27:44 : EVT APPLICATION : Zapp prbp4100:Disable
#1316693 10.07.2026 18:27:44 : EVT ANALYTICS : Zapp disabled i:21 h:351b8258 n:PrbP4b
#1316694 10.07.2026 18:27:45 : EVT APPLICATION : Zapp prbp4100:Load script
#1316695 10.07.2026 18:27:45 : EVT APPLICATION : Zapp prbp4100:Enable
#1316696 10.07.2026 18:27:45 : EVT ANALYTICS : Zapp enabled i:21 h:351b8258 n:prbp4100 v:1.0
#1316697 10.07.2026 18:27:45 : EVT APPLICATION : Zapp clid:32880
#1316698 10.07.2026 18:27:45 : EVT APPLICATION : Zapp prbp4100:Disable
#1316699 10.07.2026 18:27:45 : EVT ANALYTICS : Zapp disabled i:21 h:351b8258 n:PrbP4b
#1316700 10.07.2026 18:27:46 : EVT APPLICATION : Zapp prbp4100:Load script
#1316701 10.07.2026 18:27:46 : EVT APPLICATION : Zapp prbp4100:Enable
#1316702 10.07.2026 18:27:46 : EVT ANALYTICS : Zapp enabled i:21 h:351b8258 n:prbp4100 v:1.0
#1316703 10.07.2026 18:27:46 : EVT APPLICATION : Zapp clid:32880
#1316704 10.07.2026 18:27:46 : EVT APPLICATION : Zapp prbp4100:Disable
#1316705 10.07.2026 18:27:46 : EVT ANALYTICS : Zapp disabled i:21 h:351b8258 n:PrbP4b
#1316706 10.07.2026 18:27:47 : EVT APPLICATION : Zapp prbp4100:Load script
#1316707 10.07.2026 18:27:47 : EVT APPLICATION : Zapp prbp4100:Enable
#1316708 10.07.2026 18:27:47 : EVT ANALYTICS : Zapp enabled i:21 h:351b8258 n:prbp4100 v:1.0
#1316709 10.07.2026 18:27:47 : EVT APPLICATION : Zapp clid:32880
#1316710 10.07.2026 18:27:47 : EVT APPLICATION : Zapp prbp4100:Disable
#1316711 10.07.2026 18:27:47 : EVT ANALYTICS : Zapp disabled i:21 h:351b8258 n:PrbP4b
#1316712 10.07.2026 18:27:48 : EVT APPLICATION : Zapp prbp4100:Load script
#1316713 10.07.2026 18:27:48 : EVT APPLICATION : Zapp prbp4100:Enable
#1316714 10.07.2026 18:27:48 : EVT ANALYTICS : Zapp enabled i:21 h:351b8258 n:prbp4100 v:1.0
#1316715 10.07.2026 18:27:48 : EVT APPLICATION : Zapp clid:32880
#1316716 10.07.2026 18:27:49 : EVT APPLICATION : Zapp prbp4100:Disable
#1316717 10.07.2026 18:27:49 : EVT ANALYTICS : Zapp disabled i:21 h:351b8258 n:PrbP4b
#1316718 10.07.2026 18:27:49 : EVT APPLICATION : Zapp prbp4100:Load script
#1316719 10.07.2026 18:27:49 : EVT APPLICATION : Zapp prbp4100:Enable
#1316720 10.07.2026 18:27:49 : EVT ANALYTICS : Zapp enabled i:21 h:351b8258 n:prbp4100 v:1.0
#1316721 10.07.2026 18:27:49 : EVT APPLICATION : Zapp clid:32880
#1316722 10.07.2026 18:27:50 : EVT APPLICATION : Zapp prbp4100:Disable
#1316723 10.07.2026 18:27:50 : EVT ANALYTICS : Zapp disabled i:21 h:351b8258 n:PrbP4b
#1316724 10.07.2026 18:27:50 : EVT APPLICATION : Zapp prbp4100:Load script
#1316725 10.07.2026 18:27:50 : EVT APPLICATION : Zapp prbp4100:Enable
#1316726 10.07.2026 18:27:50 : EVT ANALYTICS : Zapp enabled i:21 h:351b8258 n:prbp4100 v:1.0
#1316727 10.07.2026 18:27:50 : EVT APPLICATION : Zapp clid:32880
#1316728 10.07.2026 18:27:51 : EVT APPLICATION : Zapp prbp4100:Disable
#1316729 10.07.2026 18:27:51 : EVT ANALYTICS : Zapp disabled i:21 h:351b8258 n:PrbP4b
#1316730 10.07.2026 18:27:51 : EVT APPLICATION : Zapp prbp4100:Load script
#1316731 10.07.2026 18:27:51 : EVT APPLICATION : Zapp prbp4100:Enable
#1316732 10.07.2026 18:27:51 : EVT ANALYTICS : Zapp enabled i:21 h:351b8258 n:prbp4100 v:1.0
#1316733 10.07.2026 18:27:51 : EVT APPLICATION : Zapp clid:32880
#1316734 10.07.2026 18:27:52 : EVT APPLICATION : Zapp prbp4100:Disable
#1316735 10.07.2026 18:27:52 : EVT ANALYTICS : Zapp disabled i:21 h:351b8258 n:PrbP4b
#1316736 10.07.2026 18:27:53 : EVT APPLICATION : Zapp prbp4100:Load script
#1316737 10.07.2026 18:27:53 : EVT APPLICATION : Zapp prbp4100:Enable
#1316738 10.07.2026 18:27:53 : EVT ANALYTICS : Zapp enabled i:21 h:351b8258 n:prbp4100 v:1.0
#1316739 10.07.2026 18:27:53 : EVT APPLICATION : Zapp clid:32880
#1316740 10.07.2026 18:27:53 : EVT APPLICATION : Zapp prbp4100:Disable
#1316741 10.07.2026 18:27:53 : EVT ANALYTICS : Zapp disabled i:21 h:351b8258 n:PrbP4b
#1316742 10.07.2026 18:27:54 : EVT APPLICATION : Zapp prbp4100:Load script
#1316743 10.07.2026 18:27:54 : EVT APPLICATION : Zapp prbp4100:Enable
#1316744 10.07.2026 18:27:54 : EVT ANALYTICS : Zapp enabled i:21 h:351b8258 n:prbp4100 v:1.0
#1316745 10.07.2026 18:27:54 : EVT APPLICATION : Zapp clid:32880
#1316746 10.07.2026 18:27:55 : WRN UI_FRAMEWORK : JsTotMem 128912/133120
#1316747 10.07.2026 18:27:55 : EVT APPLICATION : Zapp prbp4100:Disable
#1316748 10.07.2026 18:27:55 : EVT ANALYTICS : Zapp disabled i:21 h:351b8258 n:PrbP4b
#1316749 10.07.2026 18:27:55 : EVT APPLICATION : Zapp prbp4100:Load script
#1316750 10.07.2026 18:27:55 : EVT APPLICATION : Zapp prbp4100:Enable
#1316751 10.07.2026 18:27:55 : EVT ANALYTICS : Zapp enabled i:21 h:351b8258 n:prbp4100 v:1.0
#1316752 10.07.2026 18:27:55 : EVT APPLICATION : Zapp clid:32880
#1316753 10.07.2026 18:27:56 : EVT APPLICATION : Zapp prbp4100:Disable
#1316754 10.07.2026 18:27:56 : EVT ANALYTICS : Zapp disabled i:21 h:351b8258 n:PrbP4b
#1316755 10.07.2026 18:27:57 : EVT APPLICATION : Zapp prbp4100:Load script
#1316756 10.07.2026 18:27:57 : EVT APPLICATION : Zapp prbp4100:Enable
#1316757 10.07.2026 18:27:57 : EVT ANALYTICS : Zapp enabled i:21 h:351b8258 n:prbp4100 v:1.0
#1316758 10.07.2026 18:27:57 : EVT APPLICATION : Zapp clid:32880
#1316759 10.07.2026 18:27:57 : EVT <Unknown> : 1783700877274:SCD DET STATE ON.
#1316760 10.07.2026 18:27:57 : EVT APPLICATION : Zapp prbp4100:Disable
#1316761 10.07.2026 18:27:57 : EVT ANALYTICS : Zapp disabled i:21 h:351b8258 n:PrbP4b
#1316762 10.07.2026 18:27:58 : EVT APPLICATION : Zapp prbp4100:Load script
#1316763 10.07.2026 18:27:58 : EVT APPLICATION : Zapp prbp4100:Enable
#1316764 10.07.2026 18:27:58 : EVT ANALYTICS : Zapp enabled i:21 h:351b8258 n:prbp4100 v:1.0
#1316765 10.07.2026 18:27:58 : EVT APPLICATION : Zapp clid:32880
#1316766 10.07.2026 18:27:58 : EVT APPLICATION : Zapp prbp4100:Disable
#1316767 10.07.2026 18:27:58 : EVT ANALYTICS : Zapp disabled i:21 h:351b8258 n:PrbP4b
#1316768 10.07.2026 18:27:59 : EVT APPLICATION : Zapp prbp4100:Load script
#1316769 10.07.2026 18:27:59 : EVT APPLICATION : Zapp prbp4100:Enable
#1316770 10.07.2026 18:27:59 : EVT ANALYTICS : Zapp enabled i:21 h:351b8258 n:prbp4100 v:1.0
#1316771 10.07.2026 18:27:59 : EVT APPLICATION : Zapp clid:32880
#1316772 10.07.2026 18:28:00 : EVT APPLICATION : Zapp prbp4100:Disable
#1316773 10.07.2026 18:28:00 : EVT ANALYTICS : Zapp disabled i:21 h:351b8258 n:PrbP4b
#1316774 10.07.2026 18:28:00 : EVT APPLICATION : Zapp prbp4100:Load script
#1316775 10.07.2026 18:28:00 : EVT APPLICATION : Zapp prbp4100:Enable
#1316776 10.07.2026 18:28:00 : EVT ANALYTICS : Zapp enabled i:21 h:351b8258 n:prbp4100 v:1.0
#1316777 10.07.2026 18:28:00 : EVT APPLICATION : Zapp clid:32880
#1316778 10.07.2026 18:28:01 : EVT APPLICATION : Zapp prbp4100:Disable
#1316779 10.07.2026 18:28:01 : EVT ANALYTICS : Zapp disabled i:21 h:351b8258 n:PrbP4b
#1316780 10.07.2026 18:28:02 : EVT APPLICATION : Zapp prbp4100:Load script
#1316781 10.07.2026 18:28:02 : EVT APPLICATION : Zapp prbp4100:Enable
#1316782 10.07.2026 18:28:02 : EVT ANALYTICS : Zapp enabled i:21 h:351b8258 n:prbp4100 v:1.0
#1316783 10.07.2026 18:28:02 : EVT APPLICATION : Zapp clid:32880
#1316784 10.07.2026 18:28:02 : EVT APPLICATION : Zapp prbp4100:Disable
#1316785 10.07.2026 18:28:02 : EVT ANALYTICS : Zapp disabled i:21 h:351b8258 n:PrbP4b
#1316786 10.07.2026 18:28:03 : EVT APPLICATION : Zapp prbp4100:Load script
#1316787 10.07.2026 18:28:03 : EVT APPLICATION : Zapp prbp4100:Enable
#1316788 10.07.2026 18:28:03 : EVT ANALYTICS : Zapp enabled i:21 h:351b8258 n:prbp4100 v:1.0
#1316789 10.07.2026 18:28:03 : EVT APPLICATION : Zapp clid:32880
#1316790 10.07.2026 18:28:03 : EVT APPLICATION : Zapp prbp4100:Disable
#1316791 10.07.2026 18:28:03 : EVT ANALYTICS : Zapp disabled i:21 h:351b8258 n:PrbP4b
#1316792 10.07.2026 18:28:04 : EVT APPLICATION : Zapp prbp4100:Load script
#1316793 10.07.2026 18:28:04 : EVT APPLICATION : Zapp prbp4100:Enable
#1316794 10.07.2026 18:28:04 : EVT ANALYTICS : Zapp enabled i:21 h:351b8258 n:prbp4100 v:1.0
#1316795 10.07.2026 18:28:04 : EVT APPLICATION : Zapp clid:32880
#1316796 10.07.2026 18:28:04 : EVT APPLICATION : Zapp prbp4100:Disable
#1316797 10.07.2026 18:28:05 : EVT ANALYTICS : Zapp disabled i:21 h:351b8258 n:PrbP4b
#1316798 10.07.2026 18:28:06 : EVT APPLICATION : Zapp prbp4100:Load script
#1316799 10.07.2026 18:28:06 : EVT APPLICATION : Zapp prbp4100:Enable
#1316800 10.07.2026 18:28:06 : EVT ANALYTICS : Zapp enabled i:21 h:351b8258 n:prbp4100 v:1.0
#1316801 10.07.2026 18:28:06 : EVT APPLICATION : Zapp clid:32880
#1316802 10.07.2026 18:28:06 : EVT APPLICATION : Zapp prbp4100:Disable
#1316803 10.07.2026 18:28:06 : EVT ANALYTICS : Zapp disabled i:21 h:351b8258 n:PrbP4b
#1316804 10.07.2026 18:28:07 : EVT APPLICATION : Zapp prbp4100:Load script
#1316805 10.07.2026 18:28:07 : EVT APPLICATION : Zapp prbp4100:Enable
#1316806 10.07.2026 18:28:07 : EVT ANALYTICS : Zapp enabled i:21 h:351b8258 n:prbp4100 v:1.0
#1316807 10.07.2026 18:28:07 : EVT APPLICATION : Zapp clid:32880
#1316808 10.07.2026 18:28:07 : EVT APPLICATION : Zapp prbp4100:Disable
#1316809 10.07.2026 18:28:07 : EVT ANALYTICS : Zapp disabled i:21 h:351b8258 n:PrbP4b
#1316810 10.07.2026 18:28:08 : EVT APPLICATION : Zapp prbp4100:Load script
#1316811 10.07.2026 18:28:08 : EVT APPLICATION : Zapp prbp4100:Enable
#1316812 10.07.2026 18:28:08 : EVT ANALYTICS : Zapp enabled i:21 h:351b8258 n:prbp4100 v:1.0
#1316813 10.07.2026 18:28:08 : EVT APPLICATION : Zapp clid:32880
#1316814 10.07.2026 18:28:09 : EVT APPLICATION : Zapp prbp4100:Disable
#1316815 10.07.2026 18:28:09 : EVT ANALYTICS : Zapp disabled i:21 h:351b8258 n:PrbP4b
#1316816 10.07.2026 18:28:09 : EVT APPLICATION : Zapp prbp4100:Load script
#1316817 10.07.2026 18:28:09 : EVT APPLICATION : Zapp prbp4100:Enable
#1316818 10.07.2026 18:28:09 : EVT ANALYTICS : Zapp enabled i:21 h:351b8258 n:prbp4100 v:1.0
#1316819 10.07.2026 18:28:09 : EVT APPLICATION : Zapp clid:32880
#1316820 10.07.2026 18:28:10 : EVT APPLICATION : Zapp prbp4100:Disable
#1316821 10.07.2026 18:28:10 : EVT ANALYTICS : Zapp disabled i:21 h:351b8258 n:PrbP4b
#1316822 10.07.2026 18:28:10 : EVT APPLICATION : Zapp prbp4100:Load script
#1316823 10.07.2026 18:28:10 : EVT APPLICATION : Zapp prbp4100:Enable
#1316824 10.07.2026 18:28:10 : EVT ANALYTICS : Zapp enabled i:21 h:351b8258 n:prbp4100 v:1.0
#1316825 10.07.2026 18:28:10 : EVT APPLICATION : Zapp clid:32880
#1316826 10.07.2026 18:28:11 : EVT APPLICATION : Zapp prbp4100:Disable
#1316827 10.07.2026 18:28:11 : EVT ANALYTICS : Zapp disabled i:21 h:351b8258 n:PrbP4b
#1316828 10.07.2026 18:28:12 : EVT APPLICATION : Zapp prbp4100:Load script
#1316829 10.07.2026 18:28:12 : EVT APPLICATION : Zapp prbp4100:Enable
#1316830 10.07.2026 18:28:12 : EVT ANALYTICS : Zapp enabled i:21 h:351b8258 n:prbp4100 v:1.0
#1316831 10.07.2026 18:28:12 : EVT APPLICATION : Zapp clid:32880
#1316832 10.07.2026 18:28:12 : EVT APPLICATION : Zapp prbp4100:Disable
#1316833 10.07.2026 18:28:12 : EVT ANALYTICS : Zapp disabled i:21 h:351b8258 n:PrbP4b
#1316834 10.07.2026 18:28:13 : EVT APPLICATION : Zapp prbp4100:Load script
#1316835 10.07.2026 18:28:13 : EVT APPLICATION : Zapp prbp4100:Enable
#1316836 10.07.2026 18:28:13 : EVT ANALYTICS : Zapp enabled i:21 h:351b8258 n:prbp4100 v:1.0
#1316837 10.07.2026 18:28:13 : EVT APPLICATION : Zapp clid:32880
#1316838 10.07.2026 18:28:13 : EVT APPLICATION : Zapp prbp4100:Disable
#1316839 10.07.2026 18:28:13 : EVT ANALYTICS : Zapp disabled i:21 h:351b8258 n:PrbP4b
#1316840 10.07.2026 18:28:14 : EVT APPLICATION : Zapp prbp4100:Load script
#1316841 10.07.2026 18:28:14 : EVT APPLICATION : Zapp prbp4100:Enable
#1316842 10.07.2026 18:28:14 : EVT ANALYTICS : Zapp enabled i:21 h:351b8258 n:prbp4100 v:1.0
#1316843 10.07.2026 18:28:14 : EVT APPLICATION : Zapp clid:32880
#1316844 10.07.2026 18:28:15 : EVT APPLICATION : Zapp prbp4100:Disable
#1316845 10.07.2026 18:28:15 : EVT ANALYTICS : Zapp disabled i:21 h:351b8258 n:PrbP4b
#1316846 10.07.2026 18:28:16 : EVT APPLICATION : Zapp prbp4100:Load script
#1316847 10.07.2026 18:28:16 : EVT APPLICATION : Zapp prbp4100:Enable
#1316848 10.07.2026 18:28:16 : EVT ANALYTICS : Zapp enabled i:21 h:351b8258 n:prbp4100 v:1.0
#1316849 10.07.2026 18:28:16 : EVT APPLICATION : Zapp clid:32880
#1316850 10.07.2026 18:28:16 : EVT APPLICATION : Zapp prbp4100:Disable
#1316851 10.07.2026 18:28:16 : EVT ANALYTICS : Zapp disabled i:21 h:351b8258 n:PrbP4b
#1316852 10.07.2026 18:28:17 : EVT APPLICATION : Zapp prbp4100:Load script
#1316853 10.07.2026 18:28:17 : EVT APPLICATION : Zapp prbp4100:Enable
#1316854 10.07.2026 18:28:17 : EVT ANALYTICS : Zapp enabled i:21 h:351b8258 n:prbp4100 v:1.0
#1316855 10.07.2026 18:28:17 : EVT APPLICATION : Zapp clid:32880
#1316856 10.07.2026 18:28:17 : EVT APPLICATION : Zapp prbp4100:Disable
#1316857 10.07.2026 18:28:18 : EVT ANALYTICS : Zapp disabled i:21 h:351b8258 n:PrbP4b
#1316858 10.07.2026 18:28:18 : EVT APPLICATION : Zapp prbp4100:Load script
#1316859 10.07.2026 18:28:18 : EVT APPLICATION : Zapp prbp4100:Enable
#1316860 10.07.2026 18:28:18 : EVT ANALYTICS : Zapp enabled i:21 h:351b8258 n:prbp4100 v:1.0
#1316861 10.07.2026 18:28:18 : EVT APPLICATION : Zapp clid:32880
#1316862 10.07.2026 18:28:19 : EVT APPLICATION : Zapp prbp4100:Disable
#1316863 10.07.2026 18:28:19 : EVT ANALYTICS : Zapp disabled i:21 h:351b8258 n:PrbP4b
#1316864 10.07.2026 18:28:19 : EVT APPLICATION : Zapp prbp4100:Load script
#1316865 10.07.2026 18:28:19 : EVT APPLICATION : Zapp prbp4100:Enable
#1316866 10.07.2026 18:28:19 : EVT ANALYTICS : Zapp enabled i:21 h:351b8258 n:prbp4100 v:1.0
#1316867 10.07.2026 18:28:19 : EVT APPLICATION : Zapp clid:32880
#1316868 10.07.2026 18:28:20 : WRN UI_FRAMEWORK : JsTotMem 131712/133120
#1316869 10.07.2026 18:28:20 : EVT APPLICATION : Zapp prbp4100:Disable
#1316870 10.07.2026 18:28:20 : ERR APPLICATION : Zapp:relMemCb (exec:zapp)
#1316871 10.07.2026 18:28:20 : EVT APPLICATION : Zapp zzwethen:Disable
#1316872 10.07.2026 18:28:20 : EVT ANALYTICS : Zapp disabled i:8 h:3f77f8ec n:Weather
#1316873 10.07.2026 18:28:20 : ERR APPLICATION : Zapp 3:RelMem->unload
#1316874 10.07.2026 18:28:20 : ERR APPLICATION : Zapp:relMemCb (exec:zapp)
#1316875 10.07.2026 18:28:20 : EVT APPLICATION : Zapp zzmoveen:Disable
#1316876 10.07.2026 18:28:20 : EVT ANALYTICS : Zapp disabled i:6 h:7aac0887 n:Movement
#1316877 10.07.2026 18:28:20 : ERR APPLICATION : Zapp 3:RelMem->unload
#1316878 10.07.2026 18:28:20 : EVT ANALYTICS : Zapp disabled i:21 h:351b8258 n:PrbP4b
#1316879 10.07.2026 18:28:20 : EVT OHR : S:start 0x2123
#1316880 10.07.2026 18:28:21 : EVT <Unknown> : 1783700900446:Meas start 0x2123
#1316881 10.07.2026 18:28:25 : EVT <Unknown> : 1783700905264:Off Skin Set.
#1316882 10.07.2026 18:28:25 : EVT PMIC : VBUS state is ON
#1316883 10.07.2026 18:28:25 : EVT PMIC : chgCntl1:0x70
#1316884 10.07.2026 18:28:25 : EVT PMIC : check chgCntl1:0x74
#1316885 10.07.2026 18:28:25 : EVT PMIC : Turn charge ON since VBUS->ON
#1316886 10.07.2026 18:28:25 : EVT PMIC : PMIC temp zone:0x2
#1316887 10.07.2026 18:28:25 : EVT PMIC : PMIC Fast-charge constant cur
#1316888 10.07.2026 18:28:25 : EVT OHR : VBUS on
#1316889 10.07.2026 18:28:25 : EVT OHR : S:stop 23
#1316890 10.07.2026 18:28:25 : EVT <Unknown> : 1783700905912:Meas stop 0x2123
#1316891 10.07.2026 18:28:25 : EVT PMIC : VBUS state is ON
#1316892 10.07.2026 18:28:26 : WRN <Unknown> : 1783700905913:FSM EVT STOP.
#1316893 10.07.2026 18:28:26 : EVT OHR : S:OFF 1->0
#1316894 10.07.2026 18:28:27 : EVT PMIC : PMIC temp zone:0x7
#1316895 10.07.2026 18:28:27 : EVT PMIC : VBUS state is OFF
#1316896 10.07.2026 18:28:27 : EVT PMIC : Turn charge OFF since VBUS->OFF
#1316897 10.07.2026 18:28:27 : EVT OHR : VBUS off
#1316898 10.07.2026 18:28:27 : EVT OHR : S:ON 0->1
#1316899 10.07.2026 18:28:27 : EVT OHR : APPINIT:caps 0x1f4, 6b738616
#1316900 10.07.2026 18:28:27 : EVT <Unknown> : 1783700907963:AI@1783700907940, tz120
#1316901 10.07.2026 18:28:27 : EVT OHR : S:start 0x2123
#1316902 10.07.2026 18:28:27 : EVT <Unknown> : 1783700907969:Meas start 0x2123
#1316903 10.07.2026 18:28:28 : EVT <Unknown> : 1783700907984:PD1464, 0
#1316904 10.07.2026 18:28:28 : EVT <Unknown> : 1783700908068:GMV 20251126/1/4/0/395/46
#1316905 10.07.2026 18:28:28 : EVT <Unknown> : 1783700908323:Mi1.6.10, auth 0, hr_mode 0
#1316906 10.07.2026 18:28:29 : EVT <Unknown> : 1783700908574:On Skin Set.
#1316907 10.07.2026 18:28:30 : EVT OHR : No HR update, invalidate by timer
#1316908 10.07.2026 18:28:32 : EVT APPLICATION : Zapp prbp4100:Load script
#1316909 10.07.2026 18:28:32 : EVT APPLICATION : Zapp prbp4100:Enable
#1316910 10.07.2026 18:28:32 : EVT ANALYTICS : Zapp enabled i:21 h:351b8258 n:prbp4100 v:1.0
#1316911 10.07.2026 18:28:32 : EVT APPLICATION : Zapp clid:32878
#1316912 10.07.2026 18:28:33 : ERR <Unknown> : 1783700912589:Mi invalid call:100,code:0.
#1316913 10.07.2026 18:28:36 : EVT APPLICATION : Zapp zzwethen:Load script
#1316914 10.07.2026 18:28:36 : EVT APPLICATION : Zapp zzwethen:Enable
#1316915 10.07.2026 18:28:36 : EVT ANALYTICS : Zapp enabled i:8 h:3f77f8ec n:zzwethen v:ade
#1316916 10.07.2026 18:28:36 : EVT APPLICATION : Zapp clid:32879
#1316917 10.07.2026 18:28:36 : EVT UI_FRAMEWORK : evalFile: b:/zapp/prbp4100.fea/ext90.js from ui
#1316918 10.07.2026 18:28:37 : EVT UI_FRAMEWORK : evalFile: b:/zapp/prbp4100.fea/ext91.js from ui
#1316919 10.07.2026 18:28:43 : EVT APPLICATION : Zapp zzmoveen:Load script
#1316920 10.07.2026 18:28:43 : EVT APPLICATION : Zapp zzmoveen:Enable
#1316921 10.07.2026 18:28:43 : EVT ANALYTICS : Zapp enabled i:6 h:7aac0887 n:zzmoveen v:8e0
#1316922 10.07.2026 18:28:43 : EVT UI_FRAMEWORK : evalFile: b:/zapp/zzmoveen.fea/ext1.js from ui
#1316923 10.07.2026 18:28:43 : EVT APPLICATION : Zapp clid:32880
#1316924 10.07.2026 18:28:44 : EVT OHR : new HR update
#1316925 10.07.2026 18:28:44 : WRN WBAPI : eID-691468(277): /Dive/TankPressure/Alarm/Count 404
#1316926 10.07.2026 18:28:44 : EVT OHR : S:start 0x21a3
#1316927 10.07.2026 18:28:45 : EVT <Unknown> : 1783700924405:Meas start 0x21a3
#1316928 10.07.2026 18:28:45 : EVT ANALYTICS : #FusHr src:2 time:0
#1316929 10.07.2026 18:28:45 : WRN WBAPI : eID-691468(277): /Dive/Alarms/Acknowledge 404
#1316930 10.07.2026 18:28:45 : EVT GPS : LocationProviderImpl:sub Passive
#1316931 10.07.2026 18:28:45 : TRC GPS : Full GNSS data subd l:0 c:80160010
#1316932 10.07.2026 18:28:45 : WRN WBAPI : eID-691468(277): /Dive/DiveGases 404
#1316933 10.07.2026 18:28:45 : WRN WBAPI : eID-691468(277): /Dive/Gauge/Next 404
#1316934 10.07.2026 18:28:45 : ERR BLE : [AURA]No filters left, stopping scan
#1316935 10.07.2026 18:28:45 : EVT TRAININGLAB : TLab:~Mode T 17400 + 28 A 3640 + 0
#1316936 10.07.2026 18:28:45 : EVT TRAININGLAB : TLab:Change mode 2->3
#1316937 10.07.2026 18:28:45 : EVT TRAININGLAB : TLab:Mode::userInfo 60, 200, 1, 37, 182, 950, 1990
#1316938 10.07.2026 18:28:45 : EVT LOGGER : Log space:30495928 bytes free
#1316939 10.07.2026 18:28:45 : EVT TRAININGLAB : ModeUnsub:2800
#1316940 10.07.2026 18:28:45 : EVT TRAININGLAB : ModeSub:9004
#1316941 10.07.2026 18:28:45 : EVT TRAININGLAB : TLab:Select input 0
#1316942 10.07.2026 18:28:45 : EVT TRAININGLAB : Tlab:HR src is 2
#1316943 10.07.2026 18:28:45 : EVT TRAININGLAB : TLab:Active input 0
#1316944 10.07.2026 18:28:45 : EVT LOGGER : Exercise started
#1316945 10.07.2026 18:28:45 : TRC GPS : Full GNSS data subd l:0 c:802b0000
#1316946 10.07.2026 18:28:46 : EVT TRAININGLAB : TLab:Active input 1
#1316947 10.07.2026 18:28:47 : EVT ANALYTICS : Battery-> 3 soc:100
#1316948 10.07.2026 18:28:47 : EVT ANALYTICS : #FusHr src:2 time:0
#1316949 10.07.2026 18:28:47 : EVT ANALYTICS : #Act id:16
#1316950 10.07.2026 18:28:47 : EVT ANALYTICS : #powersave mode:p temp:31.4
#1316951 10.07.2026 18:28:47 : EVT ANALYTICS : GPSMODE:NOTUSED
#1316952 10.07.2026 18:28:47 : EVT ANALYTICS : #gnss d:2026-07-10T00:00:00Z
#1316953 10.07.2026 18:28:47 : EVT ANALYTICS : #zapp n:PrbP4b e:1
#1316954 10.07.2026 18:28:47 : EVT ANALYTICS : #zapp n:Weather e:1
#1316955 10.07.2026 18:28:47 : EVT ANALYTICS : #zapp n:Movement e:1
#1316956 10.07.2026 18:28:52 : EVT LOGGER : LGR 934, 80
#1316957 10.07.2026 18:28:53 : EVT ANALYTICS : #ws AID:16 BM:1 NS:1 SP:3 ZN:0 TG:0 BL:0 GPS:0
#1316958 10.07.2026 18:28:53 : EVT ANALYTICS : #2ws AID:16 WHR:1 INT:0 AL:0 AP:0 FE:1 MC:1 TH:0
#1316959 10.07.2026 18:28:53 : EVT LOGGER : LGR 934, 80
#1316960 10.07.2026 18:28:55 : EVT LOGGER : LGR 934, 80
#1316961 10.07.2026 18:29:33 : EVT <Unknown> : 1783700973136:Off Skin Set.
#1316962 10.07.2026 18:29:33 : EVT LOGGER : Exercise paused
#1316963 10.07.2026 18:29:34 : EVT APPLICATION : Zapp zzmoveen:Disable
#1316964 10.07.2026 18:29:35 : EVT ANALYTICS : Zapp disabled i:6 h:7aac0887 n:Movement
#1316965 10.07.2026 18:29:35 : EVT UI_FRAMEWORK : evalFile: b:/zapp/zzmoveen.fea/ext2.js from ui
#1316966 10.07.2026 18:29:35 : EVT APPLICATION : Zapp zzwethen:Disable
#1316967 10.07.2026 18:29:35 : EVT ANALYTICS : Zapp disabled i:8 h:3f77f8ec n:Weather
#1316968 10.07.2026 18:29:35 : EVT APPLICATION : Zapp prbp4100:Disable
#1316969 10.07.2026 18:29:35 : EVT ANALYTICS : Zapp disabled i:21 h:351b8258 n:PrbP4b
#1316970 10.07.2026 18:29:35 : EVT UI_FRAMEWORK : JS discard disable zapps
#1316971 10.07.2026 18:29:35 : EVT UI_FRAMEWORK : JS will discard
#1316972 10.07.2026 18:29:35 : EVT SPEEDFUSION : INFO # stop speed fusion
#1316973 10.07.2026 18:29:35 : EVT <Unknown> : Update pres sampl intrvl:5
#1316974 10.07.2026 18:29:35 : WRN APPLICATION : discard hrr meas l:3 d:0 sh:71 mh:71 v:0
#1316975 10.07.2026 18:29:35 : WRN WBAPI : eID-698eec(583/65535): 404
#1316976 10.07.2026 18:29:35 : EVT GPS : LocationProviderImpl:sub Best
#1316977 10.07.2026 18:29:35 : TRC GPS : Full GNSS data subd l:15 c:80160010
#1316978 10.07.2026 18:29:35 : EVT TRAININGZONE : User Define Mode:5
#1316979 10.07.2026 18:29:35 : EVT TRAININGZONE : Tss HR:0.41
#1316980 10.07.2026 18:29:35 : EVT TRAININGZONE : A:16,Tss:[-200.00,-200.00,-200.00,0.41]
#1316981 10.07.2026 18:29:35 : EVT TRAININGLAB : AppFeature Vo2Max 0.000000
#1316982 10.07.2026 18:29:35 : EVT TRAININGLAB : TLab:~Mode T 17428 + 10 A 3640 + 0
#1316983 10.07.2026 18:29:35 : EVT TRAININGLAB : TLab:Change mode 3->2
#1316984 10.07.2026 18:29:35 : EVT TRAININGLAB : TLab:Mode::userInfo 60, 200, 1, 37, 182, 950, 1990
#1316985 10.07.2026 18:29:35 : EVT LOGGER : LGR 934, 80
#1316986 10.07.2026 18:29:35 : EVT TRAININGLAB : ModeUnsub:9145
#1316987 10.07.2026 18:29:35 : EVT OHR : S:start 0x2123
#1316988 10.07.2026 18:29:35 : EVT TRAININGLAB : ModeSub:0400
#1316989 10.07.2026 18:29:35 : EVT ANALYTICS : WAOae:Activity WAOae:16
#1316990 10.07.2026 18:29:35 : EVT ANALYTICS : WAOae:TotalAcc WAOae:0,0,0
#1316991 10.07.2026 18:29:35 : EVT ANALYTICS : WAOae:AccCount WAOae:0,0,0
#1316992 10.07.2026 18:29:35 : EVT ANALYTICS : WAOae:Distance WAOae:0,0,0
#1316993 10.07.2026 18:29:35 : EVT ANALYTICS : WAOae:Duration WAOae:0,0,0
#1316994 10.07.2026 18:29:35 : EVT ANALYTICS : WAOae:Coeff WAOae:0,40,240,390,773,7524,7624
#1316995 10.07.2026 18:29:35 : EVT LOGGER : Exercise stopped
#1316996 10.07.2026 18:29:35 : EVT LOGGER : HrIbiLogger stop, off (0 ms)
#1316997 10.07.2026 18:29:35 : EVT LOGGER : HrIbiLogger stopped (0 ms)
#1316998 10.07.2026 18:29:35 : TRC GPS : Unsubd c:802b0000
#1316999 10.07.2026 18:29:35 : EVT LOGGER : LGR 934, 80
#1317000 10.07.2026 18:29:35 : EVT LOGGER : LGR 934, 80
#1317001 10.07.2026 18:29:35 : EVT ANALYTICS : SleepQ:Tracking:On
#1317002 10.07.2026 18:29:35 : EVT LOGGER : Wr dpc on
#1317003 10.07.2026 18:29:35 : EVT LOGGER : LGR 20993, 56
#1317004 10.07.2026 18:29:36 : EVT <Unknown> : 1783700975251:Meas start 0x2123
#1317005 10.07.2026 18:29:36 : EVT BLE : Disconn sensor:1
#1317006 10.07.2026 18:29:36 : EVT BLE : BLE Sensor Link 4800180D Disc (L-E-:00:0)
#1317007 10.07.2026 18:29:36 : WRN BLE : sendDisconnect 6157
#1317008 10.07.2026 18:29:36 : ERR BLE : [AURA]Filter with handle 72 not found
#1317009 10.07.2026 18:29:36 : EVT UI_FRAMEWORK : JS feeling vs idle 1
#1317010 10.07.2026 18:29:36 : EVT UI_FRAMEWORK : JS feeling open ex-saving
#1317011 10.07.2026 18:29:37 : TRC NAVIGATION : CG: no climb WP
#1317012 10.07.2026 18:29:37 : TRC NAVIGATION : CG:init ZoomType=0
#1317013 10.07.2026 18:29:37 : EVT NAVIGATION : initSeg Idx=0 D=1 T=0 3-0-4
#1317014 10.07.2026 18:29:37 : EVT WBSTORAGE : CACHE_DEFRAG (648->1048, 24->24, 25)
#1317015 10.07.2026 18:29:37 : EVT SPEEDFUSION : INFO # IDLE mode(-1) set
#1317016 10.07.2026 18:29:37 : EVT ALTIFUSION : AltiBaroMode:2
#1317017 10.07.2026 18:29:37 : ERR WBMAIN : *0: app 529 Event 37 8099031c
#1317018 10.07.2026 18:29:37 : ERR WBMAIN : 1: mea 1 Event 24 8042037d
#1317019 10.07.2026 18:29:37 : ERR WBMAIN : 2: ui 2 Wait 0 00000000
#1317020 10.07.2026 18:29:37 : EVT GPS : LocationProviderImpl:sub Passive
#1317021 10.07.2026 18:29:37 : TRC GPS : Full GNSS data subd l:0 c:80160010
#1317022 10.07.2026 18:29:37 : WRN LOGGER : Delete b:logs/6A39723F
#1317023 10.07.2026 18:29:37 : EVT ANALYTICS : #powersave mode:p temp:31.7
#1317024 10.07.2026 18:29:37 : EVT ANALYTICS : Battery-> 4 soc:100
#1317025 10.07.2026 18:29:38 : EVT <Unknown> : 1783700977389:On Skin Set.
#1317026 10.07.2026 18:29:38 : EVT OHR : No HR update, invalidate by timer
#1317027 10.07.2026 18:29:39 : EVT OHR : new HR update
#1317028 10.07.2026 18:29:40 : EVT ANALYTICS : Duration ExSaving:4030
#1317029 10.07.2026 18:29:41 : EVT ANALYTICS : Duration ExSumBroker:376
#1317030 10.07.2026 18:29:47 : EVT UI_FRAMEWORK : JS delete log
#1317031 10.07.2026 18:29:48 : WRN LOGGER : Delete b:logs/6A511DBD
#1317032 10.07.2026 18:29:49 : EVT <Unknown> : 1783700988543:Off Skin Set.
#1317033 10.07.2026 18:29:50 : EVT WBSTORAGE : CACHE_DEFRAG (1024->1032, 24->24, 25)
#1317034 10.07.2026 18:29:50 : EVT APPLICATION : Zapp zwc05901:Load script
#1317035 10.07.2026 18:29:50 : EVT APPLICATION : Zapp zwc05901:Enable
#1317036 10.07.2026 18:29:50 : EVT ANALYTICS : Zapp enabled i:3 h:ddb248f2 n:zwc05901 v:124f
#1317037 10.07.2026 18:29:50 : WRN WBAPI : eID-691468(277): /Weather/Current/ValidWeatherData.temp 
#1317038 10.07.2026 18:29:51 : EVT PMIC : VBUS state is ON
#1317039 10.07.2026 18:29:51 : EVT PMIC : chgCntl1:0x70
#1317040 10.07.2026 18:29:51 : EVT PMIC : check chgCntl1:0x74
#1317041 10.07.2026 18:29:51 : EVT PMIC : Turn charge ON since VBUS->ON
#1317042 10.07.2026 18:29:51 : EVT PMIC : PMIC temp zone:0x2
#1317043 10.07.2026 18:29:51 : EVT PMIC : PMIC Fast-charge constant cur
#1317044 10.07.2026 18:29:51 : EVT OHR : VBUS on
#1317045 10.07.2026 18:29:51 : EVT OHR : S:stop 23
#1317046 10.07.2026 18:29:51 : EVT <Unknown> : 1783700991608:Meas stop 0x2123
#1317047 10.07.2026 18:29:51 : WRN <Unknown> : 1783700991609:FSM EVT STOP.
#1317048 10.07.2026 18:29:51 : EVT OHR : S:OFF 1->0
#1317049 10.07.2026 18:29:51 : EVT PMIC : PMIC temp zone:0x7
#1317050 10.07.2026 18:29:51 : EVT PMIC : VBUS state is OFF
#1317051 10.07.2026 18:29:51 : EVT PMIC : Turn charge OFF since VBUS->OFF
#1317052 10.07.2026 18:29:51 : EVT OHR : VBUS off
#1317053 10.07.2026 18:29:51 : EVT OHR : S:ON 0->1
#1317054 10.07.2026 18:29:51 : EVT PMIC : VBUS state is OFF
#1317055 10.07.2026 18:29:51 : EVT OHR : APPINIT:caps 0x1f4, 6b738616
#1317056 10.07.2026 18:29:51 : EVT <Unknown> : 1783700991984:AI@1783700991960, tz120
#1317057 10.07.2026 18:29:51 : EVT OHR : S:start 0x2123
#1317058 10.07.2026 18:29:52 : EVT <Unknown> : 1783700991990:Meas start 0x2123
#1317059 10.07.2026 18:29:52 : EVT <Unknown> : 1783700992000:PD1464, 0
#1317060 10.07.2026 18:29:52 : EVT <Unknown> : 1783700992083:GMV 20251126/1/4/0/395/46
#1317061 10.07.2026 18:29:52 : EVT <Unknown> : 1783700992336:Mi1.6.10, auth 0, hr_mode 0
#1317062 10.07.2026 18:29:53 : EVT OHR : No HR update, invalidate by timer
#1317063 10.07.2026 18:29:53 : EVT PMIC : VBUS state is ON
#1317064 10.07.2026 18:29:53 : EVT PMIC : chgCntl1:0x70
#1317065 10.07.2026 18:29:53 : EVT PMIC : check chgCntl1:0x74
#1317066 10.07.2026 18:29:53 : EVT PMIC : Turn charge ON since VBUS->ON
#1317067 10.07.2026 18:29:53 : EVT PMIC : PMIC temp zone:0x2
#1317068 10.07.2026 18:29:53 : EVT PMIC : PMIC Fast-charge constant cur
#1317069 10.07.2026 18:29:53 : EVT OHR : VBUS on
#1317070 10.07.2026 18:29:53 : EVT OHR : S:stop 23
#1317071 10.07.2026 18:29:53 : EVT <Unknown> : 1783700993142:Meas stop 0x2123
#1317072 10.07.2026 18:29:53 : WRN <Unknown> : 1783700993142:FSM EVT STOP.
#1317073 10.07.2026 18:29:53 : EVT OHR : S:OFF 1->0
#1317074 10.07.2026 18:29:53 : EVT PMIC : VBUS state is ON
#1317075 10.07.2026 18:29:53 : EVT PMIC : PMIC Maintain charge
#1317076 10.07.2026 18:30:00 : EVT SEDENTARY : stop monitoring
#1317077 10.07.2026 18:30:01 : TRC FUEL_GAUGE : Chg->1,B:5,C:1.1,V:4427,U:1,bF:100%,bC:100%
#1317078 10.07.2026 18:30:01 : EVT PMIC : PMIC Fast-charge constant cur
#1317079 10.07.2026 18:30:02 : WRN I2C : Txn tmo=100:op=TX bus=1 i2cAddr=69 sta=0x400
#1317080 10.07.2026 18:30:02 : EVT PMIC : PMIC Maintain charge
#1317081 10.07.2026 18:30:02 : EVT ANALYTICS : Battery-> 2 soc:100
#1317082 10.07.2026 18:30:02 : WRN I2C : Txn tmo=500:op=TX bus=1 i2cAddr=56 sta=0x400
#1317083 10.07.2026 18:30:02 : ERR WBMAIN : 0: app 278 Wait 0 00000000
#1317084 10.07.2026 18:30:02 : ERR WBMAIN : *1: mea 501 Event 8 80992202
#1317085 10.07.2026 18:30:02 : ERR WBMAIN : 2: ui 733 Wait 0 00000000
#1317086 10.07.2026 18:30:04 : EVT WBCOMM : P-9 connection made to ECSD00000000
#1317087 10.07.2026 18:30:04 : EVT WBCOMM : New Route: ECSD00000000
#1317088 10.07.2026 18:30:06 : EVT PMIC : PMIC Precharge
#1317089 10.07.2026 18:30:06 : EVT PMIC : PMIC Fast-charge constant cur
#1317090 10.07.2026 18:30:06 : EVT PMIC : PMIC Fast-charge constant cur
#1317091 10.07.2026 18:30:06 : EVT PMIC : PMIC Fast-charge constant cur
#1317092 10.07.2026 18:30:06 : EVT PMIC : PMIC Precharge
#1317093 10.07.2026 18:30:06 : EVT PMIC : PMIC Fast-charge constant cur
#1317094 10.07.2026 18:30:06 : EVT PMIC : PMIC Fast-charge constant cur
#1317095 10.07.2026 18:30:07 : EVT PMIC : PMIC Fast-charge constant cur
#1317096 10.07.2026 18:30:07 : EVT PMIC : PMIC Fast-charge constant cur
#1317097 10.07.2026 18:30:07 : EVT PMIC : PMIC Fast-charge constant cur
#1317098 10.07.2026 18:30:07 : EVT PMIC : PMIC Fast-charge constant cur
#1317099 10.07.2026 18:30:07 : EVT PMIC : PMIC Precharge
#1317100 10.07.2026 18:30:07 : EVT PMIC : PMIC Fast-charge constant cur
#1317101 10.07.2026 18:30:07 : EVT PMIC : PMIC Fast-charge constant cur
#1317102 10.07.2026 18:30:07 : EVT PMIC : PMIC Precharge
#1317103 10.07.2026 18:30:07 : EVT PMIC : PMIC Fast-charge constant cur
#1317104 10.07.2026 18:30:07 : EVT PMIC : PMIC Fast-charge constant cur
#1317105 10.07.2026 18:30:07 : EVT PMIC : PMIC Fast-charge constant cur
#1317106 10.07.2026 18:30:07 : EVT PMIC : PMIC Fast-charge constant cur
#1317107 10.07.2026 18:30:07 : EVT PMIC : PMIC Fast-charge constant cur
#1317108 10.07.2026 18:30:07 : EVT PMIC : PMIC Fast-charge constant cur
#1317109 10.07.2026 18:30:07 : EVT PMIC : PMIC Fast-charge constant cur
#1317110 10.07.2026 18:30:07 : EVT PMIC : PMIC Precharge
#1317111 10.07.2026 18:30:07 : EVT PMIC : PMIC Fast-charge constant cur
#1317112 10.07.2026 18:30:07 : EVT PMIC : PMIC Fast-charge constant cur
#1317113 10.07.2026 18:30:07 : EVT PMIC : PMIC Precharge
#1317114 10.07.2026 18:30:07 : EVT PMIC : PMIC Fast-charge constant cur
#1317115 10.07.2026 18:30:07 : EVT PMIC : PMIC Fast-charge constant cur
#1317116 10.07.2026 18:30:07 : EVT PMIC : PMIC Fast-charge constant cur
#1317117 10.07.2026 18:30:07 : EVT PMIC : PMIC Fast-charge constant cur
#1317118 10.07.2026 18:30:07 : EVT PMIC : PMIC Fast-charge constant cur
#1317119 10.07.2026 18:30:07 : EVT PMIC : PMIC Fast-charge constant cur
#1317120 10.07.2026 18:30:07 : EVT PMIC : PMIC Fast-charge constant cur
#1317121 10.07.2026 18:30:07 : EVT PMIC : PMIC Fast-charge constant cur
#1317122 10.07.2026 18:30:07 : EVT PMIC : PMIC Fast-charge constant cur
#1317123 10.07.2026 18:30:07 : EVT PMIC : PMIC Fast-charge constant cur
#1317124 10.07.2026 18:30:07 : EVT PMIC : PMIC Fast-charge constant cur
#1317125 10.07.2026 18:30:07 : EVT PMIC : PMIC Fast-charge constant cur
#1317126 10.07.2026 18:30:07 : EVT PMIC : PMIC Fast-charge constant cur
#1317127 10.07.2026 18:30:07 : EVT PMIC : PMIC Fast-charge constant cur
#1317128 10.07.2026 18:30:07 : EVT PMIC : PMIC Fast-charge constant cur
#1317129 10.07.2026 18:30:07 : EVT PMIC : PMIC Fast-charge constant cur
#1317130 10.07.2026 18:30:07 : EVT PMIC : PMIC Fast-charge constant cur
#1317131 10.07.2026 18:30:07 : EVT PMIC : PMIC Fast-charge constant cur
#1317132 10.07.2026 18:30:07 : EVT PMIC : PMIC Fast-charge constant cur
#1317133 10.07.2026 18:30:07 : EVT PMIC : PMIC Precharge
#1317134 10.07.2026 18:30:07 : EVT PMIC : PMIC Fast-charge constant cur
#1317135 10.07.2026 18:30:07 : EVT PMIC : PMIC Fast-charge constant cur
#1317136 10.07.2026 18:30:07 : EVT PMIC : PMIC Fast-charge constant cur
#1317137 10.07.2026 18:30:07 : EVT PMIC : PMIC Fast-charge constant cur
#1317138 10.07.2026 18:30:07 : EVT PMIC : PMIC Precharge
#1317139 10.07.2026 18:30:07 : EVT PMIC : PMIC Fast-charge constant cur
#1317140 10.07.2026 18:30:07 : EVT PMIC : PMIC Fast-charge constant cur
#1317141 10.07.2026 18:30:07 : EVT PMIC : PMIC Fast-charge constant cur
#1317142 10.07.2026 18:30:07 : EVT PMIC : PMIC Fast-charge constant cur
#1317143 10.07.2026 18:30:07 : EVT PMIC : PMIC Fast-charge constant cur
#1317144 10.07.2026 18:30:07 : EVT PMIC : PMIC Fast-charge constant cur
#1317145 10.07.2026 18:30:07 : ERR WBMAIN : *0: app 993 Event 36 80005310
#1317146 10.07.2026 18:30:07 : ERR WBMAIN : 1: mea 7 Wait 0 00000000
#1317147 10.07.2026 18:30:07 : ERR WBMAIN : 2: ui 889 Wait 0 00000000
#1317148 10.07.2026 18:30:07 : EVT PMIC : PMIC Precharge
#1317149 10.07.2026 18:30:07 : EVT PMIC : PMIC Fast-charge constant cur
#1317150 10.07.2026 18:30:07 : EVT PMIC : PMIC Fast-charge constant cur
#1317151 10.07.2026 18:30:07 : EVT PMIC : PMIC Fast-charge constant cur
#1317152 10.07.2026 18:30:08 : EVT PMIC : PMIC Precharge
#1317153 10.07.2026 18:30:08 : EVT PMIC : PMIC Fast-charge constant cur
#1317154 10.07.2026 18:30:08 : EVT PMIC : PMIC Precharge
#1317155 10.07.2026 18:30:08 : EVT PMIC : PMIC Fast-charge constant cur
#1317156 10.07.2026 18:30:08 : EVT PMIC : PMIC Fast-charge constant cur
#1317157 10.07.2026 18:30:08 : EVT PMIC : PMIC Precharge
#1317158 10.07.2026 18:30:08 : EVT PMIC : PMIC Fast-charge constant cur
#1317159 10.07.2026 18:30:08 : EVT PMIC : PMIC Fast-charge constant cur
#1317160 10.07.2026 18:30:08 : EVT PMIC : PMIC Fast-charge constant cur
#1317161 10.07.2026 18:30:08 : EVT PMIC : PMIC Fast-charge constant cur
#1317162 10.07.2026 18:30:08 : EVT PMIC : PMIC Fast-charge constant cur
#1317163 10.07.2026 18:30:08 : EVT PMIC : PMIC Fast-charge constant cur
#1317164 10.07.2026 18:30:08 : EVT PMIC : PMIC Fast-charge constant cur
#1317165 10.07.2026 18:30:08 : EVT PMIC : PMIC Fast-charge constant cur
#1317166 10.07.2026 18:30:08 : EVT PMIC : PMIC Maintain charge
#1317167 10.07.2026 18:30:08 : EVT PMIC : PMIC Fast-charge constant cur
#1317168 10.07.2026 18:30:08 : EVT PMIC : PMIC Fast-charge constant cur
#1317169 10.07.2026 18:30:08 : EVT PMIC : PMIC Fast-charge constant cur
#1317170 10.07.2026 18:30:08 : EVT PMIC : PMIC Fast-charge constant cur
#1317171 10.07.2026 18:30:08 : EVT PMIC : PMIC Fast-charge constant cur
#1317172 10.07.2026 18:30:08 : EVT PMIC : PMIC Precharge
#1317173 10.07.2026 18:30:08 : EVT PMIC : PMIC Fast-charge constant cur
#1317174 10.07.2026 18:30:08 : EVT PMIC : PMIC Fast-charge constant cur
#1317175 10.07.2026 18:30:08 : EVT PMIC : PMIC Fast-charge constant cur
#1317176 10.07.2026 18:30:08 : ERR WBMAIN : *0: app 733 Event 36 80005310
#1317177 10.07.2026 18:30:08 : ERR WBMAIN : 1: mea 68 Wait 0 00000000
#1317178 10.07.2026 18:30:08 : ERR WBMAIN : 2: ui 627 Wait 0 00000000
#1317179 10.07.2026 18:30:08 : EVT WBSTORAGE : CACHE_DEFRAG (904->912, 24->24, 25)
#1317180 10.07.2026 18:30:08 : EVT WBSTORAGE : CACHE_DEFRAG (880->888, 24->24, 25)
#1317181 10.07.2026 18:30:08 : EVT WBSTORAGE : CACHE_DEFRAG (840->848, 24->24, 25)
#1317182 10.07.2026 18:30:08 : EVT <Unknown> : DL Region List
#1317183 10.07.2026 18:30:08 : EVT WIFI : Pwr up
#1317184 10.07.2026 18:30:08 : EVT PMIC : PMIC Precharge
#1317185 10.07.2026 18:30:08 : EVT PMIC : PMIC Fast-charge constant cur
#1317186 10.07.2026 18:30:08 : EVT PMIC : PMIC Fast-charge constant cur
#1317187 10.07.2026 18:30:08 : EVT PMIC : PMIC Fast-charge constant cur
#1317188 10.07.2026 18:30:08 : EVT PMIC : PMIC Fast-charge constant cur
#1317189 10.07.2026 18:30:08 : EVT PMIC : PMIC Fast-charge constant cur
#1317190 10.07.2026 18:30:08 : EVT PMIC : PMIC Fast-charge constant cur
#1317191 10.07.2026 18:30:08 : EVT PMIC : PMIC Fast-charge constant cur
#1317192 10.07.2026 18:30:08 : EVT PMIC : PMIC Precharge
#1317193 10.07.2026 18:30:08 : EVT PMIC : PMIC Fast-charge constant cur
#1317194 10.07.2026 18:30:08 : EVT PMIC : PMIC Fast-charge constant cur
#1317195 10.07.2026 18:30:08 : EVT PMIC : PMIC Fast-charge constant cur
#1317196 10.07.2026 18:30:08 : EVT PMIC : PMIC Fast-charge constant cur
#1317197 10.07.2026 18:30:08 : EVT PMIC : PMIC Precharge
#1317198 10.07.2026 18:30:08 : EVT PMIC : PMIC Fast-charge constant cur
#1317199 10.07.2026 18:30:08 : EVT PMIC : PMIC Fast-charge constant cur
#1317200 10.07.2026 18:30:08 : EVT PMIC : PMIC Fast-charge constant cur
#1317201 10.07.2026 18:30:08 : EVT PMIC : PMIC Fast-charge constant cur
#1317202 10.07.2026 18:30:08 : EVT PMIC : PMIC Fast-charge constant cur
#1317203 10.07.2026 18:30:08 : EVT PMIC : PMIC Fast-charge constant cur
#1317204 10.07.2026 18:30:09 : EVT PMIC : PMIC Fast-charge constant cur
#1317205 10.07.2026 18:30:09 : EVT PMIC : PMIC Fast-charge constant cur
#1317206 10.07.2026 18:30:09 : EVT PMIC : PMIC Fast-charge constant cur
#1317207 10.07.2026 18:30:09 : EVT PMIC : PMIC Fast-charge constant cur
#1317208 10.07.2026 18:30:09 : EVT PMIC : PMIC Fast-charge constant cur
#1317209 10.07.2026 18:30:09 : EVT PMIC : PMIC Fast-charge constant voltage
#1317210 10.07.2026 18:30:09 : EVT PMIC : PMIC Fast-charge constant cur
#1317211 10.07.2026 18:30:09 : EVT PMIC : PMIC Fast-charge constant cur
#1317212 10.07.2026 18:30:09 : EVT PMIC : PMIC Fast-charge constant cur
#1317213 10.07.2026 18:30:09 : EVT PMIC : PMIC Fast-charge constant cur
#1317214 10.07.2026 18:30:09 : EVT PMIC : PMIC Fast-charge constant cur
#1317215 10.07.2026 18:30:09 : EVT PMIC : PMIC Fast-charge constant cur
#1317216 10.07.2026 18:30:09 : EVT PMIC : PMIC Precharge
#1317217 10.07.2026 18:30:09 : EVT PMIC : PMIC Fast-charge constant cur
#1317218 10.07.2026 18:30:09 : EVT PMIC : PMIC Fast-charge constant cur
#1317219 10.07.2026 18:30:09 : EVT PMIC : PMIC Fast-charge constant cur
#1317220 10.07.2026 18:30:09 : EVT PMIC : PMIC Fast-charge constant cur
#1317221 10.07.2026 18:30:09 : EVT PMIC : PMIC Fast-charge constant cur
#1317222 10.07.2026 18:30:09 : EVT PMIC : PMIC Fast-charge constant cur
#1317223 10.07.2026 18:30:09 : EVT PMIC : PMIC Fast-charge constant cur
#1317224 10.07.2026 18:30:09 : EVT PMIC : PMIC Fast-charge constant cur
#1317225 10.07.2026 18:30:09 : EVT PMIC : PMIC Fast-charge constant cur
#1317226 10.07.2026 18:30:09 : EVT PMIC : PMIC Fast-charge constant cur
#1317227 10.07.2026 18:30:09 : EVT PMIC : PMIC Precharge
#1317228 10.07.2026 18:30:09 : EVT PMIC : PMIC Fast-charge constant cur
#1317229 10.07.2026 18:30:09 : EVT PMIC : PMIC Fast-charge constant cur
#1317230 10.07.2026 18:30:09 : EVT PMIC : PMIC Fast-charge constant cur
#1317231 10.07.2026 18:30:09 : EVT PMIC : PMIC Fast-charge constant cur
#1317232 10.07.2026 18:30:09 : EVT PMIC : PMIC Fast-charge constant cur
#1317233 10.07.2026 18:30:09 : EVT PMIC : PMIC Fast-charge constant cur
#1317234 10.07.2026 18:30:09 : EVT PMIC : PMIC Fast-charge constant cur
#1317235 10.07.2026 18:30:09 : EVT PMIC : PMIC Fast-charge constant cur
#1317236 10.07.2026 18:30:09 : EVT PMIC : PMIC Fast-charge constant cur
#1317237 10.07.2026 18:30:09 : EVT PMIC : PMIC Fast-charge constant cur
#1317238 10.07.2026 18:30:09 : EVT PMIC : PMIC Fast-charge constant cur
#1317239 10.07.2026 18:30:09 : EVT PMIC : PMIC Fast-charge constant cur
#1317240 10.07.2026 18:30:09 : EVT PMIC : PMIC Fast-charge constant cur
#1317241 10.07.2026 18:30:09 : EVT PMIC : PMIC Fast-charge constant cur
#1317242 10.07.2026 18:30:09 : EVT PMIC : PMIC Fast-charge constant cur
#1317243 10.07.2026 18:30:09 : EVT PMIC : PMIC Fast-charge constant cur
#1317244 10.07.2026 18:30:09 : EVT PMIC : PMIC Fast-charge constant cur
#1317245 10.07.2026 18:30:09 : EVT PMIC : PMIC Fast-charge constant cur
#1317246 10.07.2026 18:30:09 : EVT PMIC : PMIC Fast-charge constant cur
#1317247 10.07.2026 18:30:09 : EVT PMIC : PMIC Fast-charge constant cur
#1317248 10.07.2026 18:30:09 : EVT PMIC : PMIC Fast-charge constant cur
#1317249 10.07.2026 18:30:09 : EVT PMIC : PMIC Precharge
#1317250 10.07.2026 18:30:09 : EVT PMIC : PMIC Fast-charge constant cur
#1317251 10.07.2026 18:30:09 : EVT PMIC : PMIC Fast-charge constant cur
#1317252 10.07.2026 18:30:09 : EVT PMIC : PMIC Fast-charge constant cur
#1317253 10.07.2026 18:30:09 : EVT PMIC : PMIC Fast-charge constant cur
#1317254 10.07.2026 18:30:09 : EVT PMIC : PMIC Fast-charge constant cur
#1317255 10.07.2026 18:30:09 : EVT PMIC : PMIC Fast-charge constant cur
#1317256 10.07.2026 18:30:09 : EVT PMIC : PMIC Fast-charge constant cur
#1317257 10.07.2026 18:30:09 : EVT PMIC : PMIC Fast-charge constant cur
#1317258 10.07.2026 18:30:09 : EVT PMIC : PMIC Fast-charge constant cur
#1317259 10.07.2026 18:30:09 : EVT PMIC : PMIC Precharge
#1317260 10.07.2026 18:30:09 : EVT PMIC : PMIC Fast-charge constant cur
#1317261 10.07.2026 18:30:09 : EVT PMIC : PMIC Fast-charge constant cur
#1317262 10.07.2026 18:30:09 : EVT PMIC : PMIC Fast-charge constant cur
#1317263 10.07.2026 18:30:09 : EVT PMIC : PMIC Fast-charge constant cur
#1317264 10.07.2026 18:30:09 : EVT PMIC : PMIC Fast-charge constant cur
#1317265 10.07.2026 18:30:09 : EVT PMIC : PMIC Fast-charge constant cur
#1317266 10.07.2026 18:30:09 : EVT PMIC : PMIC Fast-charge constant cur
#1317267 10.07.2026 18:30:09 : EVT PMIC : PMIC Fast-charge constant cur
#1317268 10.07.2026 18:30:09 : EVT PMIC : PMIC Precharge
#1317269 10.07.2026 18:30:09 : EVT PMIC : PMIC Fast-charge constant cur
#1317270 10.07.2026 18:30:09 : EVT PMIC : PMIC Fast-charge constant cur
#1317271 10.07.2026 18:30:09 : EVT PMIC : PMIC Fast-charge constant cur
#1317272 10.07.2026 18:30:09 : EVT PMIC : PMIC Precharge
#1317273 10.07.2026 18:30:09 : EVT PMIC : PMIC Fast-charge constant cur
#1317274 10.07.2026 18:30:09 : EVT PMIC : PMIC Fast-charge constant cur
#1317275 10.07.2026 18:30:09 : EVT PMIC : PMIC Fast-charge constant cur
#1317276 10.07.2026 18:30:09 : EVT PMIC : PMIC Fast-charge constant cur
#1317277 10.07.2026 18:30:09 : EVT PMIC : PMIC Fast-charge constant cur
#1317278 10.07.2026 18:30:09 : EVT PMIC : PMIC Fast-charge constant cur
#1317279 10.07.2026 18:30:09 : EVT PMIC : PMIC Fast-charge constant cur
#1317280 10.07.2026 18:30:09 : EVT ANALYTICS : Sync start
#1317281 10.07.2026 18:30:09 : EVT PMIC : PMIC Fast-charge constant cur
#1317282 10.07.2026 18:30:09 : EVT PMIC : PMIC Fast-charge constant cur
#1317283 10.07.2026 18:30:09 : EVT PMIC : PMIC Fast-charge constant cur
#1317284 10.07.2026 18:30:09 : EVT PMIC : PMIC Fast-charge constant cur
#1317285 10.07.2026 18:30:09 : EVT PMIC : PMIC Precharge
#1317286 10.07.2026 18:30:09 : EVT PMIC : PMIC Fast-charge constant cur
#1317287 10.07.2026 18:30:09 : EVT PMIC : PMIC Fast-charge constant cur
#1317288 10.07.2026 18:30:10 : EVT PMIC : PMIC Fast-charge constant cur
#1317289 10.07.2026 18:30:10 : EVT PMIC : PMIC Fast-charge constant cur
#1317290 10.07.2026 18:30:10 : EVT PMIC : PMIC Fast-charge constant cur
#1317291 10.07.2026 18:30:10 : EVT PMIC : PMIC Fast-charge constant cur
#1317292 10.07.2026 18:30:10 : EVT PMIC : PMIC Fast-charge constant cur
#1317293 10.07.2026 18:30:10 : EVT PMIC : PMIC Precharge
#1317294 10.07.2026 18:30:10 : EVT PMIC : PMIC Fast-charge constant cur
#1317295 10.07.2026 18:30:10 : EVT PMIC : PMIC Precharge
#1317296 10.07.2026 18:30:10 : EVT PMIC : PMIC Fast-charge constant cur
#1317297 10.07.2026 18:30:10 : EVT PMIC : PMIC Fast-charge constant cur
#1317298 10.07.2026 18:30:10 : EVT PMIC : PMIC Precharge
#1317299 10.07.2026 18:30:10 : EVT PMIC : PMIC Fast-charge constant cur
#1317300 10.07.2026 18:30:10 : EVT PMIC : PMIC Fast-charge constant cur
#1317301 10.07.2026 18:30:10 : EVT PMIC : PMIC Fast-charge constant cur
#1317302 10.07.2026 18:30:10 : EVT PMIC : PMIC Precharge
#1317303 10.07.2026 18:30:10 : EVT PMIC : PMIC Fast-charge constant cur
#1317304 10.07.2026 18:30:10 : EVT PMIC : PMIC Fast-charge constant cur
#1317305 10.07.2026 18:30:10 : EVT PMIC : PMIC Fast-charge constant cur
#1317306 10.07.2026 18:30:10 : EVT PMIC : PMIC Fast-charge constant cur
#1317307 10.07.2026 18:30:10 : EVT PMIC : PMIC Fast-charge constant cur
#1317308 10.07.2026 18:30:10 : EVT PMIC : PMIC Precharge
#1317309 10.07.2026 18:30:10 : EVT PMIC : PMIC Fast-charge constant cur
#1317310 10.07.2026 18:30:10 : EVT ANALYTICS : Sync start
#1317311 10.07.2026 18:30:10 : EVT PMIC : PMIC Fast-charge constant cur
#1317312 10.07.2026 18:30:10 : EVT PMIC : PMIC Fast-charge constant cur
#1317313 10.07.2026 18:30:10 : EVT PMIC : PMIC Precharge
#1317314 10.07.2026 18:30:10 : EVT PMIC : PMIC Fast-charge constant cur
#1317315 10.07.2026 18:30:10 : EVT PMIC : PMIC Fast-charge constant cur
#1317316 10.07.2026 18:30:10 : EVT PMIC : PMIC Fast-charge constant cur
#1317317 10.07.2026 18:30:10 : EVT PMIC : PMIC Fast-charge constant cur
#1317318 10.07.2026 18:30:10 : EVT PMIC : PMIC Fast-charge constant cur
#1317319 10.07.2026 18:30:10 : EVT PMIC : PMIC Precharge
#1317320 10.07.2026 18:30:10 : EVT PMIC : PMIC Fast-charge constant cur
#1317321 10.07.2026 18:30:10 : EVT PMIC : PMIC Fast-charge constant cur
#1317322 10.07.2026 18:30:10 : EVT PMIC : PMIC Fast-charge constant cur
#1317323 10.07.2026 18:30:10 : EVT PMIC : PMIC Fast-charge constant cur
#1317324 10.07.2026 18:30:10 : EVT PMIC : PMIC Fast-charge constant cur
#1317325 10.07.2026 18:30:10 : EVT PMIC : PMIC Maintain charge
#1317326 10.07.2026 18:30:10 : EVT PMIC : PMIC Fast-charge constant cur
#1317327 10.07.2026 18:30:10 : EVT PMIC : PMIC Fast-charge constant cur
#1317328 10.07.2026 18:30:10 : EVT PMIC : PMIC Fast-charge constant cur
#1317329 10.07.2026 18:30:10 : EVT PMIC : PMIC Precharge
#1317330 10.07.2026 18:30:10 : EVT PMIC : PMIC Fast-charge constant cur
#1317331 10.07.2026 18:30:10 : EVT PMIC : PMIC Precharge
#1317332 10.07.2026 18:30:10 : EVT PMIC : PMIC Fast-charge constant cur
#1317333 10.07.2026 18:30:10 : EVT PMIC : PMIC Fast-charge constant cur
#1317334 10.07.2026 18:30:10 : EVT PMIC : PMIC Fast-charge constant cur
#1317335 10.07.2026 18:30:10 : EVT PMIC : PMIC Fast-charge constant cur
#1317336 10.07.2026 18:30:10 : EVT PMIC : PMIC Fast-charge constant cur
#1317337 10.07.2026 18:30:10 : EVT PMIC : PMIC Fast-charge constant cur
#1317338 10.07.2026 18:30:10 : EVT PMIC : PMIC Fast-charge constant cur
#1317339 10.07.2026 18:30:10 : EVT PMIC : PMIC Fast-charge constant cur
#1317340 10.07.2026 18:30:10 : EVT PMIC : PMIC Fast-charge constant cur
#1317341 10.07.2026 18:30:10 : EVT PMIC : PMIC Fast-charge constant cur
#1317342 10.07.2026 18:30:10 : EVT PMIC : PMIC Fast-charge constant cur
#1317343 10.07.2026 18:30:10 : EVT PMIC : PMIC Fast-charge constant cur
#1317344 10.07.2026 18:30:10 : EVT PMIC : PMIC Precharge
#1317345 10.07.2026 18:30:10 : EVT PMIC : PMIC Fast-charge constant cur
#1317346 10.07.2026 18:30:10 : EVT PMIC : PMIC Fast-charge constant cur
#1317347 10.07.2026 18:30:10 : EVT PMIC : PMIC Fast-charge constant cur
#1317348 10.07.2026 18:30:10 : EVT PMIC : PMIC Fast-charge constant cur
#1317349 10.07.2026 18:30:10 : EVT PMIC : PMIC Fast-charge constant cur
#1317350 10.07.2026 18:30:10 : EVT PMIC : PMIC Precharge
#1317351 10.07.2026 18:30:10 : EVT PMIC : PMIC Fast-charge constant cur
#1317352 10.07.2026 18:30:10 : EVT PMIC : PMIC Fast-charge constant cur
#1317353 10.07.2026 18:30:10 : EVT PMIC : PMIC Precharge
#1317354 10.07.2026 18:30:10 : EVT PMIC : PMIC Fast-charge constant cur
#1317355 10.07.2026 18:30:10 : EVT PMIC : PMIC Fast-charge constant cur
#1317356 10.07.2026 18:30:10 : EVT PMIC : PMIC Fast-charge constant cur
#1317357 10.07.2026 18:30:10 : EVT PMIC : PMIC Fast-charge constant cur
#1317358 10.07.2026 18:30:13 : EVT PMIC : PMIC Maintain charge
#1317359 10.07.2026 18:30:15 : EVT WIFI : pwr up
#1317360 10.07.2026 18:30:15 : EVT WIFI : SDK Ver(3.2.8.1)
#1317361 10.07.2026 18:30:15 : EVT WIFI : Cur bootmode:0
#1317362 10.07.2026 18:30:15 : EVT WIFI : Cur MAC addr:0C:8C:DC:B1:E4:BA
#1317363 10.07.2026 18:30:15 : EVT WIFI : Cur cc:CH
#1317364 10.07.2026 18:30:15 : EVT WIFI : Scann APs (1/3)
#1317365 10.07.2026 18:30:15 : EVT PMIC : PMIC Precharge
#1317366 10.07.2026 18:30:15 : EVT PMIC : PMIC Fast-charge constant cur
#1317367 10.07.2026 18:30:15 : EVT PMIC : PMIC Fast-charge constant cur
#1317368 10.07.2026 18:30:16 : EVT WIFI : APs scanned:15
#1317369 10.07.2026 18:30:16 : EVT WBSTORAGE : CACHE_DEFRAG (832->840, 24->24, 25)
#1317370 10.07.2026 18:30:16 : WRN WIFI : No APs matched to connect
#1317371 10.07.2026 18:30:16 : EVT WIFI : Scann APs (2/3)
#1317372 10.07.2026 18:30:16 : EVT PMIC : PMIC Fast-charge constant cur
#1317373 10.07.2026 18:30:16 : EVT PMIC : PMIC Fast-charge constant cur
#1317374 10.07.2026 18:30:16 : EVT PMIC : PMIC Fast-charge constant voltage
#1317375 10.07.2026 18:30:16 : EVT PMIC : PMIC Fast-charge constant cur
#1317376 10.07.2026 18:30:16 : EVT PMIC : PMIC Fast-charge constant cur
#1317377 10.07.2026 18:30:16 : EVT PMIC : PMIC Fast-charge constant cur
#1317378 10.07.2026 18:30:16 : EVT PMIC : PMIC Maintain charge
#1317379 10.07.2026 18:30:16 : EVT PMIC : PMIC Fast-charge constant cur
#1317380 10.07.2026 18:30:16 : EVT PMIC : PMIC Fast-charge constant cur
#1317381 10.07.2026 18:30:16 : EVT WIFI : APs scanned:11
#1317382 10.07.2026 18:30:16 : WRN WIFI : No APs matched to connect
#1317383 10.07.2026 18:30:16 : EVT WIFI : Scann APs (3/3)
#1317384 10.07.2026 18:30:17 : EVT PMIC : PMIC Fast-charge constant cur
#1317385 10.07.2026 18:30:17 : EVT PMIC : PMIC Fast-charge constant cur
#1317386 10.07.2026 18:30:17 : EVT PMIC : PMIC Fast-charge constant cur
#1317387 10.07.2026 18:30:17 : EVT PMIC : PMIC Fast-charge constant cur
#1317388 10.07.2026 18:30:17 : EVT PMIC : PMIC Fast-charge constant cur
#1317389 10.07.2026 18:30:17 : EVT PMIC : PMIC Fast-charge constant cur
#1317390 10.07.2026 18:30:17 : EVT PMIC : PMIC Fast-charge constant cur
#1317391 10.07.2026 18:30:17 : EVT PMIC : PMIC Fast-charge constant cur
#1317392 10.07.2026 18:30:17 : EVT WIFI : APs scanned:14
#1317393 10.07.2026 18:30:17 : WRN WIFI : No APs matched to connect
#1317394 10.07.2026 18:30:17 : EVT WIFI : Internal connect ret:103
#1317395 10.07.2026 18:30:17 : ERR <Unknown> : DL GET resultCode=500
#1317396 10.07.2026 18:30:17 : EVT <Unknown> : DL try retry after 5000 ms
#1317397 10.07.2026 18:30:19 : EVT PMIC : PMIC Maintain charge
#1317398 10.07.2026 18:30:22 : EVT <Unknown> : DL Region List
#1317399 10.07.2026 18:30:22 : EVT PMIC : PMIC Precharge
#1317400 10.07.2026 18:30:22 : EVT PMIC : PMIC Fast-charge constant cur
#1317401 10.07.2026 18:30:22 : EVT PMIC : PMIC Fast-charge constant cur
#1317402 10.07.2026 18:30:22 : EVT PMIC : PMIC Fast-charge constant cur
#1317403 10.07.2026 18:30:22 : EVT PMIC : PMIC Fast-charge constant cur
#1317404 10.07.2026 18:30:22 : EVT PMIC : PMIC Fast-charge constant cur
#1317405 10.07.2026 18:30:22 : EVT PMIC : PMIC Fast-charge constant cur
#1317406 10.07.2026 18:30:22 : EVT PMIC : PMIC Fast-charge constant cur
#1317407 10.07.2026 18:30:22 : EVT PMIC : PMIC Fast-charge constant cur
#1317408 10.07.2026 18:30:22 : EVT PMIC : PMIC Fast-charge constant cur
#1317409 10.07.2026 18:30:22 : EVT PMIC : PMIC Precharge
#1317410 10.07.2026 18:30:22 : EVT PMIC : PMIC Fast-charge constant cur
#1317411 10.07.2026 18:30:22 : EVT PMIC : PMIC Fast-charge constant cur
#1317412 10.07.2026 18:30:22 : EVT PMIC : PMIC Fast-charge constant cur
#1317413 10.07.2026 18:30:22 : EVT PMIC : PMIC Fast-charge constant cur
#1317414 10.07.2026 18:30:22 : EVT PMIC : PMIC Fast-charge constant cur
#1317415 10.07.2026 18:30:22 : WRN WIFI : No APs matched to connect
#1317416 10.07.2026 18:30:22 : EVT WIFI : Scann APs (1/3)
#1317417 10.07.2026 18:30:23 : EVT PMIC : PMIC Fast-charge constant cur
#1317418 10.07.2026 18:30:23 : EVT PMIC : PMIC Fast-charge constant cur
#1317419 10.07.2026 18:30:23 : EVT PMIC : PMIC Fast-charge constant cur
#1317420 10.07.2026 18:30:23 : EVT PMIC : PMIC Fast-charge constant cur
#1317421 10.07.2026 18:30:23 : EVT PMIC : PMIC Fast-charge constant cur
#1317422 10.07.2026 18:30:23 : EVT PMIC : PMIC Fast-charge constant cur
#1317423 10.07.2026 18:30:23 : EVT PMIC : PMIC Fast-charge constant cur
#1317424 10.07.2026 18:30:23 : EVT PMIC : PMIC Fast-charge constant cur
#1317425 10.07.2026 18:30:23 : EVT PMIC : PMIC Fast-charge constant cur
#1317426 10.07.2026 18:30:23 : EVT WIFI : APs scanned:14
#1317427 10.07.2026 18:30:23 : WRN WIFI : No APs matched to connect
#1317428 10.07.2026 18:30:23 : EVT WIFI : Scann APs (2/3)
#1317429 10.07.2026 18:30:23 : EVT PMIC : PMIC Fast-charge constant cur
#1317430 10.07.2026 18:30:23 : EVT PMIC : PMIC Fast-charge constant cur
#1317431 10.07.2026 18:30:24 : EVT PMIC : PMIC Precharge
#1317432 10.07.2026 18:30:24 : EVT PMIC : PMIC Fast-charge constant cur
#1317433 10.07.2026 18:30:24 : EVT PMIC : PMIC Fast-charge constant cur
#1317434 10.07.2026 18:30:24 : EVT PMIC : PMIC Precharge
#1317435 10.07.2026 18:30:24 : EVT PMIC : PMIC Fast-charge constant cur
#1317436 10.07.2026 18:30:24 : EVT PMIC : PMIC Maintain charge
#1317437 10.07.2026 18:30:24 : EVT PMIC : PMIC Precharge
#1317438 10.07.2026 18:30:24 : EVT PMIC : PMIC Fast-charge constant cur
#1317439 10.07.2026 18:30:24 : EVT PMIC : PMIC Maintain charge
#1317440 10.07.2026 18:30:24 : EVT PMIC : PMIC Fast-charge constant cur
#1317441 10.07.2026 18:30:24 : EVT PMIC : PMIC Fast-charge constant cur
#1317442 10.07.2026 18:30:24 : EVT PMIC : PMIC Fast-charge constant cur
#1317443 10.07.2026 18:30:24 : EVT PMIC : PMIC Fast-charge constant cur
#1317444 10.07.2026 18:30:24 : EVT PMIC : PMIC Fast-charge constant cur
#1317445 10.07.2026 18:30:24 : EVT PMIC : PMIC Fast-charge constant cur
#1317446 10.07.2026 18:30:24 : EVT PMIC : PMIC Maintain charge
#1317447 10.07.2026 18:30:24 : EVT PMIC : PMIC Fast-charge constant cur
#1317448 10.07.2026 18:30:24 : EVT WIFI : APs scanned:15
#1317449 10.07.2026 18:30:24 : WRN WIFI : No APs matched to connect
#1317450 10.07.2026 18:30:24 : EVT WIFI : Scann APs (3/3)
#1317451 10.07.2026 18:30:24 : EVT PMIC : PMIC Fast-charge constant cur
#1317452 10.07.2026 18:30:24 : EVT PMIC : PMIC Fast-charge constant voltage
#1317453 10.07.2026 18:30:24 : EVT PMIC : PMIC Fast-charge constant cur
#1317454 10.07.2026 18:30:24 : EVT PMIC : PMIC Precharge
#1317455 10.07.2026 18:30:24 : EVT PMIC : PMIC Fast-charge constant cur
#1317456 10.07.2026 18:30:24 : EVT PMIC : PMIC Fast-charge constant cur
#1317457 10.07.2026 18:30:24 : EVT PMIC : PMIC Precharge
#1317458 10.07.2026 18:30:24 : EVT PMIC : PMIC Fast-charge constant cur
#1317459 10.07.2026 18:30:24 : EVT PMIC : PMIC Fast-charge constant cur
#1317460 10.07.2026 18:30:24 : EVT PMIC : PMIC Precharge
#1317461 10.07.2026 18:30:24 : EVT PMIC : PMIC Fast-charge constant cur
#1317462 10.07.2026 18:30:25 : EVT PMIC : PMIC Fast-charge constant cur
#1317463 10.07.2026 18:30:25 : EVT PMIC : PMIC Fast-charge constant cur
#1317464 10.07.2026 18:30:25 : EVT PMIC : PMIC Fast-charge constant cur
#1317465 10.07.2026 18:30:25 : EVT PMIC : PMIC Fast-charge constant cur
#1317466 10.07.2026 18:30:25 : EVT PMIC : PMIC Fast-charge constant cur
#1317467 10.07.2026 18:30:25 : EVT PMIC : PMIC Fast-charge constant cur
#1317468 10.07.2026 18:30:25 : EVT PMIC : PMIC Fast-charge constant cur
#1317469 10.07.2026 18:30:25 : EVT PMIC : PMIC Fast-charge constant cur
#1317470 10.07.2026 18:30:25 : EVT WIFI : APs scanned:14
#1317471 10.07.2026 18:30:25 : WRN WIFI : No APs matched to connect
#1317472 10.07.2026 18:30:25 : EVT WIFI : Internal connect ret:103
#1317473 10.07.2026 18:30:25 : ERR <Unknown> : DL GET resultCode=500
#1317474 10.07.2026 18:30:25 : EVT <Unknown> : DL try retry after 10000 ms
#1317475 10.07.2026 18:30:27 : EVT PMIC : PMIC Maintain charge

