#1318276 10.07.2026 19:17:00 : EVT WBCOMM : New Route: ECSD00000003
#1318277 10.07.2026 19:17:00 : EVT ANALYTICS : BLE-COMM SHWM 108 (01)
#1318278 10.07.2026 19:17:01 : EVT APPLICATION : MCP:remote resources mapped
#1318279 10.07.2026 19:17:01 : ERR BLE : [AURA][N]ASSERT MPSL 112|2205
#1318280 10.07.2026 19:17:01 : ERR BLE : [AURA][N]ASSERT main.cpp|367|0
#1318281 10.07.2026 19:17:02 : ERR BLE : [AURA]ASSERT app.cpp|108|!gNetCoreEnabled
#1318282 10.07.2026 19:17:03 : EVT BLE : APP 3.0.54/01F7/1.2.10
#1318283 10.07.2026 19:17:03 : TRC BLE : BLE Link Restore 4800180D (L-E-:00:1)
#1318284 10.07.2026 19:17:03 : WRN BLE : sendConnect 6157
#1318285 10.07.2026 19:17:03 : TRC BLE : SVC M/F000 disabled
#1318286 10.07.2026 19:17:03 : EVT WBCOMM : Route lost: ECSD00000003
#1318287 10.07.2026 19:17:03 : EVT BLE : DEV M disconnected
#1318288 10.07.2026 19:17:03 : TRC BLE : BLE Link Restore 4D00F000 (L-Ep:00:0)
#1318289 10.07.2026 19:17:03 : WRN BLE : sendConnect 61440
#1318290 10.07.2026 19:17:18 : EVT BLE : DEV M connected
#1318291 10.07.2026 19:17:19 : TRC BLE : SVC M/F000 enabled
#1318292 10.07.2026 19:17:19 : EVT WBCOMM : P-9 connection made to ECSD00000003
#1318293 10.07.2026 19:17:19 : EVT WBCOMM : New Route: ECSD00000003
#1318294 10.07.2026 19:17:21 : EVT APPLICATION : MCP:remote resources mapped
#1318295 10.07.2026 19:17:25 : ERR BLE : [AURA][N]ASSERT MPSL 112|2205
#1318296 10.07.2026 19:17:25 : ERR BLE : [AURA][N]ASSERT main.cpp|367|0
#1318297 10.07.2026 19:17:25 : ERR BLE : [AURA]ASSERT app.cpp|108|!gNetCoreEnabled
#1318298 10.07.2026 19:17:26 : EVT BLE : APP 3.0.54/01F7/1.2.10
#1318299 10.07.2026 19:17:26 : TRC BLE : BLE Link Restore 4800180D (L-E-:00:1)
#1318300 10.07.2026 19:17:26 : WRN BLE : sendConnect 6157
#1318301 10.07.2026 19:17:26 : TRC BLE : SVC M/F000 disabled
#1318302 10.07.2026 19:17:26 : EVT WBCOMM : Route lost: ECSD00000003
#1318303 10.07.2026 19:17:26 : EVT BLE : DEV M disconnected
#1318304 10.07.2026 19:17:26 : TRC BLE : BLE Link Restore 4D00F000 (L-Ep:00:0)
#1318305 10.07.2026 19:17:26 : WRN BLE : sendConnect 61440
#1318306 10.07.2026 19:17:33 : EVT BLE : DEV H connected
#1318307 10.07.2026 19:17:33 : EVT WBSTORAGE : CACHE_DEFRAG (672->720, 24->24, 25)
#1318308 10.07.2026 19:17:33 : TRC BLE : SVC H/F200 enabled
#1318309 10.07.2026 19:17:33 : TRC BLE : SVC H/180D enabled
#1318310 10.07.2026 19:17:33 : TRC BLE : HR connected (78629 ms missing)
#1318311 10.07.2026 19:17:33 : EVT BLE : HR BlueBelt 2550100113 (1.1.0/F2. )
#1318312 10.07.2026 19:17:33 : EVT WBSTORAGE : CACHE_DEFRAG (656->664, 24->24, 25)
#1318313 10.07.2026 19:17:33 : EVT BLE : report state:77634010
#1318314 10.07.2026 19:17:34 : TRC BLE : HR time resync bt=1511 D=77633061
#1318315 10.07.2026 19:17:34 : EVT BLE : type 1 is conn, set
#1318316 10.07.2026 19:17:36 : EVT BLE : DEV M connected
#1318317 10.07.2026 19:17:37 : TRC BLE : SVC M/F000 enabled
#1318318 10.07.2026 19:17:37 : EVT WBCOMM : P-9 connection made to ECSD00000003
#1318319 10.07.2026 19:17:37 : EVT WBCOMM : New Route: ECSD00000003
#1318320 10.07.2026 19:17:37 : EVT APPLICATION : MCP:remote resources mapped
#1318321 10.07.2026 19:17:40 : EVT ANALYTICS : #sf R:5 A:Xiamen-fw_2.53.42.29545-V-8b67dbcf
#1318322 10.07.2026 19:17:41 : EVT ANALYTICS : #sf R:5 A:Xiamen-fw_2.53.42.29545-V-8b67dbcf
#1318323 10.07.2026 19:17:41 : EVT WBSTORAGE : CACHE_DEFRAG (648->672, 24->24, 25)
#1318324 10.07.2026 19:17:44 : EVT ANALYTICS : Weather sync ok d:1560 f:0
#1318325 10.07.2026 19:17:44 : EVT ANALYTICS : synced city:Fällanden
#1318326 10.07.2026 19:17:44 : EVT GPS : Last known coordinate:lat:473726072, lon:86410985
#1318327 10.07.2026 19:17:44 : EVT ANALYTICS : Weather sync ok d:0 f:0
#1318328 10.07.2026 19:17:45 : EVT ANALYTICS : synced city:Fällanden
#1318329 10.07.2026 19:17:45 : EVT GPS : Last known coordinate:lat:473730910, lon:86414337
#1318330 10.07.2026 19:17:49 : TRC BLE : HR belt slow conn
#1318331 10.07.2026 19:19:04 : EVT ANALYTICS : Weather sync ok d:120 f:0
#1318332 10.07.2026 19:19:04 : EVT ANALYTICS : synced city:Schwerzenbach
#1318333 10.07.2026 19:19:04 : EVT GPS : Last known coordinate:lat:473792110, lon:86472918
#1318334 10.07.2026 19:20:00 : ERR WBMAIN : *0: app 779 Event 24 80892700
#1318335 10.07.2026 19:20:00 : ERR WBMAIN : 1: mea 0 Event 3 80891701
#1318336 10.07.2026 19:20:00 : ERR WBMAIN : 2: ui 13 Wait 0 00000000
#1318337 10.07.2026 19:23:07 : TRC GPS : Fix valid: 0 idx:1264 sat:0 ehpe:nan
#1318338 10.07.2026 19:23:12 : TRC GPS : Fix valid: 1 idx:1269 sat:26 ehpe:4
#1318339 10.07.2026 19:25:42 : TRC FUEL_GAUGE : batFgLevel cur:99%, prev:100%
#1318340 10.07.2026 19:25:42 : EVT WBSTORAGE : CACHE_DEFRAG (616->648, 24->24, 25)
#1318341 10.07.2026 19:25:54 : TRC APPLICATION : Notification n-act-e-tdy not allowed (5 < 150)
#1318342 10.07.2026 19:26:28 : TRC FUEL_GAUGE : Batt: 4424 mV (raw: 4424) soc: 99 %, T: 32.4 C,H:104
#1318343 10.07.2026 19:33:59 : TRC GPS : Fix valid: 0 idx:1916 sat:0 ehpe:nan
#1318344 10.07.2026 19:34:08 : TRC GPS : Fix valid: 1 idx:1925 sat:28 ehpe:11
#1318345 10.07.2026 19:42:15 : TRC APPLICATION : Notification n-act-e-tdy not allowed (5 < 150)
#1318346 10.07.2026 19:44:26 : TRC GPS : Fix valid: 0 idx:2543 sat:0 ehpe:nan
#1318347 10.07.2026 19:44:31 : TRC GPS : Fix valid: 1 idx:2548 sat:27 ehpe:7
#1318348 10.07.2026 19:51:50 : EVT LOGGER : Exercise paused
#1318349 10.07.2026 19:51:58 : EVT APPLICATION : Zapp zzmoveen:Disable
#1318350 10.07.2026 19:51:58 : EVT ANALYTICS : Zapp disabled i:6 h:7aac0887 n:Movement
#1318351 10.07.2026 19:51:59 : EVT UI_FRAMEWORK : evalFile: b:/zapp/zzmoveen.fea/ext2.js from ui
#1318352 10.07.2026 19:51:59 : EVT APPLICATION : Zapp zzwethen:Disable
#1318353 10.07.2026 19:51:59 : EVT ANALYTICS : Zapp disabled i:8 h:3f77f8ec n:Weather
#1318354 10.07.2026 19:51:59 : EVT UI_FRAMEWORK : JS discard disable zapps
#1318355 10.07.2026 19:51:59 : EVT UI_FRAMEWORK : JS will discard
#1318356 10.07.2026 19:51:59 : EVT SPEEDFUSION : INFO # stop speed fusion
#1318357 10.07.2026 19:51:59 : EVT SPEEDFUSION : INFO # GPS changed from:1, to:0
#1318358 10.07.2026 19:51:59 : TRC GPS : Unsubd c:803d0010
#1318359 10.07.2026 19:51:59 : EVT <Unknown> : Update pres sampl intrvl:5
#1318360 10.07.2026 19:51:59 : WRN APPLICATION : discard hrr meas l:3 d:0 sh:98 mh:98 v:0
#1318361 10.07.2026 19:51:59 : WRN WBAPI : eID-698eec(583/65535): 404
#1318362 10.07.2026 19:51:59 : EVT GPS : LocationProviderImpl:sub Best
#1318363 10.07.2026 19:51:59 : TRC GPS : Full GNSS data subd l:15 c:80160010
#1318364 10.07.2026 19:51:59 : EVT TRAININGZONE : User Define Mode:5
#1318365 10.07.2026 19:51:59 : EVT TRAININGZONE : Tss HR:31.80
#1318366 10.07.2026 19:51:59 : EVT TRAININGZONE : A:105,Tss:[0.00,-200.00,-200.00,31.80]
#1318367 10.07.2026 19:51:59 : EVT ANALYTICS : WAOae:Activity WAOae:105
#1318368 10.07.2026 19:51:59 : EVT ANALYTICS : WAOae:TotalAcc WAOae:0,0,0
#1318369 10.07.2026 19:51:59 : EVT ANALYTICS : WAOae:AccCount WAOae:0,0,0
#1318370 10.07.2026 19:51:59 : EVT ANALYTICS : WAOae:Distance WAOae:0,0,0
#1318371 10.07.2026 19:51:59 : EVT ANALYTICS : WAOae:Duration WAOae:0,0,0
#1318372 10.07.2026 19:51:59 : EVT ANALYTICS : WAOae:Coeff WAOae:0,40,240,390,773,7524,7624
#1318373 10.07.2026 19:51:59 : EVT LOGGER : Exercise stopped
#1318374 10.07.2026 19:51:59 : EVT BLE : HR RR off (79699437, 4521 ms missing)
#1318375 10.07.2026 19:51:59 : EVT LOGGER : HrIbiLogger stop, wait (2991218 ms)
#1318376 10.07.2026 19:51:59 : TRC GPS : Unsubd c:802b0000
#1318377 10.07.2026 19:51:59 : TRC GPS : GnssServiceLevel Change: Should not be here 4
#1318378 10.07.2026 19:51:59 : EVT ANALYTICS : SleepQ:Tracking:On
#1318379 10.07.2026 19:51:59 : TRC MAPS : Maps closed
#1318380 10.07.2026 19:51:59 : TRC MAPS : Tile[0]: CLEAR_PENDING (x17168, y11478, z15)
#1318381 10.07.2026 19:51:59 : TRC MAPS : Tile[1]: CLEAR_PENDING (x17169, y11478, z15)
#1318382 10.07.2026 19:51:59 : TRC MAPS : Tile[2]: CLEAR_PENDING (x17168, y11477, z15)
#1318383 10.07.2026 19:51:59 : TRC MAPS : Tile[3]: CLEAR_PENDING (x17169, y11477, z15)
#1318384 10.07.2026 19:51:59 : TRC MAPS : Tile[4]: FREE (x0, y0, z0)
#1318385 10.07.2026 19:51:59 : TRC MAPS : Tile[5]: FREE (x0, y0, z0)
#1318386 10.07.2026 19:51:59 : TRC MAPS : Tile[6]: FREE (x0, y0, z0)
#1318387 10.07.2026 19:51:59 : TRC MAPS : Tile[7]: FREE (x0, y0, z0)
#1318388 10.07.2026 19:51:59 : TRC MAPS : Tile[8]: FREE (x0, y0, z0)
#1318389 10.07.2026 19:51:59 : TRC MAPS : Tile[9]: FREE (x0, y0, z0)
#1318390 10.07.2026 19:51:59 : EVT GPS : Timesync:error_ms 1690
#1318391 10.07.2026 19:51:59 : EVT GPS : Timesync:sys 1783705919310ms gps 1783705921
#1318392 10.07.2026 19:51:59 : EVT GPS : Timesync:rel 79699643 relgps 79699643
#1318393 10.07.2026 19:52:01 : EVT GPS : Timesync:Dev time updated
#1318394 10.07.2026 19:52:01 : EVT WBSTORAGE : CACHE_DEFRAG (624->632, 24->24, 25)
#1318395 10.07.2026 19:52:01 : EVT <Unknown> : No alarm clock today
#1318396 10.07.2026 19:52:01 : EVT OHR : APPINIT:caps 0x1f4, 6b738616
#1318397 10.07.2026 19:52:01 : EVT <Unknown> : 1783705920041::Dt 959
#1318398 10.07.2026 19:52:02 : TRC BLE : HR belt fast conn
#1318399 10.07.2026 19:52:02 : EVT WBSTORAGE : CACHE_DEFRAG (544->552, 24->24, 25)
#1318400 10.07.2026 19:52:02 : EVT BLE : Disconn sensor:3
#1318401 10.07.2026 19:52:02 : EVT BLE : BLE Sensor Link 42001816 Disc (--E-:00:0)
#1318402 10.07.2026 19:52:02 : ERR BLE : [AURA]Filter with handle 66 not found
#1318403 10.07.2026 19:52:02 : TRC GPS : Fix valid: 0 idx:2997 sat:0 ehpe:nan
#1318404 10.07.2026 19:52:02 : EVT UI_FRAMEWORK : JS feeling vs idle 1
#1318405 10.07.2026 19:52:02 : EVT UI_FRAMEWORK : JS feeling open ex-saving
#1318406 10.07.2026 19:52:02 : EVT GPS : LocationProviderImpl:sub Passive
#1318407 10.07.2026 19:52:02 : TRC GPS : Full GNSS data subd l:0 c:80160010
#1318408 10.07.2026 19:52:02 : TRC GPS : GnssServiceLevel::PASSIVE
#1318409 10.07.2026 19:52:02 : TRC GPS : @GSTP
#1318410 10.07.2026 19:52:03 : EVT ANALYTICS : #powersave mode:p temp:31.8
#1318411 10.07.2026 19:52:03 : EVT ANALYTICS : Battery-> 4 soc:99
#1318412 10.07.2026 19:52:03 : EVT BLE : HR RR done
#1318413 10.07.2026 19:52:03 : TRC BLE : HR belt slow conn
#1318414 10.07.2026 19:52:03 : EVT TRAININGLAB : AppFeature Vo2Max 0.000000
#1318415 10.07.2026 19:52:03 : EVT TRAININGLAB : TLab:~Mode T 18039 + 2873 A 3810 + 2210
#1318416 10.07.2026 19:52:03 : EVT TRAININGLAB : TLab:Change mode 3->2
#1318417 10.07.2026 19:52:03 : EVT TRAININGLAB : TLab:Mode::userInfo 60, 200, 1, 37, 182, 950, 1990
#1318418 10.07.2026 19:52:03 : EVT LOGGER : LGR 934, 80
#1318419 10.07.2026 19:52:03 : EVT TRAININGLAB : ModeUnsub:91C5
#1318420 10.07.2026 19:52:03 : EVT TRAININGLAB : ModeSub:0400
#1318421 10.07.2026 19:52:03 : EVT LOGGER : HrIbiLogger stopped (2995739 ms)
#1318422 10.07.2026 19:52:03 : EVT LOGGER : LGR 934, 80
#1318423 10.07.2026 19:52:03 : EVT LOGGER : Wr dpc on
#1318424 10.07.2026 19:52:03 : EVT LOGGER : LGR 20993, 56
#1318425 10.07.2026 19:52:04 : TRC GPS : @BUP
#1318426 10.07.2026 19:52:04 : TRC NAVIGATION : CG: no climb WP
#1318427 10.07.2026 19:52:04 : TRC NAVIGATION : CG:init ZoomType=0
#1318428 10.07.2026 19:52:04 : EVT NAVIGATION : initSeg Idx=0 D=1 T=0 3-0-4
#1318429 10.07.2026 19:52:04 : EVT SPEEDFUSION : INFO # IDLE mode(-1) set
#1318430 10.07.2026 19:52:04 : EVT ALTIFUSION : AltiBaroMode:2
#1318431 10.07.2026 19:52:04 : EVT ALTIFUSION : Init AltiBaro
#1318432 10.07.2026 19:52:04 : EVT GPS : AltitudeService:unsub
#1318433 10.07.2026 19:52:04 : TRC GPS : Unsubd c:80420010
#1318434 10.07.2026 19:52:04 : ERR WBMAIN : *0: app 995 Event 28 802c400e
#1318435 10.07.2026 19:52:04 : ERR WBMAIN : 1: mea 2 Wait 0 00000000
#1318436 10.07.2026 19:52:04 : ERR WBMAIN : 2: ui 3 Proc 0 00000000
#1318437 10.07.2026 19:52:04 : EVT BLE : Disconn sensor:1
#1318438 10.07.2026 19:52:04 : EVT BLE : BLE Sensor Link 4800180D Disc (L-E-:25:0)
#1318439 10.07.2026 19:52:04 : WRN BLE : sendDisconnect 6157
#1318440 10.07.2026 19:52:04 : EVT OHR : S:start 0x2123
#1318441 10.07.2026 19:52:04 : ERR BLE : [AURA]Filter with handle 72 not found
#1318442 10.07.2026 19:52:04 : EVT <Unknown> : 1783705922675:Meas start 0x2123
#1318443 10.07.2026 19:52:05 : EVT <Unknown> : 1783705922676:xiaomi reset t:3715905731/713178680.
#1318444 10.07.2026 19:52:05 : TRC BLE : SVC H/180D disabled
#1318445 10.07.2026 19:52:05 : TRC BLE : SVC H/F200 disabled
#1318446 10.07.2026 19:52:05 : EVT BLE : DEV H disconnected
#1318447 10.07.2026 19:52:05 : EVT WBSTORAGE : CACHE_DEFRAG (536->1008, 24->24, 25)
#1318448 10.07.2026 19:52:05 : EVT WBSTORAGE : CACHE_DEFRAG (936->944, 24->24, 25)
#1318449 10.07.2026 19:52:05 : EVT BLE : report state:79703575
#1318450 10.07.2026 19:52:05 : TRC GPS : Done:BUP
#1318451 10.07.2026 19:52:05 : TRC GPS : Power disabled
#1318452 10.07.2026 19:52:07 : EVT ANALYTICS : Duration ExSaving:5089
#1318453 10.07.2026 19:52:08 : EVT ANALYTICS : Duration ExSumBroker:652
#1318454 10.07.2026 19:52:08 : ERR <Unknown> : 1783705926284:Mi invalid call:100,code:0.
#1318455 10.07.2026 19:52:09 : EVT OHR : No HR update, invalidate by timer
#1318456 10.07.2026 19:52:20 : EVT OHR : new HR update
#1318457 10.07.2026 19:54:01 : EVT EXTRAM : Deinit extram 0
#1318458 10.07.2026 19:54:01 : TRC MAPS : Disabled map tile cache on TO
#1318459 10.07.2026 19:57:08 : EVT TRAININGZONE : Update TSS:31.80
#1318460 10.07.2026 19:57:08 : EVT WBSTORAGE : CACHE_DEFRAG (872->880, 24->24, 25)
#1318461 10.07.2026 19:57:08 : EVT APPLICATION : Zapp zwc05901:Load script
#1318462 10.07.2026 19:57:08 : EVT APPLICATION : Zapp zwc05901:Enable
#1318463 10.07.2026 19:57:08 : EVT ANALYTICS : Zapp enabled i:3 h:ddb248f2 n:zwc05901 v:124f
#1318464 10.07.2026 19:57:08 : WRN WBAPI : eID-691468(277): /Weather/Current/ValidWeatherData.temp 
#1318465 10.07.2026 19:57:09 : EVT ANALYTICS : Sync start
#1318466 10.07.2026 19:57:09 : EVT ANALYTICS : Sync start
#1318467 10.07.2026 19:57:11 : EVT ANALYTICS : #sf R:5 A:Xiamen-fw_2.53.42.29545-V-8b67dbcf
#1318468 10.07.2026 19:57:26 : EVT ANALYTICS : #sf R:5 A:Xiamen-fw_2.53.42.29545-V-8b67dbcf
#1318469 10.07.2026 19:57:28 : EVT WBSTORAGE : CACHE_DEFRAG (752->760, 24->24, 25)
#1318470 10.07.2026 19:57:32 : EVT ANALYTICS : #sf R:5 A:Xiamen-fw_2.53.42.29545-V-8b67dbcf
#1318471 10.07.2026 19:59:00 : EVT TRAININGLAB : Notify sent:Daily energy target reached
#1318472 10.07.2026 19:59:17 : EVT ANALYTICS : #sf R:5 A:Xiamen-fw_2.53.42.29545-V-8b67dbcf
#1318473 10.07.2026 20:00:01 : ERR WBMAIN : *0: app 1289 Event 24 80892700
#1318474 10.07.2026 20:00:01 : ERR WBMAIN : 1: mea 0 Event 3 80891701
#1318475 10.07.2026 20:00:01 : ERR WBMAIN : 2: ui 18 Wait 0 00000000
#1318476 10.07.2026 20:00:01 : EVT <Unknown> : pwr daily,ontime:20
#1318477 10.07.2026 20:00:01 : EVT WBSTORAGE : CACHE_DEFRAG (520->536, 24->24, 25)
#1318478 10.07.2026 20:00:01 : EVT WEATHER : t:495473, d:1
#1318479 10.07.2026 20:10:01 : ERR WBMAIN : *0: app 1024 Event 24 80892700
#1318480 10.07.2026 20:10:01 : ERR WBMAIN : 1: mea 0 Event 3 80891701
#1318481 10.07.2026 20:10:01 : ERR WBMAIN : 2: ui 19 Wait 0 00000000
#1318482 10.07.2026 20:10:01 : TRC FUEL_GAUGE : batFgLevel cur:98%, prev:99%
#1318483 10.07.2026 20:19:02 : EVT WBSTORAGE : CACHE_DEFRAG (424->440, 24->24, 25)
#1318484 10.07.2026 20:19:03 : EVT ANALYTICS : #sf R:5 A:Xiamen-fw_2.53.42.29545-V-8b67dbcf
#1318485 10.07.2026 20:19:04 : EVT ANALYTICS : Weather sync ok d:3600 f:0
#1318486 10.07.2026 20:19:04 : EVT WBSTORAGE : CACHE_DEFRAG (384->400, 24->24, 25)
#1318487 10.07.2026 20:19:04 : EVT ANALYTICS : synced city:Winterthur
#1318488 10.07.2026 20:19:04 : EVT GPS : Last known coordinate:lat:474944434, lon:87138418
#1318489 10.07.2026 20:27:01 : TRC FUEL_GAUGE : Batt: 4418 mV (raw: 4419) soc: 98 %, T: 33.5 C,H:104
#1318490 10.07.2026 20:30:00 : ERR WBMAIN : *0: app 947 Event 24 80892700
#1318491 10.07.2026 20:30:00 : ERR WBMAIN : 1: mea 0 Event 3 80891701
#1318492 10.07.2026 20:30:00 : ERR WBMAIN : 2: ui 79 Wait 0 00000000
#1318493 10.07.2026 20:48:25 : TRC SETTINGS : UTC:1783709306|60 DST:1|120|1774746000|1792890000
#1318494 10.07.2026 20:48:25 : TRC SETTINGS : TMZ:|Europe/Zurich|
#1318495 10.07.2026 20:48:25 : EVT ANALYTICS : #sf R:5 A:Xiamen-fw_2.53.42.29545-V-8b67dbcf
#1318496 10.07.2026 20:48:25 : EVT WBSTORAGE : CACHE_DEFRAG (328->336, 24->24, 25)
#1318497 10.07.2026 20:48:25 : EVT ANALYTICS : Sync start
#1318498 10.07.2026 20:48:26 : EVT ANALYTICS : Sync start
#1318499 10.07.2026 20:48:30 : EVT ANALYTICS : Weather sync ok d:1740 f:0
#1318500 10.07.2026 20:48:31 : EVT ANALYTICS : synced city:Winterthur
#1318501 10.07.2026 20:48:31 : EVT GPS : Last known coordinate:lat:474944538, lon:87138549
#1318502 10.07.2026 20:48:31 : EVT ANALYTICS : #sf R:5 A:Xiamen-fw_2.53.42.29545-V-8b67dbcf
#1318503 10.07.2026 20:48:35 : EVT ANALYTICS : #sf R:5 A:Xiamen-fw_2.53.42.29545-V-8b67dbcf
#1318504 10.07.2026 20:48:36 : EVT ANALYTICS : #sf R:5 A:Xiamen-fw_2.53.42.29545-V-8b67dbcf
#1318505 10.07.2026 20:48:50 : EVT ANALYTICS : #sf R:5 A:Xiamen-fw_2.53.42.29545-V-8b67dbcf
#1318506 10.07.2026 20:51:29 : ERR WBMAIN : *0: app 1034 Event 36 80005310
#1318507 10.07.2026 20:51:29 : ERR WBMAIN : 1: mea 12 Wait 0 00000000
#1318508 10.07.2026 20:51:29 : ERR WBMAIN : 2: ui 11 Wait 0 00000000
#1318509 10.07.2026 20:51:35 : EVT APPLICATION : Plugin zzclimen.zip as type:[2]
#1318510 10.07.2026 20:51:36 : ERR WBMAIN : *0: app 1462 Event 36 80005310
#1318511 10.07.2026 20:51:36 : ERR WBMAIN : 1: mea 69 Wait 0 00000000
#1318512 10.07.2026 20:51:36 : ERR WBMAIN : 2: ui 68 Wait 0 00000000
#1318513 10.07.2026 20:51:37 : EVT ANALYTICS : #sf R:5 A:Xiamen-fw_2.53.42.29545-V-8b67dbcf
#1318514 10.07.2026 20:51:39 : ERR WBMAIN : *0: app 926 Event 36 80005310
#1318515 10.07.2026 20:51:39 : ERR WBMAIN : 1: mea 1 Wait 0 00000000
#1318516 10.07.2026 20:51:39 : ERR WBMAIN : 2: ui 1 Wait 0 00000000
#1318517 10.07.2026 20:51:45 : EVT APPLICATION : Plugin zzclimen.zip as type:[2]
#1318518 10.07.2026 20:51:47 : ERR WBMAIN : *0: app 1462 Event 36 80005310
#1318519 10.07.2026 20:51:47 : ERR WBMAIN : 1: mea 70 Wait 0 00000000
#1318520 10.07.2026 20:51:47 : ERR WBMAIN : 2: ui 68 Wait 0 00000000
#1318521 10.07.2026 20:51:47 : EVT ANALYTICS : #sf R:5 A:Xiamen-fw_2.53.42.29545-V-8b67dbcf
#1318522 10.07.2026 21:00:00 : EVT <Unknown> : pwr daily,ontime:21
#1318523 10.07.2026 21:00:00 : EVT WEATHER : t:495474, d:1
#1318524 10.07.2026 21:05:25 : TRC SETTINGS : UTC:1783710325|60 DST:1|120|1774746000|1792890000
#1318525 10.07.2026 21:05:25 : TRC SETTINGS : TMZ:|Europe/Zurich|
#1318526 10.07.2026 21:05:27 : ERR WBMAIN : *0: app 983 Event 36 80005310
#1318527 10.07.2026 21:05:27 : ERR WBMAIN : 1: mea 22 Wait 0 00000000
#1318528 10.07.2026 21:05:27 : ERR WBMAIN : 2: ui 12 Wait 0 00000000
#1318529 10.07.2026 21:05:33 : EVT APPLICATION : Plugin zzclimen.zip as type:[2]
#1318530 10.07.2026 21:05:35 : ERR WBMAIN : *0: app 1553 Event 36 80005310
#1318531 10.07.2026 21:05:35 : ERR WBMAIN : 1: mea 21 Wait 0 00000000
#1318532 10.07.2026 21:05:35 : ERR WBMAIN : 2: ui 10 Wait 0 00000000
#1318533 10.07.2026 21:05:35 : EVT ANALYTICS : Sync start
#1318534 10.07.2026 21:05:35 : EVT ANALYTICS : Sync start
#1318535 10.07.2026 21:05:40 : EVT ANALYTICS : Weather sync ok d:1020 f:0
#1318536 10.07.2026 21:05:40 : EVT ANALYTICS : synced city:Winterthur
#1318537 10.07.2026 21:05:40 : EVT GPS : Last known coordinate:lat:474944766, lon:87138934
#1318538 10.07.2026 21:05:41 : EVT ANALYTICS : #sf R:5 A:Xiamen-fw_2.53.42.29545-V-8b67dbcf
#1318539 10.07.2026 21:13:55 : TRC SETTINGS : UTC:1783710835|60 DST:1|120|1774746000|1792890000
#1318540 10.07.2026 21:13:55 : TRC SETTINGS : TMZ:|Europe/Zurich|
#1318541 10.07.2026 21:13:57 : ERR WBMAIN : *0: app 1011 Event 36 80005310
#1318542 10.07.2026 21:13:57 : ERR WBMAIN : 1: mea 69 Wait 0 00000000
#1318543 10.07.2026 21:13:57 : ERR WBMAIN : 2: ui 68 Wait 0 00000000
#1318544 10.07.2026 21:14:03 : EVT APPLICATION : Plugin zzclimen.zip as type:[2]
#1318545 10.07.2026 21:14:05 : ERR WBMAIN : *0: app 1543 Event 36 80005310
#1318546 10.07.2026 21:14:05 : ERR WBMAIN : 1: mea 0 DPC 4 00568931
#1318547 10.07.2026 21:14:05 : ERR WBMAIN : 2: ui 40 Wait 0 00000000
#1318548 10.07.2026 21:14:05 : EVT ANALYTICS : Sync start
#1318549 10.07.2026 21:14:06 : EVT ANALYTICS : Sync start
#1318550 10.07.2026 21:14:08 : EVT ANALYTICS : Weather sync ok d:540 f:0
#1318551 10.07.2026 21:14:08 : EVT ANALYTICS : synced city:Winterthur
#1318552 10.07.2026 21:14:08 : EVT GPS : Last known coordinate:lat:474945259, lon:87139621
#1318553 10.07.2026 21:14:08 : EVT ANALYTICS : #sf R:5 A:Xiamen-fw_2.53.42.29545-V-8b67dbcf
#1318554 10.07.2026 21:16:38 : TRC SETTINGS : UTC:1783710997|60 DST:1|120|1774746000|1792890000
#1318555 10.07.2026 21:16:38 : TRC SETTINGS : TMZ:|Europe/Zurich|
#1318556 10.07.2026 21:16:39 : ERR WBMAIN : *0: app 946 Event 36 80005310
#1318557 10.07.2026 21:16:39 : ERR WBMAIN : 1: mea 39 Wait 0 00000000
#1318558 10.07.2026 21:16:39 : ERR WBMAIN : 2: ui 55 Wait 0 00000000
#1318559 10.07.2026 21:16:46 : EVT APPLICATION : Plugin zzclimen.zip as type:[2]
#1318560 10.07.2026 21:16:47 : ERR WBMAIN : *0: app 1548 Event 36 80005310
#1318561 10.07.2026 21:16:47 : ERR WBMAIN : 1: mea 54 Wait 0 00000000
#1318562 10.07.2026 21:16:47 : ERR WBMAIN : 2: ui 44 Wait 0 00000000
#1318563 10.07.2026 21:16:47 : EVT ANALYTICS : Sync start
#1318564 10.07.2026 21:16:48 : EVT ANALYTICS : Sync start
#1318565 10.07.2026 21:16:50 : EVT ANALYTICS : Weather sync ok d:120 f:0
#1318566 10.07.2026 21:16:50 : EVT ANALYTICS : synced city:Winterthur
#1318567 10.07.2026 21:16:50 : EVT GPS : Last known coordinate:lat:474945259, lon:87139621
#1318568 10.07.2026 21:16:51 : EVT ANALYTICS : #sf R:5 A:Xiamen-fw_2.53.42.29545-V-8b67dbcf
#1318569 10.07.2026 21:19:01 : EVT ANALYTICS : Weather sync ok d:180 f:0
#1318570 10.07.2026 21:19:01 : EVT ANALYTICS : synced city:Winterthur
#1318571 10.07.2026 21:19:02 : EVT GPS : Last known coordinate:lat:474945259, lon:87139621
#1318572 10.07.2026 21:19:02 : EVT ANALYTICS : #sf R:5 A:Xiamen-fw_2.53.42.29545-V-8b67dbcf
#1318573 10.07.2026 21:19:30 : EVT ANALYTICS : Weather sync TO
#1318574 10.07.2026 21:20:00 : ERR WBMAIN : *0: app 835 Event 24 80892700
#1318575 10.07.2026 21:20:00 : ERR WBMAIN : 1: mea 0 Event 3 80891701
#1318576 10.07.2026 21:20:00 : ERR WBMAIN : 2: ui 69 Wait 0 00000000
#1318577 10.07.2026 21:26:38 : TRC SETTINGS : UTC:1783711599|60 DST:1|120|1774746000|1792890000
#1318578 10.07.2026 21:26:38 : TRC SETTINGS : TMZ:|Europe/Zurich|
#1318579 10.07.2026 21:26:41 : ERR WBMAIN : *0: app 970 Event 36 80005310
#1318580 10.07.2026 21:26:41 : ERR WBMAIN : 1: mea 33 Wait 0 00000000
#1318581 10.07.2026 21:26:41 : ERR WBMAIN : 2: ui 24 Wait 0 00000000
#1318582 10.07.2026 21:26:47 : EVT APPLICATION : Plugin zzclimen.zip as type:[2]
#1318583 10.07.2026 21:26:49 : ERR WBMAIN : *0: app 1551 Event 36 80005310
#1318584 10.07.2026 21:26:49 : ERR WBMAIN : 1: mea 17 Wait 0 00000000
#1318585 10.07.2026 21:26:49 : ERR WBMAIN : 2: ui 9 Wait 0 00000000
#1318586 10.07.2026 21:26:49 : EVT ANALYTICS : Sync start
#1318587 10.07.2026 21:26:49 : EVT ANALYTICS : Sync start
#1318588 10.07.2026 21:26:54 : EVT ANALYTICS : Weather sync ok d:420 f:1
#1318589 10.07.2026 21:26:54 : EVT ANALYTICS : synced city:Winterthur
#1318590 10.07.2026 21:26:54 : EVT GPS : Last known coordinate:lat:474944652, lon:87138433
#1318591 10.07.2026 21:26:55 : EVT ANALYTICS : #sf R:5 A:Xiamen-fw_2.53.42.29545-V-8b67dbcf
#1318592 10.07.2026 21:28:01 : TRC FUEL_GAUGE : Batt: 4414 mV (raw: 4414) soc: 98 %, T: 33.5 C,H:104
#1318593 10.07.2026 21:30:59 : TRC SETTINGS : UTC:1783711859|60 DST:1|120|1774746000|1792890000
#1318594 10.07.2026 21:30:59 : TRC SETTINGS : TMZ:|Europe/Zurich|
#1318595 10.07.2026 21:31:01 : ERR WBMAIN : *0: app 1017 Event 36 80005310
#1318596 10.07.2026 21:31:01 : ERR WBMAIN : 1: mea 54 Wait 0 00000000
#1318597 10.07.2026 21:31:01 : ERR WBMAIN : 2: ui 54 Wait 0 00000000
#1318598 10.07.2026 21:31:06 : EVT APPLICATION : Plugin zzclimen.zip as type:[2]
#1318599 10.07.2026 21:31:08 : ERR WBMAIN : *0: app 1469 Event 36 80005310
#1318600 10.07.2026 21:31:08 : ERR WBMAIN : 1: mea 44 Wait 0 00000000
#1318601 10.07.2026 21:31:08 : ERR WBMAIN : 2: ui 44 Wait 0 00000000
#1318602 10.07.2026 21:31:08 : EVT ANALYTICS : Sync start
#1318603 10.07.2026 21:31:09 : EVT ANALYTICS : Sync start
#1318604 10.07.2026 21:31:10 : EVT ANALYTICS : Weather sync ok d:300 f:0
#1318605 10.07.2026 21:31:10 : EVT ANALYTICS : synced city:Winterthur
#1318606 10.07.2026 21:31:10 : EVT GPS : Last known coordinate:lat:474944652, lon:87138433
#1318607 10.07.2026 21:31:11 : EVT ANALYTICS : #sf R:5 A:Xiamen-fw_2.53.42.29545-V-8b67dbcf
#1318608 10.07.2026 21:34:17 : ERR WBMAIN : *0: app 1065 Event 36 80005310
#1318609 10.07.2026 21:34:17 : ERR WBMAIN : 1: mea 76 Wait 0 00000000
#1318610 10.07.2026 21:34:17 : ERR WBMAIN : 2: ui 67 Wait 0 00000000
#1318611 10.07.2026 21:34:23 : EVT APPLICATION : Plugin zzclimen.zip as type:[2]
#1318612 10.07.2026 21:34:24 : ERR WBMAIN : *0: app 1540 Event 36 80005310
#1318613 10.07.2026 21:34:24 : ERR WBMAIN : 1: mea 31 Wait 0 00000000
#1318614 10.07.2026 21:34:24 : ERR WBMAIN : 2: ui 49 Wait 0 00000000
#1318615 10.07.2026 21:34:25 : EVT ANALYTICS : #sf R:5 A:Xiamen-fw_2.53.42.29545-V-8b67dbcf
#1318616 10.07.2026 21:40:00 : ERR WBMAIN : *0: app 851 Event 24 80892700
#1318617 10.07.2026 21:40:00 : ERR WBMAIN : 1: mea 1 Event 3 80891701
#1318618 10.07.2026 21:40:00 : ERR WBMAIN : 2: ui 85 Wait 0 00000000
#1318619 10.07.2026 22:00:00 : ERR WBMAIN : *0: app 759 Event 24 80892700
#1318620 10.07.2026 22:00:00 : ERR WBMAIN : 1: mea 0 Event 3 80891701
#1318621 10.07.2026 22:00:00 : ERR WBMAIN : 2: ui 91 Wait 0 00000000
#1318622 10.07.2026 22:00:00 : EVT <Unknown> : pwr daily,ontime:22
#1318623 10.07.2026 22:00:00 : EVT WEATHER : t:495475, d:1
#1318624 10.07.2026 22:10:00 : ERR WBMAIN : *0: app 526 Event 24 80892700
#1318625 10.07.2026 22:10:00 : ERR WBMAIN : 1: mea 0 Event 3 80891701
#1318626 10.07.2026 22:10:00 : ERR WBMAIN : 2: ui 55 Wait 0 00000000
#1318627 10.07.2026 22:19:03 : EVT ANALYTICS : #sf R:5 A:Xiamen-fw_2.53.42.29545-V-8b67dbcf
#1318628 10.07.2026 22:19:04 : EVT ANALYTICS : Weather sync ok d:2880 f:0
#1318629 10.07.2026 22:19:04 : EVT ANALYTICS : synced city:Winterthur
#1318630 10.07.2026 22:19:04 : EVT GPS : Last known coordinate:lat:474945023, lon:87139271
#1318631 10.07.2026 22:20:00 : ERR WBMAIN : *0: app 635 Event 24 80892700
#1318632 10.07.2026 22:20:00 : ERR WBMAIN : 1: mea 1 Event 3 80891701
#1318633 10.07.2026 22:20:00 : ERR WBMAIN : 2: ui 69 Wait 0 00000000
#1318634 10.07.2026 22:29:01 : TRC FUEL_GAUGE : Batt: 4411 mV (raw: 4410) soc: 98 %, T: 33.6 C,H:104
#1318635 10.07.2026 22:30:00 : ERR WBMAIN : *0: app 890 Event 24 80892700
#1318636 10.07.2026 22:30:00 : ERR WBMAIN : 1: mea 0 Event 3 80891701
#1318637 10.07.2026 22:30:00 : ERR WBMAIN : 2: ui 26 Wait 0 00000000
#1318638 10.07.2026 22:36:22 : EVT BLE : ANCS #1714411134 S02 C6 f02 t1783722982 s6
#1318639 10.07.2026 22:36:23 : EVT BRIGHTNESS : Custom state pwr:[3,-1] bri:[-1.00,-1.00]
#1318640 10.07.2026 22:36:32 : EVT BRIGHTNESS : Custom state pwr:[-1,-1] bri:[-1.00,-1.00]
#1318641 10.07.2026 22:38:01 : TRC FUEL_GAUGE : batFgLevel cur:97%, prev:98%
#1318642 10.07.2026 22:40:00 : ERR WBMAIN : *0: app 972 Event 24 80892700
#1318643 10.07.2026 22:40:00 : ERR WBMAIN : 1: mea 0 Event 3 80891701
#1318644 10.07.2026 22:40:00 : ERR WBMAIN : 2: ui 6 Wait 0 00000000
#1318645 10.07.2026 22:42:57 : EVT BLE : ANCS #1714411134 S02 C6 f02 t1783723377 s8
#1318646 10.07.2026 22:42:57 : EVT BRIGHTNESS : Custom state pwr:[3,-1] bri:[-1.00,-1.00]
#1318647 10.07.2026 22:42:57 : EVT BLE : ANCS #1714411134 S02 C6 f02 t1783723378 s10
#1318648 10.07.2026 22:42:57 : EVT BRIGHTNESS : Custom state pwr:[-1,-1] bri:[-1.00,-1.00]
#1318649 10.07.2026 22:42:57 : EVT BRIGHTNESS : Custom state pwr:[3,-1] bri:[-1.00,-1.00]
#1318650 10.07.2026 22:42:58 : EVT BRIGHTNESS : Custom state pwr:[-1,-1] bri:[-1.00,-1.00]
#1318651 10.07.2026 22:50:01 : ERR WBMAIN : *0: app 1102 Event 24 80892700
#1318652 10.07.2026 22:50:01 : ERR WBMAIN : 1: mea 1 Event 3 80891701
#1318653 10.07.2026 22:50:01 : ERR WBMAIN : 2: ui 3 Wait 0 00000000
#1318654 10.07.2026 23:00:00 : EVT <Unknown> : pwr daily,ontime:23
#1318655 10.07.2026 23:00:00 : EVT WEATHER : t:495476, d:1
#1318656 10.07.2026 23:00:00 : EVT SLEEP : DND ON
#1318657 10.07.2026 23:00:00 : EVT BRIGHTNESS : Custom state pwr:[1,-1] bri:[-1.00,-1.00]
#1318658 10.07.2026 23:00:05 : EVT BRIGHTNESS : Custom state pwr:[-1,-1] bri:[-1.00,-1.00]
#1318659 10.07.2026 23:01:00 : EVT SEDENTARY : stop monitoring
#1318660 10.07.2026 23:06:36 : TRC BLE : SVC M/F000 disabled
#1318661 10.07.2026 23:06:36 : EVT WBCOMM : Route lost: ECSD00000003
#1318662 10.07.2026 23:06:36 : EVT BLE : DEV M disconnected
#1318663 10.07.2026 23:07:04 : EVT BLE : DEV M connected
#1318664 10.07.2026 23:07:04 : TRC BLE : SVC M/F000 enabled
#1318665 10.07.2026 23:07:04 : EVT WBCOMM : P-9 connection made to ECSD00000000
#1318666 10.07.2026 23:07:04 : EVT WBCOMM : New Route: ECSD00000000
#1318667 10.07.2026 23:07:12 : EVT APPLICATION : Plugin prbp5000.zip as type:[2]
#1318668 10.07.2026 23:07:13 : TRC BLE : SVC M/F000 disabled
#1318669 10.07.2026 23:07:13 : EVT WBCOMM : Route lost: ECSD00000000
#1318670 10.07.2026 23:07:15 : EVT BLE : DEV M disconnected
#1318671 10.07.2026 23:07:59 : EVT WBSTORAGE : CACHE_DEFRAG (320->328, 24->24, 25)
#1318672 10.07.2026 23:08:07 : EVT WBSTORAGE : CACHE_DEFRAG (240->248, 24->24, 25)
#1318673 10.07.2026 23:08:07 : TRC NAVIGATION : CG: no climb WP
#1318674 10.07.2026 23:08:07 : TRC NAVIGATION : CG:init ZoomType=0
#1318675 10.07.2026 23:08:07 : EVT NAVIGATION : initSeg Idx=0 D=1 T=0 3-0-4
#1318676 10.07.2026 23:08:08 : EVT ALTIFUSION : AltiBaroMode:0
#1318677 10.07.2026 23:08:08 : EVT ALTIFUSION : Init AltiBaro
#1318678 10.07.2026 23:08:08 : EVT APPLICATION : Zapp zwc05901:Disable
#1318679 10.07.2026 23:08:08 : EVT ANALYTICS : Zapp disabled i:3 h:ddb248f2 n:Vector classic
#1318680 10.07.2026 23:08:08 : EVT ANALYTICS : SleepQ:Tracking:On
#1318681 10.07.2026 23:08:08 : EVT ALTIFUSION : AltiBaroMode:0
#1318682 10.07.2026 23:08:08 : EVT ALTIFUSION : Init AltiBaro
#1318683 10.07.2026 23:08:08 : EVT WBSTORAGE : CACHE_DEFRAG (200->928, 24->24, 25)
#1318684 10.07.2026 23:08:08 : EVT UI_FRAMEWORK : JS nsto enable zapp: prbp4100
#1318685 10.07.2026 23:08:08 : EVT UI_FRAMEWORK : JS nsto enable zapp: zzwethen
#1318686 10.07.2026 23:08:08 : EVT UI_FRAMEWORK : JS nsto enable zapp: zzmoveen
#1318687 10.07.2026 23:08:08 : EVT APPLICATION : Zapp zzwethen:Load script
#1318688 10.07.2026 23:08:08 : EVT APPLICATION : Zapp zzwethen:Enable
#1318689 10.07.2026 23:08:08 : EVT ANALYTICS : Zapp enabled i:8 h:3f77f8ec n:zzwethen v:ade
#1318690 10.07.2026 23:08:08 : EVT APPLICATION : Zapp clid:32878
#1318691 10.07.2026 23:08:08 : EVT APPLICATION : Zapp zzmoveen:Load script
#1318692 10.07.2026 23:08:08 : EVT APPLICATION : Zapp zzmoveen:Enable
#1318693 10.07.2026 23:08:08 : EVT ANALYTICS : Zapp enabled i:6 h:7aac0887 n:zzmoveen v:8e0
#1318694 10.07.2026 23:08:08 : EVT UI_FRAMEWORK : evalFile: b:/zapp/zzmoveen.fea/ext1.js from ui
#1318695 10.07.2026 23:08:08 : EVT APPLICATION : Zapp clid:32879
#1318696 10.07.2026 23:08:08 : EVT UI_FRAMEWORK : JS nsto all zapps enabled.
#1318697 10.07.2026 23:08:08 : EVT UI_FRAMEWORK : JS Prestart Activity Id: 16.000
#1318698 10.07.2026 23:08:08 : WRN WBAPI : eID-691468(277): /Dive/Alarms/Acknowledge 404
#1318699 10.07.2026 23:08:08 : WRN WBAPI : eID-691468(277): /Dive/DiveGases 404
#1318700 10.07.2026 23:08:08 : WRN WBAPI : eID-691468(277): /Dive/Gauge/Next 404
#1318701 10.07.2026 23:08:08 : EVT WBSTORAGE : CACHE_DEFRAG (880->888, 24->24, 25)
#1318702 10.07.2026 23:08:08 : EVT WBSTORAGE : CACHE_DEFRAG (816->824, 24->24, 25)
#1318703 10.07.2026 23:08:08 : EVT WBSTORAGE : CACHE_DEFRAG (752->760, 24->24, 25)
#1318704 10.07.2026 23:08:08 : EVT BLE : BLE Sensor Link 4800180D Conn (--E-:00:1)
#1318705 10.07.2026 23:08:08 : WRN BLE : sendConnect 6157
#1318706 10.07.2026 23:08:09 : EVT GPS : LocationProviderImpl:sub Best
#1318707 10.07.2026 23:08:09 : TRC GPS : Full GNSS data subd l:15 c:80160010
#1318708 10.07.2026 23:08:09 : WRN WBAPI : eID-691468(277): /Dive/TankPressure/Alarm/Count 404
#1318709 10.07.2026 23:08:09 : EVT SPEEDFUSION : INFO # start speed fusion
#1318710 10.07.2026 23:08:09 : EVT SPEEDFUSION : Act:16,Acc:0,BPod:0,FPod:0,PPod:0,BeltPod:1
#1318711 10.07.2026 23:08:09 : EVT SPEEDFUSION : INFO # Start algo without wrist acc
#1318712 10.07.2026 23:08:09 : EVT <Unknown> : Update pres sampl intrvl:1
#1318713 10.07.2026 23:08:09 : TRC GPS : Power enabled
#1318714 10.07.2026 23:08:09 : EVT OHR : S:start 0x21a3
#1318715 10.07.2026 23:08:09 : EVT <Unknown> : 1783717687688:Meas start 0x21a3
#1318716 10.07.2026 23:08:10 : TRC GPS : Stat report:1
#1318717 10.07.2026 23:08:10 : TRC GPS : @GTIM 2026 7 10 21 8 10
#1318718 10.07.2026 23:08:10 : TRC GPS : Done:GTI
#1318719 10.07.2026 23:08:10 : TRC GPS : GNS setting 0x1fcb
#1318720 10.07.2026 23:08:10 : TRC GPS : @GSR
#1318721 10.07.2026 23:08:11 : TRC GPS : Done:GSR
#1318722 10.07.2026 23:08:16 : EVT APPLICATION : Zapp prbp5000:Load script
#1318723 10.07.2026 23:08:16 : EVT APPLICATION : Zapp prbp5000:Enable
#1318724 10.07.2026 23:08:16 : EVT ANALYTICS : Zapp enabled i:16 h:bc866476 n:prbp5000 v:1.0
#1318725 10.07.2026 23:08:16 : EVT APPLICATION : Zapp clid:32880
#1318726 10.07.2026 23:08:17 : EVT WBSTORAGE : CACHE_DEFRAG (680->712, 24->24, 25)
#1318727 10.07.2026 23:08:18 : EVT BLE : lt,scan 1
#1318728 10.07.2026 23:08:18 : WRN BLE : sendDisconnect 6157
#1318729 10.07.2026 23:08:18 : ERR BLE : [AURA]No filters left, stopping scan
#1318730 10.07.2026 23:08:18 : ERR BLE : [AURA]Filter with handle 72 not found
#1318731 10.07.2026 23:08:18 : EVT BLE : packet 0 sensor found count 1
#1318732 10.07.2026 23:08:18 : EVT BLE : packet 0 sensor found count 2
#1318733 10.07.2026 23:08:18 : EVT ANALYTICS : #FusHr src:2 time:10136
#1318734 10.07.2026 23:08:27 : EVT ANALYTICS : #FusHr src:2 time:0
#1318735 10.07.2026 23:08:27 : WRN WBAPI : eID-691468(277): /Dive/Alarms/Acknowledge 404
#1318736 10.07.2026 23:08:27 : EVT GPS : LocationProviderImpl:sub Passive
#1318737 10.07.2026 23:08:27 : TRC GPS : Full GNSS data subd l:0 c:80160010
#1318738 10.07.2026 23:08:27 : WRN WBAPI : eID-691468(277): /Dive/DiveGases 404
#1318739 10.07.2026 23:08:27 : WRN WBAPI : eID-691468(277): /Dive/Gauge/Next 404
#1318740 10.07.2026 23:08:27 : EVT TRAININGLAB : TLab:~Mode T 20912 + 2778 A 6020 + 170
#1318741 10.07.2026 23:08:27 : EVT TRAININGLAB : TLab:Change mode 2->3
#1318742 10.07.2026 23:08:27 : EVT TRAININGLAB : TLab:Mode::userInfo 60, 200, 1, 37, 182, 950, 1990
#1318743 10.07.2026 23:08:27 : ERR BLE : [AURA]No filters left, stopping scan
#1318744 10.07.2026 23:08:27 : EVT LOGGER : Log space:30505429 bytes free
#1318745 10.07.2026 23:08:27 : TRC GPS : GnssServiceLevel::PASSIVE
#1318746 10.07.2026 23:08:27 : EVT TRAININGLAB : ModeUnsub:2800
#1318747 10.07.2026 23:08:27 : TRC GPS : @GSTP
#1318748 10.07.2026 23:08:27 : EVT TRAININGLAB : ModeSub:9004
#1318749 10.07.2026 23:08:27 : EVT TRAININGLAB : TLab:Select input 0
#1318750 10.07.2026 23:08:27 : EVT TRAININGLAB : Tlab:HR src is 2
#1318751 10.07.2026 23:08:27 : EVT TRAININGLAB : TLab:Active input 0
#1318752 10.07.2026 23:08:27 : EVT LOGGER : Exercise started
#1318753 10.07.2026 23:08:27 : TRC GPS : Full GNSS data subd l:0 c:802b0000
#1318754 10.07.2026 23:08:27 : EVT TRAININGLAB : TLab:Active input 1
#1318755 10.07.2026 23:08:28 : TRC GPS : @BUP
#1318756 10.07.2026 23:08:29 : EVT ANALYTICS : Battery-> 3 soc:97
#1318757 10.07.2026 23:08:29 : EVT ANALYTICS : #FusHr src:2 time:0
#1318758 10.07.2026 23:08:29 : EVT ANALYTICS : #Act id:16
#1318759 10.07.2026 23:08:29 : EVT ANALYTICS : #powersave mode:p temp:33.3
#1318760 10.07.2026 23:08:29 : EVT ANALYTICS : GPSMODE:NOTUSED
#1318761 10.07.2026 23:08:29 : EVT ANALYTICS : #gnss d:2026-07-10T00:00:00Z
#1318762 10.07.2026 23:08:29 : EVT ANALYTICS : #zapp n:PrbP5 e:1
#1318763 10.07.2026 23:08:29 : EVT ANALYTICS : #zapp n:Weather e:1
#1318764 10.07.2026 23:08:29 : EVT ANALYTICS : #zapp n:Movement e:1
#1318765 10.07.2026 23:08:30 : TRC GPS : Done:BUP
#1318766 10.07.2026 23:08:30 : TRC GPS : Power disabled
#1318767 10.07.2026 23:08:35 : EVT ANALYTICS : #ws AID:16 BM:1 NS:1 SP:3 ZN:0 TG:0 BL:0 GPS:0
#1318768 10.07.2026 23:08:35 : EVT ANALYTICS : #2ws AID:16 WHR:1 INT:0 AL:0 AP:0 FE:1 MC:1 TH:0
#1318769 10.07.2026 23:08:50 : EVT LOGGER : LGR 934, 80
#1318770 10.07.2026 23:09:28 : EVT UI_FRAMEWORK : evalFile: b:/zapp/prbp5000.fea/ext92.js from ui
#1318771 10.07.2026 23:09:28 : EVT LOGGER : Exercise paused
#1318772 10.07.2026 23:09:37 : EVT <Unknown> : 1783717774859:Off Skin Set.
#1318773 10.07.2026 23:09:37 : EVT APPLICATION : Zapp zzmoveen:Disable
#1318774 10.07.2026 23:09:37 : EVT ANALYTICS : Zapp disabled i:6 h:7aac0887 n:Movement
#1318775 10.07.2026 23:09:37 : EVT UI_FRAMEWORK : evalFile: b:/zapp/zzmoveen.fea/ext2.js from ui
#1318776 10.07.2026 23:09:37 : EVT APPLICATION : Zapp zzwethen:Disable
#1318777 10.07.2026 23:09:37 : EVT ANALYTICS : Zapp disabled i:8 h:3f77f8ec n:Weather
#1318778 10.07.2026 23:09:37 : EVT APPLICATION : Zapp prbp5000:Disable
#1318779 10.07.2026 23:09:37 : EVT ANALYTICS : Zapp disabled i:16 h:bc866476 n:PrbP5
#1318780 10.07.2026 23:09:37 : EVT UI_FRAMEWORK : JS discard disable zapps
#1318781 10.07.2026 23:09:37 : EVT UI_FRAMEWORK : JS will discard
#1318782 10.07.2026 23:09:37 : EVT SPEEDFUSION : INFO # stop speed fusion
#1318783 10.07.2026 23:09:37 : EVT <Unknown> : Update pres sampl intrvl:5
#1318784 10.07.2026 23:09:37 : WRN APPLICATION : discard hrr meas l:3 d:0 sh:75 mh:75 v:0
#1318785 10.07.2026 23:09:37 : WRN WBAPI : eID-698eec(583/65535): 404
#1318786 10.07.2026 23:09:37 : EVT GPS : LocationProviderImpl:sub Best
#1318787 10.07.2026 23:09:37 : TRC GPS : Full GNSS data subd l:15 c:80160010
#1318788 10.07.2026 23:09:37 : EVT TRAININGZONE : User Define Mode:5
#1318789 10.07.2026 23:09:37 : EVT TRAININGZONE : Tss HR:0.52
#1318790 10.07.2026 23:09:37 : EVT TRAININGZONE : A:16,Tss:[-200.00,-200.00,-200.00,0.52]
#1318791 10.07.2026 23:09:37 : EVT TRAININGLAB : AppFeature Vo2Max 0.000000
#1318792 10.07.2026 23:09:37 : EVT TRAININGLAB : TLab:~Mode T 23690 + 35 A 6190 + 20
#1318793 10.07.2026 23:09:37 : EVT TRAININGLAB : TLab:Change mode 3->2
#1318794 10.07.2026 23:09:37 : EVT TRAININGLAB : TLab:Mode::userInfo 60, 200, 1, 37, 182, 950, 1990
#1318795 10.07.2026 23:09:37 : EVT LOGGER : LGR 934, 80
#1318796 10.07.2026 23:09:37 : EVT TRAININGLAB : ModeUnsub:9145
#1318797 10.07.2026 23:09:37 : EVT OHR : S:start 0x2123
#1318798 10.07.2026 23:09:37 : EVT TRAININGLAB : ModeSub:0400
#1318799 10.07.2026 23:09:37 : EVT ANALYTICS : WAOae:Activity WAOae:16
#1318800 10.07.2026 23:09:37 : EVT ANALYTICS : WAOae:TotalAcc WAOae:0,0,0
#1318801 10.07.2026 23:09:37 : EVT ANALYTICS : WAOae:AccCount WAOae:0,0,0
#1318802 10.07.2026 23:09:37 : EVT ANALYTICS : WAOae:Distance WAOae:0,0,0
#1318803 10.07.2026 23:09:37 : EVT ANALYTICS : WAOae:Duration WAOae:0,0,0
#1318804 10.07.2026 23:09:37 : EVT ANALYTICS : WAOae:Coeff WAOae:0,40,240,390,773,7524,7624
#1318805 10.07.2026 23:09:37 : EVT LOGGER : Exercise stopped
#1318806 10.07.2026 23:09:37 : EVT LOGGER : HrIbiLogger stop, off (0 ms)
#1318807 10.07.2026 23:09:37 : EVT LOGGER : HrIbiLogger stopped (0 ms)
#1318808 10.07.2026 23:09:37 : TRC GPS : Unsubd c:802b0000
#1318809 10.07.2026 23:09:37 : EVT LOGGER : LGR 934, 80
#1318810 10.07.2026 23:09:37 : EVT LOGGER : LGR 934, 80
#1318811 10.07.2026 23:09:37 : TRC GPS : Power enabled
#1318812 10.07.2026 23:09:37 : EVT ANALYTICS : SleepQ:Tracking:On
#1318813 10.07.2026 23:09:38 : EVT LOGGER : Wr dpc on
#1318814 10.07.2026 23:09:38 : EVT LOGGER : LGR 20993, 56
#1318815 10.07.2026 23:09:38 : EVT <Unknown> : 1783717775611:On Skin Set.
#1318816 10.07.2026 23:09:38 : EVT <Unknown> : 1783717776022:Meas start 0x2123
#1318817 10.07.2026 23:09:38 : EVT BLE : Disconn sensor:1
#1318818 10.07.2026 23:09:38 : EVT BLE : BLE Sensor Link 4800180D Disc (L-E-:00:0)
#1318819 10.07.2026 23:09:38 : WRN BLE : sendDisconnect 6157
#1318820 10.07.2026 23:09:38 : ERR BLE : [AURA]Filter with handle 72 not found
#1318821 10.07.2026 23:09:39 : TRC GPS : Stat report:1
#1318822 10.07.2026 23:09:39 : TRC GPS : @GTIM 2026 7 10 21 9 39
#1318823 10.07.2026 23:09:39 : TRC GPS : Done:GTI
#1318824 10.07.2026 23:09:39 : TRC GPS : GNS setting 0x1fcb
#1318825 10.07.2026 23:09:39 : TRC GPS : @GSR
#1318826 10.07.2026 23:09:39 : TRC GPS : Done:GSR
#1318827 10.07.2026 23:09:39 : EVT ANALYTICS : #powersave mode:p temp:33.4
#1318828 10.07.2026 23:09:39 : EVT ANALYTICS : Battery-> 4 soc:97
#1318829 10.07.2026 23:09:48 : EVT UI_FRAMEWORK : JS feeling vs idle 1
#1318830 10.07.2026 23:09:48 : EVT UI_FRAMEWORK : JS feeling open ex-saving
#1318831 10.07.2026 23:09:48 : EVT WBSTORAGE : CACHE_DEFRAG (648->968, 24->24, 25)
#1318832 10.07.2026 23:09:48 : EVT WBSTORAGE : CACHE_DEFRAG (952->960, 24->24, 25)
#1318833 10.07.2026 23:09:48 : EVT WBSTORAGE : CACHE_DEFRAG (944->1000, 24->24, 25)
#1318834 10.07.2026 23:09:48 : TRC NAVIGATION : CG: no climb WP
#1318835 10.07.2026 23:09:48 : TRC NAVIGATION : CG:init ZoomType=0
#1318836 10.07.2026 23:09:48 : EVT NAVIGATION : initSeg Idx=0 D=1 T=0 3-0-4
#1318837 10.07.2026 23:09:48 : EVT WBSTORAGE : CACHE_DEFRAG (984->1024, 24->24, 25)
#1318838 10.07.2026 23:09:48 : EVT SPEEDFUSION : INFO # IDLE mode(-1) set
#1318839 10.07.2026 23:09:48 : EVT ALTIFUSION : AltiBaroMode:2
#1318840 10.07.2026 23:09:48 : ERR WBMAIN : *0: app 506 Event 37 8099031c
#1318841 10.07.2026 23:09:48 : ERR WBMAIN : 1: mea 0 Wait 0 00000000
#1318842 10.07.2026 23:09:48 : ERR WBMAIN : 2: ui 2 Wait 0 00000000
#1318843 10.07.2026 23:09:48 : EVT GPS : LocationProviderImpl:sub Passive
#1318844 10.07.2026 23:09:48 : TRC GPS : Full GNSS data subd l:0 c:80160010
#1318845 10.07.2026 23:09:49 : TRC GPS : GnssServiceLevel::PASSIVE
#1318846 10.07.2026 23:09:49 : TRC GPS : @GSTP
#1318847 10.07.2026 23:09:50 : TRC GPS : @BUP
#1318848 10.07.2026 23:09:51 : TRC GPS : Done:BUP
#1318849 10.07.2026 23:09:51 : TRC GPS : Power disabled
#1318850 10.07.2026 23:09:52 : EVT ANALYTICS : Duration ExSaving:3616
#1318851 10.07.2026 23:09:52 : EVT ANALYTICS : Duration ExSumBroker:360
#1318852 10.07.2026 23:09:58 : EVT UI_FRAMEWORK : JS delete log
#1318853 10.07.2026 23:09:58 : WRN LOGGER : Delete b:logs/6A515F4B
#1318854 10.07.2026 23:10:01 : ERR WBMAIN : *0: app 983 Event 24 80892700
#1318855 10.07.2026 23:10:01 : ERR WBMAIN : 1: mea 7 DPC 0 00574f4f
#1318856 10.07.2026 23:10:01 : ERR WBMAIN : 2: ui 931 Proc 0 00000000
#1318857 10.07.2026 23:10:01 : EVT WBSTORAGE : CACHE_DEFRAG (1000->1008, 24->24, 25)
#1318858 10.07.2026 23:10:01 : EVT APPLICATION : Zapp zwc05901:Load script
#1318859 10.07.2026 23:10:01 : EVT APPLICATION : Zapp zwc05901:Enable
#1318860 10.07.2026 23:10:01 : EVT ANALYTICS : Zapp enabled i:3 h:ddb248f2 n:zwc05901 v:124f
#1318861 10.07.2026 23:10:01 : WRN WBAPI : eID-691468(277): /Weather/Current/ValidWeatherData.temp 
#1318862 10.07.2026 23:10:04 : EVT WBSTORAGE : CACHE_DEFRAG (880->888, 24->24, 25)
#1318863 10.07.2026 23:10:05 : EVT WBSTORAGE : CACHE_DEFRAG (840->880, 24->24, 25)
#1318864 10.07.2026 23:10:05 : EVT WBSTORAGE : CACHE_DEFRAG (856->864, 24->24, 25)
#1318865 10.07.2026 23:10:05 : EVT WBSTORAGE : CACHE_DEFRAG (848->856, 24->24, 25)
#1318866 10.07.2026 23:10:05 : EVT WBSTORAGE : CACHE_DEFRAG (840->848, 24->24, 25)
#1318867 10.07.2026 23:10:05 : TRC NAVIGATION : CG: no climb WP
#1318868 10.07.2026 23:10:05 : TRC NAVIGATION : CG:init ZoomType=0
#1318869 10.07.2026 23:10:05 : EVT NAVIGATION : initSeg Idx=0 D=1 T=0 3-0-4
#1318870 10.07.2026 23:10:05 : EVT WBSTORAGE : CACHE_DEFRAG (832->944, 24->24, 25)
#1318871 10.07.2026 23:10:05 : EVT GPS : LocationProviderImpl:sub Best
#1318872 10.07.2026 23:10:05 : TRC GPS : Full GNSS data subd l:15 c:80160010
#1318873 10.07.2026 23:10:05 : EVT ALTIFUSION : AltiBaroMode:0
#1318874 10.07.2026 23:10:05 : EVT ALTIFUSION : Init AltiBaro
#1318875 10.07.2026 23:10:05 : ERR WBMAIN : *0: app 539 Event 37 8099331f
#1318876 10.07.2026 23:10:05 : ERR WBMAIN : 1: mea 7 Wait 0 00000000
#1318877 10.07.2026 23:10:05 : ERR WBMAIN : 2: ui 8 Wait 0 00000000
#1318878 10.07.2026 23:10:05 : EVT APPLICATION : Zapp zwc05901:Disable
#1318879 10.07.2026 23:10:05 : EVT ANALYTICS : Zapp disabled i:3 h:ddb248f2 n:Vector classic
#1318880 10.07.2026 23:10:05 : TRC GPS : Power enabled
#1318881 10.07.2026 23:10:05 : EVT ANALYTICS : SleepQ:Tracking:On
#1318882 10.07.2026 23:10:05 : EVT WBSTORAGE : CACHE_DEFRAG (920->928, 24->24, 25)
#1318883 10.07.2026 23:10:05 : EVT UI_FRAMEWORK : JS nsto enable zapp: zzwethen
#1318884 10.07.2026 23:10:05 : EVT UI_FRAMEWORK : JS nsto enable zapp: zzmoveen
#1318885 10.07.2026 23:10:05 : EVT UI_FRAMEWORK : JS nsto enable zapp: prbp5000
#1318886 10.07.2026 23:10:05 : EVT APPLICATION : Zapp zzwethen:Load script
#1318887 10.07.2026 23:10:05 : EVT GPS : LocationProviderImpl:sub Passive
#1318888 10.07.2026 23:10:05 : TRC GPS : Full GNSS data subd l:0 c:80160010
#1318889 10.07.2026 23:10:05 : EVT ALTIFUSION : AltiBaroMode:0
#1318890 10.07.2026 23:10:05 : EVT ALTIFUSION : Init AltiBaro
#1318891 10.07.2026 23:10:05 : EVT APPLICATION : Zapp zzwethen:Enable
#1318892 10.07.2026 23:10:05 : EVT ANALYTICS : Zapp enabled i:8 h:3f77f8ec n:zzwethen v:ade
#1318893 10.07.2026 23:10:05 : EVT APPLICATION : Zapp clid:32878
#1318894 10.07.2026 23:10:05 : EVT APPLICATION : Zapp zzmoveen:Load script
#1318895 10.07.2026 23:10:05 : EVT APPLICATION : Zapp zzmoveen:Enable
#1318896 10.07.2026 23:10:05 : EVT ANALYTICS : Zapp enabled i:6 h:7aac0887 n:zzmoveen v:8e0
#1318897 10.07.2026 23:10:05 : EVT UI_FRAMEWORK : evalFile: b:/zapp/zzmoveen.fea/ext1.js from ui
#1318898 10.07.2026 23:10:05 : EVT APPLICATION : Zapp clid:32879
#1318899 10.07.2026 23:10:05 : EVT APPLICATION : Zapp prbp5000:Load script
#1318900 10.07.2026 23:10:06 : EVT APPLICATION : Zapp prbp5000:Enable
#1318901 10.07.2026 23:10:06 : EVT ANALYTICS : Zapp enabled i:16 h:bc866476 n:prbp5000 v:1.0
#1318902 10.07.2026 23:10:06 : EVT APPLICATION : Zapp clid:32880
#1318903 10.07.2026 23:10:06 : EVT UI_FRAMEWORK : JS nsto all zapps enabled.
#1318904 10.07.2026 23:10:06 : EVT UI_FRAMEWORK : JS Prestart Activity Id: 16.000
#1318905 10.07.2026 23:10:06 : WRN WBAPI : eID-691468(277): /Dive/Alarms/Acknowledge 404
#1318906 10.07.2026 23:10:06 : WRN WBAPI : eID-691468(277): /Dive/DiveGases 404
#1318907 10.07.2026 23:10:06 : WRN WBAPI : eID-691468(277): /Dive/Gauge/Next 404
#1318908 10.07.2026 23:10:06 : EVT WBSTORAGE : CACHE_DEFRAG (880->888, 24->24, 25)
#1318909 10.07.2026 23:10:06 : EVT WBSTORAGE : CACHE_DEFRAG (816->824, 24->24, 25)
#1318910 10.07.2026 23:10:06 : EVT WBSTORAGE : CACHE_DEFRAG (752->760, 24->24, 25)
#1318911 10.07.2026 23:10:06 : EVT BLE : BLE Sensor Link 4800180D Conn (--E-:00:1)
#1318912 10.07.2026 23:10:06 : WRN BLE : sendConnect 6157
#1318913 10.07.2026 23:10:06 : TRC GPS : Stat report:1
#1318914 10.07.2026 23:10:06 : TRC GPS : @GTIM 2026 7 10 21 10 6
#1318915 10.07.2026 23:10:06 : TRC GPS : Done:GTI
#1318916 10.07.2026 23:10:06 : TRC GPS : GNS setting 0x1fcb
#1318917 10.07.2026 23:10:06 : TRC GPS : @GSR
#1318918 10.07.2026 23:10:06 : WRN WBAPI : eID-691468(277): /Dive/TankPressure/Alarm/Count 404
#1318919 10.07.2026 23:10:06 : EVT SPEEDFUSION : INFO # start speed fusion
#1318920 10.07.2026 23:10:06 : EVT SPEEDFUSION : Act:16,Acc:0,BPod:0,FPod:0,PPod:0,BeltPod:1
#1318921 10.07.2026 23:10:06 : EVT SPEEDFUSION : INFO # Start algo without wrist acc
#1318922 10.07.2026 23:10:06 : EVT <Unknown> : Update pres sampl intrvl:1
#1318923 10.07.2026 23:10:06 : EVT OHR : S:start 0x21a3
#1318924 10.07.2026 23:10:07 : EVT <Unknown> : 1783717805150:Meas start 0x21a3
#1318925 10.07.2026 23:10:07 : TRC GPS : Done:GSR
#1318926 10.07.2026 23:10:07 : TRC GPS : GnssServiceLevel::PASSIVE
#1318927 10.07.2026 23:10:07 : EVT TRAININGLAB : TLab:~Mode T 23725 + 6 A 6210 + 0
#1318928 10.07.2026 23:10:07 : EVT TRAININGLAB : TLab:Change mode 2->3
#1318929 10.07.2026 23:10:07 : EVT TRAININGLAB : TLab:Mode::userInfo 60, 200, 1, 37, 182, 950, 1990
#1318930 10.07.2026 23:10:07 : TRC GPS : @GSTP
#1318931 10.07.2026 23:10:07 : EVT LOGGER : Log space:30505429 bytes free
#1318932 10.07.2026 23:10:07 : EVT TRAININGLAB : ModeUnsub:2800
#1318933 10.07.2026 23:10:07 : EVT TRAININGLAB : ModeSub:9004
#1318934 10.07.2026 23:10:07 : EVT TRAININGLAB : TLab:Select input 0
#1318935 10.07.2026 23:10:07 : EVT TRAININGLAB : TLab:Active input 0
#1318936 10.07.2026 23:10:07 : EVT LOGGER : Exercise started
#1318937 10.07.2026 23:10:07 : EVT BLE : HR RR on (91586305)
#1318938 10.07.2026 23:10:07 : TRC GPS : Full GNSS data subd l:0 c:802b0000
#1318939 10.07.2026 23:10:09 : TRC GPS : @BUP
#1318940 10.07.2026 23:10:10 : EVT ANALYTICS : Battery-> 3 soc:97
#1318941 10.07.2026 23:10:10 : EVT ANALYTICS : #FusHr src:0 time:0
#1318942 10.07.2026 23:10:10 : EVT ANALYTICS : #Act id:16
#1318943 10.07.2026 23:10:10 : EVT ANALYTICS : #powersave mode:p temp:33.5
#1318944 10.07.2026 23:10:10 : EVT ANALYTICS : GPSMODE:NOTUSED
#1318945 10.07.2026 23:10:10 : EVT ANALYTICS : #gnss d:2026-07-10T00:00:00Z
#1318946 10.07.2026 23:10:10 : EVT ANALYTICS : #zapp n:PrbP5 e:1
#1318947 10.07.2026 23:10:10 : EVT ANALYTICS : #zapp n:Weather e:1
#1318948 10.07.2026 23:10:10 : EVT ANALYTICS : #zapp n:Movement e:1
#1318949 10.07.2026 23:10:10 : TRC GPS : Done:BUP
#1318950 10.07.2026 23:10:10 : TRC GPS : Power disabled
#1318951 10.07.2026 23:10:12 : EVT UI_FRAMEWORK : evalFile: b:/zapp/prbp5000.fea/ext92.js from ui
#1318952 10.07.2026 23:10:12 : EVT LOGGER : Exercise paused
#1318953 10.07.2026 23:10:13 : EVT LOGGER : Exercise continue
#1318954 10.07.2026 23:10:14 : EVT UI_FRAMEWORK : evalFile: b:/zapp/prbp5000.fea/ext92.js from ui
#1318955 10.07.2026 23:10:14 : EVT LOGGER : Exercise paused
#1318956 10.07.2026 23:10:15 : EVT LOGGER : Exercise continue
#1318957 10.07.2026 23:10:15 : EVT ANALYTICS : #ws AID:16 BM:1 NS:0 SP:3 ZN:0 TG:0 BL:0 GPS:0
#1318958 10.07.2026 23:10:15 : EVT ANALYTICS : #2ws AID:16 WHR:1 INT:0 AL:0 AP:0 FE:1 MC:1 TH:0
#1318959 10.07.2026 23:10:15 : EVT UI_FRAMEWORK : evalFile: b:/zapp/prbp5000.fea/ext92.js from ui
#1318960 10.07.2026 23:10:15 : EVT LOGGER : Exercise paused
#1318961 10.07.2026 23:10:16 : EVT LOGGER : Exercise continue
#1318962 10.07.2026 23:10:16 : EVT BLE : lt,scan 1
#1318963 10.07.2026 23:10:16 : WRN BLE : sendDisconnect 6157
#1318964 10.07.2026 23:10:16 : ERR BLE : [AURA]No filters left, stopping scan
#1318965 10.07.2026 23:10:16 : ERR BLE : [AURA]Filter with handle 72 not found
#1318966 10.07.2026 23:10:16 : EVT BLE : packet 0 sensor found count 1
#1318967 10.07.2026 23:10:16 : EVT BLE : packet 0 sensor found count 2
#1318968 10.07.2026 23:10:17 : EVT ANALYTICS : #FusHr src:2 time:10713
#1318969 10.07.2026 23:10:17 : EVT TRAININGLAB : Tlab:HR src is 2
#1318970 10.07.2026 23:10:17 : EVT ANALYTICS : #FusHr src:2 time:0
#1318971 10.07.2026 23:10:17 : EVT TRAININGLAB : TLab:Active input 1
#1318972 10.07.2026 23:10:18 : EVT LOGGER : LGR 934, 80
#1318973 10.07.2026 23:10:18 : EVT <Unknown> : 1783717816185:Off Skin Set.
#1318974 10.07.2026 23:10:20 : EVT <Unknown> : 1783717817812:On Skin Set.
#1318975 10.07.2026 23:10:39 : EVT UI_FRAMEWORK : evalFile: b:/zapp/prbp5000.fea/ext92.js from ui
#1318976 10.07.2026 23:10:39 : EVT LOGGER : Exercise paused
#1318977 10.07.2026 23:10:42 : EVT APPLICATION : Zapp zzmoveen:Disable
#1318978 10.07.2026 23:10:42 : EVT ANALYTICS : Zapp disabled i:6 h:7aac0887 n:Movement
#1318979 10.07.2026 23:10:42 : EVT UI_FRAMEWORK : evalFile: b:/zapp/zzmoveen.fea/ext2.js from ui
#1318980 10.07.2026 23:10:42 : EVT APPLICATION : Zapp zzwethen:Disable
#1318981 10.07.2026 23:10:42 : EVT ANALYTICS : Zapp disabled i:8 h:3f77f8ec n:Weather
#1318982 10.07.2026 23:10:42 : EVT APPLICATION : Zapp prbp5000:Disable
#1318983 10.07.2026 23:10:42 : EVT ANALYTICS : Zapp disabled i:16 h:bc866476 n:PrbP5
#1318984 10.07.2026 23:10:42 : EVT UI_FRAMEWORK : JS discard disable zapps
#1318985 10.07.2026 23:10:42 : EVT UI_FRAMEWORK : JS will discard
#1318986 10.07.2026 23:10:42 : EVT SPEEDFUSION : INFO # stop speed fusion
#1318987 10.07.2026 23:10:42 : EVT <Unknown> : Update pres sampl intrvl:5
#1318988 10.07.2026 23:10:42 : WRN APPLICATION : discard hrr meas l:3 d:0 sh:76 mh:76 v:0
#1318989 10.07.2026 23:10:42 : WRN WBAPI : eID-698eec(583/65535): 404
#1318990 10.07.2026 23:10:42 : EVT TRAININGZONE : User Define Mode:5
#1318991 10.07.2026 23:10:42 : EVT TRAININGZONE : Tss HR:0.28
#1318992 10.07.2026 23:10:42 : EVT TRAININGZONE : A:16,Tss:[-200.00,-200.00,-200.00,0.28]
#1318993 10.07.2026 23:10:42 : EVT TRAININGLAB : AppFeature Vo2Max 0.000000
#1318994 10.07.2026 23:10:42 : EVT TRAININGLAB : TLab:~Mode T 23731 + 7 A 6210 + 0
#1318995 10.07.2026 23:10:42 : EVT TRAININGLAB : TLab:Change mode 3->2
#1318996 10.07.2026 23:10:42 : EVT TRAININGLAB : TLab:Mode::userInfo 60, 200, 1, 37, 182, 950, 1990
#1318997 10.07.2026 23:10:42 : EVT LOGGER : LGR 934, 80
#1318998 10.07.2026 23:10:42 : EVT TRAININGLAB : ModeUnsub:9145
#1318999 10.07.2026 23:10:42 : EVT OHR : S:start 0x2123
#1319000 10.07.2026 23:10:42 : EVT TRAININGLAB : ModeSub:0400
#1319001 10.07.2026 23:10:42 : EVT ANALYTICS : WAOae:Activity WAOae:16
#1319002 10.07.2026 23:10:42 : EVT ANALYTICS : WAOae:TotalAcc WAOae:0,0,0
#1319003 10.07.2026 23:10:42 : EVT ANALYTICS : WAOae:AccCount WAOae:0,0,0
#1319004 10.07.2026 23:10:42 : EVT ANALYTICS : WAOae:Distance WAOae:0,0,0
#1319005 10.07.2026 23:10:42 : EVT ANALYTICS : WAOae:Duration WAOae:0,0,0
#1319006 10.07.2026 23:10:42 : EVT ANALYTICS : WAOae:Coeff WAOae:0,40,240,390,773,7524,7624
#1319007 10.07.2026 23:10:42 : EVT LOGGER : Exercise stopped
#1319008 10.07.2026 23:10:42 : EVT BLE : HR RR off (91621349, 35044 ms missing)
#1319009 10.07.2026 23:10:42 : EVT BLE : HR RR done
#1319010 10.07.2026 23:10:42 : EVT LOGGER : HrIbiLogger stop, off (0 ms)
#1319011 10.07.2026 23:10:42 : EVT LOGGER : HrIbiLogger stopped (0 ms)
#1319012 10.07.2026 23:10:42 : TRC GPS : Unsubd c:802b0000
#1319013 10.07.2026 23:10:42 : EVT LOGGER : LGR 934, 80
#1319014 10.07.2026 23:10:43 : EVT LOGGER : LGR 934, 80
#1319015 10.07.2026 23:10:43 : EVT ANALYTICS : SleepQ:Tracking:On
#1319016 10.07.2026 23:10:43 : EVT LOGGER : Wr dpc on
#1319017 10.07.2026 23:10:43 : EVT LOGGER : LGR 20993, 56
#1319018 10.07.2026 23:10:43 : EVT <Unknown> : 1783717841200:Meas start 0x2123
#1319019 10.07.2026 23:10:44 : EVT BLE : Disconn sensor:1
#1319020 10.07.2026 23:10:44 : EVT BLE : BLE Sensor Link 4800180D Disc (L-E-:00:0)
#1319021 10.07.2026 23:10:44 : WRN BLE : sendDisconnect 6157
#1319022 10.07.2026 23:10:44 : ERR BLE : [AURA]No filters left, stopping scan
#1319023 10.07.2026 23:10:45 : EVT ANALYTICS : #powersave mode:p temp:33.6
#1319024 10.07.2026 23:10:45 : EVT ANALYTICS : Battery-> 4 soc:97
#1319025 10.07.2026 23:10:51 : EVT UI_FRAMEWORK : JS feeling vs idle 1
#1319026 10.07.2026 23:10:51 : EVT UI_FRAMEWORK : JS feeling open ex-saving
#1319027 10.07.2026 23:10:52 : TRC NAVIGATION : CG: no climb WP
#1319028 10.07.2026 23:10:52 : TRC NAVIGATION : CG:init ZoomType=0
#1319029 10.07.2026 23:10:52 : EVT NAVIGATION : initSeg Idx=0 D=1 T=0 3-0-4
#1319030 10.07.2026 23:10:52 : EVT WBSTORAGE : CACHE_DEFRAG (680->1024, 24->24, 25)
#1319031 10.07.2026 23:10:52 : EVT SPEEDFUSION : INFO # IDLE mode(-1) set
#1319032 10.07.2026 23:10:52 : EVT ALTIFUSION : AltiBaroMode:2
#1319033 10.07.2026 23:10:52 : ERR WBMAIN : *0: app 615 Event 37 8099031c
#1319034 10.07.2026 23:10:52 : ERR WBMAIN : 1: mea 1 Event 24 8042037d
#1319035 10.07.2026 23:10:52 : ERR WBMAIN : 2: ui 2 Wait 0 00000000
#1319036 10.07.2026 23:10:55 : EVT ANALYTICS : Duration ExSaving:3644
#1319037 10.07.2026 23:10:55 : EVT ANALYTICS : Duration ExSumBroker:355
#1319038 10.07.2026 23:11:02 : EVT APPLICATION : Zapp zwc05901:Load script
#1319039 10.07.2026 23:11:02 : EVT APPLICATION : Zapp zwc05901:Enable
#1319040 10.07.2026 23:11:02 : EVT ANALYTICS : Zapp enabled i:3 h:ddb248f2 n:zwc05901 v:124f
#1319041 10.07.2026 23:11:02 : WRN WBAPI : eID-691468(277): /Weather/Current/ValidWeatherData.temp 
#1319042 10.07.2026 23:11:02 : EVT TRAININGZONE : Update TSS:0.28
#1319043 10.07.2026 23:11:02 : EVT WBSTORAGE : CACHE_DEFRAG (1000->1008, 24->24, 25)
#1319044 10.07.2026 23:11:02 : WRN WBAPI : eID-691468(277): /Weather/Current/ValidWeatherData.temp 
#1319045 10.07.2026 23:11:04 : EVT WBSTORAGE : CACHE_DEFRAG (880->888, 24->24, 25)
#1319046 10.07.2026 23:11:09 : EVT APPLICATION : Zapp zwc05901:Disable
#1319047 10.07.2026 23:11:09 : EVT ANALYTICS : Duration ExSumBroker:223
#1319048 10.07.2026 23:11:09 : EVT ANALYTICS : Zapp disabled i:3 h:ddb248f2 n:Vector classic
#1319049 10.07.2026 23:11:12 : EVT <Unknown> : 1783717870044:Off Skin Set.
#1319050 10.07.2026 23:11:12 : EVT UI_FRAMEWORK : JS delete log
#1319051 10.07.2026 23:11:12 : WRN LOGGER : Delete b:logs/6A515FAF
#1319052 10.07.2026 23:11:13 : EVT <Unknown> : 1783717871295:On Skin Set.
#1319053 10.07.2026 23:11:14 : WRN UI_FRAMEWORK : :if fail:{FROM_WF}==1
#1319054 10.07.2026 23:11:14 : WRN UI_FRAMEWORK : :if fail:{FROM_WF}==2
#1319055 10.07.2026 23:11:14 : WRN UI_FRAMEWORK : JS
elem[116646992]._onActivate()
#1319056 10.07.2026 23:11:14 : WRN UI_FRAMEWORK : Call Method F fail
#1319057 10.07.2026 23:11:14 : ERR UI_FRAMEWORK : Unknown token? 'FROM_WF'
#1319058 10.07.2026 23:11:17 : EVT ANALYTICS : Duration ExSumBroker:182
#1319059 10.07.2026 23:11:18 : WRN UI_FRAMEWORK : :if fail:{FROM_WF}==1
#1319060 10.07.2026 23:11:18 : WRN UI_FRAMEWORK : :if fail:{FROM_WF}==2
#1319061 10.07.2026 23:11:18 : EVT TRAININGZONE : Update TSS:0.00
#1319062 10.07.2026 23:11:18 : WRN UI_FRAMEWORK : JS
elem[116646992]._onActivate()
#1319063 10.07.2026 23:11:18 : WRN UI_FRAMEWORK : Call Method F fail
#1319064 10.07.2026 23:11:18 : ERR UI_FRAMEWORK : Unknown token? 'FROM_WF'
#1319065 10.07.2026 23:11:20 : EVT APPLICATION : Zapp zwc05901:Load script
#1319066 10.07.2026 23:11:20 : EVT APPLICATION : Zapp zwc05901:Enable
#1319067 10.07.2026 23:11:20 : EVT ANALYTICS : Zapp enabled i:3 h:ddb248f2 n:zwc05901 v:124f
#1319068 10.07.2026 23:11:20 : WRN WBAPI : eID-691468(277): /Weather/Current/ValidWeatherData.temp 
#1319069 10.07.2026 23:11:22 : EVT WBSTORAGE : CACHE_DEFRAG (800->808, 24->24, 25)
#1319070 10.07.2026 23:11:22 : EVT WBSTORAGE : CACHE_DEFRAG (760->800, 24->24, 25)
#1319071 10.07.2026 23:11:22 : EVT WBSTORAGE : CACHE_DEFRAG (776->784, 24->24, 25)
#1319072 10.07.2026 23:11:22 : TRC NAVIGATION : CG: no climb WP
#1319073 10.07.2026 23:11:22 : TRC NAVIGATION : CG:init ZoomType=0
#1319074 10.07.2026 23:11:22 : EVT NAVIGATION : initSeg Idx=0 D=1 T=0 3-0-4
#1319075 10.07.2026 23:11:23 : EVT WBSTORAGE : CACHE_DEFRAG (768->904, 24->24, 25)
#1319076 10.07.2026 23:11:23 : EVT ALTIFUSION : AltiBaroMode:0
#1319077 10.07.2026 23:11:23 : EVT ALTIFUSION : Init AltiBaro
#1319078 10.07.2026 23:11:23 : EVT APPLICATION : Zapp zwc05901:Disable
#1319079 10.07.2026 23:11:23 : EVT ANALYTICS : Zapp disabled i:3 h:ddb248f2 n:Vector classic
#1319080 10.07.2026 23:11:23 : EVT ANALYTICS : SleepQ:Tracking:On
#1319081 10.07.2026 23:11:23 : EVT ALTIFUSION : AltiBaroMode:0
#1319082 10.07.2026 23:11:23 : EVT ALTIFUSION : Init AltiBaro
#1319083 10.07.2026 23:11:23 : EVT UI_FRAMEWORK : JS nsto enable zapp: zzwethen
#1319084 10.07.2026 23:11:23 : EVT UI_FRAMEWORK : JS nsto enable zapp: zzmoveen
#1319085 10.07.2026 23:11:23 : EVT UI_FRAMEWORK : JS nsto enable zapp: prbp5000
#1319086 10.07.2026 23:11:23 : EVT APPLICATION : Zapp zzwethen:Load script
#1319087 10.07.2026 23:11:23 : EVT APPLICATION : Zapp zzwethen:Enable
#1319088 10.07.2026 23:11:23 : EVT ANALYTICS : Zapp enabled i:8 h:3f77f8ec n:zzwethen v:ade
#1319089 10.07.2026 23:11:23 : EVT APPLICATION : Zapp clid:32878
#1319090 10.07.2026 23:11:23 : EVT APPLICATION : Zapp zzmoveen:Load script
#1319091 10.07.2026 23:11:23 : EVT APPLICATION : Zapp zzmoveen:Enable
#1319092 10.07.2026 23:11:23 : EVT ANALYTICS : Zapp enabled i:6 h:7aac0887 n:zzmoveen v:8e0
#1319093 10.07.2026 23:11:23 : EVT UI_FRAMEWORK : evalFile: b:/zapp/zzmoveen.fea/ext1.js from ui
#1319094 10.07.2026 23:11:23 : EVT APPLICATION : Zapp clid:32879
#1319095 10.07.2026 23:11:23 : EVT APPLICATION : Zapp prbp5000:Load script
#1319096 10.07.2026 23:11:23 : EVT APPLICATION : Zapp prbp5000:Enable
#1319097 10.07.2026 23:11:23 : EVT ANALYTICS : Zapp enabled i:16 h:bc866476 n:prbp5000 v:1.0
#1319098 10.07.2026 23:11:23 : EVT APPLICATION : Zapp clid:32880
#1319099 10.07.2026 23:11:24 : EVT UI_FRAMEWORK : JS nsto all zapps enabled.
#1319100 10.07.2026 23:11:24 : EVT UI_FRAMEWORK : JS Prestart Activity Id: 16.000
#1319101 10.07.2026 23:11:24 : EVT WBSTORAGE : CACHE_DEFRAG (880->888, 24->24, 25)
#1319102 10.07.2026 23:11:24 : WRN WBAPI : eID-691468(277): /Dive/Alarms/Acknowledge 404
#1319103 10.07.2026 23:11:24 : WRN WBAPI : eID-691468(277): /Dive/DiveGases 404
#1319104 10.07.2026 23:11:24 : WRN WBAPI : eID-691468(277): /Dive/Gauge/Next 404
#1319105 10.07.2026 23:11:24 : EVT WBSTORAGE : CACHE_DEFRAG (816->824, 24->24, 25)
#1319106 10.07.2026 23:11:24 : EVT WBSTORAGE : CACHE_DEFRAG (752->760, 24->24, 25)
#1319107 10.07.2026 23:11:24 : EVT BLE : BLE Sensor Link 4800180D Conn (--E-:00:1)
#1319108 10.07.2026 23:11:24 : WRN BLE : sendConnect 6157
#1319109 10.07.2026 23:11:24 : WRN WBAPI : eID-691468(277): /Dive/TankPressure/Alarm/Count 404
#1319110 10.07.2026 23:11:24 : EVT SPEEDFUSION : INFO # start speed fusion
#1319111 10.07.2026 23:11:25 : EVT SPEEDFUSION : Act:16,Acc:0,BPod:0,FPod:0,PPod:0,BeltPod:1
#1319112 10.07.2026 23:11:25 : EVT SPEEDFUSION : INFO # Start algo without wrist acc
#1319113 10.07.2026 23:11:25 : EVT <Unknown> : Update pres sampl intrvl:1
#1319114 10.07.2026 23:11:25 : EVT OHR : S:start 0x21a3
#1319115 10.07.2026 23:11:25 : EVT <Unknown> : 1783717883458:Meas start 0x21a3
#1319116 10.07.2026 23:11:33 : EVT APPLICATION : Zapp prbp5000:Disable
#1319117 10.07.2026 23:11:33 : EVT ANALYTICS : Zapp disabled i:16 h:bc866476 n:PrbP5
#1319118 10.07.2026 23:11:33 : EVT WBSTORAGE : CACHE_DEFRAG (680->712, 24->24, 25)
#1319119 10.07.2026 23:11:34 : EVT BLE : lt,scan 1
#1319120 10.07.2026 23:11:34 : WRN BLE : sendDisconnect 6157
#1319121 10.07.2026 23:11:34 : ERR BLE : [AURA]No filters left, stopping scan
#1319122 10.07.2026 23:11:34 : ERR BLE : [AURA]Filter with handle 72 not found
#1319123 10.07.2026 23:11:34 : EVT BLE : packet 0 sensor found count 1
#1319124 10.07.2026 23:11:34 : EVT BLE : packet 0 sensor found count 2
#1319125 10.07.2026 23:11:34 : EVT ANALYTICS : #FusHr src:2 time:10516
#1319126 10.07.2026 23:11:37 : EVT APPLICATION : Zapp prbp5000:Load script
#1319127 10.07.2026 23:11:37 : EVT APPLICATION : Zapp prbp5000:Enable
#1319128 10.07.2026 23:11:37 : EVT ANALYTICS : Zapp enabled i:16 h:bc866476 n:prbp5000 v:1.0
#1319129 10.07.2026 23:11:37 : EVT APPLICATION : Zapp clid:32880
#1319130 10.07.2026 23:11:38 : EVT APPLICATION : Zapp prbp5000:Disable
#1319131 10.07.2026 23:11:38 : EVT ANALYTICS : Zapp disabled i:16 h:bc866476 n:PrbP5
#1319132 10.07.2026 23:11:38 : EVT APPLICATION : Zapp prbp5000:Load script
#1319133 10.07.2026 23:11:38 : EVT APPLICATION : Zapp prbp5000:Enable
#1319134 10.07.2026 23:11:38 : EVT ANALYTICS : Zapp enabled i:16 h:bc866476 n:prbp5000 v:1.0
#1319135 10.07.2026 23:11:38 : EVT APPLICATION : Zapp clid:32880
#1319136 10.07.2026 23:11:39 : EVT APPLICATION : Zapp prbp5000:Disable
#1319137 10.07.2026 23:11:39 : EVT ANALYTICS : Zapp disabled i:16 h:bc866476 n:PrbP5
#1319138 10.07.2026 23:11:39 : EVT APPLICATION : Zapp prbp5000:Load script
#1319139 10.07.2026 23:11:39 : EVT APPLICATION : Zapp prbp5000:Enable
#1319140 10.07.2026 23:11:39 : EVT ANALYTICS : Zapp enabled i:16 h:bc866476 n:prbp5000 v:1.0
#1319141 10.07.2026 23:11:39 : EVT APPLICATION : Zapp clid:32880
#1319142 10.07.2026 23:11:40 : EVT APPLICATION : Zapp prbp5000:Disable
#1319143 10.07.2026 23:11:40 : EVT ANALYTICS : Zapp disabled i:16 h:bc866476 n:PrbP5
#1319144 10.07.2026 23:11:40 : EVT APPLICATION : Zapp prbp5000:Load script
#1319145 10.07.2026 23:11:40 : EVT APPLICATION : Zapp prbp5000:Enable
#1319146 10.07.2026 23:11:40 : EVT ANALYTICS : Zapp enabled i:16 h:bc866476 n:prbp5000 v:1.0
#1319147 10.07.2026 23:11:41 : EVT APPLICATION : Zapp clid:32880
#1319148 10.07.2026 23:11:41 : EVT APPLICATION : Zapp prbp5000:Disable
#1319149 10.07.2026 23:11:41 : EVT ANALYTICS : Zapp disabled i:16 h:bc866476 n:PrbP5
#1319150 10.07.2026 23:11:41 : EVT APPLICATION : Zapp prbp5000:Load script
#1319151 10.07.2026 23:11:42 : EVT APPLICATION : Zapp prbp5000:Enable
#1319152 10.07.2026 23:11:42 : EVT ANALYTICS : Zapp enabled i:16 h:bc866476 n:prbp5000 v:1.0
#1319153 10.07.2026 23:11:42 : EVT APPLICATION : Zapp clid:32880
#1319154 10.07.2026 23:11:42 : EVT APPLICATION : Zapp prbp5000:Disable
#1319155 10.07.2026 23:11:42 : EVT ANALYTICS : Zapp disabled i:16 h:bc866476 n:PrbP5
#1319156 10.07.2026 23:11:43 : EVT APPLICATION : Zapp prbp5000:Load script
#1319157 10.07.2026 23:11:43 : EVT APPLICATION : Zapp prbp5000:Enable
#1319158 10.07.2026 23:11:43 : EVT ANALYTICS : Zapp enabled i:16 h:bc866476 n:prbp5000 v:1.0
#1319159 10.07.2026 23:11:43 : EVT APPLICATION : Zapp clid:32880
#1319160 10.07.2026 23:11:43 : EVT APPLICATION : Zapp prbp5000:Disable
#1319161 10.07.2026 23:11:43 : EVT ANALYTICS : Zapp disabled i:16 h:bc866476 n:PrbP5
#1319162 10.07.2026 23:11:44 : EVT APPLICATION : Zapp prbp5000:Load script
#1319163 10.07.2026 23:11:44 : EVT APPLICATION : Zapp prbp5000:Enable
#1319164 10.07.2026 23:11:44 : EVT ANALYTICS : Zapp enabled i:16 h:bc866476 n:prbp5000 v:1.0
#1319165 10.07.2026 23:11:44 : EVT APPLICATION : Zapp clid:32880
#1319166 10.07.2026 23:11:44 : EVT APPLICATION : Zapp prbp5000:Disable
#1319167 10.07.2026 23:11:44 : EVT ANALYTICS : Zapp disabled i:16 h:bc866476 n:PrbP5
#1319168 10.07.2026 23:11:45 : EVT APPLICATION : Zapp prbp5000:Load script
#1319169 10.07.2026 23:11:45 : EVT APPLICATION : Zapp prbp5000:Enable
#1319170 10.07.2026 23:11:45 : EVT ANALYTICS : Zapp enabled i:16 h:bc866476 n:prbp5000 v:1.0
#1319171 10.07.2026 23:11:45 : EVT APPLICATION : Zapp clid:32880
#1319172 10.07.2026 23:11:45 : EVT APPLICATION : Zapp prbp5000:Disable
#1319173 10.07.2026 23:11:45 : EVT ANALYTICS : Zapp disabled i:16 h:bc866476 n:PrbP5
#1319174 10.07.2026 23:11:46 : EVT APPLICATION : Zapp prbp5000:Load script
#1319175 10.07.2026 23:11:46 : EVT APPLICATION : Zapp prbp5000:Enable
#1319176 10.07.2026 23:11:46 : EVT ANALYTICS : Zapp enabled i:16 h:bc866476 n:prbp5000 v:1.0
#1319177 10.07.2026 23:11:46 : EVT APPLICATION : Zapp clid:32880
#1319178 10.07.2026 23:11:47 : EVT APPLICATION : Zapp prbp5000:Disable
#1319179 10.07.2026 23:11:47 : EVT ANALYTICS : Zapp disabled i:16 h:bc866476 n:PrbP5
#1319180 10.07.2026 23:11:47 : EVT APPLICATION : Zapp prbp5000:Load script
#1319181 10.07.2026 23:11:47 : EVT APPLICATION : Zapp prbp5000:Enable
#1319182 10.07.2026 23:11:47 : EVT ANALYTICS : Zapp enabled i:16 h:bc866476 n:prbp5000 v:1.0
#1319183 10.07.2026 23:11:47 : EVT APPLICATION : Zapp clid:32880
#1319184 10.07.2026 23:11:48 : EVT APPLICATION : Zapp prbp5000:Disable
#1319185 10.07.2026 23:11:48 : EVT ANALYTICS : Zapp disabled i:16 h:bc866476 n:PrbP5
#1319186 10.07.2026 23:11:48 : EVT APPLICATION : Zapp prbp5000:Load script
#1319187 10.07.2026 23:11:48 : EVT APPLICATION : Zapp prbp5000:Enable
#1319188 10.07.2026 23:11:48 : EVT ANALYTICS : Zapp enabled i:16 h:bc866476 n:prbp5000 v:1.0
#1319189 10.07.2026 23:11:48 : EVT APPLICATION : Zapp clid:32880
#1319190 10.07.2026 23:11:49 : EVT APPLICATION : Zapp prbp5000:Disable
#1319191 10.07.2026 23:11:49 : EVT ANALYTICS : Zapp disabled i:16 h:bc866476 n:PrbP5
#1319192 10.07.2026 23:11:49 : EVT APPLICATION : Zapp prbp5000:Load script
#1319193 10.07.2026 23:11:49 : EVT APPLICATION : Zapp prbp5000:Enable
#1319194 10.07.2026 23:11:49 : EVT ANALYTICS : Zapp enabled i:16 h:bc866476 n:prbp5000 v:1.0
#1319195 10.07.2026 23:11:49 : EVT APPLICATION : Zapp clid:32880
#1319196 10.07.2026 23:11:50 : EVT APPLICATION : Zapp prbp5000:Disable
#1319197 10.07.2026 23:11:50 : EVT ANALYTICS : Zapp disabled i:16 h:bc866476 n:PrbP5
#1319198 10.07.2026 23:11:51 : EVT APPLICATION : Zapp prbp5000:Load script
#1319199 10.07.2026 23:11:51 : EVT APPLICATION : Zapp prbp5000:Enable
#1319200 10.07.2026 23:11:51 : EVT ANALYTICS : Zapp enabled i:16 h:bc866476 n:prbp5000 v:1.0
#1319201 10.07.2026 23:11:51 : EVT APPLICATION : Zapp clid:32880
#1319202 10.07.2026 23:11:52 : EVT APPLICATION : Zapp prbp5000:Disable
#1319203 10.07.2026 23:11:52 : EVT ANALYTICS : Zapp disabled i:16 h:bc866476 n:PrbP5
#1319204 10.07.2026 23:11:52 : EVT APPLICATION : Zapp prbp5000:Load script
#1319205 10.07.2026 23:11:52 : EVT APPLICATION : Zapp prbp5000:Enable
#1319206 10.07.2026 23:11:52 : EVT ANALYTICS : Zapp enabled i:16 h:bc866476 n:prbp5000 v:1.0
#1319207 10.07.2026 23:11:52 : EVT APPLICATION : Zapp clid:32880
#1319208 10.07.2026 23:11:53 : EVT APPLICATION : Zapp prbp5000:Disable
#1319209 10.07.2026 23:11:53 : EVT ANALYTICS : Zapp disabled i:16 h:bc866476 n:PrbP5
#1319210 10.07.2026 23:11:53 : EVT APPLICATION : Zapp prbp5000:Load script
#1319211 10.07.2026 23:11:53 : EVT APPLICATION : Zapp prbp5000:Enable
#1319212 10.07.2026 23:11:53 : EVT ANALYTICS : Zapp enabled i:16 h:bc866476 n:prbp5000 v:1.0
#1319213 10.07.2026 23:11:53 : EVT APPLICATION : Zapp clid:32880
#1319214 10.07.2026 23:11:54 : EVT APPLICATION : Zapp prbp5000:Disable
#1319215 10.07.2026 23:11:54 : EVT ANALYTICS : Zapp disabled i:16 h:bc866476 n:PrbP5
#1319216 10.07.2026 23:11:54 : EVT APPLICATION : Zapp prbp5000:Load script
#1319217 10.07.2026 23:11:54 : EVT APPLICATION : Zapp prbp5000:Enable
#1319218 10.07.2026 23:11:54 : EVT ANALYTICS : Zapp enabled i:16 h:bc866476 n:prbp5000 v:1.0
#1319219 10.07.2026 23:11:54 : EVT APPLICATION : Zapp clid:32880
#1319220 10.07.2026 23:11:55 : EVT APPLICATION : Zapp prbp5000:Disable
#1319221 10.07.2026 23:11:55 : EVT ANALYTICS : Zapp disabled i:16 h:bc866476 n:PrbP5
#1319222 10.07.2026 23:11:55 : EVT APPLICATION : Zapp prbp5000:Load script
#1319223 10.07.2026 23:11:55 : EVT APPLICATION : Zapp prbp5000:Enable
#1319224 10.07.2026 23:11:55 : EVT ANALYTICS : Zapp enabled i:16 h:bc866476 n:prbp5000 v:1.0
#1319225 10.07.2026 23:11:55 : EVT APPLICATION : Zapp clid:32880
#1319226 10.07.2026 23:11:56 : EVT APPLICATION : Zapp prbp5000:Disable
#1319227 10.07.2026 23:11:56 : EVT ANALYTICS : Zapp disabled i:16 h:bc866476 n:PrbP5
#1319228 10.07.2026 23:11:56 : EVT APPLICATION : Zapp prbp5000:Load script
#1319229 10.07.2026 23:11:56 : EVT APPLICATION : Zapp prbp5000:Enable
#1319230 10.07.2026 23:11:57 : EVT ANALYTICS : Zapp enabled i:16 h:bc866476 n:prbp5000 v:1.0
#1319231 10.07.2026 23:11:57 : EVT APPLICATION : Zapp clid:32880
#1319232 10.07.2026 23:11:57 : EVT APPLICATION : Zapp prbp5000:Disable
#1319233 10.07.2026 23:11:57 : EVT ANALYTICS : Zapp disabled i:16 h:bc866476 n:PrbP5
#1319234 10.07.2026 23:11:58 : EVT APPLICATION : Zapp prbp5000:Load script
#1319235 10.07.2026 23:11:58 : EVT APPLICATION : Zapp prbp5000:Enable
#1319236 10.07.2026 23:11:58 : EVT ANALYTICS : Zapp enabled i:16 h:bc866476 n:prbp5000 v:1.0
#1319237 10.07.2026 23:11:58 : EVT APPLICATION : Zapp clid:32880
#1319238 10.07.2026 23:11:58 : EVT APPLICATION : Zapp prbp5000:Disable
#1319239 10.07.2026 23:11:58 : EVT ANALYTICS : Zapp disabled i:16 h:bc866476 n:PrbP5
#1319240 10.07.2026 23:11:59 : EVT APPLICATION : Zapp prbp5000:Load script
#1319241 10.07.2026 23:11:59 : EVT APPLICATION : Zapp prbp5000:Enable
#1319242 10.07.2026 23:11:59 : EVT ANALYTICS : Zapp enabled i:16 h:bc866476 n:prbp5000 v:1.0
#1319243 10.07.2026 23:11:59 : EVT APPLICATION : Zapp clid:32880
#1319244 10.07.2026 23:11:59 : EVT APPLICATION : Zapp prbp5000:Disable
#1319245 10.07.2026 23:11:59 : EVT ANALYTICS : Zapp disabled i:16 h:bc866476 n:PrbP5
#1319246 10.07.2026 23:12:00 : EVT APPLICATION : Zapp prbp5000:Load script
#1319247 10.07.2026 23:12:00 : EVT APPLICATION : Zapp prbp5000:Enable
#1319248 10.07.2026 23:12:00 : EVT ANALYTICS : Zapp enabled i:16 h:bc866476 n:prbp5000 v:1.0
#1319249 10.07.2026 23:12:00 : EVT APPLICATION : Zapp clid:32880
#1319250 10.07.2026 23:12:00 : EVT APPLICATION : Zapp prbp5000:Disable
#1319251 10.07.2026 23:12:00 : EVT ANALYTICS : Zapp disabled i:16 h:bc866476 n:PrbP5
#1319252 10.07.2026 23:12:01 : EVT APPLICATION : Zapp prbp5000:Load script
#1319253 10.07.2026 23:12:01 : EVT APPLICATION : Zapp prbp5000:Enable
#1319254 10.07.2026 23:12:01 : EVT ANALYTICS : Zapp enabled i:16 h:bc866476 n:prbp5000 v:1.0
#1319255 10.07.2026 23:12:01 : EVT APPLICATION : Zapp clid:32880
#1319256 10.07.2026 23:12:01 : EVT APPLICATION : Zapp prbp5000:Disable
#1319257 10.07.2026 23:12:01 : EVT ANALYTICS : Zapp disabled i:16 h:bc866476 n:PrbP5
#1319258 10.07.2026 23:12:02 : EVT APPLICATION : Zapp prbp5000:Load script
#1319259 10.07.2026 23:12:02 : EVT APPLICATION : Zapp prbp5000:Enable
#1319260 10.07.2026 23:12:02 : EVT ANALYTICS : Zapp enabled i:16 h:bc866476 n:prbp5000 v:1.0
#1319261 10.07.2026 23:12:02 : EVT APPLICATION : Zapp clid:32880
#1319262 10.07.2026 23:12:02 : EVT APPLICATION : Zapp prbp5000:Disable
#1319263 10.07.2026 23:12:02 : EVT ANALYTICS : Zapp disabled i:16 h:bc866476 n:PrbP5
#1319264 10.07.2026 23:12:03 : EVT APPLICATION : Zapp prbp5000:Load script
#1319265 10.07.2026 23:12:03 : EVT APPLICATION : Zapp prbp5000:Enable
#1319266 10.07.2026 23:12:03 : EVT ANALYTICS : Zapp enabled i:16 h:bc866476 n:prbp5000 v:1.0
#1319267 10.07.2026 23:12:03 : EVT APPLICATION : Zapp clid:32880
#1319268 10.07.2026 23:12:03 : EVT APPLICATION : Zapp prbp5000:Disable
#1319269 10.07.2026 23:12:03 : EVT ANALYTICS : Zapp disabled i:16 h:bc866476 n:PrbP5
#1319270 10.07.2026 23:12:04 : EVT APPLICATION : Zapp prbp5000:Load script
#1319271 10.07.2026 23:12:04 : EVT APPLICATION : Zapp prbp5000:Enable
#1319272 10.07.2026 23:12:04 : EVT ANALYTICS : Zapp enabled i:16 h:bc866476 n:prbp5000 v:1.0
#1319273 10.07.2026 23:12:04 : EVT APPLICATION : Zapp clid:32880
#1319274 10.07.2026 23:12:04 : EVT APPLICATION : Zapp prbp5000:Disable
#1319275 10.07.2026 23:12:04 : EVT ANALYTICS : Zapp disabled i:16 h:bc866476 n:PrbP5
#1319276 10.07.2026 23:12:05 : EVT APPLICATION : Zapp prbp5000:Load script
#1319277 10.07.2026 23:12:05 : EVT APPLICATION : Zapp prbp5000:Enable
#1319278 10.07.2026 23:12:05 : EVT ANALYTICS : Zapp enabled i:16 h:bc866476 n:prbp5000 v:1.0
#1319279 10.07.2026 23:12:05 : EVT APPLICATION : Zapp clid:32880
#1319280 10.07.2026 23:12:05 : EVT APPLICATION : Zapp prbp5000:Disable
#1319281 10.07.2026 23:12:06 : EVT ANALYTICS : Zapp disabled i:16 h:bc866476 n:PrbP5
#1319282 10.07.2026 23:12:06 : EVT APPLICATION : Zapp prbp5000:Load script
#1319283 10.07.2026 23:12:06 : EVT APPLICATION : Zapp prbp5000:Enable
#1319284 10.07.2026 23:12:06 : EVT ANALYTICS : Zapp enabled i:16 h:bc866476 n:prbp5000 v:1.0
#1319285 10.07.2026 23:12:06 : EVT APPLICATION : Zapp clid:32880
#1319286 10.07.2026 23:12:07 : EVT APPLICATION : Zapp prbp5000:Disable
#1319287 10.07.2026 23:12:07 : EVT ANALYTICS : Zapp disabled i:16 h:bc866476 n:PrbP5
#1319288 10.07.2026 23:12:07 : EVT APPLICATION : Zapp prbp5000:Load script
#1319289 10.07.2026 23:12:07 : EVT APPLICATION : Zapp prbp5000:Enable
#1319290 10.07.2026 23:12:07 : EVT ANALYTICS : Zapp enabled i:16 h:bc866476 n:prbp5000 v:1.0
#1319291 10.07.2026 23:12:07 : EVT APPLICATION : Zapp clid:32880
#1319292 10.07.2026 23:12:08 : EVT APPLICATION : Zapp prbp5000:Disable
#1319293 10.07.2026 23:12:08 : EVT ANALYTICS : Zapp disabled i:16 h:bc866476 n:PrbP5
#1319294 10.07.2026 23:12:08 : EVT APPLICATION : Zapp prbp5000:Load script
#1319295 10.07.2026 23:12:08 : EVT APPLICATION : Zapp prbp5000:Enable
#1319296 10.07.2026 23:12:08 : EVT ANALYTICS : Zapp enabled i:16 h:bc866476 n:prbp5000 v:1.0
#1319297 10.07.2026 23:12:08 : EVT APPLICATION : Zapp clid:32880
#1319298 10.07.2026 23:12:09 : EVT APPLICATION : Zapp prbp5000:Disable
#1319299 10.07.2026 23:12:09 : EVT ANALYTICS : Zapp disabled i:16 h:bc866476 n:PrbP5
#1319300 10.07.2026 23:12:10 : EVT APPLICATION : Zapp prbp5000:Load script
#1319301 10.07.2026 23:12:10 : EVT APPLICATION : Zapp prbp5000:Enable
#1319302 10.07.2026 23:12:10 : EVT ANALYTICS : Zapp enabled i:16 h:bc866476 n:prbp5000 v:1.0
#1319303 10.07.2026 23:12:10 : EVT APPLICATION : Zapp clid:32880
#1319304 10.07.2026 23:12:11 : EVT APPLICATION : Zapp prbp5000:Disable
#1319305 10.07.2026 23:12:11 : EVT ANALYTICS : Zapp disabled i:16 h:bc866476 n:PrbP5
#1319306 10.07.2026 23:12:14 : EVT APPLICATION : Zapp prbp5000:Load script
#1319307 10.07.2026 23:12:14 : EVT APPLICATION : Zapp prbp5000:Enable
#1319308 10.07.2026 23:12:14 : EVT ANALYTICS : Zapp enabled i:16 h:bc866476 n:prbp5000 v:1.0
#1319309 10.07.2026 23:12:14 : EVT APPLICATION : Zapp clid:32880
#1319310 10.07.2026 23:12:15 : EVT APPLICATION : Zapp prbp5000:Disable
#1319311 10.07.2026 23:12:15 : EVT ANALYTICS : Zapp disabled i:16 h:bc866476 n:PrbP5
#1319312 10.07.2026 23:12:15 : EVT APPLICATION : Zapp prbp5000:Load script
#1319313 10.07.2026 23:12:15 : EVT APPLICATION : Zapp prbp5000:Enable
#1319314 10.07.2026 23:12:15 : EVT ANALYTICS : Zapp enabled i:16 h:bc866476 n:prbp5000 v:1.0
#1319315 10.07.2026 23:12:15 : EVT APPLICATION : Zapp clid:32880
#1319316 10.07.2026 23:12:18 : EVT APPLICATION : Zapp prbp5000:Disable
#1319317 10.07.2026 23:12:18 : EVT ANALYTICS : Zapp disabled i:16 h:bc866476 n:PrbP5
#1319318 10.07.2026 23:12:18 : EVT APPLICATION : Zapp prbp5000:Load script
#1319319 10.07.2026 23:12:18 : EVT APPLICATION : Zapp prbp5000:Enable
#1319320 10.07.2026 23:12:18 : EVT ANALYTICS : Zapp enabled i:16 h:bc866476 n:prbp5000 v:1.0
#1319321 10.07.2026 23:12:18 : EVT APPLICATION : Zapp clid:32880
#1319322 10.07.2026 23:12:26 : EVT APPLICATION : Zapp prbp5000:Disable
#1319323 10.07.2026 23:12:26 : EVT ANALYTICS : Zapp disabled i:16 h:bc866476 n:PrbP5
#1319324 10.07.2026 23:12:33 : EVT APPLICATION : Zapp prbp5000:Load script
#1319325 10.07.2026 23:12:33 : EVT APPLICATION : Zapp prbp5000:Enable
#1319326 10.07.2026 23:12:33 : EVT ANALYTICS : Zapp enabled i:16 h:bc866476 n:prbp5000 v:1.0
#1319327 10.07.2026 23:12:33 : EVT APPLICATION : Zapp clid:32880
#1319328 10.07.2026 23:12:33 : EVT APPLICATION : Zapp prbp5000:Disable
#1319329 10.07.2026 23:12:33 : EVT ANALYTICS : Zapp disabled i:16 h:bc866476 n:PrbP5
#1319330 10.07.2026 23:12:34 : EVT APPLICATION : Zapp prbp5000:Load script
#1319331 10.07.2026 23:12:34 : EVT APPLICATION : Zapp prbp5000:Enable
#1319332 10.07.2026 23:12:34 : EVT ANALYTICS : Zapp enabled i:16 h:bc866476 n:prbp5000 v:1.0
#1319333 10.07.2026 23:12:34 : EVT APPLICATION : Zapp clid:32880
#1319334 10.07.2026 23:12:34 : EVT APPLICATION : Zapp prbp5000:Disable
#1319335 10.07.2026 23:12:34 : EVT ANALYTICS : Zapp disabled i:16 h:bc866476 n:PrbP5
#1319336 10.07.2026 23:12:35 : EVT APPLICATION : Zapp prbp5000:Load script
#1319337 10.07.2026 23:12:35 : EVT APPLICATION : Zapp prbp5000:Enable
#1319338 10.07.2026 23:12:35 : EVT ANALYTICS : Zapp enabled i:16 h:bc866476 n:prbp5000 v:1.0
#1319339 10.07.2026 23:12:35 : EVT APPLICATION : Zapp clid:32880
#1319340 10.07.2026 23:12:35 : EVT APPLICATION : Zapp prbp5000:Disable
#1319341 10.07.2026 23:12:35 : EVT ANALYTICS : Zapp disabled i:16 h:bc866476 n:PrbP5
#1319342 10.07.2026 23:12:36 : EVT APPLICATION : Zapp prbp5000:Load script
#1319343 10.07.2026 23:12:36 : EVT APPLICATION : Zapp prbp5000:Enable
#1319344 10.07.2026 23:12:36 : EVT ANALYTICS : Zapp enabled i:16 h:bc866476 n:prbp5000 v:1.0
#1319345 10.07.2026 23:12:36 : EVT APPLICATION : Zapp clid:32880
#1319346 10.07.2026 23:12:37 : EVT APPLICATION : Zapp prbp5000:Disable
#1319347 10.07.2026 23:12:37 : EVT ANALYTICS : Zapp disabled i:16 h:bc866476 n:PrbP5
#1319348 10.07.2026 23:12:38 : EVT APPLICATION : Zapp prbp5000:Load script
#1319349 10.07.2026 23:12:38 : EVT APPLICATION : Zapp prbp5000:Enable
#1319350 10.07.2026 23:12:38 : EVT ANALYTICS : Zapp enabled i:16 h:bc866476 n:prbp5000 v:1.0
#1319351 10.07.2026 23:12:38 : EVT APPLICATION : Zapp clid:32880
#1319352 10.07.2026 23:12:45 : EVT <Unknown> : 1783717963540:SCD DET STATE ON.
#1319353 10.07.2026 23:12:48 : EVT APPLICATION : Zapp prbp5000:Disable
#1319354 10.07.2026 23:12:48 : EVT ANALYTICS : Zapp disabled i:16 h:bc866476 n:PrbP5
#1319355 10.07.2026 23:12:49 : EVT APPLICATION : Zapp prbp5000:Load script
#1319356 10.07.2026 23:12:49 : EVT APPLICATION : Zapp prbp5000:Enable
#1319357 10.07.2026 23:12:49 : EVT ANALYTICS : Zapp enabled i:16 h:bc866476 n:prbp5000 v:1.0
#1319358 10.07.2026 23:12:49 : EVT APPLICATION : Zapp clid:32880
#1319359 10.07.2026 23:12:49 : EVT APPLICATION : Zapp prbp5000:Disable
#1319360 10.07.2026 23:12:49 : EVT ANALYTICS : Zapp disabled i:16 h:bc866476 n:PrbP5
#1319361 10.07.2026 23:12:50 : EVT APPLICATION : Zapp prbp5000:Load script
#1319362 10.07.2026 23:12:50 : EVT APPLICATION : Zapp prbp5000:Enable
#1319363 10.07.2026 23:12:50 : EVT ANALYTICS : Zapp enabled i:16 h:bc866476 n:prbp5000 v:1.0
#1319364 10.07.2026 23:12:50 : EVT APPLICATION : Zapp clid:32880
#1319365 10.07.2026 23:12:50 : EVT APPLICATION : Zapp prbp5000:Disable
#1319366 10.07.2026 23:12:50 : EVT ANALYTICS : Zapp disabled i:16 h:bc866476 n:PrbP5
#1319367 10.07.2026 23:12:51 : EVT APPLICATION : Zapp prbp5000:Load script
#1319368 10.07.2026 23:12:51 : EVT APPLICATION : Zapp prbp5000:Enable
#1319369 10.07.2026 23:12:51 : EVT ANALYTICS : Zapp enabled i:16 h:bc866476 n:prbp5000 v:1.0
#1319370 10.07.2026 23:12:51 : EVT APPLICATION : Zapp clid:32880
#1319371 10.07.2026 23:12:51 : EVT APPLICATION : Zapp prbp5000:Disable
#1319372 10.07.2026 23:12:51 : EVT ANALYTICS : Zapp disabled i:16 h:bc866476 n:PrbP5
#1319373 10.07.2026 23:13:00 : EVT APPLICATION : Zapp prbp5000:Load script
#1319374 10.07.2026 23:13:00 : EVT APPLICATION : Zapp prbp5000:Enable
#1319375 10.07.2026 23:13:00 : EVT ANALYTICS : Zapp enabled i:16 h:bc866476 n:prbp5000 v:1.0
#1319376 10.07.2026 23:13:00 : EVT APPLICATION : Zapp clid:32880
#1319377 10.07.2026 23:13:03 : EVT APPLICATION : Zapp prbp5000:Disable
#1319378 10.07.2026 23:13:03 : EVT ANALYTICS : Zapp disabled i:16 h:bc866476 n:PrbP5
#1319379 10.07.2026 23:13:04 : EVT APPLICATION : Zapp prbp5000:Load script
#1319380 10.07.2026 23:13:04 : EVT APPLICATION : Zapp prbp5000:Enable
#1319381 10.07.2026 23:13:04 : EVT ANALYTICS : Zapp enabled i:16 h:bc866476 n:prbp5000 v:1.0
#1319382 10.07.2026 23:13:04 : EVT APPLICATION : Zapp clid:32880
#1319383 10.07.2026 23:13:05 : EVT APPLICATION : Zapp prbp5000:Disable
#1319384 10.07.2026 23:13:05 : EVT ANALYTICS : Zapp disabled i:16 h:bc866476 n:PrbP5
#1319385 10.07.2026 23:13:05 : EVT APPLICATION : Zapp prbp5000:Load script
#1319386 10.07.2026 23:13:05 : EVT APPLICATION : Zapp prbp5000:Enable
#1319387 10.07.2026 23:13:05 : EVT ANALYTICS : Zapp enabled i:16 h:bc866476 n:prbp5000 v:1.0
#1319388 10.07.2026 23:13:05 : EVT APPLICATION : Zapp clid:32880
#1319389 10.07.2026 23:13:05 : EVT APPLICATION : Zapp prbp5000:Disable
#1319390 10.07.2026 23:13:05 : EVT ANALYTICS : Zapp disabled i:16 h:bc866476 n:PrbP5
#1319391 10.07.2026 23:13:06 : EVT APPLICATION : Zapp prbp5000:Load script
#1319392 10.07.2026 23:13:06 : EVT APPLICATION : Zapp prbp5000:Enable
#1319393 10.07.2026 23:13:06 : EVT ANALYTICS : Zapp enabled i:16 h:bc866476 n:prbp5000 v:1.0
#1319394 10.07.2026 23:13:06 : EVT APPLICATION : Zapp clid:32880
#1319395 10.07.2026 23:13:06 : EVT APPLICATION : Zapp prbp5000:Disable
#1319396 10.07.2026 23:13:06 : EVT ANALYTICS : Zapp disabled i:16 h:bc866476 n:PrbP5
#1319397 10.07.2026 23:13:07 : EVT APPLICATION : Zapp prbp5000:Load script
#1319398 10.07.2026 23:13:07 : EVT APPLICATION : Zapp prbp5000:Enable
#1319399 10.07.2026 23:13:07 : EVT ANALYTICS : Zapp enabled i:16 h:bc866476 n:prbp5000 v:1.0
#1319400 10.07.2026 23:13:07 : EVT APPLICATION : Zapp clid:32880
#1319401 10.07.2026 23:13:07 : EVT APPLICATION : Zapp prbp5000:Disable
#1319402 10.07.2026 23:13:07 : EVT ANALYTICS : Zapp disabled i:16 h:bc866476 n:PrbP5
#1319403 10.07.2026 23:13:07 : EVT APPLICATION : Zapp prbp5000:Load script
#1319404 10.07.2026 23:13:07 : EVT APPLICATION : Zapp prbp5000:Enable
#1319405 10.07.2026 23:13:07 : EVT ANALYTICS : Zapp enabled i:16 h:bc866476 n:prbp5000 v:1.0
#1319406 10.07.2026 23:13:07 : EVT APPLICATION : Zapp clid:32880
#1319407 10.07.2026 23:13:08 : EVT APPLICATION : Zapp prbp5000:Disable
#1319408 10.07.2026 23:13:08 : EVT ANALYTICS : Zapp disabled i:16 h:bc866476 n:PrbP5
#1319409 10.07.2026 23:13:08 : EVT APPLICATION : Zapp prbp5000:Load script
#1319410 10.07.2026 23:13:08 : EVT APPLICATION : Zapp prbp5000:Enable
#1319411 10.07.2026 23:13:08 : EVT ANALYTICS : Zapp enabled i:16 h:bc866476 n:prbp5000 v:1.0
#1319412 10.07.2026 23:13:08 : EVT APPLICATION : Zapp clid:32880
#1319413 10.07.2026 23:13:11 : EVT APPLICATION : Zapp prbp5000:Disable
#1319414 10.07.2026 23:13:11 : EVT ANALYTICS : Zapp disabled i:16 h:bc866476 n:PrbP5
#1319415 10.07.2026 23:13:13 : EVT APPLICATION : Zapp prbp5000:Load script
#1319416 10.07.2026 23:13:13 : EVT APPLICATION : Zapp prbp5000:Enable
#1319417 10.07.2026 23:13:13 : EVT ANALYTICS : Zapp enabled i:16 h:bc866476 n:prbp5000 v:1.0
#1319418 10.07.2026 23:13:13 : EVT APPLICATION : Zapp clid:32880
#1319419 10.07.2026 23:13:13 : EVT APPLICATION : Zapp prbp5000:Disable
#1319420 10.07.2026 23:13:13 : EVT ANALYTICS : Zapp disabled i:16 h:bc866476 n:PrbP5
#1319421 10.07.2026 23:13:14 : EVT APPLICATION : Zapp prbp5000:Load script
#1319422 10.07.2026 23:13:14 : EVT APPLICATION : Zapp prbp5000:Enable
#1319423 10.07.2026 23:13:14 : EVT ANALYTICS : Zapp enabled i:16 h:bc866476 n:prbp5000 v:1.0
#1319424 10.07.2026 23:13:14 : EVT APPLICATION : Zapp clid:32880
#1319425 10.07.2026 23:13:14 : EVT APPLICATION : Zapp prbp5000:Disable
#1319426 10.07.2026 23:13:14 : EVT ANALYTICS : Zapp disabled i:16 h:bc866476 n:PrbP5
#1319427 10.07.2026 23:13:15 : EVT APPLICATION : Zapp prbp5000:Load script
#1319428 10.07.2026 23:13:15 : EVT APPLICATION : Zapp prbp5000:Enable
#1319429 10.07.2026 23:13:15 : EVT ANALYTICS : Zapp enabled i:16 h:bc866476 n:prbp5000 v:1.0
#1319430 10.07.2026 23:13:15 : EVT APPLICATION : Zapp clid:32880
#1319431 10.07.2026 23:13:16 : EVT APPLICATION : Zapp prbp5000:Disable
#1319432 10.07.2026 23:13:16 : EVT ANALYTICS : Zapp disabled i:16 h:bc866476 n:PrbP5
#1319433 10.07.2026 23:13:16 : EVT APPLICATION : Zapp prbp5000:Load script
#1319434 10.07.2026 23:13:16 : EVT APPLICATION : Zapp prbp5000:Enable
#1319435 10.07.2026 23:13:16 : EVT ANALYTICS : Zapp enabled i:16 h:bc866476 n:prbp5000 v:1.0
#1319436 10.07.2026 23:13:16 : EVT APPLICATION : Zapp clid:32880
#1319437 10.07.2026 23:13:16 : EVT APPLICATION : Zapp prbp5000:Disable
#1319438 10.07.2026 23:13:17 : EVT ANALYTICS : Zapp disabled i:16 h:bc866476 n:PrbP5
#1319439 10.07.2026 23:13:17 : EVT APPLICATION : Zapp prbp5000:Load script
#1319440 10.07.2026 23:13:17 : EVT APPLICATION : Zapp prbp5000:Enable
#1319441 10.07.2026 23:13:17 : EVT ANALYTICS : Zapp enabled i:16 h:bc866476 n:prbp5000 v:1.0
#1319442 10.07.2026 23:13:17 : EVT APPLICATION : Zapp clid:32880
#1319443 10.07.2026 23:13:18 : EVT APPLICATION : Zapp prbp5000:Disable
#1319444 10.07.2026 23:13:18 : EVT ANALYTICS : Zapp disabled i:16 h:bc866476 n:PrbP5
#1319445 10.07.2026 23:13:18 : EVT APPLICATION : Zapp prbp5000:Load script
#1319446 10.07.2026 23:13:18 : EVT APPLICATION : Zapp prbp5000:Enable
#1319447 10.07.2026 23:13:18 : EVT ANALYTICS : Zapp enabled i:16 h:bc866476 n:prbp5000 v:1.0
#1319448 10.07.2026 23:13:18 : EVT APPLICATION : Zapp clid:32880
#1319449 10.07.2026 23:13:19 : EVT APPLICATION : Zapp prbp5000:Disable
#1319450 10.07.2026 23:13:19 : EVT ANALYTICS : Zapp disabled i:16 h:bc866476 n:PrbP5
#1319451 10.07.2026 23:13:19 : EVT APPLICATION : Zapp prbp5000:Load script
#1319452 10.07.2026 23:13:19 : EVT APPLICATION : Zapp prbp5000:Enable
#1319453 10.07.2026 23:13:19 : EVT ANALYTICS : Zapp enabled i:16 h:bc866476 n:prbp5000 v:1.0
#1319454 10.07.2026 23:13:19 : EVT APPLICATION : Zapp clid:32880
#1319455 10.07.2026 23:13:20 : EVT APPLICATION : Zapp prbp5000:Disable
#1319456 10.07.2026 23:13:20 : EVT ANALYTICS : Zapp disabled i:16 h:bc866476 n:PrbP5
#1319457 10.07.2026 23:13:20 : EVT APPLICATION : Zapp prbp5000:Load script
#1319458 10.07.2026 23:13:20 : EVT APPLICATION : Zapp prbp5000:Enable
#1319459 10.07.2026 23:13:20 : EVT ANALYTICS : Zapp enabled i:16 h:bc866476 n:prbp5000 v:1.0
#1319460 10.07.2026 23:13:20 : EVT APPLICATION : Zapp clid:32880
#1319461 10.07.2026 23:13:21 : EVT APPLICATION : Zapp prbp5000:Disable
#1319462 10.07.2026 23:13:21 : EVT ANALYTICS : Zapp disabled i:16 h:bc866476 n:PrbP5
#1319463 10.07.2026 23:13:21 : EVT APPLICATION : Zapp prbp5000:Load script
#1319464 10.07.2026 23:13:21 : EVT APPLICATION : Zapp prbp5000:Enable
#1319465 10.07.2026 23:13:21 : EVT ANALYTICS : Zapp enabled i:16 h:bc866476 n:prbp5000 v:1.0
#1319466 10.07.2026 23:13:21 : EVT APPLICATION : Zapp clid:32880
#1319467 10.07.2026 23:13:22 : EVT APPLICATION : Zapp prbp5000:Disable
#1319468 10.07.2026 23:13:22 : EVT ANALYTICS : Zapp disabled i:16 h:bc866476 n:PrbP5
#1319469 10.07.2026 23:13:22 : EVT APPLICATION : Zapp prbp5000:Load script
#1319470 10.07.2026 23:13:22 : EVT APPLICATION : Zapp prbp5000:Enable
#1319471 10.07.2026 23:13:22 : EVT ANALYTICS : Zapp enabled i:16 h:bc866476 n:prbp5000 v:1.0
#1319472 10.07.2026 23:13:22 : EVT APPLICATION : Zapp clid:32880
#1319473 10.07.2026 23:13:23 : EVT APPLICATION : Zapp prbp5000:Disable
#1319474 10.07.2026 23:13:23 : EVT ANALYTICS : Zapp disabled i:16 h:bc866476 n:PrbP5
#1319475 10.07.2026 23:13:23 : EVT APPLICATION : Zapp prbp5000:Load script
#1319476 10.07.2026 23:13:23 : EVT APPLICATION : Zapp prbp5000:Enable
#1319477 10.07.2026 23:13:23 : EVT ANALYTICS : Zapp enabled i:16 h:bc866476 n:prbp5000 v:1.0
#1319478 10.07.2026 23:13:23 : EVT APPLICATION : Zapp clid:32880
#1319479 10.07.2026 23:13:23 : EVT OHR : S:start 0x2123
#1319480 10.07.2026 23:13:24 : EVT <Unknown> : 1783718001990:Meas start 0x2123
#1319481 10.07.2026 23:13:30 : EVT APPLICATION : Zapp prbp5000:Disable
#1319482 10.07.2026 23:13:30 : EVT ANALYTICS : Zapp disabled i:16 h:bc866476 n:PrbP5
#1319483 10.07.2026 23:13:30 : EVT APPLICATION : Zapp prbp5000:Load script
#1319484 10.07.2026 23:13:30 : EVT APPLICATION : Zapp prbp5000:Enable
#1319485 10.07.2026 23:13:30 : EVT ANALYTICS : Zapp enabled i:16 h:bc866476 n:prbp5000 v:1.0
#1319486 10.07.2026 23:13:30 : EVT APPLICATION : Zapp clid:32880
#1319487 10.07.2026 23:13:31 : EVT APPLICATION : Zapp prbp5000:Disable
#1319488 10.07.2026 23:13:31 : EVT ANALYTICS : Zapp disabled i:16 h:bc866476 n:PrbP5
#1319489 10.07.2026 23:13:31 : EVT APPLICATION : Zapp prbp5000:Load script
#1319490 10.07.2026 23:13:31 : EVT APPLICATION : Zapp prbp5000:Enable
#1319491 10.07.2026 23:13:31 : EVT ANALYTICS : Zapp enabled i:16 h:bc866476 n:prbp5000 v:1.0
#1319492 10.07.2026 23:13:31 : EVT APPLICATION : Zapp clid:32880
#1319493 10.07.2026 23:13:32 : EVT APPLICATION : Zapp prbp5000:Disable
#1319494 10.07.2026 23:13:32 : EVT ANALYTICS : Zapp disabled i:16 h:bc866476 n:PrbP5
#1319495 10.07.2026 23:13:32 : EVT APPLICATION : Zapp prbp5000:Load script
#1319496 10.07.2026 23:13:32 : EVT APPLICATION : Zapp prbp5000:Enable
#1319497 10.07.2026 23:13:32 : EVT ANALYTICS : Zapp enabled i:16 h:bc866476 n:prbp5000 v:1.0
#1319498 10.07.2026 23:13:32 : EVT APPLICATION : Zapp clid:32880
#1319499 10.07.2026 23:13:33 : EVT APPLICATION : Zapp prbp5000:Disable
#1319500 10.07.2026 23:13:33 : EVT ANALYTICS : Zapp disabled i:16 h:bc866476 n:PrbP5
#1319501 10.07.2026 23:13:33 : EVT APPLICATION : Zapp prbp5000:Load script
#1319502 10.07.2026 23:13:33 : EVT APPLICATION : Zapp prbp5000:Enable
#1319503 10.07.2026 23:13:33 : EVT ANALYTICS : Zapp enabled i:16 h:bc866476 n:prbp5000 v:1.0
#1319504 10.07.2026 23:13:33 : EVT APPLICATION : Zapp clid:32880
#1319505 10.07.2026 23:13:34 : WRN WBAPI : eID-691468(277): /Dive/TankPressure/Alarm/Count 404
#1319506 10.07.2026 23:13:34 : EVT OHR : S:start 0x21a3
#1319507 10.07.2026 23:13:34 : EVT <Unknown> : 1783718012842:Meas start 0x21a3
#1319508 10.07.2026 23:13:39 : EVT <Unknown> : 1783718017530:Off Skin Set.
#1319509 10.07.2026 23:13:40 : EVT LOGGER : HrIbiLogger stop, off (0 ms)
#1319510 10.07.2026 23:13:40 : EVT WBSTORAGE : CACHE_DEFRAG (648->784, 24->24, 25)
#1319511 10.07.2026 23:13:40 : TRC NAVIGATION : CG: no climb WP
#1319512 10.07.2026 23:13:40 : TRC NAVIGATION : CG:init ZoomType=0
#1319513 10.07.2026 23:13:40 : EVT NAVIGATION : initSeg Idx=0 D=1 T=0 3-0-4
#1319514 10.07.2026 23:13:40 : EVT WBSTORAGE : CACHE_DEFRAG (768->1024, 24->24, 25)
#1319515 10.07.2026 23:13:40 : EVT SPEEDFUSION : INFO # IDLE mode(-1) set
#1319516 10.07.2026 23:13:40 : EVT ALTIFUSION : AltiBaroMode:2
#1319517 10.07.2026 23:13:40 : EVT APPLICATION : Zapp zzmoveen:Disable
#1319518 10.07.2026 23:13:40 : EVT ANALYTICS : Zapp disabled i:6 h:7aac0887 n:Movement
#1319519 10.07.2026 23:13:40 : EVT <Unknown> : 1783718018031:On Skin Set.
#1319520 10.07.2026 23:13:40 : EVT UI_FRAMEWORK : evalFile: b:/zapp/zzmoveen.fea/ext2.js from ui
#1319521 10.07.2026 23:13:40 : EVT APPLICATION : Zapp zzwethen:Disable
#1319522 10.07.2026 23:13:40 : EVT ANALYTICS : Zapp disabled i:8 h:3f77f8ec n:Weather
#1319523 10.07.2026 23:13:40 : EVT APPLICATION : Zapp prbp5000:Disable
#1319524 10.07.2026 23:13:40 : EVT ANALYTICS : Zapp disabled i:16 h:bc866476 n:PrbP5
#1319525 10.07.2026 23:13:40 : EVT SPEEDFUSION : INFO # stop speed fusion
#1319526 10.07.2026 23:13:40 : EVT <Unknown> : Update pres sampl intrvl:5
#1319527 10.07.2026 23:13:40 : EVT ANALYTICS : SleepQ:Tracking:On
#1319528 10.07.2026 23:13:40 : EVT OHR : S:start 0x2123
#1319529 10.07.2026 23:13:41 : EVT WBSTORAGE : CACHE_DEFRAG (1000->1008, 24->24, 25)
#1319530 10.07.2026 23:13:41 : EVT APPLICATION : Zapp zwc05901:Load script
#1319531 10.07.2026 23:13:41 : EVT <Unknown> : 1783718019186:Meas start 0x2123
#1319532 10.07.2026 23:13:41 : EVT APPLICATION : Zapp zwc05901:Enable
#1319533 10.07.2026 23:13:41 : EVT ANALYTICS : Zapp enabled i:3 h:ddb248f2 n:zwc05901 v:124f
#1319534 10.07.2026 23:13:41 : WRN WBAPI : eID-691468(277): /Weather/Current/ValidWeatherData.temp 
#1319535 10.07.2026 23:13:41 : EVT BLE : Disconn sensor:1
#1319536 10.07.2026 23:13:42 : EVT BLE : BLE Sensor Link 4800180D Disc (L-E-:00:0)
#1319537 10.07.2026 23:13:42 : WRN BLE : sendDisconnect 6157
#1319538 10.07.2026 23:13:42 : ERR BLE : [AURA]No filters left, stopping scan
#1319539 10.07.2026 23:13:42 : EVT <Unknown> : 1783718020828:Off Skin Set.
#1319540 10.07.2026 23:13:43 : EVT PMIC : VBUS state is OFF
#1319541 10.07.2026 23:13:43 : EVT PMIC : PMIC temp zone:0x7
#1319542 10.07.2026 23:13:44 : EVT PMIC : VBUS state is OFF
#1319543 10.07.2026 23:13:45 : EVT <Unknown> : 1783718023455:On Skin Set.
#1319544 10.07.2026 23:13:46 : EVT WBSTORAGE : CACHE_DEFRAG (880->888, 24->24, 25)
#1319545 10.07.2026 23:13:47 : EVT WBSTORAGE : CACHE_DEFRAG (840->872, 24->24, 25)
#1319546 10.07.2026 23:13:47 : EVT WBSTORAGE : CACHE_DEFRAG (848->856, 24->24, 25)
#1319547 10.07.2026 23:13:47 : EVT WBSTORAGE : CACHE_DEFRAG (840->848, 24->24, 25)
#1319548 10.07.2026 23:13:47 : EVT WBSTORAGE : CACHE_DEFRAG (832->976, 24->24, 25)
#1319549 10.07.2026 23:13:47 : TRC NAVIGATION : CG: no climb WP
#1319550 10.07.2026 23:13:47 : TRC NAVIGATION : CG:init ZoomType=0
#1319551 10.07.2026 23:13:47 : EVT NAVIGATION : initSeg Idx=0 D=1 T=0 3-0-4
#1319552 10.07.2026 23:13:47 : EVT WBSTORAGE : CACHE_DEFRAG (896->944, 24->24, 25)
#1319553 10.07.2026 23:13:47 : EVT ALTIFUSION : AltiBaroMode:0
#1319554 10.07.2026 23:13:47 : EVT ALTIFUSION : Init AltiBaro
#1319555 10.07.2026 23:13:47 : EVT APPLICATION : Zapp zwc05901:Disable
#1319556 10.07.2026 23:13:47 : EVT ANALYTICS : Zapp disabled i:3 h:ddb248f2 n:Vector classic
#1319557 10.07.2026 23:13:47 : EVT ANALYTICS : SleepQ:Tracking:On
#1319558 10.07.2026 23:13:47 : EVT ALTIFUSION : AltiBaroMode:0
#1319559 10.07.2026 23:13:47 : EVT ALTIFUSION : Init AltiBaro
#1319560 10.07.2026 23:13:47 : EVT WBSTORAGE : CACHE_DEFRAG (920->928, 24->24, 25)
#1319561 10.07.2026 23:13:47 : EVT UI_FRAMEWORK : JS nsto enable zapp: zzwethen
#1319562 10.07.2026 23:13:47 : EVT UI_FRAMEWORK : JS nsto enable zapp: zzmoveen
#1319563 10.07.2026 23:13:47 : EVT UI_FRAMEWORK : JS nsto enable zapp: prbp5000
#1319564 10.07.2026 23:13:47 : EVT APPLICATION : Zapp zzwethen:Load script
#1319565 10.07.2026 23:13:47 : EVT APPLICATION : Zapp zzwethen:Enable
#1319566 10.07.2026 23:13:47 : EVT ANALYTICS : Zapp enabled i:8 h:3f77f8ec n:zzwethen v:ade
#1319567 10.07.2026 23:13:47 : EVT APPLICATION : Zapp clid:32878
#1319568 10.07.2026 23:13:47 : EVT APPLICATION : Zapp zzmoveen:Load script
#1319569 10.07.2026 23:13:47 : EVT APPLICATION : Zapp zzmoveen:Enable
#1319570 10.07.2026 23:13:47 : EVT ANALYTICS : Zapp enabled i:6 h:7aac0887 n:zzmoveen v:8e0
#1319571 10.07.2026 23:13:47 : EVT UI_FRAMEWORK : evalFile: b:/zapp/zzmoveen.fea/ext1.js from ui
#1319572 10.07.2026 23:13:47 : EVT APPLICATION : Zapp clid:32879
#1319573 10.07.2026 23:13:47 : EVT APPLICATION : Zapp prbp5000:Load script
#1319574 10.07.2026 23:13:48 : EVT APPLICATION : Zapp prbp5000:Enable
#1319575 10.07.2026 23:13:48 : EVT ANALYTICS : Zapp enabled i:16 h:bc866476 n:prbp5000 v:1.0
#1319576 10.07.2026 23:13:48 : EVT APPLICATION : Zapp clid:32880
#1319577 10.07.2026 23:13:48 : EVT UI_FRAMEWORK : JS nsto all zapps enabled.
#1319578 10.07.2026 23:13:48 : EVT UI_FRAMEWORK : JS Prestart Activity Id: 16.000
#1319579 10.07.2026 23:13:48 : WRN WBAPI : eID-691468(277): /Dive/Alarms/Acknowledge 404
#1319580 10.07.2026 23:13:48 : WRN WBAPI : eID-691468(277): /Dive/DiveGases 404
#1319581 10.07.2026 23:13:48 : WRN WBAPI : eID-691468(277): /Dive/Gauge/Next 404
#1319582 10.07.2026 23:13:48 : EVT WBSTORAGE : CACHE_DEFRAG (880->888, 24->24, 25)
#1319583 10.07.2026 23:13:48 : EVT WBSTORAGE : CACHE_DEFRAG (816->824, 24->24, 25)
#1319584 10.07.2026 23:13:48 : EVT WBSTORAGE : CACHE_DEFRAG (752->760, 24->24, 25)
#1319585 10.07.2026 23:13:48 : EVT WBSTORAGE : CACHE_DEFRAG (680->712, 24->24, 25)
#1319586 10.07.2026 23:13:48 : EVT BLE : BLE Sensor Link 4800180D Conn (--E-:00:1)
#1319587 10.07.2026 23:13:48 : WRN BLE : sendConnect 6157
#1319588 10.07.2026 23:13:48 : WRN WBAPI : eID-691468(277): /Dive/TankPressure/Alarm/Count 404
#1319589 10.07.2026 23:13:48 : EVT <Unknown> : Update pres sampl intrvl:1
#1319590 10.07.2026 23:13:48 : EVT SPEEDFUSION : INFO # start speed fusion
#1319591 10.07.2026 23:13:48 : EVT SPEEDFUSION : Act:16,Acc:0,BPod:0,FPod:0,PPod:0,BeltPod:1
#1319592 10.07.2026 23:13:48 : EVT SPEEDFUSION : INFO # Start algo without wrist acc
#1319593 10.07.2026 23:13:48 : EVT OHR : S:start 0x21a3
#1319594 10.07.2026 23:13:48 : EVT TRAININGLAB : TLab:~Mode T 23738 + 40 A 6210 + 0
#1319595 10.07.2026 23:13:48 : EVT TRAININGLAB : TLab:Change mode 2->3
#1319596 10.07.2026 23:13:48 : EVT TRAININGLAB : TLab:Mode::userInfo 60, 200, 1, 37, 182, 950, 1990
#1319597 10.07.2026 23:13:48 : EVT LOGGER : Log space:30505429 bytes free
#1319598 10.07.2026 23:13:48 : EVT TRAININGLAB : ModeUnsub:2800
#1319599 10.07.2026 23:13:49 : EVT TRAININGLAB : ModeSub:9004
#1319600 10.07.2026 23:13:49 : EVT TRAININGLAB : TLab:Select input 0
#1319601 10.07.2026 23:13:49 : EVT TRAININGLAB : TLab:Active input 0
#1319602 10.07.2026 23:13:49 : EVT LOGGER : Exercise started
#1319603 10.07.2026 23:13:49 : EVT BLE : HR RR on (91807382)
#1319604 10.07.2026 23:13:49 : TRC GPS : Full GNSS data subd l:0 c:802b0000
#1319605 10.07.2026 23:13:49 : EVT <Unknown> : 1783718027007:Meas start 0x21a3
#1319606 10.07.2026 23:13:51 : EVT ANALYTICS : Battery-> 3 soc:97
#1319607 10.07.2026 23:13:51 : EVT ANALYTICS : #FusHr src:0 time:0
#1319608 10.07.2026 23:13:51 : EVT ANALYTICS : #Act id:16
#1319609 10.07.2026 23:13:51 : EVT ANALYTICS : #powersave mode:p temp:34.0
#1319610 10.07.2026 23:13:51 : EVT ANALYTICS : GPSMODE:NOTUSED
#1319611 10.07.2026 23:13:51 : EVT ANALYTICS : #gnss d:2026-07-10T00:00:00Z
#1319612 10.07.2026 23:13:51 : EVT ANALYTICS : #zapp n:PrbP5 e:1
#1319613 10.07.2026 23:13:51 : EVT ANALYTICS : #zapp n:Weather e:1
#1319614 10.07.2026 23:13:51 : EVT ANALYTICS : #zapp n:Movement e:1
#1319615 10.07.2026 23:13:52 : EVT UI_FRAMEWORK : evalFile: b:/zapp/prbp5000.fea/ext92.js from ui
#1319616 10.07.2026 23:13:52 : EVT LOGGER : Exercise paused
#1319617 10.07.2026 23:13:54 : EVT APPLICATION : Zapp zzmoveen:Disable
#1319618 10.07.2026 23:13:54 : EVT ANALYTICS : Zapp disabled i:6 h:7aac0887 n:Movement
#1319619 10.07.2026 23:13:54 : EVT UI_FRAMEWORK : evalFile: b:/zapp/zzmoveen.fea/ext2.js from ui
#1319620 10.07.2026 23:13:54 : EVT APPLICATION : Zapp zzwethen:Disable
#1319621 10.07.2026 23:13:54 : EVT ANALYTICS : Zapp disabled i:8 h:3f77f8ec n:Weather
#1319622 10.07.2026 23:13:54 : EVT APPLICATION : Zapp prbp5000:Disable
#1319623 10.07.2026 23:13:54 : EVT ANALYTICS : Zapp disabled i:16 h:bc866476 n:PrbP5
#1319624 10.07.2026 23:13:54 : EVT UI_FRAMEWORK : JS discard disable zapps
#1319625 10.07.2026 23:13:54 : EVT UI_FRAMEWORK : JS will discard
#1319626 10.07.2026 23:13:54 : EVT SPEEDFUSION : INFO # stop speed fusion
#1319627 10.07.2026 23:13:54 : EVT <Unknown> : Update pres sampl intrvl:5
#1319628 10.07.2026 23:13:54 : WRN APPLICATION : discard hrr meas l:3 d:0 sh:0 mh:0 v:0
#1319629 10.07.2026 23:13:54 : EVT TRAININGZONE : User Define Mode:5
#1319630 10.07.2026 23:13:54 : EVT TRAININGZONE : Tss HR:0.04
#1319631 10.07.2026 23:13:54 : EVT TRAININGZONE : A:16,Tss:[-200.00,-200.00,-200.00,0.04]
#1319632 10.07.2026 23:13:54 : EVT TRAININGLAB : AppFeature Vo2Max 0.000000
#1319633 10.07.2026 23:13:54 : EVT TRAININGLAB : TLab:~Mode T 23778 + 1 A 6210 + 0
#1319634 10.07.2026 23:13:54 : EVT TRAININGLAB : TLab:Change mode 3->2
#1319635 10.07.2026 23:13:54 : EVT TRAININGLAB : TLab:Mode::userInfo 60, 200, 1, 37, 182, 950, 1990
#1319636 10.07.2026 23:13:54 : EVT LOGGER : LGR 934, 80
#1319637 10.07.2026 23:13:54 : EVT TRAININGLAB : ModeUnsub:91C5
#1319638 10.07.2026 23:13:54 : EVT OHR : S:start 0x2123
#1319639 10.07.2026 23:13:54 : EVT TRAININGLAB : ModeSub:0400
#1319640 10.07.2026 23:13:54 : EVT ANALYTICS : WAOae:Activity WAOae:16
#1319641 10.07.2026 23:13:54 : EVT ANALYTICS : WAOae:TotalAcc WAOae:0,0,0
#1319642 10.07.2026 23:13:54 : EVT ANALYTICS : WAOae:AccCount WAOae:0,0,0
#1319643 10.07.2026 23:13:54 : EVT ANALYTICS : WAOae:Distance WAOae:0,0,0
#1319644 10.07.2026 23:13:54 : EVT ANALYTICS : WAOae:Duration WAOae:0,0,0
#1319645 10.07.2026 23:13:54 : EVT ANALYTICS : WAOae:Coeff WAOae:0,40,240,390,773,7524,7624
#1319646 10.07.2026 23:13:54 : EVT LOGGER : Exercise stopped
#1319647 10.07.2026 23:13:54 : EVT BLE : HR RR off (91812802, 5420 ms missing)
#1319648 10.07.2026 23:13:54 : EVT BLE : HR RR done
#1319649 10.07.2026 23:13:54 : EVT LOGGER : HrIbiLogger stop, off (0 ms)
#1319650 10.07.2026 23:13:54 : EVT LOGGER : HrIbiLogger stopped (0 ms)
#1319651 10.07.2026 23:13:54 : TRC GPS : Unsubd c:802b0000
#1319652 10.07.2026 23:13:54 : EVT LOGGER : LGR 934, 80
#1319653 10.07.2026 23:13:54 : EVT ANALYTICS : SleepQ:Tracking:On
#1319654 10.07.2026 23:13:54 : EVT LOGGER : Wr dpc on
#1319655 10.07.2026 23:13:54 : EVT LOGGER : LGR 20993, 56
#1319656 10.07.2026 23:13:54 : EVT <Unknown> : 1783718032878:Meas start 0x2123
#1319657 10.07.2026 23:13:55 : TRC NAVIGATION : CG: no climb WP
#1319658 10.07.2026 23:13:55 : TRC NAVIGATION : CG:init ZoomType=0
#1319659 10.07.2026 23:13:55 : EVT NAVIGATION : initSeg Idx=0 D=1 T=0 3-0-4
#1319660 10.07.2026 23:13:55 : EVT WBSTORAGE : CACHE_DEFRAG (688->1024, 24->24, 25)
#1319661 10.07.2026 23:13:55 : EVT SPEEDFUSION : INFO # IDLE mode(-1) set
#1319662 10.07.2026 23:13:55 : EVT ALTIFUSION : AltiBaroMode:2
#1319663 10.07.2026 23:13:55 : EVT BLE : Disconn sensor:1
#1319664 10.07.2026 23:13:55 : EVT BLE : BLE Sensor Link 4800180D Disc (L-E-:00:0)
#1319665 10.07.2026 23:13:55 : WRN BLE : sendDisconnect 6157
#1319666 10.07.2026 23:13:55 : ERR BLE : [AURA]No filters left, stopping scan
#1319667 10.07.2026 23:13:55 : ERR BLE : [AURA]Filter with handle 72 not found
#1319668 10.07.2026 23:13:55 : EVT <Unknown> : 1783718033351:Off Skin Set.
#1319669 10.07.2026 23:13:55 : EVT <Unknown> : 1783718033727:On Skin Set.
#1319670 10.07.2026 23:13:55 : EVT <Unknown> : 1783718033918:Off Skin Set.
#1319671 10.07.2026 23:13:56 : EVT PMIC : PMIC temp zone:0x2
#1319672 10.07.2026 23:13:56 : EVT ANALYTICS : #powersave mode:p temp:34.0
#1319673 10.07.2026 23:13:56 : EVT ANALYTICS : Battery-> 4 soc:97
#1319674 10.07.2026 23:13:56 : EVT PMIC : VBUS state is ON
#1319675 10.07.2026 23:13:56 : EVT PMIC : chgCntl1:0x70
#1319676 10.07.2026 23:13:56 : EVT PMIC : check chgCntl1:0x74
#1319677 10.07.2026 23:13:56 : EVT PMIC : Turn charge ON since VBUS->ON
#1319678 10.07.2026 23:13:56 : EVT OHR : VBUS on
#1319679 10.07.2026 23:13:56 : EVT OHR : S:stop 23
#1319680 10.07.2026 23:13:56 : EVT <Unknown> : 1783718035052:Meas stop 0x2123
#1319681 10.07.2026 23:13:56 : TRC APPLICATION : Notification n-char not allowed (247 < 255)
#1319682 10.07.2026 23:13:56 : EVT PMIC : PMIC temp zone:0x7
#1319683 10.07.2026 23:13:56 : WRN <Unknown> : 1783718035052:FSM EVT STOP.
#1319684 10.07.2026 23:13:56 : EVT OHR : S:OFF 1->0
#1319685 10.07.2026 23:13:57 : EVT PMIC : VBUS state is OFF
#1319686 10.07.2026 23:13:57 : EVT PMIC : Turn charge OFF since VBUS->OFF
#1319687 10.07.2026 23:13:57 : EVT OHR : VBUS off
#1319688 10.07.2026 23:13:57 : EVT OHR : S:ON 0->1
#1319689 10.07.2026 23:13:57 : EVT OHR : APPINIT:caps 0x1f4, 6b738616
#1319690 10.07.2026 23:13:57 : EVT <Unknown> : 1783718037354:AI@1783718037330, tz120
#1319691 10.07.2026 23:13:57 : EVT OHR : S:start 0x2123
#1319692 10.07.2026 23:13:57 : EVT <Unknown> : 1783718037361:Meas start 0x2123
#1319693 10.07.2026 23:13:57 : EVT <Unknown> : 1783718037372:PD1464, 0
#1319694 10.07.2026 23:13:57 : EVT <Unknown> : 1783718037433:GMV 20251126/1/4/0/395/46
#1319695 10.07.2026 23:13:57 : EVT <Unknown> : 1783718037687:Mi1.6.10, auth 0, hr_mode 0
#1319696 10.07.2026 23:13:58 : EVT UI_FRAMEWORK : JS discard
#1319697 10.07.2026 23:13:58 : WRN LOGGER : Delete b:logs/6A51608C
#1319698 10.07.2026 23:13:58 : EVT PMIC : VBUS state is ON
#1319699 10.07.2026 23:13:58 : EVT PMIC : chgCntl1:0x70
#1319700 10.07.2026 23:13:58 : EVT PMIC : check chgCntl1:0x74
#1319701 10.07.2026 23:13:58 : EVT PMIC : Turn charge ON since VBUS->ON
#1319702 10.07.2026 23:13:58 : EVT PMIC : PMIC temp zone:0x2
#1319703 10.07.2026 23:13:58 : EVT PMIC : PMIC Fast-charge constant cur
#1319704 10.07.2026 23:13:58 : EVT OHR : VBUS on
#1319705 10.07.2026 23:13:58 : EVT OHR : S:stop 23
#1319706 10.07.2026 23:13:58 : TRC APPLICATION : Notification n-char not allowed (247 < 255)
#1319707 10.07.2026 23:13:58 : EVT <Unknown> : 1783718038467:Meas stop 0x2123
#1319708 10.07.2026 23:13:58 : EVT PMIC : PMIC Fast-charge constant voltage
#1319709 10.07.2026 23:13:58 : EVT WBSTORAGE : CACHE_DEFRAG (1000->1008, 24->24, 25)
#1319710 10.07.2026 23:13:58 : EVT WBSTORAGE : CACHE_DEFRAG (936->944, 24->24, 25)
#1319711 10.07.2026 23:13:58 : EVT BLE : lt,scan 1
#1319712 10.07.2026 23:13:58 : WRN BLE : sendDisconnect 6157
#1319713 10.07.2026 23:13:58 : ERR BLE : [AURA]Filter with handle 72 not found
#1319714 10.07.2026 23:13:58 : WRN <Unknown> : 1783718038468:FSM EVT STOP.
#1319715 10.07.2026 23:13:58 : EVT OHR : S:OFF 1->0
#1319716 10.07.2026 23:13:58 : EVT BLE : packet 0 sensor found count 1
#1319717 10.07.2026 23:13:58 : EVT BLE : packet 0 sensor found count 2
#1319718 10.07.2026 23:13:59 : EVT OHR : No HR update, invalidate by timer
#1319719 10.07.2026 23:14:00 : EVT WBSTORAGE : CACHE_DEFRAG (872->880, 24->24, 25)
#1319720 10.07.2026 23:14:00 : EVT APPLICATION : Zapp zwc05901:Load script
#1319721 10.07.2026 23:14:00 : EVT APPLICATION : Zapp zwc05901:Enable
#1319722 10.07.2026 23:14:00 : EVT ANALYTICS : Zapp enabled i:3 h:ddb248f2 n:zwc05901 v:124f
#1319723 10.07.2026 23:14:00 : WRN WBAPI : eID-691468(277): /Weather/Current/ValidWeatherData.temp 
#1319724 10.07.2026 23:14:02 : TRC FUEL_GAUGE : Chg->1,B:5,C:7.4,V:4405,U:1,bF:97%,bC:97%
#1319725 10.07.2026 23:14:03 : EVT ANALYTICS : Battery-> 2 soc:97
#1319726 10.07.2026 23:14:15 : EVT WBSTORAGE : CACHE_DEFRAG (752->760, 24->24, 25)
#1319727 10.07.2026 23:14:15 : EVT WBSTORAGE : CACHE_DEFRAG (728->736, 24->24, 25)
#1319728 10.07.2026 23:14:15 : EVT <Unknown> : DL Region List
#1319729 10.07.2026 23:14:15 : EVT WIFI : Pwr up
#1319730 10.07.2026 23:14:16 : EVT PMIC : PMIC temp zone:0x7
#1319731 10.07.2026 23:14:16 : EVT PMIC : VBUS state is OFF
#1319732 10.07.2026 23:14:16 : EVT PMIC : Turn charge OFF since VBUS->OFF
#1319733 10.07.2026 23:14:16 : TRC FUEL_GAUGE : Chg->0,B:5,C:63.6,V:4412,U:0,bF:97%,bC:97%
#1319734 10.07.2026 23:14:16 : EVT OHR : VBUS off
#1319735 10.07.2026 23:14:16 : EVT OHR : S:ON 0->1
#1319736 10.07.2026 23:14:16 : EVT OHR : APPINIT:caps 0x1f4, 6b738616
#1319737 10.07.2026 23:14:16 : EVT <Unknown> : 1783718056584:AI@1783718056560, tz120
#1319738 10.07.2026 23:14:16 : EVT OHR : S:start 0x2123
#1319739 10.07.2026 23:14:16 : EVT ANALYTICS : Battery-> 1 soc:97
#1319740 10.07.2026 23:14:16 : EVT <Unknown> : 1783718056591:Meas start 0x2123
#1319741 10.07.2026 23:14:16 : EVT <Unknown> : 1783718056606:PD1464, 0
#1319742 10.07.2026 23:14:16 : EVT <Unknown> : 1783718056669:GMV 20251126/1/4/0/395/46
#1319743 10.07.2026 23:14:16 : EVT <Unknown> : 1783718056924:Mi1.6.10, auth 0, hr_mode 0
#1319744 10.07.2026 23:14:17 : EVT PMIC : VBUS state is ON
#1319745 10.07.2026 23:14:17 : EVT PMIC : chgCntl1:0x70
#1319746 10.07.2026 23:14:17 : EVT PMIC : check chgCntl1:0x74
#1319747 10.07.2026 23:14:17 : EVT PMIC : Turn charge ON since VBUS->ON
#1319748 10.07.2026 23:14:17 : TRC FUEL_GAUGE : Chg->1,B:5,C:48.3,V:4412,U:1,bF:97%,bC:97%
#1319749 10.07.2026 23:14:17 : EVT PMIC : PMIC temp zone:0x2
#1319750 10.07.2026 23:14:17 : EVT PMIC : PMIC Fast-charge constant cur
#1319751 10.07.2026 23:14:18 : EVT PMIC : PMIC Fast-charge constant voltage
#1319752 10.07.2026 23:14:18 : EVT OHR : VBUS on
#1319753 10.07.2026 23:14:18 : EVT OHR : S:stop 23
#1319754 10.07.2026 23:14:18 : EVT ANALYTICS : Battery-> 2 soc:97
#1319755 10.07.2026 23:14:18 : EVT <Unknown> : 1783718058176:Meas stop 0x2123
#1319756 10.07.2026 23:14:18 : WRN <Unknown> : 1783718058177:FSM EVT STOP.
#1319757 10.07.2026 23:14:18 : EVT OHR : S:OFF 1->0
#1319758 10.07.2026 23:14:18 : EVT PMIC : VBUS state is ON
#1319759 10.07.2026 23:14:22 : EVT WIFI : pwr up
#1319760 10.07.2026 23:14:22 : EVT WIFI : SDK Ver(3.2.8.1)
#1319761 10.07.2026 23:14:22 : EVT WIFI : Scann APs (1/3)
#1319762 10.07.2026 23:14:22 : EVT WIFI : APs scanned:0
#1319763 10.07.2026 23:14:22 : WRN WIFI : empty scan
#1319764 10.07.2026 23:14:22 : EVT WIFI : Scann APs (2/3)
#1319765 10.07.2026 23:14:23 : EVT WIFI : APs scanned:2
#1319766 10.07.2026 23:14:23 : EVT WBSTORAGE : CACHE_DEFRAG (688->704, 24->24, 25)
#1319767 10.07.2026 23:14:23 : WRN WIFI : No APs matched to connect
#1319768 10.07.2026 23:14:23 : EVT WIFI : Scann APs (3/3)
#1319769 10.07.2026 23:14:24 : EVT WIFI : APs scanned:1
#1319770 10.07.2026 23:14:24 : WRN WIFI : No APs matched to connect
#1319771 10.07.2026 23:14:24 : EVT WIFI : Internal connect ret:103
#1319772 10.07.2026 23:14:24 : ERR <Unknown> : DL GET resultCode=500
#1319773 10.07.2026 23:14:24 : EVT <Unknown> : DL try retry after 900000 ms
#1319774 10.07.2026 23:14:36 : EVT PMIC : PMIC temp zone:0x7
#1319775 10.07.2026 23:14:36 : EVT PMIC : VBUS state is OFF
#1319776 10.07.2026 23:14:36 : EVT PMIC : Turn charge OFF since VBUS->OFF
#1319777 10.07.2026 23:14:36 : TRC FUEL_GAUGE : Chg->0,B:5,C:74.5,V:4421,U:0,bF:97%,bC:97%
#1319778 10.07.2026 23:14:36 : EVT OHR : VBUS off
#1319779 10.07.2026 23:14:36 : EVT OHR : S:ON 0->1
#1319780 10.07.2026 23:14:37 : EVT ANALYTICS : Battery-> 1 soc:97
#1319781 10.07.2026 23:14:37 : EVT OHR : APPINIT:caps 0x1f4, 6b738616
#1319782 10.07.2026 23:14:37 : EVT <Unknown> : 1783718077244:AI@1783718077220, tz120
#1319783 10.07.2026 23:14:37 : EVT OHR : S:start 0x2123
#1319784 10.07.2026 23:14:37 : EVT <Unknown> : 1783718077250:Meas start 0x2123
#1319785 10.07.2026 23:14:37 : EVT <Unknown> : 1783718077264:PD1464, 0
#1319786 10.07.2026 23:14:37 : EVT <Unknown> : 1783718077323:GMV 20251126/1/4/0/395/46
#1319787 10.07.2026 23:14:37 : EVT <Unknown> : 1783718077581:Mi1.6.10, auth 0, hr_mode 0
#1319788 10.07.2026 23:14:37 : EVT WIFI : Pwr down idle wifi (TO:13se)
#1319789 10.07.2026 23:14:37 : EVT WIFI : pwr down OK
#1319790 10.07.2026 23:14:38 : EVT PMIC : VBUS state is ON
#1319791 10.07.2026 23:14:38 : EVT PMIC : chgCntl1:0x70
#1319792 10.07.2026 23:14:38 : EVT PMIC : check chgCntl1:0x74
#1319793 10.07.2026 23:14:38 : EVT PMIC : Turn charge ON since VBUS->ON
#1319794 10.07.2026 23:14:38 : TRC FUEL_GAUGE : Chg->1,B:5,C:57.0,V:4421,U:1,bF:97%,bC:97%
#1319795 10.07.2026 23:14:38 : EVT PMIC : PMIC temp zone:0x2
#1319796 10.07.2026 23:14:38 : EVT PMIC : PMIC Fast-charge constant cur
#1319797 10.07.2026 23:14:39 : EVT PMIC : PMIC Fast-charge constant voltage
#1319798 10.07.2026 23:14:39 : EVT OHR : VBUS on
#1319799 10.07.2026 23:14:39 : EVT OHR : S:stop 23
#1319800 10.07.2026 23:14:39 : EVT ANALYTICS : Battery-> 2 soc:97
#1319801 10.07.2026 23:14:39 : EVT <Unknown> : 1783718079186:Meas stop 0x2123
#1319802 10.07.2026 23:14:39 : WRN <Unknown> : 1783718079187:FSM EVT STOP.
#1319803 10.07.2026 23:14:39 : EVT OHR : S:OFF 1->0
#1319804 10.07.2026 23:14:39 : EVT PMIC : VBUS state is ON
#1319805 10.07.2026 23:14:39 : EVT PMIC : PMIC temp zone:0x7
#1319806 10.07.2026 23:14:39 : EVT PMIC : VBUS state is OFF
#1319807 10.07.2026 23:14:39 : EVT PMIC : Turn charge OFF since VBUS->OFF
#1319808 10.07.2026 23:14:39 : TRC FUEL_GAUGE : Chg->0,B:5,C:55.6,V:4421,U:0,bF:97%,bC:97%
#1319809 10.07.2026 23:14:39 : EVT OHR : VBUS off
#1319810 10.07.2026 23:14:39 : EVT OHR : S:ON 0->1
#1319811 10.07.2026 23:14:39 : EVT ANALYTICS : Battery-> 1 soc:97
#1319812 10.07.2026 23:14:39 : EVT OHR : APPINIT:caps 0x1f4, 6b738616
#1319813 10.07.2026 23:14:39 : EVT <Unknown> : 1783718079874:AI@1783718079850, tz120
#1319814 10.07.2026 23:14:39 : EVT OHR : S:start 0x2123
#1319815 10.07.2026 23:14:40 : EVT <Unknown> : 1783718079880:Meas start 0x2123
#1319816 10.07.2026 23:14:40 : EVT <Unknown> : 1783718079890:PD1464, 0
#1319817 10.07.2026 23:14:40 : EVT <Unknown> : 1783718079950:GMV 20251126/1/4/0/395/46
#1319818 10.07.2026 23:14:40 : EVT <Unknown> : 1783718080203:Mi1.6.10, auth 0, hr_mode 0
#1319819 10.07.2026 23:14:40 : EVT PMIC : VBUS state is ON
#1319820 10.07.2026 23:14:40 : EVT PMIC : chgCntl1:0x70
#1319821 10.07.2026 23:14:40 : EVT PMIC : check chgCntl1:0x74
#1319822 10.07.2026 23:14:40 : EVT PMIC : Turn charge ON since VBUS->ON
#1319823 10.07.2026 23:14:40 : TRC FUEL_GAUGE : Chg->1,B:5,C:48.4,V:4421,U:1,bF:97%,bC:97%
#1319824 10.07.2026 23:14:40 : EVT PMIC : PMIC temp zone:0x2
#1319825 10.07.2026 23:14:40 : EVT PMIC : PMIC Fast-charge constant cur
#1319826 10.07.2026 23:14:40 : EVT PMIC : PMIC Fast-charge constant voltage
#1319827 10.07.2026 23:14:40 : EVT OHR : VBUS on
#1319828 10.07.2026 23:14:40 : EVT OHR : S:stop 23
#1319829 10.07.2026 23:14:40 : EVT ANALYTICS : Battery-> 2 soc:97
#1319830 10.07.2026 23:14:40 : EVT <Unknown> : 1783718080631:Meas stop 0x2123
#1319831 10.07.2026 23:14:40 : EVT PMIC : VBUS state is ON
#1319832 10.07.2026 23:14:40 : WRN <Unknown> : 1783718080631:FSM EVT STOP.
#1319833 10.07.2026 23:14:40 : EVT OHR : S:OFF 1->0
#1319834 10.07.2026 23:14:40 : EVT PMIC : PMIC Fast-charge constant cur
#1319835 10.07.2026 23:14:40 : EVT PMIC : PMIC Fast-charge constant voltage
#1319836 10.07.2026 23:14:44 : EVT WBCOMM : P-9 connection made to ECSD00000000
#1319837 10.07.2026 23:14:44 : EVT WBCOMM : New Route: ECSD00000000
#1319838 10.07.2026 23:14:47 : ERR WBMAIN : *0: app 919 Event 36 80005310
#1319839 10.07.2026 23:14:47 : ERR WBMAIN : 1: mea 85 Wait 0 00000000
#1319840 10.07.2026 23:14:47 : ERR WBMAIN : 2: ui 85 Wait 0 00000000
#1319841 10.07.2026 23:14:48 : EVT ANALYTICS : Sync start
#1319842 10.07.2026 23:14:48 : EVT ANALYTICS : Sync start
#1319843 10.07.2026 23:14:55 : EVT <Unknown> : DL Region List
#1319844 10.07.2026 23:14:55 : EVT WIFI : Pwr up
#1319845 10.07.2026 23:15:01 : EVT WIFI : pwr up
#1319846 10.07.2026 23:15:01 : EVT WIFI : SDK Ver(3.2.8.1)
#1319847 10.07.2026 23:15:02 : EVT WIFI : Scann APs (1/3)
#1319848 10.07.2026 23:15:02 : EVT WIFI : APs scanned:1
#1319849 10.07.2026 23:15:02 : WRN WIFI : No APs matched to connect
#1319850 10.07.2026 23:15:02 : EVT WIFI : Scann APs (2/3)
#1319851 10.07.2026 23:15:03 : EVT WIFI : APs scanned:3
#1319852 10.07.2026 23:15:03 : WRN WIFI : No APs matched to connect
#1319853 10.07.2026 23:15:03 : EVT WIFI : Scann APs (3/3)
#1319854 10.07.2026 23:15:04 : EVT WIFI : APs scanned:0
#1319855 10.07.2026 23:15:04 : WRN WIFI : empty scan
#1319856 10.07.2026 23:15:04 : EVT WIFI : Internal connect ret:103
#1319857 10.07.2026 23:15:04 : ERR <Unknown> : DL GET resultCode=500
#1319858 10.07.2026 23:15:04 : EVT <Unknown> : DL try retry after 900000 ms
#1319859 10.07.2026 23:15:17 : EVT WIFI : Pwr down idle wifi (TO:13se)
#1319860 10.07.2026 23:15:17 : EVT WIFI : pwr down OK
#1319861 10.07.2026 23:16:20 : TRC FUEL_GAUGE : batFgLevel cur:98%, prev:97%
#1319862 10.07.2026 23:19:30 : EVT ANALYTICS : Weather sync TO
#1319863 10.07.2026 23:19:40 : EVT APPLICATION : Zapp zwc05901:Disable
#1319864 10.07.2026 23:19:40 : EVT ANALYTICS : Zapp disabled i:3 h:ddb248f2 n:Vector classic
#1319865 10.07.2026 23:19:40 : TRC APPLICATION : The zapp watch face was closed due to TO
#1319866 10.07.2026 23:20:00 : ERR WBMAIN : *0: app 952 Event 24 80892700
#1319867 10.07.2026 23:20:00 : ERR WBMAIN : 1: mea 0 Event 3 80891701
#1319868 10.07.2026 23:20:00 : ERR WBMAIN : 2: ui 948 Wait 0 00000000
#1319869 10.07.2026 23:22:58 : EVT PMIC : PMIC temp zone:0x7
#1319870 10.07.2026 23:22:59 : EVT PMIC : VBUS state is OFF
#1319871 10.07.2026 23:22:59 : EVT PMIC : Turn charge OFF since VBUS->OFF
#1319872 10.07.2026 23:22:59 : EVT WBCOMM : Route lost: ECSD00000000
#1319873 10.07.2026 23:22:59 : TRC FUEL_GAUGE : Chg->0,B:5,C:43.7,V:4442,U:0,bF:98%,bC:98%
#1319874 10.07.2026 23:22:59 : EVT OHR : VBUS off
#1319875 10.07.2026 23:22:59 : EVT OHR : S:ON 0->1
#1319876 10.07.2026 23:22:59 : EVT OHR : APPINIT:caps 0x1f4, 6b738616
#1319877 10.07.2026 23:22:59 : EVT ANALYTICS : Battery-> 1 soc:98
#1319878 10.07.2026 23:22:59 : EVT <Unknown> : 1783718579574:AI@1783718579550, tz120
#1319879 10.07.2026 23:22:59 : EVT OHR : S:start 0x2123
#1319880 10.07.2026 23:22:59 : EVT <Unknown> : 1783718579580:Meas start 0x2123
#1319881 10.07.2026 23:22:59 : EVT <Unknown> : 1783718579594:PD1464, 0
#1319882 10.07.2026 23:22:59 : EVT <Unknown> : 1783718579651:GMV 20251126/1/4/0/395/46
#1319883 10.07.2026 23:22:59 : EVT <Unknown> : 1783718579904:Mi1.6.10, auth 0, hr_mode 0
#1319884 10.07.2026 23:23:00 : EVT <Unknown> : 1783718580156:On Skin Set.
#1319885 10.07.2026 23:23:00 : EVT <Unknown> : 1783718580347:Off Skin Set.
#1319886 10.07.2026 23:23:01 : EVT <Unknown> : 1783718581474:On Skin Set.
#1319887 10.07.2026 23:23:05 : ERR <Unknown> : 1783718585508:Mi invalid call:100,code:0.
#1319888 10.07.2026 23:23:06 : EVT WBSTORAGE : CACHE_DEFRAG (664->680, 24->24, 25)
#1319889 10.07.2026 23:23:06 : EVT WBSTORAGE : CACHE_DEFRAG (632->976, 24->24, 25)
#1319890 10.07.2026 23:23:06 : TRC NAVIGATION : CG: no climb WP
#1319891 10.07.2026 23:23:06 : TRC NAVIGATION : CG:init ZoomType=0
#1319892 10.07.2026 23:23:06 : EVT NAVIGATION : initSeg Idx=0 D=1 T=0 3-0-4
#1319893 10.07.2026 23:23:06 : EVT WBSTORAGE : CACHE_DEFRAG (896->904, 24->24, 25)
#1319894 10.07.2026 23:23:06 : EVT ALTIFUSION : AltiBaroMode:0
#1319895 10.07.2026 23:23:06 : EVT ALTIFUSION : Init AltiBaro
#1319896 10.07.2026 23:23:06 : EVT ANALYTICS : SleepQ:Tracking:On
#1319897 10.07.2026 23:23:06 : EVT ALTIFUSION : AltiBaroMode:0
#1319898 10.07.2026 23:23:06 : EVT ALTIFUSION : Init AltiBaro
#1319899 10.07.2026 23:23:06 : EVT UI_FRAMEWORK : JS nsto enable zapp: zzwethen
#1319900 10.07.2026 23:23:06 : EVT UI_FRAMEWORK : JS nsto enable zapp: zzmoveen
#1319901 10.07.2026 23:23:06 : EVT UI_FRAMEWORK : JS nsto enable zapp: prbp5000
#1319902 10.07.2026 23:23:06 : EVT APPLICATION : Zapp zzwethen:Load script
#1319903 10.07.2026 23:23:06 : EVT APPLICATION : Zapp zzwethen:Enable
#1319904 10.07.2026 23:23:06 : EVT ANALYTICS : Zapp enabled i:8 h:3f77f8ec n:zzwethen v:ade
#1319905 10.07.2026 23:23:06 : EVT APPLICATION : Zapp clid:32878
#1319906 10.07.2026 23:23:06 : EVT APPLICATION : Zapp zzmoveen:Load script
#1319907 10.07.2026 23:23:06 : EVT APPLICATION : Zapp zzmoveen:Enable
#1319908 10.07.2026 23:23:07 : EVT ANALYTICS : Zapp enabled i:6 h:7aac0887 n:zzmoveen v:8e0
#1319909 10.07.2026 23:23:07 : EVT UI_FRAMEWORK : evalFile: b:/zapp/zzmoveen.fea/ext1.js from ui
#1319910 10.07.2026 23:23:07 : EVT APPLICATION : Zapp clid:32879
#1319911 10.07.2026 23:23:07 : EVT APPLICATION : Zapp prbp5000:Load script
#1319912 10.07.2026 23:23:07 : EVT APPLICATION : Zapp prbp5000:Enable
#1319913 10.07.2026 23:23:07 : EVT ANALYTICS : Zapp enabled i:16 h:bc866476 n:prbp5000 v:1.0
#1319914 10.07.2026 23:23:07 : EVT APPLICATION : Zapp clid:32880
#1319915 10.07.2026 23:23:07 : EVT UI_FRAMEWORK : JS nsto all zapps enabled.
#1319916 10.07.2026 23:23:07 : EVT UI_FRAMEWORK : JS Prestart Activity Id: 16.000
#1319917 10.07.2026 23:23:07 : WRN WBAPI : eID-691468(277): /Dive/Alarms/Acknowledge 404
#1319918 10.07.2026 23:23:07 : WRN WBAPI : eID-691468(277): /Dive/DiveGases 404
#1319919 10.07.2026 23:23:07 : WRN WBAPI : eID-691468(277): /Dive/Gauge/Next 404
#1319920 10.07.2026 23:23:07 : EVT WBSTORAGE : CACHE_DEFRAG (880->888, 24->24, 25)
#1319921 10.07.2026 23:23:07 : EVT WBSTORAGE : CACHE_DEFRAG (816->824, 24->24, 25)
#1319922 10.07.2026 23:23:07 : EVT WBSTORAGE : CACHE_DEFRAG (752->760, 24->24, 25)
#1319923 10.07.2026 23:23:07 : EVT BLE : BLE Sensor Link 4800180D Conn (--E-:00:1)
#1319924 10.07.2026 23:23:07 : WRN BLE : sendConnect 6157
#1319925 10.07.2026 23:23:07 : WRN WBAPI : eID-691468(277): /Dive/TankPressure/Alarm/Count 404
#1319926 10.07.2026 23:23:07 : EVT SPEEDFUSION : INFO # start speed fusion
#1319927 10.07.2026 23:23:07 : EVT SPEEDFUSION : Act:16,Acc:0,BPod:0,FPod:0,PPod:0,BeltPod:1
#1319928 10.07.2026 23:23:07 : EVT SPEEDFUSION : INFO # Start algo without wrist acc
#1319929 10.07.2026 23:23:07 : EVT <Unknown> : Update pres sampl intrvl:1
#1319930 10.07.2026 23:23:07 : EVT OHR : S:start 0x21a3
#1319931 10.07.2026 23:23:08 : EVT <Unknown> : 1783718587937:Meas start 0x21a3
#1319932 10.07.2026 23:23:10 : EVT TRAININGLAB : TLab:~Mode T 23779 + 123 A 6210 + 0
#1319933 10.07.2026 23:23:10 : EVT TRAININGLAB : TLab:Change mode 2->3
#1319934 10.07.2026 23:23:10 : EVT TRAININGLAB : TLab:Mode::userInfo 60, 200, 1, 37, 182, 950, 1990
#1319935 10.07.2026 23:23:10 : EVT LOGGER : Log space:30505429 bytes free
#1319936 10.07.2026 23:23:11 : EVT TRAININGLAB : ModeUnsub:2800
#1319937 10.07.2026 23:23:11 : EVT TRAININGLAB : ModeSub:9004
#1319938 10.07.2026 23:23:11 : EVT TRAININGLAB : TLab:Select input 0
#1319939 10.07.2026 23:23:11 : EVT TRAININGLAB : TLab:Active input 0
#1319940 10.07.2026 23:23:11 : EVT LOGGER : Exercise started
#1319941 10.07.2026 23:23:11 : EVT BLE : HR RR on (92369491)
#1319942 10.07.2026 23:23:11 : TRC GPS : Full GNSS data subd l:0 c:802b0000
#1319943 10.07.2026 23:23:12 : EVT OHR : No HR update, invalidate by timer
#1319944 10.07.2026 23:23:13 : EVT ANALYTICS : Battery-> 3 soc:98
#1319945 10.07.2026 23:23:13 : EVT ANALYTICS : #FusHr src:0 time:0
#1319946 10.07.2026 23:23:13 : EVT ANALYTICS : #Act id:16
#1319947 10.07.2026 23:23:13 : EVT ANALYTICS : #powersave mode:p temp:33.1
#1319948 10.07.2026 23:23:13 : EVT ANALYTICS : GPSMODE:NOTUSED
#1319949 10.07.2026 23:23:13 : EVT ANALYTICS : #gnss d:2026-07-10T00:00:00Z
#1319950 10.07.2026 23:23:13 : EVT ANALYTICS : #zapp n:PrbP5 e:1
#1319951 10.07.2026 23:23:13 : EVT ANALYTICS : #zapp n:Weather e:1
#1319952 10.07.2026 23:23:13 : EVT ANALYTICS : #zapp n:Movement e:1
#1319953 10.07.2026 23:23:17 : EVT OHR : new HR update
#1319954 10.07.2026 23:23:17 : EVT BLE : lt,scan 1
#1319955 10.07.2026 23:23:17 : WRN BLE : sendDisconnect 6157
#1319956 10.07.2026 23:23:17 : ERR BLE : [AURA]No filters left, stopping scan
#1319957 10.07.2026 23:23:17 : EVT BLE : packet 0 sensor found count 1
#1319958 10.07.2026 23:23:17 : ERR BLE : [AURA]Filter with handle 72 not found
#1319959 10.07.2026 23:23:17 : EVT BLE : packet 0 sensor found count 2
#1319960 10.07.2026 23:23:18 : EVT ANALYTICS : #ws AID:16 BM:1 NS:0 SP:3 ZN:0 TG:0 BL:0 GPS:0
#1319961 10.07.2026 23:23:18 : EVT ANALYTICS : #2ws AID:16 WHR:1 INT:0 AL:0 AP:0 FE:1 MC:1 TH:0
#1319962 10.07.2026 23:23:21 : EVT ANALYTICS : #FusHr src:2 time:10701
#1319963 10.07.2026 23:23:21 : EVT TRAININGLAB : Tlab:HR src is 2
#1319964 10.07.2026 23:23:21 : EVT ANALYTICS : #FusHr src:2 time:0
#1319965 10.07.2026 23:23:21 : EVT TRAININGLAB : TLab:Active input 1
#1319966 10.07.2026 23:23:27 : EVT APPLICATION : Zapp prbp5000:Disable
#1319967 10.07.2026 23:23:27 : EVT ANALYTICS : Zapp disabled i:16 h:bc866476 n:PrbP5
#1319968 10.07.2026 23:23:27 : EVT WBSTORAGE : CACHE_DEFRAG (680->712, 24->24, 25)
#1319969 10.07.2026 23:23:28 : EVT APPLICATION : Zapp prbp5000:Load script
#1319970 10.07.2026 23:23:28 : EVT APPLICATION : Zapp prbp5000:Enable
#1319971 10.07.2026 23:23:28 : EVT ANALYTICS : Zapp enabled i:16 h:bc866476 n:prbp5000 v:1.0
#1319972 10.07.2026 23:23:28 : EVT APPLICATION : Zapp clid:32880
#1319973 10.07.2026 23:23:29 : EVT APPLICATION : Zapp prbp5000:Disable
#1319974 10.07.2026 23:23:29 : EVT ANALYTICS : Zapp disabled i:16 h:bc866476 n:PrbP5
#1319975 10.07.2026 23:23:29 : EVT APPLICATION : Zapp prbp5000:Load script
#1319976 10.07.2026 23:23:30 : EVT APPLICATION : Zapp prbp5000:Enable
#1319977 10.07.2026 23:23:30 : EVT ANALYTICS : Zapp enabled i:16 h:bc866476 n:prbp5000 v:1.0
#1319978 10.07.2026 23:23:30 : EVT APPLICATION : Zapp clid:32880
#1319979 10.07.2026 23:23:30 : EVT APPLICATION : Zapp prbp5000:Disable
#1319980 10.07.2026 23:23:30 : EVT ANALYTICS : Zapp disabled i:16 h:bc866476 n:PrbP5
#1319981 10.07.2026 23:23:31 : EVT APPLICATION : Zapp prbp5000:Load script
#1319982 10.07.2026 23:23:31 : EVT APPLICATION : Zapp prbp5000:Enable
#1319983 10.07.2026 23:23:31 : EVT ANALYTICS : Zapp enabled i:16 h:bc866476 n:prbp5000 v:1.0
#1319984 10.07.2026 23:23:31 : EVT APPLICATION : Zapp clid:32880
#1319985 10.07.2026 23:23:31 : EVT APPLICATION : Zapp prbp5000:Disable
#1319986 10.07.2026 23:23:31 : EVT ANALYTICS : Zapp disabled i:16 h:bc866476 n:PrbP5
#1319987 10.07.2026 23:23:32 : EVT APPLICATION : Zapp prbp5000:Load script
#1319988 10.07.2026 23:23:32 : EVT APPLICATION : Zapp prbp5000:Enable
#1319989 10.07.2026 23:23:32 : EVT ANALYTICS : Zapp enabled i:16 h:bc866476 n:prbp5000 v:1.0
#1319990 10.07.2026 23:23:32 : EVT APPLICATION : Zapp clid:32880
#1319991 10.07.2026 23:23:33 : EVT APPLICATION : Zapp prbp5000:Disable
#1319992 10.07.2026 23:23:33 : EVT ANALYTICS : Zapp disabled i:16 h:bc866476 n:PrbP5
#1319993 10.07.2026 23:23:33 : EVT APPLICATION : Zapp prbp5000:Load script
#1319994 10.07.2026 23:23:33 : EVT APPLICATION : Zapp prbp5000:Enable
#1319995 10.07.2026 23:23:33 : EVT ANALYTICS : Zapp enabled i:16 h:bc866476 n:prbp5000 v:1.0
#1319996 10.07.2026 23:23:33 : EVT APPLICATION : Zapp clid:32880
#1319997 10.07.2026 23:23:34 : EVT APPLICATION : Zapp prbp5000:Disable
#1319998 10.07.2026 23:23:34 : EVT ANALYTICS : Zapp disabled i:16 h:bc866476 n:PrbP5
#1319999 10.07.2026 23:23:35 : EVT APPLICATION : Zapp prbp5000:Load script
#1320000 10.07.2026 23:23:35 : EVT APPLICATION : Zapp prbp5000:Enable
#1320001 10.07.2026 23:23:35 : EVT ANALYTICS : Zapp enabled i:16 h:bc866476 n:prbp5000 v:1.0
#1320002 10.07.2026 23:23:35 : EVT APPLICATION : Zapp clid:32880
#1320003 10.07.2026 23:23:35 : EVT APPLICATION : Zapp prbp5000:Disable
#1320004 10.07.2026 23:23:35 : EVT ANALYTICS : Zapp disabled i:16 h:bc866476 n:PrbP5
#1320005 10.07.2026 23:23:36 : EVT APPLICATION : Zapp prbp5000:Load script
#1320006 10.07.2026 23:23:36 : EVT APPLICATION : Zapp prbp5000:Enable
#1320007 10.07.2026 23:23:36 : EVT ANALYTICS : Zapp enabled i:16 h:bc866476 n:prbp5000 v:1.0
#1320008 10.07.2026 23:23:36 : EVT APPLICATION : Zapp clid:32880
#1320009 10.07.2026 23:23:36 : EVT APPLICATION : Zapp prbp5000:Disable
#1320010 10.07.2026 23:23:36 : EVT ANALYTICS : Zapp disabled i:16 h:bc866476 n:PrbP5
#1320011 10.07.2026 23:23:37 : EVT APPLICATION : Zapp prbp5000:Load script
#1320012 10.07.2026 23:23:37 : EVT APPLICATION : Zapp prbp5000:Enable
#1320013 10.07.2026 23:23:37 : EVT ANALYTICS : Zapp enabled i:16 h:bc866476 n:prbp5000 v:1.0
#1320014 10.07.2026 23:23:37 : EVT APPLICATION : Zapp clid:32880
#1320015 10.07.2026 23:23:37 : EVT APPLICATION : Zapp prbp5000:Disable
#1320016 10.07.2026 23:23:37 : EVT ANALYTICS : Zapp disabled i:16 h:bc866476 n:PrbP5
#1320017 10.07.2026 23:23:38 : EVT APPLICATION : Zapp prbp5000:Load script
#1320018 10.07.2026 23:23:38 : EVT APPLICATION : Zapp prbp5000:Enable
#1320019 10.07.2026 23:23:38 : EVT ANALYTICS : Zapp enabled i:16 h:bc866476 n:prbp5000 v:1.0
#1320020 10.07.2026 23:23:38 : EVT APPLICATION : Zapp clid:32880
#1320021 10.07.2026 23:23:38 : EVT APPLICATION : Zapp prbp5000:Disable
#1320022 10.07.2026 23:23:38 : EVT ANALYTICS : Zapp disabled i:16 h:bc866476 n:PrbP5
#1320023 10.07.2026 23:23:39 : EVT APPLICATION : Zapp prbp5000:Load script
#1320024 10.07.2026 23:23:39 : EVT APPLICATION : Zapp prbp5000:Enable
#1320025 10.07.2026 23:23:39 : EVT ANALYTICS : Zapp enabled i:16 h:bc866476 n:prbp5000 v:1.0
#1320026 10.07.2026 23:23:39 : EVT APPLICATION : Zapp clid:32880
#1320027 10.07.2026 23:23:39 : EVT APPLICATION : Zapp prbp5000:Disable
#1320028 10.07.2026 23:23:40 : EVT ANALYTICS : Zapp disabled i:16 h:bc866476 n:PrbP5
#1320029 10.07.2026 23:23:40 : EVT APPLICATION : Zapp prbp5000:Load script
#1320030 10.07.2026 23:23:40 : EVT APPLICATION : Zapp prbp5000:Enable
#1320031 10.07.2026 23:23:40 : EVT ANALYTICS : Zapp enabled i:16 h:bc866476 n:prbp5000 v:1.0
#1320032 10.07.2026 23:23:40 : EVT APPLICATION : Zapp clid:32880
#1320033 10.07.2026 23:23:41 : EVT APPLICATION : Zapp prbp5000:Disable
#1320034 10.07.2026 23:23:41 : EVT ANALYTICS : Zapp disabled i:16 h:bc866476 n:PrbP5
#1320035 10.07.2026 23:23:41 : EVT APPLICATION : Zapp prbp5000:Load script
#1320036 10.07.2026 23:23:41 : EVT APPLICATION : Zapp prbp5000:Enable
#1320037 10.07.2026 23:23:41 : EVT ANALYTICS : Zapp enabled i:16 h:bc866476 n:prbp5000 v:1.0
#1320038 10.07.2026 23:23:41 : EVT APPLICATION : Zapp clid:32880
#1320039 10.07.2026 23:23:42 : EVT APPLICATION : Zapp prbp5000:Disable
#1320040 10.07.2026 23:23:42 : EVT ANALYTICS : Zapp disabled i:16 h:bc866476 n:PrbP5
#1320041 10.07.2026 23:23:42 : EVT APPLICATION : Zapp prbp5000:Load script
#1320042 10.07.2026 23:23:42 : EVT APPLICATION : Zapp prbp5000:Enable
#1320043 10.07.2026 23:23:42 : EVT ANALYTICS : Zapp enabled i:16 h:bc866476 n:prbp5000 v:1.0
#1320044 10.07.2026 23:23:42 : EVT APPLICATION : Zapp clid:32880
#1320045 10.07.2026 23:23:43 : EVT APPLICATION : Zapp prbp5000:Disable
#1320046 10.07.2026 23:23:43 : EVT ANALYTICS : Zapp disabled i:16 h:bc866476 n:PrbP5
#1320047 10.07.2026 23:23:43 : EVT APPLICATION : Zapp prbp5000:Load script
#1320048 10.07.2026 23:23:43 : EVT APPLICATION : Zapp prbp5000:Enable
#1320049 10.07.2026 23:23:43 : EVT ANALYTICS : Zapp enabled i:16 h:bc866476 n:prbp5000 v:1.0
#1320050 10.07.2026 23:23:43 : EVT APPLICATION : Zapp clid:32880
#1320051 10.07.2026 23:24:05 : EVT <Unknown> : 1783718645878:Off Skin Set.
#1320052 10.07.2026 23:24:06 : EVT APPLICATION : Zapp prbp5000:Disable
#1320053 10.07.2026 23:24:06 : EVT ANALYTICS : Zapp disabled i:16 h:bc866476 n:PrbP5
#1320054 10.07.2026 23:24:06 : EVT <Unknown> : 1783718646504:On Skin Set.
#1320055 10.07.2026 23:24:06 : EVT APPLICATION : Zapp prbp5000:Load script
#1320056 10.07.2026 23:24:07 : EVT APPLICATION : Zapp prbp5000:Enable
#1320057 10.07.2026 23:24:07 : EVT ANALYTICS : Zapp enabled i:16 h:bc866476 n:prbp5000 v:1.0
#1320058 10.07.2026 23:24:07 : EVT APPLICATION : Zapp clid:32880
#1320059 10.07.2026 23:24:07 : EVT APPLICATION : Zapp prbp5000:Disable
#1320060 10.07.2026 23:24:07 : EVT ANALYTICS : Zapp disabled i:16 h:bc866476 n:PrbP5
#1320061 10.07.2026 23:24:07 : EVT APPLICATION : Zapp prbp5000:Load script
#1320062 10.07.2026 23:24:08 : EVT APPLICATION : Zapp prbp5000:Enable
#1320063 10.07.2026 23:24:08 : EVT ANALYTICS : Zapp enabled i:16 h:bc866476 n:prbp5000 v:1.0
#1320064 10.07.2026 23:24:08 : EVT APPLICATION : Zapp clid:32880
#1320065 10.07.2026 23:24:08 : EVT APPLICATION : Zapp prbp5000:Disable
#1320066 10.07.2026 23:24:08 : EVT ANALYTICS : Zapp disabled i:16 h:bc866476 n:PrbP5
#1320067 10.07.2026 23:24:08 : EVT APPLICATION : Zapp prbp5000:Load script
#1320068 10.07.2026 23:24:08 : EVT APPLICATION : Zapp prbp5000:Enable
#1320069 10.07.2026 23:24:08 : EVT ANALYTICS : Zapp enabled i:16 h:bc866476 n:prbp5000 v:1.0
#1320070 10.07.2026 23:24:08 : EVT APPLICATION : Zapp clid:32880
#1320071 10.07.2026 23:24:09 : EVT <Unknown> : 1783718649216:Off Skin Set.
#1320072 10.07.2026 23:24:13 : EVT OHR : No HR update, invalidate by timer
#1320073 10.07.2026 23:24:15 : EVT <Unknown> : 1783718655719:On Skin Set.
#1320074 10.07.2026 23:24:16 : EVT <Unknown> : 1783718656511:Off Skin Set.
#1320075 10.07.2026 23:24:17 : EVT <Unknown> : 1783718657513:On Skin Set.
#1320076 10.07.2026 23:24:19 : EVT OHR : new HR update
#1320077 10.07.2026 23:24:19 : EVT APPLICATION : Zapp prbp5000:Disable
#1320078 10.07.2026 23:24:19 : EVT ANALYTICS : Zapp disabled i:16 h:bc866476 n:PrbP5
#1320079 10.07.2026 23:24:19 : EVT APPLICATION : Zapp prbp5000:Load script
#1320080 10.07.2026 23:24:19 : EVT APPLICATION : Zapp prbp5000:Enable
#1320081 10.07.2026 23:24:19 : EVT ANALYTICS : Zapp enabled i:16 h:bc866476 n:prbp5000 v:1.0
#1320082 10.07.2026 23:24:19 : EVT APPLICATION : Zapp clid:32880
#1320083 10.07.2026 23:24:20 : EVT APPLICATION : Zapp prbp5000:Disable
#1320084 10.07.2026 23:24:20 : EVT ANALYTICS : Zapp disabled i:16 h:bc866476 n:PrbP5
#1320085 10.07.2026 23:24:20 : EVT APPLICATION : Zapp prbp5000:Load script
#1320086 10.07.2026 23:24:20 : EVT APPLICATION : Zapp prbp5000:Enable
#1320087 10.07.2026 23:24:20 : EVT ANALYTICS : Zapp enabled i:16 h:bc866476 n:prbp5000 v:1.0
#1320088 10.07.2026 23:24:20 : EVT APPLICATION : Zapp clid:32880
#1320089 10.07.2026 23:24:21 : EVT APPLICATION : Zapp prbp5000:Disable
#1320090 10.07.2026 23:24:21 : EVT ANALYTICS : Zapp disabled i:16 h:bc866476 n:PrbP5
#1320091 10.07.2026 23:24:21 : EVT <Unknown> : 1783718661745:Off Skin Set.
#1320092 10.07.2026 23:24:22 : EVT <Unknown> : 1783718662747:On Skin Set.
#1320093 10.07.2026 23:24:24 : EVT <Unknown> : 1783718663898:Off Skin Set.
#1320094 10.07.2026 23:24:25 : EVT <Unknown> : 1783718665275:On Skin Set.
#1320095 10.07.2026 23:24:29 : EVT APPLICATION : Zapp prbp5000:Load script
#1320096 10.07.2026 23:24:29 : EVT APPLICATION : Zapp prbp5000:Enable
#1320097 10.07.2026 23:24:29 : EVT ANALYTICS : Zapp enabled i:16 h:bc866476 n:prbp5000 v:1.0
#1320098 10.07.2026 23:24:29 : EVT APPLICATION : Zapp clid:32880
#1320099 10.07.2026 23:24:30 : EVT APPLICATION : Zapp prbp5000:Disable
#1320100 10.07.2026 23:24:30 : EVT ANALYTICS : Zapp disabled i:16 h:bc866476 n:PrbP5
#1320101 10.07.2026 23:24:30 : EVT APPLICATION : Zapp prbp5000:Load script
#1320102 10.07.2026 23:24:30 : EVT APPLICATION : Zapp prbp5000:Enable
#1320103 10.07.2026 23:24:30 : EVT ANALYTICS : Zapp enabled i:16 h:bc866476 n:prbp5000 v:1.0
#1320104 10.07.2026 23:24:30 : EVT APPLICATION : Zapp clid:32880
#1320105 10.07.2026 23:24:31 : EVT APPLICATION : Zapp prbp5000:Disable
#1320106 10.07.2026 23:24:31 : EVT ANALYTICS : Zapp disabled i:16 h:bc866476 n:PrbP5
#1320107 10.07.2026 23:24:31 : EVT APPLICATION : Zapp prbp5000:Load script
#1320108 10.07.2026 23:24:31 : EVT APPLICATION : Zapp prbp5000:Enable
#1320109 10.07.2026 23:24:31 : EVT ANALYTICS : Zapp enabled i:16 h:bc866476 n:prbp5000 v:1.0
#1320110 10.07.2026 23:24:31 : EVT APPLICATION : Zapp clid:32880
#1320111 10.07.2026 23:24:32 : EVT APPLICATION : Zapp prbp5000:Disable
#1320112 10.07.2026 23:24:32 : EVT ANALYTICS : Zapp disabled i:16 h:bc866476 n:PrbP5
#1320113 10.07.2026 23:24:32 : EVT APPLICATION : Zapp prbp5000:Load script
#1320114 10.07.2026 23:24:32 : EVT APPLICATION : Zapp prbp5000:Enable
#1320115 10.07.2026 23:24:32 : EVT ANALYTICS : Zapp enabled i:16 h:bc866476 n:prbp5000 v:1.0
#1320116 10.07.2026 23:24:32 : EVT APPLICATION : Zapp clid:32880
#1320117 10.07.2026 23:24:32 : EVT APPLICATION : Zapp prbp5000:Disable
#1320118 10.07.2026 23:24:32 : EVT ANALYTICS : Zapp disabled i:16 h:bc866476 n:PrbP5
#1320119 10.07.2026 23:24:33 : EVT APPLICATION : Zapp prbp5000:Load script
#1320120 10.07.2026 23:24:33 : EVT APPLICATION : Zapp prbp5000:Enable
#1320121 10.07.2026 23:24:33 : EVT ANALYTICS : Zapp enabled i:16 h:bc866476 n:prbp5000 v:1.0
#1320122 10.07.2026 23:24:33 : EVT APPLICATION : Zapp clid:32880
#1320123 10.07.2026 23:24:33 : EVT APPLICATION : Zapp prbp5000:Disable
#1320124 10.07.2026 23:24:33 : EVT ANALYTICS : Zapp disabled i:16 h:bc866476 n:PrbP5
#1320125 10.07.2026 23:24:34 : EVT APPLICATION : Zapp prbp5000:Load script
#1320126 10.07.2026 23:24:34 : EVT APPLICATION : Zapp prbp5000:Enable
#1320127 10.07.2026 23:24:34 : EVT ANALYTICS : Zapp enabled i:16 h:bc866476 n:prbp5000 v:1.0
#1320128 10.07.2026 23:24:34 : EVT APPLICATION : Zapp clid:32880
#1320129 10.07.2026 23:24:34 : EVT APPLICATION : Zapp prbp5000:Disable
#1320130 10.07.2026 23:24:34 : EVT ANALYTICS : Zapp disabled i:16 h:bc866476 n:PrbP5
#1320131 10.07.2026 23:24:35 : EVT APPLICATION : Zapp prbp5000:Load script
#1320132 10.07.2026 23:24:35 : EVT APPLICATION : Zapp prbp5000:Enable
#1320133 10.07.2026 23:24:35 : EVT ANALYTICS : Zapp enabled i:16 h:bc866476 n:prbp5000 v:1.0
#1320134 10.07.2026 23:24:35 : EVT APPLICATION : Zapp clid:32880
#1320135 10.07.2026 23:24:35 : EVT APPLICATION : Zapp prbp5000:Disable
#1320136 10.07.2026 23:24:35 : EVT ANALYTICS : Zapp disabled i:16 h:bc866476 n:PrbP5
#1320137 10.07.2026 23:24:36 : EVT <Unknown> : 1783718676121:Off Skin Set.
#1320138 10.07.2026 23:24:36 : EVT <Unknown> : 1783718676622:On Skin Set.
#1320139 10.07.2026 23:24:42 : EVT <Unknown> : 1783718682815:Off Skin Set.
#1320140 10.07.2026 23:24:43 : EVT APPLICATION : Zapp prbp5000:Load script
#1320141 10.07.2026 23:24:43 : EVT APPLICATION : Zapp prbp5000:Enable
#1320142 10.07.2026 23:24:43 : EVT ANALYTICS : Zapp enabled i:16 h:bc866476 n:prbp5000 v:1.0
#1320143 10.07.2026 23:24:43 : EVT APPLICATION : Zapp clid:32880
#1320144 10.07.2026 23:24:43 : EVT <Unknown> : 1783718683317:On Skin Set.
#1320145 10.07.2026 23:24:44 : EVT APPLICATION : Zapp prbp5000:Disable
#1320146 10.07.2026 23:24:44 : EVT ANALYTICS : Zapp disabled i:16 h:bc866476 n:PrbP5
#1320147 10.07.2026 23:24:44 : EVT APPLICATION : Zapp prbp5000:Load script
#1320148 10.07.2026 23:24:44 : EVT APPLICATION : Zapp prbp5000:Enable
#1320149 10.07.2026 23:24:44 : EVT ANALYTICS : Zapp enabled i:16 h:bc866476 n:prbp5000 v:1.0
#1320150 10.07.2026 23:24:44 : EVT APPLICATION : Zapp clid:32880
#1320151 10.07.2026 23:24:44 : EVT APPLICATION : Zapp prbp5000:Disable
#1320152 10.07.2026 23:24:45 : EVT ANALYTICS : Zapp disabled i:16 h:bc866476 n:PrbP5
#1320153 10.07.2026 23:24:45 : EVT APPLICATION : Zapp prbp5000:Load script
#1320154 10.07.2026 23:24:45 : EVT APPLICATION : Zapp prbp5000:Enable
#1320155 10.07.2026 23:24:45 : EVT ANALYTICS : Zapp enabled i:16 h:bc866476 n:prbp5000 v:1.0
#1320156 10.07.2026 23:24:45 : EVT APPLICATION : Zapp clid:32880
#1320157 10.07.2026 23:24:45 : EVT APPLICATION : Zapp prbp5000:Disable
#1320158 10.07.2026 23:24:46 : EVT ANALYTICS : Zapp disabled i:16 h:bc866476 n:PrbP5
#1320159 10.07.2026 23:24:46 : EVT APPLICATION : Zapp prbp5000:Load script
#1320160 10.07.2026 23:24:46 : EVT APPLICATION : Zapp prbp5000:Enable
#1320161 10.07.2026 23:24:46 : EVT ANALYTICS : Zapp enabled i:16 h:bc866476 n:prbp5000 v:1.0
#1320162 10.07.2026 23:24:46 : EVT APPLICATION : Zapp clid:32880
#1320163 10.07.2026 23:24:46 : EVT APPLICATION : Zapp prbp5000:Disable
#1320164 10.07.2026 23:24:46 : EVT ANALYTICS : Zapp disabled i:16 h:bc866476 n:PrbP5
#1320165 10.07.2026 23:24:47 : EVT APPLICATION : Zapp prbp5000:Load script
#1320166 10.07.2026 23:24:47 : EVT APPLICATION : Zapp prbp5000:Enable
#1320167 10.07.2026 23:24:47 : EVT ANALYTICS : Zapp enabled i:16 h:bc866476 n:prbp5000 v:1.0
#1320168 10.07.2026 23:24:47 : EVT APPLICATION : Zapp clid:32880
#1320169 10.07.2026 23:24:48 : EVT APPLICATION : Zapp prbp5000:Disable
#1320170 10.07.2026 23:24:48 : EVT ANALYTICS : Zapp disabled i:16 h:bc866476 n:PrbP5
#1320171 10.07.2026 23:24:48 : EVT APPLICATION : Zapp prbp5000:Load script
#1320172 10.07.2026 23:24:48 : EVT APPLICATION : Zapp prbp5000:Enable
#1320173 10.07.2026 23:24:48 : EVT ANALYTICS : Zapp enabled i:16 h:bc866476 n:prbp5000 v:1.0
#1320174 10.07.2026 23:24:48 : EVT APPLICATION : Zapp clid:32880
#1320175 10.07.2026 23:24:50 : WRN WBAPI : eID-691468(277): /Dive/Alarms/Acknowledge 404
#1320176 10.07.2026 23:24:50 : WRN WBAPI : eID-691468(277): /Dive/DiveGases 404
#1320177 10.07.2026 23:24:50 : WRN WBAPI : eID-691468(277): /Dive/Gauge/Next 404
#1320178 10.07.2026 23:24:53 : EVT UI_FRAMEWORK : evalFile: b:/zapp/prbp5000.fea/ext92.js from ui
#1320179 10.07.2026 23:24:53 : EVT LOGGER : Exercise paused
#1320180 10.07.2026 23:24:57 : EVT APPLICATION : Zapp zzmoveen:Disable
#1320181 10.07.2026 23:24:57 : EVT ANALYTICS : Zapp disabled i:6 h:7aac0887 n:Movement
#1320182 10.07.2026 23:24:57 : EVT UI_FRAMEWORK : evalFile: b:/zapp/zzmoveen.fea/ext2.js from ui
#1320183 10.07.2026 23:24:57 : EVT APPLICATION : Zapp zzwethen:Disable
#1320184 10.07.2026 23:24:57 : EVT ANALYTICS : Zapp disabled i:8 h:3f77f8ec n:Weather
#1320185 10.07.2026 23:24:57 : EVT APPLICATION : Zapp prbp5000:Disable
#1320186 10.07.2026 23:24:57 : EVT ANALYTICS : Zapp disabled i:16 h:bc866476 n:PrbP5
#1320187 10.07.2026 23:24:57 : EVT UI_FRAMEWORK : JS discard disable zapps
#1320188 10.07.2026 23:24:57 : EVT UI_FRAMEWORK : JS will discard
#1320189 10.07.2026 23:24:57 : EVT SPEEDFUSION : INFO # stop speed fusion
#1320190 10.07.2026 23:24:57 : EVT <Unknown> : Update pres sampl intrvl:5
#1320191 10.07.2026 23:24:57 : WRN APPLICATION : discard hrr meas l:3 d:0 sh:86 mh:86 v:0
#1320192 10.07.2026 23:24:57 : WRN WBAPI : eID-698eec(583/65535): 404
#1320193 10.07.2026 23:24:57 : EVT TRAININGZONE : User Define Mode:5
#1320194 10.07.2026 23:24:57 : EVT TRAININGZONE : Tss HR:0.87
#1320195 10.07.2026 23:24:57 : EVT TRAININGZONE : A:16,Tss:[-200.00,-200.00,-200.00,0.87]
#1320196 10.07.2026 23:24:57 : EVT TRAININGLAB : AppFeature Vo2Max 0.000000
#1320197 10.07.2026 23:24:57 : EVT TRAININGLAB : TLab:~Mode T 23902 + 53 A 6210 + 30
#1320198 10.07.2026 23:24:57 : EVT TRAININGLAB : TLab:Change mode 3->2
#1320199 10.07.2026 23:24:57 : EVT TRAININGLAB : TLab:Mode::userInfo 60, 200, 1, 37, 182, 950, 1990
#1320200 10.07.2026 23:24:57 : EVT LOGGER : LGR 934, 80
#1320201 10.07.2026 23:24:57 : EVT TRAININGLAB : ModeUnsub:9145
#1320202 10.07.2026 23:24:57 : EVT OHR : S:start 0x2123
#1320203 10.07.2026 23:24:57 : EVT TRAININGLAB : ModeSub:0400
#1320204 10.07.2026 23:24:57 : EVT ANALYTICS : WAOae:Activity WAOae:16
#1320205 10.07.2026 23:24:57 : EVT ANALYTICS : WAOae:TotalAcc WAOae:0,0,0
#1320206 10.07.2026 23:24:57 : EVT ANALYTICS : WAOae:AccCount WAOae:0,0,0
#1320207 10.07.2026 23:24:57 : EVT ANALYTICS : WAOae:Distance WAOae:0,0,0
#1320208 10.07.2026 23:24:57 : EVT ANALYTICS : WAOae:Duration WAOae:0,0,0
#1320209 10.07.2026 23:24:57 : EVT ANALYTICS : WAOae:Coeff WAOae:0,40,240,390,773,7524,7624
#1320210 10.07.2026 23:24:57 : EVT LOGGER : Exercise stopped
#1320211 10.07.2026 23:24:57 : EVT BLE : HR RR off (92475757, 106266 ms missing)
#1320212 10.07.2026 23:24:57 : EVT BLE : HR RR done
#1320213 10.07.2026 23:24:57 : EVT LOGGER : HrIbiLogger stop, off (0 ms)
#1320214 10.07.2026 23:24:57 : EVT LOGGER : HrIbiLogger stopped (0 ms)
#1320215 10.07.2026 23:24:57 : TRC GPS : Unsubd c:802b0000
#1320216 10.07.2026 23:24:57 : EVT LOGGER : LGR 934, 80
#1320217 10.07.2026 23:24:57 : EVT ANALYTICS : SleepQ:Tracking:On
#1320218 10.07.2026 23:24:57 : EVT LOGGER : Wr dpc on
#1320219 10.07.2026 23:24:57 : EVT LOGGER : LGR 20993, 56
#1320220 10.07.2026 23:24:57 : EVT <Unknown> : 1783718697400:Meas start 0x2123
#1320221 10.07.2026 23:24:57 : EVT WBSTORAGE : CACHE_DEFRAG (648->1032, 24->24, 25)
#1320222 10.07.2026 23:24:57 : EVT WBSTORAGE : CACHE_DEFRAG (1016->1024, 24->24, 25)
#1320223 10.07.2026 23:24:57 : EVT WBSTORAGE : CACHE_DEFRAG (1008->1016, 24->24, 25)
#1320224 10.07.2026 23:24:57 : TRC NAVIGATION : CG: no climb WP
#1320225 10.07.2026 23:24:57 : TRC NAVIGATION : CG:init ZoomType=0
#1320226 10.07.2026 23:24:57 : EVT NAVIGATION : initSeg Idx=0 D=1 T=0 3-0-4
#1320227 10.07.2026 23:24:58 : EVT WBSTORAGE : CACHE_DEFRAG (1000->1024, 24->24, 25)
#1320228 10.07.2026 23:24:58 : EVT SPEEDFUSION : INFO # IDLE mode(-1) set
#1320229 10.07.2026 23:24:58 : EVT ALTIFUSION : AltiBaroMode:2
#1320230 10.07.2026 23:24:58 : EVT BLE : Disconn sensor:1
#1320231 10.07.2026 23:24:58 : EVT BLE : BLE Sensor Link 4800180D Disc (L-E-:00:0)
#1320232 10.07.2026 23:24:58 : WRN BLE : sendDisconnect 6157
#1320233 10.07.2026 23:24:58 : ERR BLE : [AURA]No filters left, stopping scan
#1320234 10.07.2026 23:24:59 : EVT ANALYTICS : #powersave mode:p temp:33.2
#1320235 10.07.2026 23:24:59 : EVT ANALYTICS : Battery-> 4 soc:98
#1320236 10.07.2026 23:25:01 : EVT UI_FRAMEWORK : JS discard
#1320237 10.07.2026 23:25:01 : WRN LOGGER : Delete b:logs/6A5162BE
#1320238 10.07.2026 23:25:03 : EVT WBSTORAGE : CACHE_DEFRAG (1000->1008, 24->24, 25)
#1320239 10.07.2026 23:25:03 : EVT APPLICATION : Zapp zwc05901:Load script
#1320240 10.07.2026 23:25:03 : EVT APPLICATION : Zapp zwc05901:Enable
#1320241 10.07.2026 23:25:03 : EVT ANALYTICS : Zapp enabled i:3 h:ddb248f2 n:zwc05901 v:124f
#1320242 10.07.2026 23:25:03 : WRN WBAPI : eID-691468(277): /Weather/Current/ValidWeatherData.temp 
#1320243 10.07.2026 23:25:23 : EVT OHR : No HR update, invalidate by timer
#1320244 10.07.2026 23:25:23 : EVT OHR : new HR update
#1320245 10.07.2026 23:26:57 : WRN <Unknown> : 1783718817429:Device stationary, stopping optical meas
#1320246 10.07.2026 23:26:57 : EVT <Unknown> : 1783718817429:SCD DET STATE OFF cnt:0/0.
#1320247 10.07.2026 23:27:02 : EVT OHR : No HR update, invalidate by timer
#1320248 10.07.2026 23:28:34 : EVT <Unknown> : 1783718914584:xiaomi reset t:335034118/237880401.
#1320249 10.07.2026 23:28:34 : EVT <Unknown> : 1783718914584:On Skin Set.
#1320250 10.07.2026 23:28:38 : ERR <Unknown> : 1783718918597:Mi invalid call:100,code:0.
#1320251 10.07.2026 23:28:40 : EVT <Unknown> : 1783718920857:Off Skin Set.
#1320252 10.07.2026 23:28:43 : EVT PMIC : VBUS state is ON
#1320253 10.07.2026 23:28:43 : EVT PMIC : chgCntl1:0x70
#1320254 10.07.2026 23:28:43 : EVT PMIC : check chgCntl1:0x74
#1320255 10.07.2026 23:28:43 : EVT PMIC : Turn charge ON since VBUS->ON
#1320256 10.07.2026 23:28:43 : EVT PMIC : PMIC temp zone:0x2
#1320257 10.07.2026 23:28:43 : EVT PMIC : PMIC Fast-charge constant cur
#1320258 10.07.2026 23:28:43 : EVT OHR : VBUS on
#1320259 10.07.2026 23:28:43 : EVT OHR : S:stop 23
#1320260 10.07.2026 23:28:43 : EVT <Unknown> : 1783718923294:Meas stop 0x2123
#1320261 10.07.2026 23:28:43 : EVT PMIC : PMIC Fast-charge constant voltage
#1320262 10.07.2026 23:28:43 : WRN <Unknown> : 1783718923294:FSM EVT STOP.
#1320263 10.07.2026 23:28:43 : EVT OHR : S:OFF 1->0
#1320264 10.07.2026 23:28:43 : EVT PMIC : VBUS state is ON
#1320265 10.07.2026 23:28:43 : EVT PMIC : PMIC Fast-charge constant cur
#1320266 10.07.2026 23:28:43 : EVT PMIC : PMIC Fast-charge constant voltage
#1320267 10.07.2026 23:28:47 : TRC FUEL_GAUGE : Chg->1,B:5,C:28.0,V:4420,U:1,bF:98%,bC:98%
#1320268 10.07.2026 23:28:47 : EVT ANALYTICS : Battery-> 2 soc:98
#1320269 10.07.2026 23:28:49 : EVT WBCOMM : P-9 connection made to ECSD00000000
#1320270 10.07.2026 23:28:49 : EVT WBCOMM : New Route: ECSD00000000
#1320271 10.07.2026 23:28:53 : ERR WBMAIN : *0: app 921 Event 36 80005310
#1320272 10.07.2026 23:28:53 : ERR WBMAIN : 1: mea 17 Wait 0 00000000
#1320273 10.07.2026 23:28:53 : ERR WBMAIN : 2: ui 50 Wait 0 00000000
#1320274 10.07.2026 23:28:54 : EVT ANALYTICS : Sync start
#1320275 10.07.2026 23:28:54 : EVT ANALYTICS : Sync start

